ch0,ch1,ch2,ch3,ch4,ch5,ch6,ch7
-12938.939999999999,-12325.32,-24084.09,-6978.42,708.885,-29495.565,-11469.105,-3779.595
-12921.525,-12305.34,-24056.954999999998,-6949.349999999999,726.2099999999999,-29463.344999999998,-11415.33,-3762.6299999999997
-12896.955,-12276.63,-24019.11,-6876.945,763.6949999999999,-29425.905,-11364.705,-3737.3849999999998
-12886.47,-12260.88,-24006.195,-6869.7,774.135,-29432.655,-11375.91,-3730.545
-12894.255,-12268.664999999999,-24022.395,-6933.78,754.02,-29459.7,-11418.164999999999,-3742.47
-12909.015,-12290.039999999999,-24050.79,-6997.545,725.85,-29480.985,-11444.715,-3754.5299999999997
-12926.025,-12310.064999999999,-24058.62,-7005.69,710.4599999999999,-29484.855,-11441.925,-3764.0249999999996
-12922.38,-12305.025,-24047.82,-6948.45,732.42,-29456.774999999998,-11408.715,-3759.39
-12921.57,-12312.81,-24069.149999999998,-6899.264999999999,746.595,-29449.664999999997,-11398.77,-3751.245
-12915.945,-12300.84,-24049.44,-6882.389999999999,741.6,-29461.004999999997,-11413.35,-3751.245
-12922.965,-12302.955,-24041.07,-6915.554999999999,724.905,-29475.495,-11436.84,-3761.595
-12917.654999999999,-12302.234999999999,-24048.899999999998,-6955.065,726.12,-29473.739999999998,-11442.645,-3759.435
-12900.689999999999,-12283.695,-24052.77,-6950.925,743.625,-29468.295,-11446.695,-3749.94
-12894.3,-12273.84,-24040.17,-6923.7,748.98,-29472.254999999997,-11443.994999999999,-3741.795
-12892.365,-12275.369999999999,-24038.73,-6913.485,737.865,-29486.295,-11449.529999999999,-3735.225
-12907.98,-12283.47,-24029.954999999998,-6895.53,733.41,-29489.175,-11445.705,-3745.62
-12932.82,-12314.97,-24058.844999999998,-6925.32,730.935,-29468.295,-11407.725,-3754.98
-12930.074999999999,-12316.725,-24082.245,-7006.365,721.395,-29464.695,-11408.58,-3760.47
-12909.06,-12295.529999999999,-24074.73,-7030.755,729.135,-29456.82,-11411.595,-3746.295
-12909.6,-12298.365,-24087.059999999998,-7063.469999999999,725.4,-29459.204999999998,-11420.055,-3746.205
-12909.644999999999,-12299.76,-24088.364999999998,-7026.795,723.6899999999999,-29467.89,-11434.005,-3749.31
-12895.74,-12278.744999999999,-24049.71,-6931.3949999999995,739.935,-29478.42,-11464.83,-3744.6749999999997
-12891.015,-12265.92,-24010.425,-6834.105,753.0749999999999,-29486.969999999998,-11486.88,-3746.3849999999998
-12887.234999999999,-12258.225,-23980.59,-6795.719999999999,767.2049999999999,-29474.55,-11456.82,-3743.055
-12893.535,-12267.945,-24001.92,-6864.255,761.5799999999999,-29456.55,-11389.095,-3735.1349999999998
-12916.755,-12297.914999999999,-24047.415,-6904.8,742.905,-29462.219999999998,-11386.08,-3749.625
-12918.465,-12300.164999999999,-24054.39,-6885.2699999999995,742.275,-29475.495,-11436.795,-3761.955
-12911.939999999999,-12288.645,-24036.434999999998,-6873.255,746.55,-29482.2,-11469.33,-3764.6549999999997
-12900.6,-12276.045,-24016.815,-6877.575,760.86,-29456.594999999998,-11443.5,-3754.2599999999998
-12897.855,-12271.68,-24014.565,-6886.08,760.005,-29455.739999999998,-11444.49,-3756.555
-12923.55,-12299.715,-24036.39,-6916.545,730.035,-29483.864999999998,-11449.529999999999,-3771.6749999999997
-12942.585,-12326.535,-24078.015,-6960.195,702.135,-29510.145,-11463.615,-3783.285
-12937.545,-12325.23,-24084.719999999998,-6974.37,703.53,-29509.199999999997,-11456.145,-3769.29
-12927.15,-12316.365,-24077.34,-6968.07,708.345,-29508.795,-11449.619999999999,-3758.895
-12914.775,-12303.63,-24060.465,-6940.3949999999995,721.485,-29502.809999999998,-11442.869999999999,-3749.535
-12905.82,-12284.505,-24031.53,-6901.785,738.405,-29493.539999999997,-11452.185,-3750.165
-12913.695,-12292.695,-24042.825,-6918.57,729.63,-29501.594999999998,-11471.49,-3754.305
-12920.445,-12297.24,-24048.09,-6943.005,724.365,-29497.14,-11483.279999999999,-3768.75
-12915.765,-12296.295,-24059.204999999998,-6970.5,725.76,-29482.92,-11448.045,-3766.3199999999997
-12907.35,-12296.115,-24065.504999999997,-6975.764999999999,729.36,-29463.84,-11388.734999999999,-3743.19
-12899.115,-12284.55,-24047.64,-6938.955,745.11,-29444.805,-11372.13,-3738.24
-12904.605,-12286.26,-24039.899999999998,-6899.94,758.6999999999999,-29431.62,-11372.31,-3744.81
-12922.965,-12309.615,-24064.29,-6954.03,730.845,-29460.645,-11397.33,-3755.43
-12929.715,-12328.199999999999,-24107.805,-7032.69,695.475,-29491.289999999997,-11420.505,-3754.665
-12928.365,-12322.08,-24106.905,-7029.179999999999,707.4449999999999,-29491.065,-11435.49,-3757.185
-12927.914999999999,-12321.314999999999,-24100.695,-7000.425,730.845,-29474.594999999998,-11431.664999999999,-3758.3999999999996
-12922.38,-12312.225,-24082.695,-6954.48,741.375,-29461.274999999998,-11423.34,-3762.495
-12910.185,-12282.345,-24027.434999999998,-6943.23,745.425,-29445.57,-11412.81,-3761.64
-12895.965,-12268.664999999999,-24015.6,-6912.945,746.91,-29448.495,-11410.965,-3749.625
-12872.925,-12242.115,-23997.555,-6862.95,782.01,-29429.82,-11405.564999999999,-3731.67
-12878.955,-12243.914999999999,-23982.84,-6842.745,778.5,-29442.465,-11436.48,-3739.5899999999997
-12899.25,-12271.365,-24021.18,-6901.965,752.805,-29465.55,-11460.645,-3753.765
-12928.23,-12318.48,-24088.184999999998,-6982.695,706.365,-29504.16,-11466.225,-3763.125
-12949.38,-12343.365,-24119.415,-7033.995,677.2049999999999,-29512.89,-11452.185,-3773.97
-12945.105,-12339.314999999999,-24106.68,-7010.82,706.725,-29484.315,-11439.0,-3770.73
-12929.715,-12321.63,-24074.37,-6965.865,718.8299999999999,-29476.215,-11432.295,-3761.46
-12915.63,-12303.449999999999,-24073.559999999998,-6996.375,714.555,-29479.23,-11431.439999999999,-3754.7549999999997
-12912.48,-12300.029999999999,-24079.23,-7003.035,720.9449999999999,-29462.039999999997,-11418.615,-3753.4049999999997
-12904.92,-12283.154999999999,-24051.915,-6942.15,738.135,-29462.715,-11438.145,-3757.8599999999997
-12916.529999999999,-12289.59,-24017.04,-6824.25,765.765,-29462.715,-11458.755,-3765.555
-12922.019999999999,-12299.805,-24028.515,-6864.84,733.8149999999999,-29484.719999999998,-11489.22,-3768.615
-12920.535,-12303.765,-24060.015,-6937.83,719.865,-29497.68,-11505.96,-3770.415
-12923.189999999999,-12308.984999999999,-24086.25,-7002.045,714.06,-29480.895,-11478.105,-3774.7799999999997
-12913.109999999999,-12293.234999999999,-24059.114999999998,-6983.639999999999,728.145,-29448.045,-11421.449999999999,-3764.43
-12898.125,-12275.055,-24021.09,-6904.08,754.605,-29430.09,-11402.505,-3746.0699999999997
-12909.96,-12289.455,-24024.87,-6851.79,760.365,-29437.739999999998,-11409.39,-3745.575
-12913.92,-12297.42,-24033.239999999998,-6882.3,745.92,-29456.145,-11416.05,-3733.47
-12913.154999999999,-12293.64,-24033.465,-6909.84,737.37,-29459.789999999997,-11447.414999999999,-3741.93
-12904.109999999999,-12279.24,-24024.78,-6898.545,749.43,-29448.27,-11456.279999999999,-3749.3999999999996
-12898.484999999999,-12269.205,-24014.879999999997,-6874.11,761.9399999999999,-29429.28,-11430.72,-3754.665
-12900.869999999999,-12271.545,-24019.649999999998,-6888.509999999999,771.345,-29411.64,-11400.705,-3757.6349999999998
-12892.23,-12264.615,-24018.795,-6914.07,777.285,-29401.065,-11379.96,-3743.055
-12884.039999999999,-12253.41,-24008.355,-6907.679999999999,770.355,-29413.17,-11413.98,-3744.0899999999997
-12878.01,-12245.445,-23999.579999999998,-6887.925,777.6,-29414.655,-11432.744999999999,-3739.995
-12860.234999999999,-12227.445,-23982.254999999997,-6866.505,803.52,-29394.809999999998,-11404.395,-3712.41
-12882.105,-12254.939999999999,-24012.54,-6911.054999999999,759.9599999999999,-29448.809999999998,-11446.515,-3727.305
-12909.465,-12286.755,-24040.754999999997,-6926.535,712.53,-29510.504999999997,-11531.97,-3765.24
-12936.24,-12313.845,-24062.895,-6927.615,695.16,-29540.43,-11578.32,-3799.035
-12949.47,-12327.975,-24075.135,-6942.735,705.15,-29500.245,-11512.755,-3801.015
-12961.98,-12352.23,-24104.79,-6982.65,674.595,-29481.75,-11423.97,-3777.345
-12962.25,-12353.715,-24110.145,-6993.224999999999,666.9,-29494.71,-11432.34,-3776.085
-12937.185,-12317.085,-24069.42,-6950.025,709.155,-29460.329999999998,-11396.475,-3766.9049999999997
-12916.394999999999,-12291.029999999999,-24043.23,-6923.07,728.9549999999999,-29447.28,-11376.045,-3755.565
-12927.689999999999,-12308.715,-24060.465,-6936.705,724.77,-29459.114999999998,-11376.765,-3752.73
-12926.115,-12304.305,-24054.614999999998,-6929.415,743.4,-29448.855,-11428.515,-3758.265
-12923.73,-12298.275,-24052.23,-6943.815,725.985,-29480.129999999997,-11526.705,-3772.5299999999997
-12929.894999999999,-12306.105,-24072.48,-6991.605,690.2099999999999,-29518.469999999998,-11570.58,-3783.33
-12915.09,-12289.68,-24055.695,-6969.6449999999995,719.055,-29487.6,-11509.154999999999,-3764.43
-12911.76,-12286.484999999999,-24044.715,-6940.259999999999,746.73,-29434.32,-11407.365,-3749.49
-12930.255,-12309.48,-24054.344999999998,-6908.715,751.77,-29391.164999999997,-11328.435,-3754.17
-12917.97,-12295.08,-24039.54,-6901.92,766.98,-29387.789999999997,-11335.859999999999,-3750.0299999999997
-12904.154999999999,-12277.35,-24030.315,-6918.03,770.175,-29407.364999999998,-11376.945,-3743.37
-12912.119999999999,-12287.205,-24045.93,-6950.295,754.11,-29425.23,-11400.615,-3749.805
-12921.255,-12301.785,-24065.864999999998,-6987.69,742.545,-29431.844999999998,-11406.914999999999,-3755.3849999999998
-12918.24,-12303.99,-24089.445,-7045.695,719.37,-29453.309999999998,-11420.1,-3753.81
-12915.404999999999,-12307.994999999999,-24102.18,-7024.95,708.75,-29468.204999999998,-11425.275,-3749.1299999999997
-12911.49,-12297.96,-24068.565,-6925.139999999999,720.5849999999999,-29468.745,-11428.74,-3746.97
-12911.445,-12297.645,-24048.405,-6905.88,720.045,-29467.89,-11431.8,-3746.97
-12914.73,-12294.045,-24037.155,-6934.365,724.725,-29462.489999999998,-11436.345,-3753.0899999999997
-12913.199999999999,-12287.789999999999,-24051.735,-6967.215,720.18,-29460.239999999998,-11436.795,-3754.89
-12916.664999999999,-12294.855,-24064.469999999998,-6969.69,734.355,-29458.844999999998,-11439.765,-3755.9249999999997
-12915.09,-12295.215,-24060.87,-6968.5199999999995,750.6899999999999,-29460.239999999998,-11441.744999999999,-3753.27
-12917.295,-12299.715,-24079.004999999997,-7013.79,738.63,-29472.03,-11448.765,-3752.5499999999997
-12923.234999999999,-12300.345,-24065.954999999998,-6948.8099999999995,765.72,-29483.1,-11462.49,-3759.5699999999997
-12929.76,-12305.34,-24051.195,-6861.33,785.295,-29479.14,-11463.66,-3766.545
-12927.914999999999,-12306.285,-24051.105,-6870.33,745.3349999999999,-29475.539999999997,-11449.529999999999,-3764.295
-12916.98,-12295.98,-24050.79,-6922.665,708.7049999999999,-29462.355,-11431.619999999999,-3754.7999999999997
-12912.57,-12284.955,-24030.45,-6906.24,739.17,-29447.82,-11429.64,-3753.9449999999997
-12908.925,-12278.97,-24018.12,-6877.755,763.245,-29444.715,-11433.375,-3751.47
-12911.805,-12287.52,-24026.355,-6880.545,746.595,-29449.53,-11428.515,-3749.31
-12910.635,-12290.895,-24033.195,-6897.33,741.105,-29450.43,-11433.779999999999,-3749.1299999999997
-12910.41,-12282.435,-24018.12,-6888.42,737.9549999999999,-29452.95,-11444.22,-3751.83
-12911.984999999999,-12280.23,-24016.995,-6892.695,737.505,-29457.315,-11445.39,-3751.875
-12917.654999999999,-12292.65,-24036.075,-6912.585,730.4399999999999,-29465.414999999997,-11445.66,-3751.56
-12917.07,-12294.27,-24041.07,-6921.719999999999,725.49,-29465.19,-11439.81,-3747.7799999999997
-12912.345,-12287.699999999999,-24036.57,-6921.315,728.865,-29463.03,-11453.039999999999,-3753.18
-12913.695,-12288.914999999999,-24043.815,-6939.675,736.8299999999999,-29455.559999999998,-11460.33,-3760.02
-12912.75,-12288.914999999999,-24057.09,-6986.384999999999,725.985,-29453.039999999997,-11451.51,-3756.555
-12919.32,-12299.265,-24072.3,-7025.355,703.125,-29468.565,-11458.98,-3759.8849999999998
-12931.965,-12312.72,-24074.19,-6996.33,692.595,-29482.829999999998,-11478.015,-3773.0699999999997
-12927.689999999999,-12302.685,-24052.364999999998,-6934.5,715.68,-29474.864999999998,-11493.404999999999,-3775.095
-12921.345,-12292.244999999999,-24028.605,-6870.014999999999,732.1949999999999,-29475.0,-11490.57,-3769.47
-12914.64,-12289.5,-24024.195,-6881.264999999999,734.535,-29464.425,-11445.885,-3748.725
-12910.904999999999,-12289.59,-24038.594999999998,-6914.5199999999995,731.16,-29467.8,-11442.105,-3745.89
-12908.97,-12286.755,-24041.79,-6938.594999999999,730.89,-29471.579999999998,-11454.93,-3751.335
-12908.295,-12287.34,-24047.37,-6959.925,724.86,-29477.204999999998,-11451.914999999999,-3752.5049999999997
-12905.955,-12286.845,-24046.02,-6946.29,729.18,-29465.864999999998,-11410.875,-3740.7599999999998
-12889.529999999999,-12268.08,-24014.25,-6896.925,743.625,-29446.425,-11404.17,-3726.1349999999998
-12878.955,-12255.705,-23990.129999999997,-6895.17,753.0749999999999,-29417.175,-11392.83,-3717.855
-12893.715,-12275.189999999999,-24033.239999999998,-6957.179999999999,741.915,-29446.695,-11409.705,-3732.39
-12909.779999999999,-12291.39,-24061.635,-6983.775,723.6899999999999,-29466.36,-11437.605,-3753.0
-12929.625,-12307.59,-24069.645,-6945.974999999999,712.665,-29490.93,-11474.64,-3778.02
-12938.039999999999,-12312.63,-24059.655,-6896.205,715.3199999999999,-29502.539999999997,-11487.779999999999,-3791.25
-12933.9,-12310.74,-24053.445,-6906.554999999999,721.665,-29489.355,-11450.07,-3775.68
-12924.99,-12306.914999999999,-24054.66,-6930.585,719.37,-29481.03,-11404.215,-3752.595
-12922.199999999999,-12307.635,-24071.219999999998,-6975.45,704.745,-29493.989999999998,-11421.9,-3754.35
-12920.13,-12306.869999999999,-24088.59,-7016.804999999999,703.62,-29494.934999999998,-11436.975,-3757.68
-12915.269999999999,-12305.52,-24102.54,-7037.91,709.38,-29487.195,-11436.21,-3753.855
-12917.295,-12306.779999999999,-24088.545,-6999.03,716.67,-29484.989999999998,-11437.605,-3755.79
-12919.949999999999,-12309.119999999999,-24070.32,-6944.985,710.73,-29494.305,-11444.265,-3758.1749999999997
-12916.08,-12299.175,-24049.215,-6903.0,718.38,-29496.645,-11445.66,-3755.475
-12916.89,-12287.88,-24024.915,-6877.665,738.18,-29491.155,-11445.615,-3759.705
-12912.525,-12286.935,-24030.405,-6893.82,732.06,-29496.105,-11445.435,-3754.44
-12912.795,-12285.449999999999,-24024.555,-6897.014999999999,720.855,-29507.805,-11454.48,-3756.1949999999997
-12907.935,-12281.805,-24023.835,-6898.7699999999995,719.37,-29505.329999999998,-11452.859999999999,-3752.37
-12914.505,-12293.189999999999,-24053.489999999998,-6927.795,725.895,-29503.8,-11451.42,-3756.645
-12913.154999999999,-12295.035,-24064.379999999997,-6958.62,722.925,-29495.969999999998,-11446.199999999999,-3753.495
-12915.494999999999,-12304.035,-24076.395,-6968.88,709.1999999999999,-29502.315,-11451.15,-3754.2149999999997
-12919.32,-12303.09,-24059.879999999997,-6943.455,705.555,-29508.795,-11460.06,-3759.75
-12919.005,-12293.01,-24022.079999999998,-6889.545,734.22,-29488.05,-11451.24,-3759.93
-12916.305,-12294.27,-24031.844999999998,-6901.65,733.23,-29487.555,-11449.395,-3755.6549999999997
-12913.425,-12293.505,-24050.43,-6930.179999999999,737.28,-29480.67,-11446.605,-3753.045
-12909.555,-12286.35,-24054.48,-6975.719999999999,727.65,-29487.105,-11444.67,-3750.2549999999997
-12914.055,-12295.035,-24067.305,-7005.15,708.975,-29503.844999999998,-11452.095,-3751.83
-12918.195,-12300.3,-24073.605,-6998.94,709.38,-29507.265,-11456.369999999999,-3753.27
-12921.885,-12304.619999999999,-24065.055,-6939.405,726.885,-29497.5,-11458.305,-3757.23
-12920.715,-12303.494999999999,-24060.6,-6942.825,718.29,-29505.645,-11477.925,-3760.47
-12925.89,-12303.945,-24062.76,-6945.4349999999995,715.545,-29508.344999999998,-11499.48,-3768.5699999999997
-12928.455,-12304.529999999999,-24064.335,-6965.82,706.8149999999999,-29516.129999999997,-11509.244999999999,-3776.265
-12919.904999999999,-12295.17,-24057.855,-6964.245,710.595,-29507.67,-11485.664999999999,-3771.495
-12913.199999999999,-12288.779999999999,-24043.364999999998,-6912.224999999999,727.29,-29483.684999999998,-11452.904999999999,-3760.245
-12915.269999999999,-12292.605,-24039.719999999998,-6902.415,718.1999999999999,-29493.629999999997,-11446.425,-3753.27
-12914.91,-12292.65,-24038.28,-6905.205,726.7049999999999,-29506.725,-11469.555,-3754.395
-12912.57,-12292.335,-24047.1,-6914.07,734.895,-29503.395,-11474.46,-3752.2799999999997
-12917.609999999999,-12299.039999999999,-24057.765,-6925.59,708.255,-29503.664999999997,-11450.789999999999,-3751.83
-12910.904999999999,-12287.115,-24041.07,-6908.58,733.005,-29474.73,-11422.89,-3748.815
-12912.705,-12285.404999999999,-24040.17,-6921.134999999999,728.73,-29488.094999999998,-11462.76,-3756.7799999999997
-12924.855,-12301.335,-24057.719999999998,-6937.695,702.9,-29521.395,-11517.39,-3770.5049999999997
-12929.265,-12307.77,-24060.195,-6944.355,696.1949999999999,-29530.53,-11533.77,-3773.9249999999997
-12922.47,-12305.34,-24062.76,-6966.8099999999995,702.0899999999999,-29511.315,-11485.755,-3759.39
-12893.22,-12273.164999999999,-24032.295,-6934.7699999999995,744.0749999999999,-29458.215,-11407.725,-3727.935
-12881.88,-12257.91,-24013.89,-6899.804999999999,760.5,-29439.809999999998,-11385.945,-3718.7549999999997
-12888.404999999999,-12262.59,-24009.344999999998,-6881.58,754.605,-29451.69,-11417.085,-3731.4449999999997
-12908.295,-12285.494999999999,-24044.219999999998,-6936.795,727.425,-29486.789999999997,-11461.14,-3752.685
-12921.164999999999,-12301.56,-24076.71,-6977.474999999999,708.795,-29509.155,-11481.3,-3762.315
-12933.99,-12314.789999999999,-24087.329999999998,-6993.764999999999,693.405,-29530.17,-11516.445,-3776.22
-12927.555,-12308.805,-24082.29,-7007.8949999999995,697.23,-29530.485,-11529.225,-3776.04
-12917.385,-12296.699999999999,-24071.805,-6998.49,700.1999999999999,-29526.93,-11515.814999999999,-3769.9649999999997
-12928.095,-12308.039999999999,-24074.864999999998,-6953.219999999999,711.765,-29506.05,-11468.97,-3771.225
-12937.005,-12316.14,-24059.745,-6898.59,724.3199999999999,-29475.225,-11406.869999999999,-3765.87
-12930.615,-12308.31,-24042.195,-6884.505,732.15,-29472.344999999998,-11401.154999999999,-3753.315
-12925.619999999999,-12302.55,-24037.965,-6890.67,736.29,-29478.329999999998,-11422.89,-3752.5499999999997
-12932.189999999999,-12311.685,-24055.29,-6918.795,726.435,-29489.67,-11438.055,-3759.8399999999997
-12929.039999999999,-12308.445,-24059.655,-6934.679999999999,723.555,-29492.954999999998,-11438.82,-3759.21
-12917.385,-12298.095,-24058.8,-6940.53,720.27,-29499.03,-11446.47,-3754.5299999999997
-12912.66,-12294.494999999999,-24058.44,-6942.78,718.38,-29499.885,-11449.98,-3753.585
-12914.189999999999,-12296.295,-24056.954999999998,-6949.62,717.48,-29497.094999999998,-11447.414999999999,-3752.5499999999997
-12919.095,-12298.23,-24058.53,-6961.23,717.165,-29497.184999999998,-11453.445,-3758.4449999999997
-12919.095,-12297.195,-24055.965,-6961.1849999999995,716.13,-29497.59,-11459.115,-3757.9049999999997
-12919.59,-12299.715,-24059.34,-6949.485,721.17,-29491.649999999998,-11457.539999999999,-3757.77
-12921.345,-12300.119999999999,-24049.754999999997,-6916.455,728.8199999999999,-29486.475,-11454.93,-3760.335
-12922.65,-12304.89,-24054.704999999998,-6922.62,724.14,-29497.14,-11462.445,-3760.9649999999997
-12918.105,-12304.845,-24077.655,-6960.6449999999995,711.27,-29509.875,-11469.375,-3757.68
-12913.289999999999,-12291.93,-24062.219999999998,-6987.285,710.1,-29511.36,-11470.005,-3757.14
-12911.49,-12283.289999999999,-24050.25,-6992.235,732.06,-29488.905,-11457.9,-3756.015
-12916.89,-12292.244999999999,-24062.445,-6993.585,728.8199999999999,-29490.93,-11459.744999999999,-3758.625
-12924.945,-12307.68,-24080.04,-6999.525,705.06,-29510.1,-11482.064999999999,-3764.565
-12926.115,-12307.005,-24076.665,-6999.03,707.76,-29508.795,-11493.855,-3768.5249999999996
-12930.119999999999,-12308.715,-24077.475,-6981.255,710.8199999999999,-29509.11,-11504.475,-3774.375
-12923.144999999999,-12298.59,-24051.87,-6909.705,724.095,-29494.89,-11480.58,-3766.5899999999997
-12915.9,-12289.275,-24031.98,-6872.445,741.285,-29477.204999999998,-11451.51,-3759.0299999999997
-12910.725,-12293.055,-24045.12,-6931.889999999999,732.285,-29477.879999999997,-11433.06,-3748.23
-12908.789999999999,-12298.32,-24069.69,-7017.705,717.12,-29487.149999999998,-11433.105,-3741.5699999999997
-12913.109999999999,-12292.695,-24065.145,-7036.38,721.935,-29484.045,-11441.789999999999,-3749.535
-12912.795,-12286.664999999999,-24043.094999999998,-6966.045,728.01,-29482.739999999998,-11450.97,-3755.79
-12917.115,-12293.82,-24038.73,-6895.53,724.725,-29497.545,-11472.84,-3762.765
-12919.095,-12295.755,-24040.934999999998,-6849.675,727.1999999999999,-29497.77,-11482.695,-3765.1949999999997
-12918.96,-12291.57,-24034.41,-6866.55,740.43,-29487.6,-11482.695,-3769.2
-12916.125,-12284.73,-24020.864999999998,-6873.974999999999,747.36,-29477.745,-11472.615,-3764.3399999999997
-12918.6,-12293.64,-24038.64,-6905.79,727.11,-29495.16,-11473.064999999999,-3751.515
-12930.525,-12310.425,-24065.46,-6944.355,690.885,-29536.649999999998,-11533.32,-3766.77
-12936.24,-12316.77,-24072.03,-6951.195,681.885,-29550.285,-11568.869999999999,-3781.71
-12926.97,-12301.47,-24049.934999999998,-6931.53,706.995,-29517.12,-11524.275,-3781.2599999999998
-12904.244999999999,-12274.02,-24024.465,-6909.255,751.365,-29460.375,-11417.715,-3752.0099999999998
-12883.23,-12258.359999999999,-24021.0,-6905.61,774.0899999999999,-29432.385,-11353.095,-3714.5249999999996
-12893.58,-12269.97,-24031.035,-6933.285,743.22,-29466.09,-11405.43,-3728.16
-12904.289999999999,-12280.904999999999,-24042.105,-6954.57,732.42,-29480.355,-11446.47,-3744.585
-12907.664999999999,-12278.699999999999,-24042.78,-6934.7699999999995,736.3349999999999,-29484.315,-11463.75,-3751.92
-12910.32,-12285.09,-24054.48,-6942.014999999999,728.55,-29488.454999999998,-11471.265,-3755.9249999999997
-12917.295,-12293.414999999999,-24049.844999999998,-6923.7,724.41,-29494.35,-11482.47,-3759.615
-12927.689999999999,-12301.064999999999,-24050.79,-6928.469999999999,711.9449999999999,-29511.405,-11505.779999999999,-3771.3599999999997
-12933.63,-12308.22,-24057.09,-6929.82,707.04,-29512.8,-11499.885,-3775.365
-12934.619999999999,-12313.035,-24063.254999999997,-6937.38,709.02,-29504.34,-11465.865,-3767.58
-12924.99,-12305.564999999999,-24063.12,-6937.965,717.255,-29493.989999999998,-11442.824999999999,-3753.99
-12911.76,-12287.205,-24048.315,-6925.545,731.295,-29483.414999999997,-11444.85,-3751.92
-12907.035,-12277.935,-24036.57,-6917.535,740.025,-29475.18,-11439.99,-3750.66
-12902.715,-12272.265,-24029.01,-6910.11,744.255,-29476.98,-11452.23,-3748.23
-12900.555,-12270.779999999999,-24025.905,-6908.355,743.31,-29484.989999999998,-11482.38,-3754.08
-12894.029999999999,-12263.039999999999,-24021.315,-6909.84,737.505,-29497.815,-11508.435,-3755.6549999999997
-12897.404999999999,-12264.39,-24023.879999999997,-6915.69,731.43,-29500.875,-11509.74,-3757.6349999999998
-12912.345,-12282.705,-24038.415,-6921.09,735.255,-29487.015,-11481.48,-3757.77
-12924.449999999999,-12301.65,-24056.28,-6937.695,720.045,-29497.905,-11475.945,-3757.5
-12927.375,-12307.77,-24068.34,-6956.37,698.805,-29526.704999999998,-11508.93,-3764.205
-12932.505,-12313.26,-24084.135,-6990.165,697.005,-29521.754999999997,-11499.029999999999,-3772.305
-12935.07,-12326.805,-24129.585,-7096.724999999999,690.12,-29499.614999999998,-11440.17,-3764.8799999999997
-12932.685,-12321.045,-24141.465,-7149.599999999999,676.7099999999999,-29497.32,-11425.41,-3765.915
-12928.59,-12310.289999999999,-24108.39,-7062.255,691.6949999999999,-29492.954999999998,-11428.244999999999,-3759.12
-12938.039999999999,-12318.615,-24065.28,-6895.125,714.645,-29493.675,-11440.215,-3765.825
-12931.515,-12306.645,-24023.925,-6814.125,747.63,-29478.87,-11433.689999999999,-3761.91
-12924.494999999999,-12305.789999999999,-24051.329999999998,-6930.495,724.995,-29487.015,-11440.395,-3754.7549999999997
-12915.449999999999,-12300.84,-24070.77,-7000.469999999999,715.005,-29489.039999999997,-11445.119999999999,-3750.0299999999997
-12905.414999999999,-12281.49,-24054.344999999998,-6986.655,724.4549999999999,-29483.37,-11446.154999999999,-3748.0499999999997
-12908.07,-12277.17,-24035.579999999998,-6902.1449999999995,743.4,-29481.344999999998,-11452.994999999999,-3752.19
-12919.23,-12287.115,-24016.905,-6836.49,746.37,-29491.515,-11466.09,-3760.065
-12925.755,-12298.949999999999,-24038.055,-6890.58,714.42,-29517.66,-11482.56,-3765.06
-12927.914999999999,-12302.055,-24059.655,-6959.5199999999995,705.3299999999999,-29510.235,-11470.32,-3765.24
-12928.365,-12302.234999999999,-24064.469999999998,-6986.115,719.37,-29492.91,-11456.82,-3763.08
-12924.18,-12305.88,-24095.925,-7040.34,707.13,-29502.899999999998,-11463.48,-3757.3199999999997
-12922.965,-12303.404999999999,-24089.94,-7018.785,701.55,-29505.42,-11465.369999999999,-3755.8799999999997
-12922.515,-12300.255,-24062.805,-6964.29,700.3349999999999,-29506.094999999998,-11469.689999999999,-3757.77
-12927.824999999999,-12308.805,-24062.175,-6896.925,713.52,-29503.035,-11469.869999999999,-3762.0899999999997
-12926.07,-12299.039999999999,-24048.405,-6884.73,742.185,-29488.004999999997,-11463.84,-3766.365
-12922.109999999999,-12284.279999999999,-24037.29,-6911.639999999999,740.16,-29491.289999999997,-11466.359999999999,-3766.815
-12926.07,-12295.395,-24062.805,-6969.735,715.995,-29502.719999999998,-11474.91,-3768.93
-12931.875,-12307.095,-24080.399999999998,-6983.009999999999,705.87,-29506.995,-11483.369999999999,-3771.18
-12933.09,-12310.47,-24092.145,-6960.87,704.745,-29512.215,-11491.289999999999,-3770.595
-12929.445,-12300.795,-24052.68,-6932.474999999999,708.2099999999999,-29525.129999999997,-11504.205,-3770.595
-12936.465,-12303.855,-24034.274999999998,-6885.675,704.295,-29542.725,-11527.695,-3778.1549999999997
-12931.56,-12298.32,-24035.715,-6904.304999999999,714.87,-29532.195,-11521.845,-3772.62
-12918.689999999999,-12287.789999999999,-24040.079999999998,-6920.82,723.555,-29511.585,-11497.904999999999,-3765.825
-12913.965,-12285.314999999999,-24037.245,-6922.08,728.8199999999999,-29491.469999999998,-11450.295,-3756.24
-12918.42,-12290.22,-24043.68,-6911.325,743.31,-29462.67,-11397.555,-3749.67
-12918.779999999999,-12286.484999999999,-24038.28,-6910.514999999999,738.9449999999999,-29480.399999999998,-11438.279999999999,-3756.4649999999997
-12920.805,-12286.8,-24044.129999999997,-6933.69,720.405,-29512.485,-11498.22,-3767.4449999999997
-12920.805,-12287.97,-24052.905,-6953.219999999999,703.98,-29534.67,-11529.359999999999,-3772.5299999999997
-12916.439999999999,-12288.24,-24051.69,-6947.1449999999995,704.745,-29531.655,-11521.935,-3767.58
-12911.49,-12284.82,-24039.27,-6919.695,727.9649999999999,-29489.67,-11458.215,-3753.27
-12905.82,-12272.265,-24020.82,-6894.315,756.27,-29453.309999999998,-11426.805,-3751.9649999999997
-12891.869999999999,-12252.779999999999,-24004.89,-6886.665,766.395,-29455.739999999998,-11454.164999999999,-3751.515
-12885.75,-12251.34,-24007.094999999998,-6891.84,760.095,-29463.344999999998,-11454.57,-3737.745
-12894.84,-12266.279999999999,-24022.934999999998,-6907.95,745.8299999999999,-29472.704999999998,-11440.215,-3732.435
-12907.17,-12280.635,-24037.965,-6922.665,734.4449999999999,-29480.445,-11442.51,-3743.73
-12921.84,-12298.005,-24057.989999999998,-6943.23,716.9399999999999,-29495.204999999998,-11443.365,-3754.17
-12909.24,-12280.23,-24041.7,-6931.125,728.9549999999999,-29485.305,-11440.529999999999,-3757.14
-12892.095,-12256.064999999999,-24013.53,-6900.255,755.1899999999999,-29474.504999999997,-11454.119999999999,-3753.585
-12894.93,-12257.64,-24011.82,-6897.42,753.885,-29488.004999999997,-11478.15,-3749.535
-12913.965,-12283.109999999999,-24039.945,-6928.11,725.985,-29513.969999999998,-11509.064999999999,-3759.165
-12952.17,-12335.805,-24098.895,-6992.955,678.285,-29527.515,-11483.46,-3771.99
-12956.445,-12347.91,-24116.04,-7019.73,678.735,-29496.105,-11421.63,-3764.43
-12947.984999999999,-12332.789999999999,-24100.245,-7000.29,696.555,-29482.469999999998,-11420.369999999999,-3766.68
-12939.93,-12317.085,-24077.204999999998,-6958.9349999999995,713.2049999999999,-29478.329999999998,-11433.33,-3768.21
-12936.689999999999,-12312.0,-24062.489999999998,-6930.54,716.85,-29484.27,-11443.904999999999,-3766.5899999999997
-12924.539999999999,-12300.074999999999,-24064.11,-6968.25,725.0849999999999,-29479.454999999998,-11440.305,-3758.22
-12910.005,-12286.89,-24064.425,-6996.78,737.505,-29467.215,-11434.14,-3747.915
-12911.939999999999,-12295.845,-24087.87,-7044.165,709.6949999999999,-29488.995,-11455.65,-3750.8399999999997
-12924.539999999999,-12308.085,-24096.375,-7049.969999999999,692.595,-29511.539999999997,-11483.145,-3765.4649999999997
-12938.13,-12311.46,-24072.795,-6997.23,703.53,-29515.05,-11493.63,-3780.0899999999997
-12945.869999999999,-12324.375,-24097.95,-7000.785,693.18,-29509.425,-11473.064999999999,-3778.9649999999997
-12931.92,-12309.525,-24070.05,-6938.594999999999,718.6949999999999,-29479.23,-11440.305,-3762.6299999999997
-12928.904999999999,-12309.93,-24079.274999999998,-6984.719999999999,716.805,-29483.504999999997,-11447.145,-3761.055
-12928.23,-12316.77,-24100.649999999998,-7019.19,682.74,-29512.035,-11466.99,-3758.3999999999996
-12930.615,-12318.705,-24091.2,-6960.42,680.985,-29525.94,-11480.58,-3759.5249999999996
-12932.46,-12302.955,-24056.864999999998,-6894.719999999999,730.98,-29497.004999999997,-11469.015,-3764.0699999999997
-12930.795,-12287.97,-24030.045,-6903.764999999999,733.3199999999999,-29499.84,-11482.38,-3774.06
-12928.365,-12291.164999999999,-24041.969999999998,-6935.264999999999,734.13,-29492.28,-11478.689999999999,-3776.895
-12924.63,-12291.75,-24037.335,-6910.065,742.9499999999999,-29480.94,-11472.119999999999,-3772.5299999999997
-12924.99,-12294.945,-24040.62,-6885.945,738.27,-29481.03,-11471.039999999999,-3769.875
-12920.13,-12285.855,-24023.43,-6867.855,743.22,-29469.825,-11442.779999999999,-3755.9249999999997
-12923.595,-12293.145,-24031.215,-6910.514999999999,732.9599999999999,-29473.605,-11441.52,-3754.62
-12924.9,-12297.24,-24045.614999999998,-6934.545,720.405,-29485.53,-11466.494999999999,-3762.225
-12927.465,-12292.38,-24055.11,-6933.6449999999995,736.3349999999999,-29479.77,-11477.925,-3772.125
-12930.164999999999,-12303.494999999999,-24083.055,-6971.49,727.155,-29484.09,-11477.564999999999,-3773.8799999999997
-12921.255,-12295.125,-24075.719999999998,-6971.58,727.6949999999999,-29477.789999999997,-11456.234999999999,-3759.345
-12916.439999999999,-12284.414999999999,-24051.059999999998,-6959.429999999999,718.65,-29484.0,-11459.205,-3755.205
-12922.064999999999,-12295.845,-24056.28,-6984.45,698.625,-29504.925,-11474.64,-3751.92
-12936.465,-12312.63,-24073.02,-7005.33,700.92,-29513.475,-11497.59,-3765.69
-12932.279999999999,-12308.355,-24080.85,-6974.73,712.035,-29508.614999999998,-11495.07,-3765.1949999999997
-12923.414999999999,-12295.35,-24052.59,-6906.24,736.92,-29481.03,-11454.345,-3755.25
-12905.64,-12269.609999999999,-24010.425,-6848.009999999999,768.42,-29448.629999999997,-11422.619999999999,-3737.7
-12894.164999999999,-12259.305,-24002.864999999998,-6853.455,770.67,-29449.079999999998,-11427.93,-3726.045
-12901.725,-12265.74,-24017.85,-6888.78,755.235,-29464.469999999998,-11457.135,-3743.8199999999997
-12919.005,-12285.449999999999,-24043.95,-6920.775,736.65,-29476.98,-11468.34,-3762.225
-12936.689999999999,-12308.984999999999,-24073.965,-6962.94,712.305,-29498.175,-11481.074999999999,-3772.89
-12943.26,-12318.66,-24089.085,-6994.08,692.1899999999999,-29522.295,-11512.755,-3779.055
-12935.07,-12304.305,-24071.805,-6969.195,712.8,-29514.375,-11526.435,-3780.855
-12925.755,-12290.58,-24049.98,-6928.29,731.385,-29497.094999999998,-11510.189999999999,-3779.37
-12908.699999999999,-12270.779999999999,-24023.52,-6888.014999999999,748.2149999999999,-29478.015,-11480.535,-3764.835
-12903.975,-12267.09,-24023.879999999997,-6900.48,749.52,-29472.48,-11465.414999999999,-3753.0899999999997
-12919.59,-12285.314999999999,-24043.004999999997,-6922.844999999999,738.495,-29472.12,-11458.08,-3761.415
-12916.305,-12284.595,-24043.364999999998,-6922.575,744.5699999999999,-29456.91,-11440.035,-3758.22
-12905.865,-12274.244999999999,-24033.015,-6911.639999999999,758.385,-29435.94,-11403.675,-3747.69
-12908.789999999999,-12274.064999999999,-24032.7,-6911.775,760.68,-29436.614999999998,-11413.574999999999,-3753.54
-12919.005,-12285.135,-24047.864999999998,-6930.495,745.11,-29463.795,-11456.234999999999,-3763.35
-12935.205,-12311.64,-24080.895,-6968.88,713.2049999999999,-29493.675,-11473.109999999999,-3763.125
-12949.695,-12333.914999999999,-24110.01,-7006.815,680.895,-29520.945,-11484.27,-3771.27
-12936.105,-12313.035,-24081.344999999998,-6992.28,700.92,-29491.605,-11449.395,-3762.3599999999997
-12923.01,-12295.619999999999,-24067.215,-6992.82,721.53,-29474.594999999998,-11439.18,-3756.825
-12914.46,-12282.705,-24055.515,-6976.62,739.26,-29468.34,-11464.605,-3760.1549999999997
-12912.84,-12282.345,-24048.629999999997,-6932.429999999999,737.8199999999999,-29473.065,-11479.814999999999,-3754.62
-12914.369999999999,-12286.619999999999,-24049.395,-6917.58,730.485,-29483.414999999997,-11495.789999999999,-3752.865
-12922.47,-12301.74,-24070.725,-6943.139999999999,728.28,-29468.07,-11457.135,-3750.5249999999996
-12938.039999999999,-12320.189999999999,-24092.594999999998,-6989.58,700.605,-29472.57,-11436.164999999999,-3763.62
-12948.75,-12334.68,-24112.17,-7017.525,676.62,-29496.105,-11442.914999999999,-3774.24
-12940.289999999999,-12317.625,-24103.079999999998,-7032.554999999999,696.915,-29488.77,-11445.074999999999,-3771.9449999999997
-12931.875,-12306.015,-24108.704999999998,-7090.469999999999,717.03,-29468.114999999998,-11443.814999999999,-3766.365
-12933.99,-12321.72,-24151.77,-7154.82,692.595,-29482.11,-11456.775,-3764.475
-12932.73,-12321.855,-24144.03,-7096.005,675.36,-29514.195,-11479.365,-3764.6549999999997
-12936.015,-12304.08,-24062.895,-6914.205,702.81,-29514.96,-11485.574999999999,-3774.1949999999997
-12941.91,-12302.64,-24024.645,-6843.0599999999995,719.28,-29493.989999999998,-11470.5,-3778.92
-12944.115,-12305.43,-24038.145,-6903.719999999999,725.535,-29466.315,-11458.845,-3779.46
-12933.945,-12292.244999999999,-24056.594999999998,-6994.755,734.625,-29464.695,-11471.13,-3774.015
-12937.455,-12306.24,-24080.579999999998,-7002.2699999999995,738.495,-29447.594999999998,-11467.619999999999,-3772.98
-12941.189999999999,-12315.195,-24084.585,-6938.28,716.49,-29469.239999999998,-11472.48,-3775.23
-12937.41,-12294.855,-24036.885,-6898.41,736.515,-29472.48,-11477.205,-3775.9049999999997
-12932.01,-12291.164999999999,-24047.594999999998,-6976.889999999999,735.615,-29475.945,-11467.35,-3767.4449999999997
-12927.15,-12302.865,-24092.73,-7031.205,730.395,-29474.28,-11455.65,-3759.12
-12923.144999999999,-12304.8,-24107.129999999997,-7021.62,727.245,-29466.899999999998,-11458.89,-3757.6349999999998
-12921.795,-12288.645,-24054.165,-6943.23,737.4599999999999,-29459.295,-11463.164999999999,-3761.595
-12923.01,-12289.095,-24046.469999999998,-6918.929999999999,736.56,-29458.035,-11464.92,-3762.9449999999997
-12925.574999999999,-12293.189999999999,-24054.93,-6898.32,740.655,-29460.42,-11468.34,-3763.395
-12923.55,-12291.39,-24050.204999999998,-6908.13,739.62,-29462.265,-11468.744999999999,-3761.2349999999997
-12919.32,-12283.38,-24041.79,-6939.585,737.9549999999999,-29457.945,-11464.965,-3759.345
-12922.605,-12295.98,-24066.405,-6965.505,727.47,-29472.84,-11473.605,-3756.915
-12933.135,-12315.33,-24084.855,-6970.905,712.4399999999999,-29498.355,-11492.505,-3762.765
-12938.355,-12305.34,-24050.16,-6924.105,722.2049999999999,-29501.145,-11504.34,-3775.14
-12940.875,-12301.56,-24048.719999999998,-6920.505,722.25,-29505.059999999998,-11523.645,-3786.345
-12939.48,-12307.904999999999,-24059.61,-6880.005,715.23,-29523.42,-11541.465,-3790.35
-12925.71,-12284.55,-24031.17,-6868.035,716.535,-29550.149999999998,-11545.515,-3788.2349999999997
-12910.59,-12271.32,-24025.05,-6896.429999999999,712.35,-29560.274999999998,-11505.24,-3766.14
-12896.64,-12258.494999999999,-24014.25,-6888.014999999999,742.635,-29508.795,-11461.725,-3743.145
-12906.225,-12275.369999999999,-24033.645,-6904.53,753.39,-29467.485,-11474.46,-3741.5249999999996
-12919.455,-12292.695,-24054.3,-6929.325,737.01,-29491.469999999998,-11509.154999999999,-3753.765
-12906.855,-12274.74,-24038.82,-6923.295,726.93,-29543.625,-11532.6,-3749.85
-12892.455,-12255.57,-24018.075,-6898.634999999999,763.02,-29492.504999999997,-11476.98,-3739.995
-12886.289999999999,-12245.175,-24007.454999999998,-6886.62,784.0799999999999,-29452.184999999998,-11445.84,-3741.93
-12892.68,-12251.835,-24010.785,-6883.2,803.79,-29396.879999999997,-11426.895,-3748.6349999999998
-12917.07,-12285.585,-24045.75,-6916.995,777.9599999999999,-29402.684999999998,-11409.255,-3749.67
-12957.975,-12341.52,-24111.54,-6989.625,698.22,-29485.17,-11446.335,-3774.7799999999997
-12963.465,-12345.795,-24114.105,-6991.29,695.6999999999999,-29497.815,-11477.789999999999,-3787.83
-12941.189999999999,-12321.945,-24094.665,-6979.59,719.595,-29482.11,-11488.32,-3773.16
-12922.74,-12292.605,-24069.825,-6975.224999999999,746.235,-29456.73,-11473.289999999999,-3762.4049999999997
-12918.824999999999,-12289.814999999999,-24072.48,-6992.6849999999995,743.535,-29461.77,-11467.619999999999,-3760.515
-12921.119999999999,-12293.324999999999,-24077.52,-6996.33,741.735,-29461.004999999997,-11441.205,-3756.87
-12926.205,-12290.895,-24053.579999999998,-6932.429999999999,762.48,-29444.219999999998,-11424.195,-3761.73
-12930.345,-12296.43,-24052.995,-6927.615,749.475,-29451.465,-11442.105,-3766.365
-12930.75,-12296.88,-24052.454999999998,-6906.33,743.895,-29470.004999999997,-11478.779999999999,-3774.915
-12927.105,-12292.47,-24051.015,-6906.87,751.5,-29472.795,-11492.369999999999,-3774.1499999999996
-12920.85,-12288.24,-24050.024999999998,-6917.219999999999,754.0649999999999,-29455.155,-11453.67,-3758.355
-12926.564999999999,-12297.914999999999,-24064.559999999998,-6946.29,743.985,-29455.739999999998,-11433.33,-3753.495
-12933.314999999999,-12308.535,-24079.004999999997,-6981.974999999999,725.31,-29469.375,-11457.72,-3762.9449999999997
-12935.564999999999,-12316.77,-24096.059999999998,-7002.179999999999,722.3399999999999,-29478.78,-11470.904999999999,-3765.87
-12929.445,-12309.795,-24100.2,-7016.804999999999,726.255,-29480.445,-11470.275,-3762.72
-12923.73,-12297.15,-24084.18,-6998.49,730.755,-29480.265,-11462.355,-3759.705
-12927.779999999999,-12292.875,-24052.545,-6952.995,734.67,-29465.594999999998,-11460.6,-3764.565
-12938.805,-12302.82,-24047.864999999998,-6925.365,729.675,-29459.25,-11465.775,-3774.7349999999997
-12948.57,-12321.359999999999,-24083.235,-6960.825,723.285,-29481.03,-11473.605,-3778.065
-12943.845,-12324.555,-24091.875,-6972.48,711.9449999999999,-29496.6,-11481.435,-3772.17
-12931.289999999999,-12309.39,-24077.475,-6949.665,719.4599999999999,-29489.265,-11471.31,-3763.2599999999998
-12922.92,-12293.189999999999,-24063.84,-6954.57,736.65,-29474.19,-11468.25,-3762.4049999999997
-12915.539999999999,-12288.869999999999,-24071.219999999998,-6978.195,735.66,-29469.015,-11459.07,-3757.185
-12914.865,-12286.08,-24070.59,-6982.38,745.56,-29458.98,-11451.51,-3753.99
-12922.019999999999,-12294.27,-24091.065,-7044.48,732.42,-29470.77,-11462.13,-3755.6099999999997
-12923.775,-12297.689999999999,-24089.085,-7057.349999999999,713.61,-29490.93,-11480.22,-3757.95
-12936.33,-12308.085,-24084.495,-6995.7,711.72,-29496.87,-11486.295,-3768.975
-12937.769999999999,-12307.635,-24061.41,-6884.6849999999995,724.4549999999999,-29491.065,-11476.17,-3770.415
-12930.48,-12294.765,-24041.295,-6873.344999999999,739.845,-29490.12,-11475.27,-3765.5099999999998
-12930.164999999999,-12297.42,-24056.864999999998,-6921.945,736.785,-29487.239999999998,-11482.515,-3764.8799999999997
-12929.265,-12297.689999999999,-24058.844999999998,-6925.815,733.9499999999999,-29487.329999999998,-11482.83,-3762.045
-12924.404999999999,-12288.24,-24044.489999999998,-6913.08,741.105,-29473.875,-11471.939999999999,-3760.515
-12919.095,-12280.455,-24032.969999999998,-6894.99,746.145,-29464.695,-11470.365,-3761.865
-12921.57,-12283.695,-24042.285,-6905.429999999999,742.275,-29472.03,-11476.215,-3763.89
-12924.81,-12283.605,-24033.465,-6885.45,751.68,-29470.905,-11472.029999999999,-3763.665
-12918.869999999999,-12280.904999999999,-24036.66,-6897.87,755.8199999999999,-29468.204999999998,-11463.39,-3751.605
-12917.564999999999,-12283.47,-24049.844999999998,-6933.465,745.02,-29479.725,-11469.51,-3750.93
-12915.09,-12281.22,-24050.43,-6939.2699999999995,742.23,-29480.355,-11466.72,-3749.22
-12917.789999999999,-12285.765,-24057.225,-6936.48,736.92,-29481.93,-11467.71,-3749.58
-12930.615,-12303.765,-24068.114999999998,-6940.215,721.395,-29493.855,-11475.63,-3755.8799999999997
-12940.695,-12316.859999999999,-24084.0,-6969.014999999999,703.35,-29511.135,-11496.015,-3766.095
-12941.189999999999,-12310.064999999999,-24078.195,-6976.71,699.12,-29518.515,-11514.42,-3774.915
-12939.39,-12307.275,-24078.42,-6976.035,711.135,-29507.129999999997,-11504.34,-3776.58
-12928.904999999999,-12293.279999999999,-24068.969999999998,-6967.3949999999995,729.72,-29487.87,-11481.705,-3771.0
-12915.135,-12276.72,-24053.085,-6944.94,747.405,-29480.399999999998,-11469.24,-3754.2599999999998
-12902.625,-12259.89,-24029.46,-6918.84,752.355,-29504.835,-11490.255,-3747.555
-12899.699999999999,-12251.789999999999,-24009.434999999998,-6889.59,754.6949999999999,-29511.405,-11512.619999999999,-3758.1299999999997
-12902.67,-12253.185,-24016.995,-6911.55,752.67,-29501.414999999997,-11529.855,-3765.915
-12911.85,-12268.619999999999,-24033.465,-6913.125,744.48,-29485.62,-11498.939999999999,-3758.7149999999997
-12932.865,-12301.335,-24070.59,-6953.49,705.375,-29528.19,-11493.314999999999,-3760.1099999999997
-12945.824999999999,-12318.885,-24096.149999999998,-7009.065,686.61,-29540.43,-11496.15,-3767.58
-12946.23,-12321.855,-24107.355,-7039.575,701.235,-29508.704999999998,-11487.869999999999,-3766.3199999999997
-12953.654999999999,-12327.48,-24107.265,-7026.12,696.78,-29509.739999999998,-11496.869999999999,-3775.545
-12949.425,-12318.345,-24084.09,-6976.9349999999995,703.935,-29499.12,-11462.445,-3772.08
-12932.055,-12300.93,-24053.579999999998,-6905.34,723.105,-29484.539999999997,-11434.545,-3750.345
-12923.189999999999,-12289.904999999999,-24042.69,-6888.465,739.62,-29483.954999999998,-11432.34,-3743.055
-12929.58,-12295.89,-24067.395,-6953.715,728.775,-29488.364999999998,-11448.27,-3758.625
-12936.285,-12300.164999999999,-24069.239999999998,-6956.73,727.245,-29489.039999999997,-11460.465,-3773.475
-12937.32,-12303.765,-24068.565,-6950.969999999999,731.0699999999999,-29484.18,-11444.175,-3767.7149999999997
-12936.869999999999,-12306.105,-24081.344999999998,-6980.219999999999,713.385,-29501.73,-11465.505,-3764.6549999999997
-12939.66,-12306.6,-24076.485,-6964.335,729.3149999999999,-29496.195,-11483.414999999999,-3771.4049999999997
-12926.16,-12288.375,-24062.129999999997,-6957.224999999999,748.7099999999999,-29481.164999999997,-11492.145,-3771.45
-12912.795,-12273.57,-24036.254999999997,-6921.179999999999,751.23,-29475.405,-11480.939999999999,-3759.165
-12905.595,-12272.58,-24038.145,-6917.715,747.36,-29476.035,-11462.67,-3743.145
-12920.265,-12295.215,-24061.41,-6931.665,728.73,-29494.305,-11453.22,-3744.045
-12945.51,-12325.455,-24078.329999999998,-6944.13,697.4549999999999,-29526.975,-11464.515,-3757.095
-12958.244999999999,-12334.275,-24092.82,-6961.094999999999,694.755,-29534.579999999998,-11487.465,-3777.615
-12950.685,-12314.744999999999,-24088.545,-6943.59,735.5699999999999,-29501.1,-11480.265,-3781.2149999999997
-12942.135,-12302.73,-24064.469999999998,-6931.44,744.255,-29487.015,-11475.0,-3776.265
-12946.185,-12307.994999999999,-24066.405,-6956.054999999999,733.23,-29489.715,-11484.63,-3781.17
-12940.83,-12304.17,-24080.085,-6991.155,725.535,-29494.53,-11489.625,-3777.345
-12932.055,-12292.425,-24070.32,-6998.715,721.755,-29493.809999999998,-11482.199999999999,-3769.2
-12928.545,-12297.779999999999,-24070.68,-6976.71,719.91,-29494.574999999997,-11469.06,-3757.0499999999997
-12931.064999999999,-12307.095,-24080.129999999997,-6966.675,714.87,-29498.579999999998,-11468.88,-3755.79
-12932.414999999999,-12296.52,-24061.905,-6925.634999999999,737.73,-29485.44,-11472.255,-3764.9249999999997
-12933.494999999999,-12293.64,-24058.17,-6926.94,741.06,-29488.545,-11476.664999999999,-3766.545
-12934.26,-12295.664999999999,-24065.73,-6958.98,730.935,-29499.885,-11481.345,-3767.1749999999997
-12933.045,-12298.994999999999,-24080.895,-7005.6449999999995,719.685,-29502.989999999998,-11480.13,-3763.665
-12934.98,-12300.885,-24079.364999999998,-7017.66,713.295,-29500.605,-11482.83,-3766.2749999999996
-12936.42,-12300.93,-24066.09,-6983.865,709.0649999999999,-29497.454999999998,-11487.24,-3769.335
-12935.205,-12295.215,-24053.579999999998,-6925.094999999999,722.2049999999999,-29492.91,-11488.949999999999,-3768.39
-12934.08,-12299.175,-24068.295,-6932.745,725.535,-29494.035,-11485.845,-3764.3399999999997
-12930.39,-12291.345,-24053.85,-6910.65,726.2099999999999,-29492.594999999998,-11481.48,-3761.415
-12930.119999999999,-12290.535,-24054.84,-6916.005,729.81,-29488.59,-11477.564999999999,-3760.3799999999997
-12935.43,-12301.154999999999,-24070.545,-6938.73,725.04,-29496.329999999998,-11486.654999999999,-3763.44
-12938.58,-12303.81,-24070.094999999998,-6940.665,716.355,-29510.46,-11503.395,-3764.52
-12941.64,-12301.605,-24059.79,-6933.0599999999995,708.03,-29527.469999999998,-11526.345,-3769.335
-12939.795,-12296.97,-24057.675,-6937.469999999999,709.3349999999999,-29529.0,-11527.965,-3770.7749999999996
-12933.494999999999,-12293.64,-24062.625,-6966.315,713.2049999999999,-29516.805,-11504.115,-3764.6099999999997
-12922.92,-12283.695,-24055.065,-6974.009999999999,723.78,-29503.664999999997,-11494.439999999999,-3757.0049999999997
-12914.64,-12275.865,-24048.225,-6961.905,730.0799999999999,-29495.789999999997,-11509.515,-3753.0899999999997
-12924.99,-12293.73,-24087.105,-7009.92,705.42,-29513.295,-11542.095,-3762.765
-12936.914999999999,-12306.734999999999,-24102.855,-7035.4349999999995,675.63,-29550.329999999998,-11550.734999999999,-3772.08
-12944.564999999999,-12306.42,-24089.219999999998,-7011.2699999999995,684.5849999999999,-29544.93,-11502.63,-3780.6299999999997
-12944.88,-12306.375,-24064.155,-6914.88,702.135,-29511.09,-11440.08,-3772.2599999999998
-12943.664999999999,-12301.695,-24042.87,-6861.105,742.3199999999999,-29466.855,-11438.64,-3770.1
-12937.095,-12294.9,-24051.015,-6903.224999999999,739.7099999999999,-29474.864999999998,-11477.609999999999,-3773.8799999999997
-12930.75,-12289.455,-24049.754999999997,-6909.57,740.3399999999999,-29475.18,-11467.845,-3764.97
-12925.439999999999,-12284.865,-24044.535,-6903.8099999999995,747.135,-29463.21,-11430.045,-3747.4649999999997
-12923.55,-12282.029999999999,-24044.399999999998,-6918.795,745.6949999999999,-29462.715,-11431.395,-3746.115
-12923.73,-12278.43,-24042.915,-6941.474999999999,750.42,-29455.469999999998,-11443.994999999999,-3760.065
-12927.42,-12282.029999999999,-24049.215,-6952.094999999999,743.67,-29464.289999999997,-11464.875,-3764.295
-12937.5,-12292.74,-24059.385,-6940.485,729.675,-29487.375,-11491.965,-3770.955
-12945.06,-12305.34,-24071.129999999997,-6923.655,719.3249999999999,-29514.51,-11516.895,-3777.975
-12941.64,-12304.215,-24078.78,-6949.53,714.87,-29521.44,-11517.705,-3777.2999999999997
-12936.779999999999,-12299.58,-24073.739999999998,-6961.455,711.0899999999999,-29514.69,-11488.41,-3769.065
-12944.43,-12315.105,-24085.754999999997,-6955.965,702.225,-29517.254999999997,-11471.895,-3762.8999999999996
-12953.205,-12320.73,-24082.965,-6945.525,695.43,-29521.574999999997,-11470.365,-3766.77
-12954.24,-12324.555,-24097.77,-6961.32,703.035,-29507.715,-11472.57,-3772.17
-12956.805,-12333.33,-24121.98,-6974.28,695.16,-29515.004999999997,-11487.33,-3781.08
-12945.465,-12312.855,-24094.485,-6954.705,713.5649999999999,-29500.155,-11472.164999999999,-3776.7149999999997
-12937.32,-12300.435,-24074.684999999998,-6945.389999999999,728.01,-29484.315,-11466.675,-3770.2799999999997
-12940.109999999999,-12307.05,-24067.665,-6956.73,718.6949999999999,-29494.079999999998,-11483.505,-3770.145
-12938.715,-12314.43,-24083.73,-6977.969999999999,716.0849999999999,-29489.489999999998,-11466.945,-3761.145
-12934.845,-12317.445,-24124.995,-6998.49,715.995,-29482.2,-11448.72,-3755.475
-12929.805,-12312.404999999999,-24133.59,-7029.36,719.505,-29483.594999999998,-11456.189999999999,-3755.8799999999997
-12937.994999999999,-12319.74,-24131.835,-7089.255,717.165,-29483.73,-11460.195,-3762.045
-12936.555,-12314.97,-24106.815,-7098.795,706.995,-29491.469999999998,-11465.189999999999,-3759.8399999999997
-12936.555,-12302.64,-24073.695,-7014.24,711.225,-29493.675,-11471.805,-3763.665
-12938.939999999999,-12291.39,-24025.68,-6849.405,739.395,-29482.965,-11476.08,-3770.685
-12941.505,-12295.71,-24027.57,-6823.304999999999,755.28,-29475.225,-11476.89,-3773.79
-12934.71,-12288.869999999999,-24042.105,-6882.705,751.905,-29472.12,-11473.605,-3768.5699999999997
-12925.845,-12285.945,-24052.14,-6904.215,747.855,-29474.145,-11468.115,-3758.04
-12925.035,-12280.365,-24036.344999999998,-6906.195,744.03,-29477.925,-11468.564999999999,-3757.995
-12928.994999999999,-12285.404999999999,-24054.03,-6927.974999999999,738.9,-29481.795,-11474.55,-3761.19
-12928.14,-12289.32,-24084.719999999998,-6979.32,729.63,-29488.274999999998,-11478.734999999999,-3759.795
-12930.57,-12298.095,-24117.84,-7059.014999999999,711.72,-29497.32,-11481.39,-3760.875
-12935.699999999999,-12302.865,-24110.415,-7056.09,706.41,-29497.454999999998,-11479.859999999999,-3765.645
-12928.32,-12290.49,-24065.01,-6957.945,729.495,-29487.105,-11473.335,-3762.1349999999998
-12920.535,-12278.744999999999,-24029.684999999998,-6874.0199999999995,747.495,-29483.19,-11470.904999999999,-3754.89
-12926.97,-12283.785,-24027.165,-6864.48,754.605,-29479.77,-11478.689999999999,-3757.815
-12934.35,-12290.13,-24040.17,-6916.815,739.8,-29488.5,-11498.535,-3767.265
-12945.555,-12306.645,-24070.905,-6979.905,712.395,-29509.065,-11514.195,-3779.2799999999997
-12943.215,-12309.75,-24082.065,-6982.245,714.105,-29505.645,-11495.654999999999,-3774.1949999999997
-12932.865,-12297.42,-24062.67,-6911.37,730.62,-29498.715,-11482.515,-3762.9449999999997
-12933.585,-12295.17,-24052.454999999998,-6876.0,735.3,-29507.94,-11501.505,-3764.6549999999997
-12937.68,-12293.685,-24050.204999999998,-6908.94,724.86,-29525.445,-11540.52,-3778.9649999999997
-12924.675,-12280.32,-24045.614999999998,-6910.469999999999,738.72,-29523.69,-11546.91,-3775.77
-12910.275,-12262.59,-24025.32,-6895.125,760.86,-29486.34,-11504.564999999999,-3762.1349999999998
-12896.955,-12251.654999999999,-24017.94,-6884.639999999999,782.9549999999999,-29446.379999999997,-11430.72,-3733.4249999999997
-12892.545,-12244.59,-24014.385,-6881.985,787.905,-29449.215,-11441.744999999999,-3736.2149999999997
-12895.064999999999,-12246.615,-24017.489999999998,-6888.105,779.5799999999999,-29465.73,-11477.925,-3745.575
-12913.38,-12271.545,-24043.545,-6916.365,749.25,-29498.535,-11499.93,-3753.6749999999997
-12920.715,-12283.695,-24058.62,-6935.67,728.145,-29522.565,-11505.689999999999,-3754.62
-12943.17,-12315.15,-24090.885,-6966.855,703.2149999999999,-29529.18,-11476.439999999999,-3756.825
-12941.73,-12308.445,-24078.329999999998,-6947.37,731.655,-29495.475,-11448.945,-3758.7599999999998
-12938.58,-12304.845,-24074.055,-6943.1849999999995,740.52,-29489.085,-11448.494999999999,-3759.39
-12928.455,-12294.359999999999,-24068.745,-6950.115,743.04,-29493.899999999998,-11462.895,-3757.14
-12921.074999999999,-12280.68,-24055.695,-6941.205,766.755,-29463.614999999998,-11447.369999999999,-3755.7
-12925.529999999999,-12284.865,-24063.03,-6954.12,754.605,-29463.57,-11439.314999999999,-3758.3999999999996
-12933.585,-12298.814999999999,-24075.315,-6956.415,734.535,-29484.36,-11440.439999999999,-3755.8799999999997
-12925.439999999999,-12293.414999999999,-24066.719999999998,-6937.695,743.895,-29477.655,-11438.414999999999,-3742.6949999999997
-12935.07,-12303.314999999999,-24075.675,-6942.78,734.67,-29485.98,-11460.555,-3753.8999999999996
-12945.24,-12309.75,-24077.295,-6930.855,726.12,-29504.745,-11495.475,-3773.52
-12950.01,-12317.13,-24087.465,-6948.945,723.555,-29506.004999999997,-11506.32,-3781.4849999999997
-12947.265,-12322.98,-24103.035,-6973.875,709.155,-29517.93,-11506.994999999999,-3778.92
-12950.369999999999,-12315.555,-24090.3,-6969.915,713.475,-29511.135,-11478.689999999999,-3777.975
-12938.22,-12301.154999999999,-24075.629999999997,-6957.045,744.93,-29475.27,-11430.72,-3756.555
-12934.98,-12307.05,-24101.415,-7019.28,728.235,-29485.71,-11449.035,-3755.295
-12931.56,-12304.26,-24105.69,-7042.365,713.8349999999999,-29494.305,-11462.939999999999,-3756.555
-12932.189999999999,-12305.34,-24110.504999999997,-7056.405,704.88,-29500.92,-11473.064999999999,-3759.5699999999997
-12935.564999999999,-12304.664999999999,-24087.69,-6968.25,721.17,-29498.67,-11477.475,-3762.6749999999997
-12932.189999999999,-12285.494999999999,-24044.175,-6891.705,750.105,-29475.09,-11468.07,-3762.495
-12933.449999999999,-12289.59,-24047.19,-6880.23,742.86,-29483.864999999998,-11471.49,-3763.7999999999997
-12933.539999999999,-12291.39,-24053.04,-6917.264999999999,734.22,-29492.64,-11477.88,-3764.115
-12932.505,-12297.33,-24071.129999999997,-6973.38,722.745,-29494.44,-11476.845,-3760.47
-12934.484999999999,-12299.039999999999,-24068.475,-6977.295,721.0799999999999,-29492.82,-11477.654999999999,-3763.08
-12937.14,-12298.455,-24061.14,-6942.96,740.115,-29489.309999999998,-11473.289999999999,-3764.0699999999997
-12937.994999999999,-12307.859999999999,-24087.329999999998,-6955.155,742.995,-29485.71,-11471.355,-3762.18
-12935.205,-12297.645,-24078.375,-6970.094999999999,742.5899999999999,-29479.995,-11474.01,-3763.5299999999997
-12932.369999999999,-12295.395,-24079.68,-6951.69,739.845,-29480.489999999998,-11475.494999999999,-3762.225
-12932.91,-12291.57,-24058.754999999997,-6907.23,743.13,-29485.89,-11478.645,-3763.89
-12933.675,-12294.539999999999,-24066.27,-6934.455,739.53,-29487.555,-11477.564999999999,-3763.98
-12930.345,-12291.57,-24069.87,-6966.179999999999,737.055,-29484.0,-11475.539999999999,-3760.29
-12931.289999999999,-12295.619999999999,-24081.254999999997,-6982.83,728.91,-29486.745,-11477.789999999999,-3760.83
-12932.234999999999,-12289.814999999999,-24059.925,-6945.255,733.3199999999999,-29491.065,-11481.255,-3763.2149999999997
-12933.269999999999,-12290.445,-24052.004999999997,-6920.1449999999995,730.98,-29500.92,-11484.404999999999,-3764.115
-12933.81,-12294.404999999999,-24061.41,-6929.639999999999,727.605,-29504.475,-11482.74,-3763.845
-12934.035,-12294.945,-24073.875,-6967.349999999999,727.3349999999999,-29495.699999999997,-11479.59,-3763.17
-12934.755,-12295.484999999999,-24073.695,-6939.54,738.5849999999999,-29487.059999999998,-11477.295,-3764.205
-12933.494999999999,-12296.25,-24072.03,-6935.355,742.8149999999999,-29482.379999999997,-11475.539999999999,-3763.44
-12935.16,-12295.935,-24063.39,-6936.795,736.605,-29485.934999999998,-11479.545,-3765.375
-12934.035,-12293.414999999999,-24065.19,-6943.995,731.97,-29491.695,-11484.494999999999,-3765.1499999999996
-12940.515,-12300.164999999999,-24070.635,-6921.855,724.185,-29504.204999999998,-11497.68,-3771.18
-12938.039999999999,-12296.34,-24053.04,-6880.139999999999,731.8349999999999,-29505.69,-11502.72,-3768.705
-12935.07,-12292.83,-24055.065,-6906.375,731.745,-29505.645,-11502.99,-3767.535
-12939.93,-12298.455,-24065.37,-6927.615,721.98,-29512.62,-11499.795,-3771.855
-12942.18,-12303.314999999999,-24073.92,-6939.63,714.42,-29519.37,-11498.039999999999,-3768.705
-12948.39,-12309.795,-24083.055,-6951.69,704.43,-29532.015,-11525.67,-3777.5699999999997
-12953.789999999999,-12317.49,-24093.27,-6962.49,700.38,-29529.675,-11530.215,-3780.225
-12947.445,-12314.385,-24092.145,-6974.82,702.63,-29514.914999999997,-11497.994999999999,-3770.2799999999997
-12921.84,-12280.814999999999,-24057.36,-6948.9,732.735,-29491.425,-11479.994999999999,-3760.605
-12904.92,-12261.689999999999,-24040.754999999997,-6926.085,749.2049999999999,-29497.77,-11470.14,-3745.71
-12912.39,-12260.07,-24036.12,-6915.78,749.0699999999999,-29509.649999999998,-11499.795,-3765.105
-12922.83,-12270.6,-24053.805,-6955.11,747.045,-29487.195,-11512.89,-3778.92
-12932.595,-12290.67,-24083.64,-7002.045,730.935,-29468.114999999998,-11488.365,-3773.97
-12936.24,-12297.645,-24084.09,-6972.4349999999995,716.31,-29500.065,-11478.779999999999,-3765.33
-12936.33,-12293.145,-24062.445,-6906.915,723.78,-29512.305,-11482.92,-3769.1099999999997
-12928.5,-12285.314999999999,-24052.86,-6912.45,734.0849999999999,-29495.969999999998,-11446.38,-3757.2749999999996
-12940.335,-12303.09,-24100.02,-7041.014999999999,716.22,-29492.145,-11442.015,-3765.1949999999997
-12940.965,-12314.97,-24150.78,-7220.384999999999,690.48,-29482.695,-11447.775,-3761.64
-12944.43,-12332.115,-24187.635,-7302.195,666.135,-29477.745,-11458.98,-3756.7349999999997
-12934.664999999999,-12339.045,-24216.524999999998,-7294.1849999999995,653.535,-29499.3,-11468.789999999999,-3748.8599999999997
-12932.64,-12323.115,-24142.184999999998,-7032.69,710.73,-29481.075,-11447.73,-3751.065
-12934.394999999999,-12285.045,-24029.82,-6852.69,762.12,-29468.43,-11444.13,-3763.17
-12943.484999999999,-12289.23,-24000.48,-6717.6449999999995,775.7099999999999,-29474.504999999997,-11463.795,-3775.95
-12947.58,-12293.595,-23991.3,-6718.365,771.66,-29484.585,-11477.16,-3778.9649999999997
-12952.935,-12317.49,-24049.215,-6827.49,744.795,-29497.995,-11479.095,-3771.72
-12953.295,-12320.64,-24080.04,-6894.63,726.795,-29501.954999999998,-11482.65,-3772.08
-12943.529999999999,-12307.005,-24069.555,-6905.07,724.86,-29500.92,-11485.574999999999,-3769.47
-12939.885,-12312.63,-24077.969999999998,-6916.32,721.845,-29500.965,-11488.005,-3766.365
-12935.519999999999,-12308.625,-24078.015,-6930.63,708.12,-29510.235,-11492.369999999999,-3762.8999999999996
-12938.445,-12296.97,-24051.329999999998,-6901.335,743.9399999999999,-29482.965,-11479.59,-3767.1299999999997
-12937.005,-12295.529999999999,-24053.805,-6907.32,749.97,-29475.585,-11475.404999999999,-3765.4649999999997
-12935.564999999999,-12289.365,-24051.915,-6914.07,746.01,-29481.39,-11480.22,-3767.1749999999997
-12938.76,-12299.31,-24069.015,-6940.71,731.3399999999999,-29494.754999999997,-11489.85,-3766.23
-12943.26,-12308.805,-24089.129999999997,-6988.005,714.9599999999999,-29508.254999999997,-11500.65,-3768.705
-12945.779999999999,-12310.92,-24093.629999999997,-7000.155,715.995,-29505.87,-11502.09,-3771.72
-12948.164999999999,-12313.395,-24090.12,-6980.804999999999,718.785,-29500.199999999997,-11495.43,-3773.43
-12942.63,-12307.455,-24072.84,-6933.599999999999,738.405,-29475.045,-11474.46,-3766.545
-12939.615,-12300.975,-24075.45,-6951.375,744.39,-29463.39,-11474.55,-3767.625
-12945.914999999999,-12313.035,-24101.504999999997,-7034.8949999999995,715.41,-29481.075,-11486.07,-3769.2
-12949.019999999999,-12319.965,-24110.864999999998,-7052.13,695.52,-29506.77,-11507.039999999999,-3769.9649999999997
-12955.59,-12320.64,-24107.219999999998,-7008.165,694.2149999999999,-29521.125,-11534.85,-3783.87
-12952.664999999999,-12313.439999999999,-24073.605,-6921.09,708.435,-29522.43,-11535.435,-3786.75
-12941.955,-12296.295,-24054.84,-6899.67,738.27,-29499.03,-11511.855,-3782.6099999999997
-12935.115,-12288.06,-24054.344999999998,-6920.639999999999,746.28,-29481.704999999998,-11473.83,-3772.17
-12932.279999999999,-12289.68,-24053.715,-6902.955,746.685,-29477.204999999998,-11461.41,-3757.095
-12941.46,-12295.484999999999,-24052.364999999998,-6893.19,736.02,-29495.565,-11503.574999999999,-3774.375
-12943.394999999999,-12298.859999999999,-24061.364999999998,-6919.83,730.17,-29501.684999999998,-11517.705,-3779.5049999999997
-12941.955,-12302.01,-24070.77,-6937.11,718.11,-29512.305,-11518.244999999999,-3773.205
-12939.57,-12306.285,-24077.43,-6945.48,713.925,-29509.065,-11495.07,-3758.58
-12943.755,-12311.279999999999,-24081.84,-6949.98,715.005,-29499.3,-11475.27,-3757.365
-12945.285,-12312.494999999999,-24082.875,-6951.33,719.595,-29491.02,-11464.02,-3760.245
-12931.244999999999,-12288.914999999999,-24059.565,-6926.94,747.765,-29468.789999999997,-11465.685,-3767.22
-12923.595,-12275.82,-24044.129999999997,-6910.514999999999,765.135,-29458.844999999998,-11462.49,-3764.205
-12931.515,-12288.6,-24055.11,-6928.155,747.9,-29467.17,-11466.135,-3763.17
-12931.064999999999,-12289.994999999999,-24061.815,-6938.325,733.9499999999999,-29488.68,-11479.77,-3762.765
-12923.595,-12284.55,-24061.995,-6944.085,724.77,-29524.454999999998,-11490.48,-3757.185
-12921.39,-12286.574999999999,-24073.829999999998,-6975.99,708.5699999999999,-29544.704999999998,-11499.84,-3757.41
-12931.695,-12298.545,-24090.165,-7000.245,708.795,-29518.605,-11497.59,-3765.33
-12944.25,-12309.345,-24101.19,-7016.085,722.25,-29462.579999999998,-11482.74,-3773.205
-12959.595,-12319.56,-24102.0,-7002.8099999999995,701.91,-29506.5,-11533.095,-3795.8849999999998
-12960.9,-12314.789999999999,-24083.46,-6960.554999999999,706.365,-29541.69,-11568.824999999999,-3805.47
-12951.99,-12300.705,-24062.265,-6923.88,730.0799999999999,-29532.195,-11549.385,-3798.45
-12942.765,-12290.355,-24053.265,-6925.59,738.495,-29513.43,-11497.23,-3787.605
-12947.49,-12312.945,-24085.89,-6972.929999999999,733.995,-29472.75,-11408.039999999999,-3754.71
-12970.08,-12338.1,-24104.34,-6972.075,728.055,-29455.425,-11411.505,-3765.915
-12955.41,-12316.275,-24079.545,-6927.795,733.41,-29475.0,-11451.645,-3772.71
-12941.144999999999,-12305.97,-24070.77,-6936.389999999999,730.26,-29493.405,-11475.225,-3764.6549999999997
-12938.445,-12305.34,-24080.625,-6974.82,726.975,-29490.704999999998,-11478.105,-3763.305
-12942.18,-12314.835,-24110.55,-7045.29,711.0899999999999,-29487.375,-11472.345,-3763.7549999999997
-12944.43,-12319.064999999999,-24125.219999999998,-7068.96,698.04,-29490.12,-11470.095,-3763.7549999999997
-12942.494999999999,-12312.99,-24121.53,-7072.38,698.535,-29496.78,-11477.475,-3767.31
-12942.314999999999,-12305.744999999999,-24086.385,-6995.925,710.37,-29499.57,-11483.369999999999,-3768.75
-12944.97,-12301.47,-24056.64,-6918.795,739.305,-29486.43,-11481.75,-3770.865
-12945.06,-12307.994999999999,-24082.605,-6917.804999999999,738.36,-29486.745,-11483.505,-3770.595
-12947.13,-12308.58,-24071.805,-6885.045,734.535,-29495.114999999998,-11488.814999999999,-3772.4849999999997
-12942.585,-12297.779999999999,-24056.37,-6922.304999999999,738.405,-29491.605,-11486.835,-3770.595
-12941.73,-12303.72,-24084.27,-7020.045,727.38,-29485.844999999998,-11481.3,-3767.1749999999997
-12945.689999999999,-12313.529999999999,-24105.42,-7051.679999999999,715.05,-29485.079999999998,-11485.484999999999,-3769.515
-12942.81,-12304.664999999999,-24075.405,-6978.014999999999,709.6949999999999,-29495.07,-11492.55,-3769.245
-12944.699999999999,-12304.8,-24053.94,-6857.325,736.11,-29491.425,-11491.064999999999,-3771.3599999999997
-12936.734999999999,-12293.955,-24045.975,-6855.615,742.995,-29492.055,-11489.4,-3767.04
-12929.039999999999,-12291.975,-24059.385,-6920.054999999999,734.76,-29494.664999999997,-11483.46,-3757.2749999999996
-12934.98,-12290.265,-24056.594999999998,-6916.32,743.355,-29486.879999999997,-11482.65,-3764.0699999999997
-12934.845,-12283.56,-24045.975,-6905.07,739.845,-29491.469999999998,-11487.33,-3766.23
-12930.93,-12279.24,-24035.399999999998,-6888.78,746.01,-29486.789999999997,-11486.16,-3762.0899999999997
-12931.199999999999,-12282.48,-24043.41,-6898.86,746.055,-29482.965,-11485.439999999999,-3761.5499999999997
-12931.785,-12286.17,-24052.59,-6916.23,738.5849999999999,-29481.704999999998,-11484.9,-3761.145
-12933.225,-12288.869999999999,-24055.469999999998,-6915.554999999999,737.01,-29479.815,-11484.855,-3761.595
-12936.465,-12292.244999999999,-24058.215,-6919.0199999999995,735.39,-29481.434999999998,-11487.734999999999,-3765.06
-12928.814999999999,-12283.605,-24038.37,-6918.389999999999,727.6949999999999,-29467.395,-11478.33,-3759.48
-12930.029999999999,-12286.395,-24043.68,-6922.304999999999,728.8199999999999,-29468.204999999998,-11476.755,-3758.3999999999996
-12933.449999999999,-12291.57,-24061.995,-6929.775,729.81,-29490.57,-11486.115,-3759.345
-12932.324999999999,-12290.13,-24062.309999999998,-6933.6449999999995,725.67,-29496.914999999997,-11488.59,-3759.0299999999997
-12932.144999999999,-12287.295,-24059.565,-6930.36,730.8,-29492.324999999997,-11488.32,-3763.71
-12928.005,-12282.074999999999,-24053.94,-6924.96,737.01,-29486.655,-11485.8,-3762.27
-12929.22,-12284.595,-24057.135,-6929.37,733.77,-29488.274999999998,-11485.439999999999,-3760.515
-12930.84,-12286.8,-24059.79,-6931.889999999999,730.89,-29490.84,-11486.97,-3760.92
-12934.664999999999,-12292.605,-24068.835,-6940.17,720.18,-29502.765,-11491.02,-3763.2599999999998
-12936.15,-12297.285,-24078.555,-6949.259999999999,707.175,-29518.875,-11500.56,-3760.92
-12936.42,-12298.32,-24086.655,-6959.565,692.4599999999999,-29540.114999999998,-11521.215,-3763.665
-12931.244999999999,-12287.34,-24066.45,-6948.405,697.545,-29554.965,-11532.465,-3765.24
-12923.55,-12273.255,-24044.625,-6929.19,721.26,-29535.795,-11521.574999999999,-3763.71
-12915.72,-12263.535,-24031.305,-6902.19,767.115,-29466.989999999998,-11494.664999999999,-3757.14
-12923.595,-12273.345,-24047.504999999997,-6915.6449999999995,753.615,-29473.559999999998,-11482.92,-3757.9049999999997
-12952.215,-12316.545,-24137.19,-6967.889999999999,704.745,-29534.895,-11509.244999999999,-3774.915
-12959.955,-12336.029999999999,-24213.51,-7002.315,686.43,-29544.885,-11529.63,-3783.7799999999997
-12947.265,-12316.859999999999,-24160.32,-6983.19,707.4449999999999,-29503.305,-11513.97,-3775.6349999999998
-12941.955,-12290.445,-24037.11,-6954.344999999999,719.9549999999999,-29488.05,-11488.05,-3772.2599999999998
-12937.949999999999,-12285.855,-24025.77,-6942.554999999999,734.805,-29483.504999999997,-11443.59,-3757.77
-12937.005,-12291.435,-24060.375,-6959.655,730.305,-29483.64,-11451.689999999999,-3755.115
-12940.289999999999,-12295.845,-24068.79,-6974.37,730.125,-29480.67,-11471.13,-3764.97
-12944.07,-12299.76,-24079.454999999998,-6991.74,721.26,-29480.309999999998,-11481.255,-3769.9649999999997
-12941.414999999999,-12300.435,-24095.114999999998,-7009.155,714.78,-29489.76,-11482.199999999999,-3762.6299999999997
-12943.035,-12307.005,-24106.995,-7049.565,700.65,-29502.945,-11483.414999999999,-3760.1549999999997
-12943.529999999999,-12314.744999999999,-24132.51,-7140.6449999999995,686.43,-29502.855,-11476.529999999999,-3758.895
-12958.695,-12333.779999999999,-24161.805,-7164.945,668.8349999999999,-29505.69,-11481.164999999999,-3773.43
-12966.345,-12333.06,-24157.215,-7024.545,685.755,-29507.625,-11503.305,-3788.5049999999997
-12960.494999999999,-12305.835,-24059.655,-6815.61,734.985,-29499.975,-11511.045,-3791.6549999999997
-12951.855,-12295.619999999999,-24023.295,-6799.23,746.865,-29488.454999999998,-11491.154999999999,-3780.27
-12947.49,-12303.09,-24066.629999999997,-6866.28,738.225,-29480.715,-11467.755,-3763.575
-12946.275,-12310.064999999999,-24129.945,-6926.94,721.4399999999999,-29491.785,-11481.84,-3764.97
-12942.0,-12315.24,-24210.36,-6990.48,706.095,-29508.3,-11491.154999999999,-3767.355
-12939.255,-12304.98,-24177.51,-6983.19,711.36,-29502.989999999998,-11484.765,-3770.73
-12947.22,-12303.945,-24123.735,-7003.3949999999995,698.5799999999999,-29507.219999999998,-11486.654999999999,-3776.3999999999996
-12949.695,-12315.375,-24142.545,-7057.53,685.35,-29513.745,-11493.314999999999,-3773.0249999999996
-12944.699999999999,-12307.005,-24102.09,-7006.455,685.62,-29529.675,-11515.725,-3768.0299999999997
-12941.595,-12296.205,-24054.57,-6940.304999999999,698.04,-29526.57,-11516.939999999999,-3766.815
-12940.244999999999,-12294.135,-24034.05,-6920.955,697.3199999999999,-29510.37,-11481.795,-3760.245
-12938.894999999999,-12301.289999999999,-24068.52,-6962.625,686.97,-29503.485,-11461.77,-3757.6349999999998
-12935.654999999999,-12289.59,-24058.89,-6961.139999999999,702.405,-29495.024999999998,-11465.685,-3763.665
-12940.83,-12281.535,-24033.555,-6907.32,723.555,-29486.385,-11471.265,-3771.315
-12946.365,-12287.88,-24042.105,-6905.384999999999,721.4399999999999,-29488.995,-11474.055,-3773.835
-12946.32,-12297.555,-24075.765,-6978.105,705.285,-29494.53,-11474.369999999999,-3771.4049999999997
-12948.66,-12302.279999999999,-24090.03,-7007.219999999999,691.155,-29506.68,-11480.13,-3774.5099999999998
-12936.869999999999,-12296.88,-24079.14,-6963.48,685.98,-29514.69,-11484.314999999999,-3761.415
-12930.93,-12294.314999999999,-24063.3,-6902.91,694.98,-29510.1,-11487.24,-3755.3849999999998
-12940.064999999999,-12291.795,-24049.395,-6877.665,706.905,-29500.649999999998,-11488.23,-3769.245
-12940.109999999999,-12285.765,-24049.53,-6898.7699999999995,711.72,-29492.73,-11485.439999999999,-3772.845
-12936.644999999999,-12280.59,-24048.36,-6911.955,711.4499999999999,-29488.905,-11485.215,-3769.92
-12937.455,-12280.5,-24049.8,-6912.764999999999,717.7049999999999,-29482.92,-11481.705,-3775.23
-12956.22,-12278.835,-24046.92,-6905.025,725.895,-29488.68,-11491.875,-3811.185
-12989.925,-12294.99,-24058.035,-6913.53,722.43,-29498.445,-11522.564999999999,-3856.725
-13019.894999999999,-12313.439999999999,-24070.41,-6927.075,710.055,-29515.32,-11541.51,-3891.645
-13030.785,-12327.48,-24085.26,-6945.974999999999,692.1,-29523.329999999998,-11535.029999999999,-3901.455
-12986.234999999999,-12314.835,-24084.719999999998,-6953.759999999999,684.3149999999999,-29514.149999999998,-11482.92,-3830.49
-12930.795,-12296.52,-24078.239999999998,-6957.045,678.285,-29523.239999999998,-11462.49,-3739.14
-12903.119999999999,-12278.52,-24060.015,-6942.69,695.3399999999999,-29518.92,-11486.744999999999,-3701.3399999999997
-12923.279999999999,-12294.72,-24071.04,-6942.78,708.165,-29505.42,-11481.975,-3718.7549999999997
-12944.475,-12309.119999999999,-24083.504999999997,-6951.509999999999,698.85,-29511.405,-11475.494999999999,-3746.475
-12947.535,-12312.99,-24093.27,-6964.11,688.545,-29511.765,-11485.439999999999,-3761.73
-12946.05,-12305.654999999999,-24090.254999999997,-6960.24,699.5699999999999,-29491.92,-11479.41,-3771.0899999999997
-12923.82,-12289.365,-24077.295,-6950.88,703.8,-29502.36,-11485.26,-3752.46
-12897.81,-12262.005,-24048.09,-6922.44,728.55,-29510.64,-11508.48,-3735.0899999999997
-12906.9,-12267.449999999999,-24051.239999999998,-6926.13,723.3299999999999,-29522.655,-11511.449999999999,-3742.785
-12919.005,-12289.095,-24079.094999999998,-6960.014999999999,678.735,-29575.17,-11532.96,-3744.18
-12938.805,-12318.705,-24109.649999999998,-6991.469999999999,650.745,-29585.295,-11532.015,-3746.97
-12946.859999999999,-12320.955,-24110.055,-6990.3,677.52,-29512.395,-11491.244999999999,-3756.285
-12955.635,-12328.515,-24119.28,-7020.179999999999,686.6999999999999,-29497.364999999998,-11479.59,-3763.35
-12953.654999999999,-12328.47,-24128.64,-7056.945,680.265,-29503.079999999998,-11466.72,-3759.66
-12937.59,-12311.369999999999,-24116.309999999998,-7036.83,698.31,-29475.675,-11462.355,-3752.145
-12938.535,-12308.805,-24115.41,-7024.59,696.8249999999999,-29473.379999999997,-11470.68,-3757.815
-12938.805,-12309.255,-24114.735,-7034.49,686.97,-29490.84,-11467.619999999999,-3754.7549999999997
-12938.49,-12309.975,-24112.125,-7037.099999999999,688.905,-29485.98,-11445.3,-3747.87
-12946.365,-12317.13,-24111.405,-6981.48,689.13,-29498.175,-11462.625,-3759.75
-12944.115,-12315.195,-24095.565,-6909.03,706.095,-29493.539999999997,-11467.89,-3758.7149999999997
-12940.515,-12304.664999999999,-24081.12,-6909.57,717.255,-29480.94,-11467.89,-3759.615
-12943.035,-12299.939999999999,-24073.155,-6919.514999999999,722.16,-29474.46,-11469.33,-3766.68
-12946.725,-12306.15,-24091.649999999998,-6969.78,724.41,-29466.27,-11466.72,-3768.705
-12944.34,-12312.09,-24120.36,-7022.384999999999,720.0,-29463.12,-11466.27,-3766.14
-12949.74,-12317.13,-24118.829999999998,-7007.849999999999,721.035,-29465.73,-11470.41,-3770.685
-12945.689999999999,-12309.93,-24103.035,-6975.315,718.0649999999999,-29473.469999999998,-11472.39,-3768.075
-12941.82,-12301.199999999999,-24095.879999999997,-6989.58,705.105,-29489.805,-11480.49,-3767.7599999999998
-12939.074999999999,-12293.279999999999,-24092.73,-7008.03,715.365,-29482.92,-11479.32,-3767.94
-12941.369999999999,-12304.08,-24111.0,-7012.3949999999995,711.72,-29479.59,-11479.14,-3766.3199999999997
-12945.195,-12306.869999999999,-24104.295,-7003.215,705.42,-29485.485,-11486.205,-3768.5699999999997
-12947.805,-12307.68,-24095.114999999998,-6967.3949999999995,698.5799999999999,-29498.355,-11497.275,-3770.37
-12951.18,-12308.715,-24088.454999999998,-6919.83,703.5749999999999,-29503.71,-11505.06,-3773.52
-12956.13,-12316.095,-24090.21,-6901.0199999999995,717.435,-29493.495,-11503.08,-3776.04
-12954.195,-12314.609999999999,-24100.559999999998,-6952.995,734.0849999999999,-29465.91,-11482.02,-3772.575
-12950.55,-12304.08,-24095.07,-7000.155,733.77,-29456.235,-11476.395,-3775.185
-12945.105,-12303.765,-24102.495,-7013.565,727.38,-29460.555,-11466.045,-3771.45
-12935.835,-12292.47,-24074.415,-6950.205,725.985,-29477.295,-11469.24,-3759.975
-12939.93,-12291.029999999999,-24063.524999999998,-6890.445,729.99,-29479.41,-11478.015,-3764.3399999999997
-12950.414999999999,-12298.949999999999,-24066.855,-6881.67,736.0649999999999,-29479.454999999998,-11489.22,-3774.96
-12943.484999999999,-12291.435,-24053.445,-6888.24,744.03,-29473.875,-11482.965,-3767.355
-12941.505,-12292.515,-24058.844999999998,-6906.24,742.41,-29466.405,-11471.58,-3760.515
-12943.98,-12293.955,-24064.155,-6917.219999999999,744.615,-29454.84,-11464.515,-3766.0049999999997
-12939.66,-12287.564999999999,-24059.879999999997,-6914.7,754.785,-29438.504999999997,-11450.654999999999,-3763.035
-12940.47,-12290.715,-24066.405,-6925.634999999999,747.045,-29446.379999999997,-11461.814999999999,-3762.1349999999998
-12946.814999999999,-12299.265,-24078.059999999998,-6940.889999999999,733.4549999999999,-29462.94,-11482.244999999999,-3766.95
-12948.21,-12300.705,-24080.895,-6945.705,729.54,-29470.274999999998,-11493.9,-3771.9449999999997
-12945.689999999999,-12295.484999999999,-24074.19,-6939.99,736.56,-29469.105,-11496.015,-3773.565
-12942.18,-12294.225,-24076.844999999998,-6953.8949999999995,734.31,-29469.239999999998,-11485.845,-3768.48
-12936.734999999999,-12289.32,-24074.235,-6962.219999999999,737.505,-29462.94,-11467.17,-3758.67
-12940.199999999999,-12293.01,-24079.364999999998,-6961.7699999999995,733.905,-29469.6,-11475.494999999999,-3762.3599999999997
-12937.455,-12287.88,-24072.48,-6940.349999999999,742.8149999999999,-29459.969999999998,-11468.16,-3759.975
-12934.26,-12282.885,-24058.53,-6914.025,748.26,-29446.695,-11464.289999999999,-3760.83
-12931.244999999999,-12280.455,-24058.98,-6920.46,754.3349999999999,-29437.605,-11452.095,-3754.44
-12934.08,-12283.695,-24065.954999999998,-6929.639999999999,750.735,-29443.364999999998,-11454.48,-3755.3849999999998
-12943.664999999999,-12292.74,-24075.54,-6941.16,739.62,-29460.149999999998,-11482.38,-3768.66
-12955.14,-12307.545,-24090.48,-6961.86,721.665,-29485.575,-11513.52,-3780.18
-12946.59,-12298.005,-24083.145,-6982.469999999999,718.425,-29491.515,-11522.07,-3775.545
-12938.805,-12291.525,-24085.215,-7005.42,720.63,-29494.53,-11514.33,-3768.8399999999997
-12939.795,-12294.99,-24092.504999999997,-7011.2699999999995,721.935,-29489.129999999997,-11480.355,-3758.1299999999997
-12945.465,-12298.275,-24086.204999999998,-6972.389999999999,727.11,-29478.375,-11458.215,-3757.455
-12955.23,-12306.779999999999,-24082.965,-6937.83,725.355,-29482.245,-11469.42,-3770.865
-12957.795,-12308.445,-24080.715,-6917.49,730.395,-29481.704999999998,-11491.02,-3780.0899999999997
-12953.88,-12309.48,-24085.395,-6933.15,741.375,-29463.344999999998,-11484.404999999999,-3775.14
-12941.55,-12297.465,-24081.3,-6952.7699999999995,742.3199999999999,-29459.655,-11465.279999999999,-3761.2799999999997
-12941.64,-12300.705,-24099.57,-6993.0,730.845,-29470.68,-11458.89,-3756.645
-12950.55,-12312.404999999999,-24116.535,-7015.23,714.285,-29500.289999999997,-11480.895,-3761.865
-12955.59,-12313.215,-24111.675,-6990.255,713.0699999999999,-29511.18,-11499.029999999999,-3770.19
-12953.205,-12307.635,-24095.745,-6919.695,733.3199999999999,-29487.69,-11486.07,-3770.37
-12947.67,-12295.305,-24064.11,-6893.28,745.245,-29471.489999999998,-11457.225,-3763.665
-12943.439999999999,-12286.439999999999,-24058.395,-6932.295,743.175,-29475.765,-11458.215,-3759.12
-12947.31,-12298.77,-24090.614999999998,-6979.094999999999,738.4499999999999,-29474.19,-11464.92,-3763.98
-12941.865,-12296.205,-24096.42,-6976.3949999999995,737.28,-29468.52,-11468.52,-3761.5049999999997
-12947.31,-12303.449999999999,-24117.3,-6979.1849999999995,725.355,-29483.64,-11481.795,-3766.095
-12952.529999999999,-12310.92,-24123.329999999998,-7024.905,721.125,-29488.59,-11487.06,-3769.6949999999997
-12953.205,-12320.414999999999,-24138.719999999998,-7104.33,700.155,-29495.16,-11488.14,-3770.46
-12954.375,-12325.904999999999,-24164.145,-7078.995,691.9649999999999,-29499.57,-11477.654999999999,-3769.605
-12949.74,-12303.449999999999,-24112.26,-6958.665,723.15,-29488.41,-11470.68,-3765.33
-12951.72,-12286.439999999999,-24047.235,-6905.88,748.26,-29480.985,-11475.539999999999,-3772.035
-12946.994999999999,-12276.404999999999,-24033.645,-6896.745,755.91,-29477.655,-11475.18,-3770.955
-12942.404999999999,-12286.215,-24068.79,-6919.5599999999995,737.1899999999999,-29492.46,-11478.51,-3764.97
-12936.6,-12286.664999999999,-24058.215,-6893.73,726.3,-29500.605,-11480.895,-3758.265
-12940.965,-12283.875,-24035.265,-6900.84,730.35,-29493.449999999997,-11480.355,-3762.045
-12946.23,-12289.095,-24049.62,-6921.63,729.72,-29487.87,-11480.355,-3766.9049999999997
-12947.13,-12295.439999999999,-24068.114999999998,-6932.61,729.225,-29488.815,-11482.695,-3766.68
-12949.47,-12295.484999999999,-24076.71,-6927.525,731.2049999999999,-29488.41,-11488.904999999999,-3767.895
-12948.615,-12295.529999999999,-24075.765,-6940.8,721.26,-29507.129999999997,-11501.64,-3767.67
-12954.824999999999,-12307.05,-24087.915,-6957.179999999999,709.38,-29523.69,-11511.675,-3772.89
-12953.744999999999,-12307.05,-24086.07,-6961.365,706.185,-29515.454999999998,-11500.875,-3772.935
-12947.894999999999,-12295.619999999999,-24073.515,-6939.134999999999,720.9,-29491.425,-11476.08,-3769.47
-12949.38,-12294.585,-24068.25,-6928.65,728.3249999999999,-29494.44,-11473.289999999999,-3767.355
-12954.824999999999,-12301.289999999999,-24079.905,-6953.759999999999,707.175,-29515.995,-11491.56,-3773.3849999999998
-12958.335,-12305.744999999999,-24089.67,-6963.615,703.395,-29518.245,-11503.125,-3781.44
-12956.175,-12305.789999999999,-24092.684999999998,-6959.88,713.025,-29506.184999999998,-11491.965,-3777.39
-12941.55,-12286.89,-24069.105,-6946.83,727.47,-29489.94,-11471.67,-3760.9649999999997
-12927.015,-12269.609999999999,-24053.085,-6934.679999999999,740.43,-29483.46,-11470.725,-3753.1349999999998
-12932.055,-12271.68,-24051.645,-6919.335,739.305,-29487.78,-11473.425,-3762.495
-12937.769999999999,-12272.939999999999,-24045.795,-6898.634999999999,748.53,-29481.39,-11463.074999999999,-3769.92
-12946.095,-12278.475,-24054.614999999998,-6916.59,736.74,-29498.805,-11484.9,-3783.825
-12957.39,-12286.17,-24065.684999999998,-6933.825,723.15,-29513.204999999998,-11499.615,-3795.39
-12968.91,-12294.945,-24075.27,-6943.094999999999,715.185,-29519.19,-11502.9,-3801.4649999999997
-12974.715,-12309.164999999999,-24092.594999999998,-6965.28,688.8149999999999,-29548.844999999998,-11524.095,-3791.295
-12980.115,-12318.84,-24105.015,-6983.955,661.905,-29577.465,-11529.765,-3793.68
-12985.199999999999,-12315.824999999999,-24099.84,-6981.389999999999,654.93,-29587.815,-11546.414999999999,-3817.7549999999997
-12983.265,-12314.925,-24099.03,-6982.0199999999995,658.845,-29580.12,-11531.025,-3816.045
-12967.154999999999,-12307.545,-24095.565,-6990.4349999999995,692.9549999999999,-29535.704999999998,-11508.795,-3799.44
-12943.755,-12290.895,-24084.675,-6990.75,707.355,-29543.219999999998,-11493.135,-3771.4049999999997
-12927.734999999999,-12268.215,-24056.415,-6948.405,735.5699999999999,-29506.004999999997,-11459.88,-3754.305
-12928.14,-12276.99,-24057.54,-6910.38,751.05,-29450.7,-11439.765,-3744.72
-12942.945,-12298.23,-24073.829999999998,-6909.344999999999,741.87,-29438.954999999998,-11429.414999999999,-3754.08
-12935.699999999999,-12294.314999999999,-24074.82,-6927.255,736.875,-29458.754999999997,-11435.31,-3742.83
-12936.555,-12306.869999999999,-24093.495,-6951.15,717.12,-29476.664999999997,-11454.57,-3735.315
-12944.654999999999,-12304.08,-24089.219999999998,-6951.465,714.105,-29484.945,-11473.785,-3752.5049999999997
-12946.769999999999,-12300.84,-24086.25,-6953.58,712.305,-29488.545,-11483.189999999999,-3760.02
-12940.109999999999,-12298.005,-24087.105,-6967.844999999999,713.115,-29489.895,-11480.939999999999,-3749.265
-12941.955,-12304.98,-24093.315,-6977.745,712.53,-29486.565,-11468.25,-3739.77
-12946.05,-12303.99,-24090.704999999998,-6967.215,711.765,-29483.73,-11460.869999999999,-3748.5899999999997
-12939.119999999999,-12295.305,-24074.19,-6932.655,716.805,-29484.27,-11457.99,-3745.4849999999997
-12937.68,-12295.845,-24078.735,-6937.425,717.795,-29487.914999999997,-11461.5,-3745.44
-12940.019999999999,-12295.484999999999,-24083.55,-6973.605,712.845,-29495.745,-11472.029999999999,-3750.39
-12942.539999999999,-12300.164999999999,-24093.27,-7006.275,718.29,-29487.42,-11473.47,-3751.335
-12941.775,-12305.295,-24114.825,-7036.5599999999995,705.285,-29489.67,-11475.18,-3750.12
-12944.07,-12307.095,-24128.864999999998,-7039.349999999999,696.8249999999999,-29491.379999999997,-11478.15,-3755.0699999999997
-12944.07,-12303.27,-24119.055,-6993.2699999999995,718.47,-29473.695,-11467.619999999999,-3757.725
-12941.189999999999,-12290.895,-24089.85,-6981.705,721.8,-29475.675,-11471.49,-3759.66
-12946.14,-12290.355,-24064.739999999998,-6945.21,721.89,-29481.795,-11479.005,-3765.1949999999997
-12949.965,-12300.615,-24060.645,-6888.15,730.35,-29480.489999999998,-11478.555,-3765.96
-12952.439999999999,-12308.31,-24083.1,-6906.285,722.295,-29487.555,-11481.255,-3766.6349999999998
-12946.545,-12295.439999999999,-24076.754999999997,-6958.44,711.855,-29495.114999999998,-11484.27,-3762.585
-12949.199999999999,-12298.904999999999,-24092.684999999998,-6981.255,714.1949999999999,-29494.26,-11484.99,-3765.1949999999997
-12948.164999999999,-12300.66,-24118.11,-7019.325,715.8149999999999,-29487.87,-11479.59,-3763.7999999999997
-12946.14,-12293.865,-24088.14,-7034.715,714.645,-29476.305,-11477.52,-3764.9249999999997
-12947.535,-12296.07,-24098.489999999998,-7043.13,711.9,-29475.719999999998,-11479.005,-3766.68
-12948.48,-12294.27,-24087.059999999998,-6974.099999999999,709.245,-29482.2,-11482.695,-3767.04
-12945.824999999999,-12285.9,-24044.129999999997,-6891.389999999999,722.52,-29480.67,-11480.13,-3764.43
-12944.16,-12282.66,-24030.765,-6857.37,734.13,-29484.585,-11483.595,-3762.0
-12943.98,-12285.539999999999,-24073.875,-6883.92,735.795,-29491.649999999998,-11490.029999999999,-3760.47
-12946.005,-12293.865,-24105.825,-6946.0199999999995,717.66,-29501.954999999998,-11498.13,-3760.02
-12950.01,-12303.855,-24112.62,-6992.639999999999,698.985,-29515.995,-11508.119999999999,-3761.5049999999997
-12959.64,-12303.404999999999,-24075.629999999997,-6981.705,694.7099999999999,-29527.379999999997,-11530.755,-3776.535
-12959.414999999999,-12298.14,-24069.375,-6959.025,701.595,-29522.34,-11534.805,-3781.7999999999997
-12957.795,-12297.24,-24070.004999999997,-6942.599999999999,710.505,-29508.57,-11522.295,-3782.43
-12947.4,-12288.015,-24068.745,-6941.745,729.495,-29480.399999999998,-11488.365,-3769.245
-12947.625,-12286.305,-24061.23,-6903.09,734.355,-29478.195,-11487.24,-3764.475
-12958.289999999999,-12296.16,-24073.92,-6914.565,717.48,-29508.57,-11535.975,-3786.8399999999997
-12947.355,-12283.154999999999,-24060.69,-6923.79,716.895,-29502.855,-11526.39,-3778.9649999999997
-12933.135,-12266.414999999999,-24045.344999999998,-6908.58,744.345,-29469.195,-11480.265,-3762.0899999999997
-12935.835,-12272.67,-24053.489999999998,-6912.405,749.0699999999999,-29451.78,-11409.3,-3742.29
-12928.59,-12270.33,-24057.18,-6927.389999999999,741.78,-29455.739999999998,-11405.789999999999,-3731.67
-12921.21,-12261.824999999999,-24053.805,-6938.505,745.155,-29464.335,-11444.445,-3735.855
-12928.994999999999,-12267.675,-24058.665,-6940.17,743.175,-29473.065,-11473.064999999999,-3747.24
-12944.97,-12280.41,-24064.605,-6929.955,732.105,-29484.0,-11493.225,-3765.06
-12952.619999999999,-12287.385,-24066.495,-6920.505,727.425,-29489.445,-11498.13,-3772.7999999999997
-12953.789999999999,-12293.775,-24083.145,-6957.2699999999995,714.87,-29508.12,-11515.23,-3770.865
-12965.22,-12312.0,-24115.815,-7014.42,681.03,-29553.39,-11566.08,-3778.92
-12951.539999999999,-12291.615,-24105.239999999998,-7037.054999999999,676.755,-29581.065,-11604.689999999999,-3787.1549999999997
-12937.23,-12274.289999999999,-24088.59,-7030.3949999999995,683.1,-29577.465,-11599.605,-3786.165
-12918.285,-12251.16,-24058.754999999997,-6992.054999999999,725.7149999999999,-29502.045,-11499.66,-3757.8599999999997
-12897.404999999999,-12220.785,-24009.704999999998,-6897.105,791.9549999999999,-29419.515,-11428.695,-3731.49
-12942.585,-12282.21,-24076.89,-6945.389999999999,748.935,-29456.684999999998,-11410.425,-3743.46
-12978.359999999999,-12335.939999999999,-24149.25,-7006.905,702.855,-29491.515,-11413.845,-3764.0249999999996
-12973.365,-12327.029999999999,-24140.969999999998,-7032.105,669.42,-29554.785,-11466.404999999999,-3772.575
-12959.595,-12296.025,-24088.364999999998,-7009.605,675.765,-29583.405,-11490.119999999999,-3771.4049999999997
-12951.585,-12288.645,-24086.835,-7019.19,716.4449999999999,-29513.52,-11468.115,-3761.865
-12962.925,-12319.83,-24149.969999999998,-7096.545,716.85,-29433.105,-11445.885,-3762.8999999999996
-12959.189999999999,-12316.23,-24174.405,-7201.08,709.02,-29415.78,-11429.369999999999,-3762.0
-12962.88,-12315.555,-24165.225,-7181.37,692.4599999999999,-29455.785,-11435.715,-3765.4649999999997
-12964.545,-12304.484999999999,-24099.57,-6982.74,694.17,-29479.59,-11460.06,-3774.015
-12954.105,-12284.189999999999,-24028.469999999998,-6793.065,723.42,-29468.34,-11459.34,-3769.245
-12950.279999999999,-12285.314999999999,-24029.504999999997,-6827.58,727.02,-29464.379999999997,-11460.195,-3764.295
-12949.064999999999,-12292.154999999999,-24080.355,-6947.865,714.51,-29467.215,-11473.064999999999,-3763.665
-12962.789999999999,-12299.13,-24087.915,-6920.1449999999995,724.86,-29472.795,-11490.705,-3779.2799999999997
-12971.519999999999,-12305.295,-24073.92,-6867.945,732.1949999999999,-29490.21,-11507.265,-3787.92
-12969.675,-12317.039999999999,-24108.344999999998,-6929.955,734.4449999999999,-29488.14,-11503.755,-3781.62
-12964.05,-12313.484999999999,-24123.96,-7019.55,720.5849999999999,-29488.68,-11494.574999999999,-3774.24
-12958.65,-12303.494999999999,-24104.43,-7032.105,715.095,-29476.71,-11471.67,-3768.435
-12958.74,-12300.975,-24107.76,-6988.7699999999995,739.755,-29456.864999999998,-11454.435,-3766.995
-12957.795,-12295.755,-24084.675,-6935.58,730.53,-29471.175,-11473.289999999999,-3770.1
-12953.699999999999,-12285.81,-24045.03,-6881.219999999999,733.545,-29472.614999999998,-11480.625,-3766.995
-12954.914999999999,-12286.08,-24047.594999999998,-6888.87,710.685,-29483.73,-11495.52,-3769.515
-12958.74,-12293.414999999999,-24073.649999999998,-6957.405,682.425,-29499.93,-11512.439999999999,-3774.015
-12962.835,-12299.49,-24078.915,-6965.955,699.66,-29496.149999999998,-11513.699999999999,-3777.2999999999997
-12959.144999999999,-12301.47,-24076.17,-6946.514999999999,723.735,-29483.1,-11498.4,-3772.845
-12954.555,-12296.07,-24078.825,-6906.105,734.175,-29478.285,-11499.795,-3769.785
-12964.904999999999,-12297.555,-24087.285,-6917.94,737.4599999999999,-29490.795,-11529.135,-3783.69
-12960.585,-12293.01,-24071.895,-6921.764999999999,741.87,-29495.114999999998,-11543.039999999999,-3781.395
-12947.984999999999,-12282.164999999999,-24065.1,-6936.929999999999,750.3299999999999,-29487.87,-11534.175,-3773.6099999999997
-12942.045,-12280.41,-24071.985,-6950.115,744.75,-29490.84,-11503.935,-3757.095
-12946.68,-12285.494999999999,-24074.774999999998,-6943.995,728.1,-29508.3,-11477.43,-3748.545
-12952.71,-12287.52,-24058.395,-6892.2,744.12,-29481.614999999998,-11468.97,-3759.2999999999997
-12957.795,-12295.439999999999,-24073.155,-6920.91,743.4449999999999,-29452.5,-11475.765,-3767.895
-12958.965,-12296.025,-24080.489999999998,-6936.165,740.925,-29452.95,-11479.32,-3774.06
-12948.84,-12278.97,-24063.975,-6922.035,755.055,-29447.28,-11475.449999999999,-3770.2349999999997
-12941.01,-12268.26,-24054.66,-6913.889999999999,763.8299999999999,-29444.355,-11489.22,-3771.27
-12936.24,-12266.234999999999,-24050.745,-6908.849999999999,768.645,-29440.215,-11466.765,-3758.22
-12927.42,-12258.045,-24042.645,-6901.74,775.35,-29440.215,-11462.58,-3745.395
-12924.9,-12253.365,-24039.855,-6903.09,772.425,-29452.59,-11481.84,-3746.79
-12929.49,-12255.119999999999,-24041.25,-6905.925,769.635,-29454.885,-11476.98,-3753.6299999999997
-12942.539999999999,-12267.855,-24052.5,-6916.86,759.1949999999999,-29465.64,-11477.025,-3766.095
-12955.949999999999,-12278.564999999999,-24061.905,-6926.58,748.125,-29477.43,-11481.705,-3780.855
-12970.845,-12297.555,-24072.165,-6945.255,728.28,-29470.995,-11472.21,-3785.9849999999997
-12969.855,-12305.699999999999,-24077.879999999997,-6960.87,710.91,-29470.364999999998,-11478.96,-3778.02
-12947.355,-12282.255,-24070.995,-6941.115,733.3199999999999,-29488.77,-11502.404999999999,-3762.315
-12941.234999999999,-12279.015,-24072.12,-6945.255,723.3299999999999,-29510.19,-11539.17,-3757.8599999999997
-12964.904999999999,-12302.775,-24092.864999999998,-6965.639999999999,701.595,-29534.129999999997,-11572.02,-3780.765
-12973.68,-12310.425,-24101.91,-6976.3949999999995,689.13,-29553.93,-11578.32,-3791.43
-12978.269999999999,-12319.605,-24112.215,-6985.215,685.7099999999999,-29551.815,-11545.65,-3786.165
-12967.154999999999,-12309.435,-24098.219999999998,-6967.17,708.345,-29517.164999999997,-11488.365,-3766.23
-12959.189999999999,-12296.97,-24081.704999999998,-6947.054999999999,732.3299999999999,-29488.68,-11454.345,-3757.77
-12951.9,-12290.445,-24076.89,-6944.355,739.0799999999999,-29483.46,-11433.06,-3745.7999999999997
-12937.814999999999,-12275.82,-24071.265,-6963.48,748.935,-29479.905,-11438.775,-3738.6
-12939.345,-12281.445,-24089.67,-7016.264999999999,737.01,-29479.95,-11470.23,-3747.555
-12950.82,-12294.359999999999,-24113.43,-7036.92,710.1899999999999,-29500.469999999998,-11499.39,-3760.2
-12955.59,-12297.734999999999,-24107.309999999998,-6998.355,706.185,-29508.03,-11497.635,-3763.125
-12953.789999999999,-12289.725,-24082.739999999998,-6953.58,721.035,-29495.52,-11481.435,-3762.45
-12962.16,-12299.805,-24101.28,-7006.59,725.04,-29472.57,-11463.75,-3768.5699999999997
-12957.93,-12295.8,-24093.495,-7012.665,723.87,-29480.805,-11466.359999999999,-3763.17
-12953.205,-12288.645,-24083.415,-6971.49,729.3149999999999,-29488.274999999998,-11477.789999999999,-3760.245
-12956.085,-12289.904999999999,-24069.78,-6891.12,740.88,-29490.344999999998,-11482.74,-3763.7999999999997
-12959.324999999999,-12289.32,-24060.105,-6875.1449999999995,748.305,-29484.629999999997,-11485.484999999999,-3772.2149999999997
-12953.744999999999,-12285.494999999999,-24070.14,-6923.969999999999,750.06,-29472.254999999997,-11481.57,-3768.5699999999997
-12955.635,-12299.49,-24119.594999999998,-7028.19,730.8,-29465.73,-11480.67,-3767.085
-12954.195,-12297.15,-24136.155,-7084.844999999999,717.93,-29472.704999999998,-11483.685,-3765.24
-12954.42,-12295.439999999999,-24122.79,-7017.705,711.99,-29493.315,-11490.615,-3765.1949999999997
-12951.945,-12294.945,-24096.195,-6916.86,712.0799999999999,-29502.899999999998,-11489.58,-3760.3799999999997
-12949.019999999999,-12283.785,-24055.515,-6889.905,726.12,-29502.855,-11493.945,-3759.8399999999997
-12953.744999999999,-12291.39,-24073.829999999998,-6932.295,735.12,-29498.489999999998,-11503.664999999999,-3763.305
-12956.039999999999,-12287.564999999999,-24077.43,-6930.315,740.43,-29494.754999999997,-11509.109999999999,-3768.5699999999997
-12955.635,-12289.904999999999,-24079.545,-6933.554999999999,723.15,-29509.379999999997,-11514.914999999999,-3770.1
-12958.109999999999,-12294.045,-24080.219999999998,-6939.675,720.9,-29505.645,-11497.725,-3766.14
-12959.369999999999,-12287.744999999999,-24070.68,-6951.69,726.7049999999999,-29495.07,-11500.02,-3764.295
-12968.865,-12299.535,-24096.69,-7006.32,712.035,-29514.69,-11540.789999999999,-3775.8599999999997
-12976.605,-12317.31,-24118.829999999998,-7044.255,681.255,-29531.114999999998,-11554.154999999999,-3781.395
-12968.64,-12315.824999999999,-24132.059999999998,-7083.2699999999995,669.735,-29525.85,-11537.64,-3776.4449999999997
-12954.689999999999,-12298.05,-24120.54,-7032.87,701.145,-29490.704999999998,-11490.48,-3764.52
-12939.75,-12269.025,-24069.105,-6934.679999999999,747.54,-29451.195,-11439.855,-3747.06
-12935.475,-12254.085,-24026.04,-6841.8,763.425,-29454.524999999998,-11459.385,-3750.93
-12940.289999999999,-12258.449999999999,-24011.235,-6807.465,767.52,-29461.094999999998,-11485.619999999999,-3758.355
-12952.89,-12279.195,-24043.995,-6889.5,740.2049999999999,-29488.77,-11512.529999999999,-3765.06
-12962.699999999999,-12295.439999999999,-24089.175,-6990.615,701.055,-29513.61,-11533.59,-3772.98
-12957.93,-12289.994999999999,-24095.79,-7014.915,700.92,-29506.995,-11524.545,-3771.4049999999997
-12949.695,-12280.095,-24078.735,-6984.315,722.3399999999999,-29488.32,-11504.07,-3764.97
-12944.744999999999,-12277.395,-24064.379999999997,-6905.205,742.185,-29479.004999999997,-11485.17,-3752.5499999999997
-12942.585,-12271.095,-24047.28,-6849.675,744.75,-29503.8,-11502.09,-3756.825
-12939.795,-12262.14,-24037.155,-6863.3099999999995,740.025,-29517.3,-11514.15,-3760.245
-12943.17,-12264.119999999999,-24039.945,-6871.815,737.1,-29498.535,-11512.439999999999,-3761.8199999999997
-12946.005,-12269.789999999999,-24051.6,-6896.925,744.03,-29471.445,-11496.24,-3759.705
-12944.43,-12267.27,-24052.545,-6904.98,742.14,-29496.914999999997,-11521.935,-3762.045
-12936.779999999999,-12260.654999999999,-24048.765,-6905.429999999999,743.355,-29492.684999999998,-11524.14,-3756.015
-12938.445,-12264.345,-24054.434999999998,-6914.34,734.76,-29492.864999999998,-11511.585,-3754.845
-12943.8,-12269.654999999999,-24060.239999999998,-6921.675,729.36,-29505.059999999998,-11498.039999999999,-3754.44
-12953.835,-12277.125,-24062.265,-6914.969999999999,755.28,-29462.399999999998,-11476.439999999999,-3759.8399999999997
-12973.725,-12303.585,-24088.05,-6938.955,735.885,-29463.164999999997,-11478.105,-3772.62
-12979.394999999999,-12313.125,-24100.469999999998,-6954.795,715.23,-29478.42,-11487.105,-3774.375
-12969.765,-12306.105,-24097.77,-6955.605,710.9549999999999,-29497.23,-11510.369999999999,-3770.415
-12964.904999999999,-12299.445,-24091.875,-6951.15,715.23,-29503.53,-11517.21,-3769.605
-12964.41,-12293.145,-24083.73,-6946.155,718.74,-29500.695,-11515.904999999999,-3771.315
-12962.205,-12291.795,-24082.965,-6944.355,721.485,-29496.78,-11508.48,-3766.9049999999997
-12963.644999999999,-12293.1,-24084.809999999998,-6946.695,720.0,-29497.59,-11514.15,-3769.4249999999997
-12968.685,-12296.744999999999,-24088.454999999998,-6951.15,715.275,-29503.305,-11514.195,-3777.075
-12963.555,-12292.56,-24085.844999999998,-6946.965,723.06,-29491.155,-11494.845,-3771.0899999999997
-12952.755,-12280.904999999999,-24071.04,-6931.08,737.55,-29477.475,-11481.345,-3759.615
-12949.65,-12278.115,-24068.114999999998,-6928.92,738.0,-29477.969999999998,-11488.5,-3756.33
-12964.185,-12291.93,-24080.805,-6943.1849999999995,723.42,-29490.39,-11510.91,-3771.1349999999998
-12974.085,-12304.529999999999,-24098.355,-6974.19,706.095,-29505.914999999997,-11525.67,-3777.345
-12979.215,-12313.89,-24118.29,-7019.28,691.155,-29520.989999999998,-11536.38,-3782.205
-12971.295,-12309.57,-24122.655,-7034.625,689.5799999999999,-29520.27,-11520.045,-3771.045
-12961.619999999999,-12297.6,-24107.219999999998,-7003.844999999999,704.6999999999999,-29502.719999999998,-11493.494999999999,-3761.955
-12951.63,-12275.1,-24066.45,-6931.304999999999,728.505,-29485.844999999998,-11486.295,-3764.475
-12957.164999999999,-12281.76,-24067.934999999998,-6927.12,728.145,-29490.075,-11494.035,-3767.67
-12962.519999999999,-12298.32,-24085.215,-6940.755,719.865,-29500.199999999997,-11503.395,-3764.3399999999997
-12959.73,-12305.43,-24108.704999999998,-6977.655,708.7049999999999,-29506.32,-11509.244999999999,-3759.345
-12959.64,-12294.539999999999,-24100.649999999998,-6984.09,714.15,-29497.094999999998,-11508.705,-3766.14
-12960.72,-12285.72,-24085.844999999998,-6992.505,711.63,-29494.71,-11517.435,-3776.625
-12956.445,-12282.57,-24081.704999999998,-6968.295,713.97,-29499.66,-11526.93,-3774.1949999999997
-12956.984999999999,-12281.625,-24084.27,-6962.715,722.61,-29499.3,-11522.43,-3771.1349999999998
-12957.795,-12284.1,-24070.14,-6928.605,729.045,-29493.675,-11500.605,-3760.245
-12969.0,-12297.645,-24087.825,-6940.665,728.3249999999999,-29490.57,-11490.119999999999,-3767.7149999999997
-12960.99,-12293.234999999999,-24105.78,-7005.465,715.77,-29490.614999999998,-11484.494999999999,-3762.4049999999997
-12958.335,-12293.234999999999,-24115.364999999998,-7038.764999999999,694.53,-29505.87,-11502.18,-3761.8199999999997
-12961.664999999999,-12292.92,-24103.665,-7012.844999999999,695.385,-29516.445,-11520.0,-3766.77
-12957.074999999999,-12280.635,-24077.745,-6987.6449999999995,711.495,-29510.73,-11520.99,-3764.97
-12951.449999999999,-12272.4,-24077.024999999998,-7016.67,726.345,-29491.379999999997,-11504.115,-3759.93
-12953.34,-12281.13,-24091.695,-7001.594999999999,713.79,-29493.0,-11500.515,-3757.9049999999997
-12958.65,-12287.475,-24087.915,-6925.95,706.23,-29513.52,-11535.119999999999,-3768.93
-12957.705,-12281.22,-24075.495,-6898.005,713.385,-29516.67,-11545.74,-3773.115
-12956.67,-12277.17,-24076.98,-6913.17,737.505,-29493.315,-11523.195,-3770.73
-12959.144999999999,-12282.57,-24070.32,-6921.405,734.67,-29496.465,-11513.205,-3768.2549999999997
-12961.17,-12296.564999999999,-24107.85,-6908.759999999999,719.28,-29528.504999999997,-11512.529999999999,-3762.765
-12962.835,-12293.01,-24085.89,-6891.84,706.86,-29550.78,-11501.414999999999,-3760.29
-12962.609999999999,-12294.675,-24073.739999999998,-6961.679999999999,690.345,-29551.905,-11501.55,-3754.89
-12957.39,-12288.869999999999,-24087.555,-6984.2699999999995,692.28,-29526.975,-11510.055,-3753.54
-12952.89,-12279.195,-24068.745,-6935.58,717.93,-29512.395,-11528.145,-3758.265
-12963.33,-12288.42,-24063.12,-6899.355,739.53,-29483.55,-11542.455,-3768.12
-12972.285,-12293.64,-24064.965,-6924.554999999999,710.145,-29516.715,-11564.91,-3780.045
-12973.545,-12301.83,-24113.565,-6974.054999999999,666.72,-29543.265,-11564.369999999999,-3782.97
-12972.555,-12298.859999999999,-24117.48,-6949.259999999999,700.245,-29523.239999999998,-11502.539999999999,-3772.4849999999997
-12951.855,-12270.689999999999,-24043.995,-6908.04,740.385,-29486.43,-11454.795,-3755.0249999999996
-12945.42,-12262.5,-24032.565,-6889.815,763.785,-29444.445,-11463.57,-3758.265
-12949.83,-12269.654999999999,-24053.265,-6910.469999999999,743.76,-29464.379999999997,-11486.52,-3759.2999999999997
-12951.72,-12273.66,-24064.695,-6940.665,732.15,-29484.36,-11494.529999999999,-3759.345
-12955.14,-12280.095,-24076.215,-6961.905,726.7049999999999,-29471.85,-11477.789999999999,-3759.2999999999997
-12959.414999999999,-12285.0,-24080.265,-6959.79,716.355,-29479.184999999998,-11483.955,-3764.565
-12952.89,-12276.0,-24063.975,-6921.45,723.51,-29483.82,-11497.005,-3762.4049999999997
-12956.355,-12278.925,-24061.635,-6909.3,725.4449999999999,-29490.795,-11510.279999999999,-3768.5249999999996
-12962.789999999999,-12285.225,-24070.05,-6925.86,724.005,-29495.565,-11518.244999999999,-3776.355
-12964.949999999999,-12286.17,-24072.93,-6932.88,721.305,-29497.32,-11513.789999999999,-3776.7599999999998
-12959.505,-12277.935,-24064.605,-6925.32,730.35,-29492.73,-11505.779999999999,-3774.24
-12954.105,-12267.855,-24052.77,-6912.945,743.895,-29479.995,-11485.439999999999,-3764.97
-12958.965,-12270.96,-24057.135,-6919.0199999999995,739.17,-29480.85,-11487.195,-3768.2549999999997
-12959.595,-12272.13,-24057.629999999997,-6919.38,743.76,-29475.405,-11492.91,-3771.585
-12966.029999999999,-12287.52,-24073.739999999998,-6938.73,726.435,-29491.199999999997,-11501.955,-3763.62
-12980.34,-12304.395,-24094.934999999998,-6960.554999999999,703.305,-29522.789999999997,-11544.975,-3781.305
-12972.42,-12295.664999999999,-24095.969999999998,-6972.75,692.28,-29533.05,-11572.92,-3782.835
-12967.335,-12293.64,-24088.68,-6973.514999999999,691.785,-29524.004999999997,-11566.619999999999,-3779.865
-12968.82,-12305.205,-24103.35,-6972.255,705.87,-29495.07,-11519.369999999999,-3774.825
-12963.465,-12294.314999999999,-24086.25,-6941.925,728.28,-29465.46,-11457.855,-3760.875
-12958.019999999999,-12281.445,-24067.844999999998,-6920.235,731.385,-29483.684999999998,-11467.17,-3759.2999999999997
-12963.869999999999,-12285.9,-24083.055,-6953.759999999999,716.4449999999999,-29502.989999999998,-11483.505,-3769.3799999999997
-12975.615,-12306.869999999999,-24120.405,-7023.195,686.43,-29518.785,-11497.095,-3770.2799999999997
-12978.494999999999,-12315.645,-24125.219999999998,-7043.13,662.355,-29548.98,-11522.699999999999,-3764.115
-12958.74,-12285.404999999999,-24080.715,-6980.4,701.235,-29522.789999999997,-11514.465,-3756.24
-12944.564999999999,-12276.404999999999,-24057.585,-6907.59,721.485,-29505.645,-11502.539999999999,-3738.87
-12937.005,-12277.574999999999,-24067.125,-6933.6449999999995,727.56,-29492.19,-11486.835,-3724.92
-12943.305,-12281.49,-24091.515,-7013.295,716.22,-29486.385,-11482.83,-3740.265
-12965.085,-12305.07,-24127.469999999998,-7088.49,695.52,-29499.48,-11504.654999999999,-3763.845
-12978.99,-12323.609999999999,-24147.765,-7060.5,672.5699999999999,-29527.965,-11535.84,-3774.1949999999997
-12979.755,-12316.095,-24122.565,-6966.675,668.25,-29549.114999999998,-11562.615,-3779.19
-12976.425,-12299.31,-24064.695,-6842.5199999999995,711.63,-29530.754999999997,-11562.3,-3781.2149999999997
-12965.894999999999,-12286.98,-24054.84,-6878.16,719.37,-29518.065,-11531.52,-3768.2999999999997
-12954.15,-12280.095,-24063.344999999998,-6907.995,724.23,-29495.114999999998,-11476.215,-3750.8399999999997
-12943.845,-12273.885,-24068.204999999998,-6925.139999999999,732.1949999999999,-29478.42,-11464.605,-3742.335
-12947.625,-12280.005,-24078.015,-6953.04,719.4599999999999,-29488.23,-11484.72,-3746.835
-12953.88,-12286.845,-24092.73,-6973.605,709.92,-29493.809999999998,-11491.064999999999,-3752.19
-12951.404999999999,-12280.68,-24094.35,-6979.815,709.785,-29496.105,-11493.27,-3752.19
-12953.43,-12283.875,-24092.415,-6969.15,712.5749999999999,-29501.954999999998,-11497.814999999999,-3751.2
-12956.49,-12288.015,-24094.17,-6989.804999999999,709.65,-29503.8,-11501.64,-3753.495
-12953.519999999999,-12278.16,-24076.53,-7002.179999999999,707.67,-29508.704999999998,-11504.97,-3754.4849999999997
-12952.439999999999,-12270.96,-24073.829999999998,-7003.53,710.3249999999999,-29511.225,-11506.77,-3756.4649999999997
-12960.269999999999,-12288.465,-24097.23,-6983.865,713.79,-29508.704999999998,-11505.015,-3760.74
-12959.955,-12288.06,-24088.14,-6933.33,719.1,-29513.34,-11507.805,-3762.4049999999997
-12960.765,-12281.715,-24065.864999999998,-6891.884999999999,718.56,-29539.89,-11519.234999999999,-3764.745
-12968.865,-12291.255,-24072.66,-6903.764999999999,707.625,-29553.434999999998,-11539.395,-3772.17
-12971.43,-12299.085,-24095.07,-6953.175,710.55,-29522.114999999998,-11544.074999999999,-3774.6
-12969.449999999999,-12302.1,-24126.84,-7031.655,703.7099999999999,-29508.074999999997,-11540.16,-3774.555
-12963.465,-12294.27,-24120.27,-7035.57,696.735,-29519.145,-11528.73,-3769.02
-12962.925,-12283.83,-24086.024999999998,-6963.929999999999,712.17,-29519.91,-11515.41,-3770.0099999999998
-12955.455,-12269.564999999999,-24047.82,-6912.0,736.29,-29510.504999999997,-11498.175,-3761.5499999999997
-12955.769999999999,-12274.92,-24063.3,-6963.929999999999,717.93,-29518.785,-11495.475,-3755.565
-12963.869999999999,-12287.97,-24077.385,-6953.804999999999,717.435,-29513.295,-11506.185,-3766.455
-12961.98,-12288.6,-24066.989999999998,-6879.87,734.49,-29502.629999999997,-11490.84,-3760.6949999999997
-12953.43,-12279.645,-24069.285,-6913.665,737.73,-29490.075,-11479.005,-3748.365
-12956.445,-12284.145,-24080.445,-6991.83,714.51,-29506.545,-11490.119999999999,-3750.39
-12954.914999999999,-12280.185,-24072.434999999998,-6996.014999999999,711.855,-29512.574999999997,-11496.465,-3751.29
-12952.935,-12279.195,-24080.175,-6979.5,716.895,-29509.155,-11499.705,-3750.345
-12958.74,-12285.18,-24081.03,-6925.455,721.53,-29524.184999999998,-11517.705,-3756.87
-12964.545,-12287.97,-24073.065,-6914.205,721.5749999999999,-29543.445,-11541.96,-3765.555
-12963.914999999999,-12288.779999999999,-24085.98,-6963.929999999999,712.53,-29540.07,-11550.779999999999,-3769.785
-12972.734999999999,-12298.904999999999,-24098.94,-6973.38,708.615,-29530.17,-11552.58,-3778.6949999999997
-12969.765,-12296.52,-24093.629999999997,-6955.965,717.03,-29523.914999999997,-11536.515,-3774.375
-12951.945,-12271.095,-24064.695,-6919.29,743.22,-29499.93,-11515.77,-3764.115
-12948.435,-12262.68,-24041.295,-6872.67,757.935,-29485.17,-11503.305,-3761.19
-12949.154999999999,-12266.01,-24045.66,-6887.115,756.495,-29479.32,-11486.295,-3755.16
-12949.83,-12269.07,-24051.239999999998,-6896.205,751.05,-29481.344999999998,-11487.779999999999,-3754.71
-12956.805,-12278.115,-24061.274999999998,-6906.915,740.88,-29492.73,-11499.57,-3758.895
-12941.189999999999,-12261.015,-24041.879999999997,-6898.95,755.37,-29473.065,-11483.865,-3745.89
-12924.9,-12241.98,-24026.04,-6883.605,775.53,-29464.155,-11479.14,-3736.17
-12926.564999999999,-12243.689999999999,-24032.43,-6888.735,775.035,-29474.145,-11495.205,-3738.015
-12943.98,-12263.039999999999,-24052.004999999997,-6908.3099999999995,757.35,-29491.469999999998,-11511.585,-3752.055
-12980.744999999999,-12303.494999999999,-24089.265,-6949.44,718.92,-29514.195,-11516.715,-3775.995
-13011.795,-12344.805,-24133.725,-6991.605,688.41,-29524.184999999998,-11515.904999999999,-3792.1949999999997
-13006.935,-12340.35,-24127.425,-6983.82,697.14,-29514.645,-11511.404999999999,-3790.44
-12979.664999999999,-12308.265,-24098.129999999997,-6970.679999999999,708.435,-29512.754999999997,-11523.645,-3776.67
-12976.109999999999,-12308.085,-24114.555,-7017.255,685.035,-29535.885,-11571.21,-3783.42
-12972.689999999999,-12305.34,-24129.855,-7060.455,681.12,-29541.465,-11585.34,-3784.815
-12963.465,-12294.045,-24114.239999999998,-7042.7699999999995,699.885,-29522.52,-11556.045,-3774.285
-12964.68,-12286.845,-24067.079999999998,-6941.205,726.885,-29488.815,-11485.755,-3757.6349999999998
-12964.365,-12287.564999999999,-24059.879999999997,-6879.96,746.9549999999999,-29468.879999999997,-11442.824999999999,-3746.52
-12956.49,-12285.945,-24079.004999999997,-6897.195,747.99,-29473.065,-11464.02,-3749.265
-12958.335,-12281.535,-24072.39,-6922.53,738.9449999999999,-29481.03,-11485.619999999999,-3758.31
-12962.16,-12282.975,-24075.719999999998,-6932.745,742.545,-29480.219999999998,-11496.645,-3764.295
-12957.525,-12277.845,-24073.695,-6937.425,739.935,-29480.355,-11497.59,-3759.5249999999996
-12958.74,-12281.265,-24075.54,-6943.86,729.36,-29487.914999999997,-11502.449999999999,-3760.29
-12960.494999999999,-12286.439999999999,-24076.215,-6930.585,731.88,-29487.195,-11504.654999999999,-3760.47
-12958.38,-12286.395,-24083.37,-6945.48,729.54,-29487.239999999998,-11505.105,-3756.7799999999997
-12959.865,-12289.455,-24094.844999999998,-6969.915,722.655,-29490.66,-11506.59,-3756.915
-12958.92,-12288.06,-24089.94,-6980.085,720.765,-29497.14,-11509.244999999999,-3756.42
-12960.539999999999,-12286.529999999999,-24097.545,-7022.655,714.1949999999999,-29504.43,-11515.23,-3758.895
-12956.355,-12283.199999999999,-24097.454999999998,-7019.955,716.22,-29503.62,-11517.84,-3756.7799999999997
-12959.64,-12285.494999999999,-24103.71,-7019.55,712.4399999999999,-29504.835,-11518.064999999999,-3760.515
-12960.269999999999,-12279.689999999999,-24084.09,-6956.594999999999,730.5749999999999,-29495.114999999998,-11505.555,-3760.9649999999997
-12961.215,-12281.76,-24072.39,-6942.105,736.245,-29491.065,-11509.605,-3763.62
-12960.539999999999,-12281.31,-24044.489999999998,-6879.6449999999995,739.62,-29489.67,-11515.949999999999,-3762.99
-12949.019999999999,-12267.359999999999,-24050.52,-6869.5199999999995,750.87,-29476.44,-11500.965,-3750.8849999999998
-12946.994999999999,-12260.564999999999,-24052.77,-6897.014999999999,753.48,-29466.539999999997,-11485.755,-3750.2549999999997
-12950.955,-12267.494999999999,-24063.48,-6932.429999999999,739.305,-29480.039999999997,-11492.73,-3754.89
-12956.715,-12272.715,-24071.715,-6966.134999999999,723.285,-29505.015,-11506.994999999999,-3761.19
-12962.564999999999,-12279.555,-24085.079999999998,-7002.315,697.23,-29555.594999999998,-11532.285,-3767.7149999999997
-12963.195,-12280.5,-24080.76,-6993.9,682.11,-29603.745,-11558.744999999999,-3770.865
-12969.539999999999,-12287.654999999999,-24081.93,-6954.84,696.51,-29572.155,-11559.689999999999,-3776.04
-12969.269999999999,-12287.789999999999,-24068.07,-6884.28,730.98,-29495.789999999997,-11537.73,-3773.3399999999997
-12969.135,-12289.41,-24066.855,-6885.945,745.3349999999999,-29459.34,-11523.555,-3768.2999999999997
-12965.355,-12285.314999999999,-24071.445,-6918.795,731.295,-29487.465,-11537.865,-3773.115
-12944.744999999999,-12261.734999999999,-24052.995,-6920.82,750.51,-29471.579999999998,-11516.58,-3758.9849999999997
-12951.18,-12266.414999999999,-24063.254999999997,-6950.655,741.87,-29484.045,-11529.99,-3766.68
-12970.394999999999,-12289.05,-24084.855,-6965.55,717.75,-29503.62,-11534.805,-3774.87
-12976.47,-12298.095,-24091.875,-6952.634999999999,700.02,-29525.445,-11538.675,-3777.795
-12973.725,-12295.215,-24082.065,-6931.575,706.635,-29519.145,-11510.369999999999,-3768.165
-12956.85,-12285.404999999999,-24079.68,-6952.995,731.6999999999999,-29482.379999999997,-11465.82,-3745.89
-12950.595,-12271.77,-24070.905,-6950.07,756.0899999999999,-29460.105,-11464.289999999999,-3750.705
-12950.324999999999,-12271.365,-24074.64,-6945.75,741.9599999999999,-29482.785,-11496.824999999999,-3754.89
-12957.39,-12282.66,-24077.204999999998,-6932.295,717.255,-29514.329999999998,-11514.24,-3748.14
-12962.519999999999,-12292.515,-24086.43,-6940.259999999999,708.48,-29523.195,-11518.875,-3750.075
-12977.144999999999,-12302.055,-24091.11,-6930.719999999999,726.75,-29492.954999999998,-11499.029999999999,-3773.205
-12992.984999999999,-12315.6,-24104.969999999998,-6957.315,717.2099999999999,-29484.315,-11478.15,-3787.1549999999997
-12984.119999999999,-12300.525,-24089.985,-6959.295,724.4549999999999,-29485.844999999998,-11480.895,-3784.185
-12978.045,-12290.715,-24080.355,-6950.5199999999995,731.8349999999999,-29488.094999999998,-11489.13,-3782.43
-12975.164999999999,-12290.13,-24079.14,-6935.49,735.255,-29487.87,-11486.97,-3772.08
-12974.22,-12295.08,-24080.67,-6922.71,724.905,-29501.37,-11491.92,-3762.27
-12975.57,-12297.24,-24086.969999999998,-6940.844999999999,717.345,-29510.01,-11499.84,-3767.3999999999996
-12971.115,-12294.404999999999,-24085.035,-6937.875,727.38,-29499.614999999998,-11497.68,-3766.14
-12957.57,-12284.955,-24079.995,-6935.94,730.755,-29494.035,-11497.5,-3755.79
-12956.58,-12282.66,-24077.34,-6944.219999999999,726.975,-29490.075,-11497.994999999999,-3754.4849999999997
-12952.17,-12277.35,-24078.555,-6961.455,727.875,-29485.44,-11506.32,-3753.045
-12951.72,-12280.545,-24096.735,-7002.045,708.795,-29501.37,-11522.385,-3752.145
-12965.67,-12299.625,-24123.375,-7011.63,703.305,-29500.92,-11515.545,-3762.3599999999997
-12969.855,-12305.699999999999,-24118.695,-6980.3099999999995,701.865,-29508.704999999998,-11506.14,-3762.72
-12960.09,-12288.689999999999,-24094.575,-6973.92,703.845,-29513.52,-11508.615,-3755.565
-12957.705,-12282.75,-24105.285,-6997.275,717.345,-29499.344999999998,-11505.555,-3754.98
-12960.045,-12276.449999999999,-24082.2,-6973.245,712.17,-29505.149999999998,-11514.779999999999,-3758.355
-12968.82,-12292.92,-24082.515,-6912.63,724.725,-29498.129999999997,-11519.414999999999,-3762.045
-12972.555,-12297.33,-24083.64,-6901.425,725.67,-29499.254999999997,-11526.029999999999,-3767.67
-12970.035,-12284.369999999999,-24074.91,-6928.0199999999995,732.15,-29490.164999999997,-11523.105,-3769.605
-12958.38,-12274.74,-24069.059999999998,-6935.985,729.0,-29490.885,-11507.13,-3757.14
-12953.97,-12276.314999999999,-24072.39,-6938.82,728.01,-29488.545,-11488.994999999999,-3747.105
-12955.994999999999,-12282.795,-24082.515,-6956.415,715.995,-29497.23,-11501.505,-3749.58
-12961.215,-12288.779999999999,-24088.14,-7009.335,702.045,-29508.704999999998,-11513.789999999999,-3754.44
-12963.779999999999,-12298.904999999999,-24121.575,-7063.83,697.14,-29510.594999999998,-11515.365,-3750.795
-12964.41,-12294.539999999999,-24119.594999999998,-7001.46,708.12,-29515.32,-11527.02,-3755.205
-12966.705,-12281.175,-24073.2,-6917.94,715.995,-29512.844999999998,-11530.395,-3767.22
-12963.914999999999,-12272.13,-24046.829999999998,-6864.344999999999,731.655,-29497.454999999998,-11522.789999999999,-3770.865
-12956.085,-12265.605,-24053.175,-6901.695,739.125,-29483.46,-11510.73,-3761.415
-12965.445,-12287.609999999999,-24085.754999999997,-6953.445,720.81,-29493.539999999997,-11507.31,-3755.205
-12973.14,-12297.645,-24096.105,-6979.365,704.925,-29512.44,-11528.955,-3763.17
-12974.31,-12296.789999999999,-24093.315,-6980.804999999999,709.56,-29512.934999999998,-11535.39,-3767.4449999999997
-12965.085,-12285.72,-24082.649999999998,-6965.099999999999,715.77,-29504.789999999997,-11527.92,-3761.19
-12967.605,-12282.164999999999,-24067.53,-6909.929999999999,712.935,-29522.789999999997,-11567.115,-3776.31
-12966.39,-12279.555,-24064.065,-6901.245,717.5699999999999,-29530.485,-11582.145,-3781.7999999999997
-12964.5,-12279.105,-24065.64,-6893.955,721.035,-29531.114999999998,-11576.835,-3780.855
-12967.109999999999,-12284.324999999999,-24068.25,-6916.365,719.145,-29505.96,-11523.645,-3770.2349999999997
-12969.045,-12296.654999999999,-24085.754999999997,-6939.2699999999995,709.02,-29487.105,-11452.904999999999,-3744.9449999999997
-12962.34,-12287.925,-24082.065,-6939.179999999999,708.615,-29490.344999999998,-11454.705,-3747.96
-12951.494999999999,-12270.15,-24064.515,-6924.87,720.54,-29500.155,-11485.305,-3754.935
-12952.89,-12271.77,-24063.524999999998,-6917.219999999999,743.985,-29480.85,-11492.01,-3754.62
-12953.88,-12273.435,-24064.469999999998,-6917.13,751.5,-29465.414999999997,-11493.539999999999,-3752.64
-12936.51,-12254.445,-24046.245,-6904.62,759.555,-29453.805,-11483.234999999999,-3736.98
-12925.755,-12239.73,-24018.434999999998,-6892.5599999999995,760.77,-29445.164999999997,-11492.01,-3733.605
-12942.045,-12256.965,-24035.355,-6908.445,747.765,-29459.565,-11503.89,-3750.345
-12962.115,-12278.25,-24068.79,-6928.29,737.145,-29482.92,-11499.435,-3765.375
-12984.84,-12304.89,-24098.895,-6961.905,700.245,-29519.414999999997,-11519.279999999999,-3780.315
-12995.144999999999,-12320.595,-24114.96,-6975.675,690.66,-29524.725,-11519.055,-3782.8799999999997
-12982.455,-12306.96,-24101.37,-6960.33,709.605,-29500.469999999998,-11501.279999999999,-3772.575
-12968.865,-12294.09,-24091.245,-6955.11,710.055,-29499.344999999998,-11507.85,-3765.4649999999997
-12971.295,-12292.83,-24088.77,-6952.094999999999,712.755,-29500.379999999997,-11519.46,-3772.7549999999997
-12973.05,-12294.18,-24088.995,-6950.745,713.88,-29502.989999999998,-11520.09,-3772.08
-12970.845,-12293.505,-24088.184999999998,-6950.925,713.2049999999999,-29506.364999999998,-11514.689999999999,-3765.915
-12967.74,-12293.955,-24088.635,-6954.84,709.92,-29509.649999999998,-11506.68,-3758.7599999999998
-12966.705,-12291.93,-24088.094999999998,-6963.84,712.665,-29504.114999999998,-11497.23,-3759.48
-12953.609999999999,-12273.885,-24071.805,-6951.014999999999,736.56,-29484.315,-11490.074999999999,-3756.105
-12957.164999999999,-12278.835,-24076.934999999998,-6950.969999999999,731.43,-29491.92,-11501.055,-3758.7599999999998
-12962.789999999999,-12286.17,-24080.399999999998,-6937.38,721.26,-29502.18,-11509.875,-3760.6949999999997
-12961.89,-12285.27,-24075.899999999998,-6924.915,718.92,-29505.195,-11515.994999999999,-3761.2799999999997
-12964.769999999999,-12288.869999999999,-24083.37,-6943.455,714.42,-29505.285,-11517.75,-3763.89
-12963.15,-12288.465,-24084.225,-6949.53,717.435,-29501.55,-11515.904999999999,-3762.045
-12967.605,-12290.67,-24102.495,-6984.09,710.3249999999999,-29509.425,-11539.305,-3773.79
-12982.68,-12305.564999999999,-24122.879999999997,-7033.86,684.4499999999999,-29532.69,-11567.52,-3789.225
-12984.119999999999,-12313.305,-24134.67,-7065.09,676.98,-29539.89,-11578.005,-3793.725
-12975.885,-12303.18,-24119.325,-7031.34,694.2149999999999,-29522.745,-11543.085,-3783.105
-12958.335,-12279.645,-24081.03,-6937.38,736.56,-29483.325,-11468.34,-3746.115
-12961.529999999999,-12283.74,-24074.504999999997,-6902.054999999999,732.1949999999999,-29489.579999999998,-11465.82,-3743.7749999999996
-12958.83,-12275.73,-24049.89,-6868.755,734.85,-29496.149999999998,-11494.395,-3752.46
-12962.34,-12285.27,-24077.655,-6944.49,724.905,-29496.914999999997,-11508.3,-3757.2749999999996
-12965.31,-12292.74,-24117.795,-7041.33,715.545,-29490.704999999998,-11508.074999999999,-3760.74
-12964.769999999999,-12288.33,-24119.325,-7052.849999999999,722.52,-29474.46,-11484.045,-3760.6949999999997
-12955.68,-12277.439999999999,-24101.55,-6996.285,725.9399999999999,-29481.57,-11486.25,-3754.5299999999997
-12962.744999999999,-12277.529999999999,-24065.1,-6878.5199999999995,729.675,-29499.21,-11511.0,-3764.79
-12961.755,-12278.925,-24054.614999999998,-6894.2699999999995,724.68,-29509.335,-11519.055,-3761.73
-12961.17,-12285.585,-24075.855,-6956.325,716.7149999999999,-29506.68,-11513.475,-3757.9049999999997
-12961.08,-12281.715,-24086.024999999998,-6966.315,724.545,-29499.21,-11507.895,-3759.21
-12966.39,-12279.105,-24069.329999999998,-6904.755,734.985,-29497.05,-11506.994999999999,-3765.42
-12962.34,-12275.775,-24043.14,-6855.929999999999,736.3349999999999,-29497.32,-11508.119999999999,-3761.37
-12957.93,-12277.755,-24040.89,-6900.255,718.11,-29506.23,-11511.945,-3754.575
-12965.22,-12290.85,-24069.42,-6933.78,704.97,-29516.309999999998,-11525.039999999999,-3757.68
-12969.314999999999,-12292.47,-24093.225,-6930.405,709.3349999999999,-29519.055,-11535.029999999999,-3762.27
-12961.26,-12277.845,-24068.52,-6918.929999999999,725.355,-29500.379999999997,-11518.38,-3759.5699999999997
-12945.06,-12255.345,-24043.454999999998,-6895.08,756.27,-29467.664999999997,-11487.914999999999,-3751.245
-12943.305,-12254.355,-24042.78,-6895.844999999999,758.61,-29469.645,-11493.81,-3749.49
-12950.55,-12263.175,-24053.219999999998,-6910.74,744.795,-29484.315,-11507.31,-3755.25
-12956.894999999999,-12271.23,-24062.895,-6923.384999999999,731.295,-29499.795,-11517.57,-3759.615
-12969.81,-12287.609999999999,-24077.565,-6943.679999999999,709.1999999999999,-29510.73,-11521.26,-3764.745
-12979.394999999999,-12301.605,-24094.71,-6960.195,695.25,-29521.079999999998,-11526.164999999999,-3768.5699999999997
-12981.644999999999,-12305.34,-24100.379999999997,-6965.19,692.55,-29527.245,-11534.895,-3770.2799999999997
-12976.56,-12300.345,-24094.665,-6957.45,705.06,-29509.335,-11517.21,-3764.52
-12963.105,-12282.48,-24076.53,-6938.28,727.29,-29481.614999999998,-11490.615,-3757.23
-12957.57,-12273.119999999999,-24066.989999999998,-6929.55,733.905,-29479.815,-11496.195,-3759.0299999999997
-12961.89,-12278.88,-24071.67,-6938.505,721.17,-29496.555,-11516.939999999999,-3763.17
-12969.045,-12285.99,-24076.44,-6952.7699999999995,700.02,-29517.03,-11544.93,-3772.035
-12969.539999999999,-12285.27,-24077.475,-6949.53,703.035,-29528.504999999997,-11554.515,-3772.98
-12968.189999999999,-12282.66,-24075.945,-6942.825,712.845,-29530.079999999998,-11550.06,-3773.52
-12972.24,-12286.574999999999,-24080.94,-6948.63,707.49,-29530.079999999998,-11543.895,-3776.7599999999998
-12979.935,-12294.675,-24087.735,-6954.525,702.18,-29530.89,-11550.96,-3783.06
-12976.244999999999,-12286.755,-24076.665,-6943.5,715.9499999999999,-29511.045,-11547.585,-3786.165
-12964.949999999999,-12271.904999999999,-24057.45,-6925.95,735.255,-29478.78,-11514.195,-3776.625
-12955.859999999999,-12271.635,-24060.555,-6930.0,731.655,-29475.27,-11485.035,-3750.345
-12966.57,-12291.975,-24086.43,-6955.2,710.775,-29488.545,-11479.185,-3743.46
-12982.23,-12306.465,-24102.45,-6968.025,698.985,-29508.84,-11502.404999999999,-3763.395
-12984.164999999999,-12308.67,-24104.07,-6970.455,694.62,-29521.35,-11520.0,-3770.19
-12974.49,-12301.695,-24103.17,-6980.625,696.645,-29520.225,-11513.07,-3762.4049999999997
-12966.164999999999,-12291.48,-24098.85,-6996.554999999999,706.05,-29510.055,-11501.145,-3756.24
-12968.46,-12286.71,-24090.03,-6993.99,710.4599999999999,-29507.67,-11510.369999999999,-3763.125
-12971.205,-12289.455,-24091.965,-6973.875,706.3199999999999,-29509.785,-11520.359999999999,-3767.4449999999997
-12979.035,-12300.93,-24097.995,-6956.82,701.9549999999999,-29511.585,-11519.865,-3773.16
-12977.82,-12301.74,-24099.614999999998,-6959.655,708.48,-29501.1,-11506.23,-3771.1349999999998
-12961.035,-12286.8,-24092.145,-6965.955,727.605,-29472.84,-11475.359999999999,-3753.585
-12955.68,-12275.505,-24074.055,-6951.465,717.5699999999999,-29486.52,-11493.72,-3755.3849999999998
-12960.72,-12282.615,-24081.704999999998,-6928.74,717.885,-29496.375,-11504.115,-3759.12
-12961.439999999999,-12280.814999999999,-24076.305,-6934.139999999999,729.405,-29490.66,-11501.955,-3758.805
-12958.74,-12283.47,-24096.915,-7033.094999999999,714.105,-29493.18,-11500.965,-3755.115
-12959.595,-12288.33,-24132.78,-7140.6449999999995,695.655,-29500.92,-11505.645,-3756.285
-12970.215,-12298.994999999999,-24146.64,-7106.355,696.42,-29501.64,-11512.755,-3765.24
-12974.085,-12296.789999999999,-24106.454999999998,-6965.325,712.305,-29500.605,-11515.095,-3769.1099999999997
-12967.38,-12283.154999999999,-24053.94,-6836.264999999999,734.0849999999999,-29495.745,-11514.51,-3765.015
-12963.644999999999,-12275.369999999999,-24045.66,-6868.665,737.055,-29494.89,-11515.365,-3762.0
-12965.625,-12285.045,-24080.265,-6921.495,728.685,-29493.045,-11513.789999999999,-3762.585
-12965.85,-12285.539999999999,-24091.739999999998,-6949.8,730.665,-29485.89,-11510.369999999999,-3762.765
-12968.055,-12293.55,-24115.725,-6991.965,722.0699999999999,-29486.565,-11510.64,-3763.845
-12969.765,-12288.96,-24099.254999999997,-6966.179999999999,721.935,-29490.48,-11513.744999999999,-3767.1299999999997
-12966.615,-12273.75,-24050.07,-6875.28,732.555,-29498.67,-11519.505,-3767.04
-12962.115,-12268.845,-24040.17,-6855.84,743.265,-29500.965,-11517.615,-3761.595
-12966.074999999999,-12279.734999999999,-24063.03,-6909.344999999999,733.4549999999999,-29497.32,-11514.285,-3762.0899999999997
-12966.705,-12283.56,-24074.594999999998,-6948.36,724.995,-29498.129999999997,-11513.52,-3761.415
-12959.64,-12277.845,-24086.969999999998,-6991.83,713.0699999999999,-29504.43,-11512.89,-3755.7
-12962.835,-12288.914999999999,-24111.45,-7000.245,700.425,-29510.684999999998,-11515.994999999999,-3757.095
-12964.814999999999,-12283.605,-24076.26,-6921.9,715.41,-29506.094999999998,-11516.939999999999,-3758.895
-12971.789999999999,-12284.1,-24058.44,-6884.55,723.06,-29511.855,-11534.67,-3766.9049999999997
-12975.345,-12285.314999999999,-24061.32,-6888.87,718.38,-29525.445,-11559.96,-3774.69
-12970.8,-12280.77,-24071.129999999997,-6911.6849999999995,715.77,-29530.844999999998,-11567.025,-3773.6549999999997
-12957.435,-12265.83,-24055.649999999998,-6902.415,735.525,-29510.1,-11539.395,-3762.225
-12949.965,-12257.145,-24045.614999999998,-6893.639999999999,752.13,-29488.094999999998,-11501.369999999999,-3747.87
-12960.314999999999,-12271.59,-24063.254999999997,-6914.88,733.8149999999999,-29504.745,-11518.289999999999,-3754.7549999999997
-12970.98,-12284.145,-24078.735,-6933.96,715.8149999999999,-29523.645,-11543.22,-3770.415
-12975.84,-12289.275,-24083.774999999998,-6938.054999999999,717.5699999999999,-29511.27,-11521.89,-3776.895
-12973.365,-12289.994999999999,-24084.629999999997,-6940.62,717.2099999999999,-29500.245,-11502.18,-3767.1749999999997
-12973.32,-12290.85,-24086.43,-6943.139999999999,717.615,-29494.079999999998,-11504.43,-3767.355
-12969.449999999999,-12289.455,-24083.684999999998,-6940.98,718.38,-29501.145,-11514.42,-3757.995
-12974.13,-12297.555,-24094.35,-6956.82,697.635,-29531.835,-11536.695,-3758.805
-12975.3,-12295.215,-24092.504999999997,-6955.29,698.4,-29535.03,-11527.154999999999,-3759.5699999999997
-12977.01,-12294.63,-24091.695,-6954.03,700.6949999999999,-29533.004999999997,-11513.205,-3763.575
-12964.59,-12276.539999999999,-24071.219999999998,-6930.54,730.89,-29506.68,-11508.795,-3764.115
-12957.93,-12268.8,-24063.165,-6921.495,741.42,-29501.324999999997,-11519.955,-3763.7549999999997
-12958.38,-12269.925,-24065.64,-6925.094999999999,735.795,-29511.449999999997,-11529.81,-3764.43
-12958.605,-12267.72,-24061.95,-6920.1449999999995,745.245,-29492.864999999998,-11520.72,-3765.33
-12967.65,-12279.51,-24075.315,-6933.554999999999,737.01,-29483.954999999998,-11509.83,-3763.305
-12976.154999999999,-12291.345,-24089.489999999998,-6952.59,710.55,-29520.405,-11528.414999999999,-3764.295
-12979.305,-12295.845,-24093.855,-6957.405,705.51,-29519.64,-11522.25,-3769.1549999999997
-12979.439999999999,-12296.205,-24091.155,-6949.3949999999995,719.01,-29490.57,-11479.994999999999,-3763.305
-12974.31,-12290.715,-24084.225,-6939.99,730.26,-29482.515,-11461.05,-3754.98
-12966.57,-12280.904999999999,-24074.684999999998,-6932.34,737.595,-29486.969999999998,-11476.664999999999,-3751.9649999999997
-12969.855,-12285.225,-24079.545,-6938.505,728.8199999999999,-29499.614999999998,-11494.215,-3756.5099999999998
-12977.82,-12294.09,-24088.5,-6947.009999999999,719.8199999999999,-29506.77,-11503.529999999999,-3766.0499999999997
-12976.875,-12289.5,-24082.559999999998,-6942.96,725.5799999999999,-29497.41,-11496.105,-3766.95
-12974.984999999999,-12288.465,-24082.92,-6941.429999999999,725.4449999999999,-29495.745,-11500.244999999999,-3764.835
-12973.14,-12289.005,-24089.715,-6945.795,724.095,-29497.14,-11507.535,-3763.62
-12972.689999999999,-12288.33,-24096.87,-6978.15,718.425,-29502.539999999997,-11514.42,-3763.98
-12969.359999999999,-12285.18,-24102.0,-7026.795,715.41,-29498.76,-11507.22,-3761.415
-12969.9,-12286.845,-24101.145,-7035.705,703.35,-29506.77,-11508.255,-3760.4249999999997
-12975.975,-12298.455,-24111.405,-7003.08,697.5,-29520.405,-11518.875,-3763.395
-12977.144999999999,-12298.635,-24096.645,-6920.505,710.3249999999999,-29523.105,-11526.074999999999,-3765.24
-12971.564999999999,-12284.324999999999,-24086.745,-6948.405,728.37,-29508.39,-11521.215,-3767.49
-12968.865,-12284.414999999999,-24112.395,-7058.565,719.37,-29496.69,-11504.295,-3765.96
-12970.8,-12289.455,-24128.864999999998,-7088.625,723.375,-29483.28,-11490.795,-3763.395
-12973.14,-12288.06,-24109.605,-7000.965,725.535,-29486.204999999998,-11503.125,-3767.22
-12978.585,-12288.285,-24064.2,-6872.715,727.6949999999999,-29494.44,-11516.67,-3774.915
-12972.465,-12284.279999999999,-24044.175,-6824.969999999999,741.6899999999999,-29491.065,-11512.89,-3767.085
-12971.744999999999,-12279.689999999999,-24052.68,-6858.99,745.605,-29488.364999999998,-11512.89,-3767.49
-12973.365,-12276.855,-24057.585,-6890.67,745.605,-29488.094999999998,-11517.119999999999,-3771.0
-12969.09,-12276.314999999999,-24061.68,-6895.304999999999,740.385,-29495.745,-11519.055,-3766.14
-12965.715,-12275.64,-24061.77,-6902.325,733.995,-29504.43,-11515.5,-3760.605
-12969.135,-12284.055,-24078.105,-6930.45,727.3349999999999,-29507.219999999998,-11512.619999999999,-3760.92
-12971.789999999999,-12288.42,-24093.09,-6966.855,721.53,-29503.8,-11513.789999999999,-3763.17
-12967.695,-12284.505,-24100.92,-6983.505,720.405,-29499.434999999998,-11512.619999999999,-3760.02
-12968.865,-12282.029999999999,-24089.579999999998,-6959.5199999999995,718.6949999999999,-29501.82,-11516.49,-3762.0899999999997
-12969.494999999999,-12281.039999999999,-24075.495,-6923.745,726.75,-29497.364999999998,-11515.545,-3761.325
-12974.445,-12287.07,-24081.795,-6916.905,733.86,-29494.62,-11518.83,-3763.35
-12982.32,-12293.64,-24088.004999999997,-6941.79,714.555,-29511.27,-11539.305,-3773.52
-12983.445,-12291.39,-24082.515,-6960.96,704.655,-29517.12,-11559.465,-3782.6549999999997
-12983.265,-12290.355,-24085.079999999998,-6967.755,703.62,-29523.285,-11559.375,-3783.6
-12972.779999999999,-12281.939999999999,-24079.364999999998,-6948.179999999999,717.93,-29508.12,-11522.34,-3769.47
-12956.67,-12263.49,-24051.285,-6891.795,749.43,-29478.285,-11481.615,-3745.98
-12962.07,-12270.914999999999,-24061.41,-6897.105,751.545,-29476.35,-11484.449999999999,-3748.23
-12968.73,-12278.025,-24073.559999999998,-6923.565,733.545,-29491.559999999998,-11508.57,-3758.49
-12964.545,-12274.515,-24070.14,-6924.33,732.555,-29489.445,-11510.055,-3757.815
-12959.414999999999,-12268.439999999999,-24064.469999999998,-6918.84,738.9,-29480.895,-11503.98,-3754.62
-12963.689999999999,-12270.645,-24067.26,-6919.92,740.25,-29479.545,-11516.355,-3759.795
-12969.855,-12276.99,-24075.27,-6930.134999999999,730.5749999999999,-29494.754999999997,-11543.31,-3768.5699999999997
-12971.43,-12278.52,-24077.655,-6935.58,720.72,-29515.454999999998,-11555.64,-3772.44
-12968.775,-12275.865,-24075.899999999998,-6934.815,721.98,-29516.309999999998,-11544.525,-3767.7149999999997
-12970.394999999999,-12278.07,-24078.239999999998,-6935.715,724.635,-29506.815,-11530.395,-3762.0
-12976.83,-12287.205,-24089.265,-6948.719999999999,711.495,-29522.43,-11554.605,-3769.56
-12978.314999999999,-12286.305,-24085.395,-6943.275,717.12,-29518.245,-11548.17,-3774.285
-12976.92,-12285.99,-24081.84,-6937.245,728.01,-29492.37,-11500.02,-3767.7599999999998
-12979.08,-12291.93,-24089.715,-6945.57,721.665,-29489.895,-11485.125,-3760.47
-12972.33,-12285.314999999999,-24083.64,-6939.63,727.92,-29485.035,-11491.199999999999,-3754.665
-12973.59,-12286.89,-24082.065,-6941.34,724.005,-29483.055,-11493.9,-3760.9649999999997
-12979.035,-12294.99,-24093.45,-6950.79,716.175,-29494.485,-11488.41,-3762.54
-12975.029999999999,-12290.58,-24089.67,-6946.155,722.43,-29491.605,-11493.539999999999,-3759.5699999999997
-12972.195,-12286.125,-24084.675,-6939.63,729.045,-29490.39,-11499.164999999999,-3759.5699999999997
-12974.58,-12285.494999999999,-24084.18,-6940.62,728.505,-29498.309999999998,-11504.699999999999,-3762.4049999999997
-12978.09,-12291.255,-24094.844999999998,-6960.24,719.01,-29506.184999999998,-11509.335,-3763.5299999999997
-12983.939999999999,-12301.515,-24106.5,-6980.849999999999,705.42,-29514.195,-11515.68,-3767.265
-12975.93,-12298.365,-24108.165,-6992.37,699.0749999999999,-29515.905,-11517.525,-3760.335
-12969.314999999999,-12288.015,-24099.344999999998,-6982.965,704.0699999999999,-29505.78,-11519.414999999999,-3760.335
-12981.195,-12293.369999999999,-24105.375,-6992.955,708.48,-29507.579999999998,-11531.564999999999,-3773.745
-12988.439999999999,-12307.5,-24134.805,-7055.594999999999,698.5799999999999,-29516.219999999998,-11541.869999999999,-3776.625
-12984.84,-12306.555,-24149.7,-7135.74,685.845,-29518.605,-11541.96,-3775.77
-12979.89,-12301.605,-24141.015,-7096.7699999999995,693.765,-29512.844999999998,-11530.08,-3773.3399999999997
-12972.24,-12293.955,-24126.075,-7015.094999999999,722.745,-29490.075,-11495.34,-3760.1549999999997
-12970.17,-12286.439999999999,-24077.969999999998,-6899.264999999999,729.9449999999999,-29496.465,-11499.164999999999,-3757.8599999999997
-12966.57,-12276.72,-24053.445,-6901.29,735.48,-29499.254999999997,-11507.67,-3756.4649999999997
-12973.365,-12286.89,-24078.239999999998,-6933.24,728.235,-29500.515,-11513.43,-3762.765
-12978.045,-12287.789999999999,-24066.899999999998,-6879.69,734.85,-29496.015,-11515.14,-3767.895
-12978.945,-12291.48,-24079.094999999998,-6884.37,737.64,-29494.079999999998,-11516.49,-3769.065
-12979.439999999999,-12291.84,-24076.754999999997,-6894.495,734.49,-29492.055,-11520.09,-3770.64
-12980.295,-12292.38,-24084.225,-6910.74,728.1899999999999,-29491.559999999998,-11523.555,-3772.17
-12976.965,-12287.16,-24083.28,-6904.3949999999995,733.995,-29492.774999999998,-11522.295,-3768.0299999999997
-12972.24,-12278.115,-24060.825,-6884.82,742.995,-29497.454999999998,-11517.48,-3762.99
-12964.814999999999,-12274.695,-24063.93,-6904.08,727.56,-29510.37,-11517.164999999999,-3756.4649999999997
-12966.255,-12274.695,-24068.52,-6913.215,727.92,-29507.94,-11519.279999999999,-3758.9849999999997
-12969.404999999999,-12275.234999999999,-24068.52,-6914.88,731.745,-29506.14,-11518.335,-3761.415
-12975.3,-12282.074999999999,-24075.719999999998,-6923.79,727.0649999999999,-29506.004999999997,-11519.955,-3765.24
-12974.31,-12286.71,-24082.875,-6933.78,720.045,-29507.625,-11522.835,-3763.665
-12971.43,-12289.23,-24089.67,-6944.94,711.405,-29509.695,-11524.814999999999,-3760.3799999999997
-12970.664999999999,-12285.945,-24088.635,-6947.37,709.02,-29510.594999999998,-11526.795,-3762.585
-12972.15,-12281.715,-24080.085,-6935.804999999999,722.925,-29500.02,-11522.43,-3764.9249999999997
-12980.789999999999,-12287.205,-24078.149999999998,-6928.514999999999,730.845,-29494.89,-11522.115,-3770.685
-12982.005,-12291.615,-24086.655,-6940.62,716.31,-29514.6,-11538.585,-3770.7749999999996
-12987.404999999999,-12300.119999999999,-24099.48,-6958.62,697.05,-29539.844999999998,-11565.945,-3773.745
-12994.92,-12310.74,-24110.504999999997,-6973.0199999999995,683.595,-29556.989999999998,-11585.295,-3780.045
-12995.82,-12312.27,-24110.55,-6971.49,686.43,-29548.754999999997,-11571.39,-3782.97
-12992.49,-12307.14,-24104.969999999998,-6964.469999999999,695.925,-29532.42,-11553.255,-3785.355
-12980.789999999999,-12290.805,-24086.565,-6942.735,723.51,-29494.17,-11510.595,-3776.805
-12976.92,-12284.505,-24080.715,-6936.795,727.875,-29496.78,-11525.355,-3776.04
-12986.414999999999,-12296.564999999999,-24094.98,-6953.175,708.795,-29520.585,-11554.92,-3784.545
-12977.91,-12288.465,-24081.3,-6944.715,715.095,-29498.895,-11527.289999999999,-3769.56
-12982.994999999999,-12298.455,-24091.875,-6957.63,703.5749999999999,-29503.754999999997,-11514.645,-3768.39
-12974.265,-12292.47,-24091.695,-6949.755,717.885,-29499.84,-11492.775,-3756.915
-12953.519999999999,-12262.859999999999,-24061.545,-6920.865,743.13,-29491.02,-11503.125,-3752.8199999999997
-12950.64,-12257.189999999999,-24054.93,-6916.365,745.11,-29494.89,-11518.289999999999,-3752.7749999999996
-12957.705,-12268.89,-24065.954999999998,-6925.005,740.52,-29493.135,-11506.005,-3751.245
-12967.515,-12281.265,-24075.585,-6930.855,739.485,-29483.864999999998,-11482.56,-3751.515
-12978.225,-12294.09,-24090.344999999998,-6946.514999999999,721.62,-29503.305,-11507.265,-3763.575
-12995.055,-12315.33,-24112.62,-6969.24,700.245,-29518.785,-11522.205,-3776.7599999999998
-12999.779999999999,-12317.31,-24112.62,-6968.429999999999,701.8199999999999,-29516.309999999998,-11529.675,-3784.9049999999997
-12989.789999999999,-12305.205,-24099.975,-6958.08,709.605,-29513.204999999998,-11529.585,-3780.225
-12984.21,-12296.564999999999,-24091.065,-6951.195,713.61,-29514.645,-11521.845,-3775.185
-12977.64,-12290.805,-24088.274999999998,-6949.215,715.725,-29514.195,-11509.65,-3763.665
-12966.029999999999,-12276.9,-24074.19,-6935.58,726.885,-29512.305,-11511.539999999999,-3758.7149999999997
-12966.705,-12273.48,-24069.78,-6931.53,727.9649999999999,-29512.98,-11531.34,-3768.48
-12975.57,-12283.02,-24080.445,-6942.195,721.665,-29514.329999999998,-11538.09,-3774.015
-12983.939999999999,-12295.35,-24095.565,-6962.49,708.03,-29524.184999999998,-11540.205,-3779.0099999999998
-12984.029999999999,-12297.555,-24104.7,-6984.179999999999,709.74,-29512.44,-11520.404999999999,-3776.625
-12966.84,-12280.59,-24095.79,-7002.045,729.765,-29478.825,-11481.074999999999,-3755.745
-12972.42,-12286.395,-24102.27,-7021.215,721.845,-29479.68,-11486.34,-3761.64
-12974.265,-12287.475,-24093.405,-6988.139999999999,718.605,-29481.795,-11500.02,-3766.77
-12973.05,-12285.27,-24080.715,-6941.384999999999,721.35,-29484.405,-11505.6,-3765.105
-12980.16,-12293.055,-24087.329999999998,-6923.79,719.73,-29501.774999999998,-11512.71,-3767.895
-12988.98,-12305.07,-24101.415,-6940.98,708.93,-29516.715,-11521.26,-3774.24
-12987.09,-12301.515,-24093.719999999998,-6939.855,712.935,-29516.985,-11524.32,-3774.555
-12982.904999999999,-12294.0,-24092.055,-6954.12,719.865,-29510.19,-11522.789999999999,-3771.765
-12986.505,-12298.32,-24095.25,-6956.82,720.045,-29504.835,-11524.23,-3775.5
-12984.705,-12299.58,-24103.079999999998,-6967.889999999999,716.805,-29501.684999999998,-11523.734999999999,-3773.7
-12982.994999999999,-12302.279999999999,-24112.934999999998,-6973.965,715.3199999999999,-29498.895,-11524.5,-3771.72
-12979.89,-12297.914999999999,-24102.765,-6967.62,705.1949999999999,-29509.155,-11530.664999999999,-3769.74
-12977.955,-12291.615,-24092.73,-6956.37,707.355,-29505.78,-11523.24,-3766.41
-12979.439999999999,-12292.289999999999,-24094.035,-6946.29,721.935,-29495.565,-11518.83,-3767.22
-12981.33,-12289.275,-24094.62,-6990.344999999999,716.985,-29501.414999999997,-11527.289999999999,-3771.3599999999997
-12983.22,-12295.35,-24111.135,-7036.875,698.67,-29508.66,-11532.375,-3770.2349999999997
-12988.215,-12304.755,-24119.82,-7000.74,691.3349999999999,-29524.905,-11545.02,-3772.125
-12990.375,-12303.63,-24109.739999999998,-6942.15,699.615,-29528.504999999997,-11556.765,-3778.6499999999996
-12989.16,-12294.18,-24073.695,-6873.03,716.76,-29515.004999999997,-11547.045,-3781.98
-12979.845,-12281.58,-24063.885,-6876.134999999999,748.2149999999999,-29480.579999999998,-11528.82,-3779.8199999999997
-12988.89,-12290.039999999999,-24083.19,-6912.675,736.92,-29484.539999999997,-11543.67,-3786.5699999999997
-12991.005,-12293.145,-24092.91,-6934.365,715.545,-29510.73,-11566.484999999999,-3789.045
-12981.33,-12283.83,-24088.86,-6933.96,716.0849999999999,-29519.73,-11569.365,-3783.87
-12982.05,-12281.984999999999,-24085.305,-6930.9,729.63,-29497.995,-11541.869999999999,-3782.0699999999997
-12970.755,-12276.449999999999,-24081.12,-6926.715,733.275,-29487.69,-11503.98,-3758.1299999999997
-12966.93,-12277.89,-24081.614999999998,-6933.105,728.91,-29499.57,-11512.439999999999,-3749.895
-12975.705,-12287.88,-24091.875,-6952.455,723.87,-29501.774999999998,-11515.14,-3754.5299999999997
-12978.63,-12291.84,-24097.23,-6964.695,714.51,-29504.52,-11510.82,-3757.095
-12982.005,-12292.785,-24096.195,-6952.5,715.77,-29499.39,-11500.425,-3759.975
-12987.99,-12297.24,-24093.855,-6925.995,722.2049999999999,-29495.114999999998,-11502.539999999999,-3771.765
-12981.96,-12296.34,-24097.86,-6935.49,718.245,-29500.065,-11514.195,-3767.1749999999997
-12976.56,-12286.484999999999,-24090.93,-6940.44,718.3349999999999,-29501.414999999997,-11519.324999999999,-3764.0699999999997
-12976.605,-12281.445,-24080.265,-6930.179999999999,727.65,-29493.0,-11513.025,-3765.87
-12972.644999999999,-12279.96,-24080.94,-6934.815,730.395,-29485.8,-11504.205,-3763.665
-12973.904999999999,-12285.18,-24090.975,-6954.48,722.0699999999999,-29492.82,-11506.14,-3763.4849999999997
-12976.064999999999,-12292.02,-24113.34,-7017.615,704.2049999999999,-29508.524999999998,-11517.164999999999,-3764.565
-12979.125,-12292.02,-24121.934999999998,-7063.335,704.025,-29507.715,-11519.324999999999,-3767.04
-12978.9,-12292.335,-24116.85,-7032.15,708.5699999999999,-29505.645,-11521.17,-3765.33
-12982.904999999999,-12295.619999999999,-24110.1,-6972.344999999999,706.4549999999999,-29513.879999999997,-11535.615,-3770.91
-12987.045,-12294.359999999999,-24083.594999999998,-6890.445,718.3349999999999,-29509.875,-11538.18,-3777.705
-12984.3,-12290.939999999999,-24082.02,-6917.3099999999995,720.72,-29500.739999999998,-11528.055,-3777.2549999999997
-12975.75,-12280.635,-24057.855,-6903.63,724.4549999999999,-29469.555,-11510.369999999999,-3770.73
-12975.255,-12285.72,-24068.204999999998,-6902.73,731.16,-29471.67,-11495.385,-3757.8599999999997
-12981.42,-12294.135,-24088.995,-6927.795,716.0849999999999,-29505.465,-11515.185,-3760.515
-12984.39,-12296.115,-24095.745,-6957.585,705.24,-29528.19,-11541.015,-3765.96
-12980.744999999999,-12291.75,-24094.44,-6968.565,705.645,-29534.579999999998,-11552.31,-3767.7149999999997
-12977.234999999999,-12284.505,-24085.17,-6952.23,712.305,-29530.215,-11563.47,-3774.915
-12978.135,-12282.029999999999,-24075.945,-6915.33,722.6999999999999,-29512.305,-11546.955,-3777.8399999999997
-12975.705,-12278.07,-24066.405,-6895.755,734.265,-29497.5,-11526.345,-3774.24
-12984.119999999999,-12291.164999999999,-24082.02,-6929.82,723.15,-29497.815,-11511.404999999999,-3771.6749999999997
-12990.6,-12304.529999999999,-24102.989999999998,-6956.28,718.155,-29490.795,-11475.72,-3760.605
-12990.779999999999,-12305.52,-24109.29,-6969.195,710.145,-29499.57,-11498.58,-3768.705
-12989.925,-12305.385,-24111.945,-6972.795,699.03,-29524.32,-11538.0,-3773.25
-12991.859999999999,-12307.23,-24113.52,-6960.42,694.2149999999999,-29539.844999999998,-11563.605,-3777.2549999999997
-12984.93,-12296.115,-24099.57,-6947.054999999999,704.0699999999999,-29535.3,-11572.515,-3781.395
-12972.644999999999,-12281.22,-24082.065,-6930.405,725.13,-29512.53,-11536.335,-3773.52
-12961.035,-12267.314999999999,-24063.795,-6922.215,738.72,-29493.045,-11493.09,-3755.3399999999997
-12963.195,-12267.945,-24066.495,-6932.474999999999,734.985,-29499.66,-11498.85,-3756.7349999999997
-12986.369999999999,-12302.414999999999,-24115.905,-7008.344999999999,681.03,-29553.39,-11550.015,-3769.83
-13000.455,-12323.88,-24154.92,-7098.255,636.975,-29596.5,-11587.095,-3780.855
-12995.595,-12313.89,-24149.25,-7109.6849999999995,665.1899999999999,-29553.12,-11559.96,-3781.2149999999997
-12987.494999999999,-12305.789999999999,-24154.379999999997,-7114.05,691.785,-29494.98,-11504.744999999999,-3775.365
-12975.255,-12291.255,-24112.62,-6982.469999999999,737.595,-29455.875,-11465.279999999999,-3760.515
-12976.83,-12284.46,-24064.515,-6876.719999999999,745.92,-29473.379999999997,-11474.595,-3762.045
-12987.945,-12291.75,-24058.934999999998,-6831.134999999999,731.79,-29499.57,-11500.875,-3772.7999999999997
-12984.57,-12288.42,-24063.885,-6850.17,735.93,-29503.305,-11514.96,-3773.295
-12980.97,-12282.84,-24065.46,-6885.764999999999,742.41,-29496.42,-11516.984999999999,-3770.865
-12978.045,-12281.984999999999,-24075.989999999998,-6933.509999999999,736.11,-29498.76,-11516.49,-3766.5899999999997
-12979.98,-12285.09,-24085.079999999998,-6958.125,730.485,-29500.605,-11519.055,-3768.75
-12977.955,-12282.795,-24082.695,-6943.86,731.79,-29492.1,-11510.64,-3766.365
-12978.314999999999,-12285.314999999999,-24077.655,-6905.205,728.415,-29488.995,-11503.484999999999,-3764.6549999999997
-12984.705,-12293.55,-24080.94,-6905.925,721.755,-29494.62,-11510.279999999999,-3770.5049999999997
-12987.0,-12300.029999999999,-24091.875,-6938.235,716.805,-29496.914999999997,-11516.13,-3770.865
-12987.585,-12303.539999999999,-24105.015,-6949.665,714.87,-29497.905,-11519.189999999999,-3771.72
-12986.414999999999,-12292.47,-24092.19,-6932.115,726.885,-29494.44,-11522.52,-3774.915
-12983.984999999999,-12283.65,-24071.985,-6912.675,747.765,-29478.329999999998,-11516.039999999999,-3772.845
-12982.725,-12288.555,-24082.245,-6929.054999999999,735.7049999999999,-29486.789999999997,-11517.48,-3770.055
-12977.234999999999,-12288.195,-24088.23,-6941.205,720.27,-29504.475,-11521.664999999999,-3763.44
-12980.25,-12291.795,-24093.585,-6946.245,713.745,-29508.254999999997,-11525.49,-3766.5899999999997
-12982.095,-12289.994999999999,-24088.004999999997,-6936.389999999999,722.16,-29501.46,-11525.984999999999,-3768.21
-12977.505,-12284.414999999999,-24081.39,-6935.04,724.005,-29496.375,-11521.664999999999,-3765.5099999999998
-12977.46,-12285.449999999999,-24085.485,-6941.474999999999,730.17,-29482.155,-11506.68,-3763.7549999999997
-12978.135,-12286.215,-24096.239999999998,-6969.825,727.38,-29481.524999999998,-11507.67,-3763.845
-12982.545,-12292.65,-24114.195,-7017.66,712.5749999999999,-29492.55,-11518.289999999999,-3767.94
-12985.605,-12300.345,-24127.829999999998,-7029.045,705.3299999999999,-29501.055,-11522.835,-3767.4449999999997
-12986.234999999999,-12303.855,-24123.735,-7000.425,705.8249999999999,-29507.579999999998,-11525.939999999999,-3765.1949999999997
-12986.685,-12301.515,-24100.965,-6947.46,708.435,-29513.295,-11528.505,-3766.3199999999997
-12985.335,-12298.365,-24094.079999999998,-6944.04,710.145,-29509.065,-11524.455,-3764.9249999999997
-12988.89,-12293.775,-24085.89,-6926.264999999999,719.28,-29498.985,-11525.13,-3773.295
-12990.555,-12293.234999999999,-24088.995,-6915.599999999999,724.995,-29495.745,-11534.67,-3781.2149999999997
-12986.189999999999,-12291.119999999999,-24093.719999999998,-6922.665,721.17,-29496.914999999997,-11537.369999999999,-3778.1099999999997
-12983.085,-12286.439999999999,-24086.295,-6933.554999999999,718.515,-29498.039999999997,-11535.57,-3772.98
-12982.095,-12284.279999999999,-24077.204999999998,-6920.325,723.555,-29493.809999999998,-11522.07,-3763.89
-12986.82,-12291.75,-24088.59,-6934.41,715.005,-29502.36,-11529.494999999999,-3767.58
-12989.115,-12294.9,-24094.844999999998,-6952.365,708.345,-29516.039999999997,-11547.359999999999,-3775.68
-12992.535,-12299.039999999999,-24101.91,-6970.41,701.9549999999999,-29528.055,-11562.66,-3783.33
-12984.885,-12289.32,-24093.09,-6958.304999999999,713.6999999999999,-29517.614999999998,-11550.15,-3779.145
-12975.435,-12277.484999999999,-24075.945,-6923.205,727.3349999999999,-29504.475,-11538.539999999999,-3771.855
-12975.93,-12279.645,-24074.1,-6915.825,730.2149999999999,-29494.664999999997,-11524.77,-3766.995
-12966.48,-12272.715,-24074.19,-6936.075,733.3199999999999,-29483.64,-11498.58,-3749.3999999999996
-12969.539999999999,-12275.324999999999,-24077.34,-6948.945,725.625,-29493.855,-11522.564999999999,-3758.04
-12983.22,-12289.005,-24089.67,-6954.75,717.435,-29499.75,-11544.975,-3772.89
-12995.505,-12298.5,-24094.62,-6939.045,712.0799999999999,-29515.949999999997,-11575.305,-3793.3199999999997
-13000.68,-12306.24,-24105.87,-6954.165,702.405,-29530.934999999998,-11572.83,-3798.8999999999996
-12999.555,-12315.105,-24130.665,-7011.675,695.97,-29516.805,-11512.71,-3776.265
-12998.699999999999,-12321.18,-24145.829999999998,-7047.315,687.6899999999999,-29506.995,-11478.15,-3761.055
-12986.82,-12303.945,-24119.954999999998,-7007.219999999999,691.8299999999999,-29512.62,-11499.48,-3756.4649999999997
-12982.59,-12293.865,-24085.575,-6919.65,712.0799999999999,-29514.645,-11516.265,-3758.7599999999998
-12984.57,-12290.805,-24073.02,-6883.74,733.905,-29504.61,-11516.13,-3766.0499999999997
-12979.935,-12285.045,-24077.204999999998,-6919.2,736.38,-29480.94,-11494.395,-3762.855
-12981.195,-12285.72,-24088.77,-6961.275,729.0,-29479.77,-11501.64,-3771.99
-12989.205,-12296.789999999999,-24109.829999999998,-6988.1849999999995,711.0899999999999,-29502.765,-11525.939999999999,-3780.6299999999997
-12982.365,-12289.77,-24103.53,-6961.23,718.8299999999999,-29501.414999999997,-11524.32,-3773.3399999999997
-12976.064999999999,-12280.455,-24075.18,-6899.58,728.28,-29499.57,-11516.895,-3767.355
-12977.505,-12282.795,-24073.92,-6902.054999999999,724.77,-29505.555,-11509.515,-3762.585
-12988.8,-12295.845,-24089.805,-6929.054999999999,717.345,-29513.114999999998,-11512.395,-3770.055
-12987.18,-12294.855,-24090.614999999998,-6932.429999999999,721.485,-29511.315,-11514.645,-3770.19
-12982.05,-12290.895,-24091.559999999998,-6938.37,718.11,-29513.43,-11517.84,-3765.69
-12981.465,-12289.365,-24087.42,-6939.63,718.29,-29511.719999999998,-11518.83,-3766.455
-12982.14,-12292.38,-24093.405,-6945.75,717.93,-29508.84,-11518.695,-3766.995
-12986.055,-12297.555,-24100.739999999998,-6951.6449999999995,719.64,-29505.69,-11519.73,-3769.6949999999997
-12987.675,-12297.555,-24101.055,-6955.605,716.805,-29506.635,-11522.654999999999,-3772.62
-12984.705,-12291.93,-24094.53,-6953.535,711.18,-29511.539999999997,-11526.029999999999,-3771.0899999999997
-12983.49,-12290.175,-24090.21,-6938.009999999999,722.61,-29504.879999999997,-11521.17,-3767.58
-12986.414999999999,-12295.664999999999,-24095.024999999998,-6936.344999999999,725.4449999999999,-29504.789999999997,-11520.63,-3769.47
-12985.74,-12298.994999999999,-24105.105,-6955.695,717.7049999999999,-29510.504999999997,-11522.34,-3768.8399999999997
-12985.38,-12299.49,-24111.945,-6977.745,715.14,-29511.045,-11523.51,-3767.085
-12987.539999999999,-12296.789999999999,-24115.77,-7018.965,705.735,-29516.579999999998,-11532.33,-3770.19
-12990.555,-12298.814999999999,-24126.21,-7060.815,688.9499999999999,-29526.21,-11542.095,-3774.555
-12987.404999999999,-12296.564999999999,-24110.91,-7026.929999999999,695.0699999999999,-29522.34,-11538.404999999999,-3772.665
-12987.0,-12300.074999999999,-24107.94,-6959.205,708.66,-29511.495,-11525.939999999999,-3770.37
-12979.394999999999,-12290.58,-24085.934999999998,-6896.925,733.095,-29496.42,-11513.25,-3764.205
