ch0,ch1,ch2,ch3,ch4,ch5,ch6,ch7
-11074.994999999999,-11877.255,-23112.675,-6703.65,336.06,-30377.52,-13604.939999999999,-3976.3799999999997
-11066.984999999999,-11865.734999999999,-23099.355,-6687.315,345.15,-30373.199999999997,-13600.215,-3972.015
-11069.955,-11868.255,-23107.59,-6686.639999999999,347.895,-30382.155,-13596.615,-3970.845
-11077.154999999999,-11882.295,-23128.335,-6712.469999999999,341.46,-30396.329999999998,-13597.154999999999,-3977.865
-11059.515,-11856.96,-23098.59,-6695.19,363.87,-30383.37,-13597.109999999999,-3989.6099999999997
-11050.74,-11833.154999999999,-23065.02,-6668.37,406.08,-30357.945,-13592.43,-3998.3849999999998
-11028.33,-11785.14,-22997.52,-6607.8,472.635,-30310.605,-13588.064999999999,-4010.085
-11050.965,-11797.154999999999,-22992.704999999998,-6595.245,449.46,-30340.215,-13598.505,-4037.4449999999997
-11091.06,-11867.22,-23070.555,-6658.514999999999,359.235,-30425.399999999998,-13588.47,-4013.37
-11102.31,-11885.85,-23093.684999999998,-6670.215,352.71,-30411.945,-13594.095,-4010.22
-11108.295,-11918.609999999999,-23138.774999999998,-6729.974999999999,294.795,-30453.254999999997,-13595.039999999999,-3969.72
-11076.885,-11926.035,-23165.594999999998,-6774.3,228.105,-30496.635,-13571.369999999999,-3900.24
-11042.369999999999,-11883.96,-23122.89,-6732.99,275.445,-30459.69,-13559.49,-3905.19
-11053.8,-11865.015,-23090.85,-6694.38,326.745,-30449.07,-13569.345,-3961.62
-11046.6,-11835.99,-23054.129999999997,-6640.335,403.46999999999997,-30424.815,-13573.935,-3981.24
-11088.81,-11889.314999999999,-23109.524999999998,-6687.945,360.945,-30472.965,-13586.939999999999,-3991.14
-11115.225,-11925.855,-23146.559999999998,-6729.75,312.705,-30507.57,-13580.1,-3982.9049999999997
-11089.305,-11907.09,-23130.315,-6713.639999999999,334.53,-30478.32,-13537.619999999999,-3955.68
-11086.289999999999,-11893.725,-23112.629999999997,-6691.455,370.62,-30440.07,-13522.41,-3978.0899999999997
-11079.494999999999,-11880.314999999999,-23098.59,-6676.65,388.305,-30406.59,-13530.105,-3994.245
-11053.17,-11850.255,-23066.28,-6641.37,421.56,-30386.879999999997,-13520.385,-3965.04
-11047.455,-11853.18,-23066.145,-6632.19,451.62,-30383.64,-13515.57,-3936.33
-11072.789999999999,-11890.664999999999,-23098.815,-6656.715,446.625,-30415.364999999998,-13540.23,-3930.8399999999997
-11075.265,-11902.275,-23123.835,-6704.955,365.31,-30467.655,-13530.96,-3925.845
-11091.285,-11921.58,-23149.305,-6744.24,307.03499999999997,-30481.335,-13505.58,-3939.165
-11101.455,-11923.244999999999,-23141.79,-6728.715,336.51,-30464.954999999998,-13501.935,-3958.515
-11080.574999999999,-11896.38,-23118.344999999998,-6709.724999999999,353.29499999999996,-30462.93,-13504.23,-3950.2799999999997
-11082.465,-11899.125,-23122.26,-6710.849999999999,355.995,-30468.239999999998,-13503.195,-3952.89
-11081.295,-11892.51,-23111.145,-6697.215,370.935,-30462.03,-13494.33,-3954.4649999999997
-11082.779999999999,-11891.52,-23105.07,-6692.4,381.375,-30449.204999999998,-13481.369999999999,-3955.68
-11088.675,-11893.68,-23105.655,-6689.115,391.72499999999997,-30446.64,-13477.814999999999,-3962.205
-11088.63,-11884.994999999999,-23097.645,-6680.565,394.065,-30444.12,-13470.164999999999,-3962.115
-11087.82,-11879.369999999999,-23095.44,-6677.46,399.96,-30443.579999999998,-13474.17,-3961.08
-11091.96,-11882.34,-23101.695,-6681.87,401.4,-30446.954999999998,-13465.574999999999,-3952.5299999999997
-11105.01,-11885.085,-23102.64,-6680.429999999999,405.53999999999996,-30439.8,-13450.23,-3953.565
-11116.125,-11878.785,-23095.89,-6674.355,411.47999999999996,-30439.125,-13449.689999999999,-3957.0299999999997
-11133.0,-11870.73,-23087.7,-6665.94,418.905,-30438.989999999998,-13453.83,-3977.595
-11152.529999999999,-11873.654999999999,-23090.129999999997,-6665.58,420.03,-30436.335,-13442.49,-3988.5299999999997
-11157.615,-11858.039999999999,-23070.915,-6642.45,442.48499999999996,-30423.96,-13435.695,-3980.745
-11156.715,-11833.109999999999,-23040.945,-6606.315,486.71999999999997,-30383.055,-13428.945,-3967.47
-11168.865,-11836.98,-23050.575,-6622.875,484.78499999999997,-30378.239999999998,-13431.42,-3953.115
-11187.494999999999,-11848.77,-23068.62,-6670.3949999999995,409.09499999999997,-30400.289999999997,-13407.48,-3943.89
-11225.654999999999,-11869.289999999999,-23084.55,-6690.465,374.03999999999996,-30408.795,-13411.845,-3966.795
-11238.795,-11866.77,-23073.21,-6635.88,458.055,-30383.324999999997,-13422.734999999999,-3973.095
-11261.97,-11878.605,-23077.934999999998,-6600.24,496.125,-30386.52,-13414.904999999999,-3985.1549999999997
-11261.97,-11876.58,-23083.965,-6616.304999999999,457.91999999999996,-30388.815,-13379.265,-3970.17
-11280.869999999999,-11886.48,-23091.03,-6611.085,486.135,-30369.645,-13397.805,-3982.68
-11297.564999999999,-11907.585,-23130.945,-6656.219999999999,438.57,-30388.995,-13392.09,-3985.245
-11298.42,-11893.77,-23126.175,-6648.03,436.68,-30372.57,-13373.369999999999,-3979.62
-11304.359999999999,-11888.46,-23119.379999999997,-6626.88,468.495,-30349.079999999998,-13362.39,-3962.295
-11293.244999999999,-11876.175,-23112.765,-6633.315,458.145,-30355.875,-13361.715,-3941.145
-11304.945,-11886.885,-23126.805,-6653.655,432.27,-30371.219999999998,-13388.31,-3945.7799999999997
-11328.48,-11898.945,-23127.795,-6629.49,475.74,-30316.995,-13379.039999999999,-3971.205
-11310.93,-11847.555,-23060.475,-6558.12,530.8199999999999,-30261.105,-13356.269999999999,-3979.17
-11326.365,-11839.994999999999,-23036.94,-6536.384999999999,524.34,-30246.57,-13315.095,-3983.355
-11357.369999999999,-11855.43,-23045.355,-6535.035,541.035,-30230.145,-13298.039999999999,-3993.12
-11373.255,-11876.22,-23071.635,-6544.44,574.0649999999999,-30210.84,-13331.835,-3984.705
-11378.16,-11912.58,-23130.809999999998,-6613.83,484.875,-30278.835,-13343.85,-3950.5049999999997
-11386.395,-11909.744999999999,-23139.54,-6643.485,414.45,-30314.969999999998,-13345.019999999999,-3956.58
-11392.605,-11888.91,-23110.515,-6603.84,472.185,-30254.039999999997,-13329.269999999999,-3960.45
-11405.205,-11878.875,-23090.895,-6567.66,520.785,-30194.594999999998,-13312.215,-3975.795
-11395.89,-11840.445,-23044.274999999998,-6505.38,581.5799999999999,-30125.565,-13276.215,-3988.44
-11394.18,-11819.564999999999,-23019.57,-6476.49,605.88,-30090.42,-13229.505,-3982.455
-11400.57,-11825.73,-23030.504999999997,-6496.83,564.345,-30090.555,-13200.93,-3958.56
-11391.255,-11806.109999999999,-23011.739999999998,-6472.755,591.255,-30065.895,-13206.689999999999,-3956.58
-11429.685,-11854.305,-23060.52,-6508.844999999999,581.9399999999999,-30079.395,-13236.345,-3947.3999999999996
-11428.154999999999,-11856.824999999999,-23065.29,-6516.315,557.01,-30086.414999999997,-13222.619999999999,-3917.3849999999998
-11452.904999999999,-11865.914999999999,-23069.385,-6511.95,553.905,-30074.805,-13222.755,-3944.565
-11486.654999999999,-11905.605,-23111.82,-6549.795,522.135,-30085.065,-13220.279999999999,-3945.42
-11487.465,-11902.23,-23110.695,-6552.855,500.58,-30092.445,-13218.119999999999,-3940.9649999999997
-11473.289999999999,-11874.285,-23081.94,-6525.134999999999,516.87,-30079.125,-13209.345,-3930.93
-11456.82,-11850.119999999999,-23061.915,-6511.32,514.26,-30084.93,-13206.24,-3926.79
-11453.58,-11835.63,-23053.5,-6501.554999999999,529.335,-30072.329999999998,-13223.519999999999,-3952.44
-11491.02,-11862.404999999999,-23078.114999999998,-6525.45,496.26,-30082.14,-13238.595,-4002.705
-11527.875,-11869.244999999999,-23067.54,-6502.23,519.7049999999999,-30066.164999999997,-13264.244999999999,-4046.085
-11515.949999999999,-11856.689999999999,-23063.805,-6511.59,493.10999999999996,-30094.92,-13259.115,-4009.9049999999997
-11525.715,-11887.56,-23093.19,-6531.165,480.51,-30097.35,-13252.32,-3986.46
-11552.355,-11909.52,-23104.665,-6530.849999999999,482.66999999999996,-30092.94,-13272.3,-4003.6949999999997
-11566.89,-11938.904999999999,-23152.905,-6579.99,426.10499999999996,-30109.59,-13264.064999999999,-3994.3799999999997
-11539.395,-11910.96,-23126.579999999998,-6546.15,441.71999999999997,-30098.295,-13251.285,-3961.71
-11528.73,-11913.074999999999,-23133.465,-6543.134999999999,473.13,-30054.914999999997,-13246.154999999999,-3940.605
-11523.734999999999,-11915.234999999999,-23154.48,-6589.259999999999,384.79499999999996,-30066.614999999998,-13158.945,-3918.33
-11523.42,-11899.125,-23123.925,-6564.915,386.145,-30017.835,-13111.064999999999,-3926.79
-11524.994999999999,-11892.195,-23110.515,-6531.165,429.705,-29963.43,-13085.73,-3930.12
-11544.48,-11908.664999999999,-23126.625,-6520.275,429.93,-29969.1,-13117.095,-3950.415
-11537.369999999999,-11888.46,-23098.815,-6474.014999999999,452.15999999999997,-29947.995,-13145.939999999999,-3953.3399999999997
-11556.18,-11915.279999999999,-23134.364999999998,-6515.505,415.84499999999997,-29949.975,-13160.205,-3956.04
-11583.855,-11943.449999999999,-23172.075,-6558.12,398.115,-29938.454999999998,-13170.33,-3970.5299999999997
-11574.63,-11932.425,-23174.055,-6563.61,381.10499999999996,-29909.024999999998,-13168.89,-3966.075
-11557.305,-11891.115,-23123.295,-6505.2,405.99,-29833.245,-13121.234999999999,-3972.375
-11539.17,-11862.81,-23085.855,-6434.46,471.33,-29757.735,-13135.095,-3974.58
-11546.46,-11873.025,-23073.795,-6415.38,423.495,-29732.399999999998,-13134.06,-3965.535
-11546.865,-11865.779999999999,-23061.51,-6410.25,416.025,-29682.855,-13113.585,-3954.015
-11550.42,-11870.955,-23077.079999999998,-6422.58,431.19,-29622.239999999998,-13111.56,-3952.845
-11542.275,-11850.57,-23051.52,-6370.695,485.90999999999997,-29533.14,-13089.689999999999,-3954.4649999999997
-11543.535,-11849.984999999999,-23032.754999999997,-6342.48,489.555,-29456.19,-13031.414999999999,-3943.89
-11541.15,-11835.404999999999,-22994.64,-6283.3949999999995,543.555,-29339.73,-13017.824999999999,-3945.1949999999997
-11544.435,-11830.32,-22994.73,-6260.804999999999,581.535,-29277.045,-13033.935,-3950.325
-11563.965,-11858.22,-23035.004999999997,-6275.61,576.36,-29235.87,-13052.744999999999,-3958.245
-11572.695,-11875.05,-23057.91,-6301.44,539.37,-29197.305,-13036.949999999999,-3949.2
-11578.14,-11874.24,-23054.67,-6299.594999999999,523.035,-29147.76,-13029.57,-3953.565
-11560.5,-11843.055,-23021.73,-6269.264999999999,535.3199999999999,-29090.789999999997,-13019.22,-3942.18
-11576.115,-11854.26,-23026.05,-6253.74,576.5849999999999,-29014.695,-13034.519999999999,-3956.625
-11583.045,-11865.015,-23034.555,-6249.42,596.97,-28950.254999999997,-13039.83,-3955.995
-11587.68,-11867.49,-23039.594999999998,-6251.219999999999,599.04,-28890.36,-13019.445,-3956.94
-11600.91,-11881.619999999999,-23060.114999999998,-6270.075,578.97,-28869.614999999998,-13010.039999999999,-3962.8799999999997
-11591.64,-11874.465,-23065.02,-6265.17,610.3349999999999,-28811.43,-13001.535,-3952.7549999999997
-11597.22,-11876.805,-23061.645,-6261.615,627.93,-28754.954999999998,-12984.795,-3952.395
-11596.545,-11869.74,-23050.844999999998,-6247.125,646.785,-28721.295,-12984.119999999999,-3953.7
-11598.029999999999,-11868.164999999999,-23052.42,-6246.855,654.48,-28697.265,-12985.064999999999,-3956.49
-11591.73,-11860.965,-23045.895,-6238.844999999999,681.48,-28640.295,-12971.744999999999,-3950.2799999999997
-11587.77,-11849.984999999999,-23031.629999999997,-6234.389999999999,688.86,-28608.3,-12959.82,-3948.39
-11590.56,-11862.99,-23054.805,-6257.025,690.03,-28589.805,-12962.295,-3940.3799999999997
-11598.345,-11861.64,-23048.325,-6258.825,700.245,-28552.545,-12945.105,-3951.0
-11604.869999999999,-11853.314999999999,-23038.11,-6254.1449999999995,708.885,-28537.469999999998,-12935.97,-3971.565
-11618.505,-11862.72,-23043.42,-6259.679999999999,718.875,-28508.67,-12927.869999999999,-3983.04
-11611.305,-11853.765,-23028.075,-6243.525,741.06,-28484.594999999998,-12919.005,-3972.69
-11598.57,-11852.145,-23030.19,-6244.0199999999995,756.405,-28471.905,-12911.265,-3947.85
-11590.56,-11859.615,-23046.03,-6267.195,742.68,-28487.655,-12905.189999999999,-3923.955
-11587.365,-11858.939999999999,-23042.879999999997,-6271.514999999999,748.89,-28481.985,-12901.005,-3912.93
-11598.615,-11876.4,-23069.16,-6303.915,728.865,-28502.73,-12910.59,-3920.625
-11607.39,-11872.305,-23063.535,-6307.83,732.285,-28497.285,-12902.445,-3935.3849999999998
-11619.72,-11880.81,-23069.07,-6315.75,736.47,-28493.145,-12893.49,-3944.52
-11618.234999999999,-11876.939999999999,-23069.024999999998,-6321.825,738.495,-28500.704999999998,-12889.664999999999,-3942.495
-11627.595,-11887.38,-23076.719999999998,-6332.04,736.245,-28503.36,-12887.955,-3946.725
-11636.73,-11899.17,-23093.235,-6352.514999999999,721.485,-28520.37,-12894.255,-3952.17
-11642.85,-11893.5,-23089.59,-6352.605,743.355,-28504.53,-12897.945,-3973.725
-11649.645,-11880.404999999999,-23063.085,-6335.235,765.855,-28493.28,-12884.58,-3991.365
-11650.68,-11884.77,-23069.295,-6344.55,769.905,-28484.82,-12865.68,-3992.895
-11635.47,-11869.289999999999,-23058.405,-6343.83,781.02,-28466.594999999998,-12820.41,-3965.22
-11608.965,-11858.445,-23052.645,-6343.65,762.435,-28490.76,-12789.9,-3917.8799999999997
-11633.535,-11890.125,-23083.829999999998,-6366.105,748.62,-28513.215,-12801.869999999999,-3944.115
-11636.775,-11880.09,-23068.575,-6350.13,764.73,-28513.125,-12791.295,-3951.6749999999997
-11631.015,-11869.38,-23047.469999999998,-6332.49,794.6999999999999,-28487.34,-12797.279999999999,-3946.095
-11637.09,-11893.455,-23077.844999999998,-6381.0,774.225,-28516.545,-12830.445,-3941.055
-11652.66,-11911.185,-23113.98,-6458.49,738.36,-28564.11,-12827.43,-3957.435
-11656.574999999999,-11890.529999999999,-23099.129999999997,-6461.28,764.055,-28542.375,-12806.324999999999,-3982.14
-11645.865,-11880.539999999999,-23107.77,-6462.179999999999,745.02,-28576.17,-12782.609999999999,-3977.1
-11625.84,-11871.225,-23087.61,-6405.705,759.555,-28582.155,-12745.215,-3936.1949999999997
-11589.885,-11834.279999999999,-23018.489999999998,-6311.34,797.4449999999999,-28562.489999999998,-12721.994999999999,-3888.45
-11590.154999999999,-11839.365,-23015.25,-6314.535,771.885,-28600.695,-12722.535,-3890.0249999999996
-11631.779999999999,-11870.955,-23044.77,-6350.67,784.035,-28585.844999999998,-12728.385,-3940.02
-11637.855,-11848.005,-23018.445,-6339.915,800.865,-28591.02,-12742.289999999999,-3975.39
-11639.43,-11844.18,-23015.61,-6345.945,800.28,-28594.934999999998,-12739.859999999999,-3981.1949999999997
-11637.99,-11845.439999999999,-23021.19,-6339.375,828.405,-28571.355,-12724.154999999999,-3969.8999999999996
-11641.23,-11864.115,-23044.77,-6373.889999999999,801.3149999999999,-28600.289999999997,-12712.635,-3953.3399999999997
-11621.205,-11862.494999999999,-23058.09,-6422.8949999999995,770.7149999999999,-28629.945,-12701.609999999999,-3931.4249999999997
-11636.955,-11869.83,-23073.344999999998,-6457.139999999999,765.36,-28637.1,-12699.855,-3944.3399999999997
-11632.455,-11876.85,-23087.16,-6471.45,735.975,-28684.17,-12712.365,-3923.73
-11631.195,-11892.015,-23108.219999999998,-6470.415,733.3199999999999,-28696.68,-12729.779999999999,-3910.14
-11656.484999999999,-11892.015,-23088.915,-6437.34,728.28,-28711.125,-12743.55,-3964.545
-11660.76,-11877.93,-23066.954999999998,-6411.105,731.655,-28719.675,-12731.67,-3983.85
-11677.904999999999,-11891.744999999999,-23077.17,-6421.59,749.5649999999999,-28708.829999999998,-12712.32,-3993.93
-11652.975,-11874.779999999999,-23060.879999999997,-6414.929999999999,769.77,-28709.145,-12710.205,-3964.41
-11614.859999999999,-11877.345,-23074.515,-6441.615,730.035,-28754.055,-12702.96,-3898.665
-11625.93,-11877.345,-23066.145,-6430.094999999999,745.8299999999999,-28750.815,-12675.689999999999,-3912.705
-11624.49,-11858.13,-23050.305,-6420.105,770.5799999999999,-28742.805,-12656.115,-3926.97
-11627.46,-11859.48,-23053.14,-6436.755,760.86,-28765.53,-12673.125,-3935.7
-11622.195,-11860.875,-23058.989999999998,-6442.74,759.375,-28770.39,-12667.455,-3927.015
-11620.619999999999,-11866.994999999999,-23065.155,-6451.245,742.3199999999999,-28791.629999999997,-12653.64,-3916.89
-11628.045,-11864.88,-23052.195,-6429.33,744.48,-28802.07,-12645.045,-3921.39
-11616.93,-11850.255,-23033.79,-6412.95,754.515,-28802.565,-12624.795,-3913.245
-11620.26,-11850.345,-23043.51,-6428.474999999999,752.49,-28813.905,-12633.164999999999,-3921.39
-11628.99,-11860.965,-23058.495,-6457.365,729.18,-28841.85,-12648.689999999999,-3931.83
-11630.789999999999,-11866.05,-23070.465,-6481.889999999999,721.17,-28854.899999999998,-12648.375,-3935.0699999999997
-11632.77,-11864.789999999999,-23079.375,-6495.389999999999,723.645,-28858.59,-12636.72,-3943.845
-11655.135,-11871.855,-23073.93,-6486.48,740.295,-28848.645,-12616.289999999999,-3971.0249999999996
-11653.965,-11856.734999999999,-23039.325,-6435.405,775.395,-28832.039999999997,-12608.189999999999,-3974.1749999999997
-11646.494999999999,-11854.439999999999,-23022.945,-6407.505,758.385,-28855.53,-12614.805,-3959.5499999999997
-11631.465,-11856.555,-23040.989999999998,-6458.04,720.72,-28899.945,-12616.65,-3925.125
-11617.289999999999,-11873.654999999999,-23109.165,-6615.99,670.545,-28947.42,-12625.92,-3899.3399999999997
-11627.234999999999,-11883.555,-23146.2,-6688.755,649.53,-28967.67,-12628.98,-3917.8799999999997
-11636.279999999999,-11894.039999999999,-23161.995,-6673.634999999999,650.475,-28970.594999999998,-12626.64,-3928.6349999999998
-11650.32,-11907.18,-23162.265,-6586.965,666.36,-28958.94,-12613.275,-3943.35
-11645.234999999999,-11888.865,-23088.645,-6466.59,684.855,-28968.704999999998,-12614.67,-3945.285
-11647.395,-11877.615,-23050.26,-6430.815,695.8349999999999,-28993.41,-12628.08,-3950.5049999999997
-11645.01,-11871.855,-23079.6,-6503.985,690.615,-29006.19,-12629.43,-3953.115
-11642.939999999999,-11871.09,-23085.765,-6527.205,696.555,-29011.364999999998,-12624.39,-3953.6549999999997
-11664.765,-11897.865,-23092.469999999998,-6500.384999999999,719.4599999999999,-28987.605,-12610.89,-3975.2999999999997
-11647.215,-11858.85,-23036.04,-6454.8,712.62,-29022.12,-12584.97,-3969.855
-11654.414999999999,-11861.91,-23020.829999999998,-6437.384999999999,694.98,-29056.68,-12595.994999999999,-3972.285
-11641.949999999999,-11834.595,-22986.135,-6390.495,729.5849999999999,-29053.98,-12599.369999999999,-3973.77
-11648.16,-11831.895,-22992.39,-6411.014999999999,735.93,-29057.399999999998,-12595.77,-3996.315
-11669.175,-11853.09,-23019.84,-6448.86,709.74,-29058.975,-12539.88,-4021.02
-11673.945,-11842.109999999999,-23002.379999999997,-6428.429999999999,741.9599999999999,-29028.195,-12512.789999999999,-4041.45
-11638.845,-11827.98,-22993.02,-6413.175,756.72,-29036.7,-12519.359999999999,-3983.58
-11595.015,-11834.234999999999,-23013.405,-6435.315,729.63,-29080.215,-12526.83,-3897.315
-11612.115,-11854.8,-23034.42,-6468.615,693.855,-29132.55,-12546.18,-3899.745
-11638.17,-11878.965,-23069.295,-6508.8,664.56,-29175.12,-12570.84,-3927.915
-11662.154999999999,-11914.02,-23116.454999999998,-6563.429999999999,610.02,-29235.96,-12582.99,-3931.92
-11668.77,-11925.045,-23125.905,-6569.82,605.745,-29252.7,-12586.545,-3932.73
-11648.385,-11898.404999999999,-23093.055,-6538.995,626.67,-29250.135,-12584.564999999999,-3925.935
-11640.465,-11895.57,-23090.895,-6535.665,634.095,-29253.015,-12582.0,-3926.8799999999997
-11639.564999999999,-11875.68,-23067.629999999997,-6518.384999999999,660.42,-29233.125,-12555.99,-3954.7349999999997
-11626.064999999999,-11842.289999999999,-23026.004999999997,-6497.639999999999,679.68,-29239.469999999998,-12550.365,-3958.605
-11607.39,-11826.0,-23014.89,-6525.719999999999,668.0699999999999,-29216.879999999997,-12508.425,-3934.395
-11634.795,-11881.89,-23115.78,-6643.08,598.365,-29286.315,-12508.064999999999,-3923.46
-11627.775,-11895.795,-23152.004999999997,-6660.585,603.855,-29306.7,-12523.68,-3899.745
-11638.8,-11895.39,-23131.98,-6610.1849999999995,622.4399999999999,-29296.485,-12521.789999999999,-3925.665
-11646.09,-11884.23,-23083.739999999998,-6516.179999999999,636.435,-29313.809999999998,-12513.33,-3943.845
-11641.77,-11869.74,-23023.844999999998,-6422.8949999999995,671.76,-29301.93,-12510.63,-3945.24
-11636.145,-11858.939999999999,-23016.375,-6452.415,654.435,-29322.539999999997,-12506.58,-3939.435
-11631.869999999999,-11860.74,-23047.379999999997,-6511.724999999999,632.6999999999999,-29336.805,-12505.14,-3934.7549999999997
-11644.47,-11876.67,-23076.27,-6548.67,631.53,-29329.965,-12508.965,-3948.345
-11662.515,-11898.9,-23097.735,-6568.65,616.86,-29343.96,-12534.57,-3964.185
-11655.18,-11885.67,-23083.29,-6562.44,606.285,-29367.899999999998,-12561.029999999999,-3967.02
-11664.09,-11893.005,-23094.27,-6582.6449999999995,607.3199999999999,-29367.809999999998,-12559.725,-3975.93
-11655.945,-11884.545,-23104.305,-6600.6449999999995,636.615,-29332.035,-12523.5,-3969.315
-11633.355,-11866.904999999999,-23114.969999999998,-6629.8949999999995,630.27,-29312.82,-12454.965,-3941.19
-11640.824999999999,-11883.285,-23132.565,-6644.07,583.875,-29346.3,-12442.14,-3935.745
-11634.975,-11863.484999999999,-23064.704999999998,-6539.849999999999,616.905,-29337.344999999998,-12457.17,-3938.535
-11641.545,-11861.73,-23025.239999999998,-6481.575,623.16,-29346.93,-12473.145,-3950.19
-11643.029999999999,-11868.57,-23040.855,-6475.23,624.375,-29345.219999999998,-12475.574999999999,-3952.44
-11637.72,-11858.805,-23025.825,-6464.655,637.785,-29347.245,-12487.32,-3949.3799999999997
-11643.164999999999,-11866.59,-23046.12,-6509.565,615.3299999999999,-29364.84,-12498.705,-3953.7
-11648.025,-11874.195,-23065.245,-6535.844999999999,593.37,-29375.684999999998,-12494.475,-3958.3799999999997
-11648.295,-11872.395,-23064.39,-6540.075,594.81,-29356.155,-12483.765,-3960.99
-11636.145,-11857.814999999999,-23043.465,-6525.09,615.9599999999999,-29333.024999999998,-12457.305,-3947.22
-11634.795,-11855.699999999999,-23036.129999999997,-6520.5,633.105,-29328.164999999997,-12455.955,-3942.9449999999997
-11640.105,-11863.305,-23045.985,-6532.695,631.62,-29322.719999999998,-12462.345,-3946.455
-11640.465,-11872.529999999999,-23087.07,-6585.525,607.68,-29325.87,-12471.93,-3947.355
-11641.68,-11875.5,-23101.559999999998,-6606.54,586.665,-29334.555,-12484.71,-3951.495
-11646.09,-11873.07,-23091.39,-6620.445,549.18,-29354.399999999998,-12504.465,-3959.2799999999997
-11652.345,-11894.49,-23126.985,-6659.235,527.76,-29354.355,-12498.84,-3958.3799999999997
-11654.91,-11900.34,-23131.305,-6681.69,548.1,-29338.02,-12478.59,-3955.995
-11655.0,-11892.465,-23130.675,-6705.764999999999,559.26,-29328.57,-12462.705,-3959.685
-11650.949999999999,-11886.93,-23123.07,-6659.054999999999,581.4449999999999,-29310.524999999998,-12438.09,-3955.0049999999997
-11640.51,-11868.345,-23063.219999999998,-6537.105,617.535,-29285.19,-12427.875,-3944.7
-11644.02,-11864.97,-23010.66,-6440.445,616.3199999999999,-29307.69,-12450.285,-3944.3399999999997
-11631.869999999999,-11840.039999999999,-22973.985,-6412.139999999999,647.28,-29287.17,-12449.699999999999,-3943.08
-11635.695,-11849.22,-23006.25,-6470.955,642.465,-29278.395,-12454.244999999999,-3951.495
-11637.045,-11849.49,-23016.239999999998,-6488.37,644.5799999999999,-29266.155,-12460.5,-3960.72
-11637.81,-11853.72,-23027.94,-6510.69,614.925,-29290.545,-12458.654999999999,-3958.83
-11637.765,-11854.935,-23030.46,-6516.54,613.8,-29287.844999999998,-12464.46,-3959.8199999999997
-11635.47,-11853.585,-23029.245,-6517.485,618.345,-29278.44,-12458.564999999999,-3954.4649999999997
-11645.865,-11871.314999999999,-23048.145,-6537.42,603.135,-29290.004999999997,-12458.609999999999,-3956.265
-11655.27,-11877.93,-23054.805,-6548.355,596.16,-29299.094999999998,-12463.109999999999,-3966.075
-11654.82,-11872.935,-23049.855,-6547.139999999999,600.84,-29296.98,-12454.695,-3968.055
-11658.33,-11873.564999999999,-23052.195,-6552.54,597.3299999999999,-29301.795,-12451.32,-3974.94
-11655.765,-11873.205,-23053.32,-6558.795,585.36,-29318.76,-12448.395,-3968.415
-11643.435,-11873.97,-23060.385,-6558.255,605.52,-29289.69,-12424.455,-3945.06
-11627.324999999999,-11863.215,-23056.155,-6562.575,594.0,-29300.85,-12413.205,-3930.48
-11636.189999999999,-11859.93,-23046.614999999998,-6554.474999999999,603.54,-29299.184999999998,-12434.13,-3958.47
-11682.09,-11872.935,-23052.555,-6566.355,595.935,-29305.215,-12450.015,-4034.835
-11695.68,-11863.35,-23051.07,-6587.73,582.255,-29324.07,-12452.58,-4085.73
-11696.49,-11852.865,-23044.635,-6578.19,596.97,-29317.68,-12435.255,-4085.415
-11677.275,-11848.68,-23036.67,-6551.054999999999,620.055,-29289.78,-12377.115,-4018.995
-11649.24,-11892.869999999999,-23081.625,-6586.695,566.235,-29341.079999999998,-12385.529999999999,-3908.115
-11616.029999999999,-11918.835,-23114.07,-6619.7699999999995,502.38,-29419.02,-12441.6,-3838.23
-11621.654999999999,-11911.365,-23102.055,-6616.215,502.46999999999997,-29432.295,-12462.345,-3861.495
-11629.484999999999,-11891.115,-23081.715,-6601.5,518.85,-29413.125,-12447.27,-3905.2349999999997
-11653.244999999999,-11903.939999999999,-23092.379999999997,-6625.62,513.4499999999999,-29404.844999999998,-12423.689999999999,-3935.7
-11653.335,-11900.295,-23089.77,-6628.455,528.885,-29392.92,-12402.539999999999,-3933.1349999999998
-11639.43,-11882.43,-23081.535,-6627.554999999999,542.52,-29401.155,-12405.645,-3923.64
-11652.84,-11902.59,-23108.805,-6642.2699999999995,533.385,-29415.195,-12431.295,-3942.81
-11668.994999999999,-11916.539999999999,-23136.48,-6690.014999999999,511.56,-29407.5,-12426.57,-3965.805
-11656.439999999999,-11892.689999999999,-23135.805,-6707.79,526.635,-29383.695,-12418.38,-3973.23
-11636.145,-11866.365,-23106.015,-6681.915,519.0749999999999,-29408.805,-12404.789999999999,-3947.58
-11628.855,-11868.525,-23100.795,-6688.98,500.58,-29456.504999999997,-12403.98,-3927.69
-11645.414999999999,-11890.98,-23082.84,-6636.42,491.17499999999995,-29489.489999999998,-12407.445,-3931.92
-11648.52,-11886.164999999999,-23062.905,-6587.235,542.0699999999999,-29474.82,-12410.73,-3940.6949999999997
-11644.56,-11879.595,-23066.64,-6581.5199999999995,559.845,-29454.57,-12403.529999999999,-3944.0699999999997
-11642.85,-11882.16,-23076.135,-6594.75,531.18,-29455.335,-12381.435,-3941.415
-11635.515,-11871.27,-23061.96,-6599.7,531.27,-29447.82,-12367.35,-3936.24
-11643.119999999999,-11879.055,-23081.715,-6617.07,542.79,-29437.11,-12369.375,-3944.3399999999997
-11648.07,-11891.205,-23100.885,-6635.565,533.97,-29467.62,-12383.865,-3946.0049999999997
-11640.779999999999,-11884.005,-23082.704999999998,-6596.19,549.855,-29484.629999999997,-12393.675,-3942.4049999999997
-11642.039999999999,-11884.545,-23074.155,-6576.884999999999,547.02,-29500.785,-12400.199999999999,-3945.7799999999997
-11646.765,-11877.93,-23047.245,-6540.929999999999,566.055,-29490.39,-12377.16,-3950.64
-11642.939999999999,-11869.515,-23036.67,-6541.5599999999995,580.545,-29477.295,-12357.72,-3945.285
-11639.789999999999,-11864.925,-23044.635,-6569.37,563.67,-29502.629999999997,-12373.244999999999,-3945.915
-11636.955,-11869.74,-23070.645,-6611.04,538.65,-29525.039999999997,-12376.89,-3940.1549999999997
-11640.33,-11880.09,-23088.645,-6625.125,524.2049999999999,-29524.949999999997,-12373.92,-3945.33
-11646.045,-11880.449999999999,-23075.325,-6632.73,529.56,-29516.94,-12367.305,-3950.8199999999997
-11647.98,-11887.244999999999,-23082.03,-6658.29,522.4499999999999,-29527.199999999997,-12370.32,-3951.54
-11651.939999999999,-11888.279999999999,-23083.649999999998,-6658.065,521.55,-29551.094999999998,-12388.005,-3959.055
-11646.494999999999,-11873.564999999999,-23056.605,-6585.03,559.755,-29536.739999999998,-12366.765,-3952.2149999999997
-11653.02,-11879.324999999999,-23040.315,-6534.36,553.41,-29536.379999999997,-12372.164999999999,-3959.0099999999998
-11649.06,-11874.779999999999,-23039.594999999998,-6558.21,538.65,-29565.539999999997,-12386.564999999999,-3951.4049999999997
-11656.215,-11891.52,-23084.145,-6650.28,495.945,-29618.28,-12401.595,-3947.49
-11655.63,-11889.18,-23096.385,-6685.29,491.03999999999996,-29635.515,-12428.64,-3957.795
-11660.4,-11896.244999999999,-23095.844999999998,-6667.469999999999,504.585,-29601.539999999997,-12370.77,-3951.18
-11650.455,-11879.1,-23060.204999999998,-6601.32,525.645,-29573.28,-12319.064999999999,-3947.04
-11640.105,-11859.119999999999,-23014.125,-6523.155,562.3199999999999,-29551.364999999998,-12299.625,-3946.545
-11637.99,-11852.46,-23004.0,-6512.445,584.73,-29552.309999999998,-12323.699999999999,-3954.42
-11639.295,-11858.984999999999,-23027.895,-6561.45,553.41,-29592.18,-12361.904999999999,-3957.66
-11646.09,-11871.72,-23052.329999999998,-6591.96,525.78,-29628.0,-12379.859999999999,-3961.575
-11657.475,-11883.015,-23061.149999999998,-6602.264999999999,514.125,-29652.03,-12393.99,-3974.7149999999997
-11665.755,-11890.305,-23066.37,-6606.495,517.905,-29658.6,-12389.355,-3981.555
-11656.619999999999,-11882.925,-23064.165,-6612.57,518.265,-29654.864999999998,-12362.67,-3970.035
-11652.119999999999,-11877.66,-23065.829999999998,-6621.615,527.895,-29638.89,-12345.255,-3968.2799999999997
-11648.97,-11879.145,-23068.71,-6620.49,543.78,-29609.64,-12321.359999999999,-3961.62
-11662.515,-11885.67,-23071.004999999997,-6634.17,542.385,-29618.28,-12330.449999999999,-3976.1549999999997
-11665.215,-11890.98,-23079.195,-6657.75,528.435,-29631.78,-12312.585,-3965.895
-11662.289999999999,-11907.18,-23127.03,-6735.509999999999,485.685,-29677.05,-12312.539999999999,-3950.2799999999997
-11662.02,-11909.789999999999,-23180.579999999998,-6822.179999999999,472.185,-29698.92,-12338.73,-3965.625
-11662.154999999999,-11907.314999999999,-23179.5,-6784.5599999999995,487.53,-29670.48,-12313.439999999999,-3974.355
-11647.08,-11881.305,-23115.329999999998,-6690.6449999999995,499.22999999999996,-29669.129999999997,-12295.26,-3962.7
-11638.664999999999,-11867.805,-23043.6,-6550.74,509.13,-29680.739999999998,-12307.994999999999,-3952.4849999999997
-11635.83,-11864.52,-22986.495,-6467.625,510.885,-29693.114999999998,-12322.529999999999,-3938.9849999999997
-11641.59,-11874.914999999999,-23018.085,-6536.07,507.195,-29706.524999999998,-12336.119999999999,-3943.71
-11651.4,-11877.93,-23042.925,-6576.75,509.21999999999997,-29705.715,-12346.289999999999,-3964.9049999999997
-11652.39,-11883.824999999999,-23058.18,-6588.63,508.40999999999997,-29691.899999999998,-12337.47,-3966.93
-11662.154999999999,-11891.295,-23064.03,-6609.33,506.745,-29692.035,-12328.47,-3970.35
-11638.98,-11877.93,-23070.285,-6642.09,477.27,-29742.66,-12333.42,-3942.315
-11636.685,-11885.76,-23083.695,-6664.905,459.0,-29754.989999999998,-12329.189999999999,-3932.7749999999996
-11655.63,-11903.67,-23098.86,-6681.735,439.515,-29752.02,-12336.345,-3952.08
-11660.939999999999,-11911.14,-23107.68,-6668.82,465.21,-29728.26,-12313.664999999999,-3958.6499999999996
-11653.83,-11893.455,-23074.335,-6616.98,507.51,-29708.55,-12306.06,-3959.19
-11642.445,-11880.314999999999,-23066.73,-6618.24,499.22999999999996,-29715.344999999998,-12322.395,-3950.91
-11640.465,-11880.0,-23083.559999999998,-6637.455,481.54499999999996,-29729.204999999998,-12337.965,-3952.845
-11650.23,-11882.52,-23079.375,-6628.679999999999,499.005,-29714.219999999998,-12336.84,-3963.4649999999997
-11645.82,-11874.105,-23062.77,-6612.3,497.385,-29711.295,-12320.189999999999,-3961.125
-11649.06,-11877.21,-23048.594999999998,-6582.24,516.105,-29685.69,-12302.324999999999,-3961.395
-11647.89,-11880.27,-23052.465,-6582.285,523.4399999999999,-29674.98,-12298.859999999999,-3957.165
-11652.164999999999,-11880.99,-23060.295,-6604.74,511.28999999999996,-29688.84,-12333.869999999999,-3969.6299999999997
-11651.355,-11880.404999999999,-23059.395,-6615.945,506.43,-29695.004999999997,-12341.07,-3970.305
-11652.164999999999,-11886.029999999999,-23064.885,-6624.224999999999,492.03,-29714.445,-12329.865,-3967.605
-11647.439999999999,-11884.32,-23063.85,-6620.3099999999995,499.005,-29703.555,-12305.475,-3959.685
-11637.675,-11877.255,-23069.07,-6617.025,509.17499999999995,-29686.77,-12282.029999999999,-3945.69
-11631.869999999999,-11865.914999999999,-23058.27,-6613.11,513.81,-29687.805,-12290.039999999999,-3942.495
-11634.029999999999,-11867.715,-23066.37,-6633.134999999999,510.65999999999997,-29692.035,-12297.914999999999,-3943.4849999999997
-11643.57,-11880.9,-23077.395,-6638.085,502.60499999999996,-29697.93,-12307.365,-3953.205
-11648.25,-11884.41,-23065.875,-6610.905,507.06,-29695.815,-12307.949999999999,-3960.495
-11645.865,-11881.845,-23055.12,-6598.665,517.59,-29682.765,-12291.885,-3957.93
-11636.414999999999,-11871.99,-23047.02,-6609.195,521.91,-29685.105,-12289.185,-3950.865
-11636.73,-11876.76,-23062.905,-6625.98,519.12,-29693.925,-12292.65,-3949.3799999999997
-11647.125,-11890.215,-23090.175,-6647.3099999999995,506.96999999999997,-29703.69,-12301.335,-3954.69
-11658.42,-11900.835,-23087.565,-6643.755,485.685,-29729.879999999997,-12332.205,-3966.705
-11660.22,-11902.185,-23087.879999999997,-6643.8,471.59999999999997,-29761.02,-12361.59,-3971.97
-11668.545,-11910.195,-23088.42,-6639.12,467.955,-29768.399999999998,-12366.765,-3982.23
-11642.58,-11882.43,-23061.735,-6629.67,477.35999999999996,-29768.805,-12323.52,-3958.065
-11639.205,-11882.609999999999,-23081.309999999998,-6675.84,485.72999999999996,-29747.699999999997,-12283.515,-3949.6949999999997
-11642.355,-11892.33,-23102.46,-6695.639999999999,472.185,-29757.78,-12294.585,-3952.845
-11639.115,-11888.279999999999,-23092.02,-6675.03,455.98499999999996,-29781.675,-12303.539999999999,-3945.33
-11639.88,-11878.785,-23054.175,-6602.175,472.40999999999997,-29785.635,-12308.715,-3950.5049999999997
-11641.545,-11876.939999999999,-23042.385,-6590.115,496.935,-29766.239999999998,-12287.07,-3950.8199999999997
-11652.615,-11884.455,-23055.704999999998,-6623.1449999999995,498.91499999999996,-29755.26,-12276.765,-3966.21
-11633.13,-11862.449999999999,-23041.575,-6611.58,504.27,-29762.37,-12287.25,-3959.64
-11668.59,-11897.189999999999,-23071.184999999998,-6617.384999999999,488.205,-29777.175,-12336.345,-4002.615
-11677.859999999999,-11903.445,-23071.004999999997,-6607.44,487.84499999999997,-29778.795,-12331.935,-4012.74
-11664.09,-11889.225,-23070.015,-6638.535,471.69,-29796.344999999998,-12297.869999999999,-3998.475
-11651.265,-11881.395,-23072.67,-6655.905,488.745,-29776.949999999997,-12257.775,-3964.23
-11626.289999999999,-11891.654999999999,-23100.66,-6688.17,463.815,-29787.704999999998,-12231.765,-3904.9649999999997
-11622.105,-11883.689999999999,-23092.605,-6678.764999999999,456.705,-29798.82,-12265.335,-3922.335
-11643.795,-11894.31,-23091.885,-6685.65,452.43,-29803.725,-12289.949999999999,-3950.64
-11658.015,-11911.455,-23112.27,-6715.3949999999995,436.72499999999997,-29827.53,-12305.564999999999,-3964.9049999999997
-11652.164999999999,-11903.22,-23113.53,-6718.5,459.18,-29822.129999999997,-12300.57,-3965.1299999999997
-11651.76,-11909.835,-23126.445,-6707.565,468.495,-29825.864999999998,-12291.57,-3960.1349999999998
-11638.215,-11891.88,-23091.344999999998,-6665.4,473.31,-29805.12,-12251.654999999999,-3946.14
-11632.635,-11883.689999999999,-23096.655,-6706.3949999999995,460.08,-29799.719999999998,-12231.72,-3940.2
-11634.93,-11890.439999999999,-23110.785,-6733.08,449.865,-29820.465,-12254.22,-3942.27
-11640.824999999999,-11895.345,-23099.94,-6697.17,444.10499999999996,-29833.469999999998,-12268.98,-3947.1299999999997
-11644.83,-11902.41,-23091.165,-6627.599999999999,451.48499999999996,-29836.17,-12270.195,-3949.515
-11644.74,-11889.63,-23040.675,-6556.724999999999,464.31,-29847.914999999997,-12282.074999999999,-3953.565
-11652.074999999999,-11895.39,-23048.19,-6581.655,465.79499999999996,-29855.024999999998,-12292.605,-3962.79
-11651.355,-11896.154999999999,-23069.79,-6630.84,475.65,-29848.23,-12283.064999999999,-3962.475
-11647.439999999999,-11895.21,-23077.305,-6633.36,492.255,-29832.75,-12261.33,-3957.705
-11651.715,-11905.74,-23105.34,-6663.33,480.195,-29845.53,-12271.32,-3964.14
-11647.17,-11901.645,-23114.61,-6703.5599999999995,476.685,-29858.76,-12279.42,-3963.24
-11640.555,-11900.564999999999,-23136.57,-6734.7,464.58,-29871.855,-12276.135,-3956.49
-11637.765,-11891.52,-23114.745,-6701.759999999999,446.66999999999996,-29868.434999999998,-12267.539999999999,-3952.5299999999997
-11641.949999999999,-11895.435,-23076.18,-6634.755,446.76,-29873.25,-12262.365,-3948.975
-11643.48,-11894.039999999999,-23044.815,-6588.54,468.45,-29875.545,-12262.005,-3950.865
-11647.439999999999,-11896.244999999999,-23024.07,-6587.37,472.185,-29880.855,-12268.619999999999,-3957.075
-11654.369999999999,-11900.34,-23054.895,-6625.259999999999,459.22499999999997,-29898.719999999998,-12285.99,-3963.7349999999997
-11653.605,-11891.43,-23075.82,-6617.79,460.215,-29907.315,-12305.699999999999,-3967.47
-11653.02,-11890.305,-23065.92,-6620.985,442.935,-29937.645,-12321.81,-3972.1499999999996
-11651.039999999999,-11890.35,-23060.745,-6639.389999999999,433.395,-29952.0,-12304.98,-3970.035
-11652.39,-11889.27,-23063.489999999998,-6645.375,448.74,-29929.41,-12263.085,-3969.54
-11643.615,-11873.744999999999,-23047.559999999998,-6628.139999999999,485.01,-29894.399999999998,-12242.25,-3967.245
-11639.699999999999,-11871.449999999999,-23043.69,-6625.035,481.635,-29909.52,-12256.695,-3965.265
-11650.365,-11889.045,-23068.395,-6645.78,453.51,-29944.395,-12279.105,-3976.245
-11643.3,-11889.494999999999,-23070.329999999998,-6645.0599999999995,448.83,-29952.855,-12272.625,-3964.545
-11647.215,-11888.73,-23061.915,-6626.969999999999,470.385,-29935.125,-12245.895,-3963.96
-11627.1,-11861.91,-23034.285,-6604.965,493.10999999999996,-29919.059999999998,-12234.689999999999,-3955.545
-11623.365,-11866.68,-23042.16,-6612.389999999999,496.08,-29920.364999999998,-12242.43,-3941.73
-11645.145,-11891.34,-23066.37,-6633.855,454.5,-29969.594999999998,-12262.59,-3961.5299999999997
-11687.49,-11912.355,-23079.105,-6639.389999999999,441.585,-29997.495,-12282.3,-4031.46
-11716.695,-11913.345,-23073.03,-6630.4349999999995,452.745,-29995.785,-12288.689999999999,-4091.4449999999997
-11706.119999999999,-11875.095,-23030.055,-6586.29,501.79499999999996,-29947.725,-12254.67,-4106.205
-11719.71,-11860.605,-23013.719999999998,-6580.125,504.81,-29944.844999999998,-12250.529999999999,-4119.12
-11673.09,-11875.59,-23047.245,-6633.855,446.98499999999996,-29996.01,-12264.615,-4016.115
-11640.465,-11886.975,-23065.065,-6644.25,449.28,-29973.87,-12217.14,-3949.6499999999996
-11612.789999999999,-11901.24,-23082.03,-6659.325,435.465,-29987.64,-12216.015,-3873.555
-11591.279999999999,-11929.365,-23121.629999999997,-6711.884999999999,383.13,-30045.195,-12267.765,-3835.17
-11615.13,-11921.939999999999,-23111.415,-6709.815,392.66999999999996,-30048.254999999997,-12287.88,-3888.0899999999997
-11636.234999999999,-11912.939999999999,-23104.89,-6701.67,403.60499999999996,-30037.05,-12286.395,-3926.52
-11637.135,-11906.865,-23100.57,-6687.99,410.84999999999997,-30031.605,-12283.154999999999,-3937.365
-11642.22,-11909.97,-23098.184999999998,-6679.44,410.35499999999996,-30024.315,-12264.39,-3946.68
-11656.17,-11919.51,-23105.43,-6686.235,416.205,-30010.725,-12257.595,-3964.0049999999997
-11651.13,-11911.77,-23094.585,-6672.15,430.335,-29988.495,-12242.295,-3958.47
-11646.09,-11914.154999999999,-23093.28,-6660.134999999999,426.825,-29994.03,-12254.22,-3946.9049999999997
-11639.52,-11918.744999999999,-23104.305,-6681.915,405.495,-30015.045,-12274.65,-3937.455
-11642.67,-11913.255,-23113.17,-6711.615,400.40999999999997,-30017.204999999998,-12271.814999999999,-3953.8799999999997
-11650.05,-11924.414999999999,-23145.57,-6772.995,387.135,-30015.18,-12260.564999999999,-3964.5899999999997
-11643.48,-11922.119999999999,-23151.465,-6799.95,390.28499999999997,-30008.16,-12234.24,-3950.595
-11644.605,-11924.055,-23150.565,-6790.094999999999,395.505,-30012.39,-12238.515,-3949.47
-11652.345,-11929.904999999999,-23151.645,-6741.585,416.52,-30002.489999999998,-12239.369999999999,-3958.29
-11647.8,-11918.205,-23127.39,-6693.255,444.33,-29978.82,-12224.835,-3956.3999999999996
-11641.725,-11900.07,-23091.704999999998,-6662.5199999999995,457.38,-29964.914999999997,-12231.72,-3963.7799999999997
-11645.595,-11897.189999999999,-23067.719999999998,-6638.355,444.555,-29979.0,-12252.465,-3972.7799999999997
-11648.564999999999,-11899.529999999999,-23056.875,-6604.469999999999,440.865,-29983.995,-12257.1,-3973.8599999999997
-11643.525,-11898.045,-23063.04,-6606.63,439.83,-29978.864999999998,-12251.205,-3969.045
-11640.689999999999,-11894.445,-23074.02,-6666.929999999999,440.82,-29969.504999999997,-12234.015,-3963.7799999999997
-11653.064999999999,-11911.32,-23119.739999999998,-6741.8099999999995,428.625,-29967.03,-12231.765,-3973.455
-11644.785,-11899.439999999999,-23104.844999999998,-6723.99,430.695,-29966.265,-12243.42,-3968.955
-11654.1,-11912.76,-23107.59,-6686.639999999999,416.565,-29985.12,-12266.01,-3975.615
-11660.625,-11914.109999999999,-23079.239999999998,-6622.695,415.305,-29999.25,-12283.965,-3983.535
-11665.98,-11917.845,-23080.95,-6642.0,413.23499999999996,-29995.155,-12286.035,-3989.3399999999997
-11670.21,-11921.13,-23090.895,-6647.4,451.125,-29944.664999999997,-12256.785,-3990.1949999999997
-11662.109999999999,-11916.63,-23090.265,-6646.86,456.65999999999997,-29935.215,-12240.27,-3976.74
-11644.695,-11895.48,-23072.175,-6641.82,436.5,-29972.43,-12244.725,-3966.165
-11645.369999999999,-11899.619999999999,-23081.67,-6676.83,436.72499999999997,-29969.19,-12247.74,-3965.355
-11654.955,-11907.135,-23094.315,-6709.365,444.59999999999997,-29951.324999999997,-12246.975,-3977.37
-11658.779999999999,-11908.89,-23100.614999999998,-6713.19,450.585,-29930.805,-12241.17,-3983.265
-11655.314999999999,-11912.445,-23109.57,-6690.599999999999,440.505,-29935.89,-12231.0,-3978.0899999999997
-11658.105,-11906.055,-23081.265,-6639.03,438.885,-29949.344999999998,-12224.88,-3980.79
-11646.359999999999,-11891.475,-23061.195,-6635.205,446.625,-29945.25,-12228.84,-3964.455
-11662.605,-11913.21,-23086.98,-6661.755,420.435,-29979.0,-12270.015,-3977.19
-11677.14,-11922.029999999999,-23097.87,-6664.32,439.60499999999996,-29955.87,-12279.824999999999,-4007.565
-11680.47,-11919.734999999999,-23092.425,-6658.514999999999,476.325,-29907.809999999998,-12248.414999999999,-4021.065
-11680.965,-11910.015,-23076.945,-6638.94,509.53499999999997,-29857.184999999998,-12190.5,-4026.105
-11672.82,-11893.14,-23056.02,-6618.96,519.93,-29839.995,-12173.535,-4029.48
-11678.939999999999,-11873.475,-23028.165,-6592.32,514.755,-29866.86,-12183.795,-4064.1749999999997
-11734.154999999999,-11896.74,-23043.015,-6595.695,513.27,-29867.175,-12213.945,-4150.485
-11750.039999999999,-11915.73,-23060.16,-6617.655,497.385,-29889.27,-12242.925,-4129.695
-11741.355,-11942.55,-23094.09,-6666.3,447.12,-29936.204999999998,-12259.08,-4060.845
-11673.539999999999,-11941.289999999999,-23115.69,-6701.759999999999,417.825,-29956.32,-12251.744999999999,-3958.245
-11595.555,-11903.85,-23105.295,-6705.99,422.59499999999997,-29946.015,-12227.445,-3884.04
-11588.939999999999,-11893.14,-23091.57,-6689.79,445.59,-29921.895,-12210.66,-3877.6949999999997
-11592.72,-11912.984999999999,-23113.844999999998,-6709.094999999999,427.09499999999997,-29932.605,-12224.295,-3870.18
-11639.16,-11931.795,-23123.204999999998,-6709.23,412.335,-29945.25,-12245.355,-3927.555
-11665.619999999999,-11941.83,-23120.1,-6693.57,421.91999999999996,-29943.719999999998,-12261.375,-3957.8399999999997
-11689.515,-11956.23,-23140.934999999998,-6716.25,414.495,-29942.414999999997,-12257.82,-3992.58
-11687.355,-11949.84,-23144.04,-6728.804999999999,426.06,-29927.969999999998,-12256.38,-4007.25
-11666.654999999999,-11928.465,-23137.785,-6736.634999999999,453.96,-29897.145,-12224.789999999999,-3989.6099999999997
-11640.914999999999,-11919.465,-23151.015,-6775.65,446.895,-29899.62,-12199.185,-3953.295
-11622.645,-11921.58,-23170.5,-6824.429999999999,424.8,-29920.68,-12215.385,-3920.04
-11644.65,-11927.43,-23143.995,-6783.705,426.28499999999997,-29917.844999999998,-12228.975,-3943.4849999999997
-11649.779999999999,-11921.445,-23113.62,-6735.375,437.76,-29914.11,-12235.14,-3961.7549999999997
-11663.955,-11936.43,-23127.075,-6714.8099999999995,430.245,-29916.09,-12235.814999999999,-3974.22
-11672.55,-11951.505,-23156.235,-6763.5,414.04499999999996,-29928.87,-12239.279999999999,-3977.415
-11666.07,-11951.595,-23188.815,-6807.375,413.325,-29918.789999999997,-12237.75,-3972.015
-11671.65,-11945.88,-23171.219999999998,-6771.915,432.405,-29892.285,-12237.795,-3983.085
-11667.869999999999,-11925.27,-23110.92,-6664.139999999999,479.15999999999997,-29856.69,-12221.595,-3987.4049999999997
-11657.025,-11902.545,-23051.34,-6582.195,481.995,-29866.454999999998,-12208.994999999999,-3980.475
-11657.43,-11906.775,-23056.515,-6618.105,454.185,-29890.754999999997,-12217.365,-3978.18
-11656.845,-11915.324999999999,-23102.594999999998,-6717.24,450.945,-29885.94,-12224.564999999999,-3978.0
-11656.664999999999,-11917.439999999999,-23130.0,-6773.13,441.63,-29884.725,-12227.715,-3976.29
-11662.65,-11916.945,-23136.93,-6804.855,418.365,-29884.14,-12233.07,-3981.96
-11662.965,-11927.295,-23138.954999999998,-6771.15,405.405,-29848.184999999998,-12228.885,-3984.0299999999997
-11683.8,-11951.865,-23135.445,-6695.099999999999,434.025,-29849.039999999997,-12243.195,-4002.345
-11678.4,-11936.564999999999,-23099.355,-6667.605,463.59,-29849.445,-12226.725,-3997.08
-11669.175,-11919.24,-23079.329999999998,-6638.94,488.115,-29840.265,-12231.18,-3998.745
-11647.035,-11891.295,-23066.73,-6649.335,480.78,-29856.285,-12218.4,-3980.3849999999998
-11646.585,-11898.404999999999,-23076.719999999998,-6644.79,481.005,-29850.03,-12202.154999999999,-3968.37
-11664.359999999999,-11923.47,-23092.155,-6619.995,485.46,-29846.745,-12213.135,-3980.205
-11661.705,-11908.305,-23066.145,-6601.59,500.895,-29848.545,-12228.435,-3988.62
-11681.82,-11936.295,-23098.274999999998,-6646.7699999999995,488.655,-29843.91,-12236.49,-4003.065
-11676.24,-11937.689999999999,-23107.14,-6657.389999999999,497.745,-29817.09,-12219.975,-3991.725
-11657.025,-11904.615,-23075.954999999998,-6644.925,477.27,-29868.434999999998,-12232.664999999999,-3986.865
-11670.975,-11924.82,-23099.175,-6666.255,472.22999999999996,-29859.434999999998,-12236.895,-3994.065
-11686.05,-11945.115,-23123.07,-6694.695,451.755,-29870.864999999998,-12261.06,-4002.5249999999996
-11690.189999999999,-11948.805,-23126.94,-6700.815,446.085,-29876.085,-12266.64,-4008.555
-11691.539999999999,-11946.105,-23122.934999999998,-6694.29,455.895,-29864.295,-12242.16,-4009.9049999999997
-11697.255,-11940.39,-23117.489999999998,-6690.195,463.32,-29855.475,-12222.72,-4024.7549999999997
-11680.289999999999,-11915.414999999999,-23093.46,-6668.28,486.04499999999996,-29831.895,-12186.404999999999,-4013.595
-11656.664999999999,-11900.205,-23078.565,-6651.8099999999995,507.28499999999997,-29813.219999999998,-12192.795,-3990.645
-11646.045,-11899.035,-23078.565,-6654.825,498.465,-29828.969999999998,-12210.885,-3974.355
-11639.385,-11904.39,-23087.835,-6669.315,476.64,-29847.42,-12187.71,-3954.555
-11646.27,-11906.279999999999,-23091.12,-6669.585,487.395,-29817.449999999997,-12164.58,-3970.2149999999997
-11649.015,-11889.27,-23068.89,-6646.094999999999,511.10999999999996,-29793.42,-12160.664999999999,-3995.595
-11672.369999999999,-11892.645,-23068.62,-6646.995,505.755,-29801.16,-12172.23,-4034.9249999999997
-11685.105,-11902.77,-23082.795,-6664.41,489.10499999999996,-29816.01,-12193.064999999999,-4052.9249999999997
-11698.515,-11914.289999999999,-23087.745,-6669.719999999999,485.23499999999996,-29820.78,-12202.56,-4057.92
-11671.289999999999,-11906.775,-23079.645,-6656.535,499.85999999999996,-29807.864999999998,-12188.97,-4001.49
-11622.51,-11904.84,-23092.92,-6670.98,484.335,-29823.12,-12189.645,-3911.7599999999998
-11644.92,-11936.205,-23125.094999999998,-6709.32,444.33,-29861.504999999997,-12218.13,-3917.8799999999997
-11651.895,-11949.48,-23141.79,-6743.5199999999995,412.91999999999996,-29889.989999999998,-12245.085,-3935.0699999999997
-11667.24,-11956.365,-23161.004999999997,-6772.905,423.81,-29865.285,-12228.93,-3956.7599999999998
-11676.33,-11953.439999999999,-23158.844999999998,-6773.445,446.21999999999997,-29830.094999999998,-12210.525,-3970.17
-11645.055,-11909.925,-23108.265,-6732.63,461.78999999999996,-29825.324999999997,-12195.63,-3954.105
-11656.664999999999,-11922.164999999999,-23111.504999999997,-6715.755,457.83,-29819.34,-12183.615,-3957.5699999999997
-11660.715,-11921.175,-23105.969999999998,-6714.99,467.28,-29815.379999999997,-12191.939999999999,-3968.595
-11660.625,-11924.64,-23129.864999999998,-6771.735,458.955,-29828.07,-12200.22,-3972.015
-11669.22,-11941.02,-23152.184999999998,-6779.205,452.52,-29833.425,-12199.77,-3977.685
-11668.23,-11932.47,-23131.934999999998,-6739.83,440.505,-29845.485,-12206.744999999999,-3981.015
-11668.5,-11925.9,-23098.364999999998,-6643.844999999999,455.21999999999997,-29844.09,-12208.859999999999,-3984.0299999999997
-11666.744999999999,-11919.779999999999,-23086.305,-6628.679999999999,471.06,-29838.059999999998,-12205.89,-3982.365
-11660.085,-11912.265,-23086.53,-6660.495,480.195,-29826.539999999997,-12201.615,-3977.055
-11668.545,-11928.465,-23119.29,-6735.599999999999,455.98499999999996,-29827.754999999997,-12200.13,-3979.17
-11675.025,-11935.664999999999,-23131.53,-6769.3949999999995,442.34999999999997,-29836.035,-12208.59,-3985.74
-11675.88,-11944.08,-23150.565,-6767.594999999999,449.09999999999997,-29831.805,-12214.26,-3987.4049999999997
-11676.96,-11952.539999999999,-23161.32,-6747.795,447.97499999999997,-29834.19,-12214.8,-3989.3399999999997
-11674.35,-11942.55,-23140.079999999998,-6709.545,464.895,-29819.295,-12202.289999999999,-3988.44
-11663.82,-11920.095,-23121.855,-6694.92,472.85999999999996,-29824.065,-12189.42,-3979.305
-11664.539999999999,-11913.3,-23077.17,-6668.1449999999995,462.96,-29838.96,-12198.105,-3983.4449999999997
-11671.47,-11926.845,-23094.18,-6668.46,462.645,-29839.635,-12204.494999999999,-3990.1949999999997
-11672.01,-11929.23,-23107.905,-6676.74,461.52,-29841.3,-12200.67,-3988.17
-11678.805,-11936.564999999999,-23099.355,-6681.014999999999,456.47999999999996,-29848.59,-12216.914999999999,-3991.0499999999997
-11687.895,-11944.305,-23119.02,-6714.134999999999,440.055,-29861.594999999998,-12240.945,-3998.6549999999997
-11691.045,-11947.14,-23120.37,-6722.82,430.965,-29874.87,-12264.39,-4003.92
-11691.045,-11943.63,-23110.965,-6702.84,433.8,-29871.719999999998,-12253.68,-4005.6299999999997
-11694.869999999999,-11945.07,-23109.254999999997,-6691.905,447.47999999999996,-29850.704999999998,-12211.605,-4006.2599999999998
-11681.189999999999,-11928.914999999999,-23095.89,-6678.224999999999,489.96,-29805.254999999997,-12154.635,-3992.67
-11662.515,-11910.195,-23085.495,-6687.045,490.54499999999996,-29802.914999999997,-12151.619999999999,-3980.97
-11654.82,-11908.125,-23100.39,-6704.28,479.88,-29807.594999999998,-12153.195,-3969.99
-11658.96,-11916.9,-23102.684999999998,-6695.28,465.255,-29821.545,-12153.105,-3966.345
-11677.005,-11928.33,-23105.61,-6690.599999999999,462.645,-29838.914999999997,-12189.555,-3994.605
-11701.529999999999,-11934.855,-23110.425,-6716.25,477.945,-29838.285,-12224.97,-4032.495
-11700.63,-11933.1,-23116.364999999998,-6730.38,478.935,-29834.55,-12228.57,-4038.795
-11676.24,-11914.02,-23099.579999999998,-6707.5199999999995,488.835,-29836.485,-12213.81,-4017.42
-11662.154999999999,-11900.475,-23069.07,-6632.28,510.075,-29789.684999999998,-12151.215,-3991.365
-11650.859999999999,-11897.414999999999,-23060.475,-6618.509999999999,505.48499999999996,-29772.27,-12124.484999999999,-3966.165
-11664.63,-11923.289999999999,-23088.915,-6662.384999999999,469.48499999999996,-29819.655,-12152.88,-3971.745
-11706.84,-11960.55,-23125.68,-6704.6849999999995,455.715,-29830.23,-12170.654999999999,-4006.395
-11687.939999999999,-11946.689999999999,-23128.245,-6732.719999999999,441.09,-29856.465,-12184.515,-3995.5049999999997
-11695.095,-11941.74,-23129.864999999998,-6732.63,445.68,-29848.949999999997,-12178.395,-4019.805
-11685.914999999999,-11926.08,-23115.87,-6722.639999999999,433.44,-29873.789999999997,-12179.16,-4014.99
-11674.98,-11919.869999999999,-23099.355,-6687.99,447.65999999999997,-29869.559999999998,-12181.59,-3991.95
-11662.875,-11928.645,-23109.075,-6698.025,443.60999999999996,-29873.745,-12193.289999999999,-3958.605
-11672.46,-11930.58,-23109.75,-6700.094999999999,443.88,-29871.09,-12205.529999999999,-3985.245
-11683.17,-11925.404999999999,-23095.62,-6682.679999999999,449.505,-29864.16,-12204.855,-4016.79
-11673.09,-11930.355,-23108.76,-6700.905,440.325,-29862.945,-12181.455,-3990.87
-11662.695,-11947.32,-23143.23,-6748.74,417.33,-29881.98,-12172.455,-3949.56
-11662.289999999999,-11949.795,-23152.86,-6785.19,398.205,-29912.67,-12207.869999999999,-3953.205
-11675.654999999999,-11956.904999999999,-23163.48,-6808.995,387.495,-29925.045,-12222.314999999999,-3970.4849999999997
-11685.24,-11971.98,-23187.329999999998,-6840.45,368.685,-29931.795,-12218.939999999999,-3979.08
-11674.17,-11955.42,-23182.739999999998,-6802.469999999999,417.10499999999996,-29881.485,-12160.35,-3973.14
-11659.32,-11926.89,-23132.7,-6735.554999999999,444.645,-29857.364999999998,-12133.755,-3958.29
-11663.64,-11918.97,-23101.559999999998,-6701.04,448.78499999999997,-29861.28,-12148.965,-3967.29
-11669.22,-11924.01,-23095.035,-6670.889999999999,454.32,-29869.739999999998,-12164.49,-3978.315
-11668.095,-11924.145,-23085.629999999997,-6662.79,458.82,-29872.8,-12170.385,-3978.1349999999998
-11670.029999999999,-11928.24,-23097.015,-6687.63,444.10499999999996,-29881.44,-12174.75,-3978.765
-11675.835,-11936.609999999999,-23116.004999999997,-6702.84,435.645,-29879.28,-12171.914999999999,-3984.705
-11681.775,-11940.885,-23126.76,-6708.285,439.695,-29890.125,-12167.595,-3988.5299999999997
-11680.695,-11938.545,-23119.065,-6704.955,445.05,-29891.969999999998,-12173.805,-3986.64
-11682.539999999999,-11946.06,-23127.165,-6720.389999999999,447.47999999999996,-29889.27,-12172.545,-3985.29
-11675.699999999999,-11941.875,-23145.93,-6787.259999999999,435.10499999999996,-29900.655,-12177.72,-3981.015
-11674.484999999999,-11934.314999999999,-23139.855,-6818.219999999999,422.955,-29904.39,-12178.574999999999,-3982.14
-11701.89,-11966.76,-23162.445,-6803.099999999999,416.835,-29892.465,-12179.07,-4005.4049999999997
-11678.67,-11950.02,-23149.934999999998,-6730.785,429.705,-29883.51,-12176.595,-3989.6099999999997
-11674.755,-11932.83,-23095.665,-6655.7699999999995,427.54499999999996,-29918.43,-12173.265,-3986.685
-11683.125,-11930.76,-23104.844999999998,-6708.24,449.41499999999996,-29906.504999999997,-12180.779999999999,-3990.4649999999997
-11692.125,-11945.564999999999,-23132.07,-6754.815,422.72999999999996,-29930.625,-12192.119999999999,-3993.12
-11699.64,-11961.18,-23147.954999999998,-6754.005,402.615,-29951.82,-12212.279999999999,-4004.8199999999997
-11700.855,-11962.439999999999,-23131.125,-6694.155,407.205,-29949.39,-12200.039999999999,-4007.0699999999997
-11684.295,-11933.055,-23085.45,-6644.655,448.78499999999997,-29914.245,-12151.89,-3991.23
-11677.904999999999,-11924.189999999999,-23090.715,-6667.29,460.755,-29895.93,-12137.13,-3984.39
-11682.765,-11929.365,-23095.215,-6670.62,471.10499999999996,-29874.239999999998,-12127.68,-3989.475
-11675.34,-11924.82,-23096.024999999998,-6684.884999999999,455.4,-29892.465,-12146.13,-3989.295
-11682.539999999999,-11929.455,-23101.425,-6700.005,435.91499999999996,-29921.039999999997,-12192.164999999999,-4005.1349999999998
-11687.805,-11935.89,-23108.579999999998,-6711.165,427.32,-29929.59,-12213.404999999999,-4011.975
-11693.205,-11940.21,-23108.895,-6712.0199999999995,418.275,-29940.164999999997,-12197.789999999999,-4013.955
-11690.414999999999,-11941.605,-23110.379999999997,-6711.929999999999,427.09499999999997,-29923.245,-12169.305,-4006.035
-11677.365,-11930.715,-23109.614999999998,-6705.0,440.055,-29911.86,-12149.685,-3996.6299999999997
-11696.039999999999,-11919.105,-23092.515,-6691.455,455.085,-29904.93,-12151.845,-4049.19
-11711.654999999999,-11913.029999999999,-23077.215,-6686.955,478.26,-29879.64,-12130.109999999999,-4078.935
-11704.949999999999,-11911.814999999999,-23075.73,-6682.995,483.65999999999997,-29867.805,-12106.35,-4051.665
-11680.154999999999,-11929.14,-23104.575,-6712.29,437.715,-29916.719999999998,-12147.75,-3978.495
-11655.765,-11965.814999999999,-23153.265,-6755.175,372.87,-29971.71,-12176.865,-3909.33
-11654.55,-11954.97,-23139.585,-6737.3099999999995,390.465,-29945.475,-12154.904999999999,-3934.08
-11668.32,-11943.539999999999,-23125.05,-6725.88,418.14,-29914.289999999997,-12145.814999999999,-3967.875
-11676.51,-11940.119999999999,-23121.09,-6724.62,414.63,-29925.809999999998,-12149.64,-3979.17
-11679.705,-11942.234999999999,-23121.765,-6726.465,413.055,-29929.635,-12155.58,-3986.1
-11674.35,-11938.5,-23118.75,-6723.045,420.21,-29919.329999999998,-12142.17,-3979.7549999999997
-11682.63,-11942.145,-23122.44,-6724.349999999999,421.695,-29923.829999999998,-12146.4,-3988.5299999999997
-11704.455,-11952.045,-23132.969999999998,-6734.969999999999,410.715,-29941.065,-12163.41,-4024.98
-11695.05,-11947.365,-23136.434999999998,-6750.405,412.46999999999997,-29932.245,-12161.52,-4018.8599999999997
-11686.725,-11952.404999999999,-23152.635,-6786.764999999999,397.84499999999997,-29942.1,-12166.425,-3995.8199999999997
-11673.404999999999,-11950.605,-23156.055,-6804.495,383.445,-29951.055,-12170.07,-3971.0699999999997
-11667.24,-11949.795,-23158.665,-6825.285,386.64,-29941.245,-12156.029999999999,-3956.58
-11688.84,-11967.615,-23169.645,-6808.545,395.145,-29934.899999999998,-12152.34,-3981.1949999999997
-11680.02,-11953.215,-23153.535,-6767.37,410.31,-29925.0,-12139.064999999999,-3980.295
-11678.939999999999,-11946.869999999999,-23134.32,-6728.625,415.16999999999996,-29916.899999999998,-12141.359999999999,-3982.14
-11685.645,-11946.06,-23112.27,-6678.99,428.98499999999996,-29915.055,-12148.83,-3992.355
-11691.18,-11953.529999999999,-23123.07,-6708.24,416.835,-29935.35,-12156.435,-3996.315
-11683.89,-11945.43,-23114.565,-6710.175,419.175,-29938.32,-12157.064999999999,-3994.1099999999997
-11682.945,-11944.89,-23117.04,-6734.745,430.46999999999997,-29928.78,-12150.135,-3996.8999999999996
-11681.01,-11946.465,-23128.92,-6782.94,419.21999999999997,-29925.945,-12132.225,-3987.4049999999997
-11681.73,-11950.38,-23153.399999999998,-6820.83,407.52,-29923.695,-12131.234999999999,-3986.145
-11686.77,-11955.914999999999,-23161.32,-6809.58,400.22999999999996,-29934.719999999998,-12145.5,-3991.9049999999997
-11691.18,-11961.045,-23152.5,-6750.405,394.245,-29947.68,-12157.965,-3994.02
-11687.58,-11947.545,-23117.489999999998,-6703.83,385.695,-29950.065,-12163.635,-3994.3799999999997
-11690.82,-11952.855,-23121.945,-6693.389999999999,395.955,-29950.289999999997,-12166.74,-4000.3199999999997
-11697.84,-11969.505,-23165.28,-6796.3949999999995,377.41499999999996,-29957.445,-12173.13,-4005.6299999999997
-11694.015,-11961.494999999999,-23159.745,-6824.655,401.13,-29965.23,-12188.385,-4005.0899999999997
-11698.605,-11959.875,-23159.565,-6812.19,415.44,-29967.885,-12203.73,-4013.2349999999997
-11704.14,-11963.744999999999,-23156.145,-6777.54,396.36,-29963.745,-12199.005,-4022.64
-11702.34,-11966.265,-23127.344999999998,-6689.969999999999,410.085,-29944.844999999998,-12152.43,-4010.85
-11687.175,-11945.025,-23116.094999999998,-6694.2,433.71,-29927.114999999998,-12142.08,-4000.815
-11691.81,-11946.375,-23119.11,-6723.8099999999995,436.68,-29908.664999999997,-12129.57,-4004.955
-11693.88,-11955.42,-23135.67,-6745.545,441.27,-29892.645,-12101.49,-3988.395
-11675.475,-11939.535,-23127.84,-6747.165,407.655,-29941.739999999998,-12109.14,-3973.0049999999997
-11682.81,-11941.695,-23105.52,-6696.8099999999995,412.83,-29943.585,-12137.355,-3994.335
-11684.609999999999,-11939.22,-23094.54,-6659.054999999999,427.22999999999996,-29944.17,-12154.365,-4001.625
-11689.65,-11941.605,-23108.579999999998,-6691.094999999999,422.90999999999997,-29952.495,-12165.074999999999,-4006.845
-11688.93,-11941.83,-23110.92,-6707.429999999999,416.745,-29957.715,-12171.689999999999,-4006.44
-11692.98,-11949.84,-23118.704999999998,-6712.514999999999,426.78,-29934.27,-12149.82,-4007.115
-11695.41,-11948.039999999999,-23117.985,-6710.849999999999,436.85999999999996,-29914.379999999997,-12134.07,-4019.04
-11704.32,-11945.205,-23115.285,-6711.795,433.97999999999996,-29915.1,-12139.74,-4042.035
-11729.609999999999,-11945.88,-23107.32,-6697.98,452.52,-29898.449999999997,-12139.83,-4090.995
-11763.9,-11937.779999999999,-23087.25,-6674.985,470.835,-29891.43,-12136.185,-4151.025
-11778.885,-11948.31,-23094.989999999998,-6678.45,471.24,-29885.535,-12115.71,-4166.82
-11734.965,-11930.4,-23085.09,-6676.29,465.075,-29909.43,-12141.765,-4105.8
-11663.955,-11943.494999999999,-23124.195,-6735.105,400.635,-29972.295,-12173.4,-3959.2799999999997
-11657.34,-11973.824999999999,-23168.07,-6786.2699999999995,353.43,-30003.614999999998,-12176.055,-3911.4449999999997
-11682.585,-11982.869999999999,-23177.879999999997,-6793.875,354.41999999999996,-29984.94,-12141.72,-3953.25
-11704.77,-11966.58,-23150.024999999998,-6758.28,394.335,-29949.03,-12122.369999999999,-3997.7999999999997
-11702.16,-11961.404999999999,-23142.555,-6749.775,397.97999999999996,-29959.695,-12155.76,-3994.245
-11691.945,-11968.289999999999,-23155.379999999997,-6763.95,382.59,-29973.42,-12175.335,-3993.345
-11696.265,-11964.914999999999,-23150.43,-6756.12,397.215,-29949.164999999997,-12158.1,-4009.5
-11669.67,-11965.365,-23164.739999999998,-6787.71,379.125,-29958.704999999998,-12135.779999999999,-3954.42
-11653.109999999999,-11956.59,-23167.17,-6805.304999999999,380.835,-29953.934999999998,-12114.09,-3932.055
-11669.67,-11957.4,-23163.165,-6790.455,401.58,-29933.954999999998,-12115.439999999999,-3961.2149999999997
-11674.395,-11954.16,-23156.64,-6772.545,394.695,-29951.28,-12128.58,-3972.7349999999997
-11682.539999999999,-11958.57,-23142.6,-6740.1449999999995,400.09499999999997,-29951.055,-12134.205,-3981.33
-11681.234999999999,-11952.18,-23134.95,-6750.179999999999,397.08,-29958.03,-12133.8,-3982.095
-11683.755,-11953.35,-23140.62,-6772.094999999999,396.85499999999996,-29953.53,-12135.51,-3986.145
-11687.039999999999,-11959.064999999999,-23154.57,-6774.389999999999,408.69,-29943.539999999997,-12134.654999999999,-3990.24
-11682.09,-11955.24,-23157.18,-6767.594999999999,404.505,-29946.105,-12136.005,-3989.43
-11684.43,-11957.445,-23152.05,-6763.005,404.955,-29940.704999999998,-12133.89,-3989.295
-11691.945,-11963.205,-23155.739999999998,-6781.905,413.145,-29927.43,-12128.265,-3995.595
-11689.74,-11956.095,-23148.719999999998,-6777.719999999999,418.05,-29921.579999999998,-12129.975,-3997.7549999999997
-11695.185,-11963.475,-23155.92,-6768.405,404.37,-29928.329999999998,-12137.76,-4000.68
-11700.72,-11969.865,-23143.454999999998,-6720.929999999999,399.33,-29950.379999999997,-12149.64,-4003.29
-11700.765,-11966.49,-23132.925,-6723.945,403.60499999999996,-29957.219999999998,-12158.145,-4003.9649999999997
-11696.895,-11960.73,-23135.489999999998,-6751.17,399.28499999999997,-29958.12,-12162.42,-4003.47
-11696.625,-11964.375,-23147.504999999997,-6776.099999999999,394.335,-29945.655,-12145.455,-4006.62
-11695.14,-11965.59,-23161.364999999998,-6790.7699999999995,410.31,-29922.524999999998,-12128.49,-4003.29
-11694.195,-11961.494999999999,-23158.665,-6778.485,409.72499999999997,-29930.625,-12135.015,-3999.87
-11698.965,-11973.195,-23179.59,-6798.24,382.32,-29954.699999999997,-12153.555,-3997.935
-11701.17,-11974.32,-23185.485,-6830.955,379.97999999999996,-29958.12,-12164.039999999999,-4003.6949999999997
-11713.095,-11998.664999999999,-23229.045,-6909.75,383.985,-29941.829999999998,-12149.279999999999,-4011.93
-11697.525,-11966.535,-23184.629999999997,-6899.445,402.75,-29907.405,-12112.109999999999,-4010.805
-11688.21,-11944.395,-23145.524999999998,-6810.344999999999,399.10499999999996,-29906.145,-12116.34,-4013.46
-11695.005,-11949.795,-23114.34,-6689.205,388.34999999999997,-29935.305,-12143.115,-4015.7999999999997
-11683.35,-11930.715,-23073.254999999997,-6644.745,413.59499999999997,-29935.574999999997,-12147.525,-4004.325
-11683.89,-11943.135,-23100.165,-6667.155,424.305,-29932.785,-12141.585,-3997.665
-11696.715,-11961.765,-23124.149999999998,-6682.5,430.335,-29932.379999999997,-12136.14,-4000.23
-11696.265,-11946.689999999999,-23103.54,-6675.75,445.72499999999997,-29911.364999999998,-12136.949999999999,-4011.795
-11695.59,-11946.285,-23104.485,-6685.29,452.34,-29892.87,-12155.445,-4016.115
-11698.695,-11950.56,-23125.77,-6716.115,432.675,-29917.8,-12192.255,-4027.14
-11690.414999999999,-11945.205,-23126.445,-6725.969999999999,412.91999999999996,-29946.465,-12186.72,-4018.725
-11693.789999999999,-11946.555,-23118.66,-6721.29,432.71999999999997,-29914.92,-12154.05,-4017.915
-11695.77,-11953.395,-23123.295,-6724.08,443.025,-29888.145,-12081.914999999999,-3995.865
-11694.6,-11951.369999999999,-23122.89,-6725.07,443.52,-29883.78,-12067.605,-3991.725
-11703.465,-11958.029999999999,-23131.125,-6732.495,440.23499999999996,-29886.57,-12090.914999999999,-4015.17
-11704.545,-11951.01,-23122.665,-6721.965,449.90999999999997,-29879.73,-12104.369999999999,-4025.0699999999997
-11691.539999999999,-11939.715,-23111.82,-6711.48,458.325,-29875.004999999997,-12118.14,-4010.4449999999997
-11690.955,-11945.025,-23117.04,-6724.71,431.685,-29913.704999999998,-12134.385,-3994.065
-11700.135,-11972.16,-23149.395,-6757.155,404.01,-29932.739999999998,-12145.949999999999,-3993.345
-11707.875,-11974.59,-23150.79,-6757.74,407.925,-29920.59,-12138.975,-4008.69
-11695.41,-11953.664999999999,-23135.94,-6750.315,409.72499999999997,-29918.204999999998,-12125.88,-4008.42
-11724.345,-11957.445,-23133.69,-6743.745,418.40999999999997,-29915.82,-12133.26,-4061.6549999999997
-11742.885,-11956.904999999999,-23124.42,-6727.59,442.48499999999996,-29891.655,-12125.609999999999,-4096.665
-11730.645,-11952.72,-23118.344999999998,-6721.92,444.73499999999996,-29894.445,-12127.455,-4065.705
-11690.73,-11959.695,-23135.579999999998,-6744.24,419.805,-29916.449999999997,-12134.07,-3979.4849999999997
-11651.355,-11969.279999999999,-23164.92,-6782.49,380.385,-29945.565,-12144.015,-3920.7149999999997
-11671.965,-11968.154999999999,-23158.89,-6772.995,391.95,-29931.975,-12125.564999999999,-3959.37
-11682.09,-11960.324999999999,-23147.415,-6758.639999999999,409.185,-29915.28,-12123.449999999999,-3980.43
-11692.305,-11971.08,-23163.344999999998,-6778.665,398.385,-29916.405,-12128.31,-3991.725
-11706.164999999999,-11977.335,-23163.57,-6779.565,404.41499999999996,-29895.885,-12112.064999999999,-4008.285
-11709.314999999999,-11975.445,-23160.149999999998,-6776.1449999999995,407.745,-29892.42,-12120.119999999999,-4016.6099999999997
-11707.109999999999,-11973.779999999999,-23164.02,-6772.094999999999,411.79499999999996,-29906.324999999997,-12131.505,-4018.455
-11696.13,-11962.08,-23139.629999999997,-6743.565,417.33,-29904.39,-12120.795,-4000.9049999999997
-11691.404999999999,-11960.865,-23136.165,-6741.224999999999,415.16999999999996,-29909.07,-12123.27,-3996.855
-11700.0,-11944.755,-23122.305,-6731.594999999999,430.83,-29899.934999999998,-12131.145,-4025.745
-11717.865,-11967.75,-23150.204999999998,-6771.465,393.12,-29923.875,-12145.635,-4037.58
-11711.609999999999,-11973.555,-23165.684999999998,-6788.07,403.46999999999997,-29915.145,-12142.08,-4018.77
-11685.24,-11974.095,-23187.69,-6848.325,399.91499999999996,-29911.59,-12131.189999999999,-3977.415
-11680.199999999999,-11965.14,-23181.66,-6895.3949999999995,396.27,-29902.14,-12117.689999999999,-3974.7149999999997
-11695.994999999999,-11975.445,-23195.969999999998,-6907.905,386.28,-29901.51,-12118.41,-3991.0049999999997
-11702.07,-11972.97,-23165.1,-6795.495,400.77,-29897.954999999998,-12127.095,-4003.02
-11699.1,-11967.795,-23137.155,-6669.0,423.405,-29900.969999999998,-12123.72,-4000.995
-11699.865,-11962.89,-23121.945,-6684.795,422.325,-29913.434999999998,-12137.13,-4005.6299999999997
-11707.289999999999,-11970.18,-23138.64,-6737.94,407.15999999999997,-29923.335,-12155.895,-4015.4849999999997
-11707.515,-11978.234999999999,-23170.094999999998,-6791.715,398.61,-29929.094999999998,-12155.445,-4014.54
-11702.88,-11976.795,-23178.195,-6798.465,382.635,-29934.18,-12138.93,-4008.7799999999997
-11694.914999999999,-11959.38,-23138.325,-6751.755,389.025,-29917.53,-12119.175,-3998.295
-11698.56,-11961.72,-23129.325,-6722.955,411.39,-29901.239999999998,-12116.16,-4000.995
-11698.605,-11956.365,-23127.075,-6711.57,425.385,-29883.239999999998,-12132.675,-4012.4249999999997
-11697.029999999999,-11955.42,-23128.785,-6733.035,400.365,-29915.91,-12150.99,-4009.0499999999997
-11716.65,-11980.98,-23156.594999999998,-6769.8,388.8,-29927.43,-12168.765,-4021.245
-11721.015,-11986.425,-23170.23,-6801.344999999999,376.28999999999996,-29943.989999999998,-12180.689999999999,-4028.94
-11716.74,-11983.725,-23177.385,-6815.34,383.21999999999997,-29929.949999999997,-12159.449999999999,-4026.5099999999998
-11700.63,-11964.015,-23154.344999999998,-6776.37,426.87,-29891.34,-12108.51,-4006.62
-11694.51,-11955.96,-23134.905,-6741.45,434.96999999999997,-29889.225,-12091.994999999999,-4002.075
-11687.715,-11946.015,-23115.329999999998,-6704.594999999999,439.74,-29880.495,-12089.925,-3998.3399999999997
-11698.335,-11960.82,-23127.57,-6721.965,422.325,-29901.914999999997,-12115.484999999999,-4000.5899999999997
-11715.435,-11984.895,-23154.614999999998,-6755.49,402.16499999999996,-29915.055,-12138.164999999999,-4006.2149999999997
-11723.13,-11987.055,-23160.465,-6772.905,384.75,-29937.914999999997,-12152.88,-4021.3799999999997
-11728.26,-11987.55,-23159.25,-6770.745,399.73499999999996,-29914.155,-12132.765,-4035.1499999999996
-11690.145,-11947.365,-23123.52,-6738.12,432.71999999999997,-29878.695,-12088.8,-4006.4849999999997
-11671.92,-11926.35,-23105.204999999998,-6721.065,451.89,-29862.495,-12086.189999999999,-3995.73
-11690.414999999999,-11959.064999999999,-23142.329999999998,-6754.905,424.16999999999996,-29884.004999999997,-12095.775,-3997.7999999999997
-11706.164999999999,-11971.439999999999,-23154.885,-6768.045,412.46999999999997,-29911.725,-12131.055,-4010.9849999999997
-11719.529999999999,-11980.89,-23164.469999999998,-6783.344999999999,397.08,-29932.379999999997,-12154.455,-4024.98
-11717.324999999999,-11977.515,-23154.93,-6773.985,397.755,-29931.03,-12152.07,-4028.1749999999997
-11707.064999999999,-11960.145,-23129.504999999997,-6742.8,425.47499999999997,-29897.19,-12117.6,-4026.555
-11687.445,-11941.74,-23112.315,-6722.19,447.255,-29868.03,-12078.539999999999,-4001.85
-11697.525,-11957.175,-23130.54,-6746.264999999999,429.21,-29885.445,-12088.529999999999,-3996.315
-11692.619999999999,-11970.72,-23161.454999999998,-6782.085,408.73499999999996,-29905.199999999997,-12107.43,-3988.7549999999997
-11703.24,-11979.045,-23165.64,-6788.429999999999,402.57,-29907.18,-12111.57,-3995.2799999999997
-11713.095,-11983.005,-23159.565,-6779.745,386.59499999999997,-29929.545,-12129.795,-4011.48
-11706.885,-11973.195,-23138.55,-6751.44,397.53,-29910.96,-12111.705,-4012.92
-11695.14,-11950.244999999999,-23112.945,-6767.099999999999,404.90999999999997,-29880.539999999997,-12090.42,-4011.12
-11692.305,-11951.279999999999,-23133.465,-6792.929999999999,416.025,-29904.21,-12108.779999999999,-4008.915
-11697.57,-11968.695,-23165.504999999997,-6808.905,409.77,-29909.789999999997,-12121.109999999999,-4008.06
-11718.585,-11995.064999999999,-23191.245,-6806.295,389.61,-29926.305,-12129.39,-4017.555
-11731.095,-11988.63,-23155.605,-6755.219999999999,395.90999999999997,-29929.77,-12137.445,-4035.1499999999996
-11725.47,-11979.18,-23147.82,-6766.695,385.245,-29941.289999999997,-12142.755,-4036.545
-11719.935,-11981.25,-23155.829999999998,-6766.83,394.11,-29923.695,-12122.82,-4023.6749999999997
-11706.705,-11986.335,-23165.325,-6771.195,381.465,-29932.199999999997,-12109.635,-3997.2149999999997
-11697.75,-11979.449999999999,-23174.954999999998,-6816.33,372.69,-29941.739999999998,-12110.76,-3988.7999999999997
-11696.984999999999,-11982.15,-23186.879999999997,-6856.605,362.835,-29952.989999999998,-12125.609999999999,-3990.1949999999997
-11705.31,-11991.015,-23201.91,-6856.74,363.28499999999997,-29960.594999999998,-12141.945,-4000.185
-11713.32,-11993.895,-23197.905,-6804.405,370.89,-29968.965,-12157.244999999999,-4011.705
-11717.369999999999,-11982.779999999999,-23145.885,-6725.835,394.155,-29954.969999999998,-12155.895,-4020.48
-11713.005,-11972.744999999999,-23129.64,-6725.79,409.905,-29933.954999999998,-12134.205,-4021.3799999999997
-11702.699999999999,-11968.83,-23145.12,-6755.625,416.60999999999996,-29905.289999999997,-12088.619999999999,-4005.855
-11694.869999999999,-11964.51,-23165.55,-6825.014999999999,408.195,-29899.844999999998,-12079.574999999999,-3995.8199999999997
-11702.789999999999,-11977.47,-23197.274999999998,-6900.344999999999,380.78999999999996,-29913.75,-12097.98,-4003.605
-11704.23,-11979.09,-23190.344999999998,-6882.165,368.01,-29932.785,-12105.314999999999,-4004.91
-11706.029999999999,-11975.355,-23162.805,-6808.95,363.69,-29957.625,-12115.89,-4007.79
-11710.89,-11983.455,-23145.254999999997,-6736.86,382.59,-29954.07,-12118.68,-4009.095
-11714.445,-11989.125,-23148.54,-6744.33,384.34499999999997,-29959.739999999998,-12125.205,-4011.795
-11718.404999999999,-11989.98,-23159.565,-6780.24,380.655,-29965.05,-12137.22,-4016.6549999999997
-11719.529999999999,-11985.39,-23161.68,-6799.545,376.56,-29967.84,-12138.164999999999,-4017.24
-11709.539999999999,-11977.154999999999,-23158.395,-6764.175,402.75,-29944.664999999997,-12115.439999999999,-4009.815
-11708.505,-11977.56,-23147.325,-6722.009999999999,408.73499999999996,-29935.215,-12101.085,-4006.7549999999997
-11708.369999999999,-11968.92,-23128.29,-6713.054999999999,411.79499999999996,-29934.989999999998,-12107.88,-4012.02
-11712.375,-11973.555,-23138.954999999998,-6738.4349999999995,403.60499999999996,-29945.655,-12121.965,-4016.97
-11711.97,-11973.24,-23137.379999999997,-6747.12,396.675,-29952.09,-12127.455,-4016.115
-11717.1,-11981.744999999999,-23153.445,-6770.429999999999,386.41499999999996,-29960.594999999998,-12139.47,-4021.29
-11718.314999999999,-11988.449999999999,-23170.815,-6795.54,375.03,-29978.864999999998,-12166.154999999999,-4025.97
-11725.92,-11992.095,-23165.864999999998,-6787.304999999999,381.06,-29977.065,-12168.539999999999,-4036.725
-11734.289999999999,-11992.005,-23155.965,-6761.745,390.645,-29971.395,-12173.13,-4053.7349999999997
-11742.93,-11985.029999999999,-23137.965,-6725.925,412.335,-29941.605,-12124.845,-4066.56
-11729.115,-11963.385,-23121.855,-6718.7699999999995,436.54499999999996,-29908.485,-12072.645,-4053.915
-11732.805,-11949.48,-23115.015,-6725.34,431.505,-29912.625,-12083.039999999999,-4086.0
-11723.67,-11941.064999999999,-23104.8,-6718.365,439.38,-29906.504999999997,-12088.935,-4072.3199999999997
-11700.539999999999,-11944.619999999999,-23112.629999999997,-6728.849999999999,429.885,-29910.735,-12089.07,-4022.2799999999997
-11699.505,-11971.305,-23144.67,-6761.115,399.195,-29936.655,-12101.76,-3994.065
-11680.92,-12000.195,-23185.575,-6804.99,355.86,-29988.719999999998,-12142.89,-3941.7749999999996
-11695.32,-11992.68,-23174.82,-6792.84,372.735,-29972.43,-12136.23,-3974.535
-11709.314999999999,-11993.535,-23176.575,-6797.88,362.745,-29972.835,-12114.09,-4005.6299999999997
-11703.465,-11973.914999999999,-23150.114999999998,-6767.775,391.185,-29951.28,-12088.619999999999,-4012.065
-11693.295,-11963.43,-23139.54,-6757.245,404.865,-29938.23,-12084.885,-3999.915
-11700.855,-11972.295,-23147.55,-6763.41,400.5,-29937.914999999997,-12083.895,-3999.69
-11710.71,-11981.07,-23155.335,-6774.03,387.63,-29946.059999999998,-12094.335,-4005.6299999999997
-11695.77,-11981.34,-23159.655,-6785.594999999999,374.58,-29948.489999999998,-12100.185,-3987.6299999999997
-11700.045,-11985.66,-23167.8,-6789.78,376.56,-29951.01,-12100.32,-3985.1549999999997
-11707.92,-11987.955,-23166.0,-6786.9,381.645,-29948.985,-12107.699999999999,-3996.9449999999997
-11711.744999999999,-11992.904999999999,-23175.809999999998,-6799.59,371.43,-29963.114999999998,-12121.65,-4007.79
-11709.72,-11990.97,-23181.93,-6813.63,364.32,-29971.215,-12120.795,-4004.955
-11703.105,-11980.619999999999,-23174.28,-6825.465,371.15999999999997,-29966.265,-12114.09,-3998.52
-11707.02,-11985.119999999999,-23186.475,-6848.28,376.65,-29954.385,-12106.529999999999,-4001.265
-11707.92,-11991.105,-23195.07,-6850.62,374.625,-29948.805,-12103.965,-4004.145
-11708.91,-11983.545,-23179.14,-6832.755,361.08,-29964.105,-12113.46,-4014.4049999999997
-11709.449999999999,-11983.59,-23172.075,-6787.755,379.125,-29952.045,-12109.455,-4012.83
-11708.775,-11983.41,-23173.245,-6798.33,383.35499999999996,-29948.129999999997,-12107.564999999999,-4012.245
-11705.939999999999,-11978.73,-23167.575,-6822.315,396.18,-29937.645,-12106.98,-4010.49
-11705.76,-11980.98,-23181.03,-6862.995,390.87,-29949.254999999997,-12106.755,-4010.3999999999996
-11709.225,-11981.654999999999,-23179.905,-6843.105,394.335,-29950.605,-12111.164999999999,-4015.08
-11713.68,-11989.529999999999,-23186.655,-6807.825,389.88,-29957.355,-12113.055,-4016.3399999999997
-11711.925,-11987.595,-23155.2,-6711.344999999999,382.185,-29963.204999999998,-12118.365,-4016.25
-11707.785,-11974.949999999999,-23122.98,-6705.2699999999995,368.82,-29972.43,-12124.125,-4015.935
-11707.515,-11973.285,-23137.92,-6748.0199999999995,374.085,-29969.46,-12121.785,-4015.2149999999997
-11715.705,-11986.605,-23159.7,-6784.469999999999,378.45,-29960.414999999997,-12121.695,-4020.2549999999997
-11714.76,-11979.945,-23158.395,-6782.715,388.84499999999997,-29953.53,-12118.41,-4022.2799999999997
-11722.59,-11991.96,-23165.19,-6791.759999999999,367.78499999999997,-29973.824999999997,-12134.654999999999,-4024.665
-11723.535,-11999.115,-23166.809999999998,-6788.115,358.46999999999997,-29984.76,-12154.994999999999,-4024.35
-11725.199999999999,-12000.779999999999,-23182.11,-6822.585,359.235,-29985.254999999997,-12153.96,-4027.815
-11731.365,-11996.369999999999,-23184.045,-6834.285,370.62,-29973.78,-12147.705,-4040.73
-11728.439999999999,-11991.195,-23172.48,-6809.264999999999,379.97999999999996,-29958.885,-12129.705,-4041.495
-11715.119999999999,-11981.654999999999,-23154.344999999998,-6757.965,387.63,-29953.53,-12113.73,-4026.33
-11727.855,-11999.789999999999,-23164.739999999998,-6754.139999999999,369.18,-29980.26,-12138.84,-4033.98
-11723.58,-11994.3,-23166.855,-6770.79,384.03,-29964.149999999998,-12119.535,-4021.3799999999997
-11710.035,-11979.63,-23153.94,-6770.5199999999995,383.085,-29969.954999999998,-12116.115,-4005.4049999999997
-11718.404999999999,-11983.185,-23154.165,-6761.88,391.77,-29946.285,-12092.175,-4019.085
-11725.515,-11974.14,-23139.495,-6740.28,426.51,-29893.815,-12036.51,-4039.92
-11738.205,-11956.68,-23112.045,-6712.605,457.515,-29874.195,-12056.355,-4084.245
-11745.18,-11967.345,-23126.219999999998,-6730.065,440.19,-29894.579999999998,-12078.72,-4085.595
-11723.49,-11979.045,-23151.645,-6767.37,400.32,-29937.87,-12111.705,-4039.74
-11693.205,-11982.42,-23168.7,-6792.795,373.68,-29969.954999999998,-12145.005,-3994.605
-11677.77,-11965.095,-23152.05,-6778.755,384.255,-29967.48,-12140.46,-3985.875
-11691.045,-11970.314999999999,-23148.945,-6769.44,401.53499999999997,-29941.379999999997,-12106.484999999999,-3994.245
-11710.664999999999,-11969.64,-23144.129999999997,-6765.57,402.79499999999996,-29929.59,-12079.664999999999,-4023.54
-11737.89,-11988.855,-23158.26,-6776.73,393.075,-29934.495,-12079.98,-4052.6549999999997
-11736.404999999999,-11997.675,-23172.3,-6794.28,375.65999999999997,-29948.805,-12101.265,-4046.535
-11723.445,-11991.914999999999,-23170.004999999997,-6799.005,373.05,-29951.73,-12109.68,-4021.92
-11706.84,-12000.824999999999,-23185.17,-6815.969999999999,369.45,-29950.155,-12106.98,-3981.7349999999997
-11696.13,-11993.265,-23182.92,-6813.045,371.565,-29950.875,-12110.355,-3979.08
-11709.314999999999,-11996.1,-23182.875,-6808.905,372.28499999999997,-29953.754999999997,-12111.164999999999,-4000.3199999999997
-11700.855,-11980.305,-23161.545,-6791.58,380.115,-29948.85,-12103.289999999999,-3995.2799999999997
-11695.365,-11967.435,-23144.355,-6772.32,403.875,-29930.985,-12102.57,-3998.52
-11703.689999999999,-11975.31,-23154.57,-6787.44,389.15999999999997,-29945.07,-12105.404999999999,-4009.3199999999997
-11708.82,-11981.789999999999,-23164.02,-6797.429999999999,380.025,-29946.824999999997,-12110.58,-4015.89
-11720.97,-11997.63,-23184.945,-6817.815,369.765,-29951.28,-12119.895,-4022.73
-11718.225,-11999.925,-23200.739999999998,-6846.165,365.21999999999997,-29949.614999999998,-12124.98,-4016.6549999999997
-11714.67,-11993.49,-23198.219999999998,-6880.59,357.03,-29953.215,-12113.324999999999,-4014.9449999999997
-11713.14,-11997.855,-23206.004999999997,-6904.125,353.88,-29947.364999999998,-12100.275,-4009.095
-11709.494999999999,-11994.84,-23199.075,-6865.29,357.255,-29938.184999999998,-12085.335,-4004.73
-11714.4,-11998.529999999999,-23189.129999999997,-6791.67,366.21,-29941.245,-12095.505,-4015.2149999999997
-11713.365,-11989.529999999999,-23161.635,-6781.005,378.18,-29937.375,-12098.52,-4015.665
-11713.5,-11988.27,-23169.645,-6823.304999999999,382.09499999999997,-29939.085,-12102.164999999999,-4015.4849999999997
-11716.425,-11992.5,-23189.94,-6843.014999999999,377.505,-29941.695,-12103.199999999999,-4017.06
-11719.845,-11989.17,-23166.18,-6773.535,399.33,-29928.69,-12099.689999999999,-4019.1299999999997
-11717.369999999999,-11983.994999999999,-23141.52,-6709.32,415.97999999999996,-29918.07,-12098.699999999999,-4017.7799999999997
-11717.595,-11984.445,-23146.335,-6747.03,408.78,-29925.765,-12105.494999999999,-4019.535
-11718.314999999999,-11985.119999999999,-23146.829999999998,-6783.57,401.31,-29927.655,-12111.84,-4021.02
-11718.404999999999,-11992.365,-23165.01,-6797.79,400.32,-29914.289999999997,-12104.279999999999,-4018.68
-11717.369999999999,-11995.695,-23179.905,-6794.415,399.33,-29911.59,-12093.39,-4017.555
-11718.27,-11990.97,-23182.425,-6828.84,380.61,-29933.414999999997,-12110.49,-4019.7149999999997
-11725.56,-11997.494999999999,-23192.145,-6857.865,330.075,-29963.07,-12124.215,-4023.1349999999998
-11735.82,-12011.13,-23213.07,-6886.3949999999995,320.085,-29978.145,-12152.475,-4032.0899999999997
-11743.74,-12024.945,-23231.114999999998,-6917.13,320.13,-29986.155,-12174.119999999999,-4041.585
-11738.07,-12011.895,-23196.059999999998,-6844.094999999999,358.065,-29964.42,-12152.654999999999,-4041.18
-11718.72,-11989.26,-23168.969999999998,-6742.035,402.525,-29926.44,-12115.08,-4030.2
-11711.654999999999,-11976.345,-23134.05,-6687.855,431.72999999999996,-29891.745,-12063.869999999999,-4012.83
-11706.255,-11963.654999999999,-23100.84,-6685.92,435.87,-29886.704999999998,-12063.42,-4008.33
-11709.404999999999,-11971.664999999999,-23126.535,-6726.6449999999995,413.37,-29905.559999999998,-12082.545,-4013.0099999999998
-11713.455,-11978.73,-23141.295,-6750.719999999999,404.37,-29917.62,-12106.439999999999,-4016.115
-11715.705,-11982.33,-23149.8,-6764.219999999999,394.28999999999996,-29935.215,-12120.795,-4016.43
-11731.859999999999,-12000.42,-23170.14,-6785.054999999999,378.36,-29945.114999999998,-12121.335,-4029.75
-11731.904999999999,-11996.55,-23163.165,-6776.865,390.87,-29929.905,-12109.455,-4033.2599999999998
-11734.289999999999,-11999.385,-23163.704999999998,-6777.9,395.72999999999996,-29922.84,-12100.23,-4034.115
-11721.555,-11986.965,-23151.78,-6767.505,411.34499999999997,-29903.895,-12080.744999999999,-4022.2349999999997
-11720.385,-11984.939999999999,-23153.489999999998,-6771.33,408.10499999999996,-29898.989999999998,-12080.115,-4024.395
-11710.619999999999,-11978.1,-23152.995,-6776.099999999999,404.685,-29899.754999999997,-12095.595,-4021.245
-11715.255,-11987.64,-23161.274999999998,-6783.165,399.91499999999996,-29901.96,-12102.48,-4022.5499999999997
-11718.18,-11989.35,-23160.149999999998,-6783.84,389.29499999999996,-29924.324999999997,-12103.74,-4026.555
-11721.689999999999,-11986.425,-23157.765,-6778.98,399.69,-29909.475,-12101.31,-4036.995
-11718.18,-11978.73,-23153.985,-6779.115,393.65999999999997,-29923.02,-12107.52,-4039.3799999999997
-11709.765,-11969.91,-23149.125,-6777.764999999999,392.13,-29930.355,-12110.22,-4030.245
-11713.77,-11981.654999999999,-23158.17,-6786.945,387.405,-29928.69,-12098.564999999999,-4006.7549999999997
-11708.955,-11981.16,-23156.325,-6785.55,391.22999999999996,-29922.75,-12084.84,-3999.42
-11712.96,-11986.064999999999,-23162.535,-6795.224999999999,384.34499999999997,-29928.69,-12093.705,-4006.17
-11718.675,-11995.109999999999,-23178.78,-6826.86,380.34,-29926.8,-12106.845,-4011.615
-11722.59,-12003.3,-23198.535,-6862.094999999999,376.875,-29924.01,-12116.07,-4016.295
-11728.08,-12003.615,-23200.739999999998,-6859.62,366.21,-29938.004999999997,-12113.055,-4032.9449999999997
-11727.494999999999,-11995.199999999999,-23183.82,-6826.365,382.365,-29914.515,-12091.14,-4040.64
-11729.205,-11993.4,-23160.195,-6768.99,387.99,-29915.64,-12095.91,-4043.3399999999997
-11737.439999999999,-11996.369999999999,-23166.09,-6783.84,385.11,-29921.76,-12107.654999999999,-4052.205
-11723.355,-11985.705,-23156.504999999997,-6770.835,382.86,-29934.135,-12110.22,-4035.1949999999997
-11722.59,-11984.31,-23153.175,-6766.155,393.255,-29927.07,-12112.83,-4034.565
-11704.095,-11985.795,-23161.905,-6788.88,381.96,-29934.945,-12114.045,-3994.9649999999997
-11702.744999999999,-11992.365,-23177.655,-6806.745,373.09499999999997,-29941.155,-12118.455,-3989.9249999999997
-11712.914999999999,-11989.98,-23168.79,-6794.6849999999995,386.955,-29926.395,-12106.17,-4008.915
-11732.535,-12012.029999999999,-23184.405,-6805.98,373.54499999999996,-29924.324999999997,-12096.72,-4022.055
-11727.765,-12013.244999999999,-23205.465,-6817.724999999999,369.36,-29926.98,-12098.16,-4021.6949999999997
-11718.675,-11996.595,-23179.094999999998,-6802.29,381.825,-29916.36,-12080.205,-4012.02
-11712.33,-11986.965,-23177.114999999998,-6846.12,378.81,-29913.614999999998,-12082.095,-4007.16
-11714.49,-11994.074999999999,-23213.204999999998,-6941.34,357.705,-29923.649999999998,-12091.32,-4010.04
-11719.98,-12003.705,-23234.265,-6954.84,344.88,-29935.305,-12103.74,-4014.225
-11724.525,-12006.404999999999,-23216.67,-6886.98,349.78499999999997,-29935.574999999997,-12113.46,-4019.3999999999996
-11725.965,-11998.439999999999,-23164.155,-6752.34,372.28499999999997,-29948.039999999997,-12122.01,-4026.24
-11724.21,-11991.734999999999,-23139.629999999997,-6718.905,399.41999999999996,-29930.355,-12101.805,-4025.3399999999997
-11722.725,-11991.689999999999,-23161.68,-6798.33,392.58,-29921.895,-12091.994999999999,-4022.955
-11729.609999999999,-12001.365,-23179.815,-6821.37,380.115,-29935.35,-12115.08,-4029.39
-11731.77,-12008.025,-23184.945,-6820.0199999999995,378.09,-29940.93,-12125.07,-4033.125
-11730.42,-12006.72,-23181.075,-6798.24,389.07,-29929.23,-12115.619999999999,-4029.795
-11720.025,-11984.715,-23157.945,-6776.46,378.585,-29932.335,-12101.85,-4020.48
-11728.215,-11986.83,-23139.09,-6751.755,388.62,-29920.635,-12083.535,-4023.585
-11741.445,-12000.06,-23143.905,-6761.79,389.96999999999997,-29930.265,-12099.285,-4035.105
-11735.685,-12000.465,-23171.129999999997,-6821.955,382.185,-29929.815,-12104.73,-4032.765
-11730.779999999999,-12010.635,-23218.065,-6883.29,377.59499999999997,-29922.704999999998,-12103.83,-4027.68
-11728.98,-12014.955,-23221.844999999998,-6886.755,366.16499999999996,-29934.585,-12110.895,-4018.14
-11736.765,-12002.895,-23183.64,-6811.65,374.895,-29941.199999999997,-12116.97,-4036.41
-11737.574999999999,-11980.664999999999,-23130.495,-6718.1849999999995,404.01,-29923.559999999998,-12124.08,-4057.335
-11746.305,-11997.99,-23148.135,-6742.035,379.62,-29935.754999999997,-12123.63,-4065.435
-11711.205,-11978.91,-23146.875,-6766.335,407.07,-29899.934999999998,-12079.529999999999,-4025.835
-11705.67,-11969.055,-23141.295,-6771.105,416.52,-29887.695,-12043.98,-4013.19
-11721.689999999999,-11972.744999999999,-23141.52,-6769.62,413.055,-29900.114999999998,-12068.865,-4030.02
-11734.109999999999,-11978.595,-23140.485,-6759.36,405.81,-29921.085,-12104.955,-4048.785
-11728.305,-11983.814999999999,-23151.285,-6771.42,384.255,-29948.579999999998,-12136.814999999999,-4040.595
-11721.24,-11997.09,-23167.079999999998,-6786.36,370.26,-29962.44,-12144.285,-4016.52
-11717.91,-12010.23,-23187.195,-6814.304999999999,345.33,-29978.28,-12129.029999999999,-4001.04
-11717.595,-12002.22,-23179.05,-6806.34,363.735,-29952.045,-12093.345,-4000.995
-11717.91,-11996.279999999999,-23171.715,-6803.415,372.41999999999996,-29941.739999999998,-12089.654999999999,-4005.315
-11724.39,-11990.654999999999,-23170.68,-6820.245,370.34999999999997,-29939.489999999998,-12088.98,-4031.8199999999997
-11758.095,-12004.65,-23178.915,-6827.264999999999,371.115,-29938.454999999998,-12105.9,-4083.2549999999997
-11755.89,-11999.07,-23172.885,-6809.535,382.77,-29931.074999999997,-12105.99,-4086.9449999999997
-11744.145,-11991.689999999999,-23160.329999999998,-6775.74,391.68,-29931.57,-12101.715,-4057.245
-11727.135,-12006.314999999999,-23172.75,-6788.79,364.40999999999997,-29960.954999999998,-12106.71,-4000.995
-11698.289999999999,-12003.795,-23188.364999999998,-6818.67,351.495,-29967.254999999997,-12093.615,-3964.545
-11709.855,-12000.51,-23184.719999999998,-6813.405,358.46999999999997,-29962.125,-12095.055,-3991.995
-11709.63,-11989.755,-23173.605,-6803.775,374.895,-29942.055,-12080.699999999999,-4001.67
-11715.93,-11990.789999999999,-23169.69,-6813.495,376.695,-29935.574999999997,-12081.195,-4012.02
-11714.355,-11988.18,-23168.745,-6814.844999999999,378.315,-29932.605,-12081.195,-4010.58
-11715.705,-11991.824999999999,-23183.954999999998,-6813.945,378.495,-29935.485,-12091.275,-4011.93
-11721.914999999999,-11999.115,-23179.905,-6797.474999999999,373.59,-29941.425,-12095.145,-4015.89
-11724.525,-12002.13,-23182.245,-6808.05,370.755,-29943.495,-12095.324999999999,-4019.49
-11721.824999999999,-12000.6,-23200.29,-6849.54,352.395,-29958.03,-12098.52,-4018.5899999999997
-11723.445,-12002.67,-23208.66,-6862.275,351.71999999999997,-29959.739999999998,-12098.564999999999,-4019.265
-11729.16,-12005.64,-23205.059999999998,-6857.55,366.97499999999997,-29951.19,-12098.925,-4024.4849999999997
-11733.84,-12004.47,-23181.524999999998,-6826.59,379.97999999999996,-29948.265,-12100.814999999999,-4029.165
-11728.035,-11997.99,-23168.07,-6810.3,371.745,-29956.725,-12099.465,-4024.62
-11726.73,-11997.09,-23164.739999999998,-6794.955,360.85499999999996,-29955.105,-12099.779999999999,-4024.08
-11723.13,-11993.039999999999,-23178.555,-6849.63,356.53499999999997,-29938.77,-12091.32,-4020.8849999999998
-11729.654999999999,-12003.119999999999,-23216.94,-6905.25,332.325,-29951.145,-12099.689999999999,-4026.375
-11737.529999999999,-12010.949999999999,-23211.045,-6854.535,344.88,-29960.01,-12110.355,-4032.9449999999997
-11737.17,-12009.195,-23191.785,-6769.44,387.71999999999997,-29949.795,-12113.1,-4033.2149999999997
-11742.029999999999,-12011.535,-23171.805,-6724.889999999999,391.32,-29951.64,-12117.195,-4037.1749999999997
-11739.375,-12001.59,-23144.715,-6738.705,383.805,-29959.92,-12120.21,-4037.7149999999997
-11732.715,-11994.795,-23152.95,-6765.929999999999,394.155,-29938.5,-12106.98,-4033.08
-11725.425,-11994.39,-23176.89,-6805.62,360.63,-29969.235,-12096.945,-4022.0099999999998
-11727.494999999999,-11998.484999999999,-23182.065,-6810.66,372.645,-29951.414999999997,-12091.545,-4021.1099999999997
-11727.045,-11995.02,-23181.12,-6811.785,367.02,-29959.875,-12103.515,-4024.89
-11731.59,-12001.814999999999,-23185.754999999997,-6802.11,374.58,-29946.87,-12105.81,-4025.9249999999997
-11742.795,-12016.17,-23187.915,-6799.32,365.265,-29958.57,-12115.439999999999,-4034.295
-11738.07,-12004.289999999999,-23173.695,-6796.3949999999995,367.78499999999997,-29961.539999999997,-12126.375,-4035.69
-11747.43,-12015.404999999999,-23187.329999999998,-6816.599999999999,352.395,-29977.605,-12136.77,-4042.98
-11756.609999999999,-12027.42,-23202.45,-6834.69,338.805,-29997.675,-12164.805,-4051.62
-11742.615,-12015.18,-23196.69,-6828.4349999999995,335.7,-30011.399999999998,-12182.58,-4046.4449999999997
-11745.765,-12019.68,-23197.454999999998,-6816.6449999999995,347.84999999999997,-29988.315,-12149.46,-4049.46
-11733.345,-11998.17,-23169.645,-6788.384999999999,383.4,-29942.414999999997,-12075.795,-4033.305
-11726.145,-11986.425,-23156.415,-6777.0,403.74,-29913.434999999998,-12043.755,-4022.8199999999997
-11729.52,-11979.135,-23151.105,-6776.19,403.74,-29920.5,-12063.824999999999,-4041.27
-11739.285,-11986.154999999999,-23159.79,-6785.505,394.65,-29927.114999999998,-12058.244999999999,-4043.7
-11752.38,-11996.955,-23169.825,-6799.545,381.96,-29934.315,-12070.529999999999,-4059.6299999999997
-11741.49,-11991.42,-23165.73,-6793.92,376.695,-29948.579999999998,-12101.445,-4057.2
-11722.904999999999,-11990.43,-23168.969999999998,-6795.9,370.97999999999996,-29958.39,-12110.4,-4028.7599999999998
-11712.105,-11994.525,-23179.094999999998,-6801.3,366.97499999999997,-29962.17,-12103.74,-3998.295
-11699.414999999999,-11989.529999999999,-23171.805,-6794.505,370.26,-29962.17,-12092.535,-3979.89
-11709.314999999999,-11988.045,-23165.954999999998,-6786.99,380.29499999999996,-29956.905,-12092.715,-4004.685
-11724.119999999999,-11995.965,-23176.395,-6798.554999999999,381.06,-29950.02,-12088.215,-4023.0899999999997
-11749.59,-12008.699999999999,-23193.18,-6826.139999999999,378.585,-29938.004999999997,-12075.029999999999,-4047.8849999999998
-11759.49,-11998.305,-23183.235,-6837.12,385.65,-29928.42,-12071.97,-4069.2149999999997
-11755.89,-11990.88,-23183.37,-6856.83,372.59999999999997,-29941.379999999997,-12086.279999999999,-4076.64
-11745.855,-11999.97,-23185.44,-6834.69,364.77,-29948.625,-12092.355,-4053.69
-11722.814999999999,-11990.52,-23166.36,-6788.655,372.28499999999997,-29946.78,-12091.814999999999,-4014.99
-11692.935,-11984.13,-23159.475,-6762.87,373.185,-29958.21,-12099.914999999999,-3966.39
-11696.22,-11972.25,-23142.555,-6750.719999999999,383.895,-29943.315,-12097.71,-3984.8399999999997
-11708.775,-11981.789999999999,-23156.415,-6780.33,373.95,-29954.835,-12097.125,-3999.69
-11718.945,-11997.314999999999,-23174.325,-6798.915,366.525,-29961.405,-12092.49,-4004.2799999999997
-11724.705,-12010.455,-23194.754999999997,-6817.41,358.91999999999996,-29959.739999999998,-12097.35,-4004.37
-11727.135,-12009.645,-23198.355,-6815.7,356.35499999999996,-29969.055,-12098.205,-4008.915
-11731.365,-12009.96,-23201.64,-6832.71,357.03,-29972.745,-12103.289999999999,-4018.41
-11733.029999999999,-12014.595,-23217.254999999997,-6883.38,339.39,-29976.344999999998,-12109.814999999999,-4021.515
-11735.414999999999,-12011.355,-23210.82,-6883.695,343.16999999999996,-29964.239999999998,-12108.824999999999,-4025.97
-11744.55,-12020.085,-23210.504999999997,-6845.94,362.29499999999996,-29932.245,-12098.16,-4033.395
-11751.525,-12032.955,-23209.559999999998,-6802.335,360.04499999999996,-29936.07,-12090.914999999999,-4031.595
-11736.855,-12005.55,-23174.1,-6765.12,369.0,-29966.805,-12116.43,-4029.2549999999997
-11734.92,-11996.1,-23166.18,-6784.335,356.985,-29989.17,-12127.545,-4031.46
-11736.494999999999,-11998.664999999999,-23174.504999999997,-6806.34,363.195,-29975.625,-12115.98,-4030.335
-11736.404999999999,-12004.064999999999,-23185.8,-6819.389999999999,366.885,-29962.98,-12096.135,-4024.89
-11731.904999999999,-12005.595,-23216.04,-6871.23,352.305,-29960.37,-12092.039999999999,-4022.415
-11732.49,-12006.99,-23222.52,-6900.12,347.31,-29961.18,-12097.619999999999,-4026.4649999999997
-11729.789999999999,-12001.365,-23208.57,-6896.115,356.715,-29947.59,-12085.154999999999,-4023.0
-11728.755,-12002.49,-23212.26,-6882.03,359.72999999999996,-29943.765,-12076.92,-4019.67
-11731.949999999999,-12003.885,-23186.07,-6793.11,367.65,-29943.045,-12085.064999999999,-4023.0899999999997
-11731.32,-12000.779999999999,-23178.78,-6778.08,370.53,-29941.379999999997,-12098.25,-4026.645
-11739.375,-12009.555,-23195.7,-6774.03,367.065,-29955.645,-12111.345,-4033.89
-11733.39,-11990.654999999999,-23152.23,-6742.889999999999,390.59999999999997,-29963.565,-12121.605,-4033.125
-11730.285,-11986.785,-23144.715,-6757.605,383.21999999999997,-29962.215,-12115.35,-4029.345
-11733.795,-11994.164999999999,-23159.43,-6772.23,375.79499999999996,-29960.055,-12094.965,-4029.93
-11730.06,-11991.015,-23155.245,-6769.844999999999,388.395,-29933.28,-12069.81,-4024.44
-11726.955,-11989.8,-23162.129999999997,-6778.844999999999,390.465,-29929.32,-12069.72,-4019.94
-11730.06,-11991.914999999999,-23167.89,-6785.415,388.26,-29933.954999999998,-12081.824999999999,-4024.2149999999997
-11731.635,-11988.99,-23148.855,-6779.88,382.995,-29921.039999999997,-12084.255,-4026.7799999999997
-11738.744999999999,-11996.414999999999,-23158.754999999997,-6801.705,365.31,-29927.565,-12098.52,-4034.205
-11743.65,-12005.369999999999,-23186.25,-6829.695,360.99,-29958.3,-12116.385,-4038.8399999999997
-11746.17,-12008.295,-23191.155,-6857.28,354.41999999999996,-29957.175,-12114.63,-4041.9449999999997
-11736.449999999999,-12001.095,-23186.745,-6839.82,368.59499999999997,-29949.524999999998,-12096.99,-4029.8399999999997
-11744.91,-12010.095,-23182.379999999997,-6803.28,378.18,-29938.5,-12083.31,-4032.855
-11747.699999999999,-12015.045,-23185.71,-6782.355,366.57,-29962.215,-12104.865,-4040.595
-11738.88,-12000.96,-23176.89,-6792.48,370.215,-29959.11,-12109.365,-4041.4049999999997
-11720.115,-11982.06,-23163.39,-6792.615,385.245,-29939.535,-12093.93,-4025.115
-11711.564999999999,-11971.08,-23148.899999999998,-6778.17,391.455,-29925.27,-12087.494999999999,-4012.92
-11739.96,-12003.84,-23177.34,-6795.36,367.83,-29942.954999999998,-12089.475,-4027.77
-11750.625,-12013.47,-23185.934999999998,-6802.785,360.09,-29954.475,-12095.64,-4037.3999999999996
-11766.51,-12028.545,-23202.945,-6824.384999999999,346.005,-29961.945,-12104.775,-4053.555
-11770.289999999999,-12023.73,-23196.285,-6818.625,358.02,-29950.065,-12106.125,-4066.47
-11764.845,-12005.145,-23178.149999999998,-6803.73,370.215,-29939.895,-12083.039999999999,-4076.1
-11731.994999999999,-11981.34,-23156.64,-6777.045,400.455,-29914.11,-12060.27,-4040.0099999999998
-11721.15,-11980.845,-23157.719999999998,-6780.42,394.83,-29923.02,-12060.539999999999,-4020.165
-11722.23,-11981.88,-23159.52,-6785.775,390.78,-29926.395,-12070.305,-4016.79
-11740.5,-11989.664999999999,-23172.704999999998,-6802.29,386.28,-29926.215,-12082.994999999999,-4050.27
-11745.765,-11994.164999999999,-23183.28,-6818.219999999999,380.025,-29929.77,-12094.199999999999,-4055.67
-11743.109999999999,-12010.68,-23196.105,-6840.134999999999,355.05,-29951.55,-12117.285,-4029.8399999999997
-11736.494999999999,-12024.585,-23209.605,-6847.965,334.62,-29971.305,-12125.97,-4005.495
-11712.689999999999,-12011.58,-23194.44,-6812.594999999999,348.705,-29968.245,-12116.88,-3981.645
-11726.055,-12010.005,-23192.325,-6806.745,369.405,-29945.745,-12101.49,-4006.62
-11732.67,-12006.585,-23183.91,-6800.13,383.53499999999997,-29927.34,-12098.97,-4018.5899999999997
-11734.875,-12011.58,-23193.989999999998,-6821.505,352.71,-29965.23,-12101.805,-4020.48
-11739.869999999999,-12022.965,-23218.92,-6850.215,343.08,-29969.19,-12109.77,-4024.44
-11731.365,-12006.99,-23195.07,-6840.99,354.195,-29952.719999999998,-12100.545,-4018.68
-11722.545,-11998.125,-23192.504999999997,-6839.594999999999,356.13,-29946.645,-12085.515,-4009.68
-11728.8,-12005.55,-23202.315,-6840.63,357.47999999999996,-29938.32,-12082.005,-4017.555
-11736.404999999999,-12010.545,-23196.78,-6822.945,359.72999999999996,-29934.045,-12083.49,-4027.185
-11737.125,-12010.14,-23198.579999999998,-6832.62,368.19,-29930.219999999998,-12090.96,-4028.22
-11735.775,-12010.994999999999,-23201.504999999997,-6868.755,363.15,-29928.42,-12085.02,-4024.035
-11732.939999999999,-12000.914999999999,-23197.184999999998,-6905.205,356.58,-29935.8,-12087.27,-4025.6549999999997
-11736.63,-12009.015,-23220.945,-6927.795,351.27,-29942.864999999998,-12089.07,-4028.22
-11740.59,-12017.52,-23236.065,-6880.679999999999,357.885,-29942.324999999997,-12089.52,-4028.805
-11737.89,-12004.064999999999,-23182.739999999998,-6762.915,381.24,-29934.539999999997,-12091.904999999999,-4028.535
-11740.365,-12001.23,-23149.8,-6742.62,368.28,-29944.62,-12102.255,-4034.115
-11743.785,-12008.654999999999,-23168.34,-6774.57,362.34,-29944.8,-12106.305,-4036.77
-11740.5,-12006.27,-23179.32,-6785.505,380.205,-29925.135,-12099.689999999999,-4033.35
-11732.76,-11994.39,-23166.135,-6790.365,375.65999999999997,-29934.989999999998,-12096.18,-4025.6099999999997
-11737.98,-12001.994999999999,-23173.559999999998,-6791.804999999999,372.015,-29934.945,-12106.125,-4029.705
-11745.539999999999,-12009.869999999999,-23177.43,-6777.764999999999,371.88,-29934.989999999998,-12113.324999999999,-4038.8399999999997
-11747.115,-12014.279999999999,-23187.96,-6792.48,372.10499999999996,-29939.85,-12115.08,-4042.5299999999997
-11740.095,-12004.47,-23175.135,-6791.219999999999,376.965,-29936.07,-12103.109999999999,-4033.7999999999997
-11736.27,-12001.32,-23169.149999999998,-6794.415,368.775,-29946.239999999998,-12104.1,-4023.6299999999997
-11750.625,-12020.939999999999,-23187.69,-6811.469999999999,353.745,-29961.675,-12126.914999999999,-4035.1499999999996
-11761.92,-12033.494999999999,-23212.485,-6830.46,339.435,-29968.335,-12133.529999999999,-4046.67
-11749.275,-12014.73,-23194.844999999998,-6813.719999999999,359.235,-29943.765,-12102.57,-4038.8399999999997
-11731.275,-11999.115,-23177.16,-6803.325,369.405,-29924.73,-12077.685,-4022.73
-11727.63,-11992.77,-23167.89,-6788.565,389.835,-29898.539999999997,-12052.08,-4018.365
-11729.564999999999,-11992.365,-23165.504999999997,-6787.844999999999,390.015,-29897.145,-12056.76,-4020.66
-11734.92,-11994.57,-23161.05,-6790.7699999999995,383.895,-29894.805,-12063.15,-4026.24
-11742.39,-12003.705,-23176.395,-6801.615,373.995,-29917.71,-12087.539999999999,-4036.5
-11739.555,-12003.615,-23182.245,-6802.0199999999995,378.36,-29925.765,-12103.875,-4039.245
-11735.595,-11999.654999999999,-23180.805,-6805.98,368.90999999999997,-29943.09,-12118.005,-4036.815
-11739.914999999999,-12005.145,-23187.105,-6815.88,363.375,-29950.469999999998,-12125.07,-4040.055
-11737.439999999999,-11999.025,-23179.184999999998,-6809.355,393.34499999999997,-29921.129999999997,-12106.619999999999,-4037.355
-11731.005,-11995.199999999999,-23179.094999999998,-6818.445,373.09499999999997,-29930.219999999998,-12088.845,-4029.615
-11736.404999999999,-11998.484999999999,-23180.129999999997,-6815.115,364.68,-29930.489999999998,-12085.785,-4037.67
-11746.619999999999,-12006.0,-23177.43,-6793.425,372.59999999999997,-29925.945,-12097.125,-4042.08
-11738.385,-12003.119999999999,-23181.93,-6810.3,369.09,-29930.579999999998,-12107.34,-4036.14
-11743.515,-12011.939999999999,-23195.61,-6832.215,361.305,-29937.239999999998,-12102.93,-4040.2799999999997
-11758.814999999999,-12019.41,-23198.94,-6829.245,362.61,-29931.84,-12074.715,-4053.33
-11754.314999999999,-12006.449999999999,-23178.96,-6797.34,376.46999999999997,-29922.84,-12059.145,-4054.185
-11741.355,-11991.015,-23160.6,-6773.445,386.28,-29922.84,-12070.619999999999,-4049.955
-11726.775,-11998.439999999999,-23179.995,-6806.5199999999995,361.755,-29946.465,-12086.73,-4017.285
-11722.545,-12006.09,-23189.04,-6814.98,367.02,-29933.594999999998,-12091.455,-4005.765
-11725.875,-11990.07,-23168.114999999998,-6804.8099999999995,371.205,-29937.96,-12093.164999999999,-4026.06
-11723.445,-11995.965,-23183.19,-6827.67,361.97999999999996,-29947.23,-12091.41,-4021.1099999999997
-11728.125,-12006.135,-23195.34,-6837.12,366.79499999999996,-29935.215,-12088.08,-4018.77
-11734.109999999999,-12009.285,-23195.879999999997,-6840.405,360.71999999999997,-29933.73,-12082.814999999999,-4018.9049999999997
-11748.555,-12029.49,-23216.489999999998,-6848.099999999999,340.245,-29945.879999999997,-12082.994999999999,-4026.87
-11751.345,-12023.55,-23196.69,-6813.63,353.96999999999997,-29945.204999999998,-12090.285,-4035.33
-11744.055,-12018.555,-23198.895,-6806.34,359.685,-29946.6,-12090.96,-4032.0899999999997
-11736.09,-12014.73,-23189.625,-6817.139999999999,336.33,-29971.395,-12095.865,-4025.205
-11735.595,-12009.24,-23188.995,-6837.12,344.96999999999997,-29956.905,-12096.539999999999,-4027.68
-11741.805,-12015.27,-23223.015,-6901.11,345.51,-29946.51,-12093.255,-4033.08
-11739.869999999999,-12015.63,-23237.82,-6927.795,349.38,-29943.135,-12092.85,-4029.5699999999997
-11745.225,-12026.43,-23244.975,-6926.67,331.965,-29958.57,-12094.335,-4030.02
-11740.005,-12014.189999999999,-23210.145,-6851.34,339.03,-29957.67,-12098.07,-4031.2349999999997
-11737.845,-12003.39,-23160.555,-6759.63,356.58,-29958.795,-12095.189999999999,-4030.4249999999997
-11744.414999999999,-12010.68,-23171.805,-6776.955,362.47499999999997,-29954.475,-12096.855,-4035.915
-11752.425,-12025.08,-23215.77,-6861.15,351.9,-29949.164999999997,-12094.02,-4041.99
-11748.24,-12019.949999999999,-23225.265,-6906.42,362.565,-29940.93,-12096.855,-4041.225
-11738.205,-12013.65,-23217.434999999998,-6913.259999999999,360.99,-29957.94,-12094.47,-4025.115
-11749.814999999999,-12026.34,-23224.5,-6882.974999999999,350.145,-29974.86,-12109.095,-4035.24
-11756.295,-12025.845,-23189.76,-6774.929999999999,363.28499999999997,-29976.3,-12120.93,-4043.115
-11758.005,-12024.0,-23175.18,-6754.679999999999,355.77,-29974.184999999998,-12115.439999999999,-4047.75
-11751.39,-12015.855,-23170.635,-6761.429999999999,360.09,-29959.695,-12091.59,-4043.295
-11733.029999999999,-12001.545,-23162.895,-6759.764999999999,381.78,-29932.739999999998,-12065.085,-4022.2349999999997
-11743.02,-12009.51,-23168.52,-6786.2699999999995,359.685,-29946.465,-12077.145,-4033.305
-11743.74,-12009.42,-23174.46,-6794.955,358.965,-29957.445,-12092.939999999999,-4036.3199999999997
-11748.105,-12017.835,-23189.129999999997,-6804.585,357.03,-29966.94,-12097.26,-4039.245
-11741.76,-12005.82,-23178.329999999998,-6794.55,365.66999999999996,-29968.515,-12104.324999999999,-4039.515
-11751.93,-12020.715,-23195.745,-6816.465,342.315,-29991.87,-12123.045,-4045.365
-11764.935,-12034.664999999999,-23209.155,-6832.665,327.28499999999997,-30011.489999999998,-12153.6,-4059.0899999999997
-11784.42,-12032.865,-23199.254999999997,-6819.884999999999,343.84499999999997,-29997.09,-12171.779999999999,-4101.75
-11782.664999999999,-12018.195,-23179.14,-6795.495,379.26,-29944.934999999998,-12115.484999999999,-4114.62
-11763.449999999999,-12003.48,-23169.149999999998,-6786.764999999999,391.455,-29922.344999999998,-12065.175,-4088.835
-11757.33,-11994.84,-23160.239999999998,-6780.6449999999995,393.255,-29919.6,-12039.074999999999,-4066.3799999999997
-11767.904999999999,-12013.244999999999,-23176.844999999998,-6805.3949999999995,364.54499999999996,-29941.155,-12057.93,-4068.855
-11782.215,-12013.515,-23172.93,-6797.25,376.245,-29937.914999999997,-12072.96,-4092.2549999999997
-11770.605,-12015.765,-23181.12,-6808.23,360.85499999999996,-29963.385,-12078.045,-4060.395
-11714.76,-12017.115,-23202.09,-6837.03,332.82,-29989.754999999997,-12091.77,-3976.47
-11704.32,-11996.279999999999,-23183.73,-6819.344999999999,346.77,-29991.105,-12105.359999999999,-3993.12
-11725.92,-11964.105,-23137.829999999998,-6769.3949999999995,397.16999999999996,-29948.67,-12086.82,-4057.065
-11736.404999999999,-11959.74,-23128.29,-6755.13,415.97999999999996,-29920.815,-12068.189999999999,-4076.865
-11762.324999999999,-11999.475,-23168.385,-6792.84,383.805,-29930.355,-12056.984999999999,-4083.5699999999997
-11750.355,-12035.97,-23214.78,-6845.085,328.995,-29980.17,-12088.17,-4024.62
-11716.02,-12033.945,-23222.79,-6859.889999999999,313.11,-29996.594999999998,-12101.265,-3966.12
-11732.58,-12031.83,-23215.5,-6848.639999999999,328.5,-29980.53,-12095.055,-3997.5299999999997
-11738.385,-12024.314999999999,-23206.094999999998,-6838.38,341.37,-29970.539999999997,-12086.145,-4015.89
-11735.189999999999,-12021.975,-23209.739999999998,-6853.5,337.545,-29975.129999999997,-12085.335,-4013.415
-11737.215,-12027.914999999999,-23223.96,-6873.12,329.13,-29981.114999999998,-12084.885,-4011.975
-11748.24,-12037.545,-23233.094999999998,-6881.715,321.84,-29989.574999999997,-12093.48,-4025.205
-11748.779999999999,-12033.765,-23228.64,-6875.099999999999,323.37,-29986.379999999997,-12096.539999999999,-4031.865
-11747.295,-12031.244999999999,-23219.504999999997,-6862.905,330.705,-29979.719999999998,-12094.38,-4031.865
-11746.439999999999,-12029.67,-23207.94,-6861.69,331.56,-29975.85,-12092.31,-4031.1
-11743.515,-12031.695,-23236.605,-6909.929999999999,316.26,-29978.055,-12091.23,-4028.85
-11742.029999999999,-12021.164999999999,-23229.045,-6893.865,339.75,-29959.605,-12087.585,-4030.4249999999997
-11748.51,-12021.164999999999,-23206.454999999998,-6827.13,360.85499999999996,-29950.515,-12085.965,-4036.41
-11744.73,-12010.185,-23178.239999999998,-6793.74,366.12,-29953.664999999997,-12086.145,-4035.375
-11742.885,-12012.705,-23198.445,-6842.474999999999,351.63,-29962.35,-12087.765,-4035.06
-11747.16,-12024.09,-23224.41,-6904.304999999999,343.03499999999997,-29963.295,-12092.085,-4039.245
-11746.529999999999,-12020.58,-23199.57,-6890.759999999999,335.61,-29975.76,-12095.865,-4038.0299999999997
-11747.25,-12019.545,-23199.165,-6839.235,339.93,-29979.09,-12094.289999999999,-4039.065
-11749.5,-12020.58,-23195.295,-6757.469999999999,369.53999999999996,-29958.48,-12086.91,-4039.9649999999997
-11744.595,-12008.025,-23166.045,-6734.745,385.695,-29944.844999999998,-12082.455,-4038.705
-11742.074999999999,-12005.685,-23179.364999999998,-6782.4,365.4,-29946.195,-12085.425,-4039.2
-11744.505,-12010.23,-23191.02,-6798.915,369.135,-29937.824999999997,-12088.125,-4042.2149999999997
-11750.715,-12022.244999999999,-23193.855,-6820.38,346.72499999999997,-29962.53,-12099.015,-4043.43
-11751.48,-12028.095,-23214.735,-6849.2699999999995,344.88,-29956.14,-12100.32,-4040.73
-11750.13,-12024.765,-23222.565,-6862.86,328.86,-29979.855,-12112.38,-4043.475
-11758.68,-12030.615,-23218.335,-6859.035,321.525,-29982.645,-12109.095,-4047.435
-11761.875,-12031.02,-23207.129999999997,-6842.88,326.835,-29981.565,-12084.705,-4044.6
-11753.955,-12024.494999999999,-23193.629999999997,-6813.09,337.77,-29980.079999999998,-12094.605,-4036.995
-11755.619999999999,-12024.27,-23191.29,-6799.094999999999,342.0,-29986.155,-12118.365,-4045.3199999999997
-11757.465,-12021.345,-23191.965,-6805.53,357.21,-29965.23,-12104.73,-4054.995
-11750.265,-12012.84,-23185.754999999997,-6805.98,365.085,-29947.995,-12087.314999999999,-4054.365
-11755.98,-12018.96,-23192.145,-6813.405,362.15999999999997,-29945.655,-12096.99,-4059.855
-11760.66,-12020.939999999999,-23193.54,-6814.485,363.645,-29944.934999999998,-12103.695,-4061.8799999999997
-11765.609999999999,-12023.64,-23192.954999999998,-6812.28,369.405,-29941.379999999997,-12111.029999999999,-4066.3799999999997
-11765.789999999999,-12025.89,-23194.215,-6815.429999999999,362.96999999999997,-29949.84,-12094.74,-4060.845
-11750.085,-12015.63,-23186.565,-6807.33,369.585,-29948.805,-12068.505,-4041.045
-11734.38,-12001.455,-23177.879999999997,-6797.88,383.53499999999997,-29931.795,-12047.265,-4027.455
-11739.555,-12008.025,-23191.245,-6819.255,360.135,-29946.329999999998,-12065.31,-4040.2799999999997
-11741.175,-12005.865,-23187.645,-6815.16,363.78,-29947.949999999997,-12078.27,-4044.96
-11742.21,-12004.02,-23185.215,-6812.415,364.185,-29947.05,-12085.74,-4044.915
-11759.49,-12020.265,-23198.309999999998,-6824.79,351.405,-29957.489999999998,-12103.785,-4053.645
-11772.045,-12029.67,-23208.12,-6834.915,342.27,-29964.914999999997,-12109.23,-4063.14
-11776.904999999999,-12035.744999999999,-23212.98,-6838.785,343.03499999999997,-29960.64,-12096.314999999999,-4061.9249999999997
-11763.09,-12018.06,-23191.829999999998,-6809.04,383.895,-29924.01,-12065.4,-4058.73
-11751.57,-12012.029999999999,-23190.57,-6813.945,367.875,-29930.399999999998,-12056.58,-4047.2549999999997
-11729.654999999999,-12007.305,-23193.405,-6822.585,353.61,-29948.489999999998,-12067.425,-4014.3599999999997
-11735.505,-12009.824999999999,-23194.26,-6821.865,355.815,-29952.0,-12075.57,-4017.87
-11738.789999999999,-12007.755,-23191.695,-6824.025,352.305,-29960.055,-12083.355,-4025.745
-11747.07,-12011.22,-23195.07,-6828.705,354.69,-29954.655,-12089.205,-4037.22
-11751.074999999999,-12019.41,-23205.915,-6837.57,348.21,-29956.32,-12084.795,-4038.2549999999997
-11756.564999999999,-12028.994999999999,-23216.94,-6842.969999999999,345.28499999999997,-29954.61,-12083.76,-4041.99
-11754.585,-12020.039999999999,-23198.265,-6821.415,356.445,-29947.995,-12085.154999999999,-4044.42
-11742.255,-12009.105,-23186.565,-6810.84,367.83,-29937.195,-12080.654999999999,-4032.6749999999997
-11739.689999999999,-12011.895,-23198.67,-6829.65,355.68,-29948.76,-12085.244999999999,-4028.67
-11749.275,-12017.25,-23207.489999999998,-6850.71,341.775,-29961.27,-12088.574999999999,-4035.33
-11749.23,-12014.324999999999,-23200.739999999998,-6850.889999999999,342.53999999999996,-29965.004999999997,-12085.47,-4037.67
-11752.875,-12019.41,-23207.715,-6862.86,345.825,-29964.78,-12087.539999999999,-4040.19
-11751.795,-12024.765,-23228.954999999998,-6898.455,339.255,-29962.53,-12087.404999999999,-4038.93
-11750.715,-12021.93,-23225.175,-6909.4349999999995,329.53499999999997,-29964.329999999998,-12090.96,-4039.29
-11752.02,-12023.324999999999,-23234.265,-6910.875,331.2,-29957.985,-12090.06,-4040.5499999999997
-11753.505,-12023.865,-23227.245,-6867.764999999999,337.455,-29957.445,-12091.77,-4043.0249999999996
-11753.505,-12018.6,-23207.265,-6839.91,348.47999999999996,-29950.199999999997,-12091.5,-4043.205
-11754.359999999999,-12016.08,-23204.655,-6831.855,363.59999999999997,-29943.09,-12092.085,-4045.14
-11756.205,-12018.869999999999,-23196.78,-6812.009999999999,356.805,-29952.765,-12090.645,-4045.23
-11752.425,-12010.185,-23166.855,-6780.6449999999995,367.02,-29947.094999999998,-12086.73,-4042.44
-11754.404999999999,-12019.185,-23185.485,-6808.32,363.645,-29945.565,-12083.85,-4042.08
-11757.42,-12025.664999999999,-23205.015,-6840.405,349.78499999999997,-29956.41,-12088.845,-4043.475
-11756.43,-12023.865,-23206.635,-6851.969999999999,332.72999999999996,-29964.239999999998,-12096.675,-4043.3849999999998
-11765.205,-12036.555,-23227.155,-6877.3949999999995,321.12,-29967.795,-12106.35,-4051.17
-11765.205,-12032.82,-23219.055,-6852.105,341.235,-29961.449999999997,-12106.8,-4052.79
-11763.404999999999,-12028.68,-23202.045,-6799.275,352.26,-29966.445,-12112.65,-4051.08
-11770.47,-12031.92,-23190.254999999997,-6779.88,353.29499999999996,-29972.07,-12126.33,-4056.795
-11763.81,-12027.914999999999,-23192.055,-6802.155,348.47999999999996,-29977.155,-12138.074999999999,-4051.5299999999997
-11769.074999999999,-12035.43,-23206.545,-6825.96,337.635,-29982.239999999998,-12136.545,-4056.93
-11767.994999999999,-12034.574999999999,-23209.379999999997,-6826.59,348.65999999999997,-29957.94,-12083.49,-4052.745
-11752.83,-12010.904999999999,-23184.629999999997,-6801.255,379.125,-29927.204999999998,-12048.795,-4046.4449999999997
-11751.48,-12008.07,-23180.355,-6799.545,379.08,-29938.995,-12073.005,-4047.615
-11757.06,-12013.02,-23184.855,-6808.1849999999995,365.445,-29957.309999999998,-12082.725,-4050.18
-11766.555,-12023.414999999999,-23193.36,-6814.17,364.635,-29948.985,-12078.72,-4056.48
-11757.06,-12015.449999999999,-23187.915,-6809.445,373.995,-29933.01,-12062.97,-4044.015
-11764.574999999999,-12021.345,-23195.565,-6818.625,366.255,-29938.23,-12064.59,-4053.5099999999998
-11773.8,-12026.789999999999,-23200.965,-6825.33,358.335,-29943.719999999998,-12077.369999999999,-4067.865
-11769.255,-12016.035,-23189.219999999998,-6814.62,364.815,-29940.975,-12075.525,-4071.5099999999998
-11748.555,-12003.615,-23183.19,-6811.335,367.065,-29946.195,-12083.625,-4055.085
-11768.49,-12018.779999999999,-23198.355,-6826.995,350.82,-29965.14,-12097.845,-4070.745
-11795.445,-12033.135,-23206.5,-6831.495,345.825,-29974.77,-12116.205,-4100.67
-11787.93,-12026.025,-23199.344999999998,-6822.63,353.47499999999997,-29970.899999999998,-12120.705,-4103.235
-11759.49,-12015.63,-23197.004999999997,-6823.349999999999,353.925,-29969.82,-12107.295,-4062.33
-11736.045,-12013.695,-23201.64,-6829.83,349.56,-29962.215,-12077.55,-4012.1549999999997
-11731.77,-12016.619999999999,-23205.78,-6834.42,350.72999999999996,-29949.84,-12057.255,-3999.33
-11734.74,-12019.32,-23212.665,-6854.4,344.43,-29955.78,-12073.635,-4010.49
-11743.875,-12013.83,-23205.285,-6849.719999999999,357.12,-29947.545,-12084.029999999999,-4033.17
-11748.555,-12012.164999999999,-23199.254999999997,-6835.679999999999,360.765,-29946.555,-12088.484999999999,-4040.145
-11755.439999999999,-12025.98,-23210.864999999998,-6826.634999999999,346.275,-29956.454999999998,-12089.295,-4039.065
-11762.775,-12032.64,-23209.379999999997,-6819.03,340.875,-29971.754999999997,-12091.32,-4043.9249999999997
-11760.84,-12028.41,-23207.805,-6831.045,337.275,-29985.39,-12099.689999999999,-4041.6299999999997
-11763.99,-12032.279999999999,-23215.545,-6857.505,329.21999999999997,-29991.69,-12112.605,-4047.66
-11758.23,-12029.039999999999,-23217.344999999998,-6876.36,326.295,-29990.385,-12113.279999999999,-4044.6
-11754.0,-12027.015,-23221.665,-6877.08,328.995,-29977.739999999998,-12092.805,-4039.605
-11750.265,-12024.0,-23224.004999999997,-6847.695,348.39,-29950.245,-12066.029999999999,-4035.4649999999997
-11742.525,-12009.105,-23195.204999999998,-6796.755,366.47999999999996,-29944.305,-12063.375,-4034.205
-11750.895,-12012.75,-23190.254999999997,-6808.545,362.88,-29948.265,-12069.27,-4041.54
-11759.13,-12026.25,-23208.12,-6840.719999999999,345.28499999999997,-29961.045,-12077.73,-4041.54
-11760.164999999999,-12031.83,-23215.905,-6849.224999999999,341.82,-29961.405,-12083.939999999999,-4041.6299999999997
-11761.92,-12030.3,-23217.3,-6847.83,344.43,-29961.675,-12083.265,-4043.115
-11756.52,-12015.449999999999,-23204.25,-6821.505,360.765,-29954.61,-12081.285,-4042.665
-11762.279999999999,-12022.02,-23210.504999999997,-6849.045,356.805,-29955.42,-12086.91,-4047.39
-11761.244999999999,-12022.65,-23217.075,-6873.66,346.5,-29971.305,-12092.22,-4047.12
-11763.0,-12028.59,-23224.094999999998,-6874.469999999999,337.275,-29983.32,-12098.835,-4046.1749999999997
-11764.035,-12034.89,-23242.454999999998,-6866.1449999999995,342.405,-29967.3,-12108.42,-4050.855
-11772.81,-12039.164999999999,-23224.905,-6817.139999999999,337.77,-29978.055,-12120.66,-4056.39
-11774.115,-12035.88,-23214.555,-6847.29,321.93,-29993.67,-12125.205,-4061.745
-11766.645,-12032.369999999999,-23223.69,-6891.165,313.335,-29991.059999999998,-12105.99,-4054.995
-11759.67,-12022.289999999999,-23214.87,-6904.035,326.745,-29965.995,-12071.835,-4044.555
-11760.345,-12022.785,-23218.02,-6895.08,339.12,-29956.995,-12061.215,-4043.0699999999997
-11759.49,-12024.09,-23218.379999999997,-6855.165,359.055,-29953.395,-12073.365,-4046.85
-11763.945,-12026.34,-23214.555,-6823.665,359.685,-29959.379999999997,-12079.439999999999,-4049.64
-11757.06,-12009.645,-23177.79,-6779.429999999999,367.83,-29961.405,-12088.664999999999,-4047.12
-11754.404999999999,-12011.445,-23188.14,-6822.9,357.255,-29965.77,-12091.095,-4043.79
-11756.744999999999,-12019.545,-23197.86,-6849.63,333.495,-29975.715,-12090.6,-4043.205
-11763.945,-12028.32,-23203.575,-6824.88,341.82,-29968.92,-12095.595,-4049.37
-11761.605,-12022.38,-23191.065,-6787.215,349.56,-29970.495,-12099.33,-4049.19
-11760.795,-12019.5,-23182.695,-6782.13,352.08,-29959.695,-12091.32,-4046.805
-11761.965,-12020.445,-23189.175,-6799.094999999999,351.85499999999996,-29958.164999999997,-12081.6,-4045.6349999999998
-11764.845,-12023.369999999999,-23194.89,-6812.6849999999995,345.645,-29976.704999999998,-12104.46,-4051.7999999999997
-11765.654999999999,-12023.73,-23198.625,-6817.905,350.37,-29978.64,-12115.845,-4054.095
-11762.414999999999,-12016.755,-23190.39,-6808.23,368.055,-29956.41,-12090.914999999999,-4053.5099999999998
-11765.654999999999,-12021.705,-23194.215,-6812.775,363.825,-29949.3,-12064.365,-4051.035
-11766.96,-12027.465,-23200.649999999998,-6820.65,357.435,-29951.1,-12068.64,-4045.9049999999997
-11778.074999999999,-12041.64,-23216.355,-6837.84,341.46,-29964.645,-12085.199999999999,-4055.805
-11778.48,-12039.21,-23212.17,-6837.48,340.02,-29959.739999999998,-12090.51,-4057.47
-11765.52,-12022.965,-23194.89,-6825.33,344.565,-29956.545,-12079.529999999999,-4048.74
-11751.345,-12009.689999999999,-23187.015,-6813.99,361.34999999999997,-29946.51,-12069.135,-4041.765
-11759.715,-12014.279999999999,-23188.545,-6813.045,365.94,-29943.315,-12068.82,-4050.765
-11781.72,-12020.939999999999,-23186.879999999997,-6806.925,377.235,-29935.305,-12078.585,-4084.245
-11784.24,-12014.595,-23180.265,-6802.38,377.055,-29940.614999999998,-12075.164999999999,-4092.435
-11780.145,-12014.505,-23184.765,-6810.974999999999,362.925,-29957.445,-12074.039999999999,-4081.995
-11770.02,-12020.355,-23196.78,-6825.6449999999995,349.38,-29968.829999999998,-12085.65,-4055.355
-11742.615,-12018.33,-23203.215,-6832.889999999999,343.935,-29973.69,-12092.939999999999,-4017.555
-11735.189999999999,-12009.914999999999,-23192.73,-6820.469999999999,358.965,-29957.715,-12084.029999999999,-4013.415
-11746.98,-12022.875,-23208.39,-6839.865,336.015,-29970.809999999998,-12084.3,-4025.205
-11751.48,-12021.255,-23202.495,-6834.509999999999,342.945,-29966.309999999998,-12094.02,-4034.6099999999997
-11756.925,-12026.34,-23206.95,-6840.719999999999,337.40999999999997,-29974.364999999998,-12103.154999999999,-4036.725
-11762.55,-12032.955,-23217.795,-6849.09,331.2,-29979.675,-12099.869999999999,-4041.045
-11771.505,-12035.97,-23217.704999999998,-6848.19,330.615,-29981.61,-12099.734999999999,-4050.585
-11774.789999999999,-12035.205,-23212.53,-6841.665,335.61,-29978.46,-12092.939999999999,-4055.1749999999997
-11768.445,-12026.97,-23204.204999999998,-6839.639999999999,344.745,-29969.504999999997,-12084.029999999999,-4055.58
-11766.689999999999,-12022.289999999999,-23203.665,-6877.304999999999,335.565,-29955.195,-12093.345,-4058.8199999999997
-11764.26,-12021.255,-23214.465,-6893.91,334.44,-29956.68,-12102.615,-4054.545
-11772.225,-12033.449999999999,-23225.67,-6887.5199999999995,318.51,-29992.094999999998,-12122.279999999999,-4057.605
-11769.615,-12045.42,-23237.28,-6875.37,317.07,-29985.03,-12111.84,-4045.9049999999997
-11759.715,-12028.77,-23202.675,-6825.105,329.085,-29981.969999999998,-12085.74,-4037.625
-11756.385,-12017.925,-23197.725,-6839.6849999999995,345.87,-29962.53,-12075.345,-4039.92
-11758.23,-12023.505,-23220.54,-6852.15,348.12,-29957.399999999998,-12071.699999999999,-4040.055
-11763.314999999999,-12023.64,-23217.84,-6839.415,345.015,-29966.94,-12083.625,-4046.67
-11763.314999999999,-12018.015,-23199.12,-6823.53,352.53,-29957.85,-12080.835,-4046.7149999999997
-11761.154999999999,-12012.164999999999,-23185.079999999998,-6802.245,353.61,-29959.965,-12079.439999999999,-4045.995
-11763.449999999999,-12022.47,-23205.87,-6818.94,335.61,-29976.704999999998,-12082.455,-4045.3199999999997
-11770.83,-12031.02,-23210.01,-6829.155,330.34499999999997,-29978.55,-12092.805,-4051.35
-11762.369999999999,-12018.285,-23205.42,-6849.675,342.85499999999996,-29963.295,-12087.855,-4047.21
-11760.84,-12020.715,-23225.805,-6890.13,339.885,-29965.545,-12085.695,-4044.7349999999997
-11766.015,-12031.83,-23242.68,-6918.48,330.57,-29966.445,-12092.984999999999,-4048.3799999999997
-11769.345,-12036.779999999999,-23241.69,-6888.014999999999,326.655,-29975.715,-12090.824999999999,-4049.685
-11769.93,-12034.305,-23223.825,-6830.054999999999,339.03,-29973.105,-12092.13,-4049.7749999999996
-11768.85,-12024.9,-23196.51,-6787.215,352.03499999999997,-29971.62,-12093.84,-4051.08
-11763.27,-12012.75,-23176.89,-6782.4,365.21999999999997,-29969.055,-12095.55,-4051.5299999999997
-11764.125,-12012.93,-23181.21,-6804.945,354.78,-29971.53,-12098.07,-4051.395
-11765.43,-12013.56,-23188.364999999998,-6810.57,355.32,-29957.67,-12101.355,-4053.6
-11768.76,-12023.955,-23201.55,-6824.745,335.34,-29973.51,-12113.189999999999,-4055.805
-11772.72,-12026.789999999999,-23203.53,-6825.195,337.815,-29983.77,-12114.855,-4059.495
-11773.439999999999,-12027.42,-23204.745,-6824.655,345.645,-29971.89,-12104.64,-4059.045
-11770.38,-12026.654999999999,-23204.879999999997,-6826.634999999999,349.78499999999997,-29960.55,-12076.65,-4045.455
-11767.41,-12024.314999999999,-23208.57,-6847.11,341.09999999999997,-29969.46,-12076.154999999999,-4040.37
-11768.49,-12023.505,-23204.295,-6841.44,353.745,-29956.364999999998,-12075.3,-4043.0699999999997
-11774.43,-12031.38,-23211.09,-6835.7699999999995,351.9,-29959.829999999998,-12073.949999999999,-4048.1099999999997
-11767.725,-12023.505,-23204.655,-6817.365,353.385,-29973.239999999998,-12078.27,-4048.92
-11764.26,-12015.855,-23188.59,-6800.67,363.465,-29961.765,-12075.57,-4047.0299999999997
-11770.289999999999,-12022.064999999999,-23197.815,-6819.165,355.14,-29963.835,-12081.33,-4050.3599999999997
-11772.9,-12021.345,-23197.545,-6823.3949999999995,348.255,-29978.684999999998,-12092.895,-4057.29
-11783.115,-12038.085,-23215.815,-6839.775,334.71,-29986.829999999998,-12106.89,-4062.915
-11780.91,-12034.17,-23212.665,-6836.625,340.38,-29981.789999999997,-12111.795,-4063.5
-11781.09,-12034.035,-23216.579999999998,-6843.195,335.205,-29984.76,-12119.355,-4059.6749999999997
-11777.805,-12033.09,-23218.469999999998,-6843.105,345.06,-29959.92,-12091.814999999999,-4054.3199999999997
-11753.955,-11999.925,-23182.92,-6806.565,376.83,-29937.914999999997,-12057.66,-4039.74
-11751.39,-12000.779999999999,-23185.079999999998,-6812.82,367.28999999999996,-29954.879999999997,-12078.045,-4040.8199999999997
-11759.895,-12012.615,-23196.195,-6824.474999999999,357.65999999999997,-29965.004999999997,-12079.125,-4042.2599999999998
-11765.52,-12023.955,-23214.239999999998,-6849.99,342.27,-29980.079999999998,-12075.48,-4038.705
-11767.32,-12028.14,-23223.105,-6860.115,344.34,-29970.27,-12088.305,-4045.77
-11765.52,-12019.455,-23207.579999999998,-6848.594999999999,332.055,-29987.82,-12089.52,-4048.47
-11760.164999999999,-12015.18,-23199.93,-6827.94,338.35499999999996,-29979.989999999998,-12087.81,-4042.305
-11764.845,-12018.914999999999,-23195.969999999998,-6818.13,345.195,-29963.204999999998,-12087.9,-4044.96
-11771.73,-12026.205,-23213.024999999998,-6853.905,338.265,-29971.53,-12089.43,-4048.245
-11769.029999999999,-12022.605,-23212.035,-6857.775,348.93,-29964.69,-12088.439999999999,-4051.89
-11768.76,-12021.164999999999,-23208.254999999997,-6850.755,350.235,-29964.42,-12090.465,-4052.745
-11770.47,-12022.335,-23205.915,-6833.79,346.68,-29973.645,-12091.5,-4053.645
-11774.43,-12028.455,-23201.19,-6808.275,348.75,-29975.265,-12088.89,-4052.6549999999997
-11778.39,-12036.24,-23213.34,-6825.554999999999,349.46999999999997,-29973.6,-12089.744999999999,-4054.2749999999996
-11774.295,-12029.49,-23208.75,-6830.955,350.955,-29972.25,-12093.57,-4053.555
-11768.535,-12024.855,-23205.51,-6843.24,335.34,-29982.195,-12098.97,-4049.595
-11769.119999999999,-12028.455,-23216.715,-6850.3949999999995,336.51,-29975.85,-12095.279999999999,-4049.46
-11770.064999999999,-12030.164999999999,-23227.92,-6880.32,338.13,-29968.739999999998,-12091.994999999999,-4049.5049999999997
-11762.279999999999,-12022.695,-23227.245,-6902.775,336.15,-29961.585,-12087.855,-4043.9249999999997
-11767.185,-12038.265,-23267.43,-6935.175,322.83,-29965.68,-12088.35,-4046.1299999999997
-11768.939999999999,-12036.105,-23260.05,-6917.8949999999995,321.885,-29970.629999999997,-12094.02,-4049.685
-11764.98,-12021.705,-23214.915,-6850.71,338.21999999999997,-29969.28,-12094.74,-4047.39
-11772.99,-12032.685,-23224.95,-6843.69,338.13,-29971.44,-12092.039999999999,-4050.81
-11769.345,-12022.154999999999,-23189.129999999997,-6785.775,360.71999999999997,-29963.114999999998,-12097.845,-4051.7549999999997
-11764.439999999999,-12011.49,-23166.135,-6779.16,362.835,-29965.364999999998,-12092.67,-4046.58
-11776.725,-12027.689999999999,-23193.45,-6813.945,356.895,-29963.879999999997,-12103.109999999999,-4057.74
-11768.13,-12026.789999999999,-23208.434999999998,-6821.235,373.40999999999997,-29941.155,-12094.65,-4046.895
-11763.72,-12020.535,-23206.995,-6833.384999999999,347.66999999999996,-29969.01,-12099.15,-4044.96
-11772.945,-12027.42,-23212.754999999997,-6849.0,337.09499999999997,-29978.055,-12112.695,-4053.69
-11773.125,-12029.715,-23214.105,-6838.245,335.61,-29983.32,-12117.869999999999,-4054.185
-11775.465,-12030.48,-23211.135,-6834.78,340.065,-29979.539999999997,-12117.555,-4058.19
-11775.24,-12030.525,-23213.204999999998,-6841.665,337.32,-29980.71,-12110.805,-4056.8849999999998
-11771.414999999999,-12024.09,-23201.82,-6834.195,348.57,-29967.795,-12094.154999999999,-4050.855
-11775.555,-12029.939999999999,-23211.629999999997,-6859.53,342.09,-29971.395,-12097.664999999999,-4051.935
-11782.395,-12044.07,-23231.07,-6876.09,334.71,-29967.39,-12091.32,-4049.5049999999997
-11775.689999999999,-12033.99,-23219.37,-6847.5599999999995,343.08,-29964.239999999998,-12078.404999999999,-4044.96
-11769.93,-12020.535,-23194.53,-6801.615,354.51,-29963.07,-12084.75,-4046.94
-11773.619999999999,-12023.73,-23197.905,-6808.679999999999,361.755,-29951.954999999998,-12089.88,-4054.68
-11772.494999999999,-12027.779999999999,-23209.515,-6826.7699999999995,359.64,-29948.805,-12087.135,-4051.5299999999997
-11765.16,-12017.835,-23197.184999999998,-6813.0,373.995,-29940.254999999997,-12080.52,-4045.8599999999997
-11763.99,-12011.265,-23186.34,-6809.759999999999,364.635,-29957.715,-12095.369999999999,-4050.585
-11774.115,-12023.145,-23205.329999999998,-6833.61,340.38,-29977.695,-12097.529999999999,-4057.3799999999997
-11776.14,-12022.02,-23204.204999999998,-6830.099999999999,347.985,-29973.87,-12096.314999999999,-4058.5049999999997
-11772.494999999999,-12016.35,-23197.05,-6821.82,361.08,-29960.145,-12084.975,-4060.395
-11771.865,-12010.32,-23185.079999999998,-6811.469999999999,371.78999999999996,-29934.899999999998,-12061.439999999999,-4062.915
-11776.455,-12012.345,-23186.7,-6807.825,376.875,-29931.975,-12061.439999999999,-4069.845
-11792.07,-12028.635,-23200.605,-6820.29,365.31,-29942.46,-12071.97,-4074.8399999999997
-11794.455,-12042.225,-23220.09,-6843.825,339.84,-29966.129999999997,-12087.855,-4067.595
-11778.84,-12029.984999999999,-23213.16,-6841.665,338.985,-29972.114999999998,-12095.279999999999,-4058.2799999999997
-11779.289999999999,-12030.48,-23214.195,-6844.139999999999,338.31,-29972.295,-12095.369999999999,-4057.9649999999997
-11777.58,-12022.83,-23206.995,-6838.245,353.385,-29959.155,-12088.619999999999,-4056.5699999999997
-11783.744999999999,-12017.88,-23205.645,-6851.61,349.46999999999997,-29973.78,-12096.135,-4078.035
-11787.029999999999,-12016.664999999999,-23200.02,-6846.84,356.66999999999996,-29969.864999999998,-12096.72,-4087.305
-11780.01,-12024.81,-23210.415,-6851.835,344.07,-29979.629999999997,-12108.689999999999,-4057.83
-11757.914999999999,-12044.97,-23239.44,-6870.0599999999995,302.76,-30013.515,-12123.359999999999,-4008.285
-11755.98,-12034.574999999999,-23224.68,-6846.795,313.46999999999997,-30007.215,-12119.58,-4018.9049999999997
-11768.22,-12031.74,-23221.575,-6849.99,328.77,-29988.36,-12108.42,-4037.355
-11767.185,-12028.005,-23219.504999999997,-6839.955,351.63,-29958.12,-12087.494999999999,-4035.42
-11772.404999999999,-12034.26,-23220.18,-6845.625,337.86,-29971.485,-12091.545,-4039.515
-11770.695,-12027.689999999999,-23203.98,-6842.61,336.28499999999997,-29975.445,-12095.1,-4043.745
-11764.215,-12018.96,-23193.899999999998,-6832.8,347.58,-29967.254999999997,-12081.6,-4038.21
-11767.859999999999,-12028.23,-23218.965,-6842.384999999999,346.09499999999997,-29972.565,-12082.41,-4040.8199999999997
-11767.14,-12026.744999999999,-23226.39,-6841.215,350.90999999999997,-29973.285,-12086.189999999999,-4040.595
-11771.865,-12025.215,-23215.094999999998,-6851.969999999999,355.455,-29964.51,-12092.895,-4047.0299999999997
-11776.68,-12032.055,-23227.11,-6876.2699999999995,348.79499999999996,-29964.059999999998,-12097.17,-4051.5299999999997
-11763.945,-12022.064999999999,-23223.375,-6871.679999999999,336.735,-29983.5,-12089.115,-4038.2549999999997
-11769.975,-12025.664999999999,-23217.614999999998,-6844.1849999999995,343.62,-29970.989999999998,-12092.31,-4046.04
-11770.154999999999,-12021.345,-23202.45,-6818.49,338.03999999999996,-29981.969999999998,-12097.035,-4048.02
-11770.56,-12022.92,-23213.475,-6845.219999999999,336.195,-29974.454999999998,-12093.48,-4047.39
-11774.699999999999,-12027.914999999999,-23219.91,-6845.58,339.79499999999996,-29966.985,-12092.895,-4050.6299999999997
-11770.515,-12020.939999999999,-23213.07,-6837.3,350.145,-29972.43,-12093.975,-4046.94
-11773.395,-12028.005,-23229.18,-6872.445,342.63,-29980.574999999997,-12103.064999999999,-4048.9649999999997
-11783.789999999999,-12042.72,-23242.86,-6899.715,325.53,-29994.66,-12122.279999999999,-4054.8599999999997
-11793.195,-12053.789999999999,-23254.29,-6912.315,307.26,-30002.129999999997,-12136.725,-4060.845
-11794.814999999999,-12055.545,-23248.079999999998,-6875.865,309.06,-30010.004999999997,-12130.38,-4059.4049999999997
-11785.635,-12042.945,-23228.055,-6850.3949999999995,326.205,-29995.695,-12114.225,-4055.04
-11785.14,-12042.9,-23246.594999999998,-6885.945,349.91999999999996,-29957.039999999997,-12077.505,-4052.7
-11768.265,-12017.564999999999,-23229.225,-6889.23,357.97499999999997,-29942.73,-12068.189999999999,-4046.22
-11775.105,-12025.98,-23230.215,-6867.855,347.445,-29959.425,-12094.244999999999,-4048.9649999999997
-11785.904999999999,-12038.625,-23214.915,-6812.054999999999,328.09499999999997,-29989.395,-12118.14,-4058.37
-11785.68,-12033.314999999999,-23193.405,-6784.245,340.83,-29989.53,-12113.955,-4059.99
-11771.64,-12014.46,-23178.465,-6783.255,360.36,-29975.805,-12085.064999999999,-4045.455
-11772.63,-12018.195,-23191.065,-6806.115,354.15,-29975.445,-12069.404999999999,-4039.92
-11768.67,-12011.895,-23188.05,-6807.014999999999,360.585,-29968.469999999998,-12076.875,-4045.14
-11760.93,-12001.5,-23179.004999999997,-6797.79,373.68,-29953.89,-12071.43,-4041.54
-11761.244999999999,-12003.3,-23183.91,-6798.599999999999,377.28,-29944.53,-12067.289999999999,-4041.27
-11767.545,-12011.49,-23192.64,-6817.545,364.40999999999997,-29951.235,-12074.67,-4045.77
-11772.225,-12017.654999999999,-23201.325,-6846.165,354.78,-29954.879999999997,-12082.32,-4049.5049999999997
-11775.869999999999,-12024.27,-23209.695,-6854.4,353.61,-29954.385,-12082.05,-4050.18
-11774.97,-12030.119999999999,-23227.245,-6862.815,332.55,-29974.094999999998,-12090.105,-4050.72
-11775.869999999999,-12028.23,-23215.094999999998,-6834.465,333.585,-29982.69,-12097.439999999999,-4055.7599999999998
-11773.98,-12019.859999999999,-23197.364999999998,-6805.259999999999,346.22999999999996,-29989.62,-12100.05,-4057.02
-11775.285,-12024.99,-23210.82,-6826.455,344.835,-29992.274999999998,-12112.605,-4057.83
-11789.64,-12036.105,-23218.965,-6839.73,333.045,-30004.649999999998,-12133.35,-4070.8799999999997
-11795.805,-12040.515,-23221.17,-6843.42,330.705,-30001.59,-12124.619999999999,-4076.0099999999998
-11797.47,-12039.255,-23218.155,-6842.025,335.295,-29991.375,-12108.42,-4074.48
-11785.545,-12031.289999999999,-23210.46,-6832.035,354.015,-29960.145,-12070.71,-4053.1949999999997
-11762.64,-12013.335,-23199.704999999998,-6826.995,354.51,-29959.155,-12059.865,-4032.6299999999997
-11776.455,-12030.615,-23218.245,-6845.219999999999,335.15999999999997,-29979.495,-12078.359999999999,-4046.4449999999997
-11777.265,-12029.535,-23217.075,-6839.55,347.58,-29968.649999999998,-12083.039999999999,-4048.3799999999997
-11773.35,-12024.18,-23211.045,-6837.795,346.09499999999997,-29978.594999999998,-12083.175,-4045.0499999999997
-11774.385,-12026.115,-23213.925,-6851.925,342.765,-29983.094999999998,-12087.63,-4048.1549999999997
-11773.8,-12026.97,-23219.864999999998,-6861.42,337.905,-29987.55,-12089.475,-4048.3799999999997
-11777.67,-12027.96,-23214.915,-6853.139999999999,341.37,-29989.844999999998,-12094.74,-4052.16
-11773.439999999999,-12023.055,-23202.045,-6829.514999999999,346.185,-29984.895,-12094.74,-4048.515
-11778.39,-12027.96,-23202.989999999998,-6829.74,334.17,-29994.704999999998,-12091.32,-4052.205
-11782.529999999999,-12032.189999999999,-23217.795,-6851.429999999999,328.77,-29991.195,-12094.965,-4058.685
-11783.295,-12030.93,-23225.265,-6854.58,331.38,-29986.155,-12097.664999999999,-4060.08
-11779.965,-12028.185,-23218.605,-6858.945,330.65999999999997,-29989.664999999997,-12100.14,-4054.68
-11772.945,-12025.125,-23219.46,-6869.61,322.155,-29998.664999999997,-12102.345,-4045.365
-11776.455,-12028.725,-23229.135,-6877.125,321.34499999999997,-30000.239999999998,-12101.039999999999,-4050.99
-11783.34,-12029.984999999999,-23220.945,-6853.139999999999,336.195,-29994.164999999997,-12097.89,-4059.99
-11776.5,-12022.785,-23208.75,-6835.95,339.79499999999996,-29991.824999999997,-12092.355,-4052.115
-11774.789999999999,-12024.314999999999,-23212.844999999998,-6840.36,333.36,-30004.155,-12098.789999999999,-4049.415
-11782.529999999999,-12033.945,-23218.29,-6840.36,338.58,-29996.594999999998,-12099.42,-4052.43
-11780.64,-12030.615,-23211.719999999998,-6842.79,345.59999999999997,-29990.925,-12096.585,-4051.5299999999997
-11778.57,-12028.814999999999,-23215.32,-6865.29,340.335,-29989.215,-12093.074999999999,-4049.055
-11778.66,-12030.164999999999,-23231.879999999997,-6919.0199999999995,330.65999999999997,-29985.434999999998,-12092.805,-4050.0
-11778.525,-12030.435,-23245.739999999998,-6965.865,330.47999999999996,-29979.629999999997,-12100.365,-4052.52
-11779.064999999999,-12038.895,-23269.95,-6963.57,322.78499999999997,-29985.704999999998,-12095.955,-4049.73
-11790.765,-12046.32,-23255.235,-6865.11,333.585,-29990.114999999998,-12094.47,-4059.72
-11783.295,-12026.88,-23189.535,-6738.03,374.805,-29967.57,-12095.279999999999,-4055.7149999999997
-11782.305,-12025.215,-23183.504999999997,-6759.045,356.13,-29996.91,-12099.555,-4055.7149999999997
-11784.869999999999,-12029.49,-23195.43,-6801.795,338.76,-30012.21,-12102.885,-4057.6949999999997
-11782.574999999999,-12025.529999999999,-23201.37,-6828.615,337.95,-30001.14,-12101.22,-4055.49
-11782.845,-12029.13,-23215.41,-6862.905,324.9,-30004.695,-12103.38,-4056.075
-11787.255,-12034.305,-23226.21,-6873.165,321.65999999999997,-30009.015,-12110.58,-4058.37
-11798.865,-12045.869999999999,-23236.29,-6866.865,321.3,-30013.469999999998,-12127.005,-4068.1349999999998
-11794.814999999999,-12043.89,-23231.52,-6846.255,332.01,-30001.995,-12137.355,-4067.865
-11797.02,-12044.654999999999,-23216.535,-6807.014999999999,350.90999999999997,-29981.07,-12128.939999999999,-4072.095
-11796.615,-12039.39,-23214.465,-6825.375,335.96999999999997,-29997.18,-12100.994999999999,-4068.54
-11793.15,-12022.38,-23199.3,-6816.33,349.965,-29994.074999999997,-12097.08,-4072.815
-11791.8,-12017.564999999999,-23195.204999999998,-6815.07,347.265,-30011.039999999997,-12112.425,-4080.7799999999997
-11791.484999999999,-12025.395,-23208.12,-6829.965,334.08,-30026.385,-12127.14,-4077.045
-11782.619999999999,-12028.095,-23212.305,-6833.969999999999,340.965,-29999.385,-12087.99,-4056.39
-11758.32,-12019.185,-23208.704999999998,-6832.259999999999,345.51,-29982.87,-12059.595,-4019.355
-11761.92,-12014.505,-23201.19,-6827.58,350.685,-29978.73,-12071.52,-4031.2799999999997
-11774.564999999999,-12019.23,-23198.535,-6828.75,348.84,-29971.035,-12080.025,-4049.73
-11778.705,-12026.25,-23208.48,-6834.6449999999995,346.09499999999997,-29974.995,-12088.439999999999,-4054.95
-11781.945,-12027.15,-23209.469999999998,-6831.224999999999,352.215,-29974.545,-12092.13,-4057.74
-11788.695,-12040.02,-23222.61,-6844.59,338.895,-29992.454999999998,-12100.635,-4051.575
-11793.645,-12047.039999999999,-23233.86,-6858.855,325.305,-30006.09,-12110.895,-4056.2999999999997
-11790.585,-12042.945,-23224.59,-6853.815,328.545,-30007.844999999998,-12118.14,-4059.495
-11767.455,-12018.15,-23203.079999999998,-6831.315,350.59499999999997,-29994.704999999998,-12105.314999999999,-4042.665
-11776.005,-12025.439999999999,-23214.915,-6846.12,332.41499999999996,-30002.895,-12091.23,-4047.75
-11780.73,-12028.859999999999,-23215.274999999998,-6841.035,341.37,-29989.754999999997,-12092.039999999999,-4051.7999999999997
-11773.845,-12026.609999999999,-23215.454999999998,-6842.115,340.83,-29987.82,-12094.02,-4043.835
-11774.295,-12029.85,-23216.535,-6851.565,334.26,-29985.074999999997,-12096.045,-4043.79
-11777.984999999999,-12035.789999999999,-23223.239999999998,-6863.94,324.045,-29989.62,-12101.31,-4046.535
-11775.779999999999,-12029.939999999999,-23221.079999999998,-6854.085,330.93,-29993.219999999998,-12100.095,-4044.87
-11774.115,-12021.975,-23207.715,-6846.4349999999995,348.075,-29983.05,-12093.3,-4043.0699999999997
-11775.15,-12029.939999999999,-23231.204999999998,-6890.715,340.065,-29980.215,-12094.965,-4044.375
-11778.615,-12035.789999999999,-23248.215,-6919.74,327.28499999999997,-29991.645,-12102.93,-4048.3799999999997
-11784.645,-12035.34,-23238.719999999998,-6899.58,318.06,-30001.23,-12109.365,-4055.04
-11789.505,-12038.895,-23225.715,-6847.695,330.65999999999997,-29988.719999999998,-12102.164999999999,-4057.875
-11786.355,-12032.955,-23202.719999999998,-6793.875,355.365,-29974.364999999998,-12095.1,-4054.995
-11783.654999999999,-12032.865,-23215.32,-6822.855,346.68,-29982.195,-12098.609999999999,-4053.015
-11783.97,-12033.855,-23226.614999999998,-6864.255,324.85499999999996,-29988.989999999998,-12104.595,-4054.995
-11785.77,-12037.05,-23234.399999999998,-6881.219999999999,318.87,-29989.125,-12107.52,-4059.0899999999997
-11787.525,-12039.975,-23239.53,-6900.03,318.735,-29991.329999999998,-12107.789999999999,-4058.0099999999998
-11778.615,-12029.265,-23227.695,-6888.915,344.655,-29973.42,-12100.14,-4050.27
-11781.494999999999,-12028.994999999999,-23225.175,-6883.0199999999995,350.505,-29972.114999999998,-12102.39,-4050.3599999999997
-11790.27,-12040.289999999999,-23237.19,-6879.6449999999995,325.26,-30005.774999999998,-12134.295,-4056.975
-11799.63,-12055.095,-23247.585,-6836.58,315.36,-30021.03,-12150.314999999999,-4065.39
-11799.27,-12044.205,-23219.64,-6831.045,314.01,-30016.17,-12149.369999999999,-4074.5249999999996
-11778.885,-12019.14,-23194.98,-6842.925,333.63,-29979.0,-12098.88,-4056.75
-11769.795,-12010.5,-23189.625,-6830.099999999999,359.955,-29949.434999999998,-12059.279999999999,-4039.6949999999997
-11770.695,-12013.92,-23193.945,-6820.83,363.555,-29940.12,-12065.039999999999,-4039.9649999999997
-11783.564999999999,-12028.814999999999,-23211.899999999998,-6834.33,360.99,-29939.76,-12079.305,-4051.62
-11781.99,-12027.734999999999,-23212.8,-6837.84,349.38,-29962.98,-12084.795,-4049.37
-11788.335,-12030.3,-23212.665,-6839.235,349.155,-29970.675,-12102.705,-4057.83
-11795.445,-12040.064999999999,-23223.195,-6847.965,336.96,-29980.305,-12117.779999999999,-4063.725
-11801.115,-12044.475,-23218.379999999997,-6821.82,336.015,-29982.015,-12120.57,-4072.365
-11791.755,-12033.18,-23209.155,-6818.8949999999995,345.465,-29970.0,-12094.65,-4066.02
-11775.105,-12017.115,-23197.094999999998,-6816.105,357.47999999999996,-29958.03,-12068.279999999999,-4045.185
-11777.22,-12020.715,-23201.954999999998,-6821.054999999999,354.41999999999996,-29961.809999999998,-12076.695,-4048.1549999999997
-11785.32,-12026.744999999999,-23208.165,-6828.84,347.66999999999996,-29965.23,-12086.055,-4060.98
-11782.439999999999,-12019.77,-23199.03,-6821.505,357.255,-29955.87,-12084.84,-4063.095
-11790.359999999999,-12028.59,-23205.87,-6827.94,352.395,-29960.19,-12084.21,-4063.41
-11802.33,-12042.135,-23216.625,-6839.009999999999,343.08,-29968.065,-12087.81,-4068.18
-11796.525,-12043.035,-23222.655,-6845.985,340.60499999999996,-29971.395,-12092.355,-4061.6549999999997
-11781.855,-12031.875,-23217.84,-6848.19,332.82,-29989.215,-12102.029999999999,-4047.345
-11777.175,-12032.955,-23227.785,-6860.5199999999995,321.885,-30001.86,-12111.345,-4038.39
-11774.609999999999,-12028.41,-23220.719999999998,-6851.16,334.17,-29986.649999999998,-12109.635,-4036.9049999999997
-11776.275,-12025.755,-23212.079999999998,-6842.5199999999995,342.405,-29976.57,-12094.289999999999,-4041.9449999999997
-11779.875,-12020.939999999999,-23202.719999999998,-6832.17,349.245,-29969.55,-12086.279999999999,-4051.845
-11770.064999999999,-12013.47,-23199.21,-6828.929999999999,353.43,-29961.449999999997,-12087.72,-4043.79
-11769.255,-12020.31,-23211.945,-6838.335,345.735,-29965.635,-12088.89,-4039.245
-11772.72,-12022.605,-23211.765,-6837.705,344.205,-29967.84,-12090.689999999999,-4042.305
-11780.91,-12030.3,-23224.05,-6855.03,340.02,-29975.715,-12099.42,-4049.2799999999997
-11786.039999999999,-12038.085,-23237.82,-6874.965,338.58,-29977.739999999998,-12098.835,-4050.9449999999997
-11787.615,-12037.005,-23232.69,-6878.295,338.4,-29978.954999999998,-12100.41,-4055.04
-11788.605,-12039.029999999999,-23234.535,-6875.415,339.16499999999996,-29977.02,-12097.8,-4056.5699999999997
-11783.744999999999,-12034.035,-23224.68,-6856.11,326.52,-29997.855,-12105.449999999999,-4052.3399999999997
-11783.609999999999,-12031.83,-23215.14,-6838.605,335.925,-29985.074999999997,-12105.945,-4051.35
-11784.645,-12032.91,-23216.129999999997,-6836.49,333.85499999999996,-29982.78,-12107.16,-4053.375
-11784.824999999999,-12035.475,-23227.785,-6857.415,333.81,-29978.64,-12097.35,-4054.545
-11778.39,-12026.295,-23216.219999999998,-6844.32,343.03499999999997,-29968.155,-12085.65,-4048.83
-11778.615,-12025.125,-23212.079999999998,-6841.844999999999,343.71,-29964.285,-12084.885,-4049.415
-11780.775,-12026.52,-23206.5,-6840.855,341.37,-29965.77,-12088.71,-4050.045
-11778.119999999999,-12021.345,-23197.905,-6838.11,334.53,-29974.77,-12093.84,-4047.8399999999997
-11782.125,-12033.18,-23225.265,-6857.82,319.22999999999996,-29991.105,-12101.49,-4051.08
-11781.765,-12031.875,-23218.785,-6841.665,339.93,-29978.46,-12095.505,-4050.855
-11779.965,-12026.34,-23211.315,-6853.23,337.185,-29978.28,-12096.359999999999,-4051.62
-11783.609999999999,-12024.855,-23213.07,-6847.74,356.53499999999997,-29965.094999999998,-12092.13,-4053.96
-11784.51,-12026.295,-23216.219999999998,-6853.139999999999,347.4,-29970.945,-12091.275,-4054.455
-11785.455,-12032.145,-23224.545,-6856.425,333.9,-29979.629999999997,-12101.939999999999,-4056.2549999999997
-11793.689999999999,-12047.445,-23241.51,-6866.19,325.935,-29990.43,-12121.74,-4060.44
-11798.279999999999,-12054.24,-23250.105,-6878.5199999999995,318.87,-30001.094999999998,-12137.939999999999,-4064.895
-11801.52,-12053.43,-23244.075,-6871.724999999999,324.27,-29998.215,-12136.455,-4069.395
-11799.81,-12045.105,-23227.02,-6846.3,343.97999999999996,-29981.204999999998,-12118.59,-4069.305
-11791.755,-12034.935,-23218.965,-6850.98,358.335,-29951.37,-12071.699999999999,-4057.245
-11778.119999999999,-12023.505,-23218.11,-6877.755,357.21,-29952.855,-12058.47,-4044.87
-11781.404999999999,-12034.26,-23250.195,-6943.275,338.58,-29972.204999999998,-12073.904999999999,-4048.74
-11779.335,-12032.369999999999,-23262.3,-6969.87,338.35499999999996,-29963.925,-12076.83,-4046.895
-11776.994999999999,-12026.564999999999,-23232.78,-6897.014999999999,337.09499999999997,-29970.719999999998,-12083.625,-4047.5699999999997
-11781.9,-12025.035,-23201.684999999998,-6814.17,349.965,-29967.524999999998,-12090.96,-4054.0049999999997
-11785.455,-12025.89,-23183.91,-6753.465,359.37,-29960.01,-12090.645,-4055.4449999999997
-11792.385,-12029.355,-23184.855,-6764.219999999999,364.14,-29954.43,-12088.755,-4060.665
-11789.505,-12026.295,-23186.969999999998,-6801.615,351.945,-29952.045,-12083.67,-4054.5899999999997
-11793.015,-12030.525,-23190.3,-6819.389999999999,340.695,-29950.155,-12086.73,-4058.595
-11784.33,-12027.779999999999,-23208.48,-6827.4,337.545,-29994.254999999997,-12111.39,-4054.9049999999997
-11782.98,-12030.345,-23213.34,-6834.105,332.505,-29999.114999999998,-12104.955,-4051.17
-11782.439999999999,-12025.71,-23207.04,-6827.67,344.96999999999997,-29980.44,-12084.3,-4047.8399999999997
-11785.77,-12027.555,-23210.325,-6831.405,345.96,-29978.64,-12095.64,-4050.27
-11794.635,-12034.664999999999,-23218.065,-6839.639999999999,339.03,-29987.145,-12120.39,-4062.42
-11791.755,-12034.215,-23219.055,-6841.53,336.10499999999996,-29992.454999999998,-12134.609999999999,-4068.18
-11791.529999999999,-12032.189999999999,-23216.175,-6840.675,339.21,-29979.989999999998,-12115.529999999999,-4073.1749999999997
-11783.925,-12018.869999999999,-23202.225,-6822.764999999999,363.78,-29944.305,-12057.795,-4061.565
-11779.47,-12012.84,-23194.079999999998,-6812.325,373.54499999999996,-29936.745,-12047.445,-4045.68
-11786.355,-12023.595,-23203.71,-6823.215,361.26,-29953.754999999997,-12069.045,-4046.895
-11787.255,-12030.255,-23214.915,-6839.73,342.585,-29977.515,-12088.08,-4046.1299999999997
-11787.57,-12034.439999999999,-23226.614999999998,-6858.855,325.08,-29998.395,-12104.82,-4048.1549999999997
-11779.38,-12021.795,-23223.239999999998,-6866.28,329.31,-29997.449999999997,-12110.58,-4050.225
-11782.755,-12028.77,-23230.754999999997,-6871.139999999999,332.235,-29990.925,-12116.115,-4052.3849999999998
-11793.24,-12035.475,-23228.73,-6859.44,333.765,-29985.164999999997,-12106.98,-4058.865
-11802.779999999999,-12036.375,-23219.82,-6840.99,323.59499999999997,-29996.46,-12103.289999999999,-4069.98
-11807.82,-12038.355,-23220.765,-6840.09,331.78499999999997,-29983.454999999998,-12101.67,-4077.6299999999997
-11806.695,-12035.744999999999,-23220.27,-6842.429999999999,337.5,-29975.805,-12099.33,-4082.22
-11782.215,-12025.125,-23213.655,-6841.304999999999,336.42,-29978.37,-12094.695,-4051.2149999999997
-11766.42,-12019.185,-23210.19,-6840.8099999999995,337.22999999999996,-29979.855,-12084.21,-4022.595
-11779.289999999999,-12023.234999999999,-23212.575,-6848.955,333.405,-29986.289999999997,-12087.045,-4039.3799999999997
-11780.189999999999,-12021.48,-23215.995,-6858.495,332.90999999999997,-29987.235,-12088.215,-4042.89
