ch0,ch1,ch2,ch3,ch4,ch5,ch6,ch7
-12773.205,-12192.255,-23871.915,-6891.165,802.53,-29251.844999999998,-10737.18,-3747.42
-12780.9,-12200.805,-23848.605,-6876.675,789.165,-29272.004999999997,-10762.154999999999,-3752.865
-12787.019999999999,-12204.675,-23818.364999999998,-6873.344999999999,757.35,-29313.27,-10806.93,-3758.9849999999997
-12793.32,-12215.16,-23856.12,-6881.535,737.595,-29339.504999999997,-10838.43,-3766.6349999999998
-12788.82,-12207.869999999999,-23854.5,-6895.485,753.12,-29315.655,-10810.35,-3764.16
-12783.689999999999,-12203.46,-23836.725,-6901.38,788.67,-29257.469999999998,-10727.279999999999,-3743.73
-12778.965,-12199.14,-23834.34,-6873.974999999999,807.435,-29231.235,-10688.22,-3734.5049999999997
-12766.23,-12182.76,-23823.855,-6863.804999999999,813.6,-29234.204999999998,-10693.71,-3732.2999999999997
-12770.414999999999,-12185.82,-23828.895,-6869.565,812.025,-29237.715,-10711.215,-3740.805
-12775.32,-12188.25,-23829.93,-6860.969999999999,809.28,-29246.445,-10740.42,-3751.245
-12778.515,-12191.445,-23827.59,-6847.83,799.6949999999999,-29261.475,-10748.07,-3754.08
-12776.895,-12193.695,-23828.265,-6855.03,793.935,-29266.965,-10736.279999999999,-3749.355
-12771.27,-12186.27,-23822.73,-6857.054999999999,793.53,-29274.12,-10746.675,-3749.7599999999998
-12769.695,-12185.279999999999,-23822.325,-6859.08,793.845,-29276.774999999998,-10754.55,-3746.7
-12773.88,-12187.395,-23825.204999999998,-6862.094999999999,792.675,-29280.329999999998,-10778.039999999999,-3752.91
-12782.654999999999,-12196.935,-23834.34,-6870.195,785.52,-29276.91,-10752.255,-3753.18
-12786.57,-12209.76,-23850.765,-6888.375,774.27,-29268.27,-10717.47,-3740.7149999999997
-12775.185,-12197.744999999999,-23840.19,-6877.349999999999,785.5649999999999,-29259.495,-10708.38,-3731.535
-12769.605,-12188.52,-23830.965,-6863.715,803.655,-29242.35,-10693.44,-3732.75
-12770.055,-12182.355,-23822.28,-6854.94,810.135,-29244.015,-10702.08,-3744.315
-12777.435,-12186.404999999999,-23824.26,-6858.764999999999,803.925,-29263.545,-10734.615,-3758.1749999999997
-12789.18,-12199.59,-23837.67,-6869.969999999999,793.665,-29273.805,-10749.914999999999,-3767.85
-12777.48,-12191.22,-23832.405,-6868.44,795.78,-29265.164999999997,-10729.529999999999,-3751.605
-12751.425,-12171.555,-23818.995,-6859.889999999999,801.27,-29262.914999999997,-10711.619999999999,-3720.42
-12745.439999999999,-12164.939999999999,-23814.54,-6856.065,802.2149999999999,-29266.02,-10713.914999999999,-3714.8399999999997
-12754.215,-12177.63,-23837.805,-6869.79,793.395,-29271.51,-10731.96,-3720.24
-12760.74,-12183.795,-23852.295,-6875.37,792.135,-29269.079999999998,-10743.164999999999,-3731.7149999999997
-12770.369999999999,-12192.705,-23845.454999999998,-6879.554999999999,783.855,-29270.114999999998,-10733.535,-3738.4649999999997
-12781.394999999999,-12201.074999999999,-23826.645,-6883.605,775.305,-29275.065,-10723.185,-3748.0499999999997
-12780.945,-12204.449999999999,-23846.535,-6891.255,776.655,-29270.879999999997,-10708.335,-3746.745
-12776.49,-12201.57,-23858.774999999998,-6883.92,786.9599999999999,-29270.655,-10715.13,-3742.3799999999997
-12769.02,-12187.439999999999,-23833.934999999998,-6872.985,790.47,-29278.305,-10739.07,-3737.295
-12769.244999999999,-12189.96,-23829.57,-6877.17,783.495,-29283.704999999998,-10736.369999999999,-3736.665
-12774.195,-12195.539999999999,-23838.975,-6880.59,780.93,-29287.35,-10739.025,-3742.92
-12775.14,-12197.609999999999,-23841.045,-6879.014999999999,786.735,-29278.98,-10734.029999999999,-3743.145
-12774.015,-12188.699999999999,-23821.785,-6860.565,801.405,-29264.219999999998,-10726.02,-3742.245
-12776.085,-12194.055,-23832.0,-6873.48,789.255,-29271.015,-10731.555,-3744.315
-12775.68,-12199.725,-23846.625,-6891.48,775.485,-29280.239999999998,-10737.72,-3743.685
-12774.42,-12196.98,-23848.875,-6900.389999999999,777.9599999999999,-29276.594999999998,-10736.19,-3743.955
-12777.525,-12199.32,-23844.329999999998,-6909.884999999999,782.01,-29276.01,-10737.72,-3745.035
-12777.119999999999,-12202.425,-23861.969999999998,-6943.05,765.18,-29290.094999999998,-10743.75,-3741.75
-12774.779999999999,-12193.875,-23841.0,-6927.615,769.995,-29287.305,-10738.98,-3740.805
-12774.645,-12198.689999999999,-23852.385,-6918.84,774.9449999999999,-29281.77,-10731.24,-3741.93
-12772.439999999999,-12206.07,-23905.125,-6972.344999999999,772.38,-29275.245,-10726.244999999999,-3741.345
-12767.49,-12189.375,-23875.02,-6982.335,782.235,-29266.02,-10723.545,-3738.1499999999996
-12771.539999999999,-12189.33,-23850.45,-6952.139999999999,776.0699999999999,-29269.17,-10732.14,-3742.6949999999997
-12770.279999999999,-12189.824999999999,-23838.075,-6887.79,771.48,-29269.125,-10731.375,-3741.2549999999997
-12772.664999999999,-12187.98,-23791.14,-6780.014999999999,791.73,-29262.015,-10729.305,-3743.19
-12774.869999999999,-12190.77,-23787.629999999997,-6796.44,800.01,-29260.395,-10731.914999999999,-3742.83
-12778.38,-12193.38,-23822.055,-6848.91,802.35,-29274.975,-10746.315,-3743.91
-12780.855,-12197.025,-23843.114999999998,-6874.2,787.68,-29295.989999999998,-10771.289999999999,-3748.68
-12786.164999999999,-12203.369999999999,-23849.774999999998,-6890.804999999999,750.555,-29315.52,-10795.815,-3755.835
-12795.39,-12216.06,-23863.95,-6900.075,737.595,-29326.094999999998,-10811.565,-3765.105
-12796.92,-12212.55,-23846.309999999998,-6862.815,759.42,-29310.3,-10801.755,-3771.8999999999996
-12785.894999999999,-12196.89,-23825.879999999997,-6843.509999999999,781.605,-29280.149999999998,-10759.14,-3763.5299999999997
-12772.305,-12182.58,-23806.98,-6833.835,799.605,-29244.825,-10712.654999999999,-3751.065
-12761.055,-12173.445,-23798.745,-6833.969999999999,804.6,-29228.265,-10696.32,-3732.165
-12774.33,-12188.744999999999,-23823.36,-6854.085,792.855,-29249.145,-10719.225,-3741.615
-12788.505,-12201.84,-23838.254999999997,-6869.925,782.91,-29256.704999999998,-10730.744999999999,-3762.54
-12795.119999999999,-12210.615,-23847.3,-6880.005,779.4449999999999,-29252.7,-10703.025,-3764.97
-12792.96,-12206.744999999999,-23846.265,-6882.525,775.665,-29264.129999999997,-10707.345,-3767.355
-12775.14,-12184.335,-23823.989999999998,-6858.945,795.3299999999999,-29264.355,-10729.845,-3756.915
-12770.91,-12183.074999999999,-23823.989999999998,-6860.474999999999,790.3349999999999,-29281.5,-10753.785,-3746.79
-12781.17,-12198.645,-23841.135,-6879.42,774.0899999999999,-29294.594999999998,-10776.285,-3749.085
-12786.705,-12207.195,-23850.855,-6889.545,766.395,-29299.95,-10787.94,-3748.3199999999997
-12800.564999999999,-12217.68,-23859.495,-6897.78,759.285,-29298.465,-10772.324999999999,-3757.6349999999998
-12786.48,-12198.15,-23838.344999999998,-6874.29,783.765,-29266.965,-10698.164999999999,-3741.435
-12789.314999999999,-12195.0,-23827.41,-6864.57,793.755,-29248.469999999998,-10694.52,-3755.115
-12789.765,-12201.029999999999,-23838.84,-6874.83,787.005,-29255.535,-10709.64,-3756.96
-12758.355,-12192.705,-23841.585,-6885.585,770.985,-29283.164999999997,-10726.515,-3714.48
-12760.289999999999,-12195.855,-23844.555,-6893.28,759.3299999999999,-29304.045,-10749.195,-3716.46
-12764.25,-12190.545,-23837.489999999998,-6880.7699999999995,775.485,-29291.579999999998,-10731.779999999999,-3717.315
-12763.845,-12186.539999999999,-23841.945,-6878.655,783.855,-29278.98,-10730.43,-3728.115
-12771.99,-12199.005,-23870.879999999997,-6902.639999999999,765.27,-29291.445,-10740.24,-3740.67
-12774.645,-12197.295,-23854.59,-6880.23,793.755,-29248.829999999998,-10691.414999999999,-3733.245
-12778.965,-12195.404999999999,-23822.235,-6867.045,801.225,-29234.655,-10679.49,-3737.43
-12783.779999999999,-12207.824999999999,-23845.004999999997,-6892.65,778.86,-29261.295,-10710.09,-3741.975
-12786.074999999999,-12213.539999999999,-23860.98,-6909.974999999999,769.635,-29273.309999999998,-10729.664999999999,-3745.2149999999997
-12785.715,-12203.955,-23849.774999999998,-6908.264999999999,770.13,-29275.829999999998,-10740.015,-3753.045
-12786.345,-12205.17,-23849.594999999998,-6906.42,775.845,-29272.14,-10737.045,-3755.295
-12784.005,-12206.07,-23851.26,-6896.925,780.165,-29268.315,-10723.59,-3748.23
-12780.539999999999,-12203.055,-23849.325,-6897.42,784.485,-29262.69,-10711.664999999999,-3739.9049999999997
-12780.585,-12205.664999999999,-23849.415,-6899.175,778.275,-29268.675,-10722.33,-3742.065
-12784.545,-12204.9,-23838.84,-6867.9,779.5799999999999,-29269.62,-10727.595,-3747.06
-12785.265,-12199.14,-23820.57,-6864.66,779.895,-29267.82,-10730.115,-3750.165
-12782.97,-12200.355,-23822.594999999998,-6885.764999999999,775.2149999999999,-29264.039999999997,-10729.125,-3749.1749999999997
-12784.769999999999,-12210.164999999999,-23872.77,-6886.44,776.2049999999999,-29262.825,-10726.92,-3749.22
-12780.99,-12200.715,-23863.004999999997,-6858.495,786.6899999999999,-29258.504999999997,-10726.47,-3745.44
-12775.095,-12198.105,-23865.48,-6891.84,778.545,-29267.414999999997,-10730.97,-3739.9049999999997
-12782.385,-12207.33,-23874.93,-6942.69,766.8,-29278.754999999997,-10746.045,-3749.895
-12786.795,-12213.855,-23877.809999999998,-6974.865,753.93,-29291.535,-10753.154999999999,-3754.2599999999998
-12781.619999999999,-12210.84,-23893.649999999998,-7035.525,750.3299999999999,-29286.629999999997,-10738.08,-3747.1949999999997
-12774.645,-12197.699999999999,-23886.765,-7031.88,764.235,-29272.454999999998,-10723.05,-3740.895
-12778.289999999999,-12198.689999999999,-23867.28,-6988.23,758.6999999999999,-29268.765,-10715.49,-3738.1949999999997
-12783.195,-12200.67,-23846.985,-6883.155,763.155,-29268.765,-10722.42,-3746.475
-12781.845,-12191.895,-23806.305,-6770.16,792.18,-29262.96,-10721.025,-3748.23
-12776.939999999999,-12179.385,-23785.335,-6775.65,806.13,-29255.67,-10717.605,-3744.8999999999996
-12776.445,-12184.515,-23801.129999999997,-6812.955,802.7099999999999,-29253.059999999998,-10717.47,-3741.5699999999997
-12778.74,-12194.145,-23823.09,-6838.5599999999995,791.4599999999999,-29261.385,-10724.49,-3741.615
-12779.189999999999,-12193.83,-23826.105,-6848.099999999999,783.765,-29271.42,-10735.335,-3744.765
-12781.125,-12196.395,-23832.27,-6863.985,772.9649999999999,-29284.155,-10751.58,-3752.145
-12778.289999999999,-12190.41,-23827.5,-6860.34,781.875,-29275.965,-10745.369999999999,-3753.0899999999997
-12781.755,-12190.949999999999,-23826.87,-6857.865,790.0649999999999,-29269.62,-10742.039999999999,-3754.44
-12795.21,-12208.59,-23847.434999999998,-6880.094999999999,769.23,-29291.039999999997,-10762.47,-3759.48
-12806.505,-12224.654999999999,-23865.704999999998,-6902.55,746.235,-29311.739999999998,-10789.289999999999,-3769.785
-12807.81,-12224.564999999999,-23864.129999999997,-6901.0199999999995,750.8249999999999,-29296.62,-10769.355,-3774.24
-12797.955,-12215.699999999999,-23858.145,-6895.98,759.555,-29282.445,-10744.83,-3764.835
-12781.439999999999,-12198.24,-23841.675,-6882.48,772.47,-29278.079999999998,-10733.085,-3754.7999999999997
-12777.795,-12193.965,-23836.905,-6879.42,775.7099999999999,-29280.87,-10735.965,-3755.0249999999996
-12780.765,-12198.375,-23840.415,-6877.349999999999,782.91,-29267.73,-10729.17,-3747.69
-12782.295,-12197.744999999999,-23840.504999999997,-6878.115,790.0649999999999,-29252.969999999998,-10700.19,-3744.6749999999997
-12776.58,-12191.58,-23841.18,-6890.715,783.855,-29260.664999999997,-10690.92,-3746.565
-12776.58,-12197.43,-23849.46,-6901.92,772.605,-29276.46,-10698.615,-3741.2549999999997
-12785.039999999999,-12205.529999999999,-23855.129999999997,-6902.82,761.85,-29296.44,-10736.55,-3753.4049999999997
-12786.345,-12203.82,-23843.79,-6871.455,781.605,-29267.504999999997,-10710.404999999999,-3751.065
-12771.539999999999,-12185.369999999999,-23824.079999999998,-6851.429999999999,799.605,-29250.809999999998,-10685.07,-3735.495
-12770.01,-12188.564999999999,-23833.71,-6868.304999999999,793.0799999999999,-29256.03,-10695.33,-3728.475
-12775.365,-12188.564999999999,-23831.504999999997,-6866.415,800.28,-29243.61,-10692.855,-3741.12
-12791.115,-12208.32,-23853.105,-6885.36,782.865,-29261.114999999998,-10707.615,-3754.98
-12784.23,-12205.17,-23853.735,-6889.094999999999,774.495,-29280.78,-10738.619999999999,-3750.345
-12781.08,-12198.33,-23843.475,-6885.855,772.47,-29288.295,-10752.48,-3752.955
-12783.779999999999,-12194.595,-23836.77,-6876.54,783.0899999999999,-29279.07,-10736.775,-3756.42
-12766.5,-12179.205,-23821.425,-6860.5199999999995,805.23,-29247.795,-10669.365,-3729.4649999999997
-12757.41,-12171.869999999999,-23816.385,-6853.815,810.495,-29246.129999999997,-10673.64,-3723.48
-12767.445,-12182.175,-23828.67,-6871.995,788.04,-29270.295,-10717.38,-3738.24
-12776.175,-12195.27,-23846.489999999998,-6899.445,764.775,-29286.405,-10736.414999999999,-3746.16
-12794.039999999999,-12215.835,-23867.504999999997,-6926.58,753.66,-29295.09,-10744.335,-3758.7149999999997
-12801.914999999999,-12229.965,-23888.52,-6943.545,748.98,-29295.495,-10732.005,-3756.1499999999996
-12797.865,-12229.244999999999,-23887.53,-6936.84,750.645,-29290.995,-10730.385,-3754.62
-12789.494999999999,-12211.92,-23855.445,-6899.49,762.3,-29284.065,-10728.404999999999,-3754.98
-12779.369999999999,-12192.39,-23844.465,-6858.99,791.55,-29257.92,-10696.455,-3745.98
-12769.74,-12186.539999999999,-23849.28,-6863.58,803.88,-29250.765,-10691.865,-3742.4249999999997
-12775.5,-12192.255,-23833.754999999997,-6875.82,788.9399999999999,-29265.48,-10708.785,-3747.24
-12777.795,-12190.05,-23822.55,-6873.165,783.9449999999999,-29273.309999999998,-10720.44,-3752.055
-12774.24,-12192.119999999999,-23857.245,-6886.62,783.405,-29270.789999999997,-10714.725,-3745.395
-12777.975,-12201.164999999999,-23879.34,-6900.884999999999,775.4399999999999,-29269.98,-10705.23,-3738.285
-12778.244999999999,-12197.654999999999,-23861.114999999998,-6899.13,772.3349999999999,-29270.52,-10709.955,-3739.545
-12773.385,-12190.05,-23835.78,-6907.545,775.17,-29260.53,-10711.529999999999,-3741.48
-12773.475,-12189.33,-23825.43,-6942.6449999999995,772.3349999999999,-29258.19,-10710.09,-3740.85
-12774.96,-12197.654999999999,-23876.954999999998,-6928.245,774.135,-29267.594999999998,-10711.35,-3738.285
-12775.68,-12191.715,-23868.765,-6880.139999999999,776.88,-29273.039999999997,-10718.505,-3741.8849999999998
-12779.775,-12190.32,-23823.27,-6879.014999999999,773.91,-29276.73,-10732.455,-3749.1749999999997
-12786.029999999999,-12200.939999999999,-23834.655,-6910.605,765.765,-29294.37,-10756.305,-3753.6299999999997
-12794.22,-12212.685,-23856.57,-6896.61,750.645,-29322.855,-10782.99,-3759.795
-12787.965,-12208.23,-23849.73,-6895.844999999999,745.92,-29322.18,-10775.43,-3750.345
-12791.115,-12211.92,-23847.524999999998,-6887.969999999999,754.65,-29299.905,-10742.805,-3745.17
-12794.085,-12207.06,-23838.93,-6872.67,772.56,-29271.465,-10730.205,-3757.95
-12786.48,-12196.484999999999,-23830.2,-6881.445,774.765,-29268.539999999997,-10741.904999999999,-3766.23
-12781.215,-12191.13,-23831.954999999998,-6889.905,782.01,-29264.265,-10733.984999999999,-3760.92
-12779.369999999999,-12196.08,-23841.585,-6877.44,787.005,-29254.815,-10695.6,-3739.815
-12782.07,-12195.99,-23831.73,-6853.59,793.845,-29249.414999999997,-10686.69,-3745.5299999999997
-12781.125,-12190.005,-23818.23,-6846.525,799.6949999999999,-29246.715,-10690.425,-3750.39
-12777.164999999999,-12190.814999999999,-23824.305,-6861.509999999999,787.41,-29261.565,-10698.795,-3738.5099999999998
-12776.355,-12194.055,-23833.575,-6876.54,769.995,-29286.675,-10723.23,-3736.5299999999997
-12773.475,-12190.814999999999,-23834.7,-6880.32,765.0899999999999,-29295.809999999998,-10738.619999999999,-3737.205
-12777.57,-12193.109999999999,-23832.18,-6880.1849999999995,768.645,-29274.39,-10723.14,-3749.3999999999996
-12784.455,-12194.685,-23831.145,-6870.105,787.23,-29249.954999999998,-10703.789999999999,-3762.0899999999997
-12775.05,-12183.975,-23822.325,-6858.09,799.875,-29247.39,-10724.715,-3754.935
-12773.97,-12186.135,-23827.05,-6865.38,793.485,-29254.364999999998,-10729.845,-3746.565
-12774.33,-12189.465,-23833.8,-6873.795,790.92,-29250.945,-10696.14,-3739.365
-12772.529999999999,-12189.555,-23838.93,-6886.304999999999,788.31,-29252.43,-10673.505,-3730.815
-12775.455,-12193.289999999999,-23843.52,-6896.429999999999,780.435,-29265.03,-10687.455,-3735.765
-12774.285,-12188.564999999999,-23835.645,-6884.054999999999,784.89,-29266.469999999998,-10699.605,-3738.4649999999997
-12776.625,-12191.13,-23836.05,-6871.094999999999,781.9649999999999,-29270.114999999998,-10704.824999999999,-3741.165
-12776.22,-12188.88,-23830.29,-6863.715,779.49,-29271.555,-10706.58,-3741.0299999999997
-12779.73,-12197.205,-23839.469999999998,-6878.205,773.8199999999999,-29271.329999999998,-10706.039999999999,-3742.29
-12780.269999999999,-12197.97,-23845.68,-6887.474999999999,769.005,-29269.754999999997,-10702.17,-3743.37
-12783.42,-12198.869999999999,-23841.405,-6885.134999999999,772.92,-29262.105,-10695.24,-3746.52
-12784.14,-12196.98,-23825.07,-6880.679999999999,769.995,-29246.219999999998,-10691.82,-3747.87
-12778.47,-12194.234999999999,-23820.48,-6886.215,757.7099999999999,-29256.254999999997,-10711.17,-3742.56
-12767.715,-12185.01,-23816.79,-6883.74,757.0799999999999,-29283.254999999997,-10755.765,-3734.865
-12772.98,-12190.14,-23831.01,-6888.554999999999,761.9399999999999,-29298.735,-10759.32,-3741.93
-12777.615,-12189.734999999999,-23820.795,-6905.429999999999,760.995,-29262.6,-10739.385,-3753.315
-12786.074999999999,-12197.295,-23831.594999999998,-6924.69,763.155,-29244.69,-10709.145,-3759.8399999999997
-12789.269999999999,-12203.865,-23869.62,-6949.44,764.91,-29268.539999999997,-10706.895,-3759.39
-12783.689999999999,-12194.82,-23852.385,-6922.889999999999,774.405,-29266.695,-10709.234999999999,-3752.19
-12783.105,-12195.27,-23828.04,-6896.205,768.375,-29247.704999999998,-10698.795,-3745.305
-12781.619999999999,-12194.324999999999,-23827.86,-6894.045,768.285,-29255.039999999997,-10706.895,-3747.645
-12773.295,-12183.705,-23811.344999999998,-6856.605,788.76,-29261.61,-10698.84,-3738.42
-12767.49,-12185.505,-23833.665,-6856.875,790.605,-29260.98,-10692.225,-3734.055
-12767.939999999999,-12186.855,-23849.73,-6857.415,776.295,-29278.844999999998,-10707.705,-3737.25
-12773.295,-12186.449999999999,-23827.274999999998,-6858.54,782.28,-29270.024999999998,-10707.57,-3741.0299999999997
-12771.18,-12176.01,-23801.129999999997,-6860.969999999999,790.02,-29261.475,-10705.545,-3739.5
-12772.125,-12174.525,-23808.329999999998,-6866.28,789.0749999999999,-29268.585,-10711.215,-3741.0299999999997
-12774.195,-12185.234999999999,-23829.614999999998,-6885.2699999999995,780.165,-29267.055,-10713.15,-3741.705
-12780.539999999999,-12197.115,-23854.725,-6901.92,772.56,-29275.515,-10720.89,-3744.6299999999997
-12783.779999999999,-12203.189999999999,-23865.524999999998,-6911.099999999999,763.245,-29286.495,-10727.64,-3744.6299999999997
-12784.5,-12205.395,-23858.73,-6922.44,757.98,-29291.309999999998,-10733.49,-3743.8199999999997
-12790.26,-12208.68,-23858.055,-6922.665,753.93,-29295.945,-10734.795,-3745.4849999999997
-12789.945,-12203.865,-23855.489999999998,-6876.63,764.775,-29296.89,-10740.914999999999,-3752.8199999999997
-12780.09,-12189.734999999999,-23836.545,-6855.84,777.9599999999999,-29290.995,-10739.34,-3750.2549999999997
-12777.48,-12181.994999999999,-23817.285,-6845.4,785.385,-29285.55,-10738.035,-3750.705
-12776.715,-12176.324999999999,-23809.004999999997,-6832.665,802.4399999999999,-29267.28,-10720.574999999999,-3755.835
-12771.63,-12175.064999999999,-23814.315,-6840.0,807.12,-29256.885,-10696.859999999999,-3743.595
-12775.59,-12185.46,-23830.155,-6856.2,796.4549999999999,-29263.59,-10695.824999999999,-3737.9249999999997
-12780.539999999999,-12191.535,-23836.094999999998,-6870.33,780.48,-29277.945,-10710.0,-3742.245
-12779.64,-12190.32,-23834.295,-6871.905,777.87,-29282.039999999997,-10719.539999999999,-3743.8199999999997
-12778.47,-12190.365,-23836.094999999998,-6873.389999999999,778.185,-29285.1,-10722.465,-3741.795
-12785.625,-12198.24,-23846.76,-6887.34,762.03,-29308.68,-10751.355,-3749.265
-12793.949999999999,-12206.385,-23856.21,-6902.955,744.255,-29336.265,-10789.335,-3762.855
-12798.855,-12209.22,-23861.295,-6908.3099999999995,739.5749999999999,-29351.61,-10811.34,-3773.97
-12810.24,-12220.605,-23869.844999999998,-6916.59,736.785,-29348.864999999998,-10795.5,-3779.19
-12801.689999999999,-12211.289999999999,-23859.09,-6904.71,758.385,-29311.2,-10727.64,-3756.87
-12790.035,-12202.425,-23856.254999999997,-6900.12,764.9549999999999,-29303.145,-10712.25,-3745.62
-12773.385,-12184.02,-23837.265,-6880.815,784.98,-29281.094999999998,-10680.57,-3731.805
-12755.564999999999,-12167.369999999999,-23816.43,-6864.12,808.02,-29256.12,-10656.855,-3710.0699999999997
-12760.605,-12173.13,-23823.945,-6877.215,798.5699999999999,-29264.805,-10677.645,-3720.7799999999997
-12771.18,-12183.84,-23833.934999999998,-6880.365,786.87,-29279.52,-10681.154999999999,-3726.18
-12783.06,-12193.02,-23841.135,-6874.514999999999,777.24,-29297.16,-10702.845,-3739.3199999999997
-12786.48,-12192.3,-23828.175,-6861.15,771.66,-29311.289999999997,-10732.68,-3748.68
-12789.359999999999,-12193.47,-23826.51,-6872.49,770.13,-29304.539999999997,-10735.875,-3756.375
-12792.914999999999,-12194.685,-23820.975,-6877.575,770.175,-29275.469999999998,-10705.994999999999,-3763.71
-12791.519999999999,-12195.494999999999,-23837.445,-6876.315,782.28,-29284.695,-10687.68,-3758.4449999999997
-12782.16,-12190.095,-23835.285,-6872.264999999999,786.51,-29288.879999999997,-10682.369999999999,-3741.93
-12771.359999999999,-12182.355,-23831.73,-6874.38,782.55,-29307.239999999998,-10716.885,-3733.9649999999997
-12771.765,-12183.795,-23829.165,-6878.115,773.73,-29311.425,-10739.34,-3737.205
-12788.055,-12198.33,-23850.405,-6888.33,766.26,-29321.864999999998,-10761.255,-3753.855
-12794.265,-12204.99,-23872.094999999998,-6895.53,765.27,-29330.19,-10781.73,-3762.495
-12793.005,-12203.189999999999,-23864.489999999998,-6892.695,768.1949999999999,-29323.98,-10770.255,-3762.9449999999997
-12789.99,-12198.465,-23832.989999999998,-6885.2699999999995,768.8249999999999,-29320.785,-10742.039999999999,-3753.72
-12788.865,-12200.445,-23837.04,-6887.07,768.51,-29318.985,-10711.574999999999,-3740.04
-12787.74,-12202.74,-23853.735,-6898.545,763.9649999999999,-29333.565,-10747.44,-3741.615
-12788.234999999999,-12204.81,-23863.86,-6923.115,754.8299999999999,-29339.954999999998,-10758.195,-3745.305
-12790.215,-12205.305,-23862.105,-6929.37,759.375,-29320.379999999997,-10712.88,-3742.6499999999996
-12774.824999999999,-12184.83,-23836.32,-6899.67,785.16,-29286.945,-10664.145,-3724.515
-12767.49,-12174.75,-23828.76,-6870.24,804.285,-29270.52,-10668.465,-3727.7549999999997
-12771.765,-12178.35,-23820.39,-6864.3,796.05,-29280.69,-10693.44,-3739.0049999999997
-12773.34,-12182.265,-23837.355,-6918.389999999999,778.905,-29291.985,-10705.14,-3738.24
-12777.885,-12191.445,-23863.545,-6943.275,771.75,-29298.195,-10711.619999999999,-3739.3199999999997
-12778.47,-12191.984999999999,-23855.129999999997,-6938.865,765.135,-29304.405,-10716.93,-3738.33
-12778.335,-12195.99,-23866.965,-6929.28,758.385,-29313.719999999998,-10721.789999999999,-3737.16
-12777.615,-12186.404999999999,-23829.524999999998,-6891.3,773.9549999999999,-29313.09,-10723.904999999999,-3739.3199999999997
-12782.654999999999,-12187.529999999999,-23836.32,-6907.365,778.095,-29315.61,-10735.74,-3747.96
-12783.644999999999,-12189.645,-23846.94,-6879.6449999999995,790.02,-29312.28,-10735.965,-3748.77
-12781.574999999999,-12183.975,-23818.77,-6822.495,794.61,-29306.789999999997,-10734.525,-3748.545
-12776.58,-12179.744999999999,-23803.02,-6800.58,794.2049999999999,-29298.825,-10724.22,-3738.69
-12780.945,-12187.305,-23822.055,-6842.969999999999,783.135,-29301.704999999998,-10723.904999999999,-3736.08
-12781.125,-12186.359999999999,-23820.93,-6845.49,789.255,-29300.489999999998,-10729.89,-3739.095
-12781.71,-12192.39,-23830.469999999998,-6858.315,779.31,-29313.945,-10738.755,-3736.7999999999997
-12784.41,-12197.295,-23842.8,-6867.8099999999995,769.185,-29327.94,-10747.664999999999,-3737.745
-12780.675,-12194.55,-23840.46,-6862.86,762.795,-29335.86,-10749.779999999999,-3734.73
-12782.115,-12191.31,-23827.86,-6853.995,764.145,-29328.75,-10745.595,-3737.0249999999996
-12777.93,-12185.01,-23822.1,-6871.5,773.145,-29322.945,-10743.119999999999,-3732.795
-12784.814999999999,-12192.66,-23846.399999999998,-6909.12,765.3149999999999,-29339.325,-10766.475,-3741.615
-12794.039999999999,-12198.33,-23844.149999999998,-6875.639999999999,769.365,-29337.12,-10782.9,-3755.97
-12792.105,-12192.164999999999,-23836.094999999998,-6872.355,775.125,-29328.3,-10792.8,-3767.1299999999997
-12783.779999999999,-12184.74,-23831.415,-6870.87,781.245,-29314.44,-10772.865,-3761.73
-12778.92,-12182.13,-23828.85,-6868.3949999999995,785.3399999999999,-29306.43,-10751.67,-3749.04
-12778.605,-12185.189999999999,-23832.629999999997,-6872.804999999999,781.785,-29309.805,-10743.615,-3744.3599999999997
-12782.744999999999,-12190.994999999999,-23839.469999999998,-6880.95,771.12,-29327.535,-10757.475,-3743.73
-12786.164999999999,-12196.845,-23848.245,-6898.005,759.42,-29341.89,-10761.795,-3737.115
-12784.23,-12196.395,-23851.844999999998,-6908.535,758.655,-29343.015,-10755.225,-3732.165
-12784.14,-12195.404999999999,-23849.504999999997,-6904.575,764.145,-29336.805,-10750.815,-3735.855
-12782.925,-12190.545,-23842.754999999997,-6888.15,769.23,-29333.655,-10750.32,-3740.1749999999997
-12768.705,-12166.605,-23811.39,-6840.855,797.9399999999999,-29305.71,-10739.565,-3741.345
-12769.154999999999,-12163.904999999999,-23807.34,-6842.88,800.505,-29302.379999999997,-10748.07,-3749.85
-12792.24,-12197.52,-23842.395,-6883.11,768.78,-29325.239999999998,-10759.05,-3753.6299999999997
-12805.83,-12220.289999999999,-23870.34,-6913.035,739.26,-29358.765,-10779.57,-3755.3399999999997
-12795.84,-12206.699999999999,-23856.704999999998,-6897.42,758.88,-29347.379999999997,-10779.119999999999,-3752.5049999999997
-12793.904999999999,-12205.439999999999,-23858.64,-6901.29,774.405,-29319.524999999998,-10733.22,-3747.105
-12786.39,-12196.17,-23855.219999999998,-6910.965,783.54,-29305.215,-10698.39,-3744.8999999999996
-12766.005,-12176.145,-23841.54,-6902.009999999999,794.97,-29296.62,-10681.56,-3721.815
-12765.869999999999,-12171.465,-23826.149999999998,-6879.24,790.56,-29314.305,-10738.44,-3722.3999999999996
-12791.07,-12199.365,-23839.829999999998,-6866.054999999999,772.515,-29334.42,-10764.18,-3749.9849999999997
-12798.494999999999,-12206.205,-23841.989999999998,-6860.969999999999,767.16,-29336.445,-10769.31,-3759.5249999999996
-12797.144999999999,-12201.93,-23843.655,-6881.445,761.355,-29330.145,-10764.494999999999,-3761.64
-12787.199999999999,-12193.875,-23840.64,-6881.13,771.3,-29316.735,-10733.895,-3746.0699999999997
-12778.02,-12184.785,-23831.28,-6869.34,786.105,-29312.864999999998,-10731.195,-3733.6949999999997
-12773.88,-12180.465,-23826.42,-6863.175,794.43,-29317.14,-10752.615,-3733.9649999999997
-12776.445,-12180.195,-23820.57,-6867.405,782.01,-29333.61,-10768.23,-3739.725
-12782.97,-12193.154999999999,-23840.82,-6882.165,771.525,-29338.245,-10758.645,-3741.8849999999998
-12781.305,-12195.855,-23855.445,-6885.855,771.8399999999999,-29335.23,-10748.699999999999,-3738.1499999999996
-12776.805,-12184.695,-23833.305,-6868.889999999999,783.81,-29324.34,-10738.755,-3734.5499999999997
-12779.145,-12187.439999999999,-23833.215,-6871.545,783.72,-29317.995,-10731.645,-3735.315
-12781.89,-12192.705,-23842.665,-6882.4349999999995,776.655,-29320.785,-10738.98,-3738.555
-12784.994999999999,-12197.43,-23856.03,-6891.66,771.795,-29321.91,-10743.615,-3740.895
-12784.41,-12193.74,-23858.504999999997,-6897.24,767.5649999999999,-29322.629999999997,-10747.664999999999,-3743.8199999999997
-12784.814999999999,-12196.439999999999,-23848.469999999998,-6905.07,761.85,-29322.855,-10746.855,-3742.785
-12785.67,-12204.855,-23846.579999999998,-6912.945,753.7049999999999,-29328.885,-10748.88,-3739.9049999999997
-12787.515,-12205.305,-23872.32,-6905.88,766.035,-29325.87,-10747.8,-3740.9849999999997
-12786.3,-12185.369999999999,-23824.305,-6863.175,791.37,-29311.245,-10743.705,-3744.6299999999997
-12782.205,-12181.994999999999,-23814.765,-6864.21,785.925,-29302.965,-10741.635,-3743.595
-12780.494999999999,-12183.119999999999,-23827.05,-6873.795,776.295,-29309.039999999997,-10745.46,-3743.19
-12784.095,-12186.314999999999,-23834.07,-6877.304999999999,780.8399999999999,-29317.364999999998,-10748.789999999999,-3744.9449999999997
-12782.654999999999,-12188.789999999999,-23842.26,-6899.67,786.51,-29307.239999999998,-10743.975,-3741.705
-12793.005,-12203.82,-23872.635,-6948.09,760.3199999999999,-29327.129999999997,-10773.494999999999,-3752.055
-12800.925,-12210.3,-23878.215,-6971.355,736.785,-29350.98,-10806.255,-3761.8199999999997
-12799.574999999999,-12207.914999999999,-23859.27,-6960.465,728.505,-29361.015,-10811.835,-3762.315
-12797.82,-12212.189999999999,-23873.309999999998,-6938.235,744.255,-29344.32,-10775.43,-3752.8199999999997
-12789.81,-12204.225,-23864.085,-6912.54,769.77,-29315.879999999997,-10715.85,-3733.83
-12774.914999999999,-12182.535,-23828.715,-6872.94,781.65,-29311.469999999998,-10724.4,-3732.165
-12780.585,-12187.305,-23826.78,-6834.735,780.975,-29322.0,-10748.789999999999,-3740.7149999999997
-12783.465,-12187.619999999999,-23836.32,-6850.215,780.435,-29325.69,-10764.18,-3747.1949999999997
-12792.015,-12195.404999999999,-23830.559999999998,-6857.415,759.3299999999999,-29346.3,-10797.435,-3757.8599999999997
-12794.31,-12196.98,-23832.495,-6867.9,753.615,-29349.629999999997,-10811.565,-3762.54
-12793.275,-12198.195,-23839.02,-6875.19,758.97,-29343.239999999998,-10792.529999999999,-3757.3199999999997
-12788.82,-12195.855,-23839.2,-6879.195,765.27,-29321.64,-10745.685,-3745.08
-12793.365,-12203.55,-23843.879999999997,-6880.23,773.595,-29299.815,-10696.545,-3734.325
-12789.9,-12195.585,-23833.17,-6870.96,783.3149999999999,-29293.155,-10696.904999999999,-3737.8799999999997
-12785.4,-12191.49,-23839.155,-6876.134999999999,782.505,-29305.079999999998,-10723.59,-3743.19
-12786.705,-12195.09,-23847.12,-6881.58,776.88,-29316.059999999998,-10735.965,-3744.27
-12775.77,-12176.955,-23822.415,-6860.25,788.355,-29310.704999999998,-10733.94,-3739.5899999999997
-12775.949999999999,-12174.3,-23820.75,-6871.815,785.61,-29317.094999999998,-10741.815,-3747.105
-12782.654999999999,-12183.84,-23833.934999999998,-6893.505,777.9599999999999,-29324.789999999997,-10760.805,-3749.4449999999997
-12792.869999999999,-12197.925,-23845.905,-6903.764999999999,766.17,-29329.425,-10773.09,-3753.765
-12796.154999999999,-12203.414999999999,-23844.059999999998,-6894.45,758.43,-29319.57,-10765.08,-3752.865
-12798.539999999999,-12209.039999999999,-23845.5,-6871.995,760.8149999999999,-29317.59,-10738.935,-3747.915
-12796.92,-12210.029999999999,-23856.165,-6887.474999999999,762.345,-29319.434999999998,-10736.19,-3750.93
-12788.414999999999,-12199.005,-23847.614999999998,-6888.509999999999,765.855,-29317.995,-10731.555,-3746.52
-12785.984999999999,-12196.619999999999,-23838.75,-6882.84,768.51,-29322.495,-10726.65,-3738.24
-12783.465,-12193.515,-23836.004999999997,-6880.32,770.535,-29329.739999999998,-10733.085,-3726.9449999999997
-12785.175,-12196.17,-23840.82,-6886.17,767.5649999999999,-29331.09,-10740.24,-3725.19
-12789.99,-12195.404999999999,-23839.11,-6883.155,773.055,-29321.325,-10737.675,-3742.245
-12795.255,-12197.88,-23839.965,-6882.21,777.4649999999999,-29309.175,-10727.414999999999,-3753.72
-12786.615,-12191.22,-23836.454999999998,-6881.13,780.975,-29303.145,-10728.404999999999,-3750.165
-12773.115,-12183.795,-23837.04,-6883.065,777.6,-29309.715,-10745.685,-3741.2549999999997
-12778.47,-12190.095,-23841.765,-6889.41,766.62,-29317.995,-10740.869999999999,-3736.89
-12783.779999999999,-12184.335,-23831.504999999997,-6880.95,772.6949999999999,-29317.995,-10742.4,-3743.46
-12778.154999999999,-12175.965,-23819.265,-6868.62,786.735,-29311.155,-10743.255,-3740.3999999999996
-12779.055,-12180.105,-23821.379999999997,-6873.84,784.89,-29310.075,-10733.895,-3736.305
-12777.975,-12181.185,-23832.585,-6880.679999999999,782.28,-29314.844999999998,-10737.72,-3733.92
-12782.295,-12182.805,-23831.64,-6869.34,788.4449999999999,-29312.91,-10738.08,-3737.295
-12782.699999999999,-12184.515,-23821.695,-6866.955,788.7149999999999,-29308.95,-10728.9,-3734.73
-12788.505,-12194.279999999999,-23826.78,-6873.929999999999,780.795,-29311.649999999998,-10733.58,-3739.545
-12785.85,-12191.984999999999,-23830.02,-6878.835,778.005,-29309.579999999998,-10737.27,-3739.815
-12787.785,-12196.529999999999,-23848.335,-6892.65,773.055,-29308.905,-10741.14,-3742.4249999999997
-12788.64,-12197.88,-23842.98,-6895.259999999999,770.13,-29308.59,-10742.22,-3742.3799999999997
-12787.965,-12193.154999999999,-23824.934999999998,-6900.12,765.63,-29311.289999999997,-10747.215,-3743.955
-12784.365,-12191.4,-23856.66,-6904.125,766.2149999999999,-29318.94,-10753.695,-3741.93
-12788.73,-12196.574999999999,-23878.125,-6894.179999999999,773.73,-29318.94,-10755.18,-3745.4849999999997
-12788.144999999999,-12193.289999999999,-23845.364999999998,-6889.995,774.5849999999999,-29315.024999999998,-10751.895,-3745.5299999999997
-12790.755,-12197.43,-23827.68,-6884.099999999999,772.29,-29311.965,-10740.869999999999,-3745.395
-12789.63,-12204.359999999999,-23856.344999999998,-6895.08,768.1949999999999,-29310.3,-10741.949999999999,-3742.6499999999996
-12790.664999999999,-12195.72,-23843.655,-6881.67,776.0699999999999,-29310.48,-10752.029999999999,-3747.69
-12787.199999999999,-12189.33,-23830.515,-6880.139999999999,772.785,-29316.69,-10759.59,-3745.2149999999997
-12796.38,-12202.244999999999,-23845.815,-6905.295,751.185,-29335.004999999997,-10776.195,-3745.395
-12804.39,-12215.835,-23863.274999999998,-6929.099999999999,728.28,-29361.96,-10795.77,-3747.1949999999997
-12804.029999999999,-12218.49,-23872.95,-6952.7699999999995,721.5749999999999,-29367.719999999998,-10797.029999999999,-3750.75
-12803.355,-12221.369999999999,-23879.969999999998,-6964.469999999999,731.0699999999999,-29344.41,-10753.47,-3746.43
-12786.705,-12194.189999999999,-23851.665,-6926.625,757.98,-29316.375,-10731.869999999999,-3742.515
-12776.535,-12181.455,-23839.245,-6898.59,764.3249999999999,-29323.35,-10758.15,-3741.21
-12790.215,-12195.225,-23840.73,-6877.44,753.5699999999999,-29347.785,-10794.24,-3754.17
-12799.98,-12200.31,-23839.335,-6885.224999999999,756.36,-29338.02,-10784.115,-3764.79
-12796.199999999999,-12198.24,-23844.239999999998,-6902.82,757.17,-29323.44,-10755.09,-3757.8599999999997
-12777.164999999999,-12174.615,-23812.965,-6855.255,793.53,-29294.594999999998,-10732.68,-3744.6299999999997
-12768.435,-12170.295,-23810.04,-6846.165,809.01,-29270.52,-10701.855,-3729.7349999999997
-12775.275,-12184.244999999999,-23829.93,-6878.7,790.11,-29272.364999999998,-10683.945,-3723.0299999999997
-12794.939999999999,-12203.955,-23847.39,-6888.105,764.28,-29308.59,-10722.555,-3741.5699999999997
-12800.744999999999,-12211.064999999999,-23851.485,-6883.29,749.6999999999999,-29333.879999999997,-10750.23,-3748.455
-12796.335,-12202.38,-23842.8,-6877.259999999999,752.13,-29334.914999999997,-10749.24,-3749.805
-12790.845,-12190.32,-23829.795,-6866.099999999999,765.045,-29327.579999999998,-10763.369999999999,-3754.2149999999997
-12791.115,-12189.6,-23833.17,-6874.469999999999,760.4549999999999,-29337.93,-10788.66,-3759.075
-12797.369999999999,-12198.24,-23841.855,-6883.605,756.495,-29335.32,-10772.505,-3757.6349999999998
-12802.769999999999,-12209.895,-23852.925,-6894.54,751.9499999999999,-29326.454999999998,-10737.404999999999,-3750.12
-12794.715,-12204.494999999999,-23848.829999999998,-6889.7699999999995,760.23,-29317.77,-10728.585,-3742.785
-12794.22,-12204.72,-23846.715,-6888.285,761.805,-29312.01,-10731.105,-3745.125
-12802.59,-12213.765,-23860.035,-6904.08,746.91,-29328.254999999997,-10756.71,-3756.24
-12791.115,-12195.675,-23839.155,-6892.11,759.555,-29303.594999999998,-10749.869999999999,-3753.6299999999997
-12794.715,-12201.795,-23841.18,-6890.8949999999995,764.595,-29296.575,-10730.115,-3751.515
-12790.755,-12192.345,-23832.675,-6882.84,774.9449999999999,-29297.07,-10721.115,-3748.5899999999997
-12777.255,-12182.355,-23833.215,-6880.95,779.7149999999999,-29306.52,-10729.98,-3731.49
-12793.14,-12206.16,-23864.985,-6923.205,751.905,-29330.28,-10747.89,-3739.725
-12795.66,-12204.135,-23861.385,-6932.5199999999995,752.76,-29329.829999999998,-10760.265,-3748.9049999999997
-12795.345,-12200.13,-23856.12,-6927.389999999999,760.23,-29316.015,-10740.734999999999,-3750.435
-12790.35,-12193.695,-23845.23,-6900.12,778.545,-29289.42,-10709.19,-3744.225
-12784.23,-12181.904999999999,-23819.399999999998,-6855.3,790.3349999999999,-29284.515,-10712.565,-3742.245
-12788.685,-12188.564999999999,-23826.329999999998,-6864.615,778.5899999999999,-29297.745,-10725.84,-3743.145
-12795.75,-12202.785,-23841.719999999998,-6872.58,770.13,-29306.7,-10738.529999999999,-3747.645
-12794.715,-12202.109999999999,-23850.405,-6891.929999999999,758.3399999999999,-29318.805,-10750.23,-3749.04
-12792.914999999999,-12201.66,-23861.52,-6911.594999999999,752.625,-29321.774999999998,-10752.3,-3748.6349999999998
-12792.734999999999,-12203.1,-23861.34,-6897.6449999999995,766.2149999999999,-29308.14,-10734.975,-3744.6299999999997
-12788.189999999999,-12201.21,-23850.36,-6881.04,768.6,-29307.465,-10729.619999999999,-3738.24
-12785.22,-12195.314999999999,-23841.719999999998,-6883.0199999999995,768.78,-29308.905,-10735.38,-3735.6749999999997
-12785.445,-12186.494999999999,-23822.55,-6877.53,769.77,-29301.614999999998,-10739.654999999999,-3739.5899999999997
-12782.205,-12177.18,-23792.265,-6871.275,766.035,-29278.664999999997,-10735.154999999999,-3740.895
-12781.305,-12181.545,-23811.12,-6880.094999999999,766.305,-29274.344999999998,-10730.295,-3739.815
-12784.814999999999,-12187.215,-23812.245,-6884.009999999999,764.865,-29261.34,-10720.215,-3742.29
-12783.015,-12188.97,-23808.329999999998,-6901.74,757.98,-29260.44,-10721.925,-3741.2549999999997
-12784.725,-12195.135,-23845.454999999998,-6952.05,760.4549999999999,-29272.364999999998,-10725.48,-3740.4449999999997
-12791.97,-12199.41,-23883.39,-6981.615,770.5799999999999,-29291.265,-10734.93,-3746.205
-12791.295,-12200.625,-23883.524999999998,-6989.355,757.7099999999999,-29303.37,-10741.14,-3745.7549999999997
-12790.17,-12195.539999999999,-23847.344999999998,-6905.61,765.405,-29305.844999999998,-10742.984999999999,-3746.16
-12787.109999999999,-12185.055,-23796.045,-6807.554999999999,782.865,-29303.01,-10746.045,-3744.81
-12784.725,-12180.914999999999,-23783.129999999997,-6808.094999999999,779.4,-29286.09,-10747.17,-3746.295
-12790.8,-12189.734999999999,-23798.655,-6840.719999999999,766.035,-29278.8,-10754.82,-3754.665
-12800.97,-12205.664999999999,-23838.344999999998,-6869.61,765.63,-29300.355,-10759.275,-3757.9049999999997
-12803.67,-12209.039999999999,-23850.18,-6889.1849999999995,755.505,-29317.95,-10778.58,-3762.765
-12804.029999999999,-12212.279999999999,-23855.535,-6900.75,739.755,-29332.035,-10787.85,-3755.79
-12805.965,-12220.02,-23865.434999999998,-6907.905,731.97,-29344.32,-10782.494999999999,-3746.43
-12810.465,-12222.9,-23865.75,-6901.965,727.56,-29356.695,-10797.39,-3758.04
-12804.255,-12221.46,-23863.454999999998,-6900.929999999999,726.2099999999999,-29344.725,-10756.125,-3742.065
-12775.365,-12177.539999999999,-23818.95,-6863.13,773.01,-29305.754999999997,-10736.775,-3730.2749999999996
-12779.055,-12177.494999999999,-23815.17,-6854.715,786.285,-29294.504999999997,-10740.24,-3739.77
-12789.539999999999,-12191.76,-23830.695,-6867.764999999999,783.495,-29279.565,-10708.244999999999,-3740.3999999999996
-12777.39,-12176.955,-23816.969999999998,-6853.59,800.1,-29260.17,-10695.375,-3737.25
-12780.18,-12180.869999999999,-23821.739999999998,-6860.16,789.885,-29278.89,-10723.635,-3740.67
-12784.41,-12187.215,-23830.379999999997,-6871.59,773.595,-29304.45,-10750.23,-3740.67
-12792.465,-12198.914999999999,-23845.59,-6890.49,752.5799999999999,-29327.805,-10771.47,-3745.305
-12805.154999999999,-12212.145,-23858.64,-6902.19,744.795,-29328.434999999998,-10766.699999999999,-3757.995
-12800.25,-12205.755,-23851.079999999998,-6892.155,761.625,-29300.445,-10728.27,-3755.0249999999996
-12794.715,-12200.265,-23843.745,-6884.6849999999995,769.05,-29298.329999999998,-10719.27,-3747.7349999999997
-12794.22,-12203.279999999999,-23847.21,-6889.995,761.5799999999999,-29311.379999999997,-10735.065,-3744.99
-12796.74,-12205.71,-23851.17,-6893.505,757.62,-29323.17,-10761.39,-3752.2349999999997
-12804.57,-12211.154999999999,-23853.42,-6894.09,757.53,-29318.129999999997,-10754.279999999999,-3759.165
-12797.955,-12203.189999999999,-23845.32,-6887.07,763.6949999999999,-29311.02,-10755.315,-3754.35
-12803.22,-12208.275,-23851.44,-6896.925,750.87,-29326.86,-10784.25,-3763.4849999999997
-12799.35,-12201.705,-23846.175,-6891.389999999999,756.405,-29324.969999999998,-10772.64,-3761.2349999999997
-12797.369999999999,-12202.244999999999,-23849.684999999998,-6895.125,758.16,-29315.43,-10742.94,-3758.4449999999997
-12786.57,-12197.07,-23845.815,-6890.67,763.02,-29308.274999999998,-10730.385,-3735.18
-12785.31,-12200.805,-23845.5,-6887.88,764.8199999999999,-29303.37,-10708.244999999999,-3724.9649999999997
-12789.81,-12203.145,-23848.559999999998,-6890.58,765.405,-29299.68,-10703.07,-3734.19
-12783.195,-12190.77,-23834.879999999997,-6887.79,765.72,-29294.64,-10707.57,-3735.045
-12772.17,-12171.375,-23812.29,-6865.065,786.015,-29278.53,-10704.69,-3730.68
-12780.045,-12180.734999999999,-23824.53,-6870.42,778.9499999999999,-29295.945,-10718.279999999999,-3735.99
-12780.72,-12185.189999999999,-23834.61,-6890.355,771.885,-29301.344999999998,-10725.164999999999,-3735.495
-12785.625,-12192.21,-23851.754999999997,-6936.255,758.8349999999999,-29296.575,-10726.875,-3738.33
-12791.97,-12201.39,-23863.995,-6956.639999999999,746.01,-29307.239999999998,-10735.83,-3743.2349999999997
-12791.025,-12205.755,-23864.625,-6950.384999999999,740.025,-29314.71,-10741.05,-3742.335
-12795.795,-12213.855,-23857.829999999998,-6922.215,735.525,-29322.899999999998,-10746.315,-3745.5299999999997
-12798.045,-12205.664999999999,-23828.489999999998,-6870.105,759.645,-29316.465,-10745.19,-3748.815
-12789.045,-12189.869999999999,-23841.719999999998,-6869.655,783.135,-29303.73,-10737.675,-3742.6949999999997
-12789.135,-12197.654999999999,-23860.71,-6902.28,771.2099999999999,-29308.59,-10738.305,-3740.3999999999996
-12787.064999999999,-12204.09,-23888.295,-6945.84,758.655,-29307.195,-10735.74,-3737.205
-12791.925,-12204.72,-23875.155,-6948.9,753.2099999999999,-29307.825,-10739.43,-3742.3799999999997
-12793.32,-12197.609999999999,-23847.93,-6941.565,758.25,-29303.73,-10740.06,-3744.855
-12792.195,-12203.865,-23869.53,-6929.865,764.145,-29297.204999999998,-10737.09,-3742.6499999999996
-12798.855,-12211.38,-23867.235,-6895.665,770.85,-29295.0,-10740.465,-3748.68
-12802.41,-12208.275,-23854.004999999997,-6868.844999999999,771.255,-29298.96,-10751.805,-3753.0899999999997
-12799.394999999999,-12199.814999999999,-23832.405,-6857.28,757.755,-29317.995,-10774.484999999999,-3753.9449999999997
-12806.865,-12205.484999999999,-23832.675,-6859.755,740.8349999999999,-29350.89,-10813.185,-3761.5499999999997
-12818.025,-12226.32,-23860.17,-6894.09,719.055,-29374.245,-10828.71,-3765.24
-12816.0,-12226.859999999999,-23864.445,-6899.67,720.855,-29363.489999999998,-10811.88,-3766.0049999999997
-12809.699999999999,-12219.21,-23853.87,-6879.285,740.97,-29328.12,-10760.49,-3760.47
-12800.205,-12206.025,-23838.39,-6872.085,770.805,-29291.895,-10720.619999999999,-3752.37
-12791.699999999999,-12195.359999999999,-23831.954999999998,-6875.594999999999,779.04,-29286.045,-10728.945,-3747.4649999999997
-12787.92,-12188.115,-23830.605,-6874.469999999999,774.63,-29293.469999999998,-10751.13,-3752.91
-12791.654999999999,-12197.205,-23844.735,-6886.62,758.61,-29302.829999999998,-10740.42,-3750.5699999999997
-12778.56,-12183.074999999999,-23827.364999999998,-6859.53,782.415,-29273.94,-10689.795,-3729.7799999999997
-12772.71,-12176.595,-23821.515,-6851.474999999999,790.8299999999999,-29272.545,-10689.615,-3721.9049999999997
-12778.244999999999,-12181.859999999999,-23824.89,-6862.094999999999,779.9399999999999,-29294.235,-10725.029999999999,-3733.3799999999997
-12783.555,-12184.244999999999,-23815.079999999998,-6860.7,778.3199999999999,-29302.92,-10738.17,-3739.3199999999997
-12785.715,-12187.529999999999,-23826.015,-6869.79,774.18,-29308.5,-10745.91,-3742.56
-12788.055,-12191.445,-23831.55,-6876.54,768.4649999999999,-29320.785,-10767.195,-3745.665
-12791.835,-12196.664999999999,-23838.39,-6885.134999999999,759.9599999999999,-29332.35,-10786.545,-3752.73
-12800.564999999999,-12205.755,-23849.28,-6899.625,742.635,-29348.19,-10795.68,-3760.9649999999997
-12787.965,-12191.939999999999,-23834.295,-6883.2,759.9599999999999,-29327.805,-10765.619999999999,-3747.7799999999997
-12781.484999999999,-12184.154999999999,-23823.585,-6868.17,780.255,-29302.379999999997,-10731.779999999999,-3737.25
-12783.105,-12186.855,-23827.5,-6871.905,779.355,-29298.105,-10700.775,-3733.6949999999997
-12795.615,-12201.975,-23845.41,-6891.344999999999,760.365,-29318.895,-10718.82,-3744.9449999999997
-12795.074999999999,-12201.029999999999,-23846.219999999998,-6894.2699999999995,754.11,-29339.46,-10776.645,-3751.335
-12799.619999999999,-12205.619999999999,-23849.64,-6896.205,755.73,-29338.469999999998,-10792.44,-3754.2149999999997
-12803.805,-12211.02,-23853.78,-6897.96,756.495,-29330.55,-10767.42,-3751.335
-12790.26,-12199.32,-23841.27,-6885.2699999999995,771.345,-29309.579999999998,-10720.664999999999,-3731.3999999999996
-12786.029999999999,-12193.515,-23837.085,-6884.054999999999,772.02,-29308.77,-10724.984999999999,-3735.045
-12780.314999999999,-12186.855,-23831.73,-6878.969999999999,774.4499999999999,-29307.78,-10732.455,-3733.785
-12787.695,-12194.73,-23840.055,-6886.125,767.43,-29311.875,-10742.085,-3744.27
-12786.345,-12192.255,-23840.55,-6887.61,764.91,-29318.895,-10755.404999999999,-3745.5299999999997
-12779.82,-12181.5,-23829.344999999998,-6874.065,779.22,-29306.34,-10739.88,-3736.89
-12781.17,-12186.045,-23834.295,-6877.9349999999995,777.555,-29303.46,-10726.38,-3735.54
-12782.34,-12187.08,-23835.645,-6883.965,768.06,-29319.975,-10746.27,-3736.4849999999997
-12784.545,-12188.564999999999,-23836.004999999997,-6887.07,764.235,-29329.515,-10759.994999999999,-3741.435
-12788.91,-12193.965,-23838.66,-6885.54,766.0799999999999,-29326.77,-10758.69,-3745.2599999999998
-12787.38,-12194.91,-23842.754999999997,-6887.115,768.9599999999999,-29320.92,-10749.645,-3741.48
-12789.855,-12196.98,-23844.329999999998,-6885.585,772.29,-29314.395,-10739.565,-3739.365
-12791.205,-12196.395,-23836.635,-6881.13,771.66,-29313.855,-10740.375,-3739.995
-12790.664999999999,-12195.765,-23833.079999999998,-6890.219999999999,761.985,-29312.055,-10746.0,-3742.605
-12787.064999999999,-12191.355,-23825.07,-6914.115,758.79,-29296.62,-10740.869999999999,-3740.49
-12784.904999999999,-12189.555,-23827.77,-6944.67,749.16,-29295.719999999998,-10740.33,-3738.96
-12786.57,-12191.939999999999,-23845.545,-6941.5199999999995,757.665,-29313.585,-10746.09,-3738.7349999999997
-12790.71,-12204.314999999999,-23855.715,-6925.32,759.6899999999999,-29322.855,-10749.285,-3738.015
-12796.154999999999,-12214.845,-23852.565,-6901.92,754.3349999999999,-29328.164999999997,-10750.275,-3741.795
-12792.105,-12198.96,-23842.485,-6910.245,759.105,-29324.879999999997,-10750.41,-3745.035
-12788.144999999999,-12199.59,-23865.885,-6918.48,759.645,-29325.555,-10752.48,-3740.7149999999997
-12790.89,-12201.435,-23857.515,-6908.8949999999995,756.135,-29329.11,-10757.52,-3743.865
-12791.609999999999,-12189.869999999999,-23817.149999999998,-6866.46,767.475,-29317.23,-10753.515,-3746.6099999999997
-12790.935,-12199.77,-23828.715,-6884.955,756.9449999999999,-29317.364999999998,-10751.58,-3741.615
-12797.505,-12212.414999999999,-23859.765,-6896.969999999999,749.97,-29325.735,-10767.105,-3747.105
-12812.22,-12220.65,-23878.89,-6907.455,745.47,-29343.69,-10802.07,-3766.185
-12812.67,-12215.744999999999,-23870.204999999998,-6936.525,741.51,-29356.065,-10821.015,-3771.6299999999997
-12805.335,-12208.77,-23870.07,-6955.605,744.7049999999999,-29351.114999999998,-10805.13,-3766.68
-12793.59,-12208.455,-23896.665,-6970.545,753.12,-29326.004999999997,-10750.635,-3738.96
-12799.935,-12218.355,-23896.079999999998,-6948.36,745.3349999999999,-29324.25,-10736.595,-3734.415
-12804.39,-12211.83,-23851.035,-6902.639999999999,732.78,-29348.145,-10782.99,-3748.2749999999996
-12817.619999999999,-12223.98,-23848.155,-6882.389999999999,723.015,-29373.3,-10824.39,-3760.83
-12816.09,-12223.08,-23860.98,-6885.045,725.5799999999999,-29370.645,-10824.615,-3762.72
-12802.32,-12207.195,-23845.094999999998,-6866.505,757.935,-29328.57,-10787.67,-3761.595
-12784.635,-12179.43,-23805.495,-6832.755,794.115,-29279.07,-10723.949999999999,-3751.56
-12769.785,-12158.775,-23777.684999999998,-6807.33,825.12,-29238.93,-10671.345,-3730.995
-12784.275,-12182.67,-23808.645,-6846.3,787.635,-29290.14,-10716.795,-3734.595
-12801.375,-12210.345,-23846.985,-6892.2,741.8249999999999,-29344.23,-10764.765,-3746.835
-12802.455,-12208.32,-23847.12,-6892.965,744.2099999999999,-29340.045,-10758.555,-3750.93
-12790.619999999999,-12191.715,-23830.739999999998,-6873.255,771.93,-29310.48,-10734.029999999999,-3743.64
-12774.824999999999,-12170.43,-23808.645,-6848.55,799.4699999999999,-29292.39,-10733.22,-3733.92
-12775.68,-12171.465,-23810.445,-6852.42,795.42,-29298.914999999997,-10748.115,-3739.095
-12785.265,-12184.244999999999,-23824.26,-6867.99,781.3349999999999,-29308.364999999998,-10749.69,-3742.1549999999997
-12789.945,-12191.039999999999,-23832.855,-6876.945,772.0649999999999,-29315.114999999998,-10754.1,-3738.015
-12796.019999999999,-12199.185,-23840.235,-6888.69,760.185,-29314.98,-10752.57,-3742.605
-12797.234999999999,-12197.564999999999,-23835.69,-6887.745,758.52,-29313.719999999998,-10760.76,-3750.5699999999997
-12793.59,-12195.135,-23832.989999999998,-6884.865,761.985,-29312.37,-10750.859999999999,-3748.9049999999997
-12785.265,-12185.955,-23829.93,-6876.54,772.785,-29318.805,-10752.705,-3742.47
-12787.199999999999,-12184.92,-23828.085,-6875.19,772.515,-29324.16,-10762.244999999999,-3745.98
-12795.029999999999,-12197.789999999999,-23842.035,-6887.34,764.28,-29324.34,-10752.705,-3747.96
-12797.144999999999,-12204.494999999999,-23849.235,-6892.74,764.055,-29313.989999999998,-10728.225,-3741.8399999999997
-12786.66,-12193.47,-23836.77,-6880.41,773.4599999999999,-29310.795,-10730.025,-3732.615
-12788.055,-12195.63,-23838.614999999998,-6883.695,769.3199999999999,-29313.809999999998,-10749.779999999999,-3735.855
-12794.49,-12204.045,-23844.69,-6888.915,764.9549999999999,-29316.195,-10751.85,-3741.615
-12797.64,-12212.279999999999,-23854.815,-6891.795,766.755,-29312.864999999998,-10746.675,-3742.3799999999997
-12795.615,-12211.109999999999,-23857.065,-6903.315,754.8299999999999,-29322.09,-10752.164999999999,-3741.705
-12790.71,-12203.64,-23846.445,-6904.665,747.135,-29329.605,-10755.18,-3739.0049999999997
-12793.095,-12203.369999999999,-23853.69,-6908.355,745.6949999999999,-29333.789999999997,-10757.34,-3742.6949999999997
-12793.32,-12195.404999999999,-23838.57,-6879.6449999999995,771.795,-29317.68,-10750.05,-3743.8199999999997
-12791.115,-12190.05,-23830.11,-6874.965,774.81,-29314.934999999998,-10750.095,-3742.92
-12788.279999999999,-12186.99,-23828.579999999998,-6875.1449999999995,774.9,-29314.215,-10751.22,-3740.94
-12789.945,-12193.74,-23834.565,-6881.715,768.105,-29315.789999999997,-10752.795,-3740.58
-12790.574999999999,-12195.72,-23837.085,-6882.389999999999,768.51,-29313.495,-10752.345,-3740.22
-12790.305,-12193.064999999999,-23835.87,-6880.95,770.0849999999999,-29311.739999999998,-10753.289999999999,-3741.705
-12789.314999999999,-12189.689999999999,-23835.87,-6887.745,763.515,-29315.565,-10756.17,-3742.875
-12794.67,-12194.91,-23837.04,-6891.12,762.165,-29318.579999999998,-10758.645,-3746.79
-12794.715,-12195.539999999999,-23842.17,-6903.495,765.9449999999999,-29318.219999999998,-10758.645,-3747.06
-12790.89,-12193.244999999999,-23843.925,-6912.585,763.6949999999999,-29321.37,-10758.195,-3742.83
-12792.465,-12195.99,-23843.204999999998,-6910.74,759.4649999999999,-29328.254999999997,-10763.369999999999,-3743.64
-12797.865,-12202.109999999999,-23838.614999999998,-6902.955,748.98,-29339.594999999998,-10777.185,-3747.555
-12800.654999999999,-12205.17,-23832.945,-6881.759999999999,749.43,-29342.34,-10783.215,-3749.625
-12806.865,-12215.88,-23861.07,-6899.849999999999,739.395,-29352.195,-10795.05,-3755.3849999999998
-12809.564999999999,-12221.145,-23872.995,-6920.594999999999,725.175,-29359.89,-10800.765,-3756.24
-12807.18,-12215.835,-23860.53,-6914.429999999999,734.9399999999999,-29350.035,-10796.535,-3755.97
-12800.43,-12210.345,-23860.665,-6934.365,733.5,-29352.96,-10811.385,-3759.12
-12807.314999999999,-12213.045,-23878.26,-6942.96,732.8249999999999,-29354.579999999998,-10810.619999999999,-3764.3849999999998
-12809.835,-12212.414999999999,-23867.19,-6917.49,740.745,-29357.145,-10806.255,-3762.6299999999997
-12813.029999999999,-12215.34,-23860.53,-6909.03,742.86,-29351.925,-10792.484999999999,-3763.62
-12801.644999999999,-12208.41,-23864.715,-6913.62,751.68,-29332.98,-10751.805,-3741.795
-12793.545,-12204.539999999999,-23877.765,-6924.195,755.01,-29323.62,-10738.71,-3729.69
-12790.89,-12198.285,-23856.614999999998,-6898.679999999999,755.505,-29331.629999999997,-10760.445,-3734.37
-12800.654999999999,-12202.515,-23823.945,-6872.985,754.92,-29334.059999999998,-10763.55,-3739.3199999999997
-12800.115,-12202.605,-23829.524999999998,-6856.469999999999,774.72,-29305.17,-10742.31,-3744.495
-12790.845,-12189.914999999999,-23827.905,-6859.3949999999995,789.48,-29287.215,-10741.32,-3745.62
-12787.244999999999,-12184.289999999999,-23824.035,-6877.259999999999,782.64,-29291.715,-10748.97,-3744.585
-12794.175,-12199.814999999999,-23853.555,-6922.08,760.365,-29320.425,-10787.355,-3749.7149999999997
-12806.1,-12214.8,-23872.454999999998,-6944.58,738.27,-29349.18,-10822.23,-3761.19
-12804.029999999999,-12205.574999999999,-23853.375,-6913.665,748.305,-29341.664999999997,-10811.97,-3763.17
-12793.14,-12193.38,-23830.469999999998,-6868.349999999999,772.8299999999999,-29309.355,-10755.945,-3743.37
-12778.695,-12176.595,-23804.504999999997,-6823.349999999999,800.4599999999999,-29288.07,-10732.77,-3724.3799999999997
-12779.64,-12176.369999999999,-23812.155,-6852.69,789.165,-29302.965,-10766.025,-3731.22
-12789.494999999999,-12190.904999999999,-23835.6,-6889.094999999999,766.845,-29323.754999999997,-10800.9,-3741.5699999999997
-12800.205,-12206.385,-23854.05,-6903.99,753.975,-29335.14,-10816.65,-3746.8799999999997
-12797.64,-12201.029999999999,-23844.645,-6895.53,751.23,-29335.995,-10812.42,-3745.08
-12796.425,-12195.404999999999,-23828.085,-6869.745,763.785,-29321.594999999998,-10796.715,-3744.6299999999997
-12798.494999999999,-12200.805,-23836.14,-6881.715,757.0799999999999,-29317.14,-10807.109999999999,-3751.1549999999997
-12803.265,-12203.279999999999,-23841.18,-6882.12,757.17,-29322.18,-10826.324999999999,-3758.805
-12809.789999999999,-12207.645,-23848.155,-6890.8949999999995,751.995,-29340.899999999998,-10838.205,-3763.845
-12800.34,-12201.795,-23843.52,-6888.285,754.92,-29336.805,-10812.555,-3749.94
-12794.13,-12200.445,-23842.44,-6883.38,762.885,-29323.079999999998,-10776.285,-3731.67
-12784.994999999999,-12188.025,-23829.254999999997,-6871.455,776.115,-29318.85,-10808.369999999999,-3733.6499999999996
-12785.535,-12186.945,-23824.844999999998,-6873.344999999999,772.38,-29325.69,-10825.244999999999,-3738.105
-12790.89,-12195.72,-23831.954999999998,-6896.025,751.4549999999999,-29342.43,-10837.845,-3740.355
-12792.644999999999,-12197.789999999999,-23842.62,-6908.715,742.3199999999999,-29352.42,-10848.51,-3742.515
-12793.455,-12194.55,-23849.1,-6897.6449999999995,765.495,-29338.11,-10847.34,-3744.18
-12793.814999999999,-12195.72,-23844.915,-6903.09,769.095,-29335.905,-10851.615,-3746.205
-12791.925,-12190.77,-23835.059999999998,-6891.525,773.505,-29338.379999999997,-10857.465,-3746.205
-12793.095,-12193.38,-23836.004999999997,-6880.7699999999995,766.53,-29350.079999999998,-10865.97,-3745.395
-12793.05,-12191.22,-23832.18,-6862.815,762.48,-29356.829999999998,-10873.215,-3745.2599999999998
-12794.715,-12190.32,-23829.524999999998,-6867.675,767.385,-29355.93,-10877.22,-3747.015
-12790.935,-12189.779999999999,-23833.079999999998,-6877.8,764.505,-29360.475,-10879.83,-3743.055
-12793.455,-12192.029999999999,-23835.105,-6879.554999999999,763.785,-29362.094999999998,-10884.42,-3746.295
-12796.965,-12196.98,-23839.739999999998,-6878.745,768.87,-29356.965,-10884.734999999999,-3747.69
-12797.73,-12201.029999999999,-23845.68,-6885.495,764.91,-29358.945,-10889.775,-3747.555
-12796.109999999999,-12197.609999999999,-23843.25,-6884.865,763.0649999999999,-29361.42,-10896.3,-3746.205
-12800.43,-12199.095,-23840.73,-6894.134999999999,749.745,-29375.594999999998,-10908.359999999999,-3748.995
-12802.365,-12202.244999999999,-23835.105,-6898.41,741.42,-29389.23,-10917.404999999999,-3747.105
-12804.885,-12210.164999999999,-23854.094999999998,-6911.235,736.92,-29387.879999999997,-10921.005,-3746.565
-12805.965,-12213.81,-23867.325,-6912.045,736.155,-29398.545,-10934.279999999999,-3748.3199999999997
-12806.189999999999,-12207.555,-23845.545,-6898.724999999999,739.665,-29407.05,-10960.244999999999,-3752.37
-12809.564999999999,-12206.07,-23848.515,-6899.67,742.365,-29410.695,-10997.414999999999,-3759.8399999999997
-12819.195,-12215.205,-23863.274999999998,-6912.675,727.02,-29433.735,-11055.914999999999,-3776.67
-12810.779999999999,-12207.06,-23854.5,-6908.715,729.135,-29430.945,-11060.775,-3774.015
-12794.939999999999,-12191.13,-23840.055,-6889.995,754.11,-29393.684999999998,-11005.38,-3751.6949999999997
-12791.654999999999,-12188.654999999999,-23841.045,-6885.8099999999995,777.78,-29349.225,-10950.3,-3733.74
-12794.67,-12194.595,-23848.649999999998,-6901.695,767.3399999999999,-29368.71,-10992.914999999999,-3741.8399999999997
-12801.105,-12198.105,-23844.105,-6907.455,755.37,-29393.37,-11036.564999999999,-3756.24
-12804.074999999999,-12199.095,-23850.36,-6908.04,759.105,-29388.6,-11038.859999999999,-3760.83
-12799.439999999999,-12193.38,-23844.645,-6888.375,768.42,-29371.184999999998,-11010.555,-3749.7149999999997
-12798.765,-12194.505,-23843.385,-6895.08,761.4,-29371.59,-10997.369999999999,-3744.54
-12799.89,-12193.02,-23832.989999999998,-6879.554999999999,769.05,-29368.844999999998,-10996.38,-3748.095
-12805.154999999999,-12199.904999999999,-23835.195,-6866.6849999999995,763.47,-29377.125,-11002.904999999999,-3749.805
-12810.015,-12212.82,-23856.165,-6893.37,746.64,-29391.93,-11016.314999999999,-3745.17
-12794.355,-12193.65,-23835.51,-6886.889999999999,750.8249999999999,-29392.065,-11068.244999999999,-3744.0
-12785.445,-12182.039999999999,-23816.52,-6881.804999999999,753.3,-29372.175,-11074.5,-3739.545
-12788.775,-12186.18,-23811.434999999998,-6881.535,753.7049999999999,-29347.829999999998,-11050.109999999999,-3739.365
-12785.805,-12176.414999999999,-23796.765,-6860.07,773.685,-29340.405,-11055.33,-3741.75
-12792.33,-12185.279999999999,-23816.385,-6869.79,770.265,-29367.629999999997,-11074.455,-3747.1949999999997
-12787.47,-12181.725,-23804.594999999998,-6868.3949999999995,764.775,-29357.19,-11070.135,-3743.37
-12799.845,-12199.949999999999,-23839.2,-6887.745,754.3349999999999,-29389.094999999998,-11073.015,-3747.7799999999997
-12801.779999999999,-12205.305,-23850.315,-6892.74,754.3349999999999,-29397.195,-11074.185,-3745.62
-12795.705,-12197.925,-23831.954999999998,-6885.63,754.875,-29377.664999999997,-11075.31,-3743.5049999999997
-12794.039999999999,-12194.64,-23822.37,-6884.955,750.6,-29365.515,-11070.09,-3743.46
-12803.265,-12204.72,-23846.355,-6901.605,740.5649999999999,-29397.375,-11092.859999999999,-3751.56
-12809.699999999999,-12213.855,-23860.079999999998,-6907.05,741.285,-29410.92,-11113.515,-3755.3849999999998
-12811.949999999999,-12219.66,-23871.51,-6919.065,729.18,-29427.3,-11136.779999999999,-3759.21
-12811.32,-12221.055,-23881.995,-6945.03,711.63,-29442.015,-11141.505,-3762.6299999999997
-12804.795,-12201.795,-23852.7,-6916.679999999999,756.63,-29397.6,-11091.24,-3756.69
-12801.195,-12195.675,-23843.295,-6903.855,770.895,-29384.954999999998,-11072.88,-3748.14
-12807.09,-12205.664999999999,-23853.195,-6913.665,758.115,-29393.19,-11082.015,-3751.4249999999997
-12801.06,-12198.285,-23835.96,-6892.11,752.4,-29396.655,-11091.555,-3754.845
-12799.935,-12199.005,-23836.68,-6883.695,753.12,-29389.05,-11078.145,-3751.29
-12799.845,-12199.185,-23840.91,-6882.165,762.93,-29380.094999999998,-11069.82,-3746.745
-12798.539999999999,-12201.074999999999,-23844.465,-6864.929999999999,768.3299999999999,-29385.585,-11085.255,-3746.205
-12802.5,-12207.42,-23850.225,-6879.33,760.68,-29387.34,-11088.855,-3749.895
-12801.15,-12196.439999999999,-23838.975,-6889.139999999999,756.405,-29379.645,-11086.289999999999,-3752.46
-12799.755,-12195.99,-23848.695,-6900.3,759.3299999999999,-29380.004999999997,-11089.755,-3751.245
-12798.63,-12196.845,-23858.325,-6927.12,758.745,-29385.27,-11092.77,-3748.545
-12802.185,-12203.55,-23869.26,-6954.344999999999,749.8349999999999,-29388.645,-11090.115,-3750.5699999999997
-12799.89,-12201.48,-23859.54,-6944.849999999999,745.38,-29390.309999999998,-11087.82,-3748.77
-12796.92,-12200.265,-23855.399999999998,-6924.33,747.3149999999999,-29391.704999999998,-11086.47,-3744.9449999999997
-12802.814999999999,-12208.23,-23860.71,-6875.37,749.925,-29394.539999999997,-11101.41,-3752.8199999999997
-12807.09,-12206.205,-23842.754999999997,-6848.955,751.365,-29398.635,-11119.14,-3763.5299999999997
-12805.109999999999,-12200.939999999999,-23833.754999999997,-6866.054999999999,751.41,-29394.315,-11118.555,-3766.095
-12799.845,-12197.115,-23847.975,-6876.719999999999,758.16,-29380.094999999998,-11089.89,-3754.305
-12805.109999999999,-12211.83,-23890.23,-6900.929999999999,746.73,-29391.48,-11101.23,-3757.725
-12803.67,-12209.4,-23882.715,-6912.36,746.1,-29399.67,-11106.0,-3749.355
-12804.975,-12204.539999999999,-23849.37,-6919.785,741.78,-29409.434999999998,-11116.08,-3750.5699999999997
-12801.51,-12195.765,-23835.825,-6909.165,752.985,-29398.95,-11109.555,-3751.9649999999997
-12798.99,-12196.305,-23842.079999999998,-6918.12,750.285,-29385.315,-11074.545,-3743.055
-12791.25,-12187.619999999999,-23828.85,-6879.24,767.52,-29366.64,-11055.42,-3738.4649999999997
-12798.585,-12193.875,-23829.075,-6863.94,762.66,-29381.895,-11090.744999999999,-3746.8799999999997
-12812.22,-12212.369999999999,-23845.32,-6869.429999999999,741.1949999999999,-29410.065,-11129.265,-3757.77
-12809.654999999999,-12211.02,-23847.165,-6879.6449999999995,736.38,-29414.475,-11137.14,-3757.68
-12799.26,-12200.715,-23841.27,-6879.78,748.98,-29395.079999999998,-11104.965,-3746.16
-12782.07,-12182.175,-23824.89,-6861.465,775.935,-29362.635,-11058.57,-3725.145
-12780.585,-12178.664999999999,-23822.55,-6859.53,781.605,-29363.985,-11076.255,-3731.4449999999997
-12802.59,-12203.46,-23846.489999999998,-6884.865,754.1999999999999,-29391.57,-11105.145,-3753.0899999999997
-12809.97,-12209.984999999999,-23849.82,-6890.985,745.0649999999999,-29400.84,-11108.295,-3760.245
-12800.609999999999,-12201.435,-23843.25,-6883.11,758.16,-29384.37,-11088.81,-3749.94
-12800.88,-12201.21,-23841.495,-6881.49,760.005,-29378.295,-11075.445,-3747.06
-12802.32,-12202.695,-23844.105,-6885.2699999999995,758.385,-29371.23,-11066.984999999999,-3747.105
-12800.16,-12199.23,-23842.89,-6886.665,757.035,-29376.539999999997,-11080.395,-3748.14
-12798.269999999999,-12197.43,-23840.864999999998,-6885.045,759.24,-29378.295,-11099.07,-3751.9649999999997
-12798.9,-12199.859999999999,-23845.545,-6888.554999999999,756.5849999999999,-29381.399999999998,-11113.875,-3756.375
-12808.17,-12209.715,-23853.465,-6901.92,740.3399999999999,-29390.579999999998,-11123.234999999999,-3764.43
-12819.779999999999,-12220.064999999999,-23862.825,-6907.905,734.7149999999999,-29405.655,-11123.324999999999,-3767.535
-12828.24,-12226.725,-23872.23,-6917.58,722.655,-29433.015,-11156.67,-3778.6949999999997
-12821.265,-12222.314999999999,-23869.485,-6916.724999999999,722.8349999999999,-29436.93,-11160.539999999999,-3767.31
-12810.33,-12211.38,-23860.17,-6908.175,732.15,-29424.96,-11151.404999999999,-3763.2149999999997
-12797.505,-12192.615,-23838.344999999998,-6880.679999999999,763.785,-29384.28,-11093.805,-3753.4049999999997
-12795.885,-12196.215,-23837.715,-6878.16,771.435,-29360.385,-11034.09,-3736.575
-12797.055,-12199.095,-23840.954999999998,-6880.1849999999995,770.85,-29359.44,-11045.34,-3738.1949999999997
-12797.414999999999,-12198.42,-23840.28,-6879.915,772.0649999999999,-29356.065,-11061.09,-3743.46
-12800.744999999999,-12202.92,-23843.52,-6886.53,763.56,-29367.899999999998,-11076.255,-3746.205
-12795.164999999999,-12198.779999999999,-23847.3,-6906.105,757.305,-29375.82,-11084.85,-3742.92
-12794.715,-12200.895,-23860.395,-6923.115,751.995,-29385.405,-11092.949999999999,-3742.065
-12797.055,-12197.744999999999,-23847.66,-6903.63,763.29,-29382.57,-11094.21,-3744.0899999999997
-12802.095,-12202.515,-23846.625,-6897.42,756.5849999999999,-29389.815,-11100.465,-3748.0049999999997
-12799.305,-12204.09,-23841.765,-6872.264999999999,755.595,-29390.355,-11101.545,-3744.6299999999997
-12794.535,-12196.529999999999,-23833.395,-6869.7,760.77,-29386.305,-11100.779999999999,-3743.055
-12795.255,-12194.82,-23836.77,-6876.99,765.27,-29379.96,-11101.05,-3745.395
-12798.269999999999,-12200.22,-23851.754999999997,-6894.2699999999995,750.87,-29389.545,-11107.98,-3748.365
-12802.545,-12205.35,-23841.899999999998,-6890.804999999999,755.1899999999999,-29382.03,-11105.01,-3749.265
-12799.215,-12201.57,-23835.78,-6898.905,750.15,-29384.73,-11107.215,-3747.7799999999997
-12798.269999999999,-12194.279999999999,-23841.27,-6881.445,763.9649999999999,-29379.329999999998,-11106.945,-3748.995
-12797.414999999999,-12191.625,-23836.32,-6870.78,772.0649999999999,-29376.315,-11104.56,-3747.5099999999998
-12801.42,-12201.705,-23838.614999999998,-6885.179999999999,757.62,-29386.079999999998,-11109.33,-3748.77
-12803.894999999999,-12208.949999999999,-23848.829999999998,-6902.505,746.73,-29394.899999999998,-11116.664999999999,-3747.69
-12802.455,-12205.619999999999,-23861.879999999997,-6913.575,741.285,-29405.34,-11127.555,-3747.24
-12800.654999999999,-12197.835,-23855.085,-6909.3,747.405,-29404.305,-11136.914999999999,-3749.1299999999997
-12812.355,-12210.119999999999,-23856.614999999998,-6910.155,739.755,-29406.329999999998,-11151.045,-3761.64
-12816.99,-12218.805,-23860.53,-6910.74,730.7099999999999,-29410.245,-11154.869999999999,-3766.365
-12807.225,-12210.074999999999,-23854.77,-6909.48,732.4649999999999,-29409.39,-11155.32,-3759.975
-12802.59,-12202.154999999999,-23842.62,-6893.639999999999,749.52,-29390.625,-11128.725,-3753.495
-12798.99,-12203.279999999999,-23851.079999999998,-6891.84,751.14,-29385.045,-11110.23,-3741.21
-12805.92,-12210.525,-23854.68,-6897.87,733.77,-29405.835,-11139.93,-3749.1299999999997
-12818.205,-12217.68,-23855.309999999998,-6899.804999999999,725.355,-29422.395,-11179.98,-3768.345
-12828.015,-12227.67,-23867.774999999998,-6910.469999999999,725.895,-29422.934999999998,-11191.814999999999,-3785.67
-12816.81,-12214.529999999999,-23860.125,-6900.84,746.595,-29397.6,-11151.99,-3771.27
-12792.42,-12190.095,-23841.45,-6904.53,767.52,-29375.325,-11119.455,-3740.1299999999997
-12794.13,-12199.725,-23858.145,-6935.8949999999995,755.235,-29378.879999999997,-11117.744999999999,-3732.5699999999997
-12793.05,-12194.189999999999,-23852.969999999998,-6925.95,759.915,-29372.445,-11125.26,-3741.615
-12783.779999999999,-12175.92,-23823.405,-6867.0,788.355,-29344.05,-11109.689999999999,-3743.73
-12784.095,-12171.195,-23796.27,-6805.035,796.995,-29343.735,-11114.505,-3749.355
-12788.189999999999,-12181.859999999999,-23812.739999999998,-6831.719999999999,784.5749999999999,-29350.079999999998,-11100.465,-3741.21
-12798.0,-12196.664999999999,-23836.32,-6862.86,768.3299999999999,-29365.469999999998,-11105.955,-3741.39
-12803.535,-12202.064999999999,-23840.46,-6873.705,759.645,-29378.024999999998,-11126.205,-3746.52
-12803.715,-12203.55,-23844.059999999998,-6880.094999999999,755.73,-29386.26,-11141.369999999999,-3748.365
-12799.619999999999,-12199.23,-23840.28,-6877.125,758.3399999999999,-29385.765,-11148.57,-3746.8799999999997
-12792.015,-12192.029999999999,-23833.89,-6872.355,764.37,-29380.454999999998,-11151.225,-3743.37
-12791.34,-12191.22,-23835.42,-6876.224999999999,762.435,-29380.68,-11159.189999999999,-3744.72
-12793.365,-12189.33,-23832.629999999997,-6874.695,763.65,-29383.02,-11167.515,-3747.105
-12792.465,-12189.779999999999,-23832.495,-6875.594999999999,760.005,-29394.36,-11186.82,-3746.0699999999997
-12791.295,-12186.314999999999,-23829.344999999998,-6881.219999999999,747.72,-29419.739999999998,-11233.305,-3756.24
-12782.789999999999,-12175.515,-23817.87,-6863.985,766.395,-29406.015,-11232.539999999999,-3755.745
-12787.92,-12185.279999999999,-23829.344999999998,-6876.09,760.68,-29398.32,-11206.845,-3756.42
-12795.029999999999,-12196.664999999999,-23842.665,-6885.764999999999,759.3299999999999,-29383.335,-11160.494999999999,-3745.35
-12814.65,-12217.904999999999,-23859.54,-6905.34,739.7099999999999,-29391.344999999998,-11138.715,-3743.5049999999997
-12831.255,-12238.65,-23879.79,-6924.33,720.135,-29408.67,-11163.015,-3762.045
-12823.65,-12230.279999999999,-23873.265,-6914.16,728.145,-29409.57,-11176.38,-3763.89
-12814.695,-12220.154999999999,-23860.44,-6901.875,742.23,-29390.985,-11157.84,-3755.8799999999997
-12804.705,-12208.365,-23848.065,-6889.005,754.785,-29378.835,-11158.38,-3752.415
-12803.58,-12211.875,-23851.305,-6896.565,748.485,-29383.695,-11166.164999999999,-3752.415
-12809.295,-12220.56,-23857.515,-6921.99,741.15,-29387.969999999998,-11170.935,-3754.17
-12808.71,-12214.215,-23853.375,-6930.764999999999,742.5899999999999,-29381.85,-11172.6,-3754.62
-12806.189999999999,-12206.385,-23856.614999999998,-6907.365,758.61,-29375.64,-11170.619999999999,-3753.0899999999997
-12805.83,-12202.965,-23843.565,-6889.455,763.11,-29378.655,-11173.994999999999,-3753.855
-12808.305,-12204.539999999999,-23835.645,-6865.65,757.395,-29387.07,-11182.455,-3757.6349999999998
-12814.289999999999,-12219.029999999999,-23846.489999999998,-6883.695,742.005,-29399.355,-11193.84,-3762.27
-12810.015,-12222.494999999999,-23866.29,-6906.6449999999995,735.5699999999999,-29403.315,-11195.55,-3757.14
-12804.705,-12205.935,-23857.785,-6896.969999999999,747.18,-29396.835,-11193.57,-3757.5899999999997
-12798.99,-12198.734999999999,-23851.62,-6898.995,746.595,-29392.965,-11184.57,-3749.535
-12807.494999999999,-12217.725,-23870.114999999998,-6910.0199999999995,739.935,-29393.73,-11177.82,-3743.955
-12817.664999999999,-12227.67,-23888.745,-6910.065,743.175,-29392.559999999998,-11188.305,-3756.555
-12815.055,-12218.4,-23880.69,-6900.929999999999,749.2049999999999,-29390.715,-11190.914999999999,-3760.3799999999997
-12807.18,-12203.414999999999,-23841.585,-6881.58,755.505,-29391.03,-11186.505,-3756.42
-12801.869999999999,-12198.15,-23821.515,-6879.87,751.635,-29399.489999999998,-11197.529999999999,-3752.055
-12810.555,-12213.045,-23849.594999999998,-6905.79,723.78,-29437.065,-11248.47,-3760.29
-12821.22,-12228.75,-23872.23,-6927.84,701.55,-29463.39,-11280.914999999999,-3766.23
-12817.845,-12224.34,-23866.335,-6915.195,716.5799999999999,-29446.289999999997,-11265.119999999999,-3764.7
-12814.65,-12218.805,-23856.57,-6905.5199999999995,735.66,-29403.989999999998,-11203.38,-3758.265
-12805.56,-12206.115,-23836.14,-6886.844999999999,760.77,-29362.14,-11148.21,-3745.575
-12797.73,-12196.664999999999,-23832.315,-6876.764999999999,771.2099999999999,-29365.739999999998,-11177.505,-3749.85
-12801.644999999999,-12203.279999999999,-23847.344999999998,-6887.835,755.91,-29391.434999999998,-11210.895,-3755.25
-12804.21,-12205.395,-23845.454999999998,-6890.849999999999,751.005,-29394.18,-11206.619999999999,-3753.72
-12803.085,-12201.525,-23839.605,-6885.09,759.3299999999999,-29388.78,-11212.335,-3759.21
-12803.31,-12200.355,-23837.94,-6881.67,763.605,-29388.87,-11213.955,-3758.58
-12798.675,-12195.765,-23835.015,-6877.9349999999995,767.25,-29388.285,-11212.695,-3754.08
-12792.689999999999,-12188.385,-23827.14,-6869.61,776.16,-29374.875,-11198.52,-3746.8799999999997
-12783.779999999999,-12178.755,-23804.64,-6863.94,775.0799999999999,-29347.829999999998,-11190.914999999999,-3737.7
-12785.039999999999,-12179.25,-23809.32,-6867.134999999999,768.915,-29363.895,-11223.359999999999,-3743.8199999999997
-12778.515,-12171.914999999999,-23813.954999999998,-6861.465,778.86,-29375.594999999998,-11233.619999999999,-3740.1749999999997
-12779.91,-12175.38,-23817.645,-6865.92,774.5849999999999,-29376.27,-11226.914999999999,-3738.285
-12789.359999999999,-12186.18,-23828.445,-6874.92,765.81,-29386.44,-11237.67,-3742.515
-12802.32,-12199.994999999999,-23844.149999999998,-6889.679999999999,751.095,-29410.875,-11284.74,-3754.575
-12818.744999999999,-12216.779999999999,-23860.844999999998,-6910.785,728.055,-29440.079999999998,-11332.755,-3772.89
-12827.654999999999,-12226.949999999999,-23868.629999999997,-6917.715,718.8299999999999,-29453.039999999997,-11353.949999999999,-3783.6
-12824.82,-12222.539999999999,-23863.364999999998,-6910.695,728.505,-29437.379999999997,-11334.779999999999,-3779.685
-12810.06,-12208.14,-23852.835,-6898.59,744.525,-29415.96,-11312.64,-3766.095
-12801.96,-12200.939999999999,-23846.985,-6890.04,754.155,-29406.105,-11301.345,-3752.865
-12798.63,-12197.385,-23839.965,-6884.955,757.2149999999999,-29400.704999999998,-11285.865,-3748.68
-12810.24,-12217.275,-23860.125,-6904.215,740.6999999999999,-29406.195,-11265.435,-3746.52
-12815.324999999999,-12223.664999999999,-23868.315,-6913.035,730.8,-29419.065,-11298.51,-3754.035
-12819.24,-12226.68,-23871.195,-6915.96,729.135,-29416.32,-11300.445,-3760.785
-12831.57,-12238.47,-23879.7,-6925.05,722.475,-29415.555,-11288.564999999999,-3769.245
-12827.654999999999,-12234.015,-23874.93,-6917.445,734.4449999999999,-29396.879999999997,-11247.435,-3756.4649999999997
-12811.41,-12214.035,-23856.434999999998,-6899.94,750.285,-29388.465,-11247.48,-3746.97
-12805.785,-12199.455,-23835.915,-6881.849999999999,773.775,-29378.16,-11263.77,-3755.295
-12803.175,-12198.869999999999,-23841.045,-6900.165,773.685,-29372.399999999998,-11259.045,-3752.91
-12804.164999999999,-12203.189999999999,-23854.23,-6932.835,760.14,-29378.7,-11263.77,-3751.47
-12804.029999999999,-12207.869999999999,-23870.204999999998,-6950.115,748.0799999999999,-29383.469999999998,-11271.06,-3750.93
-12807.18,-12210.93,-23867.1,-6920.1449999999995,750.105,-29383.2,-11275.83,-3753.9449999999997
-12808.215,-12209.31,-23854.14,-6898.455,748.7099999999999,-29385.989999999998,-11280.734999999999,-3756.6
-12810.465,-12214.125,-23852.925,-6886.755,744.525,-29391.21,-11285.55,-3758.85
-12808.035,-12213.765,-23847.795,-6887.969999999999,746.145,-29390.039999999997,-11284.064999999999,-3755.25
-12808.8,-12213.27,-23851.17,-6891.84,744.2099999999999,-29395.305,-11289.33,-3757.185
-12812.85,-12217.23,-23858.145,-6895.304999999999,740.97,-29402.594999999998,-11299.14,-3761.2349999999997
-12815.279999999999,-12217.14,-23852.07,-6900.4349999999995,738.135,-29408.489999999998,-11306.34,-3763.44
-12813.57,-12217.59,-23862.195,-6905.925,739.305,-29410.515,-11307.105,-3760.02
-12808.08,-12203.46,-23841.719999999998,-6894.54,753.48,-29398.094999999998,-11292.255,-3757.815
-12804.255,-12199.095,-23837.175,-6890.3099999999995,760.995,-29383.92,-11278.17,-3755.79
-12809.205,-12209.13,-23850.54,-6897.87,746.145,-29387.565,-11279.925,-3759.48
-12806.55,-12207.465,-23849.73,-6888.78,747.495,-29383.829999999998,-11281.185,-3759.705
-12804.029999999999,-12209.49,-23854.23,-6888.24,743.04,-29390.489999999998,-11286.359999999999,-3757.9049999999997
-12810.195,-12206.115,-23840.01,-6879.735,755.37,-29385.315,-11286.675,-3763.305
-12814.605,-12208.59,-23842.305,-6885.54,761.7149999999999,-29384.82,-11288.654999999999,-3765.69
-12815.775,-12216.42,-23862.915,-6898.815,752.985,-29392.875,-11298.33,-3768.0299999999997
-12810.734999999999,-12212.279999999999,-23862.239999999998,-6917.49,745.3349999999999,-29400.84,-11305.89,-3765.645
-12812.67,-12214.215,-23869.665,-6933.554999999999,736.02,-29412.27,-11316.24,-3767.7599999999998
-12815.414999999999,-12215.205,-23866.739999999998,-6922.98,731.2049999999999,-29421.405,-11319.705,-3765.555
-12818.07,-12216.195,-23857.829999999998,-6904.125,730.53,-29422.53,-11316.869999999999,-3762.6299999999997
-12824.189999999999,-12226.32,-23864.579999999998,-6891.795,723.375,-29430.36,-11320.02,-3760.29
-12827.07,-12232.664999999999,-23872.14,-6905.115,714.51,-29435.805,-11322.539999999999,-3760.245
-12823.47,-12227.13,-23868.09,-6906.105,725.0849999999999,-29421.629999999997,-11312.189999999999,-3766.185
-12811.725,-12207.779999999999,-23845.59,-6881.355,756.9,-29388.465,-11280.105,-3765.69
-12806.73,-12201.21,-23839.559999999998,-6877.844999999999,762.03,-29384.73,-11266.289999999999,-3757.815
-12801.465,-12197.744999999999,-23839.065,-6879.42,759.51,-29395.53,-11280.285,-3750.0299999999997
-12801.465,-12200.22,-23842.8,-6883.469999999999,753.39,-29409.885,-11309.22,-3756.105
-12800.34,-12197.16,-23837.895,-6878.07,761.5799999999999,-29399.67,-11313.404999999999,-3764.6549999999997
-12798.045,-12197.564999999999,-23837.309999999998,-6875.415,767.2049999999999,-29376.719999999998,-11258.369999999999,-3745.395
-12799.664999999999,-12201.255,-23839.605,-6882.12,755.685,-29382.075,-11255.445,-3735.495
-12812.894999999999,-12217.59,-23861.925,-6905.88,729.9449999999999,-29415.015,-11294.189999999999,-3750.615
-12814.289999999999,-12217.545,-23863.274999999998,-6905.835,732.78,-29413.575,-11292.345,-3755.6549999999997
-12810.24,-12205.26,-23846.67,-6885.045,758.16,-29383.155,-11267.82,-3762.99
-12805.47,-12201.48,-23842.665,-6880.995,764.73,-29375.91,-11262.015,-3760.245
-12807.18,-12208.365,-23852.07,-6893.6849999999995,749.16,-29396.43,-11275.109999999999,-3755.43
-12815.73,-12219.615,-23863.454999999998,-6906.33,733.185,-29420.414999999997,-11296.439999999999,-3758.22
-12823.605,-12230.279999999999,-23874.075,-6918.3,719.9549999999999,-29439.225,-11313.09,-3759.8399999999997
-12825.359999999999,-12233.025,-23877.405,-6923.25,714.78,-29444.129999999997,-11319.75,-3764.475
-12819.779999999999,-12221.414999999999,-23864.985,-6909.795,727.6949999999999,-29432.925,-11319.255,-3770.865
-12810.015,-12206.789999999999,-23848.2,-6888.554999999999,753.66,-29398.05,-11286.314999999999,-3765.1949999999997
-12799.619999999999,-12195.494999999999,-23835.555,-6874.514999999999,770.5799999999999,-29371.77,-11253.689999999999,-3752.37
-12801.105,-12198.779999999999,-23841.629999999997,-6883.514999999999,760.86,-29382.254999999997,-11261.97,-3752.415
-12802.365,-12201.93,-23843.79,-6886.62,756.135,-29389.364999999998,-11265.75,-3751.4249999999997
-12805.74,-12210.795,-23855.445,-6899.219999999999,741.6,-29406.914999999997,-11277.359999999999,-3753.27
-12804.525,-12211.064999999999,-23858.91,-6918.12,726.12,-29422.71,-11287.439999999999,-3751.6949999999997
-12803.894999999999,-12203.865,-23850.495,-6922.575,738.72,-29410.379999999997,-11283.435,-3752.73
-12806.414999999999,-12207.15,-23859.045,-6928.469999999999,749.2049999999999,-29399.535,-11280.645,-3754.44
-12803.894999999999,-12206.115,-23855.399999999998,-6916.545,751.5899999999999,-29400.254999999997,-11280.24,-3750.75
-12801.824999999999,-12205.89,-23859.855,-6901.514999999999,747.36,-29402.19,-11281.005,-3748.185
-12804.48,-12199.005,-23839.649999999998,-6878.61,754.29,-29399.535,-11284.154999999999,-3752.865
-12810.779999999999,-12205.664999999999,-23837.445,-6891.344999999999,754.38,-29395.754999999997,-11283.84,-3757.365
-12809.835,-12207.734999999999,-23842.62,-6922.215,743.805,-29398.815,-11285.46,-3755.97
-12810.644999999999,-12212.955,-23862.375,-6935.804999999999,744.2099999999999,-29397.645,-11285.055,-3754.98
-12808.619999999999,-12211.47,-23870.52,-6936.165,745.1999999999999,-29399.489999999998,-11285.234999999999,-3752.46
-12806.685,-12205.935,-23869.665,-6935.94,749.385,-29399.355,-11284.56,-3751.92
-12806.865,-12205.529999999999,-23866.739999999998,-6935.58,746.8199999999999,-29402.19,-11287.89,-3752.5499999999997
-12808.305,-12208.23,-23850.18,-6892.83,752.49,-29402.82,-11291.265,-3752.73
-12805.965,-12205.215,-23845.905,-6869.88,749.385,-29409.12,-11298.869999999999,-3751.1549999999997
-12805.154999999999,-12200.265,-23836.23,-6876.315,747.5849999999999,-29409.39,-11303.055,-3751.92
-12808.845,-12210.029999999999,-23850.54,-6912.764999999999,743.13,-29404.89,-11303.279999999999,-3752.64
-12807.18,-12212.775,-23861.52,-6926.58,740.16,-29403.45,-11305.664999999999,-3749.895
-12808.439999999999,-12207.15,-23860.844999999998,-6889.995,747.63,-29401.739999999998,-11315.835,-3753.9449999999997
-12811.635,-12205.26,-23840.954999999998,-6855.884999999999,752.985,-29405.385,-11332.755,-3757.5899999999997
-12811.859999999999,-12204.765,-23829.3,-6858.315,748.53,-29408.94,-11346.074999999999,-3757.455
-12810.42,-12202.47,-23832.36,-6875.594999999999,746.73,-29414.655,-11357.234999999999,-3756.645
-12814.83,-12212.01,-23855.265,-6903.2699999999995,746.055,-29413.8,-11350.305,-3755.9249999999997
-12823.019999999999,-12221.82,-23864.805,-6911.955,738.855,-29420.73,-11364.795,-3761.145
-12829.635,-12227.805,-23870.385,-6925.005,717.885,-29445.12,-11409.074999999999,-3776.1299999999997
-12830.76,-12230.279999999999,-23869.62,-6914.295,708.345,-29457.495,-11421.945,-3780.855
-12824.73,-12224.205,-23862.329999999998,-6888.33,725.31,-29439.719999999998,-11400.21,-3775.815
-12811.68,-12215.925,-23860.71,-6889.1849999999995,744.39,-29406.87,-11345.939999999999,-3751.2
-12804.795,-12205.395,-23843.25,-6878.655,753.795,-29390.489999999998,-11325.375,-3741.21
-12797.82,-12188.744999999999,-23820.75,-6857.235,774.36,-29378.835,-11332.395,-3746.205
-12805.154999999999,-12200.265,-23836.905,-6874.245,760.635,-29396.204999999998,-11350.619999999999,-3753.54
-12802.455,-12197.789999999999,-23834.969999999998,-6872.445,764.91,-29394.945,-11341.26,-3747.1499999999996
-12798.404999999999,-12196.305,-23833.754999999997,-6871.815,767.61,-29392.379999999997,-11328.57,-3738.4649999999997
-12793.59,-12191.445,-23829.03,-6869.429999999999,771.525,-29387.925,-11322.18,-3730.455
-12790.935,-12185.145,-23823.18,-6866.594999999999,772.785,-29390.85,-11339.73,-3735.765
-12792.105,-12182.13,-23820.165,-6863.804999999999,775.0799999999999,-29394.765,-11363.175,-3747.105
-12801.24,-12192.39,-23832.629999999997,-6875.505,763.29,-29405.879999999997,-11378.205,-3758.22
-12815.55,-12214.215,-23858.64,-6907.365,733.185,-29427.03,-11377.26,-3759.93
-12822.119999999999,-12222.539999999999,-23866.11,-6913.8,730.035,-29428.155,-11375.685,-3762.0899999999997
-12823.65,-12225.465,-23866.605,-6911.054999999999,735.48,-29422.395,-11361.105,-3757.0049999999997
-12824.73,-12224.789999999999,-23865.254999999997,-6910.335,736.245,-29422.98,-11362.545,-3761.865
-12825.539999999999,-12220.965,-23859.945,-6902.37,742.005,-29423.879999999997,-11379.24,-3773.745
-12819.644999999999,-12213.314999999999,-23856.254999999997,-6902.505,747.72,-29422.305,-11386.98,-3773.745
-12812.939999999999,-12206.115,-23851.53,-6907.995,754.155,-29418.075,-11372.895,-3766.3199999999997
-12805.47,-12201.525,-23846.579999999998,-6903.855,761.4449999999999,-29404.934999999998,-11339.46,-3745.935
-12808.71,-12209.535,-23853.375,-6903.63,756.045,-29398.14,-11324.25,-3738.7349999999997
-12814.83,-12215.475,-23855.579999999998,-6896.025,748.26,-29408.085,-11348.324999999999,-3751.9649999999997
-12812.4,-12218.805,-23866.829999999998,-6917.985,742.275,-29413.844999999998,-11358.81,-3751.065
-12813.074999999999,-12219.525,-23870.43,-6930.495,735.885,-29419.695,-11367.09,-3751.92
-12815.01,-12210.074999999999,-23851.079999999998,-6904.575,751.095,-29411.594999999998,-11369.97,-3756.4649999999997
-12814.109999999999,-12206.654999999999,-23839.515,-6870.465,761.265,-29406.465,-11367.63,-3754.7999999999997
-12813.795,-12209.085,-23841.945,-6863.94,760.14,-29411.64,-11372.805,-3756.105
-12811.365,-12208.904999999999,-23847.704999999998,-6882.57,756.81,-29412.989999999998,-11373.255,-3753.81
-12812.085,-12207.869999999999,-23850.719999999998,-6888.014999999999,753.03,-29417.715,-11379.689999999999,-3756.1499999999996
-12806.955,-12202.02,-23844.69,-6896.835,746.1,-29421.315,-11385.045,-3752.5499999999997
-12807.359999999999,-12204.63,-23848.515,-6901.785,748.935,-29419.02,-11388.06,-3753.72
-12807.539999999999,-12205.08,-23850.09,-6897.554999999999,753.7049999999999,-29411.864999999998,-11384.73,-3754.5299999999997
-12809.385,-12202.289999999999,-23841.135,-6887.745,757.62,-29403.09,-11378.699999999999,-3756.285
-12811.095,-12208.32,-23845.86,-6883.92,756.54,-29404.44,-11380.68,-3754.575
-12811.545,-12206.43,-23843.114999999998,-6879.87,758.745,-29406.78,-11385.72,-3756.285
-12810.644999999999,-12203.279999999999,-23837.67,-6887.655,752.13,-29411.82,-11390.265,-3757.815
-12812.715,-12207.24,-23850.045,-6907.995,745.38,-29420.145,-11401.064999999999,-3760.83
-12821.894999999999,-12216.779999999999,-23863.905,-6926.625,731.6999999999999,-29441.52,-11434.904999999999,-3770.2799999999997
-12824.595,-12220.199999999999,-23863.364999999998,-6924.375,727.47,-29452.23,-11460.15,-3776.355
-12821.265,-12216.779999999999,-23859.135,-6912.405,729.72,-29446.425,-11455.199999999999,-3776.7599999999998
-12815.82,-12211.154999999999,-23846.985,-6882.12,746.91,-29417.355,-11399.85,-3761.8199999999997
-12805.605,-12204.539999999999,-23843.024999999998,-6884.73,762.39,-29390.445,-11352.914999999999,-3739.545
-12808.125,-12209.22,-23855.715,-6928.155,750.645,-29403.0,-11380.5,-3747.69
-12815.279999999999,-12220.154999999999,-23875.965,-6972.57,735.3,-29413.53,-11393.595,-3753.3599999999997
-12807.225,-12206.52,-23864.445,-6958.98,743.805,-29402.55,-11381.355,-3748.68
-12803.445,-12197.205,-23847.39,-6906.105,762.345,-29392.965,-11383.064999999999,-3749.49
-12811.68,-12211.47,-23851.89,-6854.58,760.41,-29410.92,-11410.74,-3755.745
-12812.85,-12205.26,-23827.32,-6827.804999999999,762.795,-29423.16,-11430.675,-3761.19
-12815.46,-12208.23,-23839.605,-6868.889999999999,749.745,-29431.215,-11432.205,-3761.37
-12811.68,-12210.93,-23849.64,-6883.965,748.8,-29424.914999999997,-11412.855,-3748.23
-12805.38,-12206.115,-23845.815,-6883.065,753.39,-29418.344999999998,-11406.555,-3741.615
-12804.57,-12201.21,-23838.885,-6885.179999999999,752.4,-29413.62,-11405.385,-3742.92
-12807.135,-12203.055,-23844.78,-6892.155,755.145,-29412.36,-11424.33,-3754.2149999999997
-12805.965,-12196.08,-23836.094999999998,-6883.29,767.025,-29402.37,-11428.515,-3760.785
-12813.93,-12207.869999999999,-23850.315,-6895.08,752.805,-29417.76,-11438.685,-3764.7
-12814.515,-12207.96,-23847.614999999998,-6889.815,749.745,-29424.87,-11434.814999999999,-3762.0899999999997
-12813.795,-12208.814999999999,-23846.715,-6888.33,746.28,-29432.024999999998,-11429.189999999999,-3755.97
-12813.93,-12207.645,-23847.254999999997,-6888.33,746.73,-29437.02,-11446.154999999999,-3761.595
-12811.05,-12202.965,-23844.645,-6887.205,755.73,-29428.92,-11455.199999999999,-3759.93
-12815.82,-12210.66,-23853.78,-6897.915,747.5849999999999,-29437.155,-11463.255,-3757.365
-12817.619999999999,-12215.97,-23856.75,-6900.795,743.4,-29438.504999999997,-11460.779999999999,-3753.3599999999997
-12812.939999999999,-12211.92,-23849.864999999998,-6895.665,745.02,-29432.385,-11440.619999999999,-3745.305
-12798.494999999999,-12193.965,-23833.17,-6876.855,764.055,-29415.914999999997,-11437.74,-3741.2999999999997
-12796.965,-12192.029999999999,-23832.765,-6878.655,777.6,-29402.145,-11443.5,-3747.24
-12801.869999999999,-12199.904999999999,-23845.86,-6904.17,776.745,-29400.795,-11453.49,-3751.6499999999996
-12803.355,-12198.105,-23850.315,-6921.9,766.8,-29414.024999999998,-11465.505,-3754.44
-12812.355,-12199.14,-23848.965,-6917.219999999999,756.405,-29430.899999999998,-11473.244999999999,-3763.98
-12814.56,-12205.125,-23847.75,-6885.36,755.4599999999999,-29429.504999999997,-11457.27,-3758.805
-12812.58,-12205.98,-23838.614999999998,-6854.085,766.4399999999999,-29415.96,-11438.955,-3750.975
-12809.34,-12200.265,-23833.44,-6864.705,767.295,-29417.715,-11451.24,-3749.895
-12807.63,-12199.095,-23837.219999999998,-6878.745,761.4,-29422.305,-11462.355,-3750.2549999999997
-12811.59,-12203.46,-23844.78,-6887.969999999999,754.47,-29428.11,-11473.289999999999,-3755.52
-12810.869999999999,-12208.5,-23854.5,-6901.65,740.0699999999999,-29439.539999999997,-11485.664999999999,-3755.25
-12810.285,-12207.824999999999,-23848.245,-6887.61,757.4399999999999,-29424.015,-11478.015,-3753.0
-12811.814999999999,-12204.765,-23841.629999999997,-6876.945,769.4549999999999,-29414.52,-11473.56,-3754.5299999999997
-12816.9,-12205.439999999999,-23841.585,-6884.054999999999,761.49,-29421.765,-11479.904999999999,-3759.795
-12817.845,-12207.555,-23845.32,-6894.8099999999995,752.0849999999999,-29433.195,-11489.039999999999,-3760.515
-12815.955,-12205.26,-23847.39,-6899.58,748.8,-29432.52,-11493.404999999999,-3760.74
-12815.865,-12207.734999999999,-23849.64,-6897.465,748.26,-29426.129999999997,-11488.59,-3758.04
-12816.675,-12207.645,-23850.225,-6890.58,756.855,-29427.885,-11487.645,-3756.87
-12813.255,-12199.23,-23840.325,-6887.115,757.26,-29428.02,-11492.64,-3758.4449999999997
-12815.055,-12205.574999999999,-23841.945,-6891.75,753.255,-29423.61,-11486.025,-3760.065
-12812.805,-12208.095,-23853.6,-6902.6849999999995,750.1949999999999,-29418.48,-11478.24,-3756.33
-12810.779999999999,-12205.305,-23855.085,-6896.835,757.2149999999999,-29417.579999999998,-11485.26,-3756.1949999999997
-12809.88,-12196.935,-23835.195,-6878.969999999999,768.915,-29413.664999999997,-11488.275,-3756.015
-12812.4,-12199.14,-23839.829999999998,-6889.545,761.76,-29420.37,-11493.63,-3758.085
-12813.029999999999,-12202.244999999999,-23848.155,-6905.115,757.17,-29426.489999999998,-11497.814999999999,-3758.04
-12812.355,-12200.715,-23847.795,-6905.384999999999,760.68,-29424.96,-11496.869999999999,-3757.545
-12810.689999999999,-12201.164999999999,-23851.17,-6901.469999999999,760.4549999999999,-29423.745,-11496.465,-3755.0249999999996
-12813.795,-12202.785,-23845.59,-6883.2,758.52,-29426.94,-11501.1,-3758.1749999999997
-12813.255,-12204.359999999999,-23848.829999999998,-6879.0599999999995,754.65,-29431.53,-11509.605,-3756.6
-12816.0,-12211.289999999999,-23866.469999999998,-6901.695,745.3349999999999,-29439.629999999997,-11520.855,-3758.9849999999997
-12812.67,-12207.105,-23855.309999999998,-6898.32,750.375,-29434.95,-11519.055,-3757.185
-12814.785,-12203.955,-23827.815,-6888.69,760.095,-29409.704999999998,-11501.055,-3763.2599999999998
-12818.654999999999,-12211.199999999999,-23848.11,-6902.415,749.52,-29416.59,-11496.24,-3761.325
-12820.14,-12213.9,-23867.774999999998,-6902.505,743.76,-29436.254999999997,-11517.029999999999,-3761.865
-12830.805,-12222.225,-23856.614999999998,-6904.3949999999995,734.85,-29454.344999999998,-11548.26,-3773.79
-12832.064999999999,-12223.619999999999,-23863.77,-6911.73,732.42,-29458.125,-11553.255,-3777.0299999999997
-12822.39,-12210.885,-23853.735,-6900.389999999999,745.02,-29448.675,-11545.92,-3773.0249999999996
-12820.14,-12211.74,-23852.114999999998,-6898.86,742.905,-29449.98,-11543.175,-3767.58
-12822.21,-12219.164999999999,-23859.989999999998,-6907.679999999999,734.9399999999999,-29452.14,-11537.46,-3759.615
-12826.845,-12223.529999999999,-23865.704999999998,-6913.44,732.1949999999999,-29450.565,-11549.789999999999,-3774.42
-12817.755,-12207.105,-23846.265,-6891.84,756.5849999999999,-29417.265,-11504.205,-3769.1099999999997
-12799.394999999999,-12185.91,-23824.305,-6868.035,782.01,-29392.155,-11470.095,-3749.49
-12801.644999999999,-12190.23,-23829.84,-6874.5599999999995,774.495,-29405.43,-11494.8,-3752.595
-12812.805,-12204.855,-23845.5,-6894.99,751.095,-29433.105,-11522.789999999999,-3761.64
-12816.18,-12207.914999999999,-23850.54,-6902.82,745.6949999999999,-29440.98,-11521.89,-3763.17
-12817.8,-12211.92,-23857.875,-6910.74,745.155,-29437.695,-11495.115,-3754.845
-12817.845,-12212.055,-23856.704999999998,-6909.12,746.235,-29440.53,-11501.01,-3756.105
-12813.885,-12205.664999999999,-23847.48,-6897.87,747.63,-29450.295,-11534.445,-3759.615
-12806.73,-12196.125,-23834.07,-6879.6449999999995,759.06,-29440.35,-11541.555,-3755.79
-12805.605,-12194.145,-23829.03,-6870.33,772.875,-29417.94,-11521.574999999999,-3754.5299999999997
-12793.275,-12182.625,-23821.649999999998,-6866.505,782.145,-29403.765,-11495.97,-3741.93
-12801.644999999999,-12195.81,-23839.965,-6890.445,761.7149999999999,-29417.355,-11498.625,-3744.495
-12821.13,-12212.46,-23848.559999999998,-6900.3,750.87,-29428.875,-11510.64,-3760.9649999999997
-12832.335,-12225.51,-23861.52,-6912.2699999999995,741.42,-29433.914999999997,-11510.73,-3771.585
-12826.08,-12222.99,-23873.579999999998,-6917.67,740.3399999999999,-29438.64,-11512.98,-3769.6949999999997
-12822.75,-12219.525,-23875.245,-6933.42,740.8349999999999,-29439.855,-11507.445,-3763.395
-12825.135,-12220.695,-23874.165,-6942.014999999999,743.0849999999999,-29442.914999999997,-11516.67,-3762.72
-12827.07,-12222.404999999999,-23873.129999999997,-6938.775,733.41,-29456.37,-11546.82,-3771.495
-12826.17,-12219.21,-23867.46,-6918.66,729.9449999999999,-29462.489999999998,-11562.21,-3775.23
-12829.32,-12218.805,-23855.129999999997,-6881.625,733.185,-29455.965,-11550.6,-3778.6499999999996
-12817.664999999999,-12205.755,-23839.829999999998,-6867.945,759.915,-29417.129999999997,-11500.965,-3761.91
-12816.945,-12205.35,-23841.719999999998,-6883.335,755.73,-29419.515,-11509.785,-3761.5499999999997
-12816.99,-12205.664999999999,-23841.36,-6878.295,761.895,-29418.434999999998,-11516.265,-3767.67
-12814.064999999999,-12205.439999999999,-23843.565,-6881.085,762.345,-29421.045,-11512.439999999999,-3763.665
-12813.48,-12210.525,-23855.085,-6905.205,751.005,-29428.2,-11500.965,-3755.0699999999997
-12812.265,-12208.994999999999,-23852.295,-6916.905,737.9549999999999,-29439.135,-11506.05,-3751.6499999999996
-12811.59,-12202.515,-23845.23,-6909.075,744.39,-29437.155,-11512.439999999999,-3753.9449999999997
-12816.135,-12204.63,-23846.265,-6876.2699999999995,763.9649999999999,-29423.43,-11507.039999999999,-3757.2749999999996
-12816.359999999999,-12201.074999999999,-23829.165,-6858.719999999999,761.9399999999999,-29427.57,-11514.195,-3760.1549999999997
-12818.744999999999,-12209.58,-23847.885,-6881.49,755.73,-29428.245,-11519.369999999999,-3764.0249999999996
-12816.63,-12206.88,-23848.695,-6887.205,757.0799999999999,-29424.195,-11524.859999999999,-3765.1949999999997
-12814.425,-12201.074999999999,-23842.125,-6885.495,758.88,-29423.565,-11527.38,-3765.42
-12813.975,-12201.48,-23842.26,-6888.915,759.285,-29423.745,-11524.994999999999,-3763.62
-12812.67,-12203.55,-23846.85,-6900.165,754.785,-29426.355,-11513.88,-3756.24
-12819.869999999999,-12214.664999999999,-23858.235,-6913.575,743.22,-29437.245,-11514.869999999999,-3757.095
-12819.6,-12214.26,-23857.155,-6911.594999999999,741.06,-29442.239999999998,-11519.91,-3758.49
-12822.345,-12210.75,-23847.03,-6891.48,752.49,-29434.184999999998,-11519.82,-3763.5299999999997
-12820.185,-12210.435,-23844.375,-6880.815,756.0899999999999,-29429.864999999998,-11517.029999999999,-3760.245
-12819.96,-12213.945,-23853.915,-6890.13,754.515,-29428.605,-11518.244999999999,-3760.47
-12820.365,-12213.18,-23848.739999999998,-6892.605,749.61,-29422.53,-11518.65,-3763.305
-12820.32,-12211.695,-23841.855,-6891.884999999999,747.72,-29425.454999999998,-11523.914999999999,-3763.2599999999998
-12825.494999999999,-12220.605,-23856.03,-6903.855,738.9449999999999,-29437.155,-11535.255,-3766.545
-12823.47,-12222.494999999999,-23868.135,-6910.83,736.11,-29440.844999999998,-11537.414999999999,-3763.2599999999998
-12827.34,-12222.359999999999,-23864.94,-6909.03,735.2099999999999,-29442.51,-11533.77,-3766.6349999999998
-12833.279999999999,-12229.02,-23871.555,-6915.69,727.11,-29456.28,-11551.185,-3770.865
-12845.295,-12243.105,-23886.09,-6934.679999999999,702.135,-29494.17,-11602.71,-3782.16
-12845.789999999999,-12239.64,-23882.535,-6935.264999999999,700.02,-29500.335,-11623.859999999999,-3791.0699999999997
-12837.914999999999,-12228.57,-23869.26,-6918.795,721.395,-29468.61,-11584.529999999999,-3787.29
-12826.215,-12220.605,-23859.09,-6900.615,751.995,-29408.805,-11475.539999999999,-3757.68
-12804.57,-12192.795,-23828.085,-6867.2699999999995,785.385,-29376.765,-11455.47,-3746.3399999999997
-12804.164999999999,-12193.244999999999,-23828.445,-6870.105,779.805,-29386.53,-11477.564999999999,-3751.2
-12812.625,-12206.07,-23843.07,-6889.634999999999,756.4499999999999,-29410.335,-11497.725,-3752.73
-12819.33,-12216.015,-23856.165,-6906.014999999999,736.3349999999999,-29434.23,-11517.975,-3755.43
-12825.045,-12227.355,-23870.114999999998,-6918.705,724.545,-29444.579999999998,-11530.845,-3759.2999999999997
-12830.22,-12231.135,-23869.844999999998,-6913.53,731.6999999999999,-29440.305,-11537.145,-3768.2549999999997
-12829.185,-12226.365,-23864.355,-6908.175,737.595,-29438.145,-11537.145,-3775.2749999999996
-12823.154999999999,-12207.06,-23840.864999999998,-6881.625,762.66,-29423.295,-11539.26,-3780.8999999999996
-12815.189999999999,-12201.255,-23834.475,-6876.855,766.035,-29419.739999999998,-11529.18,-3767.7149999999997
-12817.305,-12209.625,-23844.96,-6890.085,751.4549999999999,-29431.44,-11536.02,-3763.665
-12823.019999999999,-12216.555,-23852.879999999997,-6899.49,743.355,-29435.805,-11543.535,-3773.97
-12820.185,-12213.675,-23850.27,-6895.755,748.7099999999999,-29426.67,-11532.555,-3771.9449999999997
-12815.865,-12210.21,-23845.364999999998,-6888.69,757.7099999999999,-29412.675,-11510.73,-3761.19
-12813.795,-12207.51,-23843.61,-6887.34,756.9449999999999,-29416.995,-11515.545,-3760.1549999999997
-12807.9,-12197.43,-23823.45,-6876.855,760.41,-29400.57,-11497.32,-3753.72
-12818.475,-12209.039999999999,-23828.985,-6888.465,741.9599999999999,-29406.825,-11491.695,-3757.095
-12827.295,-12222.675,-23860.395,-6905.16,733.725,-29443.004999999997,-11512.664999999999,-3764.8799999999997
-12829.185,-12224.07,-23864.85,-6909.075,732.1949999999999,-29446.2,-11525.939999999999,-3769.9649999999997
-12825.81,-12220.695,-23855.625,-6903.855,733.3199999999999,-29438.145,-11529.855,-3767.085
-12826.08,-12219.84,-23849.504999999997,-6896.16,741.1949999999999,-29428.695,-11529.539999999999,-3769.515
-12829.14,-12224.609999999999,-23861.114999999998,-6900.884999999999,741.915,-29431.395,-11520.72,-3770.64
-12823.38,-12219.93,-23859.629999999997,-6903.315,741.915,-29426.715,-11506.545,-3764.3399999999997
-12815.955,-12211.605,-23851.395,-6897.78,750.3299999999999,-29421.675,-11502.9,-3758.1749999999997
-12815.595,-12209.49,-23852.114999999998,-6919.74,739.62,-29432.07,-11514.689999999999,-3759.705
-12822.525,-12215.385,-23866.425,-6937.469999999999,736.6949999999999,-29436.12,-11518.425,-3766.0049999999997
-12823.154999999999,-12214.17,-23866.965,-6926.58,743.76,-29434.545,-11515.365,-3767.3999999999996
-12823.605,-12211.875,-23850.405,-6896.25,750.645,-29433.69,-11515.59,-3767.94
-12822.57,-12212.414999999999,-23844.239999999998,-6880.365,749.61,-29435.445,-11516.805,-3766.095
-12822.164999999999,-12209.715,-23844.42,-6896.835,747.5849999999999,-29435.399999999998,-11518.74,-3767.7149999999997
-12819.914999999999,-12211.695,-23852.475,-6900.4349999999995,749.655,-29430.18,-11515.994999999999,-3765.33
-12823.38,-12214.484999999999,-23852.34,-6903.134999999999,749.8349999999999,-29428.065,-11516.67,-3768.0299999999997
-12820.904999999999,-12212.46,-23847.21,-6891.525,748.125,-29425.59,-11517.164999999999,-3766.3199999999997
-12821.085,-12211.695,-23846.895,-6878.295,748.125,-29425.59,-11519.595,-3767.355
-12820.14,-12210.48,-23847.21,-6885.99,746.235,-29430.989999999998,-11520.539999999999,-3767.04
-12822.164999999999,-12213.404999999999,-23851.17,-6896.07,743.4449999999999,-29434.41,-11520.359999999999,-3768.0299999999997
-12820.23,-12212.595,-23847.254999999997,-6904.3949999999995,743.355,-29432.655,-11515.814999999999,-3763.89
-12821.31,-12216.465,-23852.655,-6914.565,738.36,-29436.344999999998,-11517.39,-3764.3399999999997
-12819.555,-12219.074999999999,-23868.765,-6918.48,737.055,-29439.045,-11519.234999999999,-3763.2149999999997
-12819.689999999999,-12222.765,-23885.145,-6938.6849999999995,733.905,-29440.844999999998,-11522.07,-3762.99
-12823.875,-12225.06,-23887.35,-6930.405,737.91,-29442.059999999998,-11528.64,-3766.815
-12828.689999999999,-12221.055,-23863.59,-6896.88,745.3349999999999,-29436.39,-11530.98,-3770.145
-12833.775,-12228.119999999999,-23864.715,-6888.285,738.0899999999999,-29441.204999999998,-11534.039999999999,-3771.54
-12830.355,-12223.619999999999,-23847.524999999998,-6901.425,723.375,-29443.364999999998,-11528.234999999999,-3768.165
-12821.85,-12213.18,-23838.66,-6895.17,732.285,-29435.085,-11514.555,-3759.435
-12830.715,-12226.994999999999,-23871.42,-6899.13,732.87,-29446.335,-11524.949999999999,-3764.835
-12835.529999999999,-12229.109999999999,-23862.78,-6904.215,727.3349999999999,-29455.155,-11543.445,-3774.645
-12836.88,-12226.59,-23856.165,-6907.094999999999,724.23,-29463.48,-11562.119999999999,-3785.58
-12838.725,-12234.914999999999,-23872.14,-6921.2699999999995,713.79,-29473.065,-11562.39,-3783.69
-12828.195,-12224.925,-23862.555,-6910.2,727.515,-29453.805,-11531.25,-3770.91
-12819.779999999999,-12210.93,-23849.73,-6894.09,747.495,-29428.469999999998,-11512.935,-3772.89
-12813.39,-12198.824999999999,-23836.59,-6877.755,768.555,-29401.875,-11493.63,-3774.105
-12817.98,-12205.395,-23841.719999999998,-6883.514999999999,761.985,-29405.16,-11497.5,-3772.2149999999997
-12824.189999999999,-12213.135,-23847.84,-6892.965,745.9649999999999,-29429.28,-11534.49,-3780.27
-12824.369999999999,-12216.869999999999,-23853.195,-6901.0199999999995,734.0849999999999,-29445.57,-11538.045,-3772.89
-12817.125,-12213.27,-23847.614999999998,-6901.11,732.78,-29438.37,-11509.965,-3754.98
-12822.435,-12219.795,-23856.614999999998,-6906.599999999999,733.86,-29438.73,-11495.88,-3751.785
-12828.96,-12223.89,-23861.879999999997,-6908.8949999999995,735.975,-29438.235,-11502.135,-3764.6549999999997
-12832.695,-12229.154999999999,-23869.934999999998,-6917.94,728.055,-29445.704999999998,-11517.345,-3773.16
-12837.465,-12236.265,-23876.1,-6922.53,723.645,-29445.704999999998,-11508.705,-3773.43
-12823.019999999999,-12216.195,-23853.105,-6898.59,747.765,-29417.219999999998,-11477.43,-3763.935
-12808.17,-12192.119999999999,-23827.77,-6872.264999999999,770.22,-29399.85,-11472.345,-3759.705
-12813.84,-12199.904999999999,-23834.655,-6879.465,763.245,-29405.114999999998,-11478.914999999999,-3763.845
-12820.455,-12211.92,-23846.445,-6892.605,750.555,-29413.62,-11483.279999999999,-3764.6099999999997
-12822.21,-12214.529999999999,-23850.629999999997,-6895.304999999999,746.505,-29419.11,-11488.095,-3764.835
-12819.914999999999,-12210.029999999999,-23847.75,-6892.2,749.0699999999999,-29421.675,-11491.289999999999,-3763.935
-12823.605,-12214.439999999999,-23853.465,-6900.21,739.305,-29435.175,-11497.095,-3766.23
-12822.84,-12215.43,-23855.579999999998,-6903.405,735.525,-29441.835,-11500.02,-3766.68
-12820.635,-12214.619999999999,-23854.14,-6902.955,736.29,-29440.8,-11501.46,-3764.52
-12819.51,-12211.83,-23849.504999999997,-6897.78,746.28,-29427.704999999998,-11501.64,-3763.2599999999998
-12819.779999999999,-12211.605,-23850.719999999998,-6894.179999999999,751.4549999999999,-29424.42,-11500.605,-3763.7999999999997
-12819.779999999999,-12208.859999999999,-23844.87,-6893.505,746.4599999999999,-29422.8,-11501.279999999999,-3766.14
-12820.23,-12208.32,-23844.465,-6896.79,740.88,-29429.55,-11504.295,-3766.5
-12821.715,-12213.045,-23850.18,-6898.815,741.15,-29430.315,-11503.845,-3766.0499999999997
-12820.23,-12211.244999999999,-23847.93,-6896.34,745.785,-29424.87,-11500.064999999999,-3764.16
-12817.035,-12207.465,-23844.42,-6897.87,742.5899999999999,-29430.0,-11501.91,-3763.665
-12822.029999999999,-12216.33,-23856.975,-6904.3949999999995,739.395,-29435.355,-11503.935,-3764.97
-12827.744999999999,-12218.895,-23856.03,-6905.61,736.29,-29439.855,-11506.41,-3770.5049999999997
-12826.17,-12213.494999999999,-23848.829999999998,-6901.469999999999,741.105,-29438.28,-11505.465,-3769.515
-12828.06,-12217.77,-23855.129999999997,-6915.915,744.03,-29433.96,-11502.9,-3769.02
-12824.234999999999,-12213.855,-23853.69,-6927.4349999999995,743.76,-29429.504999999997,-11500.965,-3765.87
-12822.255,-12216.33,-23863.274999999998,-6931.3949999999995,742.905,-29426.309999999998,-11500.47,-3765.375
-12822.029999999999,-12220.425,-23868.09,-6915.42,743.985,-29420.82,-11499.84,-3765.7799999999997
-12826.035,-12221.82,-23859.54,-6891.3,736.6949999999999,-29428.155,-11506.77,-3769.83
-12824.01,-12218.805,-23860.98,-6890.3099999999995,741.9599999999999,-29428.11,-11506.23,-3766.995
-12822.39,-12212.865,-23847.93,-6886.304999999999,747.0899999999999,-29428.785,-11507.175,-3766.725
-12822.39,-12211.335,-23851.53,-6899.175,750.735,-29426.895,-11505.689999999999,-3768.0299999999997
-12823.38,-12217.005,-23863.725,-6917.58,747.27,-29426.805,-11502.99,-3767.4449999999997
-12818.789999999999,-12211.605,-23860.395,-6933.0599999999995,744.615,-29425.725,-11497.814999999999,-3764.52
-12819.33,-12207.689999999999,-23848.605,-6922.889999999999,740.97,-29428.469999999998,-11502.765,-3765.1949999999997
-12824.64,-12215.564999999999,-23858.01,-6914.07,737.73,-29432.204999999998,-11518.515,-3769.6499999999996
-12828.689999999999,-12217.185,-23857.155,-6902.73,734.355,-29436.164999999997,-11533.904999999999,-3777.615
-12824.505,-12214.35,-23847.93,-6877.349999999999,742.095,-29427.434999999998,-11529.765,-3776.04
-12826.305,-12216.375,-23852.07,-6876.719999999999,742.9499999999999,-29422.664999999997,-11512.935,-3776.94
-12820.23,-12209.4,-23844.96,-6874.83,746.1,-29420.414999999997,-11491.425,-3761.595
-12827.205,-12215.789999999999,-23848.695,-6884.415,739.485,-29434.68,-11510.279999999999,-3768.165
-12832.65,-12224.654999999999,-23861.969999999998,-6900.165,727.8299999999999,-29446.649999999998,-11516.22,-3769.4249999999997
-12836.97,-12235.05,-23876.504999999997,-6917.264999999999,716.175,-29452.41,-11509.199999999999,-3762.45
-12835.89,-12227.805,-23869.215,-6913.08,721.26,-29455.605,-11531.609999999999,-3772.5299999999997
-12831.074999999999,-12217.949999999999,-23858.864999999998,-6905.5199999999995,730.26,-29450.52,-11549.475,-3781.62
-12833.144999999999,-12220.47,-23862.195,-6908.67,729.675,-29445.93,-11547.135,-3787.9649999999997
-12822.615,-12212.234999999999,-23852.114999999998,-6896.205,744.435,-29421.27,-11498.175,-3770.46
-12808.845,-12200.265,-23837.355,-6878.07,760.545,-29402.37,-11462.445,-3746.6549999999997
-12806.144999999999,-12196.71,-23833.485,-6875.235,767.8349999999999,-29395.71,-11457.765,-3745.08
-12815.369999999999,-12207.555,-23846.445,-6889.634999999999,759.105,-29400.75,-11461.275,-3753.27
-12813.885,-12206.16,-23849.325,-6897.24,747.81,-29412.719999999998,-11472.345,-3752.865
-12819.06,-12212.369999999999,-23855.805,-6915.0599999999995,735.435,-29427.524999999998,-11489.625,-3758.4449999999997
-12830.67,-12225.105,-23870.79,-6937.514999999999,720.81,-29446.829999999998,-11511.63,-3772.08
-12827.97,-12221.369999999999,-23872.05,-6932.07,726.93,-29444.399999999998,-11515.14,-3772.395
-12826.845,-12216.24,-23864.985,-6911.505,730.89,-29447.82,-11530.574999999999,-3776.1299999999997
-12828.24,-12216.33,-23851.17,-6880.86,734.67,-29440.53,-11514.42,-3774.96
-12830.984999999999,-12222.0,-23848.92,-6878.115,738.54,-29425.635,-11487.195,-3772.2149999999997
-12828.33,-12222.09,-23852.204999999998,-6886.755,742.5899999999999,-29414.565,-11465.369999999999,-3766.365
-12819.375,-12211.335,-23842.98,-6880.275,753.66,-29402.1,-11451.6,-3760.335
-12809.699999999999,-12194.595,-23826.105,-6865.965,766.7099999999999,-29398.545,-11464.695,-3762.72
-12811.05,-12195.18,-23829.344999999998,-6872.94,760.68,-29408.805,-11475.494999999999,-3761.64
-12810.465,-12196.395,-23831.145,-6874.425,760.8149999999999,-29410.92,-11474.279999999999,-3757.725
-12814.154999999999,-12201.119999999999,-23834.16,-6878.25,754.56,-29418.48,-11474.279999999999,-3758.085
-12820.05,-12207.645,-23839.829999999998,-6884.865,749.0699999999999,-29421.719999999998,-11480.355,-3762.3599999999997
-12824.279999999999,-12213.72,-23846.85,-6890.175,745.74,-29423.204999999998,-11486.43,-3764.52
-12826.394999999999,-12217.814999999999,-23853.96,-6893.46,744.3,-29422.62,-11486.205,-3765.375
-12824.775,-12216.465,-23853.96,-6896.79,741.78,-29419.335,-11485.035,-3766.545
-12826.125,-12217.68,-23853.015,-6897.375,741.24,-29418.39,-11487.465,-3767.85
-12826.26,-12221.73,-23859.315,-6901.425,739.62,-29420.414999999997,-11487.42,-3765.915
-12819.96,-12213.404999999999,-23854.635,-6903.2699999999995,734.67,-29425.77,-11491.02,-3763.08
-12821.85,-12208.365,-23847.93,-6899.355,736.155,-29428.335,-11495.34,-3767.22
-12823.154999999999,-12209.984999999999,-23842.665,-6886.349999999999,752.535,-29415.914999999997,-11486.699999999999,-3765.5099999999998
-12821.939999999999,-12211.289999999999,-23841.54,-6889.455,748.0799999999999,-29419.515,-11487.015,-3764.0699999999997
-12823.335,-12221.64,-23859.09,-6906.915,735.255,-29427.524999999998,-11490.164999999999,-3761.865
-12821.13,-12222.72,-23871.87,-6912.855,736.11,-29424.914999999997,-11488.365,-3759.615
-12820.32,-12207.779999999999,-23847.39,-6905.429999999999,748.935,-29416.454999999998,-11489.13,-3763.845
-12823.92,-12208.275,-23838.93,-6906.78,750.9599999999999,-29412.809999999998,-11489.67,-3767.67
-12823.875,-12209.49,-23842.53,-6906.825,746.235,-29411.954999999998,-11489.58,-3766.5899999999997
-12821.265,-12206.115,-23839.02,-6888.465,746.685,-29411.37,-11489.805,-3765.42
-12821.039999999999,-12212.955,-23849.954999999998,-6869.295,752.31,-29408.039999999997,-11485.935,-3762.6299999999997
-12820.05,-12212.369999999999,-23849.055,-6884.46,747.0,-29404.89,-11485.935,-3762.045
-12819.555,-12207.914999999999,-23840.594999999998,-6889.95,742.8149999999999,-29409.075,-11489.13,-3763.2149999999997
-12823.289999999999,-12209.265,-23844.239999999998,-6893.55,742.635,-29420.37,-11494.035,-3766.365
-12824.055,-12216.33,-23852.835,-6901.155,737.595,-29422.575,-11493.045,-3764.6549999999997
-12825.99,-12219.93,-23856.254999999997,-6903.179999999999,741.555,-29416.32,-11491.154999999999,-3764.6549999999997
-12825.765,-12216.195,-23851.575,-6917.67,746.1899999999999,-29410.469999999998,-11492.189999999999,-3766.68
-12825.449999999999,-12214.8,-23858.504999999997,-6935.445,738.36,-29415.105,-11497.23,-3770.145
-12823.154999999999,-12215.205,-23869.844999999998,-6916.365,743.5799999999999,-29412.765,-11493.99,-3766.77
-12824.73,-12214.035,-23845.184999999998,-6882.705,746.3249999999999,-29414.07,-11495.835,-3768.345
-12825.9,-12216.195,-23841.629999999997,-6871.995,741.735,-29424.195,-11511.72,-3770.73
-12830.355,-12222.18,-23854.95,-6896.79,731.655,-29438.01,-11528.055,-3776.04
-12829.365,-12222.09,-23861.969999999998,-6917.175,726.615,-29443.905,-11529.0,-3775.23
-12830.939999999999,-12225.779999999999,-23865.885,-6925.5,722.43,-29444.76,-11516.13,-3771.54
-12829.095,-12225.465,-23865.704999999998,-6921.179999999999,722.61,-29442.645,-11508.93,-3765.915
-12835.98,-12230.685,-23866.92,-6909.705,714.735,-29458.035,-11538.225,-3773.205
-12847.41,-12239.55,-23872.68,-6907.634999999999,709.6949999999999,-29460.555,-11549.205,-3788.1
-12847.095,-12235.005,-23870.07,-6912.045,716.4,-29453.489999999998,-11551.814999999999,-3795.39
-12835.394999999999,-12225.689999999999,-23860.844999999998,-6905.34,728.91,-29433.69,-11517.029999999999,-3783.915
-12803.265,-12189.689999999999,-23822.594999999998,-6865.29,775.395,-29375.82,-11429.64,-3748.185
-12794.13,-12180.914999999999,-23813.415,-6854.759999999999,788.22,-29358.675,-11398.005,-3732.975
-12802.5,-12191.67,-23825.295,-6868.3949999999995,772.785,-29383.065,-11438.055,-3744.18
-12805.244999999999,-12191.58,-23823.225,-6866.639999999999,772.605,-29395.035,-11468.564999999999,-3755.43
-12810.96,-12198.6,-23828.129999999997,-6871.905,765.5849999999999,-29406.105,-11478.779999999999,-3762.855
-12821.265,-12213.855,-23845.364999999998,-6889.86,748.395,-29418.704999999998,-11478.555,-3764.97
-12831.57,-12226.859999999999,-23854.364999999998,-6902.955,734.5799999999999,-29417.129999999997,-11470.77,-3767.355
-12835.17,-12230.55,-23859.18,-6903.045,737.145,-29414.114999999998,-11473.92,-3770.73
-12834.135,-12227.445,-23859.405,-6901.65,739.62,-29415.87,-11475.675,-3772.035
-12829.859999999999,-12224.34,-23857.829999999998,-6904.215,735.0749999999999,-29423.565,-11487.33,-3768.5699999999997
-12831.435,-12225.869999999999,-23860.17,-6908.535,729.63,-29431.26,-11498.13,-3774.7799999999997
-12826.574999999999,-12219.119999999999,-23851.934999999998,-6899.94,739.755,-29418.12,-11477.925,-3771.315
-12822.435,-12216.015,-23848.11,-6895.71,742.23,-29417.625,-11470.59,-3765.1499999999996
-12823.965,-12220.064999999999,-23853.96,-6900.974999999999,738.36,-29422.305,-11476.845,-3767.1299999999997
-12822.48,-12219.48,-23852.52,-6901.83,741.06,-29411.954999999998,-11474.369999999999,-3767.67
-12820.455,-12215.295,-23849.37,-6900.525,741.1949999999999,-29417.309999999998,-11471.49,-3763.98
-12824.369999999999,-12216.645,-23849.145,-6899.8949999999995,741.15,-29419.739999999998,-11466.9,-3762.18
-12827.925,-12225.914999999999,-23863.68,-6911.37,734.895,-29421.945,-11473.02,-3763.665
-12827.295,-12219.39,-23851.8,-6901.92,744.0749999999999,-29409.93,-11473.289999999999,-3765.69
-12830.22,-12217.68,-23846.805,-6902.46,742.41,-29412.809999999998,-11477.88,-3770.8199999999997
-12829.41,-12219.57,-23850.27,-6903.675,743.175,-29411.82,-11477.43,-3768.615
-12827.97,-12221.234999999999,-23862.51,-6906.599999999999,739.89,-29414.969999999998,-11477.385,-3766.9049999999997
-12827.07,-12214.215,-23847.48,-6887.745,746.1899999999999,-29417.175,-11479.59,-3768.8399999999997
-12825.855,-12209.445,-23835.96,-6879.42,752.5799999999999,-29418.075,-11481.39,-3768.93
-12823.064999999999,-12213.945,-23848.379999999997,-6892.469999999999,748.98,-29417.265,-11477.52,-3763.35
-12822.885,-12214.529999999999,-23850.405,-6900.344999999999,739.845,-29422.71,-11481.029999999999,-3762.6299999999997
-12820.455,-12210.84,-23848.695,-6903.134999999999,734.13,-29426.309999999998,-11484.855,-3762.72
-12822.3,-12212.64,-23843.204999999998,-6899.264999999999,737.9549999999999,-29420.37,-11482.289999999999,-3765.42
-12825.63,-12211.199999999999,-23839.92,-6892.514999999999,750.6899999999999,-29406.914999999997,-11477.744999999999,-3767.9849999999997
-12826.17,-12212.73,-23849.73,-6901.38,747.855,-29408.355,-11479.455,-3767.625
-12827.25,-12213.63,-23852.385,-6911.82,745.47,-29411.91,-11481.48,-3769.1549999999997
-12826.484999999999,-12213.765,-23854.5,-6917.355,744.165,-29413.664999999997,-11482.74,-3768.5249999999996
-12825.945,-12213.945,-23852.114999999998,-6916.95,741.8249999999999,-29416.23,-11484.135,-3768.345
-12825.765,-12214.17,-23850.945,-6905.79,741.78,-29416.32,-11483.82,-3767.7599999999998
-12825.314999999999,-12214.215,-23849.82,-6881.8949999999995,742.725,-29417.715,-11484.539999999999,-3768.0299999999997
-12823.605,-12214.664999999999,-23856.03,-6887.7,745.0649999999999,-29414.789999999997,-11483.145,-3766.5899999999997
-12823.965,-12213.765,-23850.855,-6890.715,746.235,-29412.765,-11483.01,-3765.33
-12830.4,-12219.75,-23846.129999999997,-6894.719999999999,736.29,-29424.285,-11494.619999999999,-3766.0049999999997
-12835.89,-12229.83,-23860.53,-6911.415,720.36,-29439.18,-11508.525,-3768.0299999999997
-12840.84,-12234.689999999999,-23867.19,-6917.445,715.23,-29442.87,-11516.625,-3774.7349999999997
-12840.435,-12233.744999999999,-23864.85,-6913.889999999999,722.88,-29430.0,-11502.225,-3776.49
-12833.279999999999,-12225.195,-23854.004999999997,-6901.83,738.0,-29411.73,-11475.81,-3771.045
-12820.859999999999,-12206.115,-23834.879999999997,-6883.245,756.405,-29402.414999999997,-11473.74,-3766.3199999999997
-12825.675,-12213.18,-23844.465,-6894.945,743.04,-29418.344999999998,-11490.119999999999,-3770.2799999999997
-12825.404999999999,-12214.8,-23847.165,-6895.53,743.04,-29416.77,-11481.119999999999,-3767.67
-12816.404999999999,-12204.135,-23836.77,-6884.054999999999,754.6949999999999,-29403.405,-11458.305,-3757.6349999999998
-12818.97,-12206.88,-23839.829999999998,-6890.804999999999,745.875,-29412.629999999997,-11476.035,-3761.865
-12827.25,-12216.105,-23849.19,-6898.679999999999,738.225,-29420.145,-11498.039999999999,-3774.4649999999997
-12835.08,-12223.89,-23857.155,-6906.69,730.62,-29428.739999999998,-11513.07,-3783.33
-12830.76,-12219.705,-23853.645,-6904.3949999999995,731.25,-29430.045,-11513.52,-3778.1099999999997
-12822.525,-12212.055,-23846.579999999998,-6898.23,738.135,-29421.989999999998,-11491.199999999999,-3762.27
-12822.39,-12214.664999999999,-23847.75,-6898.59,740.475,-29413.8,-11467.484999999999,-3757.995
-12826.17,-12219.345,-23848.739999999998,-6904.349999999999,734.4,-29410.875,-11461.814999999999,-3758.625
-12835.619999999999,-12221.234999999999,-23851.53,-6903.315,735.48,-29424.96,-11504.97,-3785.67
-12837.96,-12223.755,-23857.155,-6907.139999999999,731.8349999999999,-29436.93,-11514.195,-3790.4849999999997
-12827.07,-12213.72,-23847.434999999998,-6898.1849999999995,738.63,-29432.655,-11503.305,-3777.2549999999997
-12821.67,-12210.795,-23842.575,-6890.8949999999995,749.475,-29415.69,-11465.189999999999,-3759.8399999999997
-12822.074999999999,-12218.445,-23850.225,-6897.195,747.0899999999999,-29407.004999999997,-11434.23,-3746.7
-12824.189999999999,-12220.785,-23852.655,-6899.8949999999995,745.785,-29408.085,-11449.529999999999,-3756.645
-12819.779999999999,-12209.939999999999,-23841.989999999998,-6889.545,755.235,-29400.254999999997,-11455.65,-3761.685
-12829.725,-12220.605,-23853.015,-6901.38,743.625,-29409.75,-11463.435,-3770.415
-12833.55,-12224.34,-23857.335,-6905.969999999999,740.61,-29413.53,-11462.49,-3773.97
-12830.58,-12222.765,-23855.985,-6905.969999999999,741.51,-29415.96,-11458.845,-3768.435
-12825.63,-12217.005,-23850.315,-6903.63,739.98,-29425.05,-11471.805,-3764.565
-12826.935,-12216.15,-23846.219999999998,-6905.205,735.66,-29426.489999999998,-11476.98,-3767.355
-12826.619999999999,-12215.699999999999,-23845.004999999997,-6898.365,741.645,-29428.785,-11476.98,-3769.515
-12823.695,-12212.369999999999,-23842.844999999998,-6897.465,743.4449999999999,-29424.96,-11470.904999999999,-3766.3199999999997
-12828.914999999999,-12222.27,-23852.204999999998,-6899.264999999999,748.845,-29410.469999999998,-11467.8,-3765.285
-12835.439999999999,-12236.67,-23868.225,-6916.815,733.905,-29420.37,-11483.055,-3771.0899999999997
-12835.935,-12233.025,-23867.145,-6927.03,720.0899999999999,-29434.14,-11495.564999999999,-3775.9049999999997
-12834.269999999999,-12226.994999999999,-23862.105,-6913.53,734.985,-29421.18,-11480.31,-3774.42
-12829.814999999999,-12215.07,-23842.079999999998,-6889.23,755.73,-29403.18,-11457.72,-3767.4449999999997
-12824.189999999999,-12207.555,-23836.5,-6891.21,750.285,-29411.774999999998,-11465.145,-3763.35
-12827.835,-12217.185,-23850.765,-6903.134999999999,740.385,-29422.89,-11472.48,-3765.915
-12829.859999999999,-12221.91,-23854.725,-6902.775,742.635,-29422.754999999997,-11472.57,-3766.185
-12833.189999999999,-12228.795,-23859.945,-6906.105,738.0899999999999,-29426.85,-11475.9,-3768.075
-12829.949999999999,-12222.404999999999,-23856.165,-6905.655,738.18,-29421.945,-11474.055,-3766.23
-12825.449999999999,-12209.58,-23845.32,-6896.745,748.26,-29411.1,-11472.21,-3766.545
-12824.324999999999,-12207.15,-23836.14,-6896.88,747.405,-29403.09,-11472.84,-3767.58
-12828.779999999999,-12217.41,-23845.59,-6914.969999999999,739.935,-29405.475,-11476.439999999999,-3770.325
-12831.029999999999,-12218.625,-23853.42,-6915.195,748.035,-29407.23,-11474.1,-3770.055
-12832.38,-12217.545,-23848.785,-6912.224999999999,740.8349999999999,-29416.094999999998,-11476.935,-3770.685
-12833.505,-12224.564999999999,-23857.245,-6905.925,732.24,-29425.77,-11480.76,-3769.92
-12832.064999999999,-12224.564999999999,-23859.45,-6905.565,732.42,-29427.48,-11480.13,-3769.02
-12831.345,-12221.865,-23852.34,-6912.719999999999,742.86,-29417.579999999998,-11472.93,-3767.085
-12831.795,-12221.055,-23843.114999999998,-6913.53,746.1,-29415.69,-11471.535,-3768.165
-12830.805,-12222.404999999999,-23865.434999999998,-6919.965,745.3349999999999,-29415.015,-11472.93,-3769.605
-12827.564999999999,-12218.13,-23853.239999999998,-6925.95,741.285,-29413.89,-11472.84,-3767.7149999999997
-12831.84,-12228.21,-23879.925,-6970.275,727.0649999999999,-29419.245,-11476.89,-3771.495
-12834.359999999999,-12231.449999999999,-23908.95,-6974.955,733.9499999999999,-29415.645,-11478.105,-3773.205
-12833.64,-12223.26,-23872.184999999998,-6948.9,736.11,-29420.37,-11482.335,-3770.91
-12833.324999999999,-12224.34,-23864.445,-6924.33,724.14,-29433.87,-11487.869999999999,-3768.165
-12832.56,-12221.145,-23827.23,-6851.835,725.67,-29434.14,-11487.555,-3765.915
-12838.005,-12225.869999999999,-23832.405,-6867.134999999999,720.27,-29436.704999999998,-11488.455,-3767.58
-12843.855,-12232.125,-23849.504999999997,-6893.73,718.8299999999999,-29442.51,-11502.494999999999,-3776.805
-12852.314999999999,-12239.234999999999,-23863.454999999998,-6907.7699999999995,711.855,-29458.17,-11540.07,-3795.2549999999997
-12852.314999999999,-12236.805,-23863.545,-6906.915,717.93,-29455.02,-11543.355,-3803.7599999999998
-12842.055,-12227.895,-23857.155,-6901.875,726.0749999999999,-29441.52,-11518.199999999999,-3792.105
-12836.88,-12222.494999999999,-23850.899999999998,-6894.675,738.9449999999999,-29417.67,-11469.779999999999,-3777.705
-12840.39,-12225.6,-23852.07,-6893.1449999999995,745.155,-29404.844999999998,-11452.545,-3776.9849999999997
-12832.605,-12213.72,-23840.055,-6882.12,755.1899999999999,-29402.414999999997,-11467.619999999999,-3780.72
-12829.904999999999,-12212.82,-23843.43,-6889.455,746.91,-29415.059999999998,-11475.855,-3779.415
-12820.859999999999,-12204.72,-23836.094999999998,-6883.5599999999995,755.505,-29402.73,-11435.085,-3758.49
-12821.445,-12208.77,-23841.719999999998,-6888.96,750.735,-29405.114999999998,-11421.404999999999,-3749.58
-12825.0,-12212.955,-23845.454999999998,-6893.594999999999,745.875,-29416.364999999998,-11442.555,-3756.87
-12828.689999999999,-12218.22,-23850.045,-6896.655,742.68,-29421.765,-11451.779999999999,-3760.515
-12833.144999999999,-12224.654999999999,-23855.355,-6900.03,740.295,-29421.629999999997,-11455.425,-3763.665
-12832.019999999999,-12222.18,-23854.364999999998,-6899.804999999999,741.105,-29417.895,-11457.18,-3767.04
-12830.13,-12218.039999999999,-23851.125,-6901.514999999999,736.6949999999999,-29422.079999999998,-11464.47,-3768.12
-12825.404999999999,-12215.205,-23848.739999999998,-6898.7699999999995,738.18,-29425.23,-11470.23,-3760.1099999999997
-12830.085,-12222.045,-23856.57,-6908.715,725.535,-29442.42,-11493.585,-3762.45
-12834.494999999999,-12227.715,-23864.85,-6918.525,714.6899999999999,-29460.69,-11520.045,-3768.795
-12840.164999999999,-12231.765,-23869.53,-6923.25,710.8199999999999,-29463.03,-11516.22,-3776.355
-12841.425,-12226.275,-23860.754999999997,-6910.065,729.27,-29436.84,-11477.07,-3782.6549999999997
-12840.975,-12223.845,-23857.2,-6903.315,741.015,-29416.32,-11451.015,-3783.105
-12837.195,-12223.215,-23858.55,-6905.429999999999,739.755,-29414.07,-11447.82,-3777.5699999999997
-12834.63,-12226.095,-23863.77,-6910.335,734.13,-29419.11,-11450.25,-3772.665
-12828.285,-12219.525,-23858.145,-6909.795,730.935,-29422.98,-11449.619999999999,-3764.43
-12826.755,-12209.445,-23831.504999999997,-6896.969999999999,735.0749999999999,-29398.5,-11447.955,-3766.68
-12829.59,-12211.83,-23829.03,-6890.849999999999,742.3199999999999,-29392.515,-11447.1,-3767.895
-12834.359999999999,-12221.505,-23854.635,-6900.615,742.68,-29415.239999999998,-11458.664999999999,-3770.5049999999997
-12832.65,-12218.895,-23855.175,-6904.08,736.92,-29423.61,-11469.195,-3772.4849999999997
-12831.39,-12219.119999999999,-23849.415,-6902.415,733.8149999999999,-29423.475,-11470.635,-3770.64
-12832.785,-12220.064999999999,-23850.0,-6901.29,736.155,-29426.265,-11469.51,-3770.37
-12830.67,-12216.96,-23848.245,-6896.969999999999,742.23,-29423.789999999997,-11463.705,-3766.725
-12828.824999999999,-12214.89,-23845.23,-6895.889999999999,743.805,-29421.585,-11461.095,-3765.7349999999997
-12834.404999999999,-12223.89,-23854.23,-6897.78,745.785,-29418.434999999998,-11461.994999999999,-3768.5699999999997
-12832.064999999999,-12226.994999999999,-23859.405,-6900.165,743.13,-29419.155,-11464.965,-3765.645
-12828.24,-12220.74,-23857.29,-6913.844999999999,732.78,-29423.385,-11469.15,-3764.0699999999997
-12829.275,-12213.404999999999,-23849.145,-6912.2699999999995,742.095,-29416.05,-11468.115,-3769.065
-12826.394999999999,-12210.164999999999,-23846.489999999998,-6911.775,742.725,-29413.754999999997,-11465.91,-3767.4449999999997
-12829.859999999999,-12217.77,-23851.305,-6906.6449999999995,739.305,-29419.739999999998,-11468.43,-3768.345
-12832.965,-12222.359999999999,-23847.93,-6885.09,741.9599999999999,-29422.664999999997,-11469.869999999999,-3769.29
-12831.164999999999,-12218.265,-23848.065,-6885.945,743.805,-29422.934999999998,-11470.994999999999,-3768.795
-12827.295,-12214.395,-23844.87,-6893.865,740.8349999999999,-29423.475,-11470.77,-3765.645
-12830.22,-12218.039999999999,-23848.245,-6900.389999999999,735.93,-29425.23,-11471.939999999999,-3768.12
-12830.039999999999,-12220.605,-23862.239999999998,-6907.139999999999,733.095,-29425.41,-11472.705,-3766.995
-12826.17,-12214.935,-23851.71,-6896.925,740.2049999999999,-29418.254999999997,-11469.015,-3762.765
-12828.779999999999,-12213.855,-23843.79,-6894.134999999999,741.735,-29415.555,-11471.805,-3767.265
-12832.064999999999,-12217.455,-23851.215,-6899.849999999999,737.01,-29419.559999999998,-11477.835,-3770.2799999999997
-12835.845,-12223.215,-23855.715,-6905.25,731.97,-29426.94,-11486.295,-3772.2599999999998
-12835.845,-12224.205,-23857.965,-6919.695,726.66,-29433.195,-11491.335,-3771.6749999999997
-12834.494999999999,-12223.935,-23859.09,-6923.429999999999,728.73,-29432.385,-11486.699999999999,-3771.495
-12833.01,-12220.244999999999,-23859.09,-6912.8099999999995,740.8349999999999,-29422.395,-11482.064999999999,-3774.285
-12831.029999999999,-12217.994999999999,-23856.57,-6902.28,739.035,-29425.454999999998,-11483.46,-3774.1949999999997
-12828.914999999999,-12217.77,-23848.92,-6885.224999999999,736.38,-29429.864999999998,-11477.97,-3767.04
-12833.189999999999,-12221.955,-23854.995,-6897.24,732.6899999999999,-29430.809999999998,-11470.77,-3764.6099999999997
-12835.484999999999,-12225.869999999999,-23854.23,-6900.21,735.975,-29421.45,-11454.074999999999,-3763.2149999999997
-12833.64,-12224.115,-23848.155,-6897.105,742.77,-29408.129999999997,-11445.615,-3765.105
-12838.5,-12225.465,-23856.524999999998,-6901.65,741.285,-29415.375,-11475.855,-3781.035
-12839.58,-12225.015,-23860.754999999997,-6902.82,737.055,-29429.145,-11494.035,-3783.42
-12838.68,-12223.664999999999,-23856.795,-6909.84,725.4449999999999,-29444.579999999998,-11499.93,-3778.56
-12831.074999999999,-12219.615,-23853.69,-6907.905,728.865,-29440.575,-11480.625,-3763.17
-12834.9,-12228.255,-23860.844999999998,-6910.335,727.605,-29440.844999999998,-11476.305,-3763.35
-12832.289999999999,-12220.605,-23852.835,-6904.9349999999995,734.5799999999999,-29430.45,-11466.314999999999,-3770.7749999999996
-12823.74,-12208.59,-23840.594999999998,-6892.514999999999,749.52,-29413.395,-11448.945,-3763.125
-12826.17,-12211.965,-23841.405,-6891.3,751.68,-29411.73,-11449.395,-3765.24
-12823.335,-12210.615,-23838.795,-6887.7,758.2049999999999,-29396.565,-11426.67,-3758.265
-12824.279999999999,-12211.109999999999,-23839.785,-6889.32,755.28,-29401.289999999997,-11437.56,-3761.685
-12830.265,-12218.58,-23848.379999999997,-6899.219999999999,742.995,-29418.254999999997,-11458.845,-3764.835
-12835.619999999999,-12226.185,-23856.84,-6909.344999999999,731.475,-29432.789999999997,-11475.045,-3768.12
-12841.38,-12232.619999999999,-23862.42,-6913.9349999999995,726.615,-29441.25,-11486.205,-3774.42
-12847.904999999999,-12238.064999999999,-23862.329999999998,-6918.255,719.145,-29446.065,-11502.99,-3787.245
-12838.68,-12225.375,-23849.37,-6902.639999999999,736.38,-29433.42,-11492.865,-3785.22
-12823.605,-12206.88,-23833.079999999998,-6884.28,755.28,-29423.969999999998,-11483.505,-3777.93
-12814.335,-12198.734999999999,-23823.945,-6872.3099999999995,768.42,-29407.364999999998,-11455.74,-3763.08
-12814.289999999999,-12200.805,-23825.43,-6871.545,772.11,-29392.515,-11418.029999999999,-3747.6
-12816.99,-12203.55,-23833.89,-6884.009999999999,758.16,-29402.055,-11432.835,-3753.99
-12825.404999999999,-12216.689999999999,-23849.325,-6900.389999999999,741.9599999999999,-29414.204999999998,-11448.225,-3764.475
-12830.22,-12229.92,-23865.254999999997,-6915.825,728.415,-29420.145,-11446.515,-3763.44
-12830.039999999999,-12226.59,-23859.54,-6915.195,724.635,-29419.02,-11450.564999999999,-3766.185
-12828.33,-12215.88,-23847.165,-6898.41,740.52,-29414.789999999997,-11453.58,-3768.075
-12829.59,-12222.359999999999,-23858.91,-6910.335,732.42,-29426.85,-11459.564999999999,-3769.1099999999997
-12829.365,-12221.505,-23854.815,-6907.995,730.98,-29431.71,-11464.289999999999,-3769.6949999999997
-12830.894999999999,-12221.234999999999,-23847.57,-6891.884999999999,747.855,-29420.954999999998,-11459.385,-3769.47
-12829.365,-12218.31,-23847.39,-6892.65,747.045,-29420.91,-11458.619999999999,-3769.74
-12825.9,-12208.994999999999,-23833.844999999998,-6886.755,749.0699999999999,-29417.309999999998,-11457.539999999999,-3768.21
-12826.935,-12211.47,-23835.105,-6887.429999999999,750.24,-29412.405,-11457.225,-3768.39
-12828.779999999999,-12216.465,-23840.055,-6897.33,741.735,-29414.25,-11460.465,-3769.2
-12829.05,-12221.55,-23851.35,-6905.88,737.37,-29416.545,-11461.77,-3768.705
-12826.215,-12220.65,-23853.329999999998,-6903.495,737.37,-29412.09,-11458.664999999999,-3766.185
-12829.545,-12218.49,-23845.815,-6893.19,744.5699999999999,-29415.645,-11461.23,-3770.2799999999997
-12830.039999999999,-12216.914999999999,-23843.43,-6890.759999999999,747.63,-29417.445,-11461.275,-3770.8199999999997
-12826.71,-12219.39,-23851.44,-6903.179999999999,738.5849999999999,-29423.565,-11462.22,-3765.1949999999997
-12826.439999999999,-12222.225,-23860.26,-6914.384999999999,728.055,-29432.43,-11467.664999999999,-3765.375
-12830.22,-12216.869999999999,-23847.254999999997,-6904.125,734.22,-29430.045,-11471.67,-3772.5299999999997
-12830.939999999999,-12213.99,-23841.0,-6889.139999999999,753.2099999999999,-29411.864999999998,-11461.41,-3771.27
-12827.34,-12217.545,-23850.719999999998,-6895.755,750.645,-29408.579999999998,-11457.045,-3765.33
-12828.375,-12221.279999999999,-23856.12,-6900.884999999999,744.39,-29412.18,-11460.195,-3766.815
-12827.835,-12215.52,-23849.01,-6899.985,745.92,-29412.27,-11462.265,-3769.1099999999997
-12830.58,-12214.574999999999,-23849.73,-6912.2699999999995,744.615,-29413.305,-11463.615,-3772.17
-12828.689999999999,-12214.71,-23851.44,-6924.554999999999,738.63,-29420.1,-11465.145,-3769.47
-12828.734999999999,-12218.4,-23856.165,-6918.389999999999,735.12,-29428.379999999997,-11468.925,-3769.1549999999997
-12829.635,-12220.92,-23855.94,-6903.54,729.18,-29438.954999999998,-11475.765,-3770.0099999999998
-12834.945,-12228.75,-23867.055,-6929.235,717.12,-29449.664999999997,-11482.65,-3773.16
-12835.215,-12222.675,-23853.78,-6920.28,735.48,-29434.364999999998,-11472.57,-3773.3849999999998
-12834.99,-12222.314999999999,-23852.024999999998,-6913.9349999999995,740.115,-29427.885,-11469.914999999999,-3773.295
-12834.18,-12226.814999999999,-23862.555,-6904.844999999999,741.78,-29416.59,-11457.314999999999,-3772.62
-12831.119999999999,-12220.154999999999,-23845.41,-6866.865,749.16,-29411.594999999998,-11457.314999999999,-3772.395
-12831.029999999999,-12220.785,-23846.579999999998,-6879.78,739.62,-29425.635,-11474.865,-3769.6499999999996
-12837.42,-12226.68,-23855.355,-6895.98,734.985,-29428.515,-11477.88,-3776.22
-12833.595,-12220.289999999999,-23849.37,-6891.48,740.2049999999999,-29424.645,-11475.494999999999,-3778.02
-12832.92,-12222.225,-23853.42,-6897.195,736.38,-29423.34,-11456.955,-3775.365
-12825.9,-12211.875,-23843.565,-6886.665,749.16,-29411.684999999998,-11439.045,-3767.9849999999997
-12825.765,-12210.029999999999,-23841.855,-6885.945,748.53,-29415.78,-11449.215,-3770.1
-12833.414999999999,-12220.02,-23852.204999999998,-6898.679999999999,735.3,-29432.565,-11473.56,-3777.345
-12838.32,-12228.164999999999,-23859.585,-6908.219999999999,725.67,-29442.6,-11487.734999999999,-3779.1
-12838.365,-12230.369999999999,-23861.745,-6910.29,723.51,-29443.094999999998,-11489.13,-3781.35
-12834.09,-12223.484999999999,-23852.52,-6898.139999999999,738.9449999999999,-29423.52,-11469.96,-3782.205
-12821.13,-12208.23,-23836.725,-6880.86,759.105,-29399.129999999997,-11441.25,-3766.545
-12821.13,-12205.89,-23834.745,-6879.87,758.655,-29402.64,-11451.51,-3772.2149999999997
-12819.51,-12204.99,-23833.215,-6878.429999999999,759.645,-29403.539999999997,-11443.814999999999,-3765.7799999999997
-12829.365,-12219.66,-23849.325,-6895.3949999999995,742.4549999999999,-29418.704999999998,-11446.335,-3764.25
-12837.195,-12227.895,-23858.415,-6905.474999999999,730.2149999999999,-29436.164999999997,-11469.869999999999,-3772.2149999999997
-12837.33,-12227.445,-23853.375,-6903.855,728.37,-29435.355,-11480.039999999999,-3775.455
-12837.824999999999,-12232.755,-23862.285,-6911.594999999999,724.185,-29436.12,-11471.31,-3774.015
-12832.92,-12228.029999999999,-23861.475,-6906.105,733.545,-29424.195,-11449.8,-3766.995
-12824.82,-12213.494999999999,-23841.899999999998,-6885.675,754.02,-29401.02,-11433.869999999999,-3765.375
-12823.83,-12208.095,-23835.69,-6883.469999999999,753.75,-29399.265,-11432.205,-3764.16
-12828.24,-12215.88,-23843.969999999998,-6889.815,747.81,-29406.149999999998,-11444.715,-3766.815
-12827.789999999999,-12215.654999999999,-23844.329999999998,-6889.95,748.2149999999999,-29407.32,-11447.279999999999,-3765.7799999999997
-12829.68,-12218.49,-23847.57,-6891.255,747.135,-29412.539999999997,-11449.664999999999,-3766.815
-12827.835,-12219.525,-23847.344999999998,-6889.5,748.7099999999999,-29415.42,-11450.16,-3763.89
-12829.095,-12221.82,-23850.765,-6894.0,743.4449999999999,-29421.855,-11453.355,-3765.33
-12826.26,-12214.305,-23845.68,-6897.105,739.5749999999999,-29424.42,-11454.119999999999,-3762.99
-12825.404999999999,-12209.715,-23842.62,-6897.554999999999,739.395,-29423.07,-11456.865,-3766.2749999999996
-12826.664999999999,-12213.63,-23844.195,-6896.79,742.3199999999999,-29417.805,-11458.484999999999,-3769.47
-12829.23,-12219.525,-23846.715,-6899.3099999999995,741.15,-29413.934999999998,-11456.189999999999,-3768.39
-12828.06,-12212.865,-23845.05,-6897.554999999999,744.0749999999999,-29411.594999999998,-11457.404999999999,-3770.19
-12831.164999999999,-12216.195,-23845.995,-6886.08,756.3149999999999,-29401.289999999997,-11452.59,-3771.585
-12834.765,-12224.97,-23852.25,-6894.495,746.685,-29408.67,-11456.055,-3772.44
-12832.019999999999,-12226.545,-23858.46,-6911.28,726.93,-29428.11,-11463.66,-3770.19
-12827.519999999999,-12221.279999999999,-23848.02,-6903.09,732.06,-29427.524999999998,-11460.869999999999,-3765.555
-12828.33,-12218.85,-23854.184999999998,-6903.495,742.3199999999999,-29419.515,-11459.34,-3768.345
-12831.795,-12216.914999999999,-23856.3,-6915.554999999999,737.73,-29422.664999999997,-11466.63,-3773.97
-12832.425,-12215.07,-23849.37,-6916.005,734.13,-29427.614999999998,-11475.09,-3775.77
-12832.244999999999,-12217.23,-23850.0,-6910.11,733.05,-29428.92,-11478.42,-3772.89
-12830.58,-12218.085,-23850.09,-6897.465,726.0749999999999,-29435.129999999997,-11483.324999999999,-3771.4049999999997
-12832.74,-12218.58,-23847.075,-6888.554999999999,733.005,-29422.125,-11467.439999999999,-3773.475
-12832.74,-12218.13,-23847.704999999998,-6893.415,741.6899999999999,-29402.82,-11439.945,-3771.045
-12827.385,-12211.695,-23843.024999999998,-6893.28,749.52,-29398.995,-11438.055,-3767.31
-12828.15,-12212.91,-23846.219999999998,-6901.785,747.135,-29404.89,-11446.74,-3768.66
-12828.105,-12214.395,-23847.84,-6903.99,743.7149999999999,-29409.84,-11450.699999999999,-3766.77
-12830.49,-12218.355,-23851.89,-6900.615,735.5699999999999,-29421.315,-11457.359999999999,-3767.1749999999997
-12836.25,-12223.215,-23851.62,-6888.195,729.27,-29432.25,-11468.564999999999,-3770.64
-12838.59,-12224.97,-23855.445,-6898.365,724.05,-29439.135,-11478.465,-3774.015
-12836.97,-12223.619999999999,-23856.434999999998,-6902.505,726.525,-29433.555,-11473.74,-3772.17
-12835.125,-12221.145,-23852.835,-6895.844999999999,737.595,-29414.52,-11454.435,-3771.4049999999997
-12833.324999999999,-12215.475,-23846.085,-6891.57,741.555,-29410.289999999997,-11458.395,-3774.87
-12841.695,-12227.895,-23860.215,-6908.13,724.365,-29430.945,-11478.914999999999,-3779.865
-12834.99,-12224.654999999999,-23856.93,-6909.48,721.98,-29438.28,-11481.3,-3770.8199999999997
-12831.885,-12220.74,-23854.364999999998,-6909.4349999999995,719.28,-29444.219999999998,-11487.6,-3773.52
-12825.09,-12208.994999999999,-23839.02,-6890.264999999999,743.0849999999999,-29414.655,-11443.59,-3766.095
-12822.615,-12205.619999999999,-23836.274999999998,-6883.83,755.8199999999999,-29396.879999999997,-11415.06,-3762.225
-12826.664999999999,-12206.925,-23836.635,-6882.795,755.685,-29403.719999999998,-11433.375,-3773.835
-12836.205,-12220.289999999999,-23849.82,-6896.295,740.43,-29418.795,-11448.81,-3778.515
-12839.49,-12222.585,-23853.465,-6900.48,734.985,-29425.725,-11468.564999999999,-3785.355
-12831.93,-12213.63,-23846.445,-6895.755,738.63,-29422.53,-11471.355,-3781.845
-12832.064999999999,-12215.295,-23848.559999999998,-6898.005,736.38,-29422.53,-11464.515,-3780.18
-12826.845,-12211.425,-23845.23,-6894.315,740.61,-29416.5,-11445.615,-3768.075
-12823.019999999999,-12212.145,-23850.0,-6902.37,733.185,-29420.01,-11433.96,-3754.305
-12828.96,-12214.305,-23849.415,-6900.03,733.8149999999999,-29421.719999999998,-11440.619999999999,-3765.285
-12830.939999999999,-12213.945,-23841.809999999998,-6893.28,739.17,-29413.844999999998,-11441.88,-3771.0
-12832.38,-12217.904999999999,-23847.704999999998,-6897.6449999999995,735.885,-29422.26,-11447.279999999999,-3771.315
-12831.029999999999,-12216.734999999999,-23849.37,-6899.13,734.895,-29428.02,-11449.935,-3769.92
-12833.685,-12219.029999999999,-23851.98,-6901.38,733.095,-29428.469999999998,-11452.725,-3771.4049999999997
-12829.769999999999,-12214.529999999999,-23849.19,-6897.465,737.8199999999999,-29423.024999999998,-11450.07,-3768.165
-12828.779999999999,-12213.135,-23849.145,-6896.7,739.035,-29420.684999999998,-11450.07,-3768.66
-12834.494999999999,-12219.39,-23854.274999999998,-6899.625,735.93,-29421.27,-11452.68,-3772.62
-12832.199999999999,-12218.715,-23853.375,-6899.3099999999995,737.64,-29419.829999999998,-11451.015,-3770.2799999999997
-12830.13,-12217.904999999999,-23852.024999999998,-6899.58,736.425,-29421.629999999997,-11451.465,-3768.75
-12828.42,-12214.26,-23850.675,-6900.389999999999,734.4449999999999,-29427.21,-11452.949999999999,-3767.4449999999997
-12829.095,-12212.324999999999,-23849.28,-6899.264999999999,735.75,-29429.73,-11454.119999999999,-3768.48
-12832.65,-12212.73,-23844.735,-6891.12,744.2099999999999,-29426.085,-11452.725,-3772.665
-12831.75,-12213.765,-23845.32,-6890.804999999999,744.435,-29423.879999999997,-11451.33,-3770.8199999999997
-12832.064999999999,-12216.375,-23849.01,-6894.45,741.1949999999999,-29425.364999999998,-11453.445,-3771.045
-12828.914999999999,-12214.215,-23847.93,-6894.315,743.0849999999999,-29421.315,-11450.564999999999,-3767.67
-12828.824999999999,-12216.96,-23853.105,-6899.445,738.27,-29420.73,-11450.07,-3766.77
-12828.33,-12218.31,-23852.745,-6904.3949999999995,731.61,-29423.879999999997,-11451.914999999999,-3765.375
-12827.115,-12214.619999999999,-23849.46,-6905.7,730.485,-29425.094999999998,-11453.939999999999,-3765.4649999999997
-12831.48,-12218.625,-23859.855,-6909.795,727.425,-29431.89,-11461.59,-3770.325
-12833.414999999999,-12217.904999999999,-23855.129999999997,-6902.28,729.81,-29437.379999999997,-11468.115,-3771.765
-12836.519999999999,-12221.1,-23855.129999999997,-6900.03,733.9499999999999,-29437.245,-11470.904999999999,-3772.89
-12836.88,-12227.085,-23863.995,-6914.969999999999,720.0899999999999,-29449.53,-11478.06,-3771.99
-12828.24,-12216.914999999999,-23849.504999999997,-6907.95,721.395,-29439.945,-11464.515,-3762.585
-12826.619999999999,-12212.955,-23844.059999999998,-6893.19,737.8199999999999,-29427.93,-11451.33,-3761.37
-12830.22,-12214.89,-23842.934999999998,-6887.88,748.5749999999999,-29412.27,-11435.13,-3765.69
-12825.314999999999,-12210.435,-23842.98,-6893.91,752.22,-29404.934999999998,-11432.205,-3762.855
-12823.154999999999,-12208.32,-23846.219999999998,-6907.545,749.0699999999999,-29409.164999999997,-11443.095,-3764.97
-12827.564999999999,-12213.449999999999,-23854.23,-6919.514999999999,740.88,-29417.265,-11454.255,-3769.74
-12833.685,-12218.535,-23854.274999999998,-6913.215,739.2149999999999,-29422.844999999998,-11465.505,-3773.295
-12837.015,-12222.27,-23852.879999999997,-6898.995,731.0699999999999,-29437.289999999997,-11476.71,-3774.7349999999997
-12836.88,-12221.73,-23847.12,-6885.2699999999995,731.52,-29442.195,-11476.125,-3776.1299999999997
-12830.22,-12216.105,-23847.795,-6887.745,736.38,-29433.239999999998,-11454.705,-3769.83
-12817.755,-12200.805,-23834.7,-6877.53,753.93,-29412.405,-11429.1,-3757.9049999999997
-12819.734999999999,-12200.22,-23829.3,-6873.03,759.6899999999999,-29409.93,-11436.255,-3761.8199999999997
-12826.8,-12210.93,-23841.765,-6886.62,745.47,-29421.899999999998,-11448.314999999999,-3764.565
-12829.185,-12217.77,-23853.059999999998,-6896.384999999999,737.55,-29428.559999999998,-11455.109999999999,-3763.35
-12833.369999999999,-12223.755,-23864.489999999998,-6911.955,729.36,-29434.004999999997,-11462.939999999999,-3767.94
-12833.865,-12221.234999999999,-23861.79,-6917.535,729.72,-29431.98,-11461.5,-3769.83
-12835.89,-12222.27,-23860.53,-6916.7699999999995,728.37,-29433.914999999997,-11461.68,-3772.44
-12830.67,-12219.164999999999,-23856.254999999997,-6908.535,727.605,-29442.195,-11478.555,-3771.4049999999997
-12827.25,-12216.51,-23855.85,-6917.085,726.75,-29447.37,-11488.68,-3771.4049999999997
-12833.189999999999,-12222.314999999999,-23871.645,-6952.32,735.75,-29428.695,-11462.939999999999,-3775.23
-12833.82,-12223.215,-23878.53,-6957.63,745.02,-29406.149999999998,-11417.805,-3767.1299999999997
-12830.67,-12217.949999999999,-23870.745,-6932.745,744.5699999999999,-29412.27,-11422.845,-3765.42
-12829.545,-12211.875,-23850.09,-6887.34,736.155,-29426.579999999998,-11443.005,-3769.245
-12829.14,-12207.465,-23822.82,-6841.844999999999,742.77,-29426.489999999998,-11448.18,-3769.74
-12835.26,-12217.635,-23833.98,-6860.429999999999,737.73,-29429.414999999997,-11453.22,-3772.845
-12833.01,-12221.055,-23845.59,-6880.905,734.985,-29428.739999999998,-11451.779999999999,-3769.47
-12834.675,-12219.615,-23844.87,-6880.995,740.8349999999999,-29426.94,-11452.904999999999,-3772.845
-12832.154999999999,-12216.914999999999,-23844.915,-6882.03,741.87,-29428.875,-11453.355,-3770.2799999999997
-12830.715,-12212.595,-23840.82,-6880.275,742.4549999999999,-29430.629999999997,-11453.355,-3770.5499999999997
-12827.025,-12205.89,-23833.89,-6878.565,743.805,-29431.53,-11452.14,-3768.21
-12826.439999999999,-12206.88,-23836.184999999998,-6880.005,743.535,-29431.754999999997,-11451.645,-3767.4449999999997
-12828.105,-12210.705,-23844.015,-6887.295,739.125,-29433.465,-11453.715,-3767.625
-12831.525,-12214.215,-23846.715,-6890.58,737.4599999999999,-29432.7,-11455.74,-3770.325
-12830.535,-12212.505,-23842.62,-6888.42,739.7099999999999,-29429.504999999997,-11453.535,-3768.93
-12834.09,-12214.98,-23839.965,-6889.86,735.93,-29424.555,-11453.58,-3772.7999999999997
-12832.38,-12211.47,-23834.565,-6886.08,738.18,-29419.92,-11450.43,-3771.0
-12834.18,-12214.845,-23844.329999999998,-6888.554999999999,739.845,-29429.414999999997,-11453.355,-3770.46
-12833.055,-12213.585,-23844.78,-6889.05,741.1949999999999,-29433.87,-11453.22,-3769.6949999999997
-12831.795,-12213.99,-23846.489999999998,-6892.155,737.55,-29441.07,-11455.74,-3770.415
-12833.144999999999,-12215.115,-23850.045,-6896.79,732.105,-29449.35,-11459.564999999999,-3772.5299999999997
-12831.029999999999,-12212.55,-23848.065,-6895.215,733.545,-29449.305,-11457.855,-3770.5499999999997
-12829.949999999999,-12212.595,-23849.684999999998,-6897.105,732.1949999999999,-29449.98,-11456.82,-3769.245
-12829.14,-12208.725,-23843.295,-6891.795,736.9649999999999,-29446.289999999997,-11455.47,-3769.83
-12824.55,-12207.015,-23843.16,-6890.04,740.2049999999999,-29440.754999999997,-11451.555,-3765.825
-12825.72,-12210.21,-23843.835,-6888.375,742.905,-29436.254999999997,-11448.27,-3766.14
-12831.795,-12218.175,-23848.965,-6895.62,735.255,-29445.704999999998,-11457.314999999999,-3769.515
-12832.605,-12220.064999999999,-23846.895,-6898.1849999999995,729.27,-29447.864999999998,-11459.97,-3767.355
-12838.814999999999,-12226.77,-23855.625,-6907.634999999999,720.3149999999999,-29460.645,-11469.015,-3772.395
-12843.585,-12232.035,-23867.28,-6920.639999999999,709.155,-29475.045,-11476.17,-3775.95
-12842.369999999999,-12229.47,-23866.245,-6920.37,710.775,-29469.645,-11464.289999999999,-3774.555
-12832.965,-12213.81,-23846.67,-6900.66,729.9449999999999,-29453.579999999998,-11456.505,-3771.54
-12833.82,-12212.685,-23844.059999999998,-6895.17,734.625,-29453.355,-11463.119999999999,-3776.94
-12830.535,-12214.755,-23846.67,-6896.115,735.48,-29449.305,-11453.67,-3769.47
-12827.925,-12213.09,-23844.735,-6892.469999999999,737.8199999999999,-29444.445,-11444.445,-3763.845
-12829.859999999999,-12214.89,-23847.21,-6896.115,733.14,-29446.695,-11449.08,-3767.67
-12836.43,-12224.97,-23857.649999999998,-6904.9349999999995,727.02,-29451.465,-11450.789999999999,-3771.54
-12838.095,-12224.52,-23856.75,-6903.945,728.595,-29454.075,-11454.795,-3771.045
-12840.029999999999,-12225.42,-23860.035,-6909.66,720.81,-29468.969999999998,-11473.605,-3772.62
-12845.34,-12233.744999999999,-23870.25,-6920.955,706.77,-29490.164999999997,-11496.33,-3778.74
-12841.019999999999,-12226.365,-23862.015,-6912.9,715.4549999999999,-29482.605,-11488.095,-3777.705
-12831.029999999999,-12207.15,-23838.48,-6887.835,742.905,-29449.485,-11450.34,-3773.745
-12825.63,-12201.164999999999,-23830.649999999998,-6875.1449999999995,759.285,-29426.489999999998,-11419.244999999999,-3767.49
-12828.644999999999,-12209.039999999999,-23839.92,-6886.215,747.405,-29435.85,-11423.475,-3764.565
-12830.4,-12214.8,-23846.129999999997,-6895.259999999999,735.525,-29447.64,-11436.119999999999,-3763.89
-12832.83,-12221.73,-23850.0,-6897.87,731.2049999999999,-29450.879999999997,-11440.17,-3765.105
-12829.994999999999,-12221.73,-23850.855,-6901.0199999999995,727.0649999999999,-29455.245,-11443.814999999999,-3761.8199999999997
-12829.32,-12212.1,-23844.915,-6898.995,729.18,-29449.35,-11446.064999999999,-3767.1749999999997
-12825.269999999999,-12205.935,-23844.6,-6890.94,736.6949999999999,-29450.295,-11448.765,-3768.2999999999997
-12829.635,-12208.949999999999,-23843.16,-6888.87,735.93,-29459.789999999997,-11453.67,-3771.27
-12833.189999999999,-12211.02,-23843.7,-6890.175,735.975,-29460.555,-11452.59,-3769.74
-12835.439999999999,-12212.414999999999,-23845.004999999997,-6893.28,733.4549999999999,-29462.129999999997,-11453.13,-3769.02
-12838.005,-12214.035,-23845.995,-6893.6849999999995,733.365,-29462.355,-11453.805,-3770.595
-12838.994999999999,-12215.699999999999,-23847.075,-6893.91,733.77,-29459.7,-11453.265,-3771.0899999999997
-12836.97,-12215.744999999999,-23846.94,-6893.009999999999,734.895,-29457.225,-11451.06,-3769.74
-12836.25,-12217.23,-23848.2,-6893.505,733.68,-29457.765,-11452.185,-3771.45
-12837.105,-12219.074999999999,-23850.225,-6893.955,733.41,-29459.34,-11453.4,-3771.855
-12838.5,-12221.1,-23850.719999999998,-6892.695,735.12,-29460.69,-11453.22,-3772.2149999999997
-12840.345,-12224.43,-23851.575,-6892.2,735.345,-29464.2,-11454.48,-3773.16
-12836.699999999999,-12220.83,-23849.19,-6890.94,736.56,-29464.425,-11452.365,-3771.18
-12831.615,-12216.195,-23846.94,-6890.355,737.8199999999999,-29463.12,-11448.225,-3767.94
-12826.394999999999,-12210.84,-23849.504999999997,-6899.49,727.11,-29471.85,-11453.67,-3766.5899999999997
-12826.755,-12207.24,-23849.91,-6902.235,724.005,-29473.829999999998,-11455.425,-3767.265
-12827.97,-12207.195,-23844.51,-6898.95,725.76,-29463.93,-11451.24,-3768.345
-12831.525,-12211.965,-23849.235,-6897.0599999999995,729.3149999999999,-29464.875,-11452.05,-3770.145
-12834.855,-12216.24,-23855.67,-6903.8099999999995,723.06,-29473.065,-11457.359999999999,-3773.745
-12836.699999999999,-12222.045,-23865.524999999998,-6916.815,709.47,-29487.015,-11466.99,-3773.43
-12841.019999999999,-12228.21,-23872.41,-6926.04,699.39,-29500.289999999997,-11478.689999999999,-3774.24
-12842.595,-12228.75,-23872.32,-6931.349999999999,702.5849999999999,-29502.719999999998,-11485.305,-3775.455
-12847.769999999999,-12237.3,-23885.37,-6955.514999999999,699.345,-29505.555,-11486.07,-3778.875
-12848.67,-12231.359999999999,-23875.379999999997,-6954.4349999999995,710.8199999999999,-29488.635,-11462.355,-3779.19
-12832.965,-12203.145,-23826.915,-6914.34,729.495,-29448.899999999998,-11440.395,-3769.29
-12837.779999999999,-12215.025,-23842.844999999998,-6895.889999999999,723.9599999999999,-29473.829999999998,-11459.295,-3771.855
-12842.865,-12224.925,-23860.575,-6890.264999999999,718.3349999999999,-29489.535,-11466.855,-3776.535
-12829.32,-12209.625,-23847.254999999997,-6875.28,735.93,-29466.045,-11438.55,-3771.585
-12822.029999999999,-12199.904999999999,-23835.42,-6871.094999999999,744.255,-29456.82,-11423.699999999999,-3763.89
-12825.045,-12200.355,-23832.0,-6867.495,749.925,-29454.66,-11430.494999999999,-3764.3399999999997
-12827.789999999999,-12206.564999999999,-23837.265,-6870.42,749.295,-29455.425,-11429.82,-3761.2799999999997
-12827.654999999999,-12207.51,-23840.415,-6874.605,745.56,-29462.129999999997,-11432.609999999999,-3759.21
