ch0,ch1,ch2,ch3,ch4,ch5,ch6,ch7
-12235.859999999999,-12047.67,-23473.079999999998,-6869.34,434.43,-29800.844999999998,-12113.955,-3906.765
-12227.355,-12040.47,-23465.745,-6867.675,447.79499999999996,-29781.765,-12089.609999999999,-3897.495
-12219.525,-12026.564999999999,-23436.855,-6847.469999999999,459.405,-29775.105,-12089.564999999999,-3892.815
-12222.63,-12025.755,-23451.84,-6842.205,459.945,-29779.469999999998,-12101.175,-3896.19
-12222.045,-12020.67,-23451.75,-6808.05,471.555,-29774.204999999998,-12105.09,-3897.225
-12219.57,-12023.145,-23457.239999999998,-6828.255,467.23499999999996,-29773.485,-12103.154999999999,-3891.105
-12220.244999999999,-12026.16,-23452.335,-6828.344999999999,461.43,-29774.34,-12103.65,-3893.1749999999997
-12219.66,-12026.115,-23446.575,-6810.255,465.79499999999996,-29771.504999999997,-12100.949999999999,-3893.895
-12218.895,-12022.244999999999,-23445.629999999997,-6783.255,479.745,-29760.3,-12092.49,-3892.185
-12220.74,-12014.64,-23421.195,-6785.415,473.49,-29774.43,-12113.595,-3899.52
-12221.145,-12021.75,-23439.239999999998,-6812.28,463.40999999999997,-29786.67,-12127.59,-3899.115
-12204.494999999999,-12007.305,-23425.29,-6805.665,468.63,-29774.969999999998,-12117.24,-3885.2549999999997
-12198.914999999999,-12002.22,-23419.215,-6799.995,470.92499999999995,-29764.53,-12093.21,-3875.085
-12201.705,-12001.455,-23416.515,-6790.365,478.53,-29766.015,-12088.395,-3877.74
-12203.369999999999,-12003.615,-23420.114999999998,-6791.985,481.14,-29766.96,-12109.14,-3884.805
-12212.189999999999,-12015.404999999999,-23436.54,-6813.315,465.79499999999996,-29780.46,-12132.539999999999,-3893.49
-12220.244999999999,-12025.305,-23449.59,-6829.5599999999995,466.28999999999996,-29774.655,-12124.619999999999,-3899.295
-12222.045,-12024.045,-23448.645,-6832.665,468.585,-29766.645,-12096.0,-3892.8599999999997
-12202.56,-12006.945,-23432.355,-6816.87,478.08,-29760.03,-12065.58,-3869.595
-12194.865,-11997.494999999999,-23420.475,-6794.594999999999,481.365,-29768.265,-12090.914999999999,-3870.855
-12194.145,-11994.345,-23409.0,-6768.09,485.23499999999996,-29772.09,-12108.285,-3874.9049999999997
-12202.695,-12005.279999999999,-23423.219999999998,-6792.615,475.60499999999996,-29777.445,-12104.279999999999,-3880.17
-12223.755,-12032.055,-23451.795,-6823.215,454.77,-29788.11,-12100.725,-3893.94
-12232.08,-12037.859999999999,-23456.43,-6824.115,456.75,-29783.879999999997,-12102.21,-3906.27
-12231.99,-12036.42,-23456.114999999998,-6824.745,456.57,-29784.239999999998,-12108.645,-3911.85
-12216.465,-12019.545,-23438.79,-6809.985,469.71,-29776.815,-12101.58,-3896.5499999999997
-12211.47,-12017.34,-23437.71,-6809.49,468.04499999999996,-29781.09,-12104.505,-3880.845
-12225.555,-12030.705,-23450.985,-6824.34,452.29499999999996,-29799.539999999997,-12133.619999999999,-3898.395
-12219.48,-12020.805,-23440.68,-6814.08,460.89,-29796.21,-12135.914999999999,-3900.5099999999998
-12233.295,-12037.41,-23457.42,-6831.495,444.69,-29811.87,-12138.66,-3910.725
-12247.65,-12061.439999999999,-23483.114999999998,-6855.705,425.52,-29816.55,-12108.375,-3906.225
-12228.435,-12042.72,-23468.805,-6845.759999999999,440.46,-29801.475,-12099.375,-3887.595
-12188.564999999999,-11995.289999999999,-23426.774999999998,-6812.054999999999,485.46,-29767.59,-12096.314999999999,-3866.895
-12189.869999999999,-11989.035,-23415.614999999998,-6800.625,503.325,-29742.885,-12065.31,-3870.315
-12195.855,-11992.635,-23412.735,-6791.67,499.68,-29740.364999999998,-12053.115,-3872.475
-12195.18,-11992.904999999999,-23411.43,-6776.955,489.59999999999997,-29760.3,-12090.465,-3878.415
-12208.455,-12015.765,-23440.815,-6808.005,457.78499999999997,-29794.77,-12128.805,-3884.625
-12213.855,-12024.225,-23454.36,-6835.455,446.265,-29810.43,-12153.33,-3892.5899999999997
-12220.875,-12026.609999999999,-23452.965,-6842.34,454.905,-29792.16,-12118.59,-3895.29
-12220.154999999999,-12032.91,-23464.8,-6863.219999999999,452.205,-29770.965,-12064.994999999999,-3883.455
-12222.404999999999,-12031.695,-23469.254999999997,-6859.665,466.74,-29754.27,-12046.904999999999,-3885.0299999999997
-12235.32,-12044.34,-23476.14,-6853.905,455.265,-29776.815,-12068.055,-3896.2349999999997
-12243.465,-12056.939999999999,-23480.46,-6849.675,432.81,-29803.905,-12091.994999999999,-3900.1499999999996
-12237.975,-12053.654999999999,-23476.86,-6832.9349999999995,427.905,-29809.17,-12103.875,-3899.7
-12222.855,-12028.14,-23440.725,-6807.24,454.905,-29785.23,-12094.65,-3891.96
-12217.77,-12019.095,-23434.425,-6809.58,473.21999999999997,-29766.645,-12088.89,-3890.0699999999997
-12211.425,-12014.685,-23439.69,-6826.32,467.28,-29769.164999999997,-12091.635,-3885.2999999999997
-12201.525,-12002.895,-23423.985,-6809.67,475.695,-29764.17,-12086.01,-3876.8399999999997
-12204.855,-12005.324999999999,-23428.53,-6780.33,483.29999999999995,-29764.62,-12082.185,-3880.08
-12216.689999999999,-12013.695,-23427.405,-6782.535,482.66999999999996,-29770.065,-12092.265,-3891.015
-12226.725,-12028.859999999999,-23442.614999999998,-6817.679999999999,459.945,-29788.605,-12113.055,-3898.2599999999998
-12232.26,-12041.414999999999,-23462.64,-6838.514999999999,445.14,-29800.754999999997,-12127.77,-3901.5899999999997
-12209.22,-12013.695,-23443.29,-6821.55,470.565,-29776.725,-12105.855,-3882.6
-12193.199999999999,-11995.244999999999,-23427.36,-6813.134999999999,484.10999999999996,-29767.995,-12106.395,-3871.7999999999997
-12187.529999999999,-11982.51,-23414.489999999998,-6821.91,490.40999999999997,-29764.53,-12115.755,-3871.665
-12193.965,-11989.574999999999,-23419.395,-6823.349999999999,485.82,-29762.1,-12109.635,-3875.535
-12217.814999999999,-12017.205,-23439.015,-6808.455,463.905,-29770.469999999998,-12105.18,-3895.1549999999997
-12228.57,-12032.46,-23446.754999999997,-6787.665,457.335,-29757.87,-12080.52,-3899.0699999999997
-12224.07,-12028.994999999999,-23440.094999999998,-6770.969999999999,459.04499999999996,-29759.94,-12086.189999999999,-3893.355
-12216.015,-12020.939999999999,-23445.315,-6812.91,460.305,-29775.465,-12098.97,-3887.8199999999997
-12221.955,-12027.015,-23454.045,-6854.219999999999,450.9,-29788.379999999997,-12112.154999999999,-3895.6949999999997
-12231.09,-12033.765,-23456.565,-6828.12,450.495,-29794.86,-12119.895,-3904.83
-12235.05,-12037.59,-23461.559999999998,-6836.175,445.05,-29797.289999999997,-12121.92,-3911.1749999999997
-12227.265,-12031.65,-23455.17,-6828.03,452.43,-29784.555,-12095.46,-3898.125
-12227.535,-12032.414999999999,-23458.094999999998,-6835.455,449.72999999999996,-29783.204999999998,-12092.535,-3894.5699999999997
-12236.805,-12041.055,-23470.739999999998,-6867.764999999999,442.84499999999997,-29794.77,-12131.01,-3910.77
-12242.295,-12048.885,-23485.004999999997,-6888.105,421.74,-29822.445,-12177.314999999999,-3920.895
-12233.52,-12036.105,-23473.53,-6860.025,430.695,-29821.14,-12191.31,-3919.095
-12212.055,-12009.33,-23424.795,-6784.11,476.72999999999996,-29773.395,-12122.865,-3892.68
-12193.109999999999,-11994.21,-23406.885,-6764.445,499.995,-29738.114999999998,-12037.23,-3857.7599999999998
-12185.145,-11985.255,-23411.565,-6792.884999999999,497.655,-29743.199999999997,-12049.154999999999,-3857.58
-12205.439999999999,-12008.07,-23437.26,-6828.4349999999995,465.34499999999997,-29774.565,-12084.795,-3877.605
-12214.98,-12020.175,-23436.495,-6830.235,445.275,-29774.34,-12087.72,-3880.62
-12216.51,-12020.265,-23424.075,-6802.965,453.015,-29755.35,-12072.914999999999,-3880.08
-12209.445,-12008.07,-23404.32,-6787.62,471.59999999999997,-29713.995,-12043.35,-3880.7549999999997
-12192.84,-11985.39,-23378.579999999998,-6763.545,495.0,-29692.215,-12036.33,-3879.18
-12173.895,-11966.67,-23362.965,-6759.315,503.41499999999996,-29689.289999999997,-12034.71,-3865.455
-12173.715,-11971.035,-23385.195,-6779.835,503.865,-29716.425,-12056.715,-3860.64
-12181.68,-11978.1,-23404.815,-6792.3,497.47499999999997,-29756.969999999998,-12112.064999999999,-3869.91
-12203.1,-11997.539999999999,-23424.03,-6807.014999999999,472.32,-29793.015,-12150.945,-3893.4449999999997
-12234.195,-12038.67,-23462.1,-6829.875,437.31,-29813.94,-12139.515,-3910.455
-12240.27,-12047.13,-23465.295,-6823.53,440.59499999999997,-29800.305,-12118.23,-3912.615
-12242.564999999999,-12052.17,-23475.915,-6840.315,438.885,-29787.66,-12092.445,-3908.475
-12254.805,-12073.455,-23505.614999999998,-6876.405,415.16999999999996,-29802.465,-12095.234999999999,-3915.765
-12246.75,-12070.395,-23510.07,-6897.78,403.91999999999996,-29813.85,-12106.664999999999,-3908.0699999999997
-12230.775,-12050.505,-23489.64,-6887.61,413.28,-29810.745,-12112.47,-3890.52
-12217.32,-12019.814999999999,-23447.969999999998,-6838.245,459.09,-29780.82,-12108.105,-3891.1499999999996
-12205.935,-12005.369999999999,-23418.899999999998,-6790.1849999999995,487.215,-29752.695,-12073.185,-3879.72
-12205.215,-12010.59,-23421.69,-6787.98,485.54999999999995,-29748.42,-12048.3,-3869.73
-12220.56,-12033.045,-23460.704999999998,-6820.065,462.10499999999996,-29763.899999999998,-12055.68,-3879.45
-12233.295,-12043.529999999999,-23473.98,-6827.264999999999,450.315,-29782.35,-12083.76,-3896.19
-12233.07,-12042.18,-23467.364999999998,-6841.575,443.43,-29790.09,-12095.82,-3898.4849999999997
-12229.064999999999,-12037.994999999999,-23463.585,-6837.795,448.78499999999997,-29785.094999999998,-12094.38,-3894.975
-12227.175,-12031.875,-23469.434999999998,-6822.495,457.91999999999996,-29781.405,-12095.865,-3895.6499999999996
-12222.045,-12018.689999999999,-23443.155,-6810.165,465.705,-29775.87,-12095.414999999999,-3894.2549999999997
-12213.404999999999,-12001.5,-23405.805,-6794.46,471.91499999999996,-29770.469999999998,-12094.425,-3889.7549999999997
-12216.285,-12010.5,-23426.954999999998,-6805.485,468.315,-29768.355,-12094.38,-3888.99
-12217.32,-12017.88,-23444.46,-6814.62,469.215,-29766.465,-12093.3,-3888.0
-12215.295,-12018.15,-23450.489999999998,-6833.655,468.135,-29767.5,-12091.635,-3885.12
-12215.16,-12020.445,-23458.364999999998,-6855.3,458.775,-29774.25,-12093.57,-3883.545
-12216.105,-12020.13,-23459.489999999998,-6858.495,457.60499999999996,-29776.68,-12095.595,-3885.705
-12217.455,-12019.455,-23469.39,-6877.53,452.43,-29781.135,-12103.154999999999,-3888.72
-12216.195,-12021.029999999999,-23489.145,-6916.545,437.66999999999996,-29795.489999999998,-12128.49,-3890.8799999999997
-12217.05,-12019.32,-23470.965,-6917.985,430.515,-29805.254999999997,-12148.515,-3895.47
-12218.265,-12020.22,-23454.315,-6873.66,436.185,-29800.98,-12146.895,-3897.9449999999997
-12223.395,-12024.539999999999,-23437.485,-6763.1849999999995,461.025,-29778.795,-12109.14,-3897.0899999999997
-12222.63,-12018.869999999999,-23413.545,-6726.195,472.77,-29763.09,-12067.244999999999,-3885.0299999999997
-12210.164999999999,-12007.845,-23420.34,-6774.165,474.47999999999996,-29755.574999999997,-12062.564999999999,-3875.895
-12219.164999999999,-12021.705,-23440.05,-6799.7699999999995,459.53999999999996,-29768.985,-12076.335,-3883.815
-12217.05,-12016.215,-23429.879999999997,-6785.415,466.2,-29772.629999999997,-12086.865,-3887.145
-12199.005,-11994.93,-23408.19,-6764.085,491.13,-29755.53,-12076.605,-3874.9049999999997
-12195.9,-11993.805,-23412.285,-6769.53,491.66999999999996,-29756.34,-12076.695,-3870.585
-12202.38,-11999.52,-23416.559999999998,-6779.474999999999,484.38,-29762.19,-12085.965,-3876.21
-12210.255,-12008.25,-23421.555,-6795.945,470.15999999999997,-29763.539999999997,-12099.375,-3883.995
-12205.755,-12003.39,-23424.344999999998,-6809.355,470.205,-29758.59,-12106.215,-3883.545
-12187.035,-11980.664999999999,-23411.52,-6799.05,490.905,-29756.925,-12118.23,-3877.3799999999997
-12181.005,-11972.744999999999,-23401.575,-6789.69,492.93,-29761.065,-12123.27,-3872.97
-12204.27,-11998.17,-23422.5,-6799.139999999999,468.315,-29783.789999999997,-12132.225,-3887.145
-12239.955,-12042.0,-23458.004999999997,-6813.45,438.12,-29798.91,-12114.045,-3902.04
-12256.38,-12069.765,-23492.879999999997,-6851.16,415.03499999999997,-29808.495,-12100.23,-3905.37
-12231.18,-12036.465,-23461.785,-6827.535,443.15999999999997,-29799.18,-12125.744999999999,-3897.27
-12218.895,-12013.289999999999,-23436.135,-6806.655,461.835,-29793.285,-12136.77,-3899.52
-12223.71,-12020.31,-23444.64,-6817.815,451.305,-29795.715,-12112.74,-3896.5049999999997
-12217.904999999999,-12020.58,-23447.024999999998,-6820.605,450.405,-29788.199999999997,-12091.904999999999,-3884.9849999999997
-12183.525,-11977.875,-23398.11,-6767.054999999999,505.89,-29735.414999999997,-12043.035,-3858.5699999999997
-12142.35,-11929.32,-23344.829999999998,-6721.335,544.905,-29703.465,-12034.17,-3822.21
-12150.314999999999,-11936.07,-23355.405,-6731.325,533.295,-29727.629999999997,-12077.955,-3837.1949999999997
-12195.27,-11985.525,-23402.879999999997,-6781.32,487.03499999999997,-29753.954999999998,-12094.244999999999,-3875.625
-12280.994999999999,-12095.955,-23521.32,-6893.775,388.935,-29812.5,-12098.744999999999,-3919.455
-12329.685,-12156.57,-23586.39,-6955.695,333.63,-29858.489999999998,-12122.189999999999,-3954.645
-12285.0,-12095.414999999999,-23522.445,-6893.639999999999,392.4,-29822.625,-12120.57,-3938.355
-12253.814999999999,-12056.895,-23481.585,-6857.73,427.005,-29805.704999999998,-12119.805,-3917.79
-12242.699999999999,-12047.175,-23473.35,-6851.474999999999,435.73499999999996,-29790.765,-12086.189999999999,-3901.3199999999997
-12220.83,-12024.72,-23453.55,-6827.985,459.71999999999997,-29760.164999999997,-12053.744999999999,-3880.7999999999997
-12219.345,-12020.22,-23445.719999999998,-6817.41,463.85999999999996,-29759.085,-12079.215,-3888.225
-12207.24,-12003.93,-23427.54,-6795.405,481.22999999999996,-29749.59,-12094.335,-3884.805
-12204.539999999999,-12006.675,-23441.445,-6816.24,472.68,-29758.32,-12102.84,-3882.105
-12214.574999999999,-12026.52,-23470.02,-6860.34,449.59499999999997,-29771.864999999998,-12085.785,-3875.94
-12227.355,-12035.789999999999,-23466.239999999998,-6869.429999999999,450.945,-29766.105,-12068.505,-3882.375
-12239.865,-12042.99,-23462.64,-6869.07,431.685,-29784.015,-12078.99,-3897.0
-12247.785,-12056.355,-23480.235,-6844.7699999999995,422.90999999999997,-29799.945,-12093.119999999999,-3900.645
-12233.564999999999,-12039.074999999999,-23462.55,-6826.365,447.21,-29785.68,-12092.039999999999,-3891.825
-12227.445,-12028.23,-23471.684999999998,-6861.735,449.64,-29780.055,-12095.414999999999,-3893.535
-12226.095,-12023.145,-23464.26,-6859.889999999999,451.305,-29774.789999999997,-12096.045,-3894.5249999999996
-12226.005,-12024.494999999999,-23454.945,-6834.6449999999995,448.78499999999997,-29776.32,-12099.645,-3893.31
-12225.689999999999,-12024.99,-23442.48,-6794.594999999999,452.96999999999997,-29775.329999999998,-12101.895,-3893.7149999999997
-12223.98,-12024.675,-23436.09,-6794.415,463.32,-29765.024999999998,-12095.46,-3890.835
-12226.275,-12031.515,-23460.57,-6845.355,453.465,-29760.93,-12093.885,-3892.365
-12222.72,-12022.695,-23453.954999999998,-6868.44,453.15,-29766.465,-12095.369999999999,-3888.855
-12223.08,-12023.055,-23453.64,-6865.514999999999,449.90999999999997,-29779.245,-12100.994999999999,-3889.305
-12223.439999999999,-12026.744999999999,-23454.315,-6852.24,446.66999999999996,-29781.989999999998,-12100.77,-3887.5499999999997
-12220.154999999999,-12018.555,-23441.219999999998,-6798.915,451.48499999999996,-29782.754999999997,-12104.46,-3888.0899999999997
-12217.859999999999,-12007.98,-23424.614999999998,-6762.15,463.54499999999996,-29776.905,-12107.115,-3888.3599999999997
-12222.404999999999,-12016.395,-23427.629999999997,-6752.205,462.10499999999996,-29781.09,-12114.765,-3890.475
-12221.189999999999,-12020.22,-23443.92,-6787.665,451.26,-29788.335,-12130.154999999999,-3890.43
-12220.515,-12023.189999999999,-23461.739999999998,-6861.599999999999,444.465,-29787.254999999997,-12129.029999999999,-3890.8799999999997
-12214.619999999999,-12016.26,-23461.739999999998,-6850.08,461.07,-29765.969999999998,-12100.005,-3884.94
-12214.529999999999,-12014.865,-23456.565,-6842.025,468.0,-29749.68,-12081.734999999999,-3885.12
-12210.885,-12007.755,-23437.71,-6830.19,466.83,-29756.43,-12088.305,-3883.0049999999997
-12204.494999999999,-12000.195,-23429.024999999998,-6806.79,466.65,-29771.82,-12103.02,-3880.2149999999997
-12203.234999999999,-11993.805,-23409.18,-6766.425,476.955,-29774.34,-12110.4,-3883.455
-12223.89,-12016.17,-23422.995,-6785.865,464.445,-29772.945,-12090.6,-3887.415
-12253.05,-12058.199999999999,-23475.555,-6839.82,425.745,-29792.61,-12087.494999999999,-3902.58
-12246.885,-12049.785,-23473.844999999998,-6837.389999999999,427.09499999999997,-29800.26,-12117.105,-3908.9249999999997
-12228.84,-12028.23,-23452.649999999998,-6822.405,439.83,-29800.125,-12133.98,-3897.54
-12220.289999999999,-12016.395,-23439.87,-6813.764999999999,445.59,-29803.004999999997,-12154.59,-3894.5249999999996
-12216.105,-12009.24,-23432.085,-6804.764999999999,460.305,-29781.405,-12133.35,-3894.5249999999996
-12191.939999999999,-11978.055,-23398.245,-6766.785,506.07,-29724.795,-12057.66,-3872.565
-12191.13,-11978.64,-23399.504999999997,-6767.235,508.85999999999996,-29715.885,-12040.515,-3872.25
-12207.6,-12000.06,-23423.715,-6794.73,481.005,-29746.125,-12070.619999999999,-3884.805
-12197.16,-11989.89,-23414.76,-6787.665,489.15,-29747.969999999998,-12085.695,-3872.565
-12198.869999999999,-11993.939999999999,-23419.89,-6792.615,485.145,-29754.585,-12086.279999999999,-3867.435
-12209.895,-12010.005,-23439.42,-6813.36,461.96999999999997,-29775.914999999997,-12093.66,-3876.12
-12213.585,-12012.57,-23440.995,-6814.17,458.72999999999996,-29775.69,-12091.365,-3881.9249999999997
-12237.39,-12042.045,-23469.66,-6837.929999999999,441.81,-29775.6,-12077.64,-3895.1549999999997
-12262.32,-12074.895,-23503.454999999998,-6870.6449999999995,412.10999999999996,-29797.155,-12082.814999999999,-3909.105
-12251.88,-12062.52,-23491.485,-6859.889999999999,420.75,-29797.605,-12101.22,-3904.83
-12236.445,-12041.505,-23469.075,-6838.469999999999,440.55,-29784.015,-12095.775,-3896.595
-12223.71,-12025.529999999999,-23453.864999999998,-6825.195,451.395,-29782.035,-12100.365,-3888.72
-12217.994999999999,-12016.08,-23445.54,-6818.94,456.65999999999997,-29787.614999999998,-12118.904999999999,-3893.49
-12192.705,-11985.84,-23418.54,-6797.925,486.495,-29766.824999999997,-12101.31,-3875.49
-12171.195,-11963.34,-23398.739999999998,-6783.48,512.55,-29738.25,-12069.225,-3855.42
-12181.185,-11982.015,-23420.745,-6807.69,492.21,-29745.675,-12058.47,-3853.71
-12223.664999999999,-12033.0,-23473.485,-6854.849999999999,430.155,-29791.125,-12084.164999999999,-3884.04
-12255.57,-12061.305,-23485.454999999998,-6849.495,412.875,-29808.315,-12104.145,-3912.0299999999997
-12256.74,-12065.355,-23488.155,-6849.855,418.905,-29804.895,-12108.24,-3913.1099999999997
-12234.015,-12033.494999999999,-23465.61,-6829.469999999999,448.28999999999996,-29788.02,-12109.275,-3901.77
-12224.43,-12024.404999999999,-23462.325,-6843.285,454.09499999999997,-29782.754999999997,-12110.265,-3895.83
-12231.539999999999,-12036.555,-23481.045,-6868.665,444.78,-29788.379999999997,-12110.805,-3897.495
-12236.175,-12034.395,-23468.04,-6858.99,440.23499999999996,-29791.53,-12111.615,-3902.895
-12229.56,-12029.49,-23460.524999999998,-6837.705,441.18,-29783.475,-12080.699999999999,-3891.69
-12233.88,-12038.13,-23470.29,-6834.78,439.2,-29786.265,-12081.42,-3893.4449999999997
-12226.59,-12024.585,-23447.07,-6810.75,452.52,-29780.64,-12092.13,-3892.3199999999997
-12228.795,-12024.27,-23446.395,-6813.045,453.28499999999997,-29778.975,-12098.115,-3898.89
-12232.8,-12034.08,-23454.585,-6830.1449999999995,446.265,-29777.355,-12092.984999999999,-3901.23
-12223.529999999999,-12024.045,-23442.84,-6859.62,446.49,-29765.969999999998,-12091.23,-3893.265
-12217.275,-12017.654999999999,-23457.555,-6891.795,444.06,-29769.39,-12103.965,-3890.565
-12218.13,-12025.17,-23484.735,-6896.565,447.97499999999997,-29763.405,-12093.345,-3883.68
-12206.744999999999,-12009.734999999999,-23443.605,-6851.205,453.73499999999996,-29733.03,-12073.68,-3872.8799999999997
-12216.195,-12016.98,-23432.895,-6798.69,450.04499999999996,-29766.78,-12092.49,-3882.555
-12219.975,-12020.939999999999,-23439.42,-6794.1449999999995,450.18,-29786.309999999998,-12102.84,-3880.62
-12220.605,-12019.14,-23427.27,-6775.38,441.81,-29795.399999999998,-12124.215,-3884.895
-12206.385,-12002.76,-23416.965,-6771.825,462.10499999999996,-29780.01,-12114.585,-3879.315
-12192.164999999999,-11982.869999999999,-23408.46,-6777.63,489.28499999999997,-29742.795,-12077.91,-3874.995
-12187.26,-11976.345,-23400.765,-6769.844999999999,503.90999999999997,-29717.864999999998,-12053.609999999999,-3869.685
-12199.23,-11994.975,-23424.704999999998,-6783.525,489.10499999999996,-29730.87,-12070.35,-3874.995
-12216.869999999999,-12019.41,-23451.66,-6803.505,460.935,-29756.655,-12078.18,-3879.9449999999997
-12228.48,-12033.99,-23456.879999999997,-6811.065,442.305,-29773.664999999997,-12077.01,-3879.585
-12204.314999999999,-12006.314999999999,-23430.015,-6788.5199999999995,466.335,-29759.715,-12066.93,-3861.99
-12181.59,-11976.66,-23403.51,-6769.125,489.15,-29755.664999999997,-12091.904999999999,-3851.055
-12186.63,-11977.785,-23405.175,-6772.23,486.135,-29775.239999999998,-12147.84,-3865.995
-12206.97,-11999.295,-23426.594999999998,-6799.41,456.57,-29807.73,-12178.755,-3887.8199999999997
-12212.01,-12004.605,-23432.355,-6804.99,455.66999999999996,-29796.57,-12146.49,-3893.58
-12216.33,-12011.22,-23433.57,-6803.235,465.885,-29754.629999999997,-12077.865,-3889.2149999999997
-12224.52,-12019.994999999999,-23444.055,-6809.085,467.82,-29742.57,-12045.96,-3892.68
-12237.93,-12032.414999999999,-23458.23,-6823.44,454.275,-29757.195,-12056.22,-3908.43
-12250.17,-12054.15,-23482.125,-6846.57,433.16999999999996,-29769.614999999998,-12065.49,-3908.16
-12215.654999999999,-12010.14,-23436.945,-6803.054999999999,472.14,-29753.414999999997,-12096.945,-3890.295
-12166.83,-11947.545,-23373.945,-6743.925,524.0699999999999,-29727.899999999998,-12116.97,-3861.99
-12156.164999999999,-11937.015,-23364.36,-6736.365,527.5799999999999,-29733.164999999997,-12125.07,-3853.17
-12184.064999999999,-11970.9,-23399.504999999997,-6771.96,492.93,-29763.855,-12124.125,-3865.5
-12227.939999999999,-12031.02,-23464.89,-6838.83,434.835,-29794.14,-12079.125,-3880.98
-12218.85,-12021.164999999999,-23454.675,-6825.554999999999,449.01,-29776.949999999997,-12054.869999999999,-3870.54
-12199.005,-11990.34,-23421.015,-6793.514999999999,472.85999999999996,-29770.785,-12100.275,-3870.18
-12188.97,-11974.545,-23405.129999999997,-6776.594999999999,485.055,-29770.065,-12134.654999999999,-3873.4649999999997
-12197.385,-11991.689999999999,-23426.37,-6800.804999999999,461.60999999999996,-29789.235,-12145.455,-3875.49
-12203.64,-11999.699999999999,-23436.09,-6813.945,460.71,-29778.84,-12105.314999999999,-3874.365
-12245.49,-12052.664999999999,-23493.825,-6880.32,421.065,-29788.11,-12076.38,-3891.105
-12288.375,-12106.664999999999,-23549.895,-6941.16,374.175,-29811.105,-12072.465,-3913.1099999999997
-12317.939999999999,-12146.445,-23589.405,-6979.995,334.755,-29834.19,-12082.32,-3933.315
-12285.539999999999,-12107.07,-23537.879999999997,-6907.545,369.585,-29816.1,-12088.71,-3919.8599999999997
-12259.755,-12063.779999999999,-23487.48,-6841.755,428.13,-29783.565,-12092.49,-3915.315
-12244.68,-12045.779999999999,-23475.42,-6834.465,442.08,-29774.655,-12087.72,-3902.3999999999996
-12242.16,-12050.91,-23483.61,-6855.389999999999,428.715,-29776.23,-12080.385,-3897.54
-12240.765,-12053.25,-23499.899999999998,-6874.335,418.275,-29777.129999999997,-12078.09,-3894.8399999999997
-12237.705,-12042.314999999999,-23499.45,-6857.639999999999,434.43,-29771.37,-12088.125,-3897.0
-12229.154999999999,-12024.63,-23470.245,-6840.54,451.305,-29759.445,-12085.199999999999,-3891.915
-12226.904999999999,-12027.869999999999,-23494.59,-6846.389999999999,451.71,-29756.34,-12083.939999999999,-3887.2799999999997
-12224.115,-12034.845,-23518.934999999998,-6860.88,440.145,-29768.085,-12094.38,-3883.5899999999997
-12219.84,-12029.13,-23488.829999999998,-6892.74,438.16499999999996,-29773.53,-12105.765,-3881.0699999999997
-12219.119999999999,-12023.64,-23468.85,-6917.715,439.065,-29772.629999999997,-12108.465,-3884.7149999999997
-12222.09,-12022.289999999999,-23485.68,-6888.599999999999,440.37,-29770.065,-12105.449999999999,-3892.185
-12229.515,-12022.965,-23453.684999999998,-6848.505,448.28999999999996,-29760.975,-12094.154999999999,-3898.4849999999997
-12236.85,-12031.515,-23446.215,-6789.78,442.84499999999997,-29767.59,-12107.295,-3904.875
-12241.619999999999,-12040.56,-23468.715,-6800.175,436.85999999999996,-29778.975,-12123.314999999999,-3908.97
-12232.71,-12027.465,-23443.02,-6798.554999999999,448.74,-29777.489999999998,-12117.645,-3901.545
-12204.855,-11993.805,-23392.395,-6741.99,496.395,-29734.92,-12071.34,-3872.205
-12145.904999999999,-11920.23,-23322.329999999998,-6678.945,565.875,-29686.77,-12074.039999999999,-3841.065
-12125.789999999999,-11898.855,-23314.68,-6684.615,568.7099999999999,-29698.875,-12121.965,-3840.2999999999997
-12149.279999999999,-11920.904999999999,-23340.51,-6698.07,540.135,-29720.43,-12133.529999999999,-3864.285
-12210.93,-12005.279999999999,-23437.079999999998,-6794.099999999999,454.77,-29759.219999999998,-12084.119999999999,-3880.44
-12295.17,-12115.935,-23548.77,-6916.455,352.26,-29831.039999999997,-12099.465,-3917.115
-12287.699999999999,-12099.195,-23525.594999999998,-6899.985,363.06,-29838.914999999997,-12150.494999999999,-3931.3799999999997
-12253.095,-12055.59,-23486.895,-6858.99,397.26,-29825.594999999998,-12170.925,-3916.89
-12242.789999999999,-12042.494999999999,-23470.469999999998,-6837.884999999999,423.35999999999996,-29784.42,-12111.57,-3900.4649999999997
-12246.975,-12051.855,-23480.19,-6845.804999999999,424.44,-29759.355,-12058.244999999999,-3891.1499999999996
-12231.99,-12026.295,-23454.629999999997,-6821.415,449.685,-29747.61,-12085.605,-3898.89
-12212.055,-11996.64,-23421.059999999998,-6793.875,470.25,-29737.98,-12113.279999999999,-3902.58
-12220.289999999999,-12008.835,-23437.305,-6809.94,453.96,-29760.3,-12123.675,-3905.865
-12235.994999999999,-12033.539999999999,-23461.065,-6835.634999999999,442.53,-29751.975,-12086.595,-3894.795
-12257.234999999999,-12066.39,-23500.89,-6880.59,411.075,-29774.879999999997,-12078.99,-3899.43
-12252.42,-12057.615,-23491.215,-6865.5599999999995,426.06,-29769.614999999998,-12076.154999999999,-3901.8599999999997
-12225.42,-12021.164999999999,-23447.835,-6810.12,470.43,-29730.149999999998,-12044.52,-3883.5899999999997
-12220.425,-12015.585,-23435.1,-6784.92,477.04499999999996,-29725.875,-12041.73,-3876.8399999999997
-12219.66,-12014.1,-23439.825,-6800.49,469.26,-29737.664999999997,-12060.494999999999,-3879.45
-12222.494999999999,-12020.355,-23451.12,-6818.849999999999,458.145,-29743.02,-12067.425,-3884.04
-12226.545,-12022.965,-23453.01,-6820.514999999999,454.54499999999996,-29745.899999999998,-12068.91,-3890.205
-12198.465,-11983.994999999999,-23415.57,-6787.8,490.77,-29719.71,-12052.8,-3875.085
-12177.449999999999,-11951.055,-23379.614999999998,-6755.535,524.925,-29699.28,-12054.15,-3869.2799999999997
-12192.66,-11968.154999999999,-23400.945,-6777.719999999999,504.63,-29720.61,-12076.064999999999,-3879.765
-12200.355,-11988.72,-23429.835,-6791.985,481.455,-29736.719999999998,-12085.02,-3877.9649999999997
-12234.33,-12028.365,-23469.84,-6819.66,444.51,-29774.024999999998,-12122.775,-3910.23
-12254.939999999999,-12056.535,-23497.065,-6859.889999999999,414.495,-29807.28,-12159.359999999999,-3922.1099999999997
-12240.045,-12048.435,-23484.555,-6873.03,411.75,-29810.699999999997,-12159.404999999999,-3895.74
-12235.59,-12050.324999999999,-23495.04,-6889.815,407.43,-29800.71,-12118.5,-3875.04
-12225.914999999999,-12038.535,-23488.245,-6877.98,428.98499999999996,-29765.745,-12072.42,-3871.395
-12214.89,-12019.545,-23468.67,-6853.1849999999995,450.99,-29745.18,-12066.57,-3875.7149999999997
-12228.885,-12030.255,-23469.165,-6840.855,440.59499999999997,-29759.489999999998,-12076.605,-3886.245
-12248.955,-12047.355,-23466.645,-6836.985,423.0,-29768.805,-12089.025,-3901.095
-12252.51,-12048.885,-23453.37,-6828.84,411.57,-29767.68,-12096.945,-3905.5049999999997
-12241.17,-12042.045,-23465.43,-6843.554999999999,420.21,-29775.105,-12097.395,-3895.605
-12235.005,-12038.31,-23481.945,-6877.035,423.81,-29784.105,-12098.52,-3889.305
-12229.47,-12027.869999999999,-23475.96,-6876.045,439.965,-29772.495,-12101.49,-3887.46
-12223.89,-12022.425,-23471.64,-6860.7,456.57,-29759.67,-12101.355,-3884.895
-12210.3,-11999.07,-23427.945,-6807.0599999999995,475.38,-29744.324999999997,-12090.689999999999,-3877.1549999999997
-12209.895,-11998.89,-23425.065,-6786.764999999999,467.775,-29747.07,-12090.375,-3877.83
-12219.93,-12013.515,-23437.754999999997,-6775.965,449.90999999999997,-29758.23,-12106.17,-3883.23
-12223.484999999999,-12016.8,-23429.385,-6797.25,434.43,-29761.379999999997,-12125.205,-3887.1
-12226.994999999999,-12024.135,-23444.415,-6833.565,426.15,-29768.355,-12127.14,-3888.0899999999997
-12226.814999999999,-12020.715,-23429.969999999998,-6831.99,432.765,-29739.015,-12097.17,-3887.1
-12223.755,-12013.335,-23424.344999999998,-6815.295,452.43,-29734.92,-12074.4,-3880.305
-12231.63,-12024.99,-23456.07,-6813.09,445.455,-29775.914999999997,-12109.365,-3887.2799999999997
-12224.835,-12018.33,-23451.03,-6822.54,446.31,-29779.875,-12127.275,-3886.515
-12218.49,-12016.08,-23462.325,-6846.255,456.615,-29758.995,-12108.33,-3884.22
-12218.805,-12013.695,-23468.805,-6832.889999999999,472.635,-29738.114999999998,-12080.789999999999,-3888.585
-12207.105,-11991.42,-23431.725,-6808.1849999999995,480.06,-29731.454999999998,-12077.055,-3882.555
-12225.33,-12019.455,-23471.73,-6824.115,450.35999999999996,-29757.285,-12103.064999999999,-3889.2599999999998
-12241.89,-12041.055,-23499.719999999998,-6839.594999999999,439.245,-29769.524999999998,-12121.244999999999,-3900.24
-12234.555,-12026.835,-23445.0,-6804.63,454.635,-29750.67,-12077.64,-3885.5699999999997
-12221.145,-12008.205,-23413.59,-6776.775,473.53499999999997,-29738.204999999998,-12057.705,-3878.0099999999998
-12210.029999999999,-11995.56,-23424.3,-6799.365,478.71,-29740.23,-12072.779999999999,-3874.365
-12221.775,-12017.609999999999,-23458.41,-6845.04,446.66999999999996,-29772.809999999998,-12097.529999999999,-3875.1749999999997
-12219.029999999999,-12016.395,-23456.969999999998,-6840.224999999999,441.27,-29787.03,-12122.82,-3877.02
-12206.699999999999,-11997.27,-23427.809999999998,-6798.0599999999995,463.14,-29771.82,-12129.84,-3877.02
-12213.359999999999,-12002.445,-23424.75,-6787.62,477.405,-29747.07,-12106.484999999999,-3879.45
-12235.994999999999,-12029.984999999999,-23454.0,-6818.625,464.17499999999995,-29740.86,-12080.475,-3889.44
-12249.045,-12047.76,-23478.165,-6846.389999999999,443.115,-29755.934999999998,-12085.965,-3900.015
-12243.645,-12043.755,-23473.89,-6835.634999999999,438.79499999999996,-29762.46,-12086.73,-3896.595
-12243.06,-12042.314999999999,-23468.76,-6820.0199999999995,439.83,-29767.23,-12088.71,-3893.85
-12235.41,-12032.145,-23459.085,-6815.88,452.115,-29758.23,-12083.49,-3891.015
-12222.045,-12017.385,-23438.655,-6802.74,465.255,-29745.405,-12070.529999999999,-3879.315
-12226.68,-12024.314999999999,-23451.57,-6823.71,451.395,-29753.37,-12078.72,-3879.6299999999997
-12229.154999999999,-12024.99,-23461.785,-6832.259999999999,448.56,-29766.195,-12105.18,-3887.5499999999997
-12222.135,-12012.84,-23445.09,-6821.73,456.615,-29766.015,-12107.205,-3886.875
-12231.314999999999,-12021.074999999999,-23450.355,-6824.79,453.555,-29764.485,-12108.914999999999,-3895.47
-12236.715,-12026.88,-23455.485,-6822.495,446.84999999999997,-29774.43,-12124.845,-3899.97
-12246.705,-12044.88,-23480.91,-6845.8949999999995,426.645,-29799.765,-12137.67,-3898.89
-12259.98,-12064.814999999999,-23508.135,-6892.65,402.12,-29819.07,-12128.805,-3904.74
-12234.824999999999,-12032.64,-23474.61,-6863.264999999999,443.205,-29773.395,-12073.41,-3885.93
-12209.625,-12004.064999999999,-23444.504999999997,-6825.285,475.515,-29740.59,-12049.47,-3865.455
-12189.689999999999,-11975.58,-23404.59,-6757.92,504.35999999999996,-29720.969999999998,-12045.375,-3855.87
-12198.824999999999,-11984.49,-23409.135,-6739.5599999999995,492.34499999999997,-29735.19,-12064.77,-3869.37
-12220.064999999999,-12011.355,-23445.405,-6773.13,462.465,-29767.004999999997,-12100.185,-3886.92
-12227.67,-12016.755,-23450.715,-6813.63,452.025,-29782.44,-12124.98,-3895.9649999999997
-12246.975,-12044.295,-23477.355,-6875.775,425.115,-29799.719999999998,-12123.449999999999,-3897.6299999999997
-12256.47,-12056.715,-23493.78,-6872.355,419.445,-29797.289999999997,-12115.574999999999,-3902.04
-12248.414999999999,-12047.76,-23487.434999999998,-6878.79,429.885,-29775.555,-12089.789999999999,-3895.785
-12233.654999999999,-12033.0,-23463.855,-6870.465,442.03499999999997,-29761.245,-12068.775,-3884.895
-12224.07,-12024.99,-23465.879999999997,-6854.264999999999,444.825,-29769.524999999998,-12087.045,-3881.0249999999996
-12223.26,-12022.02,-23475.195,-6808.59,446.175,-29788.289999999997,-12112.289999999999,-3881.52
-12231.404999999999,-12017.34,-23441.309999999998,-6795.54,451.84499999999997,-29794.094999999998,-12124.395,-3888.585
-12242.34,-12037.23,-23469.614999999998,-6837.615,435.91499999999996,-29791.89,-12106.529999999999,-3890.43
-12255.119999999999,-12053.52,-23495.805,-6874.2,414.405,-29800.26,-12101.355,-3902.22
-12249.99,-12042.225,-23485.68,-6859.125,437.66999999999996,-29770.065,-12078.99,-3901.365
-12238.38,-12028.365,-23474.969999999998,-6838.0199999999995,457.965,-29749.184999999998,-12068.685,-3894.705
-12240.449999999999,-12030.21,-23467.77,-6819.525,459.45,-29753.82,-12078.359999999999,-3896.685
-12239.595,-12034.529999999999,-23468.489999999998,-6841.575,450.04499999999996,-29760.48,-12081.15,-3894.2549999999997
-12233.564999999999,-12028.814999999999,-23465.655,-6856.469999999999,445.72499999999997,-29763.585,-12079.89,-3889.71
-12220.47,-12011.49,-23452.335,-6840.045,450.45,-29761.785,-12075.84,-3879.45
-12215.88,-12004.92,-23449.05,-6820.83,459.04499999999996,-29759.489999999998,-12089.295,-3876.12
-12219.164999999999,-12007.08,-23446.305,-6823.53,455.4,-29769.03,-12100.5,-3879.72
-12229.02,-12011.039999999999,-23444.594999999998,-6823.125,449.055,-29784.51,-12122.91,-3891.915
-12230.279999999999,-12014.189999999999,-23444.954999999998,-6817.094999999999,445.68,-29791.98,-12139.695,-3897.045
-12233.744999999999,-12020.175,-23459.67,-6830.099999999999,453.195,-29781.675,-12152.07,-3906.045
-12234.015,-12020.31,-23473.125,-6866.91,454.77,-29763.18,-12132.404999999999,-3907.98
-12240.314999999999,-12031.695,-23484.645,-6879.195,434.43,-29772.225,-12117.869999999999,-3906.225
-12243.734999999999,-12037.635,-23481.27,-6855.165,426.06,-29788.155,-12122.91,-3903.48
-12225.195,-12013.289999999999,-23435.46,-6778.08,455.03999999999996,-29772.629999999997,-12100.59,-3877.74
-12207.06,-11988.135,-23397.12,-6726.42,489.69,-29753.684999999998,-12102.119999999999,-3868.9649999999997
-12204.765,-11984.67,-23403.555,-6751.17,494.01,-29744.64,-12095.865,-3874.185
-12217.5,-12004.064999999999,-23428.934999999998,-6789.78,472.275,-29743.11,-12046.994999999999,-3872.43
-12237.84,-12028.545,-23455.26,-6820.74,445.09499999999997,-29763.945,-12047.535,-3885.705
-12232.439999999999,-12022.38,-23447.25,-6813.045,453.28499999999997,-29761.785,-12055.14,-3879.315
-12213.9,-12003.48,-23429.61,-6792.389999999999,474.03,-29745.36,-12066.66,-3868.56
-12207.914999999999,-11997.135,-23432.04,-6797.205,469.84499999999997,-29757.195,-12090.105,-3869.19
-12224.07,-12011.715,-23444.504999999997,-6812.639999999999,451.44,-29780.28,-12112.605,-3882.1949999999997
-12258.99,-12054.689999999999,-23487.795,-6853.41,413.59499999999997,-29809.754999999997,-12132.765,-3906.99
-12276.675,-12073.095,-23504.895,-6869.655,402.435,-29811.105,-12125.385,-3919.455
-12262.949999999999,-12055.32,-23487.165,-6851.115,424.395,-29789.145,-12104.91,-3913.02
-12233.07,-12020.58,-23453.415,-6818.849999999999,455.35499999999996,-29766.195,-12078.99,-3892.23
-12225.375,-12014.055,-23448.015,-6816.105,454.95,-29773.26,-12079.439999999999,-3883.185
-12233.564999999999,-12023.82,-23460.704999999998,-6831.0,439.74,-29789.055,-12097.845,-3890.7
-12220.064999999999,-12006.314999999999,-23441.85,-6812.73,457.2,-29776.05,-12107.34,-3881.52
-12208.185,-11991.914999999999,-23427.09,-6796.44,475.245,-29758.454999999998,-12102.615,-3873.42
-12218.49,-12006.855,-23441.805,-6812.6849999999995,459.22499999999997,-29768.94,-12094.244999999999,-3879.045
-12237.84,-12033.765,-23471.28,-6855.165,431.09999999999997,-29782.844999999998,-12085.47,-3887.865
-12255.119999999999,-12054.24,-23491.079999999998,-6889.995,414.585,-29786.94,-12084.885,-3901.0049999999997
-12254.355,-12052.215,-23488.245,-6884.054999999999,417.78,-29786.355,-12090.465,-3901.14
-12250.125,-12044.43,-23487.03,-6847.065,435.78,-29778.885,-12084.48,-3896.145
-12247.47,-12037.814999999999,-23471.145,-6808.23,445.455,-29774.34,-12075.795,-3893.7149999999997
-12246.93,-12033.9,-23467.905,-6823.62,437.805,-29788.289999999997,-12096.314999999999,-3897.855
-12229.74,-12013.965,-23451.48,-6819.03,455.085,-29779.469999999998,-12103.244999999999,-3887.73
-12220.965,-12004.875,-23444.82,-6816.0599999999995,459.71999999999997,-29774.43,-12116.295,-3887.19
-12230.279999999999,-12012.255,-23449.77,-6827.67,440.775,-29792.114999999998,-12164.355,-3906.27
-12236.49,-12018.914999999999,-23455.71,-6822.045,436.635,-29806.965,-12178.08,-3913.065
-12244.59,-12029.805,-23468.129999999997,-6831.99,430.91999999999996,-29803.59,-12141.449999999999,-3910.545
-12240.494999999999,-12036.24,-23477.805,-6851.384999999999,436.95,-29768.085,-12045.195,-3880.62
-12211.425,-12002.445,-23437.079999999998,-6815.835,475.56,-29714.535,-11982.689999999999,-3855.06
-12198.689999999999,-11977.244999999999,-23410.62,-6778.304999999999,502.335,-29708.28,-12017.205,-3862.4849999999997
-12218.085,-12002.67,-23437.754999999997,-6791.849999999999,477.945,-29745.855,-12073.32,-3879.765
-12230.1,-12027.465,-23491.215,-6838.29,451.62,-29771.37,-12094.875,-3882.06
-12224.295,-12018.375,-23478.795,-6839.325,455.53499999999997,-29768.94,-12095.82,-3876.12
-12228.164999999999,-12016.305,-23440.41,-6824.88,449.46,-29772.945,-12073.095,-3873.4649999999997
-12256.83,-12050.82,-23469.84,-6837.389999999999,412.60499999999996,-29802.465,-12091.095,-3895.3799999999997
-12273.119999999999,-12071.744999999999,-23507.19,-6865.92,391.005,-29821.815,-12123.045,-3909.555
-12268.305,-12069.99,-23527.89,-6879.33,388.935,-29817.719999999998,-12140.369999999999,-3907.2149999999997
-12254.76,-12054.33,-23523.434999999998,-6871.995,404.775,-29799.765,-12124.215,-3898.62
-12239.324999999999,-12031.605,-23479.29,-6861.195,432.945,-29776.905,-12084.75,-3885.93
-12232.305,-12017.564999999999,-23446.62,-6878.79,445.40999999999997,-29752.875,-12060.359999999999,-3884.04
-12235.68,-12024.63,-23472.629999999997,-6915.33,435.645,-29751.48,-12068.685,-3886.92
-12236.625,-12026.925,-23479.469999999998,-6897.78,430.875,-29767.59,-12082.545,-3887.955
-12236.31,-12022.515,-23451.254999999997,-6818.67,438.84,-29775.059999999998,-12091.5,-3889.2599999999998
-12226.77,-12009.555,-23426.235,-6770.655,463.85999999999996,-29767.32,-12097.71,-3883.815
-12205.845,-11983.949999999999,-23407.695,-6738.795,487.08,-29758.004999999997,-12106.395,-3870.6749999999997
-12207.914999999999,-11991.645,-23418.495,-6775.695,468.81,-29778.21,-12133.529999999999,-3871.7549999999997
-12212.279999999999,-11998.529999999999,-23433.614999999998,-6818.58,449.82,-29792.295,-12144.33,-3875.4449999999997
-12237.345,-12025.71,-23474.745,-6853.545,428.445,-29798.594999999998,-12121.83,-3893.1749999999997
-12263.039999999999,-12050.505,-23488.02,-6853.679999999999,418.185,-29791.35,-12087.539999999999,-3912.39
-12249.945,-12031.605,-23455.395,-6817.005,445.22999999999996,-29764.98,-12071.205,-3905.7749999999996
-12241.935,-12023.64,-23447.835,-6814.8,447.47999999999996,-29773.26,-12092.13,-3900.5099999999998
-12242.025,-12027.42,-23459.94,-6834.465,437.265,-29791.215,-12107.16,-3897.99
-12217.365,-12001.77,-23441.67,-6798.33,466.83,-29765.43,-12083.22,-3871.575
-12195.314999999999,-11975.355,-23406.614999999998,-6746.04,494.37,-29744.145,-12066.074999999999,-3853.98
-12200.625,-11977.38,-23407.739999999998,-6762.87,485.19,-29756.565,-12089.789999999999,-3867.435
-12209.715,-11985.029999999999,-23415.704999999998,-6775.785,483.34499999999997,-29745.045,-12076.515,-3875.4449999999997
-12236.445,-12018.465,-23451.344999999998,-6814.304999999999,452.52,-29762.145,-12089.925,-3897.495
-12238.109999999999,-12019.23,-23453.28,-6818.219999999999,447.93,-29774.835,-12110.22,-3903.12
-12245.355,-12031.47,-23469.12,-6833.115,431.685,-29791.44,-12104.82,-3895.9649999999997
-12266.64,-12061.439999999999,-23503.14,-6868.125,398.43,-29821.995,-12112.289999999999,-3898.71
-12270.689999999999,-12066.255,-23506.335,-6870.014999999999,395.46,-29832.3,-12133.89,-3901.365
-12267.765,-12064.095,-23502.69,-6866.55,402.75,-29816.82,-12107.34,-3900.4649999999997
-12244.859999999999,-12035.205,-23474.655,-6844.139999999999,422.505,-29802.059999999998,-12099.779999999999,-3890.565
-12226.32,-12011.58,-23447.07,-6819.389999999999,446.98499999999996,-29780.64,-12084.84,-3880.035
-12227.445,-12012.48,-23445.09,-6811.5599999999995,463.59,-29749.004999999997,-12047.355,-3878.5049999999997
-12224.16,-12008.88,-23450.265,-6805.3949999999995,476.28,-29731.41,-12039.39,-3876.435
-12230.595,-12015.855,-23463.675,-6837.615,448.38,-29764.079999999998,-12084.885,-3885.39
-12252.645,-12050.189999999999,-23506.739999999998,-6891.84,410.21999999999997,-29799.09,-12105.314999999999,-3897.0
-12250.484999999999,-12046.14,-23500.844999999998,-6884.639999999999,418.635,-29793.465,-12093.93,-3892.815
-12244.635,-12034.98,-23488.649999999998,-6865.83,432.135,-29782.934999999998,-12077.369999999999,-3888.4049999999997
-12243.465,-12028.814999999999,-23463.45,-6819.255,443.47499999999997,-29780.37,-12080.475,-3890.6549999999997
-12225.869999999999,-12005.055,-23430.105,-6798.24,462.24,-29769.84,-12080.52,-3879.495
-12222.765,-12002.265,-23434.695,-6792.255,465.525,-29767.77,-12082.095,-3878.955
-12225.914999999999,-12004.335,-23435.235,-6783.344999999999,466.78499999999997,-29768.129999999997,-12087.585,-3882.915
-12246.21,-12031.244999999999,-23468.535,-6831.719999999999,431.09999999999997,-29796.434999999998,-12109.814999999999,-3897.54
-12262.275,-12052.574999999999,-23495.129999999997,-6869.295,409.40999999999997,-29808.27,-12112.064999999999,-3908.0699999999997
-12253.32,-12039.93,-23484.285,-6860.835,426.645,-29788.92,-12106.574999999999,-3906.585
-12238.695,-12024.99,-23468.219999999998,-6844.59,436.22999999999996,-29775.87,-12093.795,-3897.3599999999997
-12236.895,-12031.515,-23467.23,-6838.155,427.005,-29778.57,-12083.85,-3887.7749999999996
-12238.785,-12034.664999999999,-23476.41,-6825.96,419.53499999999997,-29797.11,-12111.255,-3884.58
-12253.14,-12039.119999999999,-23480.64,-6826.094999999999,421.02,-29807.82,-12122.055,-3897.6299999999997
-12253.904999999999,-12045.015,-23495.355,-6881.715,417.375,-29806.965,-12115.215,-3897.4049999999997
-12244.23,-12029.445,-23474.835,-6876.224999999999,433.8,-29789.864999999998,-12093.074999999999,-3888.9449999999997
-12238.064999999999,-12019.994999999999,-23464.079999999998,-6828.84,446.49,-29775.51,-12076.83,-3884.1299999999997
-12236.85,-12022.47,-23468.94,-6833.969999999999,447.12,-29767.14,-12072.914999999999,-3884.04
-12238.875,-12025.619999999999,-23467.815,-6863.849999999999,438.65999999999997,-29769.795,-12081.465,-3885.615
-12240.314999999999,-12029.039999999999,-23486.489999999998,-6886.215,429.075,-29778.03,-12087.9,-3884.58
-12243.689999999999,-12034.98,-23506.425,-6888.915,430.2,-29784.69,-12094.154999999999,-3884.265
-12239.055,-12032.189999999999,-23508.0,-6872.985,432.945,-29785.094999999998,-12096.765,-3879.855
-12230.324999999999,-12019.904999999999,-23470.29,-6802.0199999999995,451.16999999999996,-29780.504999999997,-12097.935,-3877.47
-12207.734999999999,-11981.475,-23384.745,-6708.87,482.66999999999996,-29765.655,-12095.414999999999,-3867.75
-12181.77,-11943.765,-23353.245,-6700.679999999999,516.105,-29738.07,-12106.71,-3865.725
-12179.609999999999,-11940.39,-23364.989999999998,-6721.155,515.475,-29742.704999999998,-12140.73,-3874.6349999999998
-12198.195,-11959.74,-23387.67,-6745.679999999999,495.35999999999996,-29760.93,-12153.105,-3890.3849999999998
-12230.189999999999,-12004.47,-23436.54,-6796.71,453.87,-29781.809999999998,-12116.07,-3890.0699999999997
-12276.675,-12070.484999999999,-23509.754999999997,-6872.219999999999,386.82,-29823.344999999998,-12097.619999999999,-3900.06
-12277.215,-12069.945,-23512.184999999998,-6874.785,386.64,-29823.57,-12103.74,-3910.095
-12242.205,-12023.505,-23463.315,-6827.8949999999995,431.59499999999997,-29794.454999999998,-12108.869999999999,-3894.2999999999997
-12237.615,-12015.945,-23453.46,-6817.23,445.22999999999996,-29780.324999999997,-12107.43,-3893.94
-12237.3,-12017.25,-23453.01,-6812.91,456.65999999999997,-29755.934999999998,-12068.369999999999,-3886.9649999999997
-12260.205,-12051.045,-23490.719999999998,-6851.88,422.775,-29775.375,-12051.99,-3893.1299999999997
-12281.58,-12079.305,-23522.355,-6884.46,389.15999999999997,-29813.625,-12087.314999999999,-3908.745
-12254.445,-12045.015,-23487.344999999998,-6850.17,418.22999999999996,-29803.995,-12120.93,-3897.6749999999997
-12237.119999999999,-12020.85,-23458.905,-6819.3,447.47999999999996,-29781.27,-12101.265,-3886.47
-12195.494999999999,-11972.205,-23407.92,-6778.8,494.145,-29726.19,-12051.135,-3851.5499999999997
-12178.439999999999,-11948.939999999999,-23374.53,-6770.88,501.525,-29691.405,-12033.404999999999,-3838.8599999999997
-12196.215,-11969.73,-23409.225,-6789.15,487.89,-29734.92,-12078.765,-3862.44
-12218.039999999999,-11996.324999999999,-23438.204999999998,-6806.025,457.38,-29772.899999999998,-12109.23,-3884.04
-12253.365,-12040.875,-23481.18,-6840.315,411.885,-29808.989999999998,-12109.814999999999,-3899.565
-12253.365,-12043.215,-23486.579999999998,-6848.415,423.9,-29789.73,-12084.795,-3891.6
-12258.18,-12050.64,-23494.14,-6859.844999999999,419.66999999999996,-29790.629999999997,-12080.699999999999,-3895.335
-12254.039999999999,-12040.515,-23482.35,-6852.195,429.16499999999996,-29788.515,-12087.09,-3898.665
-12264.525,-12055.365,-23500.665,-6879.599999999999,409.5,-29802.285,-12097.125,-3905.37
-12265.289999999999,-12053.699999999999,-23496.975,-6874.83,411.12,-29802.239999999998,-12102.975,-3908.97
-12259.215,-12049.154999999999,-23494.68,-6872.13,409.68,-29796.84,-12109.365,-3904.47
-12260.97,-12049.92,-23496.165,-6862.094999999999,418.22999999999996,-29789.594999999998,-12106.98,-3907.08
-12250.755,-12034.845,-23487.885,-6867.2699999999995,430.56,-29777.445,-12089.88,-3899.7
-12258.63,-12045.914999999999,-23500.98,-6879.6449999999995,419.265,-29780.684999999998,-12070.484999999999,-3894.48
-12258.314999999999,-12046.949999999999,-23495.265,-6881.804999999999,409.005,-29790.855,-12083.445,-3896.955
-12250.215,-12039.39,-23479.469999999998,-6889.32,402.75,-29798.64,-12093.57,-3893.4449999999997
-12250.755,-12041.414999999999,-23494.14,-6883.065,414.585,-29796.254999999997,-12095.595,-3894.8849999999998
-12240.539999999999,-12023.234999999999,-23465.52,-6836.625,443.07,-29778.254999999997,-12083.67,-3887.19
-12233.835,-12013.38,-23448.645,-6815.295,444.41999999999996,-29774.969999999998,-12081.779999999999,-3881.565
-12235.635,-12020.355,-23484.285,-6853.679999999999,433.89,-29780.055,-12090.375,-3884.22
-12245.984999999999,-12036.869999999999,-23520.105,-6895.844999999999,418.59,-29787.344999999998,-12100.095,-3894.795
-12248.1,-12038.939999999999,-23502.195,-6889.545,414.585,-29791.89,-12107.88,-3895.335
-12246.21,-12025.71,-23456.655,-6812.099999999999,437.35499999999996,-29779.965,-12113.01,-3898.89
-12226.68,-11993.67,-23415.075,-6763.05,465.255,-29762.594999999998,-12114.81,-3888.27
-12213.449999999999,-11980.439999999999,-23402.925,-6746.13,472.995,-29764.754999999997,-12122.414999999999,-3878.5499999999997
-12229.92,-12000.6,-23433.12,-6766.29,458.90999999999997,-29791.079999999998,-12159.18,-3898.305
-12251.34,-12030.795,-23478.795,-6796.755,439.515,-29807.19,-12173.085,-3916.2149999999997
-12244.365,-12023.189999999999,-23467.5,-6790.59,441.71999999999997,-29794.905,-12158.865,-3907.89
-12200.805,-11975.715,-23416.335,-6772.545,485.59499999999997,-29751.93,-12105.225,-3861.4049999999997
-12183.525,-11952.855,-23379.075,-6766.2,506.385,-29731.905,-12076.47,-3842.5049999999997
-12219.029999999999,-11992.814999999999,-23420.204999999998,-6785.594999999999,463.14,-29764.53,-12095.414999999999,-3870.495
-12257.73,-12042.72,-23477.895,-6842.295,420.615,-29778.344999999998,-12066.615,-3893.805
-12260.34,-12049.47,-23488.11,-6853.23,412.91999999999996,-29781.495,-12054.24,-3893.67
-12246.345,-12030.615,-23468.219999999998,-6832.844999999999,434.745,-29764.664999999997,-12059.055,-3886.605
-12231.404999999999,-12004.064999999999,-23437.665,-6802.92,464.445,-29743.739999999998,-12081.914999999999,-3887.415
-12226.32,-11993.58,-23428.89,-6801.255,458.955,-29766.465,-12150.675,-3901.77
-12228.345,-11999.744999999999,-23441.355,-6812.054999999999,448.02,-29791.53,-12164.58,-3902.1299999999997
-12231.404999999999,-12007.8,-23448.239999999998,-6816.599999999999,446.265,-29787.12,-12130.02,-3886.515
-12253.455,-12038.625,-23480.37,-6847.514999999999,417.555,-29803.68,-12124.215,-3889.305
-12246.795,-12026.07,-23468.04,-6835.41,428.805,-29796.254999999997,-12127.77,-3895.4249999999997
-12241.935,-12023.145,-23463.765,-6827.445,444.10499999999996,-29762.684999999998,-12066.75,-3878.055
-12250.305,-12038.445,-23481.0,-6843.24,432.71999999999997,-29755.98,-12026.43,-3876.12
-12270.645,-12056.175,-23498.1,-6859.844999999999,414.53999999999996,-29777.175,-12067.47,-3906.0899999999997
-12302.73,-12099.779999999999,-23545.665,-6907.7699999999995,369.36,-29810.925,-12088.619999999999,-3917.97
-12292.56,-12087.765,-23529.69,-6895.215,381.645,-29789.91,-12079.395,-3911.1299999999997
-12270.869999999999,-12058.83,-23499.989999999998,-6862.545,414.495,-29771.28,-12071.654999999999,-3900.015
-12263.535,-12049.335,-23494.32,-6856.29,419.66999999999996,-29777.67,-12082.59,-3897.765
-12252.555,-12033.18,-23478.12,-6841.71,429.255,-29777.579999999998,-12091.14,-3896.64
-12248.1,-12025.125,-23466.239999999998,-6831.09,439.60499999999996,-29769.164999999997,-12091.5,-3896.1
-12243.15,-12019.365,-23461.695,-6824.835,444.41999999999996,-29769.57,-12098.52,-3890.9249999999997
-12240.99,-12019.59,-23468.175,-6830.37,439.56,-29773.35,-12103.83,-3887.5499999999997
-12245.939999999999,-12028.455,-23484.149999999998,-6844.41,432.35999999999996,-29769.93,-12092.939999999999,-3887.2349999999997
-12245.805,-12030.885,-23485.004999999997,-6856.29,431.37,-29757.375,-12083.939999999999,-3885.345
-12260.34,-12045.06,-23481.18,-6891.705,403.38,-29788.965,-12128.805,-3905.7749999999996
-12264.345,-12056.22,-23530.995,-6918.974999999999,390.41999999999996,-29811.105,-12155.535,-3912.66
-12251.07,-12033.585,-23514.48,-6846.344999999999,425.88,-29796.48,-12135.6,-3899.835
-12253.68,-12034.305,-23495.805,-6824.025,438.79499999999996,-29766.195,-12071.07,-3888.54
-12254.265,-12045.779999999999,-23530.05,-6868.125,424.53,-29764.305,-12069.99,-3888.765
-12243.689999999999,-12025.755,-23504.355,-6872.804999999999,429.3,-29767.094999999998,-12100.41,-3893.49
-12256.335,-12046.59,-23534.235,-6917.625,402.3,-29793.69,-12118.32,-3898.5299999999997
-12258.045,-12042.855,-23499.36,-6875.37,414.18,-29788.245,-12116.25,-3895.065
-12255.57,-12027.914999999999,-23441.805,-6802.469999999999,433.215,-29775.195,-12113.189999999999,-3900.24
-12248.55,-12021.84,-23443.065,-6808.995,434.60999999999996,-29770.245,-12102.3,-3896.46
-12223.439999999999,-11996.82,-23435.82,-6837.57,461.29499999999996,-29728.17,-12047.625,-3870.54
-12217.949999999999,-11990.52,-23437.665,-6844.365,474.97499999999997,-29723.085,-12046.14,-3867.705
-12225.24,-11998.305,-23450.129999999997,-6820.695,472.5,-29742.795,-12072.33,-3875.805
-12234.465,-12006.63,-23445.495,-6806.474999999999,458.28,-29760.12,-12094.56,-3883.2749999999996
-12227.939999999999,-12005.73,-23450.67,-6825.915,456.255,-29748.87,-12091.545,-3875.67
-12217.904999999999,-11994.029999999999,-23444.91,-6839.37,446.76,-29759.895,-12101.58,-3873.33
-12204.81,-11969.189999999999,-23411.43,-6812.955,475.28999999999996,-29744.414999999997,-12106.529999999999,-3870.765
-12211.965,-11974.545,-23402.34,-6784.0199999999995,485.82,-29742.84,-12119.76,-3877.92
-12230.279999999999,-11998.89,-23439.915,-6816.014999999999,443.835,-29791.8,-12143.16,-3886.56
-12256.56,-12033.494999999999,-23478.39,-6843.15,414.135,-29806.289999999997,-12139.74,-3897.18
-12263.175,-12045.914999999999,-23479.965,-6833.07,407.925,-29795.265,-12128.939999999999,-3901.95
-12245.355,-12030.795,-23462.504999999997,-6806.5199999999995,423.315,-29778.614999999998,-12120.75,-3888.54
-12230.189999999999,-12006.539999999999,-23451.434999999998,-6790.365,458.01,-29757.465,-12118.005,-3887.37
-12228.345,-11992.859999999999,-23434.29,-6774.48,478.305,-29743.605,-12097.98,-3887.2799999999997
-12255.21,-12030.93,-23468.129999999997,-6817.815,427.905,-29782.53,-12088.89,-3889.62
-12262.68,-12043.845,-23484.329999999998,-6839.73,411.34499999999997,-29792.295,-12094.289999999999,-3893.265
-12269.07,-12050.955,-23493.105,-6849.315,409.09499999999997,-29786.94,-12094.515,-3903.345
-12258.99,-12038.445,-23481.719999999998,-6840.63,417.87,-29785.635,-12128.67,-3901.725
-12244.949999999999,-12023.46,-23467.184999999998,-6827.13,432.04499999999996,-29773.664999999997,-12129.255,-3888.0
-12248.1,-12026.25,-23469.93,-6831.495,435.51,-29764.215,-12120.57,-3897.54
-12257.775,-12039.029999999999,-23486.67,-6853.815,424.34999999999997,-29767.995,-12103.38,-3904.74
-12264.795,-12046.14,-23494.995,-6867.0,412.10999999999996,-29783.114999999998,-12117.06,-3910.14
-12261.555,-12041.64,-23488.469999999998,-6857.46,413.01,-29796.48,-12137.58,-3904.1549999999997
-12220.695,-11989.664999999999,-23426.82,-6780.78,464.445,-29769.885,-12117.15,-3869.865
-12174.119999999999,-11927.654999999999,-23358.465,-6706.485,540.09,-29701.17,-12066.119999999999,-3846.4649999999997
-12172.185,-11919.689999999999,-23350.004999999997,-6700.545,561.1949999999999,-29670.12,-12057.164999999999,-3855.375
-12210.57,-11973.645,-23411.34,-6768.405,499.95,-29710.98,-12077.189999999999,-3874.5899999999997
-12281.49,-12081.869999999999,-23533.829999999998,-6900.57,376.11,-29797.065,-12090.105,-3900.87
-12309.975,-12121.02,-23578.695,-6943.23,342.27,-29815.739999999998,-12088.574999999999,-3915.27
-12287.835,-12091.005,-23550.434999999998,-6914.969999999999,373.995,-29793.914999999997,-12093.074999999999,-3909.915
-12254.984999999999,-12048.164999999999,-23504.355,-6875.325,405.71999999999997,-29780.055,-12092.49,-3887.0099999999998
-12226.23,-12008.025,-23461.245,-6846.66,441.09,-29763.18,-12091.859999999999,-3868.245
-12229.199999999999,-12007.89,-23471.055,-6878.295,438.65999999999997,-29769.93,-12117.24,-3878.73
-12258.945,-12039.48,-23503.14,-6905.745,410.84999999999997,-29791.53,-12135.06,-3905.2799999999997
-12280.68,-12068.145,-23530.68,-6924.195,381.465,-29814.48,-12136.814999999999,-3918.105
-12275.189999999999,-12066.435,-23516.864999999998,-6884.19,386.955,-29811.555,-12125.295,-3904.9649999999997
-12256.605,-12042.855,-23479.02,-6836.715,415.935,-29794.68,-12119.805,-3892.9049999999997
-12253.68,-12033.494999999999,-23465.204999999998,-6814.349999999999,435.73499999999996,-29778.254999999997,-12109.859999999999,-3896.91
-12253.545,-12030.615,-23453.145,-6780.285,443.96999999999997,-29764.305,-12097.439999999999,-3891.015
-12269.205,-12054.869999999999,-23486.76,-6830.1449999999995,415.97999999999996,-29778.48,-12098.744999999999,-3898.5299999999997
-12271.77,-12058.154999999999,-23498.594999999998,-6851.295,416.34,-29773.71,-12093.119999999999,-3904.83
-12258.494999999999,-12040.83,-23477.85,-6829.245,436.54499999999996,-29761.155,-12093.119999999999,-3900.105
-12259.8,-12044.654999999999,-23486.579999999998,-6837.525,423.09,-29781.135,-12118.23,-3901.5899999999997
-12263.22,-12047.355,-23495.04,-6845.94,410.94,-29801.789999999997,-12142.395,-3906.54
-12261.42,-12042.494999999999,-23480.415,-6841.62,417.73499999999996,-29798.82,-12145.455,-3908.205
-12259.035,-12041.64,-23481.0,-6858.224999999999,418.905,-29776.5,-12105.359999999999,-3898.035
-12250.305,-12030.345,-23477.67,-6873.84,423.27,-29773.754999999997,-12080.205,-3887.055
-12244.41,-12022.244999999999,-23480.28,-6879.375,439.02,-29761.605,-12084.795,-3885.93
-12243.779999999999,-12026.789999999999,-23485.86,-6878.745,437.175,-29757.69,-12080.52,-3881.97
-12244.5,-12028.545,-23481.809999999998,-6852.554999999999,431.955,-29763.27,-12091.725,-3886.785
-12238.965,-12016.529999999999,-23454.495,-6809.535,438.79499999999996,-29767.41,-12104.955,-3886.875
-12233.97,-12002.22,-23437.754999999997,-6791.175,455.03999999999996,-29763.18,-12117.105,-3890.79
-12238.109999999999,-12010.275,-23457.96,-6788.205,463.22999999999996,-29765.699999999997,-12132.09,-3896.73
-12246.21,-12021.75,-23454.629999999997,-6819.57,441.945,-29779.559999999998,-12139.154999999999,-3900.1949999999997
-12264.119999999999,-12048.93,-23504.04,-6879.915,405.63,-29804.355,-12133.215,-3902.265
-12265.38,-12040.965,-23488.469999999998,-6855.12,419.76,-29794.59,-12109.859999999999,-3902.805
-12241.439999999999,-12015.09,-23450.579999999998,-6791.13,446.98499999999996,-29760.48,-12079.305,-3883.95
-12227.939999999999,-12004.02,-23438.969999999998,-6771.554999999999,457.78499999999997,-29744.774999999998,-12075.795,-3869.37
-12228.39,-12005.055,-23447.25,-6820.92,452.25,-29766.329999999998,-12112.515,-3872.8799999999997
-12233.88,-12010.904999999999,-23453.055,-6837.21,439.28999999999996,-29788.245,-12134.744999999999,-3879.27
-12241.755,-12021.029999999999,-23465.43,-6822.675,435.87,-29785.32,-12115.664999999999,-3885.975
-12238.92,-12014.145,-23456.52,-6816.78,454.40999999999997,-29754.945,-12080.654999999999,-3882.24
-12246.21,-12022.605,-23463.135,-6819.75,454.22999999999996,-29749.77,-12075.48,-3886.065
-12242.385,-12016.125,-23471.594999999998,-6817.7699999999995,454.68,-29761.379999999997,-12098.025,-3892.995
-12234.105,-12008.115,-23466.825,-6806.969999999999,463.905,-29759.76,-12092.67,-3886.3799999999997
-12226.365,-11998.664999999999,-23438.61,-6798.195,466.065,-29762.91,-12101.67,-3875.4449999999997
-12223.17,-11990.744999999999,-23415.434999999998,-6790.455,468.67499999999995,-29762.73,-12112.425,-3876.2549999999997
-12242.34,-12017.115,-23453.954999999998,-6819.4349999999995,445.815,-29774.789999999997,-12121.605,-3886.515
-12262.14,-12042.404999999999,-23483.475,-6847.0199999999995,420.79499999999996,-29791.754999999997,-12135.24,-3899.0699999999997
-12241.89,-12016.08,-23456.79,-6824.429999999999,436.905,-29786.309999999998,-12143.25,-3889.89
-12230.64,-12003.66,-23447.16,-6816.69,448.60499999999996,-29779.92,-12135.645,-3883.545
-12216.779999999999,-11986.02,-23430.69,-6803.28,469.16999999999996,-29756.745,-12082.814999999999,-3868.83
-12247.244999999999,-12026.564999999999,-23474.43,-6848.054999999999,435.555,-29766.105,-12041.595,-3875.355
-12301.605,-12089.88,-23534.73,-6906.554999999999,377.955,-29795.445,-12065.67,-3925.7549999999997
-12308.175,-12095.369999999999,-23539.23,-6901.605,373.22999999999996,-29816.594999999998,-12110.805,-3937.5899999999997
-12294.945,-12083.31,-23528.79,-6887.88,390.735,-29813.579999999998,-12114.855,-3922.3799999999997
-12264.57,-12047.265,-23497.02,-6868.844999999999,420.12,-29795.489999999998,-12124.17,-3903.975
-12251.97,-12031.875,-23488.559999999998,-6879.599999999999,420.885,-29794.14,-12124.26,-3891.96
-12251.205,-12032.64,-23488.739999999998,-6871.679999999999,420.3,-29789.504999999997,-12122.505,-3887.8199999999997
-12249.855,-12027.465,-23470.379999999997,-6824.655,436.32,-29770.245,-12107.07,-3889.17
-12225.96,-11998.484999999999,-23435.145,-6780.465,466.83,-29752.289999999997,-12094.965,-3876.615
-12173.49,-11932.244999999999,-23367.465,-6726.42,529.02,-29716.065,-12083.175,-3848.3999999999996
-12175.695,-11933.46,-23375.204999999998,-6752.79,527.13,-29724.12,-12102.975,-3853.2149999999997
-12224.52,-11998.529999999999,-23446.035,-6825.735,464.895,-29771.19,-12130.154999999999,-3876.48
-12298.23,-12100.545,-23553.629999999997,-6937.29,358.965,-29837.789999999997,-12120.615,-3907.08
-12332.475,-12143.789999999999,-23594.579999999998,-6972.344999999999,318.24,-29860.559999999998,-12109.185,-3927.105
-12305.564999999999,-12099.06,-23548.05,-6922.035,377.82,-29809.62,-12088.125,-3921.12
-12279.645,-12058.965,-23507.82,-6873.705,415.84499999999997,-29781.765,-12085.244999999999,-3910.995
-12273.795,-12056.625,-23499.27,-6851.07,415.305,-29790.18,-12101.805,-3906.3599999999997
-12267.314999999999,-12054.465,-23497.829999999998,-6847.605,414.315,-29792.52,-12112.244999999999,-3900.915
-12258.09,-12041.64,-23480.954999999998,-6834.24,423.35999999999996,-29788.605,-12120.164999999999,-3895.9649999999997
-12255.029999999999,-12032.685,-23466.239999999998,-6818.625,433.935,-29783.25,-12117.33,-3897.0899999999997
-12252.195,-12028.455,-23468.985,-6837.57,437.715,-29780.414999999997,-12106.35,-3894.2999999999997
-12261.51,-12045.42,-23493.735,-6859.035,417.28499999999997,-29796.164999999997,-12107.564999999999,-3899.3399999999997
-12267.539999999999,-12047.984999999999,-23482.215,-6837.615,408.28499999999997,-29806.379999999997,-12110.535,-3904.29
-12264.795,-12038.67,-23464.62,-6821.46,423.585,-29800.664999999997,-12126.105,-3906.8999999999996
-12263.58,-12043.395,-23473.98,-6832.08,428.085,-29795.129999999997,-12136.41,-3899.3849999999998
-12251.97,-12035.205,-23472.54,-6838.875,421.60499999999996,-29789.954999999998,-12137.13,-3891.24
-12249.63,-12036.24,-23485.32,-6852.915,416.205,-29785.815,-12113.324999999999,-3890.475
-12250.215,-12046.095,-23545.17,-6865.425,426.51,-29764.62,-12086.145,-3883.8599999999997
-12249.63,-12041.369999999999,-23553.135,-6844.05,440.505,-29765.475,-12096.27,-3886.515
-12252.824999999999,-12033.314999999999,-23472.719999999998,-6836.625,430.38,-29782.89,-12102.84,-3890.475
-12264.164999999999,-12038.175,-23436.18,-6860.025,407.205,-29794.094999999998,-12097.845,-3900.4649999999997
-12256.605,-12033.72,-23468.76,-6854.8949999999995,413.19,-29788.065,-12092.58,-3896.91
-12234.689999999999,-12006.18,-23441.265,-6788.474999999999,450.85499999999996,-29770.965,-12094.154999999999,-3882.555
-12215.115,-11979.72,-23416.965,-6768.54,488.88,-29746.485,-12102.345,-3875.7599999999998
-12213.585,-11975.22,-23407.065,-6762.105,490.09499999999997,-29753.774999999998,-12120.21,-3880.17
-12227.895,-11991.914999999999,-23426.73,-6796.035,463.995,-29776.949999999997,-12142.664999999999,-3891.7799999999997
-12273.75,-12051.765,-23491.89,-6863.175,399.78,-29822.895,-12156.119999999999,-3911.04
-12302.369999999999,-12091.095,-23534.37,-6902.415,362.88,-29847.78,-12163.545,-3930.165
-12271.904999999999,-12052.755,-23496.84,-6864.48,406.84499999999997,-29797.739999999998,-12104.73,-3906.3599999999997
-12250.08,-12031.47,-23477.67,-6849.945,434.925,-29762.504999999997,-12050.82,-3878.91
-12232.439999999999,-12010.095,-23454.765,-6833.5199999999995,460.305,-29753.46,-12057.57,-3868.1549999999997
-12232.619999999999,-12009.779999999999,-23457.329999999998,-6828.255,457.02,-29772.495,-12089.34,-3871.305
-12237.029999999999,-12018.42,-23466.375,-6830.955,439.965,-29787.48,-12096.765,-3872.475
-12237.029999999999,-12015.9,-23459.85,-6820.875,459.0,-29763.315,-12093.255,-3879.45
-12238.92,-12009.15,-23450.489999999998,-6815.61,445.09499999999997,-29770.469999999998,-12095.73,-3887.73
-12255.029999999999,-12030.21,-23472.315,-6837.84,420.84,-29798.82,-12118.59,-3900.24
-12272.85,-12051.09,-23489.774999999998,-6851.61,399.96,-29822.94,-12148.695,-3914.325
-12272.13,-12052.89,-23490.135,-6847.5599999999995,409.95,-29812.32,-12150.045,-3906.765
-12241.215,-12011.805,-23450.355,-6811.92,453.41999999999996,-29774.295,-12140.189999999999,-3896.5049999999997
-12218.939999999999,-11985.93,-23425.965,-6790.23,481.005,-29740.094999999998,-12077.685,-3878.37
-12218.67,-11984.939999999999,-23428.26,-6792.03,479.29499999999996,-29747.879999999997,-12081.195,-3876.5699999999997
-12240.765,-12013.74,-23460.03,-6824.25,443.15999999999997,-29783.699999999997,-12112.515,-3889.035
-12261.06,-12039.119999999999,-23481.945,-6844.995,413.23499999999996,-29813.219999999998,-12136.005,-3901.455
-12243.645,-12018.555,-23458.95,-6822.45,434.60999999999996,-29792.879999999997,-12108.779999999999,-3886.9649999999997
-12250.619999999999,-12023.955,-23466.87,-6831.45,431.55,-29795.85,-12121.83,-3896.865
-12270.689999999999,-12045.555,-23486.625,-6849.2699999999995,415.48499999999996,-29810.295,-12136.904999999999,-3907.305
-12299.49,-12084.435,-23527.754999999997,-6889.23,380.47499999999997,-29825.28,-12139.154999999999,-3928.9049999999997
-12312.314999999999,-12105.765,-23549.309999999998,-6906.509999999999,370.97999999999996,-29812.364999999998,-12095.279999999999,-3928.3199999999997
-12281.715,-12071.34,-23514.704999999998,-6870.69,406.305,-29784.42,-12059.279999999999,-3898.44
-12250.17,-12028.68,-23472.09,-6837.12,431.055,-29782.395,-12089.025,-3886.83
-12264.705,-12045.779999999999,-23491.215,-6858.09,410.895,-29802.735,-12114.314999999999,-3900.96
-12276.045,-12063.96,-23511.69,-6880.41,404.55,-29791.17,-12087.72,-3902.805
-12277.8,-12067.02,-23520.42,-6898.95,403.695,-29790.449999999997,-12079.845,-3903.2999999999997
-12283.74,-12069.404999999999,-23524.605,-6909.84,403.02,-29796.12,-12094.965,-3911.67
-12270.555,-12053.52,-23512.815,-6910.514999999999,411.84,-29789.28,-12100.635,-3904.47
-12262.32,-12040.83,-23490.18,-6892.245,411.255,-29782.215,-12103.83,-3900.6
-12256.83,-12034.439999999999,-23490.045,-6889.995,416.96999999999997,-29784.69,-12113.279999999999,-3897.54
-12246.84,-12028.005,-23490.855,-6885.179999999999,428.35499999999996,-29780.055,-12114.404999999999,-3892.995
-12240.63,-12018.914999999999,-23486.489999999998,-6874.83,433.84499999999997,-29773.98,-12109.814999999999,-3890.6099999999997
-12247.064999999999,-12019.14,-23479.695,-6852.105,442.62,-29768.895,-12102.84,-3894.165
-12254.445,-12026.205,-23462.415,-6812.19,434.96999999999997,-29780.73,-12107.52,-3895.4249999999997
-12273.164999999999,-12051.63,-23480.055,-6818.715,406.16999999999996,-29807.414999999997,-12119.49,-3903.0299999999997
-12271.14,-12052.619999999999,-23479.829999999998,-6811.65,416.96999999999997,-29799.36,-12110.13,-3897.4049999999997
-12264.57,-12044.475,-23477.265,-6811.65,430.60499999999996,-29786.67,-12105.0,-3894.12
-12264.84,-12042.945,-23470.469999999998,-6818.04,428.175,-29787.12,-12109.095,-3898.305
-12262.77,-12040.83,-23465.295,-6833.7,426.10499999999996,-29784.195,-12111.074999999999,-3896.865
-12264.3,-12045.914999999999,-23489.1,-6853.7699999999995,418.14,-29789.28,-12121.154999999999,-3899.115
-12261.779999999999,-12036.734999999999,-23486.625,-6845.13,421.91999999999996,-29789.01,-12131.1,-3901.545
-12259.935,-12029.895,-23470.649999999998,-6830.82,427.275,-29786.85,-12131.145,-3903.0299999999997
-12260.205,-12032.324999999999,-23467.14,-6820.469999999999,429.21,-29785.86,-12116.34,-3899.43
-12259.17,-12037.77,-23479.335,-6835.679999999999,423.405,-29786.895,-12100.005,-3888.315
-12261.015,-12039.885,-23485.05,-6850.3949999999995,413.82,-29803.23,-12118.77,-3889.4849999999997
-12264.525,-12043.845,-23494.545,-6860.025,404.01,-29818.26,-12134.475,-3893.22
-12260.744999999999,-12037.814999999999,-23487.614999999998,-6846.255,416.925,-29807.64,-12130.83,-3892.5899999999997
-12249.99,-12022.965,-23466.329999999998,-6824.295,431.90999999999997,-29792.969999999998,-12128.22,-3891.1949999999997
-12249.18,-12019.455,-23459.219999999998,-6819.344999999999,437.13,-29782.934999999998,-12127.32,-3898.5299999999997
-12254.67,-12026.52,-23468.489999999998,-6828.344999999999,435.33,-29775.239999999998,-12111.57,-3899.79
-12260.205,-12032.1,-23472.45,-6830.28,436.85999999999996,-29768.94,-12092.625,-3897.3599999999997
-12252.869999999999,-12026.97,-23470.515,-6828.03,437.21999999999997,-29773.89,-12106.89,-3894.48
-12236.22,-12004.335,-23446.35,-6812.955,447.12,-29770.739999999998,-12139.515,-3893.7149999999997
-12230.1,-11989.98,-23433.165,-6800.13,455.085,-29787.57,-12184.244999999999,-3904.875
-12235.32,-11998.98,-23443.605,-6809.355,446.35499999999996,-29800.934999999998,-12174.39,-3902.04
-12243.24,-12011.805,-23457.105,-6821.325,445.72499999999997,-29784.239999999998,-12122.1,-3894.345
-12228.21,-11999.52,-23444.504999999997,-6806.429999999999,470.745,-29745.629999999997,-12051.945,-3863.475
-12216.869999999999,-11988.314999999999,-23435.64,-6800.535,472.005,-29749.77,-12056.76,-3856.68
-12203.324999999999,-11965.77,-23412.645,-6775.29,488.835,-29745.809999999998,-12092.939999999999,-3862.845
-12227.22,-11993.49,-23436.719999999998,-6795.495,463.275,-29761.605,-12101.445,-3875.355
-12288.645,-12069.855,-23513.94,-6873.21,387.22499999999997,-29812.905,-12112.154999999999,-3908.43
-12316.185,-12110.67,-23560.155,-6922.755,349.78499999999997,-29833.155,-12102.705,-3916.7549999999997
-12297.24,-12089.88,-23542.605,-6920.865,360.85499999999996,-29836.17,-12131.234999999999,-3905.19
-12266.82,-12049.064999999999,-23500.485,-6878.79,405.63,-29814.164999999997,-12128.625,-3890.43
-12255.029999999999,-12029.939999999999,-23478.93,-6843.105,440.90999999999997,-29781.539999999997,-12105.539999999999,-3892.0499999999997
-12264.93,-12039.795,-23483.925,-6828.884999999999,435.195,-29772.765,-12086.73,-3901.14
-12284.145,-12063.96,-23503.815,-6849.585,398.745,-29806.425,-12106.125,-3912.345
-12291.39,-12072.33,-23517.899999999998,-6875.054999999999,387.27,-29821.5,-12123.404999999999,-3918.1949999999997
-12268.755,-12046.455,-23501.745,-6875.1449999999995,416.29499999999996,-29789.414999999997,-12106.08,-3904.1099999999997
-12251.205,-12026.88,-23491.844999999998,-6882.03,427.68,-29777.67,-12108.465,-3891.015
-12249.539999999999,-12025.755,-23489.145,-6873.929999999999,424.66499999999996,-29782.574999999997,-12114.945,-3891.1949999999997
-12265.289999999999,-12041.01,-23495.94,-6847.11,415.84499999999997,-29791.44,-12123.0,-3902.7599999999998
-12297.824999999999,-12078.945,-23519.745,-6873.03,378.675,-29823.975,-12141.63,-3924.4049999999997
-12292.064999999999,-12076.47,-23523.93,-6889.139999999999,382.14,-29826.135,-12138.029999999999,-3919.815
-12270.465,-12048.57,-23503.635,-6872.715,416.43,-29792.835,-12103.515,-3903.39
-12257.234999999999,-12034.215,-23476.094999999998,-6845.13,435.87,-29775.105,-12079.574999999999,-3884.265
-12251.564999999999,-12029.039999999999,-23467.364999999998,-6848.054999999999,432.35999999999996,-29786.579999999998,-12104.1,-3886.245
-12255.84,-12034.755,-23496.254999999997,-6864.75,417.195,-29799.449999999997,-12119.984999999999,-3891.87
-12267.765,-12047.039999999999,-23532.254999999997,-6875.415,412.155,-29800.98,-12120.164999999999,-3901.545
-12273.119999999999,-12053.43,-23533.02,-6888.78,411.47999999999996,-29789.46,-12098.295,-3899.745
-12273.345,-12054.285,-23517.45,-6905.61,401.35499999999996,-29792.114999999998,-12096.63,-3896.64
-12268.17,-12043.484999999999,-23491.17,-6876.179999999999,402.79499999999996,-29798.19,-12108.375,-3896.955
-12249.765,-12020.535,-23462.55,-6815.835,426.73499999999996,-29787.12,-12101.355,-3884.895
-12242.789999999999,-12010.005,-23435.55,-6773.94,446.13,-29776.995,-12099.195,-3881.8799999999997
-12246.705,-12011.4,-23444.37,-6788.295,452.385,-29763.36,-12110.31,-3887.955
-12248.1,-12011.67,-23435.73,-6805.17,442.03499999999997,-29759.895,-12108.779999999999,-3887.91
-12276.945,-12052.215,-23484.105,-6842.07,417.10499999999996,-29797.155,-12112.38,-3902.895
-12283.244999999999,-12061.484999999999,-23492.295,-6856.74,403.91999999999996,-29803.094999999998,-12115.8,-3906.225
-12272.13,-12044.564999999999,-23496.39,-6840.36,417.28499999999997,-29798.954999999998,-12136.455,-3903.795
-12257.955,-12021.3,-23461.739999999998,-6813.2699999999995,435.73499999999996,-29785.184999999998,-12133.755,-3895.6499999999996
-12250.98,-12014.505,-23448.329999999998,-6812.1449999999995,435.59999999999997,-29775.96,-12112.83,-3890.565
-12251.925,-12016.755,-23451.975,-6814.53,436.54499999999996,-29764.17,-12082.275,-3888.54
-12261.779999999999,-12031.335,-23469.84,-6831.585,427.40999999999997,-29769.48,-12078.675,-3889.7549999999997
-12249.09,-12019.994999999999,-23463.09,-6829.605,433.84499999999997,-29768.985,-12095.505,-3883.9049999999997
-12239.189999999999,-12010.365,-23460.885,-6826.545,437.895,-29773.17,-12113.055,-3881.745
-12234.645,-12003.164999999999,-23461.695,-6822.495,443.835,-29771.64,-12115.71,-3878.73
-12244.095,-12004.785,-23446.754999999997,-6812.46,444.96,-29783.16,-12113.324999999999,-3883.68
-12262.23,-12032.505,-23470.065,-6828.84,423.99,-29799.225,-12107.43,-3883.5
-12268.664999999999,-12045.24,-23489.37,-6848.594999999999,409.77,-29806.289999999997,-12113.55,-3887.64
-12243.689999999999,-12013.38,-23459.355,-6821.415,436.905,-29783.745,-12094.605,-3874.725
-12240.72,-12006.045,-23450.94,-6813.945,446.13,-29769.12,-12079.845,-3880.2149999999997
-12247.02,-12008.52,-23451.57,-6815.205,445.22999999999996,-29775.015,-12113.234999999999,-3896.5499999999997
-12245.715,-12007.574999999999,-23451.48,-6814.889999999999,446.625,-29779.065,-12129.3,-3897.765
-12246.074999999999,-12015.855,-23461.649999999998,-6823.08,443.47499999999997,-29774.655,-12119.22,-3886.1549999999997
-12256.74,-12028.185,-23473.44,-6833.565,433.34999999999997,-29787.93,-12135.24,-3886.515
-12299.445,-12081.914999999999,-23531.985,-6894.9,374.13,-29836.079999999998,-12149.82,-3909.555
-12309.57,-12096.135,-23549.355,-6914.384999999999,351.18,-29856.329999999998,-12152.564999999999,-3921.0299999999997
-12281.039999999999,-12060.765,-23513.355,-6879.915,387.85499999999996,-29820.555,-12116.34,-3902.4449999999997
-12256.154999999999,-12031.65,-23487.524999999998,-6863.4,420.03,-29785.545,-12089.25,-3883.77
-12236.13,-12001.59,-23455.89,-6835.455,452.925,-29763.36,-12101.039999999999,-3882.015
-12218.76,-11978.189999999999,-23429.969999999998,-6804.63,476.19,-29748.87,-12112.064999999999,-3874.455
-12227.76,-11985.119999999999,-23429.969999999998,-6789.78,469.66499999999996,-29755.53,-12125.744999999999,-3888.54
-12234.869999999999,-11989.439999999999,-23425.605,-6771.42,468.18,-29757.329999999998,-12113.73,-3895.92
-12276.045,-12048.84,-23492.25,-6844.094999999999,417.645,-29781.945,-12076.154999999999,-3895.74
-12313.125,-12101.805,-23551.469999999998,-6907.139999999999,362.34,-29829.329999999998,-12112.74,-3909.96
-12304.98,-12087.135,-23536.44,-6896.115,367.065,-29848.184999999998,-12163.949999999999,-3918.105
-12291.93,-12074.22,-23524.29,-6886.98,371.385,-29855.835,-12170.789999999999,-3908.52
-12270.195,-12046.455,-23496.795,-6864.344999999999,398.925,-29831.489999999998,-12142.755,-3894.12
-12253.14,-12025.71,-23479.695,-6852.42,429.435,-29790.765,-12093.39,-3879.4049999999997
-12226.949999999999,-11992.365,-23452.785,-6830.73,471.78,-29737.754999999997,-12045.285,-3864.96
-12239.055,-12005.82,-23472.989999999998,-6865.38,452.60999999999996,-29745.27,-12056.67,-3881.115
-12258.494999999999,-12028.814999999999,-23496.93,-6911.099999999999,426.33,-29763.315,-12068.279999999999,-3890.205
-12285.135,-12066.39,-23531.715,-6959.969999999999,385.335,-29794.995,-12092.13,-3903.165
-12317.4,-12113.145,-23581.305,-6982.29,336.28499999999997,-29849.535,-12146.76,-3922.56
-12311.055,-12097.035,-23539.545,-6870.915,367.335,-29825.414999999997,-12134.789999999999,-3920.49
-12292.154999999999,-12065.175,-23488.605,-6799.634999999999,409.14,-29803.545,-12118.14,-3908.9249999999997
-12277.755,-12049.605,-23491.215,-6849.45,410.58,-29802.149999999998,-12112.289999999999,-3898.395
-12267.539999999999,-12039.48,-23488.829999999998,-6851.655,417.96,-29793.555,-12109.814999999999,-3893.805
-12265.289999999999,-12037.68,-23485.86,-6828.255,429.885,-29779.829999999998,-12103.199999999999,-3894.165
-12267.9,-12041.189999999999,-23489.37,-6826.724999999999,432.495,-29772.405,-12094.064999999999,-3896.055
-12279.15,-12052.98,-23496.57,-6832.98,419.49,-29782.664999999997,-12099.96,-3905.2799999999997
-12277.305,-12047.625,-23480.954999999998,-6829.469999999999,413.28,-29790.495,-12108.42,-3904.9649999999997
-12271.725,-12044.609999999999,-23475.915,-6844.23,404.90999999999997,-29792.024999999998,-12110.445,-3898.395
-12270.33,-12046.095,-23490.45,-6867.63,397.755,-29796.164999999997,-12113.55,-3897.0899999999997
-12268.035,-12040.289999999999,-23488.875,-6868.125,406.26,-29797.379999999997,-12117.24,-3898.395
-12267.449999999999,-12037.68,-23488.605,-6841.9349999999995,438.93,-29788.02,-12125.52,-3901.545
-12270.195,-12033.63,-23478.84,-6810.525,443.07,-29789.504999999997,-12135.465,-3909.33
-12266.955,-12031.92,-23475.059999999998,-6827.264999999999,422.685,-29785.32,-12127.455,-3905.595
-12264.48,-12036.015,-23480.864999999998,-6849.99,412.065,-29776.59,-12107.295,-3892.2749999999996
-12270.33,-12046.275,-23494.094999999998,-6863.355,388.16999999999996,-29803.23,-12126.689999999999,-3893.49
-12269.16,-12044.835,-23498.864999999998,-6853.7699999999995,402.65999999999997,-29803.454999999998,-12157.83,-3902.7149999999997
-12265.515,-12033.045,-23479.11,-6818.085,437.13,-29802.69,-12166.605,-3903.93
-12264.93,-12031.74,-23476.32,-6812.1449999999995,427.995,-29804.985,-12143.34,-3904.245
-12257.055,-12025.755,-23475.015,-6811.155,432.585,-29783.789999999997,-12104.279999999999,-3891.7799999999997
-12245.535,-12012.93,-23464.98,-6844.724999999999,448.56,-29764.844999999998,-12087.314999999999,-3878.37
-12213.18,-11971.305,-23418.809999999998,-6789.87,487.03499999999997,-29746.664999999997,-12104.055,-3866.31
-12213.404999999999,-11973.015,-23416.92,-6767.054999999999,489.645,-29739.824999999997,-12098.609999999999,-3867.0299999999997
-12238.785,-12002.22,-23445.09,-6796.71,464.445,-29749.905,-12095.775,-3883.5
-12255.255,-12020.715,-23461.515,-6815.205,447.255,-29758.905,-12091.32,-3890.16
-12287.564999999999,-12066.795,-23512.41,-6867.99,398.745,-29789.684999999998,-12085.83,-3897.72
-12300.885,-12088.664999999999,-23539.05,-6895.17,372.87,-29811.555,-12107.88,-3901.23
-12277.845,-12059.955,-23510.34,-6870.87,387.81,-29820.69,-12146.939999999999,-3892.365
-12274.74,-12049.83,-23493.465,-6857.55,398.15999999999997,-29811.6,-12156.57,-3896.955
-12289.095,-12065.4,-23507.91,-6866.235,400.32,-29794.454999999998,-12117.645,-3908.0249999999996
-12304.98,-12086.595,-23536.62,-6891.12,384.3,-29795.805,-12099.24,-3922.515
-12292.289999999999,-12069.9,-23522.805,-6883.065,392.805,-29786.579999999998,-12092.85,-3915.4049999999997
-12267.494999999999,-12039.975,-23492.295,-6856.74,421.83,-29770.065,-12095.055,-3894.21
-12253.14,-12022.064999999999,-23475.195,-6843.87,437.66999999999996,-29762.504999999997,-12103.244999999999,-3885.5699999999997
-12258.404999999999,-12024.27,-23475.239999999998,-6844.995,431.90999999999997,-29771.954999999998,-12131.414999999999,-3898.575
-12281.175,-12050.279999999999,-23498.28,-6859.44,402.39,-29800.8,-12156.255,-3919.185
-12309.164999999999,-12084.345,-23529.42,-6878.16,367.56,-29835.135,-12191.22,-3941.685
-12310.74,-12089.385,-23537.07,-6893.054999999999,360.27,-29850.434999999998,-12218.535,-3939.5699999999997
-12289.994999999999,-12064.365,-23514.344999999998,-6878.969999999999,388.8,-29815.965,-12168.585,-3919.14
-12253.725,-12023.234999999999,-23479.065,-6861.42,439.875,-29751.12,-12072.015,-3878.595
-12253.23,-12027.734999999999,-23491.71,-6891.705,431.01,-29749.364999999998,-12051.135,-3869.2349999999997
-12253.23,-12024.72,-23487.795,-6893.775,432.22499999999997,-29752.739999999998,-12074.13,-3880.17
-12246.885,-12015.045,-23469.84,-6867.495,439.78499999999997,-29750.129999999997,-12106.89,-3884.31
-12233.52,-11998.619999999999,-23447.385,-6817.41,460.62,-29738.655,-12101.13,-3875.9849999999997
-12218.85,-11975.535,-23418.045,-6784.155,490.5,-29718.27,-12102.164999999999,-3870.99
-12244.949999999999,-12008.295,-23451.03,-6809.355,452.88,-29749.77,-12108.465,-3880.575
-12289.05,-12067.154999999999,-23507.415,-6848.28,394.02,-29792.655,-12105.99,-3900.4649999999997
-12318.029999999999,-12107.205,-23547.105,-6874.965,364.09499999999997,-29815.289999999997,-12107.835,-3918.33
-12321.99,-12108.645,-23555.79,-6903.54,372.69,-29801.52,-12101.535,-3922.29
-12301.695,-12079.89,-23526.989999999998,-6892.11,390.10499999999996,-29801.295,-12121.92,-3913.6499999999996
-12289.365,-12065.625,-23515.11,-6878.79,401.445,-29805.03,-12130.38,-3906.6749999999997
-12278.52,-12053.835,-23506.469999999998,-6860.07,408.10499999999996,-29803.5,-12128.895,-3899.6549999999997
-12265.875,-12037.14,-23481.629999999997,-6819.389999999999,422.46,-29790.945,-12120.164999999999,-3892.6349999999998
-12271.23,-12039.029999999999,-23470.469999999998,-6809.085,431.59499999999997,-29776.905,-12111.705,-3897.6749999999997
-12264.345,-12031.244999999999,-23460.524999999998,-6818.264999999999,435.41999999999996,-29764.8,-12099.51,-3890.745
-12257.46,-12025.71,-23461.245,-6826.455,436.05,-29768.715,-12113.234999999999,-3883.5
-12277.845,-12054.869999999999,-23507.145,-6863.58,405.765,-29802.96,-12145.635,-3897.45
-12281.895,-12061.439999999999,-23535.855,-6897.554999999999,402.39,-29804.399999999998,-12150.63,-3903.795
-12289.14,-12068.865,-23545.71,-6917.804999999999,401.76,-29795.309999999998,-12123.945,-3908.6549999999997
-12291.435,-12060.539999999999,-23512.364999999998,-6889.7699999999995,398.88,-29809.53,-12134.34,-3913.74
-12298.59,-12065.13,-23509.8,-6873.795,387.99,-29831.535,-12170.654999999999,-3925.44
-12284.145,-12054.555,-23497.605,-6846.075,407.925,-29824.245,-12175.785,-3915.54
-12249.9,-12012.345,-23458.23,-6847.0199999999995,439.155,-29795.489999999998,-12142.035,-3890.475
-12241.035,-12001.545,-23452.425,-6836.445,447.21,-29776.32,-12101.58,-3873.24
-12258.765,-12019.59,-23463.719999999998,-6823.71,444.41999999999996,-29772.765,-12115.395,-3891.24
-12290.895,-12059.505,-23502.96,-6842.655,413.23499999999996,-29794.995,-12149.055,-3923.055
-12290.85,-12062.88,-23503.184999999998,-6833.429999999999,415.125,-29783.879999999997,-12125.789999999999,-3914.955
-12265.064999999999,-12033.99,-23467.635,-6824.384999999999,435.555,-29764.079999999998,-12067.965,-3878.595
-12258.359999999999,-12029.805,-23473.844999999998,-6835.7699999999995,423.63,-29778.39,-12063.689999999999,-3871.44
-12274.74,-12049.515,-23498.864999999998,-6868.9349999999995,416.7,-29782.395,-12071.475,-3884.9849999999997
-12282.39,-12050.775,-23501.565,-6880.32,411.03,-29794.5,-12101.67,-3902.895
-12271.635,-12036.734999999999,-23483.34,-6844.05,420.84,-29803.725,-12124.98,-3902.58
-12254.13,-12019.77,-23450.94,-6789.915,439.10999999999996,-29796.57,-12133.395,-3890.295
-12254.13,-12019.814999999999,-23452.469999999998,-6797.474999999999,444.24,-29784.375,-12116.025,-3888.855
-12264.93,-12027.914999999999,-23466.87,-6811.469999999999,443.25,-29779.11,-12108.51,-3895.4249999999997
-12265.515,-12030.029999999999,-23466.645,-6816.69,435.195,-29793.914999999997,-12118.32,-3891.915
-12268.215,-12042.63,-23487.12,-6838.11,418.22999999999996,-29810.475,-12123.045,-3889.665
-12258.63,-12025.98,-23470.829999999998,-6824.295,428.805,-29810.25,-12143.88,-3890.8799999999997
-12262.635,-12028.365,-23470.245,-6827.219999999999,425.655,-29812.59,-12144.6,-3895.1549999999997
-12275.64,-12043.574999999999,-23487.57,-6846.795,407.34,-29835.405,-12163.455,-3907.5299999999997
-12269.43,-12033.045,-23476.094999999998,-6836.04,416.88,-29836.079999999998,-12168.314999999999,-3909.1499999999996
-12274.47,-12041.369999999999,-23485.094999999998,-6845.355,422.37,-29812.094999999998,-12108.869999999999,-3897.99
-12291.074999999999,-12069.9,-23523.344999999998,-6901.695,396.99,-29808.855,-12061.439999999999,-3890.43
-12289.949999999999,-12074.22,-23532.57,-6921.09,389.655,-29815.559999999998,-12082.59,-3890.9249999999997
-12295.935,-12082.095,-23535.495,-6926.535,375.435,-29835.989999999998,-12121.74,-3903.39
-12287.385,-12069.494999999999,-23522.85,-6897.554999999999,379.53,-29834.235,-12120.164999999999,-3903.795
-12266.955,-12035.295,-23480.1,-6809.94,426.41999999999996,-29800.844999999998,-12085.515,-3888.27
-12257.64,-12019.904999999999,-23457.735,-6796.889999999999,445.995,-29795.94,-12092.49,-3880.44
-12244.59,-12007.755,-23443.245,-6797.25,449.72999999999996,-29799.449999999997,-12106.89,-3872.43
-12252.869999999999,-12011.984999999999,-23441.805,-6812.505,433.34999999999997,-29820.015,-12142.305,-3890.0699999999997
-12252.42,-12004.515,-23440.184999999998,-6803.505,444.555,-29817.27,-12152.564999999999,-3900.1949999999997
-12268.35,-12030.21,-23491.71,-6823.17,433.305,-29818.395,-12127.32,-3904.92
-12292.289999999999,-12068.01,-23542.829999999998,-6866.73,405.04499999999996,-29829.69,-12106.619999999999,-3910.5899999999997
-12294.09,-12076.92,-23539.545,-6874.065,404.72999999999996,-29810.745,-12060.314999999999,-3894.165
-12293.369999999999,-12070.35,-23508.855,-6872.085,394.875,-29822.085,-12083.535,-3900.645
-12283.064999999999,-12053.744999999999,-23494.68,-6867.2699999999995,406.16999999999996,-29823.75,-12110.22,-3902.805
-12263.58,-12026.654999999999,-23471.64,-6844.7699999999995,433.26,-29813.445,-12123.135,-3894.0299999999997
-12259.98,-12023.369999999999,-23465.295,-6838.875,432.53999999999996,-29814.344999999998,-12126.105,-3890.43
-12243.689999999999,-12003.164999999999,-23440.995,-6809.94,449.01,-29786.445,-12096.359999999999,-3877.29
-12260.025,-12024.09,-23453.82,-6801.3,432.27,-29800.574999999997,-12091.814999999999,-3886.515
-12280.725,-12051.225,-23490.719999999998,-6846.344999999999,407.655,-29836.395,-12122.279999999999,-3900.42
-12275.865,-12046.59,-23500.575,-6879.42,399.78,-29848.86,-12141.27,-3897.765
-12274.83,-12046.32,-23504.399999999998,-6891.344999999999,393.39,-29853.629999999997,-12130.92,-3892.68
-12288.42,-12065.355,-23525.864999999998,-6911.91,381.645,-29851.92,-12109.14,-3897.6299999999997
-12278.654999999999,-12049.154999999999,-23506.469999999998,-6883.785,391.635,-29842.695,-12116.16,-3897.855
-12269.34,-12027.42,-23479.965,-6860.7,403.91999999999996,-29836.079999999998,-12135.105,-3902.58
-12279.33,-12040.109999999999,-23485.184999999998,-6849.045,400.54499999999996,-29838.87,-12137.175,-3908.0699999999997
-12304.395,-12078.585,-23523.3,-6897.42,373.77,-29849.94,-12115.035,-3913.1549999999997
-12302.505,-12077.279999999999,-23514.704999999998,-6885.99,385.11,-29839.094999999998,-12094.515,-3906.0899999999997
-12278.385,-12042.314999999999,-23473.844999999998,-6796.53,425.07,-29825.954999999998,-12101.355,-3896.19
-12277.845,-12039.885,-23474.79,-6802.38,421.74,-29831.579999999998,-12117.375,-3903.2549999999997
-12274.47,-12034.755,-23471.64,-6815.565,427.905,-29823.57,-12128.49,-3907.5299999999997
-12275.82,-12036.015,-23475.645,-6829.0199999999995,418.455,-29836.17,-12152.835,-3907.89
-12284.055,-12048.255,-23492.43,-6847.2,400.5,-29854.71,-12170.88,-3913.605
-12279.195,-12044.385,-23491.17,-6846.84,405.04499999999996,-29840.94,-12146.085,-3905.955
-12289.949999999999,-12059.64,-23506.649999999998,-6860.07,400.995,-29831.175,-12119.085,-3903.39
-12296.43,-12063.645,-23510.34,-6865.5599999999995,396.09,-29841.344999999998,-12149.46,-3917.205
-12266.595,-12027.689999999999,-23471.954999999998,-6830.82,428.085,-29822.489999999998,-12145.68,-3898.35
-12240.63,-11994.39,-23430.149999999998,-6803.73,461.52,-29786.715,-12103.83,-3876.165
-12236.355,-11994.164999999999,-23425.965,-6822.8099999999995,458.145,-29774.114999999998,-12081.779999999999,-3873.33
-12254.039999999999,-12020.535,-23485.14,-6854.3099999999995,436.905,-29792.34,-12092.265,-3885.75
-12286.664999999999,-12058.064999999999,-23527.44,-6861.15,407.60999999999996,-29824.11,-12099.06,-3899.25
-12298.23,-12068.414999999999,-23504.265,-6861.87,388.97999999999996,-29829.87,-12089.43,-3900.87
-12291.525,-12060.81,-23507.055,-6852.915,408.28499999999997,-29809.664999999997,-12079.619999999999,-3896.145
-12281.67,-12052.125,-23510.385,-6859.3949999999995,406.03499999999997,-29815.379999999997,-12095.775,-3893.1749999999997
-12276.855,-12041.189999999999,-23488.785,-6845.804999999999,410.98499999999996,-29818.53,-12117.285,-3896.5049999999997
-12272.22,-12034.845,-23476.364999999998,-6834.554999999999,419.49,-29813.219999999998,-12121.02,-3896.145
-12271.05,-12035.52,-23481.405,-6833.295,422.41499999999996,-29808.315,-12114.045,-3895.6949999999997
-12251.385,-12016.98,-23464.8,-6818.175,442.08,-29791.89,-12108.555,-3880.305
-12237.345,-11996.55,-23446.665,-6800.58,463.185,-29786.265,-12123.314999999999,-3873.33
-12249.27,-12006.449999999999,-23464.934999999998,-6831.675,437.76,-29805.704999999998,-12137.355,-3882.5099999999998
-12283.56,-12054.6,-23523.21,-6895.9349999999995,391.14,-29830.14,-12125.97,-3898.4849999999997
-12307.904999999999,-12083.67,-23538.87,-6918.48,379.89,-29831.489999999998,-12102.525,-3910.185
-12310.199999999999,-12083.76,-23535.405,-6911.28,372.33,-29839.364999999998,-12119.984999999999,-3914.91
-12289.77,-12056.175,-23503.184999999998,-6869.745,393.255,-29826.855,-12124.17,-3904.605
-12277.215,-12042.72,-23486.489999999998,-6841.485,412.245,-29810.565,-12111.39,-3894.2549999999997
-12285.855,-12052.215,-23496.66,-6850.215,405.63,-29818.17,-12121.605,-3901.5899999999997
-12292.02,-12056.265,-23506.11,-6865.965,396.9,-29835.18,-12160.395,-3919.68
-12276.539999999999,-12031.515,-23473.844999999998,-6822.8099999999995,407.88,-29845.934999999998,-12205.529999999999,-3923.1
-12260.97,-12011.265,-23445.945,-6791.445,431.28,-29829.87,-12193.244999999999,-3917.835
-12251.115,-12005.865,-23445.045,-6794.82,449.59499999999997,-29785.004999999997,-12105.675,-3894.165
-12244.859999999999,-12007.845,-23457.105,-6817.59,445.905,-29768.219999999998,-12052.98,-3865.68
-12278.52,-12042.539999999999,-23497.335,-6871.905,411.885,-29791.44,-12055.725,-3886.83
-12310.695,-12086.234999999999,-23547.78,-6929.19,365.715,-29826.989999999998,-12082.5,-3905.955
-12306.195,-12083.175,-23545.934999999998,-6924.825,365.76,-29831.129999999997,-12117.285,-3908.6099999999997
-12281.805,-12048.93,-23500.125,-6857.505,402.21,-29807.28,-12108.42,-3898.665
-12286.845,-12051.945,-23498.01,-6846.66,409.09499999999997,-29808.855,-12115.89,-3904.47
-12296.835,-12063.914999999999,-23512.454999999998,-6861.0599999999995,393.47999999999996,-29821.77,-12128.22,-3914.5049999999997
-12283.515,-12048.255,-23493.78,-6834.24,404.59499999999997,-29818.98,-12126.42,-3904.92
-12267.494999999999,-12030.84,-23475.329999999998,-6817.679999999999,421.02,-29809.664999999997,-12116.295,-3889.035
-12268.439999999999,-12034.664999999999,-23481.945,-6828.57,422.505,-29804.67,-12107.115,-3887.64
-12270.869999999999,-12041.64,-23499.495,-6858.179999999999,416.52,-29803.949999999997,-12105.0,-3890.25
-12262.77,-12029.895,-23488.065,-6859.889999999999,420.255,-29798.01,-12101.13,-3885.5249999999996
-12270.195,-12029.895,-23480.594999999998,-6853.7699999999995,424.53,-29794.905,-12113.414999999999,-3896.5499999999997
-12267.045,-12022.965,-23464.62,-6823.755,435.96,-29787.48,-12119.58,-3897.54
-12257.324999999999,-12007.529999999999,-23445.899999999998,-6788.745,451.03499999999997,-29776.23,-12108.779999999999,-3890.115
-12260.789999999999,-12019.32,-23468.445,-6822.54,436.68,-29779.245,-12090.42,-3881.835
-12276.314999999999,-12038.355,-23492.969999999998,-6850.215,419.265,-29795.94,-12108.779999999999,-3894.2549999999997
-12284.189999999999,-12044.115,-23494.86,-6848.19,409.05,-29815.785,-12136.23,-3909.33
-12296.43,-12058.83,-23505.48,-6846.21,391.905,-29835.0,-12149.145,-3917.97
-12303.27,-12070.305,-23518.575,-6869.295,379.16999999999996,-29842.92,-12150.045,-3918.33
-12291.615,-12060.404999999999,-23515.785,-6870.915,389.88,-29832.93,-12140.55,-3906.0899999999997
-12276.765,-12038.13,-23491.665,-6847.65,408.91499999999996,-29817.045,-12125.835,-3895.6949999999997
-12281.355,-12042.045,-23487.975,-6836.985,412.02,-29809.89,-12114.045,-3899.79
-12274.199999999999,-12037.994999999999,-23485.77,-6829.514999999999,424.935,-29790.405,-12092.939999999999,-3889.62
-12250.935,-12009.779999999999,-23458.725,-6808.815,445.5,-29777.445,-12096.99,-3875.265
-12243.015,-11998.17,-23447.79,-6803.37,449.055,-29781.629999999997,-12113.369999999999,-3874.0049999999997
-12253.814999999999,-12008.654999999999,-23458.454999999998,-6815.969999999999,434.96999999999997,-29800.395,-12134.43,-3885.795
-12282.029999999999,-12044.744999999999,-23496.03,-6855.615,396.04499999999996,-29838.149999999998,-12148.02,-3902.04
-12315.06,-12084.705,-23534.91,-6891.165,365.13,-29860.739999999998,-12158.414999999999,-3923.865
-12319.38,-12087.225,-23535.629999999997,-6891.344999999999,370.26,-29844.36,-12133.08,-3926.43
-12289.365,-12047.895,-23494.545,-6849.719999999999,409.54499999999996,-29813.355,-12111.75,-3907.4849999999997
-12263.355,-12021.75,-23470.065,-6826.59,430.425,-29795.129999999997,-12094.02,-3886.785
-12271.904999999999,-12031.515,-23481.945,-6838.74,415.97999999999996,-29810.61,-12131.73,-3903.165
-12265.965,-12022.695,-23472.765,-6830.37,424.03499999999997,-29806.965,-12145.994999999999,-3907.665
-12268.395,-12029.265,-23482.754999999997,-6842.429999999999,413.955,-29804.85,-12117.195,-3899.16
-12274.244999999999,-12039.615,-23488.245,-6842.565,415.395,-29792.25,-12060.855,-3881.79
-12285.359999999999,-12051.539999999999,-23497.29,-6847.155,421.10999999999996,-29783.07,-12044.88,-3890.115
-12304.98,-12071.925,-23519.655,-6873.795,399.33,-29811.51,-12096.18,-3914.37
-12298.095,-12069.9,-23522.489999999998,-6881.804999999999,381.28499999999997,-29835.539999999997,-12139.965,-3907.845
-12294.81,-12066.345,-23520.87,-6891.3,367.335,-29843.19,-12139.02,-3902.7149999999997
-12301.65,-12077.55,-23533.695,-6907.455,343.62,-29863.754999999997,-12144.465,-3905.685
-12296.43,-12069.99,-23528.295,-6898.59,351.135,-29859.614999999998,-12144.779999999999,-3907.08
-12292.515,-12054.689999999999,-23506.2,-6856.875,406.935,-29823.39,-12120.57,-3908.6099999999997
-12265.695,-12025.26,-23474.475,-6817.724999999999,450.35999999999996,-29787.795,-12100.904999999999,-3888.45
-12247.785,-12007.574999999999,-23464.62,-6823.125,442.71,-29788.289999999997,-12121.83,-3885.5249999999996
-12256.154999999999,-12013.154999999999,-23470.2,-6832.665,443.60999999999996,-29792.385,-12142.98,-3897.3599999999997
-12275.64,-12028.365,-23483.655,-6847.245,442.89,-29793.465,-12133.35,-3908.52
-12283.064999999999,-12045.105,-23505.165,-6871.679999999999,433.395,-29794.77,-12094.83,-3894.975
-12279.015,-12046.68,-23506.29,-6861.375,436.275,-29795.445,-12076.289999999999,-3880.89
-12264.57,-12022.92,-23476.725,-6826.679999999999,434.60999999999996,-29797.425,-12097.935,-3881.8799999999997
-12274.92,-12034.17,-23486.265,-6828.48,434.15999999999997,-29808.09,-12111.39,-3889.395
-12293.369999999999,-12057.525,-23503.004999999997,-6849.36,400.635,-29834.28,-12141.494999999999,-3903.5699999999997
-12302.279999999999,-12069.314999999999,-23517.899999999998,-6873.84,376.155,-29840.265,-12148.785,-3911.67
-12287.295,-12054.42,-23507.37,-6861.915,399.24,-29813.67,-12124.305,-3899.115
-12281.445,-12045.6,-23501.114999999998,-6855.884999999999,410.445,-29800.17,-12102.21,-3893.04
-12288.15,-12050.055,-23504.535,-6869.745,397.62,-29811.78,-12103.785,-3898.44
-12285.314999999999,-12045.42,-23504.579999999998,-6882.255,402.65999999999997,-29818.62,-12127.904999999999,-3900.915
-12272.715,-12032.55,-23509.35,-6920.505,402.615,-29825.37,-12159.945,-3897.1349999999998
-12255.3,-12014.595,-23497.335,-6923.205,405.53999999999996,-29826.225,-12166.515,-3887.64
-12236.85,-11990.699999999999,-23459.265,-6869.925,442.48499999999996,-29788.605,-12115.529999999999,-3871.08
-12242.43,-11996.279999999999,-23449.905,-6810.389999999999,460.03499999999997,-29762.37,-12064.725,-3864.42
-12277.17,-12037.365,-23472.225,-6762.509999999999,442.97999999999996,-29777.445,-12075.93,-3885.615
-12304.395,-12070.395,-23512.184999999998,-6829.0199999999995,398.115,-29825.055,-12128.67,-3909.69
-12322.664999999999,-12096.945,-23546.385,-6894.2699999999995,354.91499999999996,-29864.565,-12169.215,-3924.6749999999997
-12295.305,-12062.835,-23513.94,-6874.514999999999,383.715,-29843.46,-12166.47,-3907.89
-12274.695,-12028.59,-23478.3,-6843.599999999999,420.84,-29806.92,-12139.92,-3898.665
-12269.744999999999,-12020.13,-23459.445,-6800.58,442.215,-29778.57,-12101.039999999999,-3890.52
-12277.98,-12035.16,-23474.969999999998,-6813.09,429.93,-29784.285,-12087.494999999999,-3889.44
-12274.425,-12032.414999999999,-23470.875,-6808.679999999999,432.27,-29791.44,-12110.039999999999,-3894.795
-12259.574999999999,-12014.055,-23450.94,-6790.905,449.505,-29784.914999999997,-12118.994999999999,-3887.415
-12251.07,-12000.779999999999,-23443.875,-6791.355,455.03999999999996,-29781.675,-12125.699999999999,-3888.99
-12259.529999999999,-12015.81,-23457.42,-6808.23,442.755,-29784.105,-12106.8,-3884.895
-12271.005,-12036.015,-23478.66,-6833.88,423.04499999999996,-29789.37,-12088.755,-3878.64
-12269.025,-12028.005,-23477.76,-6831.2699999999995,426.24,-29794.545,-12113.64,-3887.5049999999997
-12275.145,-12033.855,-23478.12,-6831.045,417.195,-29801.879999999997,-12141.359999999999,-3890.205
-12290.4,-12050.01,-23476.905,-6849.315,391.40999999999997,-29797.02,-12143.88,-3906.585
-12302.865,-12067.109999999999,-23512.815,-6872.625,385.245,-29819.114999999998,-12124.89,-3916.44
-12294.855,-12060.449999999999,-23515.245,-6883.29,395.37,-29810.07,-12095.414999999999,-3902.085
-12284.414999999999,-12047.22,-23500.215,-6874.2,411.79499999999996,-29803.725,-12111.21,-3895.1099999999997
-12284.369999999999,-12046.814999999999,-23499.18,-6867.99,407.96999999999997,-29809.079999999998,-12114.765,-3897.765
-12282.885,-12044.97,-23491.44,-6834.195,415.16999999999996,-29800.53,-12098.43,-3893.94
-12288.42,-12052.395,-23495.085,-6825.554999999999,410.895,-29809.844999999998,-12112.02,-3899.97
-12295.89,-12062.025,-23509.665,-6849.63,396.04499999999996,-29830.23,-12155.58,-3908.835
-12293.414999999999,-12055.095,-23501.969999999998,-6854.085,393.57,-29834.1,-12178.439999999999,-3912.48
-12272.805,-12027.15,-23473.215,-6825.87,420.79499999999996,-29813.489999999998,-12169.35,-3904.1099999999997
-12267.494999999999,-12021.93,-23468.445,-6819.929999999999,428.805,-29798.864999999998,-12127.59,-3895.065
-12275.234999999999,-12035.34,-23482.53,-6831.63,425.385,-29783.789999999997,-12081.375,-3887.19
-12279.914999999999,-12038.67,-23486.489999999998,-6838.0199999999995,418.05,-29797.379999999997,-12106.26,-3897.225
-12283.289999999999,-12043.89,-23491.89,-6844.5,409.185,-29811.87,-12117.465,-3900.96
-12291.57,-12055.455,-23503.094999999998,-6855.884999999999,397.08,-29820.375,-12116.115,-3902.535
-12288.42,-12055.14,-23506.739999999998,-6860.565,392.445,-29821.77,-12110.445,-3894.2549999999997
-12294.539999999999,-12064.68,-23519.34,-6879.915,376.38,-29834.414999999997,-12118.455,-3897.0
-12290.535,-12060.225,-23519.655,-6890.355,383.49,-29832.48,-12128.49,-3895.29
-12291.164999999999,-12061.305,-23530.68,-6919.83,389.745,-29824.065,-12121.695,-3893.22
-12281.085,-12046.095,-23520.51,-6915.105,403.74,-29812.995,-12117.645,-3892.9049999999997
-12265.965,-12022.515,-23475.87,-6852.465,418.09499999999997,-29800.26,-12122.145,-3892.455
-12272.22,-12027.015,-23462.055,-6808.41,420.03,-29807.594999999998,-12132.72,-3900.4649999999997
-12274.83,-12026.43,-23466.87,-6801.389999999999,433.44,-29800.079999999998,-12125.925,-3902.85
-12276.09,-12031.785,-23486.399999999998,-6853.005,418.635,-29808.405,-12112.875,-3895.56
-12284.865,-12048.84,-23512.364999999998,-6908.445,392.31,-29830.454999999998,-12115.529999999999,-3893.1749999999997
-12287.97,-12053.789999999999,-23514.344999999998,-6905.34,387.22499999999997,-29836.035,-12112.695,-3892.545
-12276.09,-12034.08,-23480.28,-6838.605,413.23499999999996,-29817.27,-12106.619999999999,-3890.16
-12242.07,-11990.88,-23429.16,-6758.955,455.66999999999996,-29787.21,-12103.064999999999,-3872.115
-12234.734999999999,-11984.58,-23427.27,-6765.75,444.15,-29794.815,-12132.09,-3873.555
-12259.35,-12010.41,-23455.844999999998,-6828.84,396.36,-29816.37,-12142.664999999999,-3895.515
-12304.664999999999,-12068.414999999999,-23522.04,-6891.795,353.88,-29838.015,-12114.63,-3914.2799999999997
-12328.605,-12100.14,-23554.44,-6895.665,352.08,-29844.405,-12099.06,-3919.0499999999997
-12297.779999999999,-12061.71,-23509.395,-6845.58,414.675,-29822.445,-12093.84,-3893.94
-12279.779999999999,-12042.225,-23503.094999999998,-6866.73,406.935,-29827.35,-12124.17,-3887.37
-12278.744999999999,-12034.664999999999,-23489.954999999998,-6850.889999999999,420.03,-29819.024999999998,-12128.22,-3891.7799999999997
-12288.645,-12047.13,-23500.53,-6870.33,401.35499999999996,-29827.53,-12117.779999999999,-3899.295
-12298.32,-12057.119999999999,-23513.445,-6881.759999999999,389.655,-29831.805,-12115.619999999999,-3908.3849999999998
-12293.145,-12049.47,-23498.504999999997,-6852.0599999999995,398.34,-29822.895,-12118.904999999999,-3906.99
-12273.66,-12025.395,-23471.01,-6820.514999999999,424.71,-29803.094999999998,-12136.59,-3897.045
-12238.74,-11981.16,-23411.969999999998,-6742.349999999999,471.59999999999997,-29770.515,-12129.345,-3873.1949999999997
-12233.295,-11978.369999999999,-23413.454999999998,-6749.55,474.79499999999996,-29766.645,-12128.939999999999,-3867.2999999999997
-12252.555,-12001.41,-23447.114999999998,-6799.995,443.88,-29788.379999999997,-12133.215,-3876.66
-12281.355,-12034.08,-23483.565,-6842.835,408.33,-29816.324999999997,-12143.43,-3896.64
-12321.539999999999,-12087.18,-23535.135,-6896.07,356.58,-29850.074999999997,-12155.535,-3923.8199999999997
-12335.22,-12101.175,-23547.915,-6902.37,344.745,-29859.164999999997,-12150.314999999999,-3930.705
-12308.715,-12069.404999999999,-23512.41,-6861.014999999999,378.04499999999996,-29836.395,-12114.72,-3908.3399999999997
-12304.574999999999,-12068.01,-23510.25,-6862.094999999999,380.43,-29830.32,-12104.595,-3898.2599999999998
-12308.895,-12076.47,-23523.48,-6876.9,376.425,-29824.695,-12105.27,-3899.79
-12284.01,-12038.58,-23483.79,-6835.139999999999,419.21999999999997,-29790.539999999997,-12110.085,-3900.015
-12257.369999999999,-12003.84,-23448.015,-6796.17,455.53499999999997,-29763.045,-12111.164999999999,-3890.745
-12230.505,-11974.365,-23416.379999999997,-6773.94,471.06,-29747.07,-12101.265,-3870.0899999999997
-12226.5,-11966.984999999999,-23407.695,-6765.66,479.15999999999997,-29740.905,-12080.52,-3862.2149999999997
-12246.57,-11993.355,-23437.53,-6792.075,458.23499999999996,-29753.864999999998,-12050.595,-3862.2599999999998
-12292.875,-12055.14,-23505.93,-6861.105,394.875,-29806.155,-12084.615,-3890.52
-12317.355,-12086.055,-23540.805,-6895.98,363.645,-29835.045,-12116.654999999999,-3912.8849999999998
-12317.49,-12084.029999999999,-23534.864999999998,-6888.465,369.315,-29832.254999999997,-12124.98,-3914.0099999999998
-12292.56,-12047.895,-23487.03,-6846.03,402.79499999999996,-29804.715,-12124.8,-3902.1299999999997
-12271.59,-12024.81,-23469.84,-6828.884999999999,416.925,-29801.879999999997,-12134.564999999999,-3889.7999999999997
-12267.045,-12021.255,-23471.774999999998,-6831.63,413.82,-29809.98,-12141.225,-3887.325
-12276.045,-12032.279999999999,-23483.925,-6846.84,405.81,-29810.879999999997,-12125.564999999999,-3891.645
-12308.939999999999,-12069.314999999999,-23526.36,-6893.594999999999,379.66499999999996,-29817.675,-12105.135,-3913.245
-12316.095,-12077.505,-23539.184999999998,-6914.115,370.935,-29822.355,-12114.359999999999,-3923.64
-12286.529999999999,-12039.48,-23498.37,-6874.469999999999,405.45,-29802.285,-12119.31,-3907.7999999999997
-12258.855,-12007.619999999999,-23459.985,-6827.355,435.96,-29784.69,-12117.375,-3884.22
-12262.545,-12015.855,-23461.785,-6810.48,432.63,-29785.635,-12099.465,-3875.1749999999997
-12288.24,-12045.555,-23492.655,-6843.42,400.275,-29816.774999999998,-12135.689999999999,-3897.855
-12297.33,-12055.904999999999,-23500.665,-6874.875,381.28499999999997,-29821.41,-12145.095,-3909.6
-12276.494999999999,-12031.244999999999,-23482.665,-6845.219999999999,409.40999999999997,-29800.44,-12128.039999999999,-3894.705
-12246.21,-11992.23,-23437.125,-6777.224999999999,457.46999999999997,-29763.989999999998,-12099.914999999999,-3869.595
-12252.42,-12000.24,-23447.879999999997,-6809.625,451.305,-29764.079999999998,-12091.05,-3872.835
-12283.65,-12042.855,-23501.295,-6888.509999999999,404.055,-29791.53,-12101.13,-3893.85
-12311.73,-12085.244999999999,-23553.54,-6950.295,361.53,-29822.129999999997,-12108.555,-3904.065
-12311.82,-12080.205,-23536.665,-6925.5,366.16499999999996,-29832.795,-12136.23,-3910.77
-12277.529999999999,-12031.875,-23475.015,-6841.53,405.81,-29815.245,-12141.225,-3894.615
-12262.275,-12014.279999999999,-23463.18,-6800.264999999999,432.63,-29795.129999999997,-12126.015,-3881.565
-12266.46,-12019.994999999999,-23476.86,-6819.795,429.435,-29787.03,-12097.529999999999,-3878.7749999999996
-12287.789999999999,-12045.195,-23493.645,-6843.24,398.47499999999997,-29797.739999999998,-12078.225,-3886.335
-12307.41,-12068.1,-23516.774999999998,-6869.5199999999995,380.385,-29823.254999999997,-12122.055,-3906.0899999999997
-12293.189999999999,-12051.9,-23507.415,-6874.065,397.305,-29811.059999999998,-12134.564999999999,-3903.12
-12283.74,-12040.47,-23502.195,-6875.91,387.9,-29810.699999999997,-12133.17,-3895.6949999999997
-12282.93,-12038.535,-23493.375,-6855.705,398.47499999999997,-29804.265,-12115.484999999999,-3893.265
-12279.105,-12030.255,-23469.254999999997,-6812.775,427.905,-29790.539999999997,-12110.355,-3893.58
-12289.365,-12043.484999999999,-23481.27,-6806.205,405.53999999999996,-29814.704999999998,-12135.51,-3900.555
-12285.404999999999,-12036.15,-23475.735,-6792.344999999999,397.34999999999997,-29823.614999999998,-12144.015,-3899.475
-12280.005,-12031.83,-23477.309999999998,-6800.625,403.78499999999997,-29819.204999999998,-12133.664999999999,-3894.975
-12280.23,-12032.73,-23480.145,-6857.46,403.91999999999996,-29805.254999999997,-12120.795,-3891.015
-12293.414999999999,-12047.67,-23490.45,-6865.605,395.19,-29786.265,-12093.21,-3898.89
-12309.435,-12070.664999999999,-23520.825,-6883.469999999999,369.495,-29792.25,-12079.98,-3907.845
-12303.449999999999,-12058.92,-23503.995,-6856.11,398.43,-29779.875,-12086.189999999999,-3906.6749999999997
-12288.869999999999,-12038.265,-23475.87,-6811.74,449.505,-29768.399999999998,-12098.205,-3901.815
-12276.765,-12028.23,-23472.405,-6820.965,433.8,-29777.129999999997,-12105.18,-3892.41
-12278.43,-12031.064999999999,-23479.155,-6836.715,417.06,-29790.495,-12121.289999999999,-3893.895
-12293.234999999999,-12045.869999999999,-23493.6,-6849.315,403.91999999999996,-29809.53,-12152.654999999999,-3909.105
-12302.64,-12053.34,-23499.719999999998,-6854.355,396.27,-29825.73,-12179.115,-3927.015
-12290.805,-12036.33,-23482.035,-6837.66,413.46,-29808.629999999997,-12155.895,-3922.6949999999997
-12273.93,-12021.435,-23467.5,-6822.9,431.28,-29781.899999999998,-12111.255,-3899.25
-12269.654999999999,-12025.035,-23472.629999999997,-6826.23,434.15999999999997,-29765.385,-12083.85,-3875.9849999999997
-12264.795,-12020.265,-23467.635,-6826.139999999999,439.56,-29760.93,-12091.32,-3868.3799999999997
-12274.154999999999,-12028.455,-23477.985,-6845.58,421.91999999999996,-29781.09,-12114.855,-3880.98
-12281.85,-12038.22,-23489.325,-6864.75,406.48499999999996,-29792.07,-12122.82,-3887.2799999999997
-12311.955,-12072.689999999999,-23523.84,-6889.1849999999995,373.59,-29816.324999999997,-12134.205,-3911.805
-12328.65,-12094.154999999999,-23540.805,-6893.054999999999,366.34499999999997,-29813.309999999998,-12107.654999999999,-3918.1949999999997
-12302.595,-12061.755,-23509.44,-6854.219999999999,407.34,-29781.495,-12085.47,-3904.92
-12283.38,-12038.58,-23484.42,-6822.405,430.155,-29773.395,-12099.33,-3892.545
-12284.955,-12038.31,-23481.18,-6827.849999999999,421.02,-29789.73,-12129.615,-3894.975
-12296.52,-12052.484999999999,-23499.405,-6856.065,396.22499999999997,-29810.295,-12140.82,-3907.125
-12304.574999999999,-12059.46,-23503.59,-6861.554999999999,390.91499999999996,-29803.184999999998,-12127.23,-3911.7149999999997
-12301.515,-12055.545,-23500.665,-6855.929999999999,399.06,-29796.39,-12121.335,-3906.81
-12296.295,-12050.685,-23498.145,-6852.014999999999,405.18,-29796.39,-12132.585,-3904.83
-12280.904999999999,-12035.295,-23491.215,-6858.54,419.66999999999996,-29777.219999999998,-12113.73,-3894.5699999999997
-12259.529999999999,-12012.345,-23477.399999999998,-6861.87,441.63,-29750.489999999998,-12083.895,-3879.4049999999997
-12257.64,-12011.805,-23482.665,-6878.7,438.255,-29756.745,-12094.965,-3877.785
-12260.654999999999,-12016.439999999999,-23490.945,-6900.84,428.31,-29770.289999999997,-12102.705,-3876.615
-12268.215,-12026.654999999999,-23486.76,-6874.695,420.12,-29785.14,-12107.295,-3876.93
-12288.42,-12044.16,-23489.73,-6851.115,416.745,-29792.969999999998,-12116.609999999999,-3891.87
-12273.975,-12023.324999999999,-23456.52,-6786.945,436.77,-29782.53,-12121.65,-3886.515
-12271.05,-12019.455,-23443.605,-6763.95,431.685,-29795.175,-12136.185,-3888.315
-12280.725,-12032.055,-23468.805,-6807.735,415.395,-29806.695,-12142.26,-3893.22
-12292.244999999999,-12048.074999999999,-23492.52,-6830.82,406.8,-29800.485,-12124.619999999999,-3897.9449999999997
-12313.845,-12076.064999999999,-23526.27,-6859.53,390.24,-29800.485,-12105.404999999999,-3911.625
-12301.154999999999,-12057.57,-23506.155,-6850.53,404.37,-29791.17,-12100.32,-3906.9449999999997
-12277.935,-12033.0,-23486.895,-6847.29,421.02,-29784.105,-12104.369999999999,-3890.205
-12260.52,-12011.355,-23471.28,-6837.929999999999,433.44,-29782.664999999997,-12128.039999999999,-3880.7549999999997
-12268.17,-12014.955,-23473.305,-6842.07,428.13,-29790.989999999998,-12147.84,-3888.315
-12281.355,-12030.795,-23474.655,-6839.55,416.15999999999997,-29792.565,-12139.83,-3896.8199999999997
-12283.199999999999,-12031.605,-23467.23,-6821.955,421.965,-29788.379999999997,-12125.654999999999,-3902.535
-12282.345,-12031.064999999999,-23479.829999999998,-6830.1449999999995,418.77,-29794.05,-12130.74,-3905.2799999999997
-12289.005,-12039.705,-23500.17,-6848.91,409.005,-29806.515,-12157.425,-3909.06
-12306.15,-12061.26,-23522.94,-6896.25,381.645,-29819.34,-12158.234999999999,-3915.495
-12327.074999999999,-12089.43,-23550.704999999998,-6934.7699999999995,350.46,-29827.62,-12126.689999999999,-3920.805
-12328.695,-12101.13,-23561.235,-6935.219999999999,346.40999999999997,-29819.745,-12078.18,-3907.98
-12313.935,-12082.814999999999,-23528.114999999998,-6867.495,384.03,-29802.105,-12076.02,-3900.555
-12299.13,-12052.845,-23482.125,-6801.705,422.055,-29784.239999999998,-12080.295,-3897.54
-12276.045,-12027.824999999999,-23465.655,-6807.599999999999,433.66499999999996,-29778.704999999998,-12092.4,-3882.105
-12258.404999999999,-12002.175,-23442.84,-6792.12,457.83,-29766.015,-12101.4,-3874.9049999999997
-12257.73,-11996.82,-23437.079999999998,-6789.78,463.09499999999997,-29769.524999999998,-12122.955,-3880.7999999999997
-12260.564999999999,-11998.439999999999,-23441.985,-6796.889999999999,457.74,-29776.094999999998,-12151.215,-3892.14
-12269.744999999999,-12006.18,-23452.875,-6805.98,454.59,-29779.605,-12163.365,-3904.47
-12278.609999999999,-12023.369999999999,-23476.59,-6833.835,422.325,-29796.885,-12155.805,-3904.47
-12284.775,-12037.545,-23495.76,-6865.965,393.65999999999997,-29810.52,-12143.115,-3897.54
-12301.154999999999,-12060.9,-23521.274999999998,-6898.59,377.46,-29814.84,-12113.279999999999,-3892.68
-12300.795,-12053.205,-23504.67,-6867.54,402.65999999999997,-29789.055,-12092.265,-3900.24
-12285.045,-12034.26,-23475.87,-6827.219999999999,429.3,-29764.395,-12078.359999999999,-3889.7549999999997
-12272.984999999999,-12018.555,-23462.504999999997,-6815.429999999999,444.015,-29754.0,-12080.52,-3885.5699999999997
-12296.789999999999,-12046.095,-23489.37,-6834.78,408.78,-29789.1,-12117.555,-3905.415
-12304.529999999999,-12056.895,-23499.18,-6842.745,395.82,-29805.704999999998,-12140.955,-3908.295
-12317.895,-12072.689999999999,-23514.344999999998,-6859.3949999999995,386.37,-29809.305,-12136.365,-3911.805
-12326.22,-12088.17,-23534.37,-6880.995,380.565,-29798.684999999998,-12101.67,-3908.97
-12320.414999999999,-12079.08,-23532.434999999998,-6897.554999999999,377.235,-29801.34,-12104.01,-3914.415
-12317.535,-12073.5,-23528.52,-6901.0199999999995,376.60499999999996,-29802.6,-12112.289999999999,-3916.44
-12307.59,-12063.24,-23524.02,-6880.7699999999995,387.585,-29799.989999999998,-12125.07,-3911.805
-12299.58,-12050.055,-23500.395,-6843.014999999999,396.0,-29797.02,-12139.47,-3909.6
-12295.395,-12046.994999999999,-23495.625,-6845.264999999999,397.125,-29791.215,-12133.664999999999,-3905.1
-12292.74,-12046.77,-23499.719999999998,-6847.695,404.145,-29790.405,-12133.26,-3902.895
-12300.525,-12058.695,-23515.379999999997,-6882.66,401.625,-29791.035,-12118.545,-3901.095
-12289.904999999999,-12045.105,-23498.415,-6888.33,408.825,-29782.395,-12100.32,-3888.9449999999997
-12281.31,-12031.92,-23476.815,-6822.405,424.305,-29771.594999999998,-12095.414999999999,-3886.245
-12290.895,-12044.789999999999,-23493.239999999998,-6850.035,410.31,-29772.855,-12093.705,-3892.995
-12296.295,-12051.494999999999,-23497.02,-6844.455,398.115,-29784.239999999998,-12110.939999999999,-3899.0699999999997
-12300.119999999999,-12058.335,-23505.57,-6845.219999999999,394.65,-29792.475,-12124.395,-3903.93
-12299.895,-12056.175,-23500.53,-6843.42,397.62,-29793.645,-12127.949999999999,-3904.9649999999997
-12285.72,-12034.26,-23475.69,-6821.955,417.59999999999997,-29780.46,-12123.945,-3902.805
-12282.345,-12029.76,-23477.67,-6833.07,424.215,-29773.26,-12120.57,-3904.245
-12282.164999999999,-12031.605,-23487.524999999998,-6854.625,421.155,-29771.504999999997,-12107.295,-3896.64
-12290.939999999999,-12041.91,-23498.19,-6864.165,414.04499999999996,-29777.445,-12109.994999999999,-3896.595
-12301.56,-12060.494999999999,-23517.675,-6879.915,384.79499999999996,-29804.265,-12128.76,-3899.835
-12297.779999999999,-12055.005,-23501.879999999997,-6852.599999999999,389.205,-29806.469999999998,-12136.545,-3901.815
-12290.58,-12041.73,-23483.024999999998,-6832.889999999999,408.78,-29794.454999999998,-12140.82,-3901.815
-12287.52,-12040.154999999999,-23492.07,-6849.315,411.12,-29786.309999999998,-12132.09,-3899.745
-12283.515,-12039.84,-23492.61,-6851.205,421.60499999999996,-29771.504999999997,-12115.17,-3889.4849999999997
-12276.765,-12033.539999999999,-23484.42,-6841.665,424.8,-29773.395,-12117.689999999999,-3883.5
-12254.31,-11997.449999999999,-23441.85,-6792.929999999999,445.85999999999996,-29768.129999999997,-12130.199999999999,-3877.29
-12252.555,-11990.654999999999,-23428.754999999997,-6768.8099999999995,456.435,-29761.829999999998,-12131.955,-3881.7
-12276.135,-12021.3,-23465.52,-6813.09,427.40999999999997,-29778.614999999998,-12121.74,-3895.1099999999997
-12285.27,-12034.89,-23475.105,-6824.295,421.38,-29766.645,-12082.545,-3895.6949999999997
-12290.31,-12044.115,-23485.59,-6841.98,411.65999999999997,-29764.98,-12057.705,-3894.39
-12302.685,-12058.289999999999,-23504.805,-6865.0199999999995,394.335,-29780.55,-12089.835,-3899.0699999999997
-12309.435,-12064.545,-23519.925,-6872.13,387.63,-29793.555,-12127.68,-3910.8599999999997
-12317.939999999999,-12075.074999999999,-23527.575,-6879.0599999999995,377.01,-29807.1,-12147.705,-3921.93
-12316.005,-12072.734999999999,-23522.309999999998,-6873.255,379.26,-29807.504999999997,-12136.814999999999,-3919.0499999999997
-12303.81,-12055.725,-23504.489999999998,-6854.759999999999,397.935,-29793.375,-12117.06,-3906.0899999999997
-12302.234999999999,-12054.33,-23504.04,-6853.86,400.32,-29792.43,-12117.465,-3901.68
-12299.4,-12051.404999999999,-23500.575,-6851.205,400.455,-29797.335,-12129.795,-3901.23
-12288.465,-12034.619999999999,-23480.684999999998,-6836.355,412.10999999999996,-29784.96,-12131.82,-3899.0249999999996
-12290.715,-12038.715,-23489.19,-6845.445,405.315,-29794.995,-12129.029999999999,-3896.7749999999996
-12304.26,-12058.92,-23514.975,-6868.98,386.28,-29815.289999999997,-12138.795,-3904.2
-12304.89,-12061.125,-23519.295,-6875.775,384.34499999999997,-29818.62,-12154.68,-3911.49
-12298.23,-12050.64,-23510.114999999998,-6877.485,388.575,-29810.61,-12145.455,-3910.455
-12290.805,-12041.414999999999,-23505.75,-6884.73,402.525,-29788.065,-12102.84,-3895.605
-12292.92,-12043.845,-23514.614999999998,-6903.2699999999995,402.47999999999996,-29782.53,-12092.175,-3897.6299999999997
-12299.039999999999,-12054.465,-23519.969999999998,-6899.4,393.03,-29784.914999999997,-12091.455,-3899.6099999999997
-12286.439999999999,-12038.175,-23484.465,-6835.86,420.65999999999997,-29762.594999999998,-12081.015,-3888.18
-12256.38,-12000.105,-23444.91,-6785.28,454.455,-29751.75,-12103.605,-3876.2549999999997
-12256.875,-11994.57,-23432.355,-6757.695,455.895,-29770.289999999997,-12145.859999999999,-3884.22
-12281.039999999999,-12021.119999999999,-23459.219999999998,-6796.98,424.935,-29804.219999999998,-12172.185,-3902.085
-12311.505,-12060.404999999999,-23504.67,-6850.259999999999,386.46,-29825.954999999998,-12158.865,-3916.44
-12352.14,-12118.005,-23566.364999999998,-6911.639999999999,338.085,-29844.405,-12125.835,-3930.075
-12322.8,-12083.039999999999,-23530.364999999998,-6875.91,376.60499999999996,-29811.105,-12107.835,-3911.49
-12251.925,-11994.48,-23444.82,-6802.695,459.63,-29742.975,-12072.734999999999,-3869.5499999999997
-12210.705,-11947.365,-23404.004999999997,-6781.1849999999995,499.455,-29714.535,-12075.029999999999,-3843.495
-12228.93,-11966.13,-23420.745,-6801.705,483.57,-29728.844999999998,-12092.939999999999,-3861.18
-12288.555,-12034.98,-23485.094999999998,-6855.795,423.0,-29766.105,-12100.545,-3901.68
-12334.904999999999,-12093.39,-23535.0,-6878.115,363.59999999999997,-29813.129999999997,-12114.314999999999,-3926.835
-12346.335,-12111.164999999999,-23556.329999999998,-6897.69,346.72499999999997,-29837.114999999998,-12132.675,-3931.1549999999997
-12334.5,-12101.085,-23562.18,-6926.04,350.37,-29839.68,-12140.189999999999,-3925.89
-12305.295,-12066.21,-23525.73,-6886.17,385.78499999999997,-29812.14,-12122.91,-3906.6299999999997
-12289.005,-12047.445,-23503.77,-6840.63,401.085,-29801.43,-12118.904999999999,-3892.365
-12291.615,-12045.285,-23492.295,-6809.849999999999,399.51,-29801.34,-12131.279999999999,-3901.365
-12297.779999999999,-12048.39,-23491.8,-6848.865,399.645,-29798.594999999998,-12132.18,-3907.17
-12306.465,-12065.039999999999,-23511.78,-6895.889999999999,396.81,-29797.829999999998,-12115.305,-3902.94
-12298.59,-12053.115,-23495.535,-6845.4,400.365,-29790.495,-12105.404999999999,-3891.42
-12292.335,-12045.06,-23497.469999999998,-6861.69,409.5,-29785.545,-12105.494999999999,-3891.1499999999996
-12299.4,-12055.365,-23512.545,-6875.639999999999,396.945,-29790.719999999998,-12097.035,-3895.92
-12306.869999999999,-12061.8,-23518.215,-6882.84,394.965,-29796.57,-12102.3,-3903.795
-12299.895,-12051.045,-23506.92,-6878.07,396.36,-29802.914999999997,-12115.08,-3901.68
-12296.43,-12045.555,-23498.055,-6864.48,400.54499999999996,-29797.199999999997,-12114.945,-3899.8799999999997
-12294.765,-12045.465,-23495.489999999998,-6856.469999999999,393.885,-29790.495,-12113.595,-3898.2599999999998
-12297.285,-12049.74,-23500.079999999998,-6853.86,384.47999999999996,-29791.035,-12113.055,-3899.205
-12295.529999999999,-12044.295,-23493.465,-6856.785,382.05,-29796.344999999998,-12123.539999999999,-3900.69
-12283.83,-12027.42,-23471.864999999998,-6820.695,421.10999999999996,-29786.445,-12138.66,-3896.055
-12275.955,-12019.185,-23457.87,-6785.235,453.10499999999996,-29780.864999999998,-12145.14,-3889.2149999999997
-12264.48,-12007.98,-23448.69,-6790.05,452.115,-29762.37,-12116.88,-3876.975
-12256.064999999999,-11999.34,-23440.32,-6796.889999999999,454.635,-29733.57,-12071.385,-3870.18
-12278.205,-12024.765,-23462.055,-6819.884999999999,432.63,-29756.34,-12092.31,-3889.305
-12277.529999999999,-12021.255,-23454.495,-6811.425,444.33,-29764.754999999997,-12120.57,-3889.395
-12274.47,-12020.22,-23470.875,-6824.295,430.245,-29789.504999999997,-12150.9,-3882.33
-12287.609999999999,-12040.199999999999,-23497.155,-6852.87,402.525,-29812.545,-12160.98,-3885.75
-12302.145,-12060.449999999999,-23514.434999999998,-6883.245,380.43,-29819.34,-12161.34,-3899.8799999999997
-12319.605,-12074.805,-23530.545,-6898.05,373.185,-29809.17,-12139.92,-3924.855
-12320.55,-12067.965,-23516.325,-6869.25,394.91999999999996,-29776.815,-12085.65,-3925.4849999999997
-12325.814999999999,-12077.189999999999,-23518.98,-6856.065,386.82,-29787.614999999998,-12094.064999999999,-3924.3599999999997
-12312.359999999999,-12065.58,-23508.495,-6856.965,390.645,-29794.23,-12116.025,-3913.245
-12291.164999999999,-12043.305,-23491.44,-6850.62,416.835,-29767.14,-12091.994999999999,-3888.855
-12278.475,-12031.695,-23485.32,-6858.36,423.81,-29761.785,-12095.91,-3876.615
-12287.16,-12041.82,-23494.995,-6876.179999999999,410.715,-29772.765,-12099.465,-3886.1099999999997
-12294.855,-12049.02,-23503.815,-6875.1449999999995,403.695,-29780.145,-12109.095,-3897.6299999999997
-12302.595,-12055.814999999999,-23508.315,-6856.38,400.68,-29786.399999999998,-12126.42,-3907.395
-12323.115,-12075.84,-23523.12,-6866.37,377.90999999999997,-29816.145,-12173.175,-3930.39
-12337.875,-12089.835,-23528.16,-6870.825,357.705,-29841.614999999998,-12210.164999999999,-3948.8849999999998
-12325.365,-12074.715,-23509.395,-6858.134999999999,366.84,-29836.079999999998,-12195.9,-3938.67
-12280.994999999999,-12025.8,-23463.585,-6818.58,412.28999999999996,-29795.805,-12137.715,-3895.065
-12235.68,-11974.859999999999,-23409.0,-6766.38,473.58,-29725.245,-12066.164999999999,-3847.455
-12236.895,-11972.115,-23408.415,-6758.82,489.59999999999997,-29704.41,-12051.72,-3854.16
-12256.47,-11995.064999999999,-23435.19,-6785.46,466.335,-29726.594999999998,-12071.835,-3875.94
-12283.56,-12027.96,-23470.829999999998,-6823.98,428.58,-29766.555,-12107.789999999999,-3895.74
-12261.779999999999,-12003.435,-23447.07,-6799.995,452.29499999999996,-29750.67,-12101.67,-3878.145
-12265.064999999999,-12014.595,-23461.875,-6814.215,438.47999999999996,-29753.324999999997,-12079.664999999999,-3870.585
-12317.039999999999,-12075.39,-23524.065,-6879.105,379.26,-29792.295,-12082.77,-3902.535
-12366.18,-12139.199999999999,-23596.065,-6966.09,319.905,-29838.914999999997,-12120.39,-3935.205
-12345.705,-12117.42,-23591.024999999998,-6989.04,322.83,-29851.92,-12169.8,-3928.23
-12299.805,-12054.824999999999,-23528.52,-6941.07,372.015,-29826.495,-12184.785,-3904.6949999999997
-12282.39,-12025.89,-23483.655,-6880.139999999999,412.10999999999996,-29791.44,-12159.314999999999,-3895.335
-12305.07,-12050.324999999999,-23486.805,-6834.78,407.07,-29783.43,-12118.545,-3909.6
-12342.734999999999,-12104.145,-23538.825,-6874.605,366.34499999999997,-29800.62,-12080.34,-3920.04
-12326.49,-12085.74,-23521.77,-6854.67,382.185,-29793.015,-12077.55,-3910.095
-12295.71,-12050.369999999999,-23488.785,-6824.384999999999,409.455,-29761.605,-12076.65,-3893.58
-12294.18,-12042.945,-23475.825,-6829.92,404.23499999999996,-29751.12,-12082.095,-3896.055
-12301.875,-12050.145,-23490.405,-6838.2,404.685,-29777.805,-12109.365,-3899.565
-12315.779999999999,-12064.68,-23505.075,-6850.53,388.97999999999996,-29793.555,-12126.015,-3910.68
-12317.58,-12068.279999999999,-23507.594999999998,-6852.87,388.84499999999997,-29791.53,-12123.539999999999,-3912.39
-12305.835,-12053.97,-23494.14,-6849.54,406.03499999999997,-29777.445,-12112.244999999999,-3903.795
-12296.52,-12041.91,-23486.309999999998,-6855.03,413.37,-29774.789999999997,-12109.859999999999,-3899.205
-12293.279999999999,-12037.005,-23483.114999999998,-6855.705,413.685,-29776.545,-12112.92,-3897.585
-12294.494999999999,-12041.955,-23492.879999999997,-6842.745,410.31,-29779.425,-12118.005,-3897.0899999999997
-12303.18,-12053.07,-23496.885,-6812.46,400.77,-29789.864999999998,-12128.49,-3902.7149999999997
-12302.64,-12053.744999999999,-23488.335,-6830.594999999999,390.87,-29797.065,-12132.045,-3900.96
-12299.67,-12056.67,-23503.77,-6900.705,390.41999999999996,-29787.434999999998,-12121.92,-3897.4049999999997
-12299.085,-12053.295,-23503.77,-6849.0,414.04499999999996,-29774.61,-12109.68,-3896.055
-12285.81,-12030.164999999999,-23473.305,-6816.42,441.0,-29756.61,-12098.205,-3888.9449999999997
-12266.91,-12003.795,-23452.29,-6815.61,459.85499999999996,-29740.545,-12094.965,-3881.7
-12257.505,-11995.965,-23452.11,-6823.62,459.0,-29746.89,-12110.31,-3873.015
-12262.14,-12001.14,-23455.17,-6821.28,444.10499999999996,-29765.204999999998,-12128.4,-3875.9849999999997
-12286.98,-12026.609999999999,-23471.145,-6823.889999999999,402.34499999999997,-29799.135,-12157.65,-3900.555
-12310.064999999999,-12056.49,-23499.27,-6851.474999999999,384.16499999999996,-29813.579999999998,-12149.865,-3912.975
-12312.18,-12059.46,-23501.655,-6861.15,384.84,-29805.48,-12138.84,-3911.895
-12311.865,-12063.42,-23510.879999999997,-6871.7699999999995,385.155,-29807.82,-12143.925,-3901.455
-12321.494999999999,-12077.505,-23525.73,-6883.065,378.495,-29805.39,-12126.779999999999,-3902.265
-12309.795,-12061.664999999999,-23509.079999999998,-6862.275,390.87,-29801.835,-12141.63,-3906.0
-12294.045,-12040.335,-23480.82,-6827.759999999999,410.805,-29790.449999999997,-12139.965,-3899.6549999999997
-12295.89,-12040.47,-23477.94,-6821.235,424.935,-29763.719999999998,-12105.855,-3900.96
-12317.67,-12072.33,-23515.469999999998,-6860.07,395.90999999999997,-29781.135,-12116.475,-3909.33
-12302.865,-12053.789999999999,-23501.52,-6859.62,387.945,-29813.67,-12177.314999999999,-3906.1349999999998
-12291.345,-12033.765,-23482.62,-6848.639999999999,390.15,-29834.864999999998,-12217.904999999999,-3910.68
-12275.82,-12011.895,-23458.23,-6820.065,421.83,-29806.335,-12184.47,-3903.93
-12278.07,-12016.619999999999,-23455.035,-6810.705,444.87,-29739.96,-12059.234999999999,-3881.295
-12310.65,-12062.43,-23504.489999999998,-6853.545,413.505,-29745.405,-12019.275,-3887.73
-12303.18,-12052.529999999999,-23498.864999999998,-6848.55,413.82,-29766.42,-12064.455,-3893.9849999999997
-12286.664999999999,-12032.865,-23481.18,-6833.88,423.135,-29767.364999999998,-12077.414999999999,-3884.58
-12268.574999999999,-12010.59,-23455.754999999997,-6809.04,446.31,-29748.465,-12073.41,-3872.475
-12257.324999999999,-11994.029999999999,-23438.07,-6791.804999999999,462.06,-29738.789999999997,-12081.42,-3869.325
-12266.055,-12005.055,-23450.535,-6803.865,451.26,-29748.195,-12097.08,-3872.6099999999997
-12258.09,-11994.615,-23441.579999999998,-6796.349999999999,456.97499999999997,-29750.67,-12120.48,-3874.68
-12274.289999999999,-12010.05,-23458.905,-6814.08,436.85999999999996,-29775.69,-12156.93,-3898.44
-12294.314999999999,-12031.965,-23480.954999999998,-6838.38,411.93,-29799.135,-12169.89,-3913.6499999999996
-12317.039999999999,-12064.23,-23512.95,-6870.42,382.77,-29817.36,-12145.814999999999,-3917.52
-12355.605,-12126.195,-23577.48,-6929.639999999999,336.645,-29833.559999999998,-12089.52,-3911.7149999999997
-12358.215,-12136.185,-23590.98,-6944.175,326.52,-29838.96,-12096.675,-3909.5099999999998
-12320.595,-12074.039999999999,-23524.829999999998,-6884.28,376.78499999999997,-29808.765,-12118.14,-3913.065
-12305.34,-12048.029999999999,-23489.37,-6851.745,401.84999999999997,-29788.829999999998,-12120.84,-3909.285
-12310.695,-12055.814999999999,-23498.055,-6853.139999999999,399.06,-29793.87,-12125.115,-3909.7349999999997
-12321.27,-12074.984999999999,-23521.545,-6875.28,376.38,-29811.239999999998,-12142.439999999999,-3912.48
-12315.195,-12074.355,-23523.254999999997,-6881.804999999999,371.07,-29814.84,-12132.855,-3901.9049999999997
-12304.755,-12056.58,-23502.645,-6858.045,394.91999999999996,-29805.164999999997,-12126.465,-3895.9649999999997
-12305.564999999999,-12052.17,-23493.825,-6846.48,406.84499999999997,-29797.515,-12132.09,-3903.39
-12303.404999999999,-12051.539999999999,-23498.594999999998,-6864.344999999999,390.78,-29788.155,-12105.404999999999,-3901.14
-12295.35,-12044.25,-23491.215,-6860.429999999999,392.4,-29776.14,-12093.705,-3893.9849999999997
-12299.445,-12053.115,-23499.765,-6865.335,382.95,-29785.14,-12107.115,-3896.19
-12308.445,-12066.074999999999,-23517.989999999998,-6867.99,395.37,-29787.164999999997,-12105.539999999999,-3900.33
-12294.99,-12045.105,-23493.555,-6831.855,438.705,-29765.07,-12101.13,-3891.69
-12290.939999999999,-12035.475,-23480.28,-6832.575,423.85499999999996,-29767.77,-12111.164999999999,-3892.9049999999997
-12293.279999999999,-12039.84,-23493.465,-6861.105,411.79499999999996,-29776.184999999998,-12117.24,-3895.605
-12302.91,-12051.99,-23508.629999999997,-6883.065,405.135,-29785.77,-12125.205,-3902.7149999999997
-12306.869999999999,-12057.615,-23514.344999999998,-6885.134999999999,401.31,-29788.829999999998,-12123.494999999999,-3902.67
-12302.145,-12051.045,-23500.665,-6859.08,403.60499999999996,-29784.914999999997,-12116.744999999999,-3897.315
-12303.09,-12050.46,-23486.85,-6825.554999999999,406.755,-29785.545,-12118.275,-3897.045
-12302.505,-12049.02,-23493.87,-6853.094999999999,403.695,-29788.289999999997,-12123.359999999999,-3898.89
-12301.83,-12048.074999999999,-23499.27,-6874.605,400.32,-29786.985,-12126.24,-3898.98
-12302.189999999999,-12047.445,-23496.12,-6869.5199999999995,400.85999999999996,-29785.949999999997,-12132.045,-3899.3399999999997
-12300.66,-12046.365,-23488.695,-6846.344999999999,400.455,-29789.414999999997,-12142.935,-3899.565
-12293.955,-12035.88,-23475.42,-6820.965,421.78499999999997,-29777.895,-12144.869999999999,-3900.285
-12287.295,-12031.154999999999,-23481.405,-6834.285,424.84499999999997,-29775.195,-12139.47,-3896.415
-12264.119999999999,-12003.164999999999,-23450.129999999997,-6809.58,446.98499999999996,-29755.574999999997,-12113.505,-3876.2549999999997
-12246.029999999999,-11985.3,-23421.555,-6769.62,465.885,-29728.98,-12072.105,-3856.77
-12264.75,-12010.68,-23449.454999999998,-6792.12,438.93,-29757.6,-12086.145,-3867.75
-12279.33,-12021.705,-23471.73,-6852.69,421.78499999999997,-29767.949999999997,-12105.81,-3882.015
-12291.615,-12038.039999999999,-23499.54,-6909.12,403.02,-29778.704999999998,-12120.21,-3889.98
-12296.654999999999,-12043.08,-23508.09,-6907.7699999999995,400.09499999999997,-29801.789999999997,-12152.564999999999,-3899.295
-12298.365,-12040.605,-23496.93,-6862.005,398.52,-29813.399999999998,-12191.805,-3908.565
-12290.58,-12024.945,-23467.004999999997,-6799.995,421.78499999999997,-29799.855,-12214.17,-3908.79
-12298.32,-12033.27,-23471.91,-6820.155,413.09999999999997,-29804.129999999997,-12194.64,-3912.975
-12327.705,-12070.845,-23514.614999999998,-6879.195,379.305,-29807.414999999997,-12139.064999999999,-3925.08
-12347.64,-12104.46,-23552.19,-6907.86,361.935,-29786.489999999998,-12044.699999999999,-3910.41
-12343.5,-12095.595,-23534.01,-6868.035,371.565,-29789.504999999997,-12044.43,-3914.19
-12320.55,-12061.98,-23495.489999999998,-6826.7699999999995,394.74,-29797.469999999998,-12089.925,-3912.5699999999997
-12295.08,-12031.154999999999,-23466.555,-6806.429999999999,419.53499999999997,-29792.655,-12126.015,-3896.37
-12297.96,-12042.72,-23479.065,-6822.63,410.175,-29799.539999999997,-12141.539999999999,-3887.955
-12288.195,-12035.52,-23475.87,-6822.675,415.935,-29781.855,-12119.715,-3873.555
-12290.22,-12031.154999999999,-23471.28,-6816.465,426.78,-29764.079999999998,-12103.199999999999,-3882.96
-12280.77,-12016.439999999999,-23456.295,-6803.91,439.91999999999996,-29757.6,-12125.34,-3893.1299999999997
-12265.515,-11998.26,-23437.89,-6785.415,461.205,-29735.235,-12103.289999999999,-3883.6349999999998
-12283.38,-12021.57,-23463.315,-6810.974999999999,441.71999999999997,-29740.23,-12077.55,-3886.1099999999997
-12330.225,-12080.564999999999,-23525.504999999997,-6873.48,384.75,-29780.64,-12072.914999999999,-3906.045
-12369.42,-12133.98,-23582.745,-6932.295,326.88,-29833.559999999998,-12101.625,-3925.125
-12352.68,-12111.93,-23559.165,-6907.905,348.03,-29825.55,-12114.404999999999,-3921.12
-12317.085,-12067.695,-23514.885,-6866.865,386.01,-29799.225,-12107.699999999999,-3901.2749999999996
-12309.57,-12057.705,-23503.184999999998,-6856.29,396.675,-29791.26,-12111.119999999999,-3897.6299999999997
-12313.8,-12056.355,-23499.18,-6850.665,401.94,-29787.03,-12117.33,-3904.56
-12313.755,-12059.505,-23506.379999999997,-6862.995,393.12,-29792.43,-12120.615,-3902.67
-12314.07,-12064.545,-23510.34,-6863.715,394.335,-29789.37,-12116.789999999999,-3899.8799999999997
-12307.5,-12059.369999999999,-23505.12,-6860.295,395.90999999999997,-29786.94,-12115.484999999999,-3893.895
-12306.195,-12051.585,-23497.2,-6855.84,400.09499999999997,-29786.399999999998,-12120.57,-3896.415
-12316.32,-12065.984999999999,-23517.18,-6882.389999999999,384.21,-29801.969999999998,-12133.484999999999,-3902.895
-12315.105,-12063.465,-23522.04,-6910.29,386.955,-29797.469999999998,-12130.02,-3902.85
-12308.085,-12052.484999999999,-23513.04,-6923.07,396.09,-29786.039999999997,-12117.645,-3898.62
-12307.455,-12052.529999999999,-23507.46,-6902.054999999999,395.01,-29787.434999999998,-12114.81,-3896.64
-12303.63,-12046.41,-23492.204999999998,-6843.69,403.91999999999996,-29786.445,-12116.295,-3894.12
-12300.255,-12041.369999999999,-23472.809999999998,-6798.15,417.24,-29781.989999999998,-12116.564999999999,-3893.67
-12299.895,-12043.08,-23482.89,-6808.995,417.28499999999997,-29775.914999999997,-12113.73,-3892.815
-12300.074999999999,-12042.09,-23492.79,-6837.075,412.60499999999996,-29776.77,-12116.07,-3893.9849999999997
-12303.449999999999,-12052.845,-23508.36,-6861.735,398.565,-29788.379999999997,-12119.22,-3893.4449999999997
-12303.494999999999,-12058.65,-23522.04,-6900.705,373.5,-29805.03,-12121.92,-3889.2599999999998
-12304.89,-12053.835,-23513.489999999998,-6899.535,380.96999999999997,-29802.375,-12118.365,-3890.97
-12305.52,-12047.715,-23492.52,-6848.775,402.39,-29789.055,-12111.164999999999,-3892.77
-12301.695,-12044.205,-23490.45,-6821.73,412.38,-29784.51,-12118.904999999999,-3891.4649999999997
-12290.445,-12026.205,-23468.129999999997,-6791.8949999999995,422.28,-29783.204999999998,-12142.89,-3890.0699999999997
-12296.07,-12033.72,-23471.37,-6785.955,411.97499999999997,-29797.425,-12149.64,-3895.6499999999996
-12297.645,-12040.244999999999,-23483.655,-6804.2699999999995,411.03,-29797.739999999998,-12144.465,-3894.75
-12289.5,-12031.064999999999,-23480.055,-6838.74,419.895,-29782.035,-12125.564999999999,-3889.08
-12276.765,-12013.515,-23459.67,-6829.695,443.385,-29760.84,-12109.635,-3879.495
-12253.14,-11984.13,-23426.91,-6777.315,468.85499999999996,-29748.87,-12103.785,-3865.14
-12262.14,-11992.275,-23438.655,-6799.139999999999,449.46,-29769.434999999998,-12129.164999999999,-3880.35
-12283.83,-12014.73,-23459.219999999998,-6822.179999999999,431.955,-29781.405,-12142.08,-3898.44
-12290.85,-12027.645,-23469.39,-6834.6449999999995,421.065,-29775.42,-12121.335,-3892.6349999999998
-12277.845,-12015.539999999999,-23451.48,-6804.764999999999,441.585,-29753.235,-12083.355,-3874.0499999999997
-12265.605,-11994.795,-23425.92,-6770.565,464.17499999999995,-29747.204999999998,-12087.72,-3873.105
-12277.395,-12006.404999999999,-23442.21,-6791.264999999999,449.685,-29762.82,-12114.675,-3888.495
-12331.71,-12078.359999999999,-23519.114999999998,-6868.3949999999995,384.255,-29797.739999999998,-12097.26,-3907.035
-12368.34,-12132.81,-23577.39,-6927.389999999999,328.995,-29840.039999999997,-12095.279999999999,-3916.845
-12359.835,-12121.064999999999,-23565.555,-6915.24,339.255,-29837.204999999998,-12114.09,-3920.7599999999998
-12332.52,-12082.725,-23527.575,-6879.0599999999995,371.7,-29820.149999999998,-12131.055,-3914.5499999999997
-12316.23,-12061.89,-23507.73,-6863.355,384.79499999999996,-29818.8,-12141.63,-3906.765
-12312.27,-12057.57,-23503.32,-6860.025,387.9,-29820.555,-12144.645,-3902.04
-12313.395,-12059.279999999999,-23503.32,-6858.719999999999,390.33,-29818.89,-12141.945,-3899.8799999999997
-12316.32,-12063.6,-23508.495,-6863.04,388.66499999999996,-29814.254999999997,-12124.755,-3900.1949999999997
-12307.23,-12054.015,-23499.989999999998,-6854.804999999999,398.925,-29801.879999999997,-12107.43,-3894.615
-12285.945,-12025.395,-23469.704999999998,-6824.745,427.05,-29782.305,-12097.664999999999,-3882.4649999999997
-12285.494999999999,-12023.865,-23467.05,-6822.719999999999,428.085,-29783.475,-12104.46,-3883.365
-12301.47,-12043.755,-23485.68,-6840.45,413.145,-29791.664999999997,-12109.725,-3894.5249999999996
-12312.09,-12054.824999999999,-23496.84,-6849.495,406.215,-29791.844999999998,-12115.215,-3900.105
-12317.22,-12061.845,-23506.965,-6860.25,396.405,-29800.664999999997,-12125.97,-3902.355
-12301.92,-12043.08,-23489.82,-6844.7699999999995,406.575,-29807.954999999998,-12152.564999999999,-3895.6949999999997
-12277.574999999999,-12010.59,-23456.969999999998,-6815.565,428.895,-29803.004999999997,-12156.255,-3882.7799999999997
-12277.619999999999,-12011.4,-23458.545,-6818.219999999999,425.34,-29805.704999999998,-12138.48,-3880.44
-12290.4,-12027.6,-23473.305,-6828.03,421.74,-29792.16,-12102.975,-3887.055
-12297.15,-12042.81,-23486.265,-6835.995,421.60499999999996,-29770.739999999998,-12056.355,-3882.7799999999997
-12316.5,-12069.585,-23517.585,-6868.755,391.77,-29791.754999999997,-12069.494999999999,-3895.74
-12308.13,-12050.279999999999,-23496.254999999997,-6849.495,407.07,-29788.469999999998,-12103.605,-3896.2799999999997
-12319.56,-12069.0,-23518.17,-6873.12,382.995,-29807.504999999997,-12119.76,-3902.1749999999997
-12346.425,-12102.885,-23552.235,-6905.925,352.84499999999997,-29827.44,-12124.89,-3916.2149999999997
-12339.09,-12084.84,-23530.23,-6880.365,376.515,-29812.635,-12124.17,-3917.295
-12323.205,-12064.994999999999,-23507.55,-6862.455,389.25,-29804.579999999998,-12123.045,-3908.205
-12317.76,-12063.33,-23506.965,-6866.955,385.60499999999996,-29808.495,-12124.035,-3902.49
-12312.404999999999,-12061.935,-23515.829999999998,-6874.38,383.31,-29813.129999999997,-12124.574999999999,-3897.765
-12308.445,-12052.215,-23507.19,-6859.08,399.91499999999996,-29803.905,-12121.515,-3896.73
-12309.705,-12048.705,-23498.64,-6858.764999999999,406.16999999999996,-29800.35,-12121.47,-3899.43
-12303.99,-12045.195,-23496.434999999998,-6865.965,402.525,-29801.024999999998,-12119.445,-3893.3999999999996
-12301.38,-12044.925,-23501.16,-6875.955,398.25,-29800.17,-12118.904999999999,-3891.42
-12304.08,-12048.255,-23510.745,-6897.33,408.645,-29785.23,-12112.92,-3892.95
-12307.725,-12055.185,-23525.64,-6932.835,406.62,-29780.055,-12111.615,-3894.5249999999996
-12307.41,-12058.38,-23537.79,-6970.5,391.815,-29788.469999999998,-12115.08,-3893.9849999999997
-12309.119999999999,-12052.89,-23518.575,-6922.9349999999995,390.555,-29797.11,-12121.154999999999,-3898.17
-12306.914999999999,-12045.195,-23477.805,-6813.045,401.03999999999996,-29800.8,-12121.92,-3897.4049999999997
-12304.89,-12043.08,-23465.43,-6762.87,421.83,-29794.545,-12118.365,-3895.74
-12305.385,-12044.34,-23470.245,-6779.745,418.635,-29797.155,-12120.39,-3895.785
-12308.355,-12050.145,-23487.434999999998,-6819.615,405.85499999999996,-29803.68,-12124.395,-3895.9649999999997
-12315.555,-12060.63,-23503.094999999998,-6840.99,389.61,-29820.645,-12142.664999999999,-3900.1499999999996
-12319.154999999999,-12066.975,-23510.475,-6845.04,382.32,-29828.204999999998,-12158.055,-3904.92
-12316.23,-12058.154999999999,-23497.469999999998,-6838.74,387.63,-29820.059999999998,-12157.785,-3908.475
-12312.72,-12054.645,-23492.114999999998,-6841.035,395.505,-29800.485,-12134.699999999999,-3905.8199999999997
-12305.07,-12050.595,-23489.82,-6843.33,402.21,-29785.41,-12102.21,-3889.08
-12301.83,-12049.965,-23496.93,-6854.04,396.765,-29797.695,-12116.744999999999,-3886.515
-12308.715,-12055.814999999999,-23512.32,-6873.48,390.645,-29808.36,-12132.0,-3896.955
-12298.32,-12042.539999999999,-23503.995,-6867.495,408.59999999999997,-29790.135,-12115.89,-3891.87
-12261.24,-11995.92,-23457.42,-6828.255,451.26,-29764.17,-12120.705,-3873.24
-12249.765,-11976.615,-23420.79,-6787.215,463.04999999999995,-29764.62,-12136.005,-3864.555
-12247.064999999999,-11971.71,-23407.379999999997,-6764.715,468.9,-29760.75,-12133.664999999999,-3863.205
-12277.98,-12006.855,-23439.915,-6780.285,447.79499999999996,-29762.055,-12099.6,-3878.37
-12338.64,-12084.48,-23519.114999999998,-6848.82,381.375,-29796.48,-12077.279999999999,-3909.42
-12341.789999999999,-12089.25,-23528.295,-6868.304999999999,377.90999999999997,-29800.26,-12092.984999999999,-3912.39
-12330.539999999999,-12074.58,-23516.594999999998,-6865.83,379.755,-29812.995,-12135.689999999999,-3913.6949999999997
-12309.615,-12049.064999999999,-23491.89,-6840.945,405.135,-29795.219999999998,-12132.855,-3900.285
-12269.609999999999,-12003.48,-23446.44,-6795.54,449.055,-29762.594999999998,-12110.22,-3868.92
-12268.305,-12000.645,-23443.559999999998,-6795.585,445.22999999999996,-29774.475,-12128.22,-3871.98
-12283.56,-12013.109999999999,-23458.23,-6814.125,421.2,-29811.239999999998,-12182.445,-3895.065
-12311.279999999999,-12051.27,-23498.19,-6855.57,381.15,-29844.945,-12182.939999999999,-3905.415
-12347.865,-12107.205,-23557.68,-6911.415,333.135,-29871.539999999997,-12160.619999999999,-3914.73
-12354.705,-12119.49,-23571.809999999998,-6918.255,339.57,-29835.27,-12095.46,-3905.5499999999997
-12334.904999999999,-12083.67,-23528.969999999998,-6874.83,388.03499999999997,-29780.28,-12045.6,-3897.495
-12319.244999999999,-12055.23,-23492.34,-6842.34,415.97999999999996,-29752.92,-12046.32,-3899.475
-12298.23,-12033.72,-23475.285,-6828.255,426.41999999999996,-29758.41,-12069.72,-3889.2149999999997
-12274.289999999999,-12003.75,-23446.89,-6800.085,450.135,-29758.32,-12096.135,-3881.79
-12265.515,-11990.744999999999,-23433.48,-6787.304999999999,459.675,-29763.855,-12120.164999999999,-3883.3199999999997
-12247.02,-11969.64,-23410.44,-6768.99,475.60499999999996,-29745.27,-12112.605,-3869.2349999999997
-12251.835,-11978.1,-23421.239999999998,-6775.92,472.905,-29742.39,-12086.279999999999,-3864.4649999999997
-12295.8,-12036.869999999999,-23484.42,-6834.509999999999,420.79499999999996,-29779.515,-12084.164999999999,-3877.875
-12335.445,-12082.77,-23528.114999999998,-6873.3,385.515,-29802.824999999997,-12096.855,-3900.105
-12358.574999999999,-12114.945,-23563.53,-6909.705,349.875,-29830.274999999998,-12114.63,-3915.72
-12369.645,-12129.57,-23581.305,-6934.905,322.92,-29856.239999999998,-12141.585,-3926.0699999999997
-12343.5,-12092.625,-23535.495,-6891.929999999999,364.22999999999996,-29820.914999999997,-12128.265,-3915.495
-12325.635,-12075.074999999999,-23522.715,-6877.98,381.645,-29805.66,-12119.984999999999,-3905.0099999999998
-12321.99,-12072.195,-23529.015,-6878.7,378.71999999999997,-29811.96,-12125.43,-3902.85
-12314.43,-12060.225,-23509.754999999997,-6862.7699999999995,387.04499999999996,-29808.18,-12121.92,-3896.73
-12312.18,-12055.904999999999,-23500.62,-6850.215,403.38,-29795.175,-12112.605,-3894.075
-12309.795,-12050.46,-23498.864999999998,-6857.1449999999995,407.205,-29794.05,-12112.965,-3894.48
-12309.119999999999,-12049.92,-23499.945,-6865.065,402.93,-29797.829999999998,-12117.555,-3896.055
-12306.779999999999,-12048.48,-23494.77,-6861.15,405.945,-29794.454999999998,-12115.574999999999,-3893.265
-12307.545,-12051.09,-23496.614999999998,-6844.7699999999995,408.24,-29792.745,-12115.529999999999,-3893.4449999999997
-12306.824999999999,-12049.605,-23495.579999999998,-6842.745,408.195,-29791.17,-12115.395,-3892.14
-12304.98,-12045.375,-23494.23,-6873.84,404.955,-29786.715,-12115.17,-3892.0499999999997
-12301.875,-12040.515,-23494.454999999998,-6869.655,406.62,-29782.664999999997,-12114.27,-3890.0699999999997
-12304.439999999999,-12043.17,-23491.89,-6849.36,391.86,-29788.02,-12117.779999999999,-3892.815
-12308.895,-12054.96,-23518.53,-6881.94,389.835,-29794.59,-12121.515,-3892.6349999999998
-12312.765,-12064.77,-23539.454999999998,-6951.915,381.41999999999996,-29802.239999999998,-12123.675,-3890.97
-12308.58,-12053.789999999999,-23519.024999999998,-6921.99,387.315,-29808.765,-12133.035,-3890.43
-12297.285,-12037.545,-23496.39,-6890.759999999999,393.65999999999997,-29807.01,-12148.02,-3887.325
-12283.695,-12019.005,-23455.98,-6809.759999999999,417.96,-29800.53,-12156.84,-3881.52
-12278.16,-12009.06,-23442.165,-6761.34,439.38,-29791.98,-12158.82,-3883.995
-12282.21,-12006.99,-23432.895,-6744.87,445.09499999999997,-29787.39,-12152.25,-3889.89
-12296.115,-12024.27,-23449.454999999998,-6779.205,430.65,-29787.12,-12132.045,-3893.1299999999997
-12310.47,-12047.265,-23481.045,-6816.825,414.765,-29784.285,-12108.375,-3894.2549999999997
-12302.324999999999,-12038.939999999999,-23479.695,-6822.0,418.32,-29775.195,-12094.244999999999,-3887.325
-12304.574999999999,-12044.475,-23488.29,-6833.79,407.34,-29791.44,-12103.695,-3883.365
-12319.02,-12065.625,-23510.07,-6856.875,387.675,-29808.495,-12105.494999999999,-3891.4649999999997
-12306.869999999999,-12046.814999999999,-23488.785,-6835.1849999999995,412.38,-29780.64,-12075.255,-3888.1349999999998
-12284.64,-12015.63,-23456.969999999998,-6804.45,443.78999999999996,-29752.965,-12057.84,-3878.19
-12269.925,-11998.35,-23440.004999999997,-6786.945,459.53999999999996,-29743.155,-12070.529999999999,-3868.74
-12274.83,-12007.845,-23451.434999999998,-6798.554999999999,448.78499999999997,-29751.704999999998,-12083.175,-3865.185
-12271.994999999999,-12003.164999999999,-23447.565,-6798.014999999999,448.38,-29756.204999999998,-12083.039999999999,-3864.7799999999997
-12290.355,-12025.26,-23470.649999999998,-6821.28,427.14,-29771.864999999998,-12090.645,-3876.21
-12312.18,-12053.52,-23500.215,-6848.37,403.965,-29787.93,-12120.39,-3893.355
-12319.56,-12056.039999999999,-23500.98,-6848.865,402.47999999999996,-29793.285,-12138.795,-3909.33
-12344.4,-12087.585,-23533.649999999998,-6883.65,368.82,-29828.295,-12151.484999999999,-3923.2799999999997
-12348.72,-12097.98,-23547.51,-6899.445,351.81,-29849.355,-12159.314999999999,-3918.42
-12318.66,-12058.74,-23508.135,-6861.465,386.46,-29829.239999999998,-12158.369999999999,-3899.9249999999997
-12320.865,-12064.185,-23511.105,-6870.014999999999,377.055,-29825.954999999998,-12158.279999999999,-3897.72
-12323.835,-12067.875,-23516.594999999998,-6874.92,380.15999999999997,-29815.155,-12142.529999999999,-3906.72
-12306.105,-12044.205,-23496.885,-6852.554999999999,407.25,-29794.68,-12124.71,-3899.115
-12292.65,-12029.58,-23486.129999999997,-6840.405,423.71999999999997,-29777.085,-12101.085,-3885.2999999999997
-12248.595,-11975.939999999999,-23430.555,-6783.03,473.76,-29741.85,-12092.355,-3854.79
-12236.625,-11962.305,-23407.739999999998,-6760.035,478.08,-29747.835,-12114.0,-3842.865
-12274.244999999999,-12007.89,-23451.84,-6806.34,429.75,-29787.03,-12132.72,-3865.2749999999996
-12319.244999999999,-12061.755,-23509.844999999998,-6864.795,382.95,-29816.055,-12122.234999999999,-3893.94
-12385.08,-12145.814999999999,-23597.055,-6943.679999999999,322.425,-29838.96,-12095.865,-3930.8399999999997
-12371.715,-12125.205,-23572.395,-6916.995,349.91999999999996,-29814.93,-12084.255,-3923.865
-12340.845,-12084.029999999999,-23528.204999999998,-6876.405,382.365,-29800.53,-12093.164999999999,-3910.5899999999997
-12328.785,-12071.564999999999,-23518.665,-6866.415,389.025,-29801.52,-12107.654999999999,-3905.0099999999998
-12318.795,-12061.89,-23512.454999999998,-6863.8949999999995,391.185,-29799.629999999997,-12112.74,-3898.305
-12316.635,-12057.615,-23503.995,-6854.13,400.09499999999997,-29789.01,-12107.925,-3896.46
-12318.074999999999,-12059.01,-23503.41,-6852.33,402.97499999999997,-29783.07,-12108.015,-3896.5499999999997
-12309.66,-12050.64,-23497.92,-6849.945,404.59499999999997,-29784.87,-12116.475,-3891.33
-12305.34,-12044.295,-23496.885,-6854.715,403.65,-29787.254999999997,-12117.015,-3888.54
-12303.135,-12043.08,-23498.325,-6863.445,402.75,-29789.73,-12112.74,-3885.93
-12303.539999999999,-12045.195,-23498.37,-6865.92,401.66999999999996,-29792.565,-12110.355,-3885.39
-12308.805,-12048.705,-23498.82,-6858.2699999999995,403.965,-29790.945,-12111.255,-3890.0699999999997
-12301.74,-12037.904999999999,-23483.879999999997,-6828.165,413.09999999999997,-29784.96,-12112.965,-3888.4049999999997
-12287.97,-12019.994999999999,-23465.61,-6814.665,422.82,-29778.254999999997,-12113.505,-3883.14
-12294.494999999999,-12025.89,-23463.719999999998,-6813.2699999999995,433.305,-29764.844999999998,-12106.664999999999,-3887.19
-12302.595,-12041.414999999999,-23476.905,-6830.6849999999995,423.35999999999996,-29767.815,-12109.5,-3888.315
-12311.685,-12057.164999999999,-23508.719999999998,-6862.455,402.34499999999997,-29783.565,-12116.34,-3890.7
-12325.365,-12066.435,-23526.045,-6877.98,383.35499999999996,-29803.14,-12123.27,-3899.295
-12318.795,-12054.645,-23506.2,-6868.98,394.02,-29794.59,-12118.32,-3896.145
-12308.805,-12042.314999999999,-23490.945,-6889.95,399.51,-29766.645,-12103.965,-3891.015
-12310.83,-12048.119999999999,-23509.665,-6943.905,390.51,-29768.67,-12102.66,-3891.4649999999997
-12308.895,-12050.595,-23530.32,-6959.205,390.015,-29790.809999999998,-12108.689999999999,-3886.515
-12302.55,-12042.045,-23512.635,-6904.62,402.75,-29782.395,-12102.164999999999,-3881.79
-12302.505,-12036.734999999999,-23480.055,-6788.429999999999,426.645,-29774.385,-12105.765,-3885.705
-12298.14,-12025.89,-23451.03,-6747.165,441.35999999999996,-29773.934999999998,-12116.609999999999,-3885.48
-12296.34,-12025.845,-23466.239999999998,-6813.719999999999,424.125,-29785.995,-12132.18,-3884.1299999999997
-12298.14,-12030.029999999999,-23474.34,-6836.445,417.375,-29787.66,-12136.77,-3882.645
-12303.855,-12030.795,-23469.075,-6817.995,432.18,-29772.18,-12127.904999999999,-3889.035
-12317.31,-12045.96,-23483.969999999998,-6821.955,401.76,-29791.934999999998,-12139.289999999999,-3903.0299999999997
-12340.305,-12077.414999999999,-23530.5,-6881.67,363.87,-29834.055,-12173.715,-3921.345
-12331.755,-12065.175,-23520.375,-6879.33,371.385,-29841.21,-12195.494999999999,-3918.015
-12304.845,-12034.17,-23480.145,-6830.594999999999,399.24,-29819.925,-12174.255,-3897.4049999999997
-12286.89,-12007.664999999999,-23444.325,-6783.4349999999995,439.695,-29777.039999999997,-12119.31,-3889.08
-12259.89,-11975.67,-23411.79,-6753.554999999999,479.835,-29731.59,-12056.49,-3862.935
-12266.46,-11987.055,-23427.675,-6773.58,465.03,-29741.445,-12075.39,-3864.1949999999997
-12315.465,-12052.529999999999,-23499.629999999997,-6845.445,405.04499999999996,-29774.565,-12082.814999999999,-3884.1749999999997
-12335.67,-12086.595,-23538.375,-6884.19,371.15999999999997,-29793.42,-12087.494999999999,-3884.1299999999997
-12308.265,-12049.289999999999,-23499.945,-6849.134999999999,402.435,-29779.695,-12105.135,-3881.52
-12274.74,-11999.88,-23444.37,-6792.615,457.78499999999997,-29739.059999999998,-12092.715,-3871.845
-12280.59,-12006.99,-23452.155,-6800.94,449.505,-29749.05,-12095.505,-3873.7799999999997
