ch0,ch1,ch2,ch3,ch4,ch5,ch6,ch7
-12435.255,-12111.93,-23608.305,-6859.844999999999,522.81,-29427.03,-10284.164999999999,-3900.5099999999998
-12421.125,-12091.904999999999,-23583.915,-6840.719999999999,549.72,-29378.925,-10240.065,-3892.455
-12410.55,-12077.73,-23569.155,-6822.99,569.34,-29369.925,-10218.555,-3884.31
-12416.22,-12086.775,-23576.985,-6822.495,568.125,-29377.395,-10214.865,-3877.83
-12430.08,-12105.9,-23594.085,-6834.465,543.285,-29396.565,-10239.074999999999,-3885.345
-12428.01,-12106.71,-23595.524999999998,-6835.995,538.245,-29397.825,-10240.515,-3879.855
-12419.414999999999,-12098.07,-23591.204999999998,-6835.094999999999,546.48,-29393.055,-10248.615,-3877.1099999999997
-12420.99,-12095.82,-23586.614999999998,-6828.66,556.38,-29385.765,-10246.095,-3881.8799999999997
-12414.869999999999,-12087.135,-23577.57,-6818.445,568.5749999999999,-29369.745,-10219.815,-3878.685
-12413.925,-12085.02,-23572.17,-6820.065,562.68,-29372.489999999998,-10227.824999999999,-3882.96
-12417.75,-12089.835,-23579.19,-6826.815,555.7049999999999,-29385.09,-10234.44,-3885.435
-12417.93,-12091.725,-23584.77,-6828.795,558.855,-29383.92,-10233.09,-3883.14
-12418.92,-12092.625,-23585.94,-6830.82,555.885,-29390.625,-10238.49,-3884.265
-12421.845,-12094.83,-23586.614999999998,-6832.44,553.86,-29392.289999999997,-10238.94,-3884.535
-12433.005,-12112.965,-23605.245,-6847.65,542.025,-29397.239999999998,-10244.744999999999,-3888.72
-12436.83,-12126.555,-23625.0,-6867.045,525.51,-29404.395,-10251.27,-3889.2149999999997
-12437.595,-12127.455,-23634.54,-6886.755,503.145,-29425.364999999998,-10263.645,-3891.1949999999997
-12440.699999999999,-12115.439999999999,-23613.795,-6860.429999999999,528.21,-29408.94,-10264.005,-3905.46
-12433.545,-12101.22,-23593.23,-6837.12,545.4,-29397.51,-10257.39,-3900.285
-12421.845,-12093.795,-23582.52,-6822.54,560.385,-29380.32,-10239.615,-3886.92
-12421.125,-12096.63,-23583.329999999998,-6828.974999999999,556.11,-29382.524999999998,-10230.795,-3883.3199999999997
-12420.539999999999,-12100.5,-23590.98,-6847.785,540.27,-29395.35,-10233.99,-3881.0699999999997
-12419.145,-12102.84,-23607.989999999998,-6878.655,527.355,-29411.864999999998,-10245.195,-3878.2799999999997
-12417.885,-12100.23,-23602.77,-6881.13,531.18,-29408.579999999998,-10248.525,-3877.29
-12421.305,-12088.935,-23575.635,-6851.474999999999,547.425,-29391.434999999998,-10245.734999999999,-3887.8199999999997
-12425.445,-12097.35,-23591.07,-6827.04,552.645,-29380.545,-10228.904999999999,-3889.98
-12414.195,-12089.475,-23576.129999999997,-6799.634999999999,564.84,-29373.704999999998,-10228.5,-3880.44
-12409.335,-12091.635,-23577.795,-6825.15,558.99,-29379.105,-10244.295,-3874.68
-12417.795,-12096.855,-23592.825,-6849.764999999999,553.545,-29378.565,-10241.369999999999,-3882.285
-12418.695,-12093.39,-23600.745,-6871.679999999999,558.63,-29378.475,-10240.47,-3884.85
-12421.215,-12099.869999999999,-23616.09,-6908.849999999999,548.685,-29390.94,-10244.16,-3884.265
-12414.195,-12093.975,-23620.364999999998,-6930.945,539.9549999999999,-29377.125,-10233.72,-3877.4249999999997
-12422.25,-12100.545,-23608.98,-6912.315,520.155,-29377.934999999998,-10234.935,-3885.39
-12440.07,-12126.869999999999,-23634.09,-6877.349999999999,506.96999999999997,-29416.725,-10250.955,-3896.865
-12441.914999999999,-12126.914999999999,-23622.93,-6844.05,504.35999999999996,-29423.07,-10257.885,-3898.7549999999997
-12427.515,-12095.234999999999,-23569.245,-6789.554999999999,538.56,-29408.94,-10266.66,-3895.92
-12408.93,-12074.76,-23552.235,-6782.445,571.41,-29372.76,-10235.52,-3879.225
-12410.369999999999,-12078.855,-23565.239999999998,-6814.08,564.345,-29371.545,-10239.795,-3878.2799999999997
-12423.24,-12094.785,-23589.989999999998,-6858.99,537.12,-29400.254999999997,-10254.15,-3885.975
-12436.335,-12114.449999999999,-23613.84,-6888.87,501.57,-29441.789999999997,-10264.725,-3892.0049999999997
-12445.74,-12124.395,-23617.215,-6872.804999999999,493.10999999999996,-29458.44,-10280.565,-3900.69
-12439.17,-12115.89,-23604.254999999997,-6832.62,531.81,-29408.94,-10261.755,-3899.745
-12413.789999999999,-12087.225,-23565.42,-6773.4,579.285,-29363.985,-10237.365,-3879.9449999999997
-12422.789999999999,-12096.27,-23561.55,-6796.215,549.72,-29386.485,-10248.39,-3886.1099999999997
-12434.76,-12111.705,-23587.829999999998,-6830.639999999999,527.22,-29392.739999999998,-10244.34,-3892.5
-12435.48,-12114.314999999999,-23600.43,-6836.13,535.095,-29383.245,-10229.805,-3889.395
-12422.07,-12091.635,-23577.254999999997,-6812.505,562.005,-29371.68,-10254.375,-3894.75
-12420.09,-12085.154999999999,-23567.67,-6807.87,563.22,-29366.82,-10257.029999999999,-3900.69
-12421.755,-12093.3,-23579.954999999998,-6822.09,550.98,-29367.495,-10222.515,-3889.17
-12415.68,-12088.08,-23577.165,-6818.804999999999,557.685,-29364.795,-10201.815,-3878.2799999999997
-12411.18,-12081.734999999999,-23572.079999999998,-6816.285,557.775,-29374.515,-10218.6,-3880.35
-12411.494999999999,-12090.06,-23579.504999999997,-6830.415,541.305,-29387.7,-10224.99,-3868.605
-12427.02,-12110.805,-23610.42,-6864.165,505.755,-29422.305,-10252.755,-3883.3199999999997
-12431.25,-12112.244999999999,-23611.995,-6864.84,510.255,-29415.96,-10255.275,-3889.44
-12430.484999999999,-12104.64,-23593.32,-6837.525,543.555,-29384.55,-10234.125,-3888.315
-12425.85,-12102.885,-23594.85,-6837.344999999999,547.47,-29376.585,-10221.84,-3885.8849999999998
-12426.119999999999,-12110.085,-23605.245,-6846.48,543.96,-29370.285,-10213.425,-3883.41
-12435.39,-12123.539999999999,-23620.545,-6865.83,527.5799999999999,-29379.51,-10213.244999999999,-3887.685
-12437.46,-12113.73,-23616.945,-6882.48,527.895,-29383.605,-10222.244999999999,-3894.165
-12431.43,-12096.449999999999,-23592.69,-6865.469999999999,555.03,-29377.844999999998,-10245.869999999999,-3896.865
-12430.35,-12103.83,-23606.19,-6873.21,541.305,-29398.815,-10260.315,-3894.0299999999997
-12430.305,-12104.279999999999,-23607.945,-6855.255,536.4,-29405.295,-10258.47,-3892.725
-12435.074999999999,-12109.814999999999,-23592.555,-6813.945,539.235,-29392.92,-10241.369999999999,-3893.67
-12430.619999999999,-12102.885,-23582.385,-6814.08,541.305,-29392.02,-10230.705,-3891.5099999999998
-12421.574999999999,-12097.395,-23585.67,-6841.665,535.3199999999999,-29393.954999999998,-10222.289999999999,-3883.68
-12419.145,-12096.945,-23590.934999999998,-6849.719999999999,541.935,-29385.629999999997,-10221.57,-3882.6
-12421.305,-12091.32,-23586.524999999998,-6833.115,551.5649999999999,-29380.094999999998,-10228.41,-3887.595
-12429.855,-12101.895,-23591.969999999998,-6842.5199999999995,544.095,-29380.5,-10230.48,-3888.315
-12435.885,-12112.109999999999,-23596.379999999997,-6847.155,524.52,-29399.039999999997,-10241.055,-3889.305
-12436.244999999999,-12114.675,-23599.844999999998,-6840.63,517.8149999999999,-29417.76,-10269.765,-3897.315
-12433.455,-12108.869999999999,-23600.34,-6840.719999999999,536.67,-29398.59,-10260.81,-3899.6099999999997
-12423.51,-12102.255,-23603.04,-6841.259999999999,548.055,-29377.754999999997,-10226.115,-3887.0099999999998
-12412.529999999999,-12084.255,-23590.98,-6839.594999999999,553.8149999999999,-29371.68,-10200.869999999999,-3875.895
-12413.205,-12079.574999999999,-23573.34,-6840.36,555.12,-29366.414999999997,-10208.52,-3877.92
-12421.529999999999,-12094.605,-23584.68,-6852.42,540.27,-29380.364999999998,-10226.16,-3884.04
-12422.609999999999,-12111.255,-23607.585,-6861.465,519.66,-29388.735,-10223.685,-3878.37
-12430.08,-12121.875,-23621.85,-6849.405,518.175,-29397.555,-10230.119999999999,-3883.0049999999997
-12425.265,-12099.105,-23590.17,-6831.224999999999,541.98,-29387.61,-10244.07,-3888.225
-12415.68,-12081.6,-23577.885,-6839.28,559.035,-29368.17,-10233.765,-3882.33
-12415.994999999999,-12084.48,-23596.605,-6873.165,550.215,-29363.579999999998,-10209.33,-3875.355
-12421.439999999999,-12092.445,-23612.579999999998,-6891.84,537.12,-29375.19,-10214.55,-3880.44
-12434.265,-12106.89,-23621.309999999998,-6882.48,520.605,-29405.925,-10247.22,-3896.595
-12438.855,-12106.26,-23595.075,-6835.905,512.28,-29429.325,-10278.045,-3903.93
-12438.359999999999,-12106.664999999999,-23596.515,-6841.44,490.005,-29436.03,-10286.414999999999,-3907.4849999999997
-12433.68,-12108.42,-23609.07,-6872.94,489.195,-29424.42,-10257.119999999999,-3898.44
-12441.015,-12116.88,-23623.829999999998,-6910.11,516.96,-29383.965,-10200.195,-3889.305
-12440.295,-12117.689999999999,-23635.89,-6934.59,519.03,-29377.53,-10212.795,-3891.015
-12427.289999999999,-12100.275,-23612.85,-6895.9349999999995,536.355,-29375.864999999998,-10244.97,-3882.555
-12428.01,-12100.68,-23593.32,-6830.594999999999,534.555,-29403.27,-10264.59,-3882.42
-12437.865,-12109.5,-23580.809999999998,-6777.2699999999995,536.67,-29418.84,-10255.095,-3891.915
-12424.859999999999,-12095.55,-23569.335,-6781.094999999999,550.305,-29394.585,-10217.34,-3878.8199999999997
-12415.859999999999,-12085.154999999999,-23562.989999999998,-6788.07,548.595,-29385.27,-10222.154999999999,-3872.97
-12422.835,-12095.505,-23579.64,-6813.2699999999995,537.345,-29392.065,-10253.205,-3877.065
-12423.105,-12090.33,-23573.07,-6807.915,554.985,-29382.795,-10272.06,-3889.71
-12431.744999999999,-12095.189999999999,-23586.254999999997,-6835.365,542.88,-29408.715,-10311.93,-3913.335
-12426.255,-12086.73,-23578.785,-6835.094999999999,546.12,-29403.629999999997,-10292.355,-3913.6499999999996
-12429.63,-12090.96,-23580.45,-6834.105,543.06,-29385.27,-10244.43,-3905.64
-12437.279999999999,-12103.289999999999,-23584.77,-6825.195,537.795,-29360.16,-10189.305,-3891.24
-12445.47,-12112.425,-23587.739999999998,-6817.59,535.14,-29365.92,-10186.92,-3895.02
-12433.005,-12102.119999999999,-23594.399999999998,-6821.865,551.745,-29362.32,-10196.73,-3895.515
-12412.574999999999,-12085.109999999999,-23584.004999999997,-6829.0199999999995,564.885,-29352.555,-10182.015,-3868.02
-12409.244999999999,-12082.32,-23588.325,-6866.19,562.005,-29360.25,-10197.675,-3861.585
-12415.455,-12090.779999999999,-23608.71,-6892.875,550.035,-29362.59,-10204.65,-3869.5049999999997
-12428.414999999999,-12105.72,-23625.045,-6887.16,526.995,-29376.045,-10212.164999999999,-3883.815
-12435.975,-12107.16,-23600.114999999998,-6823.215,529.92,-29373.434999999998,-10196.865,-3892.5
-12436.289999999999,-12115.755,-23594.625,-6805.3949999999995,532.53,-29371.59,-10198.71,-3887.2799999999997
-12431.295,-12120.705,-23609.204999999998,-6841.62,517.095,-29383.92,-10210.545,-3877.83
-12438.99,-12108.24,-23586.66,-6826.545,532.17,-29384.82,-10221.57,-3889.5299999999997
-12442.095,-12112.605,-23594.04,-6835.7699999999995,535.095,-29382.12,-10225.529999999999,-3889.4849999999997
-12444.48,-12117.914999999999,-23610.465,-6846.21,533.97,-29383.92,-10228.23,-3891.1499999999996
-12447.09,-12122.73,-23615.28,-6857.639999999999,531.405,-29385.315,-10232.279999999999,-3897.0
-12440.88,-12123.855,-23621.309999999998,-6868.755,525.96,-29382.84,-10229.49,-3892.8599999999997
-12436.965,-12110.175,-23607.225,-6859.304999999999,525.42,-29380.184999999998,-10223.82,-3894.615
-12436.335,-12095.955,-23590.17,-6832.215,538.155,-29384.64,-10227.914999999999,-3899.8799999999997
-12440.385,-12103.83,-23588.28,-6819.929999999999,543.105,-29386.664999999997,-10230.3,-3899.9249999999997
-12433.05,-12098.385,-23584.815,-6825.014999999999,540.0,-29386.17,-10221.84,-3889.935
-12428.01,-12094.335,-23584.32,-6826.995,545.04,-29374.245,-10217.88,-3886.9649999999997
-12433.365,-12098.205,-23582.565,-6837.615,536.895,-29369.879999999997,-10214.234999999999,-3891.69
-12432.869999999999,-12101.355,-23590.44,-6854.264999999999,530.37,-29376.405,-10220.85,-3889.935
-12437.145,-12110.175,-23612.355,-6861.24,529.155,-29370.285,-10208.34,-3890.835
-12449.385,-12126.6,-23632.739999999998,-6863.3099999999995,521.775,-29384.73,-10220.67,-3900.42
-12441.6,-12116.789999999999,-23616.855,-6866.054999999999,512.8199999999999,-29406.329999999998,-10241.01,-3896.595
-12431.205,-12104.414999999999,-23604.254999999997,-6851.429999999999,528.21,-29393.414999999997,-10241.055,-3886.245
-12424.59,-12096.765,-23598.135,-6835.995,542.655,-29371.545,-10224.945,-3879.8999999999996
-12424.68,-12091.095,-23587.155,-6830.009999999999,545.22,-29372.219999999998,-10220.265,-3882.87
-12428.01,-12098.789999999999,-23602.14,-6851.5199999999995,539.01,-29372.489999999998,-10221.119999999999,-3882.105
-12434.67,-12112.695,-23618.745,-6873.12,518.805,-29384.414999999997,-10230.119999999999,-3886.1549999999997
-12442.32,-12120.21,-23622.39,-6886.844999999999,497.43,-29408.94,-10252.98,-3897.18
-12447.404999999999,-12120.164999999999,-23628.465,-6888.014999999999,498.91499999999996,-29415.645,-10281.285,-3909.015
-12451.68,-12121.47,-23623.739999999998,-6876.134999999999,506.745,-29407.995,-10271.205,-3911.7599999999998
-12447.765,-12112.47,-23614.829999999998,-6878.474999999999,516.3299999999999,-29408.219999999998,-10277.055,-3918.1949999999997
-12435.525,-12105.449999999999,-23617.665,-6894.63,524.0699999999999,-29398.23,-10258.154999999999,-3905.055
-12418.785,-12086.1,-23602.41,-6889.995,544.77,-29370.69,-10204.109999999999,-3882.1949999999997
-12412.619999999999,-12077.595,-23593.23,-6875.82,549.045,-29367.405,-10168.109999999999,-3868.335
-12433.77,-12103.785,-23619.6,-6901.83,511.515,-29401.245,-10179.945,-3878.73
-12456.18,-12136.545,-23650.605,-6903.0,480.15,-29425.004999999997,-10221.795,-3892.0499999999997
-12440.115,-12119.355,-23624.415,-6850.755,516.24,-29401.02,-10249.38,-3883.0049999999997
-12430.755,-12100.994999999999,-23590.62,-6819.57,538.425,-29379.195,-10237.14,-3879.0
-12436.605,-12102.164999999999,-23580.675,-6796.62,550.98,-29351.969999999998,-10182.555,-3881.7
-12422.609999999999,-12083.355,-23564.79,-6777.8099999999995,567.9449999999999,-29348.594999999998,-10193.085,-3882.7799999999997
-12419.595,-12078.81,-23555.835,-6761.565,563.31,-29366.01,-10209.24,-3883.23
-12426.615,-12092.22,-23576.895,-6798.105,546.975,-29374.92,-10206.494999999999,-3881.8799999999997
-12429.99,-12099.555,-23589.945,-6819.4349999999995,538.47,-29387.475,-10215.18,-3881.7
-12430.125,-12100.41,-23593.32,-6827.49,536.9399999999999,-29388.015,-10216.98,-3881.16
-12424.77,-12093.57,-23586.57,-6820.74,547.1999999999999,-29375.954999999998,-10222.515,-3878.64
-12423.734999999999,-12090.06,-23582.7,-6813.945,556.11,-29356.379999999997,-10201.77,-3879.8999999999996
-12428.73,-12092.265,-23584.68,-6818.985,552.06,-29359.89,-10204.785,-3889.2599999999998
-12434.76,-12100.41,-23594.94,-6831.45,538.8299999999999,-29376.27,-10219.23,-3894.2999999999997
-12434.805,-12102.75,-23598.495,-6836.04,535.905,-29380.68,-10218.105,-3893.7149999999997
-12431.025,-12102.615,-23600.879999999997,-6840.855,534.42,-29379.329999999998,-10206.315,-3885.75
-12430.845,-12102.57,-23602.545,-6844.005,529.56,-29393.145,-10231.244999999999,-3888.045
-12433.59,-12097.619999999999,-23596.605,-6839.054999999999,530.235,-29408.175,-10255.68,-3895.065
-12441.465,-12107.97,-23608.485,-6853.815,515.5649999999999,-29419.065,-10253.88,-3899.295
-12438.359999999999,-12103.74,-23605.515,-6852.195,523.485,-29392.245,-10204.74,-3894.93
-12439.215,-12107.97,-23608.17,-6854.264999999999,525.42,-29378.114999999998,-10181.34,-3887.2349999999997
-12451.545,-12124.305,-23618.745,-6859.44,520.74,-29393.82,-10223.369999999999,-3899.205
-12447.63,-12119.265,-23617.305,-6860.969999999999,515.6999999999999,-29407.77,-10257.345,-3903.75
-12445.244999999999,-12121.244999999999,-23624.864999999998,-6872.625,500.31,-29415.914999999997,-10251.494999999999,-3901.185
-12442.455,-12114.27,-23613.66,-6866.55,512.1,-29386.485,-10191.06,-3888.315
-12424.814999999999,-12092.31,-23595.57,-6840.764999999999,546.345,-29365.785,-10180.619999999999,-3876.2999999999997
-12415.005,-12070.529999999999,-23568.57,-6799.679999999999,583.785,-29344.14,-10182.24,-3875.805
-12421.439999999999,-12080.835,-23570.684999999998,-6814.215,560.61,-29361.645,-10191.015,-3877.83
-12431.609999999999,-12096.27,-23588.82,-6830.73,547.11,-29376.585,-10205.775,-3883.8599999999997
-12432.914999999999,-12100.814999999999,-23595.3,-6839.415,537.48,-29383.875,-10212.435,-3883.2749999999996
-12436.289999999999,-12105.09,-23602.68,-6847.74,528.66,-29389.59,-10221.615,-3890.0249999999996
-12436.83,-12109.725,-23611.635,-6859.304999999999,518.22,-29392.02,-10222.65,-3892.455
-12428.279999999999,-12092.49,-23589.945,-6834.78,543.3299999999999,-29364.795,-10202.805,-3887.415
-12432.465,-12092.355,-23580.315,-6826.139999999999,552.3299999999999,-29352.465,-10190.115,-3887.2799999999997
-12432.33,-12102.029999999999,-23599.89,-6846.3,532.26,-29373.614999999998,-10195.154999999999,-3883.095
-12424.095,-12094.695,-23605.965,-6844.139999999999,533.16,-29383.11,-10201.725,-3877.605
-12426.93,-12092.445,-23592.555,-6838.11,535.59,-29384.055,-10207.35,-3882.69
-12428.324999999999,-12095.1,-23588.37,-6850.62,527.085,-29388.195,-10208.835,-3883.2749999999996
-12432.914999999999,-12102.93,-23596.965,-6864.795,519.975,-29389.995,-10206.63,-3884.7599999999998
-12438.494999999999,-12109.904999999999,-23609.79,-6864.12,514.215,-29393.73,-10206.765,-3887.46
-12437.055,-12104.46,-23610.285,-6848.82,517.365,-29393.055,-10209.69,-3888.27
-12433.365,-12100.949999999999,-23599.8,-6847.605,516.06,-29389.95,-10216.305,-3887.19
-12438.314999999999,-12105.539999999999,-23603.895,-6856.155,507.555,-29403.629999999997,-10224.27,-3893.3999999999996
-12437.595,-12107.789999999999,-23605.245,-6853.995,515.43,-29401.965,-10223.1,-3888.18
-12434.4,-12107.07,-23605.155,-6859.98,527.895,-29381.85,-10210.68,-3883.0049999999997
-12428.955,-12095.595,-23599.53,-6866.37,537.84,-29367.27,-10193.355,-3881.565
-12435.57,-12103.92,-23610.239999999998,-6877.17,524.295,-29384.325,-10197.9,-3885.2999999999997
-12437.775,-12105.765,-23609.25,-6865.5599999999995,519.66,-29396.879999999997,-10213.695,-3889.5299999999997
-12434.265,-12099.465,-23590.8,-6820.335,526.86,-29393.37,-10216.395,-3887.73
-12432.6,-12096.585,-23586.21,-6815.925,530.505,-29390.265,-10222.335,-3886.1549999999997
-12439.845,-12105.494999999999,-23599.575,-6838.425,523.98,-29396.745,-10238.445,-3896.19
-12435.074999999999,-12098.52,-23592.329999999998,-6831.855,535.9499999999999,-29384.414999999997,-10241.19,-3898.08
-12431.97,-12098.385,-23595.885,-6837.4349999999995,528.975,-29381.175,-10217.205,-3887.685
-12430.125,-12097.845,-23599.125,-6846.48,528.12,-29373.93,-10188.045,-3876.75
-12435.345,-12103.02,-23609.25,-6865.335,522.9449999999999,-29379.645,-10191.465,-3879.0899999999997
-12440.385,-12112.289999999999,-23618.925,-6873.884999999999,517.4549999999999,-29385.945,-10200.555,-3886.83
-12444.074999999999,-12115.89,-23620.364999999998,-6868.44,513.0,-29384.864999999998,-10189.305,-3894.66
-12443.939999999999,-12109.994999999999,-23608.305,-6847.245,506.655,-29403.945,-10208.385,-3897.99
-12447.27,-12112.92,-23604.66,-6849.54,506.29499999999996,-29420.19,-10240.965,-3899.115
-12451.455,-12115.755,-23607.945,-6857.73,508.22999999999996,-29414.655,-10247.94,-3904.74
-12445.02,-12113.369999999999,-23613.344999999998,-6854.085,520.605,-29389.454999999998,-10215.449999999999,-3892.6349999999998
-12436.064999999999,-12104.414999999999,-23601.78,-6838.92,536.4,-29363.265,-10175.715,-3884.4449999999997
-12427.605,-12089.789999999999,-23587.469999999998,-6833.88,543.96,-29356.739999999998,-10181.744999999999,-3883.3199999999997
-12433.365,-12097.125,-23599.35,-6848.73,530.8199999999999,-29380.905,-10217.475,-3889.98
-12434.445,-12098.564999999999,-23602.23,-6847.83,532.53,-29386.215,-10219.005,-3890.295
-12442.32,-12107.564999999999,-23607.315,-6852.42,522.225,-29397.465,-10213.83,-3891.645
-12441.15,-12106.845,-23602.545,-6849.224999999999,518.04,-29398.68,-10201.59,-3886.4249999999997
-12436.74,-12099.914999999999,-23591.25,-6843.465,524.115,-29387.52,-10198.664999999999,-3887.5049999999997
-12442.32,-12109.005,-23599.98,-6845.804999999999,534.06,-29372.489999999998,-10188.945,-3893.895
-12443.22,-12109.365,-23603.94,-6846.66,537.165,-29375.73,-10203.255,-3894.8399999999997
-12430.574999999999,-12096.314999999999,-23590.215,-6852.465,532.305,-29371.454999999998,-10200.105,-3881.97
-12428.414999999999,-12092.265,-23585.445,-6855.21,539.01,-29362.5,-10182.555,-3875.085
-12433.14,-12096.675,-23602.23,-6871.05,535.185,-29365.785,-10191.015,-3882.375
-12438.765,-12104.055,-23613.975,-6863.535,532.5749999999999,-29372.94,-10203.074999999999,-3890.0249999999996
-12437.595,-12100.59,-23604.57,-6856.605,529.425,-29374.425,-10199.205,-3889.62
-12434.085,-12098.34,-23599.395,-6851.205,526.905,-29376.989999999998,-10190.88,-3882.7799999999997
-12431.43,-12096.765,-23599.079999999998,-6855.03,530.37,-29379.69,-10192.23,-3879.72
-12430.484999999999,-12096.9,-23605.829999999998,-6871.815,519.435,-29390.265,-10198.395,-3878.955
-12435.435,-12104.595,-23609.295,-6860.969999999999,519.21,-29390.579999999998,-10199.385,-3881.97
-12437.595,-12103.064999999999,-23595.39,-6843.195,526.995,-29387.565,-10204.965,-3886.92
-12434.805,-12095.55,-23577.254999999997,-6838.155,531.585,-29378.745,-10201.05,-3885.39
-12433.725,-12096.359999999999,-23585.895,-6817.995,534.8249999999999,-29373.48,-10198.395,-3883.0049999999997
-12430.26,-12091.23,-23580.0,-6812.594999999999,532.485,-29376.855,-10200.33,-3881.475
-12430.755,-12088.619999999999,-23586.704999999998,-6825.825,530.145,-29379.69,-10203.795,-3883.455
-12437.955,-12100.365,-23600.879999999997,-6844.455,527.535,-29382.524999999998,-10209.06,-3886.515
-12442.994999999999,-12119.715,-23630.219999999998,-6889.815,496.48499999999996,-29408.535,-10224.315,-3885.795
-12448.17,-12124.755,-23636.52,-6905.295,476.505,-29427.12,-10237.365,-3890.295
-12459.689999999999,-12121.785,-23616.315,-6863.94,510.705,-29397.285,-10215.539999999999,-3901.095
-12457.98,-12128.039999999999,-23619.329999999998,-6850.755,498.69,-29400.254999999997,-10193.355,-3892.455
-12446.189999999999,-12111.345,-23602.184999999998,-6841.259999999999,508.54499999999996,-29394.765,-10186.65,-3885.93
-12431.475,-12088.17,-23585.04,-6833.025,530.415,-29380.905,-10190.565,-3886.9649999999997
-12431.97,-12087.494999999999,-23588.82,-6836.8949999999995,516.105,-29397.96,-10203.84,-3892.23
-12446.955,-12100.635,-23598.495,-6845.535,501.93,-29416.77,-10223.505,-3906.765
-12438.72,-12097.125,-23592.149999999998,-6838.74,516.87,-29411.774999999998,-10243.845,-3893.4449999999997
-12435.21,-12094.605,-23593.23,-6836.759999999999,523.485,-29407.23,-10252.26,-3890.52
-12429.765,-12087.72,-23585.895,-6826.5,540.045,-29371.59,-10204.56,-3883.23
-12419.189999999999,-12077.189999999999,-23574.105,-6816.554999999999,552.555,-29347.92,-10154.654999999999,-3863.52
-12422.07,-12078.585,-23576.355,-6823.215,542.385,-29367.495,-10173.555,-3872.97
-12432.914999999999,-12089.205,-23588.01,-6835.365,526.14,-29394.09,-10206.494999999999,-3887.46
-12445.02,-12102.795,-23600.295,-6845.3099999999995,520.785,-29389.32,-10204.56,-3894.165
-12448.395,-12109.635,-23608.844999999998,-6851.925,516.96,-29385.629999999997,-10202.039999999999,-3894.165
-12437.234999999999,-12095.865,-23593.635,-6836.49,531.72,-29367.765,-10188.63,-3884.85
-12439.215,-12100.095,-23598.585,-6842.25,524.88,-29367.45,-10169.82,-3881.43
-12446.1,-12108.555,-23608.665,-6855.03,508.905,-29393.28,-10203.84,-3890.475
-12440.34,-12104.189999999999,-23604.75,-6850.575,516.6899999999999,-29392.469999999998,-10228.32,-3886.6949999999997
-12435.164999999999,-12097.845,-23597.19,-6846.255,527.5799999999999,-29387.835,-10228.365,-3884.7149999999997
-12429.72,-12090.734999999999,-23595.84,-6852.285,534.15,-29379.239999999998,-10201.68,-3878.0099999999998
-12423.375,-12081.105,-23585.309999999998,-6841.71,553.23,-29358.135,-10171.71,-3870.18
-12420.63,-12078.539999999999,-23580.765,-6832.755,559.26,-29343.87,-10148.67,-3865.725
-12430.439999999999,-12092.625,-23588.684999999998,-6830.37,537.975,-29361.87,-10163.565,-3871.08
-12442.275,-12106.08,-23603.489999999998,-6845.49,516.24,-29386.934999999998,-10198.98,-3880.5299999999997
-12446.73,-12105.27,-23600.16,-6846.795,507.825,-29396.655,-10214.865,-3888.18
-12456.494999999999,-12120.615,-23619.51,-6864.615,492.75,-29402.91,-10204.154999999999,-3889.4849999999997
-12463.605,-12132.494999999999,-23635.035,-6882.21,493.28999999999996,-29392.515,-10191.15,-3895.47
-12455.775,-12119.715,-23623.02,-6882.57,505.26,-29378.7,-10180.305,-3897.585
-12441.869999999999,-12100.5,-23604.254999999997,-6869.429999999999,521.1,-29369.655,-10171.215,-3888.6299999999997
-12438.855,-12096.675,-23606.64,-6863.715,512.685,-29384.864999999998,-10190.295,-3887.5499999999997
-12438.27,-12089.925,-23584.68,-6824.745,524.88,-29385.495,-10198.845,-3890.43
-12440.97,-12094.74,-23579.91,-6816.195,525.6,-29385.719999999998,-10195.605,-3891.4649999999997
-12443.039999999999,-12101.984999999999,-23585.805,-6828.48,529.515,-29373.84,-10178.1,-3887.64
-12447.314999999999,-12113.505,-23599.215,-6856.29,517.365,-29370.015,-10167.705,-3882.7799999999997
-12441.645,-12102.93,-23605.155,-6864.165,508.995,-29378.745,-10184.22,-3885.8849999999998
-12438.314999999999,-12098.34,-23605.02,-6847.83,523.17,-29378.835,-10199.609999999999,-3885.8399999999997
-12438.9,-12094.605,-23591.16,-6836.94,529.92,-29375.46,-10201.455,-3885.975
-12438.225,-12099.33,-23599.89,-6838.74,527.985,-29372.715,-10191.375,-3882.24
-12444.435,-12113.055,-23618.52,-6840.405,529.785,-29369.25,-10184.13,-3883.23
-12435.705,-12102.345,-23599.98,-6840.179999999999,522.72,-29384.684999999998,-10188.315,-3875.67
-12434.939999999999,-12093.615,-23589.54,-6836.085,527.9399999999999,-29385.495,-10189.035,-3878.5499999999997
-12436.109999999999,-12092.58,-23590.305,-6834.599999999999,530.37,-29378.114999999998,-10187.73,-3880.62
-12434.13,-12084.119999999999,-23571.0,-6823.53,531.18,-29370.465,-10186.289999999999,-3879.765
-12440.115,-12095.01,-23581.98,-6827.49,531.36,-29367.945,-10187.505,-3883.095
-12443.445,-12103.56,-23593.23,-6839.505,523.98,-29364.704999999998,-10188.135,-3884.1299999999997
-12440.43,-12099.195,-23595.254999999997,-6841.349999999999,525.96,-29366.37,-10188.045,-3882.96
-12444.615,-12101.265,-23597.415,-6842.295,526.3199999999999,-29367.809999999998,-10182.51,-3887.955
-12450.465,-12110.22,-23609.879999999997,-6856.65,514.26,-29376.945,-10179.855,-3891.7349999999997
-12457.395,-12114.855,-23614.785,-6869.115,497.7,-29398.545,-10195.02,-3898.89
-12455.324999999999,-12113.64,-23613.075,-6874.695,492.075,-29411.145,-10211.175,-3894.8849999999998
-12449.16,-12103.92,-23605.245,-6855.075,510.21,-29406.285,-10220.94,-3894.5699999999997
-12450.824999999999,-12103.154999999999,-23597.91,-6845.085,518.22,-29402.504999999997,-10230.975,-3896.865
-12441.105,-12096.585,-23593.59,-6842.34,527.625,-29376.719999999998,-10193.13,-3884.535
-12432.465,-12087.494999999999,-23581.575,-6824.745,546.165,-29349.945,-10149.615,-3872.295
-12444.795,-12102.84,-23594.445,-6844.094999999999,525.51,-29361.87,-10147.994999999999,-3876.795
-12443.13,-12101.895,-23597.145,-6847.065,522.63,-29368.664999999997,-10173.69,-3878.73
-12439.98,-12096.765,-23595.12,-6846.705,521.415,-29375.82,-10192.5,-3878.865
-12437.595,-12095.865,-23595.12,-6844.094999999999,525.3299999999999,-29384.64,-10211.625,-3875.49
-12448.664999999999,-12105.72,-23605.425,-6856.965,512.685,-29393.64,-10212.39,-3886.875
-12445.02,-12101.535,-23601.105,-6853.139999999999,516.42,-29390.355,-10204.38,-3882.96
-12444.39,-12101.805,-23600.745,-6852.105,518.22,-29387.024999999998,-10193.039999999999,-3881.25
-12442.5,-12101.58,-23598.629999999997,-6848.775,522.675,-29380.86,-10182.824999999999,-3878.325
-12442.68,-12102.255,-23601.555,-6853.41,520.785,-29378.925,-10184.715,-3882.42
-12446.414999999999,-12106.305,-23611.545,-6877.755,507.78,-29387.52,-10199.205,-3891.1949999999997
-12459.779999999999,-12122.64,-23634.045,-6912.8099999999995,479.025,-29420.145,-10251.99,-3907.89
-12465.765,-12129.93,-23645.925,-6929.91,468.04499999999996,-29444.985,-10290.42,-3917.79
-12441.015,-12094.695,-23597.82,-6883.785,511.78499999999997,-29392.155,-10254.105,-3903.795
-12422.43,-12066.705,-23550.57,-6819.615,551.16,-29334.825,-10177.154999999999,-3881.25
-12431.25,-12084.57,-23580.0,-6825.014999999999,547.155,-29336.715,-10121.13,-3866.805
-12440.88,-12097.35,-23589.54,-6814.71,533.2049999999999,-29356.289999999997,-10137.465,-3872.43
-12444.48,-12097.395,-23588.46,-6819.929999999999,531.585,-29370.105,-10165.635,-3885.165
-12441.6,-12096.585,-23589.719999999998,-6827.13,541.125,-29357.145,-10152.63,-3880.125
-12440.34,-12097.305,-23588.864999999998,-6833.7,537.5699999999999,-29362.004999999997,-10157.445,-3879.225
-12435.84,-12094.74,-23586.75,-6838.335,532.755,-29368.664999999997,-10171.305,-3877.1549999999997
-12447.359999999999,-12115.755,-23616.45,-6872.175,503.055,-29386.395,-10179.945,-3882.69
-12448.439999999999,-12122.414999999999,-23641.02,-6892.5599999999995,484.74,-29396.879999999997,-10183.545,-3881.3849999999998
-12446.1,-12105.494999999999,-23612.805,-6849.99,522.405,-29373.12,-10174.59,-3884.94
-12444.21,-12100.365,-23596.379999999997,-6831.945,539.595,-29364.704999999998,-10174.59,-3885.2999999999997
-12441.689999999999,-12106.664999999999,-23607.045,-6848.639999999999,519.435,-29379.239999999998,-10176.48,-3880.5299999999997
-12448.439999999999,-12106.17,-23597.415,-6846.84,518.13,-29388.149999999998,-10183.23,-3888.765
-12456.27,-12108.33,-23595.39,-6839.73,525.645,-29389.725,-10188.81,-3898.305
-12455.64,-12115.755,-23618.655,-6864.12,505.44,-29404.844999999998,-10194.84,-3894.5249999999996
-12446.369999999999,-12097.755,-23597.19,-6853.679999999999,517.4549999999999,-29387.969999999998,-10189.26,-3889.4849999999997
-12440.925,-12092.895,-23595.84,-6847.92,529.785,-29367.09,-10184.805,-3883.815
-12446.279999999999,-12101.67,-23609.835,-6846.75,528.435,-29360.07,-10172.565,-3885.795
-12447.225,-12100.095,-23591.204999999998,-6848.639999999999,519.255,-29368.71,-10172.88,-3886.9649999999997
-12450.24,-12103.875,-23598.315,-6847.065,516.1949999999999,-29378.204999999998,-10178.865,-3890.115
-12444.84,-12099.195,-23595.614999999998,-6836.13,528.12,-29374.92,-10190.34,-3885.93
-12448.395,-12101.715,-23598.315,-6846.165,521.3249999999999,-29377.395,-10192.815,-3889.08
-12447.585,-12099.869999999999,-23598.315,-6844.679999999999,525.285,-29375.91,-10191.69,-3889.89
-12440.97,-12090.42,-23586.885,-6834.78,529.8299999999999,-29372.129999999997,-10191.24,-3886.02
-12438.72,-12091.005,-23587.335,-6836.8949999999995,526.68,-29377.215,-10182.645,-3880.2149999999997
-12442.994999999999,-12102.885,-23601.51,-6854.8949999999995,512.685,-29377.395,-10171.484999999999,-3874.9049999999997
-12452.265,-12109.68,-23607.18,-6867.224999999999,498.645,-29385.989999999998,-10191.195,-3886.2
-12451.814999999999,-12106.125,-23607.899999999998,-6863.13,509.31,-29386.62,-10208.16,-3889.395
-12450.285,-12108.734999999999,-23618.52,-6875.73,502.155,-29390.579999999998,-10208.88,-3888.495
-12460.859999999999,-12118.77,-23624.954999999998,-6876.224999999999,495.495,-29402.1,-10203.795,-3895.515
-12456.27,-12105.945,-23602.41,-6854.67,510.65999999999997,-29385.0,-10185.39,-3894.2549999999997
-12455.414999999999,-12106.664999999999,-23601.239999999998,-6852.509999999999,517.9499999999999,-29374.11,-10184.895,-3895.515
-12444.21,-12097.08,-23593.68,-6842.745,526.545,-29372.355,-10170.63,-3881.79
-12440.97,-12093.615,-23596.335,-6839.73,527.355,-29373.434999999998,-10165.275,-3879.0
-12440.789999999999,-12091.859999999999,-23589.629999999997,-6838.155,525.3299999999999,-29368.215,-10158.164999999999,-3876.795
-12444.93,-12098.97,-23597.37,-6849.315,515.925,-29376.36,-10171.845,-3879.1349999999998
-12447.404999999999,-12102.164999999999,-23602.32,-6854.085,510.615,-29389.14,-10198.08,-3884.67
-12446.505,-12101.535,-23602.364999999998,-6853.59,510.525,-29392.065,-10210.815,-3885.8399999999997
-12449.43,-12104.01,-23604.075,-6855.615,509.805,-29385.855,-10187.865,-3887.595
-12450.96,-12105.539999999999,-23605.29,-6857.46,505.755,-29388.105,-10163.34,-3885.48
-12456.945,-12113.279999999999,-23614.875,-6869.025,497.07,-29393.774999999998,-10166.715,-3890.745
-12450.914999999999,-12106.439999999999,-23608.395,-6862.32,508.72499999999997,-29375.82,-10166.94,-3889.5299999999997
-12443.265,-12098.564999999999,-23600.024999999998,-6851.205,523.35,-29362.004999999997,-10167.39,-3881.835
-12441.96,-12096.63,-23593.905,-6849.495,518.85,-29375.64,-10193.355,-3880.5299999999997
-12459.15,-12119.984999999999,-23619.69,-6872.264999999999,494.325,-29402.954999999998,-10213.154999999999,-3892.9049999999997
-12465.449999999999,-12127.68,-23634.045,-6893.054999999999,477.63,-29418.48,-10222.109999999999,-3899.835
-12466.664999999999,-12123.09,-23631.524999999998,-6899.58,487.44,-29404.44,-10203.164999999999,-3907.2599999999998
-12446.64,-12093.029999999999,-23595.165,-6856.83,534.96,-29360.34,-10164.33,-3895.47
-12432.015,-12078.449999999999,-23580.765,-6835.365,547.335,-29347.11,-10152.449999999999,-3880.395
-12439.305,-12088.755,-23584.32,-6824.205,528.615,-29367.09,-10169.73,-3887.685
-12449.52,-12102.255,-23595.795,-6829.335,521.55,-29375.414999999997,-10176.705,-3892.5
-12448.35,-12100.725,-23597.91,-6841.304999999999,527.5799999999999,-29367.045,-10182.195,-3887.0099999999998
-12444.39,-12093.615,-23589.675,-6835.23,531.0,-29373.48,-10195.92,-3885.795
-12450.914999999999,-12104.505,-23602.995,-6850.575,516.15,-29392.425,-10203.885,-3890.0699999999997
-12459.195,-12119.49,-23626.53,-6888.69,488.745,-29404.079999999998,-10197.18,-3889.44
-12467.115,-12130.199999999999,-23644.305,-6920.505,471.015,-29389.32,-10165.815,-3892.545
-12474.404999999999,-12136.68,-23652.855,-6939.315,469.71,-29384.82,-10168.02,-3901.5
-12473.595,-12138.84,-23656.23,-6925.275,481.54499999999996,-29387.52,-10191.105,-3904.56
-12440.52,-12100.095,-23611.094999999998,-6859.215,535.185,-29364.75,-10201.859999999999,-3879.585
-12441.465,-12095.91,-23596.875,-6841.665,532.62,-29359.215,-10182.015,-3879.18
-12445.289999999999,-12103.244999999999,-23593.274999999998,-6823.71,516.96,-29370.015,-10174.994999999999,-3878.0099999999998
-12442.545,-12094.515,-23587.695,-6816.554999999999,525.8249999999999,-29364.434999999998,-10168.065,-3877.9649999999997
-12440.654999999999,-12090.195,-23583.195,-6821.37,532.89,-29356.515,-10157.49,-3876.5699999999997
-12446.414999999999,-12096.63,-23584.995,-6830.505,532.305,-29356.2,-10159.335,-3879.72
-12448.17,-12092.445,-23580.27,-6855.84,524.835,-29362.5,-10170.045,-3883.9049999999997
-12450.06,-12098.789999999999,-23597.37,-6883.5599999999995,516.105,-29362.545,-10173.779999999999,-3886.2
-12453.3,-12111.795,-23635.079999999998,-6885.54,515.88,-29357.954999999998,-10167.84,-3886.47
-12451.32,-12105.945,-23618.475,-6861.0599999999995,515.97,-29359.575,-10168.605,-3885.2999999999997
-12449.97,-12098.115,-23600.114999999998,-6840.09,513.99,-29365.515,-10171.98,-3886.515
-12457.08,-12111.885,-23619.555,-6863.94,499.455,-29374.649999999998,-10179.27,-3890.0249999999996
-12456.63,-12114.63,-23633.64,-6880.995,495.945,-29382.48,-10187.91,-3890.43
-12447.81,-12103.92,-23631.075,-6886.53,507.78,-29377.62,-10185.255,-3883.9049999999997
-12447.494999999999,-12100.185,-23622.344999999998,-6896.88,508.72499999999997,-29373.57,-10179.765,-3884.265
-12449.07,-12100.994999999999,-23609.835,-6912.585,499.635,-29376.045,-10172.115,-3882.33
-12453.975,-12110.039999999999,-23628.6,-6948.09,483.47999999999996,-29386.664999999997,-10174.5,-3883.0499999999997
-12452.22,-12104.46,-23617.89,-6907.545,501.21,-29381.76,-10183.994999999999,-3886.065
-12457.935,-12108.015,-23611.86,-6852.599999999999,513.585,-29371.635,-10183.815,-3892.815
-12458.07,-12105.18,-23598.989999999998,-6810.48,525.06,-29357.64,-10176.029999999999,-3896.5049999999997
-12447.945,-12091.185,-23563.44,-6751.304999999999,528.12,-29361.87,-10177.605,-3889.575
-12451.635,-12096.494999999999,-23581.89,-6799.139999999999,508.72499999999997,-29381.67,-10188.945,-3891.915
-12448.89,-12095.685,-23590.35,-6822.719999999999,510.47999999999996,-29387.204999999998,-10186.695,-3890.0249999999996
-12448.935,-12096.045,-23591.204999999998,-6827.445,511.91999999999996,-29387.385,-10165.23,-3879.495
-12452.13,-12099.869999999999,-23596.605,-6836.67,502.02,-29389.14,-10157.715,-3879.4049999999997
-12449.205,-12096.81,-23592.69,-6828.705,518.985,-29377.62,-10173.51,-3879.0899999999997
-12437.595,-12081.465,-23575.725,-6809.13,544.905,-29349.045,-10172.43,-3873.555
-12435.164999999999,-12075.75,-23572.395,-6810.705,543.6899999999999,-29345.895,-10173.465,-3877.9649999999997
-12450.6,-12094.244999999999,-23590.035,-6838.965,511.515,-29363.67,-10175.94,-3888.045
-12463.83,-12113.414999999999,-23607.945,-6863.759999999999,483.79499999999996,-29385.989999999998,-10199.205,-3895.605
-12474.675,-12127.275,-23628.465,-6880.995,470.565,-29411.64,-10225.755,-3906.54
-12472.244999999999,-12121.74,-23623.379999999997,-6873.66,483.705,-29393.594999999998,-10206.99,-3907.71
-12457.395,-12100.68,-23598.629999999997,-6844.139999999999,517.905,-29361.105,-10167.345,-3900.24
-12438.314999999999,-12083.715,-23581.665,-6825.375,539.64,-29355.12,-10146.105,-3877.245
-12426.119999999999,-12074.175,-23576.445,-6824.07,539.64,-29353.905,-10142.73,-3861.4049999999997
-12436.92,-12085.109999999999,-23584.86,-6837.03,526.3199999999999,-29346.21,-10141.515,-3869.73
-12450.42,-12101.895,-23603.625,-6854.264999999999,507.73499999999996,-29369.789999999997,-10147.365,-3872.6099999999997
-12457.664999999999,-12111.57,-23612.67,-6861.554999999999,498.24,-29392.739999999998,-10164.914999999999,-3874.68
-12458.654999999999,-12115.395,-23617.26,-6864.84,494.09999999999997,-29401.875,-10190.07,-3874.9049999999997
-12460.77,-12113.414999999999,-23615.594999999998,-6864.525,498.78,-29395.44,-10198.619999999999,-3881.475
-12460.545,-12109.904999999999,-23614.469999999998,-6865.605,503.055,-29388.51,-10196.1,-3892.095
-12456.945,-12104.64,-23615.055,-6868.9349999999995,508.005,-29379.105,-10193.13,-3898.2599999999998
-12451.005,-12097.26,-23610.69,-6863.13,521.64,-29362.184999999998,-10170.18,-3890.16
-12444.975,-12086.505,-23592.69,-6837.48,539.28,-29348.504999999997,-10159.47,-3888.855
-12444.21,-12082.275,-23578.559999999998,-6817.86,544.545,-29348.774999999998,-10151.685,-3886.1099999999997
-12446.73,-12092.67,-23591.024999999998,-6831.405,527.22,-29363.489999999998,-10144.71,-3874.77
-12446.775,-12097.08,-23596.92,-6837.929999999999,521.55,-29367.719999999998,-10147.005,-3871.395
-12451.68,-12102.345,-23599.844999999998,-6845.985,514.035,-29374.785,-10162.484999999999,-3878.2799999999997
-12455.369999999999,-12108.96,-23610.149999999998,-6865.605,498.645,-29383.155,-10178.369999999999,-3886.1549999999997
-12448.71,-12098.835,-23601.96,-6864.075,502.78499999999997,-29375.504999999997,-10184.265,-3889.665
-12449.34,-12095.369999999999,-23592.285,-6850.53,515.0699999999999,-29364.21,-10172.565,-3889.2599999999998
-12455.055,-12106.755,-23605.469999999998,-6856.335,518.76,-29358.855,-10153.305,-3884.9849999999997
-12462.48,-12118.14,-23617.754999999997,-6865.245,511.83,-29365.469999999998,-10154.654999999999,-3888.72
-12465.27,-12122.505,-23632.739999999998,-6885.224999999999,494.955,-29375.684999999998,-10162.98,-3892.095
-12459.33,-12109.949999999999,-23630.805,-6874.29,496.575,-29380.364999999998,-10161.494999999999,-3888.0899999999997
-12458.385,-12111.119999999999,-23609.114999999998,-6861.285,497.60999999999996,-29378.61,-10161.945,-3884.355
-12458.295,-12114.314999999999,-23606.19,-6876.8099999999995,496.97999999999996,-29375.504999999997,-10163.385,-3884.1299999999997
-12455.46,-12106.08,-23624.864999999998,-6889.23,502.83,-29381.489999999998,-10180.395,-3889.935
-12448.755,-12091.365,-23616.495,-6891.57,506.15999999999997,-29388.96,-10191.69,-3888.4049999999997
-12449.07,-12091.994999999999,-23598.495,-6877.44,513.135,-29366.55,-10177.38,-3884.58
-12443.85,-12087.99,-23592.69,-6848.865,533.655,-29332.934999999998,-10148.039999999999,-3875.85
-12446.955,-12095.64,-23608.215,-6870.195,518.085,-29348.864999999998,-10152.27,-3877.9649999999997
-12450.645,-12102.93,-23617.89,-6887.205,504.04499999999996,-29370.015,-10161.945,-3878.5049999999997
-12457.98,-12107.52,-23621.445,-6883.83,508.185,-29376.629999999997,-10175.67,-3884.3999999999996
-12458.654999999999,-12103.064999999999,-23600.25,-6844.23,506.7,-29383.649999999998,-10188.81,-3888.225
-12458.699999999999,-12102.3,-23592.51,-6830.37,502.28999999999996,-29387.204999999998,-10196.46,-3890.205
-12466.664999999999,-12116.789999999999,-23615.325,-6853.815,494.41499999999996,-29387.024999999998,-10189.8,-3893.3999999999996
-12456.314999999999,-12105.585,-23613.704999999998,-6841.575,509.76,-29375.55,-10178.91,-3885.075
-12452.805,-12091.725,-23594.625,-6827.04,517.275,-29373.975,-10181.565,-3887.595
-12454.02,-12094.74,-23584.23,-6828.525,511.2,-29368.71,-10167.074999999999,-3883.68
-12452.085,-12100.455,-23607.09,-6854.804999999999,508.77,-29368.035,-10168.83,-3877.1099999999997
-12461.58,-12112.154999999999,-23623.379999999997,-6890.175,481.22999999999996,-29391.344999999998,-10185.525,-3883.545
-12461.175,-12108.869999999999,-23618.114999999998,-6881.264999999999,479.96999999999997,-29390.895,-10180.845,-3887.0099999999998
-12465.045,-12109.814999999999,-23612.895,-6845.13,501.21,-29370.465,-10160.505,-3890.6549999999997
-12449.699999999999,-12096.135,-23593.995,-6823.349999999999,524.97,-29352.825,-10139.715,-3874.23
-12445.785,-12084.705,-23573.79,-6806.745,528.66,-29362.545,-10153.71,-3878.325
-12456.27,-12098.52,-23594.265,-6832.125,510.03,-29380.454999999998,-10180.215,-3889.305
-12467.16,-12111.39,-23611.59,-6854.94,494.64,-29388.645,-10198.664999999999,-3902.22
-12466.935,-12110.13,-23612.535,-6858.045,490.85999999999996,-29392.605,-10211.76,-3908.6099999999997
-12452.67,-12089.07,-23589.27,-6831.99,517.23,-29372.579999999998,-10195.965,-3900.825
-12447.63,-12089.789999999999,-23590.844999999998,-6832.755,523.305,-29350.8,-10145.07,-3880.305
-12448.035,-12092.22,-23594.085,-6837.705,520.02,-29348.055,-10134.585,-3878.595
-12460.545,-12105.63,-23610.465,-6858.2699999999995,494.505,-29379.914999999997,-10172.835,-3893.49
-12465.045,-12113.46,-23620.68,-6870.915,480.78,-29397.239999999998,-10182.69,-3891.7349999999997
-12462.57,-12112.38,-23620.004999999997,-6869.88,483.57,-29399.625,-10186.065,-3889.17
-12459.51,-12106.17,-23610.42,-6854.8949999999995,503.23499999999996,-29376.27,-10148.805,-3884.67
-12458.699999999999,-12105.855,-23610.195,-6852.87,505.305,-29378.969999999998,-10141.695,-3884.04
-12445.515,-12091.994999999999,-23596.065,-6840.719999999999,516.51,-29377.89,-10168.154999999999,-3879.045
-12442.05,-12086.01,-23589.719999999998,-6837.57,519.93,-29360.204999999998,-10159.92,-3875.625
-12447.99,-12094.02,-23597.82,-6844.32,516.735,-29345.445,-10139.265,-3878.19
-12456.225,-12111.255,-23614.29,-6856.83,508.005,-29346.614999999998,-10128.69,-3879.225
-12452.445,-12103.199999999999,-23606.594999999998,-6849.719999999999,512.145,-29358.675,-10157.76,-3882.645
-12446.55,-12083.715,-23587.695,-6834.42,524.52,-29357.055,-10167.885,-3884.895
-12455.595,-12100.455,-23609.969999999998,-6858.495,501.57,-29378.879999999997,-10168.695,-3888.4049999999997
-12460.005,-12113.145,-23627.34,-6872.8949999999995,487.125,-29399.129999999997,-10181.25,-3888.315
-12460.949999999999,-12114.314999999999,-23620.094999999998,-6873.525,482.84999999999997,-29403.765,-10192.32,-3885.615
-12458.925,-12112.965,-23624.055,-6884.594999999999,488.655,-29386.035,-10183.14,-3881.79
-12463.92,-12117.06,-23632.649999999998,-6894.99,490.68,-29374.245,-10173.42,-3887.685
-12458.699999999999,-12101.31,-23611.454999999998,-6872.804999999999,512.37,-29354.94,-10165.59,-3887.8199999999997
-12457.845,-12100.545,-23605.649999999998,-6852.554999999999,519.165,-29345.895,-10155.69,-3889.2149999999997
-12456.449999999999,-12101.22,-23602.184999999998,-6834.375,521.145,-29337.03,-10146.24,-3891.015
-12466.17,-12112.335,-23609.745,-6842.295,507.73499999999996,-29352.42,-10155.375,-3897.855
-12469.005,-12115.8,-23615.864999999998,-6864.4349999999995,503.72999999999996,-29362.5,-10160.865,-3897.27
-12456.09,-12103.695,-23612.895,-6878.025,504.18,-29371.274999999998,-10170.494999999999,-3881.0699999999997
-12451.095,-12095.189999999999,-23608.035,-6872.94,506.78999999999996,-29367.045,-10165.005,-3877.9649999999997
-12455.414999999999,-12097.35,-23598.629999999997,-6854.4,518.22,-29354.129999999997,-10150.83,-3881.9249999999997
-12457.125,-12101.535,-23600.204999999998,-6846.3,515.2049999999999,-29361.285,-10157.49,-3883.6349999999998
-12460.14,-12110.13,-23624.954999999998,-6859.98,509.53499999999997,-29364.975,-10160.955,-3883.8599999999997
-12458.789999999999,-12106.89,-23606.864999999998,-6859.62,503.145,-29365.605,-10161.855,-3882.4649999999997
-12456.72,-12104.865,-23604.84,-6844.32,508.09499999999997,-29362.094999999998,-10162.89,-3882.285
-12457.755,-12106.17,-23613.165,-6864.4349999999995,499.22999999999996,-29370.015,-10164.824999999999,-3883.095
-12463.02,-12109.904999999999,-23625.945,-6898.455,489.96,-29373.254999999997,-10167.3,-3887.7749999999996
-12459.33,-12105.539999999999,-23628.645,-6893.82,501.47999999999996,-29361.195,-10161.585,-3883.815
-12455.369999999999,-12101.31,-23624.64,-6881.8949999999995,508.185,-29362.545,-10162.305,-3880.71
-12457.529999999999,-12100.59,-23606.55,-6874.11,504.99,-29366.594999999998,-10169.64,-3885.0299999999997
-12463.92,-12105.494999999999,-23601.105,-6882.795,497.34,-29366.64,-10180.305,-3891.24
-12477.869999999999,-12125.115,-23633.235,-6888.33,487.66499999999996,-29376.45,-10201.23,-3902.085
-12481.289999999999,-12129.029999999999,-23639.895,-6877.304999999999,481.995,-29387.52,-10217.205,-3905.325
-12473.145,-12114.404999999999,-23621.265,-6865.2,479.47499999999997,-29400.164999999997,-10211.175,-3897.45
-12466.35,-12108.15,-23609.79,-6842.79,486.99,-29391.84,-10189.484999999999,-3893.4449999999997
-12454.83,-12097.71,-23592.42,-6817.59,507.06,-29358.495,-10140.885,-3879.9449999999997
-12455.189999999999,-12093.345,-23587.739999999998,-6813.945,506.565,-29358.09,-10122.84,-3882.105
-12455.775,-12095.055,-23598.54,-6838.92,496.125,-29381.399999999998,-10152.945,-3890.565
-12464.595,-12103.02,-23607.495,-6850.259999999999,488.60999999999996,-29389.815,-10176.119999999999,-3896.865
-12472.109999999999,-12113.91,-23617.44,-6861.96,478.16999999999996,-29391.84,-10178.73,-3895.1549999999997
-12472.83,-12115.439999999999,-23618.79,-6865.74,474.12,-29393.37,-10169.055,-3890.97
-12476.52,-12123.404999999999,-23627.745,-6875.19,471.645,-29388.285,-10162.484999999999,-3889.71
-12455.369999999999,-12098.205,-23599.89,-6841.08,517.4549999999999,-29348.774999999998,-10147.14,-3877.875
-12423.105,-12054.869999999999,-23552.1,-6787.665,568.845,-29320.739999999998,-10148.805,-3862.17
-12416.805,-12044.025,-23538.825,-6780.6449999999995,571.275,-29302.379999999997,-10135.305,-3863.835
-12410.955,-12039.795,-23538.96,-6783.615,567.405,-29309.94,-10133.145,-3861.99
-12413.699999999999,-12040.695,-23543.37,-6787.125,562.005,-29325.375,-10145.115,-3867.93
-12415.994999999999,-12043.845,-23547.51,-6792.615,555.03,-29332.8,-10142.865,-3863.8799999999997
-12435.255,-12066.75,-23571.405,-6818.804999999999,527.535,-29358.225,-10153.845,-3874.2749999999996
-12451.994999999999,-12086.189999999999,-23593.274999999998,-6841.53,506.565,-29376.989999999998,-10184.445,-3887.415
-12463.92,-12102.705,-23610.51,-6857.415,497.25,-29378.745,-10180.89,-3889.395
-12469.185,-12112.965,-23622.12,-6871.995,479.96999999999997,-29394.405,-10159.199999999999,-3884.4449999999997
-12464.82,-12106.035,-23614.559999999998,-6863.3099999999995,488.43,-29381.129999999997,-10144.215,-3886.3799999999997
-12444.39,-12081.689999999999,-23591.114999999998,-6842.07,515.88,-29344.815,-10128.51,-3876.2549999999997
-12445.425,-12090.689999999999,-23607.495,-6864.929999999999,507.78,-29350.664999999997,-10147.05,-3868.9649999999997
-12445.47,-12088.215,-23608.17,-6871.275,509.265,-29355.03,-10169.145,-3874.815
-12471.21,-12112.109999999999,-23628.96,-6889.679999999999,499.09499999999997,-29362.094999999998,-10158.57,-3893.04
-12490.289999999999,-12141.855,-23661.225,-6915.285,471.375,-29380.094999999998,-10146.195,-3896.685
-12495.51,-12151.89,-23663.835,-6920.73,456.79499999999996,-29393.19,-10152.404999999999,-3894.8849999999998
-12497.58,-12146.805,-23654.114999999998,-6907.86,459.71999999999997,-29395.26,-10163.52,-3907.89
-12477.96,-12114.449999999999,-23621.265,-6875.82,496.84499999999997,-29362.815,-10140.029999999999,-3896.955
-12466.664999999999,-12107.34,-23616.719999999998,-6859.349999999999,506.47499999999997,-29351.16,-10125.99,-3882.105
-12468.33,-12112.064999999999,-23619.42,-6855.3,505.755,-29349.809999999998,-10139.67,-3884.49
-12476.52,-12119.175,-23626.215,-6875.865,500.085,-29344.05,-10145.205,-3894.21
-12476.52,-12119.535,-23622.39,-6873.57,499.005,-29333.565,-10144.619999999999,-3894.345
-12478.904999999999,-12130.65,-23635.665,-6882.929999999999,481.68,-29346.075,-10142.955,-3890.295
-12484.98,-12146.895,-23662.754999999997,-6914.474999999999,466.74,-29352.195,-10143.81,-3891.33
-12482.1,-12129.615,-23646.059999999998,-6899.219999999999,484.515,-29351.204999999998,-10148.265,-3896.955
-12472.695,-12106.17,-23627.07,-6863.94,502.965,-29353.23,-10143.675,-3895.785
-12470.715,-12122.189999999999,-23681.204999999998,-6871.05,487.16999999999996,-29374.605,-10143.315,-3891.42
-12468.465,-12115.529999999999,-23661.54,-6892.695,474.34499999999997,-29382.704999999998,-10154.97,-3890.0699999999997
-12472.244999999999,-12108.645,-23611.995,-6904.215,460.79999999999995,-29392.289999999997,-10169.19,-3894.0299999999997
-12496.365,-12146.31,-23651.91,-6944.94,413.37,-29421.315,-10177.38,-3905.865
-12495.24,-12148.92,-23664.69,-6921.9,402.75,-29446.335,-10206.404999999999,-3908.9249999999997
-12479.49,-12119.22,-23615.504999999997,-6856.155,445.59,-29430.405,-10218.285,-3904.92
-12457.89,-12095.505,-23574.465,-6852.69,505.48499999999996,-29374.649999999998,-10186.335,-3882.06
-12463.335,-12103.425,-23616.719999999998,-6861.24,503.28,-29379.105,-10185.615,-3888.54
-12466.89,-12102.119999999999,-23623.02,-6859.349999999999,494.59499999999997,-29398.094999999998,-10204.065,-3897.0899999999997
-12461.49,-12090.779999999999,-23590.62,-6842.5199999999995,498.28499999999997,-29386.395,-10177.875,-3893.3999999999996
-12433.904999999999,-12061.71,-23557.23,-6793.155,549.27,-29330.01,-10134.045,-3862.665
-12430.484999999999,-12060.585,-23551.965,-6773.67,561.06,-29314.215,-10124.279999999999,-3856.68
-12451.455,-12082.68,-23579.28,-6812.325,522.585,-29358.405,-10172.925,-3885.2549999999997
-12478.68,-12117.33,-23616.135,-6853.545,487.755,-29375.64,-10162.935,-3904.2
-12489.75,-12132.81,-23634.09,-6874.965,469.53,-29371.77,-10116.359999999999,-3905.2799999999997
-12496.904999999999,-12145.994999999999,-23653.17,-6904.755,438.615,-29384.73,-10097.19,-3905.0099999999998
-12494.115,-12147.93,-23658.165,-6913.215,434.565,-29395.44,-10108.215,-3898.08
-12477.285,-12126.33,-23633.64,-6882.705,472.22999999999996,-29389.95,-10167.255,-3892.0499999999997
-12431.115,-12065.49,-23567.355,-6805.3949999999995,546.885,-29355.21,-10197.765,-3867.165
-12435.615,-12066.795,-23569.785,-6811.74,534.645,-29358.405,-10182.914999999999,-3876.345
-12456.63,-12090.105,-23592.015,-6834.33,520.335,-29355.614999999998,-10150.02,-3889.395
-12459.015,-12099.195,-23600.925,-6839.009999999999,525.6899999999999,-29337.975,-10109.88,-3874.095
-12457.89,-12099.555,-23603.67,-6845.94,511.38,-29362.094999999998,-10144.845,-3876.48
-12463.83,-12105.72,-23611.05,-6856.695,494.46,-29387.745,-10189.664999999999,-3889.08
-12456.72,-12096.585,-23602.274999999998,-6849.2699999999995,500.13,-29386.62,-10195.02,-3888.27
-12443.13,-12075.21,-23580.765,-6828.48,525.87,-29360.295,-10163.97,-3888.315
-12433.455,-12064.41,-23572.934999999998,-6825.78,541.8,-29332.98,-10117.529999999999,-3875.67
-12443.805,-12080.97,-23589.719999999998,-6841.889999999999,536.67,-29322.0,-10106.865,-3873.69
-12456.81,-12097.305,-23605.695,-6856.065,519.66,-29333.565,-10114.289999999999,-3882.42
-12473.1,-12117.734999999999,-23625.27,-6867.45,483.16499999999996,-29377.079999999998,-10139.805,-3891.87
-12478.14,-12122.324999999999,-23624.46,-6859.889999999999,482.94,-29384.73,-10145.789999999999,-3892.3199999999997
-12475.26,-12122.324999999999,-23627.61,-6868.485,488.745,-29372.805,-10129.59,-3886.6949999999997
-12471.21,-12115.395,-23623.155,-6875.099999999999,491.58,-29371.14,-10136.609999999999,-3888.27
-12466.98,-12106.89,-23614.2,-6884.775,492.435,-29362.86,-10140.48,-3890.3849999999998
-12468.914999999999,-12112.515,-23628.51,-6902.955,491.35499999999996,-29361.105,-10139.805,-3890.6549999999997
-12474.045,-12125.385,-23652.225,-6920.775,477.63,-29369.61,-10143.765,-3894.8849999999998
-12481.154999999999,-12131.324999999999,-23650.785,-6892.83,479.52,-29366.864999999998,-10142.82,-3899.565
-12482.91,-12131.01,-23644.844999999998,-6874.695,477.85499999999996,-29368.53,-10151.64,-3902.1749999999997
-12471.345,-12109.23,-23620.004999999997,-6854.219999999999,504.585,-29353.815,-10151.55,-3896.145
-12465.585,-12103.74,-23623.785,-6866.054999999999,517.23,-29351.565,-10144.17,-3887.955
-12465.72,-12110.445,-23644.754999999997,-6908.8949999999995,491.265,-29380.14,-10149.975,-3883.815
-12462.66,-12103.154999999999,-23619.239999999998,-6924.195,473.53499999999997,-29394.945,-10163.07,-3882.87
-12461.984999999999,-12104.145,-23617.89,-6888.15,474.435,-29386.844999999998,-10162.935,-3885.2549999999997
-12459.869999999999,-12100.814999999999,-23615.055,-6834.69,495.09,-29342.879999999997,-10138.32,-3887.2799999999997
-12462.029999999999,-12100.23,-23621.445,-6810.57,511.65,-29326.364999999998,-10119.42,-3889.44
-12460.365,-12092.535,-23581.17,-6780.69,524.2049999999999,-29337.48,-10129.904999999999,-3888.0
-12465.855,-12097.845,-23566.004999999997,-6819.389999999999,509.265,-29344.725,-10142.865,-3892.23
-12471.705,-12110.67,-23599.8,-6856.38,489.28499999999997,-29361.329999999998,-10161.765,-3897.54
-12470.939999999999,-12117.824999999999,-23626.62,-6876.224999999999,477.85499999999996,-29378.024999999998,-10167.705,-3894.345
-12473.414999999999,-12124.89,-23632.605,-6885.945,480.465,-29377.754999999997,-10160.64,-3894.12
-12474.99,-12123.314999999999,-23645.655,-6899.67,482.625,-29370.735,-10144.44,-3893.265
-12476.205,-12118.545,-23666.76,-6901.245,473.84999999999997,-29379.914999999997,-10157.895,-3896.5499999999997
-12487.095,-12129.164999999999,-23664.465,-6883.425,461.655,-29398.004999999997,-10177.515,-3904.335
-12488.49,-12130.515,-23625.719999999998,-6879.24,450.22499999999997,-29407.274999999998,-10171.26,-3899.25
-12480.57,-12120.255,-23612.175,-6876.315,452.96999999999997,-29405.295,-10168.335,-3897.72
-12464.189999999999,-12101.445,-23602.004999999997,-6844.005,486.495,-29364.39,-10134.675,-3885.345
-12451.635,-12086.279999999999,-23584.41,-6823.17,515.61,-29330.28,-10109.789999999999,-3869.145
-12462.345,-12096.314999999999,-23596.065,-6838.11,503.055,-29351.61,-10135.529999999999,-3884.1299999999997
-12472.199999999999,-12109.949999999999,-23612.175,-6855.344999999999,490.455,-29357.954999999998,-10128.42,-3888.855
-12448.529999999999,-12078.494999999999,-23578.469999999998,-6818.355,530.46,-29331.765,-10134.09,-3877.6499999999996
-12450.42,-12078.99,-23581.26,-6823.889999999999,520.8299999999999,-29335.5,-10127.07,-3881.16
-12468.105,-12103.38,-23608.934999999998,-6856.92,484.60499999999996,-29362.14,-10123.065,-3891.7349999999997
-12487.545,-12128.49,-23637.195,-6886.3949999999995,460.575,-29380.995,-10136.744999999999,-3903.93
-12466.529999999999,-12103.74,-23612.04,-6859.889999999999,489.375,-29365.425,-10167.615,-3890.97
-12448.845,-12083.265,-23590.62,-6838.0199999999995,504.67499999999995,-29365.379999999997,-10181.744999999999,-3876.75
-12461.265,-12098.654999999999,-23605.425,-6854.04,487.48499999999996,-29378.204999999998,-10176.21,-3882.1949999999997
-12469.275,-12107.07,-23613.48,-6860.565,486.99,-29372.895,-10161.404999999999,-3889.44
-12476.699999999999,-12113.189999999999,-23618.25,-6862.815,491.94,-29351.114999999998,-10125.449999999999,-3896.2799999999997
-12458.16,-12090.96,-23595.795,-6840.63,512.055,-29341.215,-10120.725,-3881.115
-12452.22,-12083.49,-23584.545,-6833.5199999999995,515.97,-29336.039999999997,-10130.805,-3878.055
-12470.085,-12105.494999999999,-23612.219999999998,-6861.509999999999,488.25,-29361.42,-10141.74,-3891.825
-12463.785,-12100.365,-23610.105,-6859.304999999999,490.85999999999996,-29353.995,-10116.539999999999,-3885.8399999999997
-12462.345,-12096.99,-23604.885,-6854.58,493.2,-29356.875,-10108.619999999999,-3884.1749999999997
-12473.505,-12112.92,-23621.625,-6872.04,475.38,-29376.18,-10120.005,-3884.7149999999997
-12482.414999999999,-12121.38,-23631.704999999998,-6884.639999999999,458.90999999999997,-29409.48,-10177.515,-3899.0699999999997
-12491.279999999999,-12132.585,-23646.825,-6906.915,447.97499999999997,-29407.14,-10182.105,-3907.305
-12481.965,-12128.31,-23647.274999999998,-6911.955,454.185,-29388.149999999998,-10153.845,-3894.615
-12469.005,-12113.01,-23630.129999999997,-6890.715,478.34999999999997,-29364.39,-10146.555,-3884.1299999999997
-12456.675,-12098.88,-23609.024999999998,-6853.7699999999995,505.53,-29345.355,-10129.635,-3871.2599999999998
-12446.055,-12075.615,-23574.96,-6813.719999999999,529.47,-29336.67,-10126.98,-3872.8799999999997
-12459.555,-12089.205,-23593.14,-6844.545,516.6899999999999,-29350.44,-10133.279999999999,-3881.25
-12479.939999999999,-12118.859999999999,-23631.48,-6894.63,486.99,-29368.62,-10139.984999999999,-3892.0049999999997
-12484.574999999999,-12124.755,-23645.745,-6912.2699999999995,484.56,-29369.565,-10147.545,-3898.5299999999997
-12484.89,-12128.22,-23650.965,-6901.605,484.515,-29365.289999999997,-10145.744999999999,-3902.1749999999997
-12467.564999999999,-12104.189999999999,-23614.155,-6854.804999999999,503.145,-29342.835,-10117.44,-3888.99
-12457.215,-12090.869999999999,-23578.875,-6804.945,516.96,-29329.065,-10101.33,-3877.02
-12461.265,-12099.33,-23592.555,-6820.74,502.78499999999997,-29352.96,-10112.039999999999,-3876.8849999999998
-12472.695,-12107.43,-23606.64,-6843.915,494.955,-29364.84,-10126.89,-3886.605
-12473.055,-12112.289999999999,-23618.07,-6856.0199999999995,493.875,-29358.045,-10128.015,-3887.2349999999997
-12465.27,-12101.49,-23612.805,-6858.36,499.85999999999996,-29347.469999999998,-10122.074999999999,-3882.24
-12469.545,-12103.83,-23608.754999999997,-6861.33,502.38,-29348.145,-10127.699999999999,-3887.1
-12470.265,-12106.8,-23606.954999999998,-6865.92,499.59,-29354.85,-10129.994999999999,-3884.4449999999997
-12469.005,-12107.609999999999,-23609.565,-6873.66,497.88,-29351.07,-10123.605,-3880.7549999999997
-12468.285,-12107.115,-23623.29,-6891.75,496.03499999999997,-29353.364999999998,-10125.99,-3881.835
-12464.145,-12098.205,-23618.16,-6887.115,492.03,-29362.32,-10132.92,-3882.7799999999997
-12464.01,-12104.64,-23625.18,-6894.2699999999995,490.68,-29361.555,-10125.045,-3877.6949999999997
-12466.035,-12109.59,-23618.204999999998,-6883.245,490.275,-29354.895,-10124.324999999999,-3878.955
-12470.625,-12109.814999999999,-23616.765,-6863.849999999999,488.205,-29361.87,-10137.465,-3888.3599999999997
-12471.029999999999,-12112.02,-23645.295,-6870.87,482.895,-29366.684999999998,-10136.43,-3887.055
-12468.195,-12103.74,-23630.895,-6859.889999999999,485.37,-29371.184999999998,-10138.635,-3884.49
-12470.49,-12103.65,-23608.53,-6898.455,472.5,-29381.265,-10143.539999999999,-3888.18
-12478.23,-12112.83,-23614.155,-6914.07,457.155,-29389.725,-10136.654999999999,-3896.145
-12486.824999999999,-12122.234999999999,-23625.495,-6857.865,458.505,-29398.364999999998,-10137.24,-3903.705
-12489.3,-12124.755,-23626.35,-6853.815,474.615,-29384.594999999998,-10139.49,-3903.39
-12465.72,-12100.455,-23597.594999999998,-6833.655,510.93,-29353.05,-10143.72,-3884.1299999999997
-12449.88,-12083.039999999999,-23585.399999999998,-6819.48,520.6949999999999,-29339.414999999997,-10129.14,-3871.7549999999997
-12449.115,-12080.925,-23590.305,-6828.165,520.0649999999999,-29338.245,-10131.119999999999,-3869.64
-12463.199999999999,-12098.025,-23605.02,-6846.21,500.31,-29350.395,-10124.865,-3875.4449999999997
-12465.765,-12102.119999999999,-23600.565,-6843.375,492.75,-29362.86,-10134.135,-3878.055
-12466.935,-12103.47,-23603.265,-6849.179999999999,487.84499999999997,-29372.399999999998,-10144.664999999999,-3881.835
-12464.46,-12098.07,-23599.35,-6843.15,501.84,-29357.504999999997,-10128.69,-3879.765
-12457.484999999999,-12087.675,-23588.37,-6829.425,519.435,-29340.45,-10117.71,-3876.5699999999997
-12463.965,-12094.515,-23597.684999999998,-6842.34,502.60499999999996,-29364.254999999997,-10149.39,-3884.805
-12477.195,-12104.82,-23608.8,-6857.28,485.055,-29385.719999999998,-10189.8,-3906.765
-12484.305,-12111.93,-23619.87,-6871.545,477.315,-29381.895,-10183.14,-3917.745
-12473.324999999999,-12104.234999999999,-23612.85,-6866.415,486.9,-29364.84,-10148.58,-3900.6
-12461.58,-12097.574999999999,-23608.71,-6864.57,498.645,-29339.414999999997,-10095.255,-3868.92
-12467.564999999999,-12105.539999999999,-23618.969999999998,-6881.58,484.56,-29358.855,-10105.605,-3871.17
-12485.295,-12124.98,-23639.445,-6904.125,451.84499999999997,-29394.27,-10124.279999999999,-3892.95
-12482.91,-12122.64,-23635.754999999997,-6892.469999999999,455.31,-29392.559999999998,-10116.63,-3888.6299999999997
-12468.24,-12100.32,-23604.12,-6843.96,489.51,-29360.745,-10112.67,-3883.455
-12461.445,-12088.484999999999,-23590.215,-6832.3949999999995,506.385,-29348.28,-10103.715,-3880.89
-12470.355,-12100.185,-23603.219999999998,-6849.945,491.49,-29377.844999999998,-10124.955,-3889.89
-12464.955,-12095.505,-23598.855,-6844.005,500.13,-29380.094999999998,-10153.305,-3886.065
-12463.965,-12096.18,-23599.395,-6845.49,499.85999999999996,-29365.425,-10164.51,-3882.105
-12465.63,-12101.715,-23603.715,-6846.3,502.515,-29345.76,-10162.17,-3881.205
-12469.455,-12109.32,-23620.184999999998,-6862.23,487.89,-29363.535,-10166.85,-3887.865
-12478.725,-12112.92,-23619.645,-6869.025,481.905,-29354.805,-10115.73,-3897.765
-12479.805,-12118.68,-23625.27,-6874.065,480.73499999999996,-29345.67,-10071.404999999999,-3885.795
-12486.779999999999,-12127.949999999999,-23636.879999999997,-6884.594999999999,474.39,-29354.129999999997,-10089.18,-3889.5299999999997
-12479.445,-12116.385,-23622.614999999998,-6865.469999999999,493.83,-29355.164999999997,-10107.945,-3886.47
-12468.555,-12103.695,-23601.555,-6847.29,512.595,-29349.09,-10111.32,-3879.4049999999997
-12470.625,-12114.404999999999,-23622.434999999998,-6879.33,495.04499999999996,-29352.69,-10109.744999999999,-3879.99
-12474.539999999999,-12124.215,-23653.844999999998,-6916.995,470.07,-29357.46,-10109.88,-3884.895
-12474.404999999999,-12117.24,-23643.629999999997,-6906.014999999999,479.385,-29343.239999999998,-10103.58,-3884.355
-12479.49,-12110.535,-23623.155,-6888.105,502.91999999999996,-29328.164999999997,-10113.615,-3888.9449999999997
-12487.095,-12127.32,-23645.475,-6891.12,495.495,-29351.16,-10146.105,-3890.745
-12488.805,-12131.595,-23667.344999999998,-6898.86,470.385,-29381.579999999998,-10161.945,-3894.795
-12487.095,-12129.66,-23664.195,-6909.795,460.935,-29388.825,-10155.15,-3896.415
-12483.585,-12121.064999999999,-23633.415,-6896.745,489.33,-29362.14,-10125.72,-3893.58
-12466.98,-12097.98,-23619.149999999998,-6923.61,507.28499999999997,-29338.829999999998,-10099.395,-3879.99
-12460.59,-12092.535,-23624.864999999998,-6965.6849999999995,485.72999999999996,-29345.355,-10108.395,-3877.605
-12469.41,-12097.529999999999,-23610.42,-6907.545,478.84499999999997,-29353.5,-10124.055,-3886.785
-12472.785,-12100.455,-23593.32,-6822.179999999999,485.19,-29365.245,-10138.05,-3890.7
-12473.414999999999,-12104.505,-23595.975,-6784.74,505.26,-29365.829999999998,-10140.615,-3890.115
-12471.615,-12097.529999999999,-23572.215,-6781.905,513.855,-29358.719999999998,-10138.32,-3889.2149999999997
-12469.23,-12097.98,-23593.094999999998,-6841.215,498.78,-29357.64,-10133.279999999999,-3886.515
-12477.24,-12112.56,-23630.94,-6878.34,486.585,-29356.785,-10120.949999999999,-3887.0099999999998
-12478.859999999999,-12116.744999999999,-23648.445,-6884.775,475.695,-29362.68,-10129.545,-3889.665
-12476.52,-12114.945,-23654.25,-6883.29,478.26,-29373.975,-10136.789999999999,-3886.92
-12478.814999999999,-12111.48,-23629.77,-6857.955,485.775,-29376.809999999998,-10148.67,-3895.3799999999997
-12472.154999999999,-12098.97,-23587.605,-6833.79,499.04999999999995,-29359.35,-10125.494999999999,-3891.7799999999997
-12460.23,-12091.14,-23589.18,-6834.78,508.455,-29338.739999999998,-10089.99,-3873.015
-12464.73,-12097.439999999999,-23596.02,-6832.08,494.685,-29348.1,-10102.994999999999,-3876.5699999999997
-12470.895,-12103.74,-23610.645,-6839.865,494.685,-29353.41,-10121.175,-3887.64
-12469.725,-12102.75,-23612.309999999998,-6839.505,496.84499999999997,-29353.95,-10126.89,-3886.245
-12472.965,-12106.845,-23613.344999999998,-6843.6449999999995,487.16999999999996,-29361.329999999998,-10129.23,-3885.8399999999997
-12475.529999999999,-12108.105,-23611.5,-6851.429999999999,479.96999999999997,-29366.19,-10125.045,-3886.74
-12474.225,-12102.074999999999,-23599.305,-6848.6849999999995,483.75,-29361.465,-10115.64,-3890.6099999999997
-12470.445,-12096.314999999999,-23593.59,-6843.24,491.66999999999996,-29346.704999999998,-10104.885,-3888.99
-12467.34,-12094.83,-23595.614999999998,-6843.465,494.46,-29352.645,-10115.82,-3886.47
-12469.77,-12100.904999999999,-23607.855,-6849.8099999999995,492.16499999999996,-29362.14,-10127.88,-3885.8399999999997
-12476.34,-12110.67,-23620.32,-6864.615,475.56,-29381.129999999997,-10146.465,-3888.72
-12477.869999999999,-12112.515,-23622.84,-6871.365,464.98499999999996,-29400.12,-10163.609999999999,-3895.3799999999997
-12469.32,-12100.545,-23610.42,-6858.179999999999,479.205,-29386.079999999998,-10146.869999999999,-3891.105
-12456.765,-12087.27,-23594.129999999997,-6837.075,509.265,-29332.035,-10080.359999999999,-3868.56
-12444.164999999999,-12073.59,-23579.73,-6821.955,524.295,-29318.895,-10095.029999999999,-3861.315
-12455.1,-12084.93,-23590.62,-6835.365,506.15999999999997,-29348.46,-10135.89,-3874.545
-12477.689999999999,-12112.74,-23621.805,-6868.844999999999,472.68,-29374.155,-10142.279999999999,-3889.575
-12502.484999999999,-12140.595,-23648.445,-6901.605,441.585,-29379.105,-10121.445,-3906.855
-12508.74,-12147.164999999999,-23659.02,-6910.0199999999995,437.98499999999996,-29377.26,-10090.664999999999,-3913.92
-12488.895,-12122.55,-23634.405,-6880.995,470.96999999999997,-29358.225,-10081.755,-3897.045
-12469.859999999999,-12103.74,-23613.39,-6858.0,493.335,-29349.989999999998,-10102.32,-3880.08
-12477.015,-12114.449999999999,-23626.485,-6877.53,466.60499999999996,-29374.155,-10123.154999999999,-3885.75
-12472.244999999999,-12106.664999999999,-23613.48,-6863.13,479.7,-29373.704999999998,-10153.26,-3885.975
-12465.09,-12091.814999999999,-23598.045,-6838.514999999999,507.78,-29356.829999999998,-10166.49,-3890.745
-12469.859999999999,-12097.26,-23604.795,-6847.155,499.22999999999996,-29354.94,-10156.904999999999,-3892.725
-12490.064999999999,-12129.48,-23641.515,-6885.405,462.015,-29382.93,-10154.52,-3896.73
-12491.505,-12131.595,-23646.195,-6887.655,463.85999999999996,-29377.17,-10149.615,-3901.14
-12481.605,-12112.425,-23625.27,-6866.28,498.195,-29326.545,-10083.24,-3890.295
-12474.855,-12104.369999999999,-23620.545,-6866.19,520.155,-29296.754999999997,-10035.449999999999,-3875.805
-12467.609999999999,-12102.029999999999,-23628.149999999998,-6891.615,504.99,-29327.805,-10075.23,-3875.7149999999997
-12468.645,-12106.395,-23631.704999999998,-6903.719999999999,484.335,-29355.254999999997,-10094.49,-3874.095
-12468.734999999999,-12115.439999999999,-23647.23,-6909.705,472.54499999999996,-29363.129999999997,-10097.595,-3869.73
-12466.305,-12096.045,-23611.86,-6850.62,494.37,-29352.149999999998,-10103.67,-3876.075
-12468.015,-12092.31,-23594.805,-6823.259999999999,502.515,-29348.684999999998,-10109.07,-3877.605
-12468.555,-12098.07,-23612.129999999997,-6852.915,493.10999999999996,-29353.635,-10115.955,-3878.415
-12480.48,-12110.355,-23622.39,-6870.195,478.34999999999997,-29364.84,-10123.38,-3890.3399999999997
-12492.494999999999,-12122.64,-23636.34,-6889.59,474.435,-29361.6,-10114.92,-3899.16
-12486.914999999999,-12114.63,-23633.55,-6890.355,471.645,-29367.899999999998,-10113.345,-3894.5249999999996
-12468.33,-12092.895,-23603.715,-6848.73,496.53,-29353.004999999997,-10115.505,-3879.1349999999998
-12467.34,-12095.145,-23617.215,-6870.105,495.35999999999996,-29355.48,-10126.845,-3879.0899999999997
-12476.609999999999,-12104.82,-23621.489999999998,-6862.094999999999,486.405,-29365.289999999997,-10139.85,-3888.6749999999997
-12480.93,-12108.779999999999,-23603.04,-6852.78,481.54499999999996,-29365.379999999997,-10142.955,-3891.96
-12480.345,-12118.725,-23624.145,-6880.005,470.34,-29365.155,-10125.404999999999,-3886.9649999999997
-12470.22,-12103.199999999999,-23619.915,-6853.724999999999,495.63,-29341.079999999998,-10098.27,-3876.075
-12470.039999999999,-12098.654999999999,-23607.945,-6843.465,501.57,-29339.594999999998,-10107.0,-3880.08
-12478.365,-12110.355,-23622.344999999998,-6875.46,482.13,-29357.864999999998,-10126.395,-3886.74
-12474.63,-12105.945,-23625.765,-6890.715,482.895,-29358.27,-10122.84,-3882.4649999999997
-12465.09,-12089.43,-23608.89,-6867.719999999999,491.625,-29360.25,-10133.73,-3884.1749999999997
-12463.92,-12083.175,-23585.309999999998,-6808.679999999999,507.51,-29352.735,-10122.48,-3882.915
-12458.115,-12080.43,-23580.855,-6796.215,513.18,-29348.864999999998,-10107.765,-3868.605
-12469.59,-12095.595,-23606.46,-6845.085,490.09499999999997,-29365.695,-10126.845,-3879.18
-12472.605,-12100.365,-23617.62,-6871.634999999999,480.33,-29369.43,-10138.095,-3884.31
-12473.01,-12097.89,-23611.454999999998,-6868.755,483.075,-29368.575,-10142.234999999999,-3882.96
-12472.515,-12103.74,-23622.48,-6872.13,483.93,-29366.325,-10126.755,-3868.3799999999997
-12469.05,-12097.529999999999,-23615.325,-6855.4349999999995,489.10499999999996,-29367.989999999998,-10148.76,-3876.2549999999997
-12475.484999999999,-12097.26,-23602.004999999997,-6829.65,490.635,-29371.77,-10153.89,-3890.7
-12501.045,-12129.84,-23635.395,-6872.535,454.365,-29394.719999999998,-10156.14,-3909.1499999999996
-12509.01,-12137.67,-23647.725,-6893.639999999999,436.5,-29411.19,-10171.845,-3924.855
-12495.914999999999,-12127.904999999999,-23641.2,-6893.415,433.16999999999996,-29429.954999999998,-10182.869999999999,-3914.19
-12477.779999999999,-12105.135,-23617.844999999998,-6865.155,463.32,-29415.825,-10157.31,-3893.85
-12453.615,-12068.505,-23572.71,-6805.71,538.38,-29330.864999999998,-10068.57,-3863.52
-12451.635,-12062.43,-23565.6,-6797.025,555.48,-29283.164999999997,-10015.335,-3867.345
-12451.32,-12065.085,-23571.27,-6808.634999999999,540.3149999999999,-29297.16,-10037.699999999999,-3873.645
-12461.355,-12082.994999999999,-23591.79,-6831.855,510.255,-29335.364999999998,-10067.715,-3871.98
-12478.32,-12105.765,-23616.719999999998,-6857.82,481.005,-29375.325,-10103.355,-3885.795
-12495.42,-12124.845,-23630.85,-6874.335,469.03499999999997,-29365.379999999997,-10087.199999999999,-3894.8849999999998
-12496.68,-12126.42,-23629.68,-6871.455,482.085,-29332.44,-10073.205,-3893.49
-12494.52,-12124.619999999999,-23634.18,-6869.655,485.01,-29345.67,-10084.635,-3892.41
-12496.5,-12129.029999999999,-23642.954999999998,-6882.525,467.82,-29376.675,-10111.41,-3893.67
-12490.74,-12121.965,-23636.879999999997,-6879.69,466.60499999999996,-29382.39,-10131.57,-3889.7549999999997
-12498.074999999999,-12128.58,-23647.094999999998,-6896.969999999999,459.53999999999996,-29385.629999999997,-10128.375,-3897.0899999999997
-12502.98,-12131.64,-23653.98,-6912.315,454.72499999999997,-29392.425,-10148.355,-3908.565
-12493.755,-12124.439999999999,-23646.78,-6903.585,461.60999999999996,-29389.86,-10154.205,-3897.8999999999996
-12474.765,-12100.185,-23614.649999999998,-6859.755,492.39,-29376.135,-10158.164999999999,-3886.29
-12482.505,-12117.015,-23626.125,-6854.355,478.395,-29373.704999999998,-10139.4,-3884.22
-12486.06,-12123.09,-23632.2,-6869.429999999999,478.26,-29342.024999999998,-10077.48,-3878.0099999999998
-12489.21,-12120.93,-23641.829999999998,-6905.835,486.22499999999997,-29336.535,-10078.065,-3887.865
-12495.869999999999,-12131.145,-23666.535,-6959.025,484.335,-29347.605,-10095.255,-3893.9849999999997
-12489.119999999999,-12118.68,-23662.17,-6971.445,475.38,-29362.14,-10106.82,-3898.71
-12472.605,-12099.195,-23626.665,-6897.465,490.77,-29340.405,-10080.72,-3883.455
-12472.154999999999,-12100.005,-23600.16,-6795.719999999999,515.25,-29329.02,-10069.154999999999,-3873.105
-12480.525,-12099.555,-23579.28,-6755.175,532.5749999999999,-29331.765,-10090.8,-3887.5049999999997
-12477.869999999999,-12099.689999999999,-23596.739999999998,-6812.639999999999,517.095,-29340.675,-10098.315,-3883.23
-12471.39,-12102.795,-23626.62,-6894.54,495.04499999999996,-29351.204999999998,-10099.125,-3874.95
-12474.18,-12110.895,-23641.469999999998,-6911.505,483.75,-29356.469999999998,-10101.195,-3877.065
-12483.045,-12112.47,-23636.969999999998,-6883.514999999999,478.71,-29360.789999999997,-10110.645,-3887.415
-12483.09,-12109.275,-23625.09,-6836.04,469.84499999999997,-29366.414999999997,-10118.475,-3888.0899999999997
-12475.619999999999,-12098.744999999999,-23592.195,-6852.33,458.955,-29366.414999999997,-10120.23,-3879.99
-12467.16,-12095.414999999999,-23594.94,-6893.73,464.805,-29368.754999999997,-10113.3,-3869.64
-12474.585,-12101.715,-23607.135,-6832.125,505.84499999999997,-29355.39,-10107.27,-3876.5699999999997
-12476.744999999999,-12098.97,-23610.78,-6819.525,526.41,-29343.285,-10111.77,-3885.345
-12475.755,-12095.279999999999,-23618.79,-6837.3,508.22999999999996,-29360.385,-10131.75,-3889.035
-12487.185,-12108.6,-23628.825,-6853.59,483.705,-29385.27,-10152.494999999999,-3897.54
-12488.715,-12116.564999999999,-23655.239999999998,-6875.55,475.10999999999996,-29378.565,-10142.145,-3895.4249999999997
-12478.455,-12110.265,-23657.085,-6894.405,477.04499999999996,-29351.024999999998,-10111.32,-3881.205
-12467.52,-12089.07,-23601.465,-6872.58,499.68,-29339.19,-10107.494999999999,-3876.165
-12466.619999999999,-12088.439999999999,-23591.745,-6876.63,491.625,-29349.855,-10106.055,-3873.915
-12475.89,-12101.22,-23604.84,-6852.375,508.365,-29355.39,-10125.945,-3879.72
-12484.664999999999,-12107.88,-23598.0,-6806.655,519.03,-29352.015,-10124.19,-3885.75
-12484.215,-12106.845,-23598.765,-6821.325,467.23499999999996,-29374.065,-10132.875,-3887.37
-12495.33,-12121.605,-23623.965,-6861.105,435.41999999999996,-29400.704999999998,-10169.55,-3898.575
-12485.205,-12109.005,-23614.829999999998,-6855.57,455.895,-29390.85,-10186.785,-3897.6749999999997
-12477.33,-12099.42,-23605.695,-6843.78,478.84499999999997,-29367.315,-10156.815,-3891.33
-12478.77,-12100.455,-23602.68,-6835.41,500.31,-29318.445,-10066.904999999999,-3879.0899999999997
-12464.505,-12087.0,-23590.215,-6822.179999999999,516.51,-29303.82,-10060.515,-3866.04
-12466.8,-12088.935,-23592.87,-6827.625,509.53499999999997,-29317.32,-10099.17,-3874.0499999999997
-12474.09,-12094.56,-23598.09,-6833.115,507.78,-29310.344999999998,-10084.5,-3879.225
-12472.83,-12092.49,-23597.055,-6834.33,506.385,-29317.05,-10088.775,-3879.81
-12472.605,-12094.695,-23600.565,-6840.495,498.06,-29332.395,-10100.925,-3878.73
-12465.27,-12088.17,-23596.11,-6837.57,499.275,-29340.27,-10113.48,-3872.565
-12463.605,-12082.904999999999,-23592.105,-6833.205,505.755,-29326.23,-10093.32,-3870.9449999999997
-12469.859999999999,-12088.439999999999,-23598.495,-6839.955,501.47999999999996,-29325.329999999998,-10099.17,-3879.225
-12475.08,-12095.64,-23607.135,-6850.035,489.51,-29349.405,-10156.41,-3889.305
-12462.119999999999,-12081.42,-23593.545,-6838.74,494.37,-29367.989999999998,-10208.43,-3882.105
-12466.664999999999,-12092.49,-23607.945,-6859.665,465.21,-29407.094999999998,-10220.895,-3879.1349999999998
-12474.225,-12101.535,-23621.94,-6881.67,446.805,-29430.18,-10216.215,-3889.62
-12482.189999999999,-12105.765,-23629.05,-6891.66,466.91999999999996,-29389.5,-10150.92,-3893.22
-12492.855,-12121.154999999999,-23644.53,-6897.6449999999995,491.58,-29320.155,-10044.9,-3878.64
-12502.664999999999,-12134.564999999999,-23653.485,-6894.764999999999,485.72999999999996,-29311.829999999998,-10055.789999999999,-3894.795
-12509.414999999999,-12141.72,-23650.065,-6878.115,470.88,-29337.84,-10090.44,-3904.2
-12494.609999999999,-12120.39,-23624.19,-6850.844999999999,492.435,-29324.114999999998,-10074.195,-3890.295
-12482.145,-12100.904999999999,-23604.48,-6831.405,510.65999999999997,-29314.575,-10079.64,-3884.895
-12484.89,-12108.689999999999,-23619.78,-6857.1449999999995,491.94,-29325.555,-10080.135,-3884.31
-12481.064999999999,-12107.025,-23620.725,-6857.55,490.995,-29319.254999999997,-10068.255,-3879.765
-12473.505,-12095.145,-23601.735,-6829.5599999999995,509.31,-29313.09,-10088.865,-3881.835
-12484.664999999999,-12109.68,-23611.274999999998,-6845.49,483.705,-29335.23,-10123.425,-3890.9249999999997
-12494.07,-12122.369999999999,-23627.879999999997,-6867.09,466.83,-29354.399999999998,-10134.494999999999,-3899.6549999999997
-12491.955,-12114.72,-23618.52,-6860.429999999999,480.24,-29343.555,-10123.38,-3902.58
-12483.27,-12109.14,-23622.434999999998,-6868.844999999999,487.125,-29336.85,-10095.57,-3887.415
-12467.699999999999,-12094.92,-23620.364999999998,-6878.25,501.435,-29332.53,-10096.199999999999,-3870.9449999999997
-12472.74,-12096.314999999999,-23621.489999999998,-6900.075,485.46,-29349.405,-10116.045,-3878.595
-12482.055,-12107.025,-23628.69,-6922.665,473.49,-29346.75,-10120.455,-3884.7149999999997
-12485.88,-12117.465,-23637.195,-6924.87,465.03,-29338.965,-10117.755,-3884.22
-12489.345,-12120.975,-23638.274999999998,-6890.49,473.13,-29332.844999999998,-10116.359999999999,-3885.93
-12492.09,-12118.814999999999,-23640.704999999998,-6862.59,477.135,-29343.195,-10132.875,-3893.625
-12494.97,-12114.09,-23615.19,-6816.285,495.35999999999996,-29334.329999999998,-10136.205,-3899.6549999999997
-12486.105,-12105.765,-23605.965,-6814.08,493.02,-29341.26,-10133.73,-3892.68
-12482.189999999999,-12100.68,-23611.995,-6834.69,494.59499999999997,-29336.715,-10124.685,-3893.22
-12486.555,-12112.56,-23635.17,-6872.94,487.53,-29329.379999999997,-10102.14,-3890.0699999999997
-12476.205,-12103.875,-23620.905,-6866.46,495.85499999999996,-29309.895,-10089.0,-3881.25
-12472.02,-12091.59,-23611.23,-6861.42,502.02,-29309.219999999998,-10103.49,-3884.265
-12471.66,-12087.09,-23610.87,-6845.219999999999,501.65999999999997,-29311.829999999998,-10097.414999999999,-3881.745
-12469.185,-12086.595,-23603.04,-6826.679999999999,499.72499999999997,-29320.02,-10104.255,-3878.64
-12464.865,-12083.445,-23598.045,-6835.95,493.56,-29324.204999999998,-10099.484999999999,-3868.9649999999997
-12471.57,-12090.285,-23594.175,-6832.889999999999,486.27,-29333.7,-10112.58,-3874.0049999999997
-12481.515,-12099.42,-23603.085,-6860.745,466.91999999999996,-29348.594999999998,-10140.255,-3883.95
-12486.689999999999,-12115.755,-23649.03,-6892.5599999999995,457.155,-29358.18,-10153.664999999999,-3885.075
-12481.74,-12109.095,-23629.77,-6850.259999999999,455.715,-29346.03,-10133.73,-3883.8599999999997
-12485.295,-12099.555,-23587.065,-6799.724999999999,479.60999999999996,-29336.085,-10093.635,-3890.295
-12478.275,-12088.395,-23569.739999999998,-6795.045,497.835,-29325.105,-10068.525,-3882.375
-12472.695,-12088.305,-23590.53,-6865.65,490.995,-29334.105,-10094.715,-3881.205
-12474.539999999999,-12088.439999999999,-23593.545,-6838.92,499.185,-29318.399999999998,-10093.05,-3880.71
-12474.09,-12087.314999999999,-23590.125,-6824.115,501.075,-29323.26,-10102.904999999999,-3876.93
-12474.9,-12092.625,-23598.315,-6836.4,488.88,-29343.87,-10127.52,-3875.58
-12473.01,-12092.13,-23601.329999999998,-6843.42,486.04499999999996,-29350.53,-10137.555,-3878.055
-12478.814999999999,-12096.675,-23605.02,-6844.905,489.10499999999996,-29338.155,-10121.085,-3885.93
-12478.41,-12093.3,-23600.7,-6839.55,495.585,-29329.155,-10107.045,-3887.8199999999997
-12487.095,-12104.055,-23613.704999999998,-6857.955,470.88,-29362.364999999998,-10148.175,-3898.44
-12500.189999999999,-12123.045,-23636.34,-6883.83,441.63,-29396.34,-10186.56,-3908.115
-12484.845,-12108.689999999999,-23617.62,-6868.98,454.905,-29374.02,-10155.96,-3887.415
-12485.34,-12112.56,-23618.61,-6866.955,464.94,-29345.265,-10084.365,-3871.665
-12484.484999999999,-12107.025,-23612.129999999997,-6851.655,488.7,-29325.015,-10074.375,-3873.24
-12478.365,-12097.89,-23607.27,-6843.554999999999,494.19,-29333.43,-10085.58,-3871.44
-12486.33,-12104.145,-23619.51,-6862.32,466.335,-29363.265,-10114.109999999999,-3890.79
-12500.64,-12123.945,-23641.92,-6888.195,441.71999999999997,-29381.219999999998,-10128.824999999999,-3900.42
-12501.314999999999,-12124.529999999999,-23642.64,-6889.59,440.37,-29391.84,-10142.82,-3903.075
-12476.34,-12096.765,-23612.805,-6856.245,480.51,-29360.565,-10128.779999999999,-3878.19
-12471.39,-12086.369999999999,-23596.785,-6834.96,507.41999999999996,-29330.37,-10111.68,-3881.3849999999998
-12465.045,-12074.4,-23578.469999999998,-6810.255,533.43,-29304.855,-10095.705,-3879.72
-12458.205,-12068.64,-23574.149999999998,-6809.849999999999,529.56,-29315.655,-10095.435,-3870.315
-12465.314999999999,-12080.699999999999,-23589.09,-6827.985,511.56,-29330.73,-10099.395,-3871.89
-12478.545,-12097.89,-23606.504999999997,-6853.005,479.7,-29355.704999999998,-10124.055,-3886.605
-12488.265,-12111.93,-23626.215,-6878.969999999999,449.59499999999997,-29385.315,-10175.355,-3900.285
-12490.92,-12113.145,-23635.665,-6894.54,438.435,-29400.3,-10206.135,-3913.83
-12496.994999999999,-12120.93,-23641.92,-6895.035,457.60499999999996,-29366.73,-10143.539999999999,-3908.0699999999997
-12476.609999999999,-12091.5,-23596.245,-6827.58,540.135,-29275.739999999998,-10026.765,-3871.575
-12479.13,-12092.715,-23601.375,-6834.87,530.1,-29280.6,-10014.84,-3871.35
-12499.154999999999,-12123.27,-23638.05,-6882.255,481.5,-29324.745,-10063.395,-3889.17
-12495.689999999999,-12128.175,-23649.795,-6903.8099999999995,471.555,-29345.579999999998,-10081.08,-3881.295
-12494.789999999999,-12124.439999999999,-23658.48,-6944.445,465.57,-29354.265,-10095.885,-3886.065
-12496.05,-12118.814999999999,-23662.215,-6963.705,459.315,-29354.895,-10102.095,-3892.5
-12496.545,-12120.164999999999,-23660.28,-6949.304999999999,455.715,-29356.695,-10109.43,-3893.85
-12496.68,-12113.955,-23628.645,-6875.054999999999,481.995,-29346.075,-10118.475,-3896.955
-12490.83,-12101.76,-23589.045,-6804.8099999999995,499.85999999999996,-29345.895,-10132.425,-3896.5049999999997
-12482.145,-12104.145,-23617.395,-6854.13,476.955,-29359.215,-10125.63,-3884.94
-12490.064999999999,-12122.414999999999,-23649.165,-6883.0199999999995,458.055,-29353.32,-10102.949999999999,-3881.295
-12489.48,-12117.105,-23644.215,-6885.719999999999,450.71999999999997,-29357.64,-10110.555,-3882.555
-12490.109999999999,-12116.07,-23650.29,-6891.165,454.365,-29368.17,-10122.75,-3886.6949999999997
-12490.965,-12105.225,-23600.655,-6840.495,500.445,-29346.03,-10112.715,-3891.105
-12486.465,-12105.0,-23601.465,-6836.13,490.54499999999996,-29326.68,-10098.494999999999,-3885.8849999999998
-12490.064999999999,-12113.279999999999,-23644.53,-6863.67,475.78499999999997,-29334.96,-10107.539999999999,-3890.205
-12491.369999999999,-12111.119999999999,-23667.885,-6897.915,468.495,-29352.239999999998,-10122.029999999999,-3892.995
-12495.24,-12117.33,-23644.89,-6885.045,467.145,-29365.2,-10133.91,-3891.87
-12491.01,-12107.789999999999,-23580.765,-6821.37,450.04499999999996,-29368.754999999997,-10143.81,-3884.7149999999997
-12492.585,-12110.13,-23603.535,-6834.33,468.35999999999996,-29376.989999999998,-10159.109999999999,-3887.8199999999997
-12508.335,-12129.029999999999,-23632.649999999998,-6869.07,431.685,-29404.17,-10196.685,-3903.165
-12512.835,-12136.05,-23639.399999999998,-6878.655,435.51,-29409.614999999998,-10207.89,-3911.355
-12505.14,-12120.119999999999,-23624.37,-6862.815,453.15,-29386.305,-10188.135,-3915.27
-12495.555,-12106.755,-23608.395,-6848.955,474.255,-29344.32,-10128.33,-3902.85
-12490.605,-12100.185,-23604.165,-6842.61,483.615,-29339.684999999998,-10122.345,-3899.6099999999997
-12492.045,-12109.994999999999,-23619.915,-6861.375,461.385,-29361.555,-10128.779999999999,-3892.545
-12491.64,-12113.01,-23618.745,-6866.55,456.65999999999997,-29346.254999999997,-10097.414999999999,-3884.625
-12493.935,-12115.619999999999,-23618.204999999998,-6865.0199999999995,463.09499999999997,-29330.73,-10083.375,-3879.6299999999997
-12493.305,-12113.64,-23620.14,-6863.67,468.71999999999997,-29330.37,-10099.44,-3887.8199999999997
-12490.02,-12108.15,-23619.6,-6864.48,465.93,-29349.09,-10132.289999999999,-3895.74
-12488.939999999999,-12105.72,-23616.45,-6856.2,478.62,-29332.17,-10094.94,-3883.5899999999997
-12488.76,-12106.35,-23617.665,-6860.384999999999,474.435,-29323.844999999998,-10083.06,-3887.0099999999998
-12495.51,-12116.16,-23627.565,-6871.455,466.78499999999997,-29314.395,-10042.244999999999,-3887.5049999999997
-12486.914999999999,-12103.56,-23615.594999999998,-6856.0199999999995,483.615,-29315.114999999998,-10041.48,-3882.1949999999997
-12481.515,-12091.14,-23601.735,-6839.37,497.96999999999997,-29338.92,-10110.645,-3891.4649999999997
-12482.055,-12091.41,-23602.635,-6842.7,490.40999999999997,-29352.015,-10140.75,-3898.08
-12478.77,-12089.385,-23600.25,-6839.955,495.585,-29326.14,-10117.574999999999,-3894.705
-12463.02,-12071.43,-23582.024999999998,-6818.67,521.1899999999999,-29290.905,-10083.24,-3876.5249999999996
-12476.52,-12093.21,-23605.785,-6845.219999999999,495.585,-29309.219999999998,-10070.505,-3873.4649999999997
-12491.775,-12113.91,-23629.05,-6871.679999999999,465.705,-29349.045,-10111.5,-3887.955
-12499.064999999999,-12120.84,-23633.91,-6871.59,465.75,-29358.18,-10134.765,-3896.415
-12498.074999999999,-12117.375,-23630.535,-6867.945,466.78499999999997,-29362.995,-10138.275,-3898.845
-12488.445,-12106.755,-23624.684999999998,-6869.7,461.47499999999997,-29362.545,-10111.05,-3888.9449999999997
-12489.615,-12106.98,-23627.295,-6878.295,452.7,-29372.219999999998,-10098.765,-3886.245
-12498.029999999999,-12118.77,-23635.305,-6881.04,451.66499999999996,-29380.725,-10120.815,-3895.92
-12494.925,-12120.074999999999,-23637.465,-6880.139999999999,461.96999999999997,-29361.015,-10123.515,-3890.79
-12471.885,-12091.5,-23603.715,-6841.98,499.22999999999996,-29326.41,-10116.18,-3872.16
-12478.545,-12092.355,-23602.635,-6835.59,503.055,-29319.3,-10106.955,-3878.955
-12485.52,-12101.67,-23616.809999999998,-6856.695,490.635,-29326.995,-10108.305,-3885.2549999999997
-12482.324999999999,-12100.994999999999,-23622.75,-6876.405,479.565,-29334.6,-10110.645,-3884.9849999999997
-12486.015,-12101.67,-23623.739999999998,-6888.825,479.60999999999996,-29331.899999999998,-10108.395,-3890.295
-12491.055,-12106.395,-23631.344999999998,-6891.48,481.635,-29332.44,-10109.34,-3895.02
-12489.074999999999,-12105.63,-23635.844999999998,-6882.615,476.685,-29341.305,-10115.64,-3893.22
-12481.199999999999,-12098.699999999999,-23617.665,-6838.469999999999,484.60499999999996,-29344.635,-10120.545,-3884.49
-12488.715,-12103.92,-23605.379999999997,-6813.09,487.16999999999996,-29337.39,-10116.9,-3889.2149999999997
-12492.539999999999,-12104.64,-23607.719999999998,-6823.44,481.5,-29337.254999999997,-10118.744999999999,-3894.21
-12487.949999999999,-12104.64,-23621.985,-6849.179999999999,465.885,-29350.53,-10121.49,-3889.7999999999997
-12482.73,-12102.525,-23627.565,-6880.634999999999,471.465,-29346.614999999998,-10109.654999999999,-3880.5299999999997
-12486.6,-12111.029999999999,-23645.295,-6941.07,470.43,-29336.625,-10105.154999999999,-3880.7549999999997
-12494.654999999999,-12124.89,-23664.51,-6950.295,450.53999999999996,-29352.015,-10117.125,-3885.21
-12497.715,-12123.404999999999,-23655.239999999998,-6940.844999999999,424.8,-29379.78,-10141.109999999999,-3891.375
-12496.455,-12114.045,-23635.485,-6896.969999999999,439.875,-29383.785,-10160.19,-3897.585
-12504.96,-12119.939999999999,-23632.29,-6852.15,443.025,-29394.135,-10184.445,-3909.96
-12504.869999999999,-12118.095,-23612.895,-6810.075,457.74,-29385.585,-10176.57,-3906.8999999999996
-12502.215,-12120.84,-23630.085,-6851.07,456.615,-29378.16,-10167.57,-3904.6499999999996
-12500.055,-12124.395,-23644.62,-6879.78,444.465,-29373.57,-10130.76,-3890.0249999999996
-12492.18,-12113.1,-23631.75,-6870.105,451.575,-29357.64,-10098.72,-3877.9649999999997
-12497.445,-12108.42,-23618.969999999998,-6853.545,459.04499999999996,-29359.844999999998,-10127.88,-3899.205
-12507.66,-12120.795,-23627.204999999998,-6857.955,459.27,-29357.64,-10125.765,-3911.7149999999997
-12490.47,-12097.619999999999,-23604.21,-6834.915,499.85999999999996,-29314.17,-10082.565,-3897.81
-12474.585,-12081.645,-23590.98,-6822.2699999999995,509.21999999999997,-29307.059999999998,-10071.81,-3882.825
-12485.115,-12102.3,-23613.344999999998,-6845.4,484.28999999999996,-29333.43,-10082.744999999999,-3876.705
-12507.93,-12128.355,-23643.54,-6883.38,440.145,-29387.835,-10148.039999999999,-3900.6
-12511.755,-12135.105,-23654.565,-6901.65,418.85999999999996,-29414.745,-10174.59,-3907.7549999999997
-12500.414999999999,-12119.76,-23638.454999999998,-6885.495,434.745,-29399.94,-10150.065,-3898.08
-12480.164999999999,-12096.72,-23610.96,-6850.3949999999995,475.65,-29345.715,-10070.369999999999,-3864.42
-12481.695,-12097.529999999999,-23614.739999999998,-6857.1449999999995,468.63,-29346.795,-10070.91,-3875.7599999999998
-12490.605,-12101.4,-23620.68,-6869.16,455.085,-29361.87,-10082.744999999999,-3899.9249999999997
-12487.814999999999,-12100.545,-23621.129999999997,-6869.384999999999,460.53,-29355.93,-10078.965,-3894.2549999999997
-12481.65,-12091.994999999999,-23609.204999999998,-6850.71,484.56,-29343.105,-10115.369999999999,-3891.33
-12495.195,-12111.3,-23626.71,-6863.445,473.84999999999997,-29356.379999999997,-10142.775,-3897.9449999999997
-12494.52,-12111.75,-23624.864999999998,-6859.755,475.10999999999996,-29353.995,-10145.97,-3897.315
-12502.395,-12116.115,-23632.469999999998,-6869.88,466.56,-29362.725,-10130.49,-3903.48
-12505.05,-12124.035,-23651.055,-6901.875,459.63,-29369.565,-10108.755,-3896.055
-12489.435,-12108.96,-23639.85,-6900.03,486.27,-29336.76,-10083.24,-3883.545
-12484.89,-12100.814999999999,-23630.445,-6897.105,489.375,-29329.425,-10082.34,-3882.7799999999997
-12487.365,-12104.055,-23630.85,-6890.849999999999,477.945,-29331.989999999998,-10082.43,-3882.06
-12494.025,-12116.25,-23635.485,-6871.995,468.765,-29339.145,-10084.23,-3883.3199999999997
-12499.289999999999,-12123.81,-23633.774999999998,-6873.48,458.09999999999997,-29343.825,-10088.595,-3885.0299999999997
-12494.88,-12114.045,-23625.719999999998,-6889.32,445.40999999999997,-29348.414999999997,-10095.84,-3886.245
-12489.705,-12107.789999999999,-23623.739999999998,-6889.275,439.425,-29358.045,-10106.279999999999,-3885.5249999999996
-12489.435,-12107.925,-23626.665,-6880.7699999999995,443.60999999999996,-29374.065,-10118.835,-3887.73
-12493.619999999999,-12113.369999999999,-23651.19,-6950.07,472.275,-29363.489999999998,-10114.425,-3889.7999999999997
-12494.52,-12117.33,-23685.524999999998,-7000.38,492.34499999999997,-29353.364999999998,-10107.494999999999,-3888.4049999999997
-12494.97,-12124.98,-23698.62,-7014.465,452.52,-29360.969999999998,-10110.69,-3887.2799999999997
-12497.31,-12128.85,-23700.059999999998,-7003.889999999999,458.59499999999997,-29362.545,-10116.404999999999,-3890.835
-12497.039999999999,-12115.395,-23641.739999999998,-6880.365,548.235,-29334.239999999998,-10110.6,-3892.725
-12499.83,-12108.42,-23580.989999999998,-6745.23,527.355,-29331.899999999998,-10112.039999999999,-3895.605
-12493.305,-12102.48,-23579.28,-6765.974999999999,453.41999999999996,-29350.934999999998,-10117.664999999999,-3890.565
-12487.545,-12095.055,-23592.645,-6815.25,466.83,-29346.614999999998,-10115.82,-3886.74
-12494.43,-12106.26,-23622.614999999998,-6869.61,448.10999999999996,-29353.68,-10128.555,-3893.31
-12497.58,-12118.725,-23640.344999999998,-6872.264999999999,433.575,-29357.684999999998,-10136.115,-3894.795
-12504.105,-12124.71,-23647.59,-6857.009999999999,451.08,-29367.765,-10147.365,-3900.87
-12513.555,-12131.775,-23657.04,-6868.485,443.29499999999996,-29377.305,-10160.369999999999,-3908.8799999999997
-12508.83,-12121.02,-23621.445,-6849.585,445.22999999999996,-29375.91,-10158.705,-3899.565
-12519.314999999999,-12135.645,-23637.555,-6868.215,417.41999999999996,-29405.43,-10194.975,-3910.0049999999997
-12506.445,-12124.395,-23634.585,-6871.995,413.685,-29400.075,-10165.41,-3894.705
-12490.785,-12105.135,-23615.684999999998,-6854.58,441.85499999999996,-29367.315,-10126.484999999999,-3884.625
-12497.085,-12114.855,-23624.91,-6854.58,466.965,-29307.42,-10046.43,-3880.575
-12485.699999999999,-12097.305,-23606.64,-6835.7699999999995,496.48499999999996,-29273.309999999998,-10032.525,-3873.825
-12492.27,-12101.67,-23615.19,-6851.565,473.625,-29308.32,-10085.805,-3889.035
-12500.685,-12115.664999999999,-23631.344999999998,-6870.375,450.765,-29338.965,-10102.14,-3895.92
-12498.84,-12113.055,-23628.555,-6867.045,450.18,-29354.039999999997,-10120.815,-3898.62
-12497.265,-12113.91,-23629.725,-6868.485,449.145,-29361.645,-10131.48,-3895.47
-12488.67,-12097.619999999999,-23610.78,-6848.19,470.88,-29345.445,-10126.98,-3893.04
-12486.96,-12095.369999999999,-23610.735,-6849.63,471.78,-29339.145,-10121.13,-3894.165
-12490.289999999999,-12102.705,-23613.84,-6853.23,469.03499999999997,-29325.195,-10106.19,-3886.6949999999997
-12507.75,-12120.795,-23635.8,-6877.9349999999995,440.72999999999996,-29357.82,-10134.404999999999,-3906.855
-12514.904999999999,-12128.715,-23648.04,-6891.705,430.60499999999996,-29375.954999999998,-10154.97,-3915.855
-12509.775,-12127.095,-23648.445,-6892.245,433.84499999999997,-29376.539999999997,-10169.1,-3911.49
-12494.654999999999,-12116.295,-23634.809999999998,-6872.625,448.91999999999996,-29369.789999999997,-10142.82,-3880.7549999999997
-12482.414999999999,-12102.975,-23625.09,-6865.785,453.78,-29369.52,-10130.67,-3865.815
-12490.83,-12103.695,-23618.969999999998,-6856.83,469.97999999999996,-29336.219999999998,-10095.255,-3879.765
-12504.869999999999,-12129.345,-23645.25,-6878.384999999999,457.965,-29323.71,-10049.625,-3878.91
-12508.965,-12127.77,-23646.329999999998,-6884.505,442.755,-29358.135,-10092.869999999999,-3892.8599999999997
-12517.154999999999,-12127.635,-23643.315,-6881.175,443.29499999999996,-29360.835,-10095.21,-3903.615
-12504.015,-12115.529999999999,-23636.204999999998,-6877.304999999999,465.34499999999997,-29337.164999999997,-10075.095,-3891.96
-12491.505,-12101.625,-23626.575,-6876.09,481.68,-29322.27,-10069.154999999999,-3882.7799999999997
-12485.835,-12093.48,-23617.89,-6869.61,481.32,-29331.27,-10084.185,-3883.095
-12486.914999999999,-12093.93,-23617.89,-6862.545,467.82,-29358.945,-10107.315,-3885.705
-12494.97,-12100.814999999999,-23617.305,-6848.415,455.03999999999996,-29372.67,-10107.675,-3894.12
-12495.51,-12102.48,-23624.64,-6868.575,452.925,-29372.67,-10111.14,-3895.47
-12492.359999999999,-12100.545,-23624.82,-6873.84,471.96,-29340.855,-10100.43,-3885.5249999999996
-12495.51,-12107.115,-23630.175,-6882.075,469.395,-29339.91,-10095.345,-3882.69
-12497.67,-12109.095,-23628.915,-6886.17,454.995,-29360.925,-10110.195,-3888.72
-12495.42,-12107.205,-23632.11,-6880.365,464.21999999999997,-29366.594999999998,-10115.73,-3887.8199999999997
-12499.785,-12115.484999999999,-23651.19,-6889.634999999999,464.58,-29348.91,-10108.755,-3889.44
-12498.57,-12113.369999999999,-23641.739999999998,-6879.69,460.16999999999996,-29345.265,-10105.289999999999,-3887.8199999999997
-12491.505,-12105.27,-23632.469999999998,-6889.905,462.96,-29340.18,-10097.145,-3882.69
-12496.05,-12108.779999999999,-23643.09,-6910.695,459.81,-29344.004999999997,-10106.414999999999,-3888.18
-12502.664999999999,-12116.295,-23642.28,-6887.925,456.97499999999997,-29351.879999999997,-10114.065,-3892.23
-12502.98,-12124.215,-23651.594999999998,-6887.295,444.73499999999996,-29364.344999999998,-10118.52,-3890.475
-12499.109999999999,-12114.494999999999,-23627.52,-6866.865,442.97999999999996,-29360.385,-10111.77,-3890.3399999999997
-12494.205,-12100.185,-23614.605,-6865.38,463.185,-29343.555,-10099.395,-3890.8799999999997
-12491.369999999999,-12097.26,-23622.39,-6866.099999999999,462.91499999999996,-29346.03,-10104.48,-3890.0699999999997
-12498.885,-12105.314999999999,-23613.12,-6823.215,469.71,-29344.815,-10108.89,-3894.345
-12504.195,-12113.775,-23617.665,-6838.605,455.085,-29353.364999999998,-10112.805,-3896.2799999999997
-12506.67,-12117.869999999999,-23637.915,-6875.235,433.755,-29363.039999999997,-10114.695,-3897.18
-12503.744999999999,-12111.435,-23633.1,-6861.87,452.29499999999996,-29348.55,-10105.65,-3893.3999999999996
-12505.095,-12116.205,-23638.454999999998,-6843.105,464.085,-29354.715,-10121.13,-3896.055
-12503.97,-12113.595,-23627.114999999998,-6873.57,462.87,-29365.829999999998,-10145.115,-3896.5049999999997
-12505.41,-12110.939999999999,-23623.515,-6857.775,457.46999999999997,-29368.844999999998,-10136.744999999999,-3900.105
-12505.904999999999,-12108.375,-23627.385,-6854.715,459.71999999999997,-29365.065,-10128.33,-3904.1549999999997
-12507.435,-12112.92,-23626.8,-6842.34,464.085,-29351.34,-10101.914999999999,-3895.9649999999997
-12513.555,-12126.465,-23640.48,-6882.84,433.48499999999996,-29373.03,-10118.699999999999,-3892.77
-12516.164999999999,-12132.81,-23652.855,-6899.67,418.455,-29398.094999999998,-10145.43,-3897.045
-12514.59,-12128.31,-23650.29,-6896.07,427.455,-29387.7,-10133.01,-3901.2749999999996
-12502.035,-12112.74,-23630.579999999998,-6870.554999999999,456.255,-29354.399999999998,-10090.305,-3885.75
-12496.725,-12107.115,-23624.46,-6862.365,461.88,-29350.079999999998,-10078.83,-3883.23
-12486.015,-12096.404999999999,-23615.504999999997,-6857.415,464.895,-29353.59,-10094.94,-3878.91
-12484.35,-12092.445,-23610.239999999998,-6851.025,474.21,-29347.739999999998,-10099.89,-3879.765
-12477.645,-12078.0,-23592.375,-6828.03,499.22999999999996,-29328.48,-10081.529999999999,-3878.145
-12489.164999999999,-12093.3,-23608.305,-6845.849999999999,479.115,-29343.465,-10076.355,-3882.645
-12514.904999999999,-12128.22,-23646.375,-6887.565,436.09499999999997,-29376.855,-10093.635,-3897.045
-12524.805,-12141.72,-23664.915,-6909.48,416.07,-29391.795,-10106.595,-3905.37
-12508.92,-12121.965,-23640.254999999997,-6884.594999999999,440.145,-29389.364999999998,-10134.494999999999,-3895.83
-12505.365,-12117.555,-23637.105,-6880.23,444.825,-29397.69,-10166.535,-3901.2749999999996
-12508.47,-12117.824999999999,-23637.915,-6883.2,439.875,-29394.989999999998,-10150.965,-3906.0
-12503.295,-12112.65,-23627.34,-6875.415,444.96,-29371.14,-10101.555,-3894.8849999999998
-12492.225,-12106.26,-23625.629999999997,-6866.775,456.075,-29366.73,-10081.71,-3876.705
-12493.035,-12108.465,-23630.535,-6874.0199999999995,440.90999999999997,-29407.23,-10140.119999999999,-3884.3999999999996
-12500.955,-12114.539999999999,-23635.98,-6885.99,432.495,-29414.745,-10166.355,-3898.7999999999997
-12509.955,-12117.869999999999,-23638.004999999997,-6896.205,435.465,-29399.76,-10142.234999999999,-3910.455
-12516.029999999999,-12126.645,-23652.989999999998,-6920.28,428.13,-29398.995,-10109.744999999999,-3910.14
-12516.885,-12133.215,-23658.93,-6922.889999999999,440.90999999999997,-29382.39,-10089.945,-3898.845
-12508.965,-12124.305,-23644.17,-6881.445,493.78499999999997,-29345.895,-10078.02,-3891.015
-12496.005,-12107.475,-23622.165,-6847.425,479.88,-29340.45,-10081.17,-3886.335
-12496.005,-12104.73,-23623.379999999997,-6864.57,462.51,-29362.23,-10110.105,-3897.0899999999997
-12496.814999999999,-12103.74,-23624.145,-6875.505,472.40999999999997,-29355.75,-10098.225,-3895.47
-12496.365,-12108.465,-23627.879999999997,-6878.88,469.48499999999996,-29346.614999999998,-10068.48,-3880.89
-12499.965,-12116.744999999999,-23637.735,-6869.565,462.51,-29349.945,-10080.449999999999,-3887.2799999999997
-12500.775,-12114.314999999999,-23635.44,-6875.6849999999995,456.255,-29370.42,-10093.68,-3888.585
-12498.795,-12111.255,-23619.825,-6862.545,452.385,-29385.899999999998,-10098.225,-3884.9849999999997
-12505.005,-12118.68,-23626.665,-6856.11,450.81,-29388.735,-10106.279999999999,-3891.5099999999998
-12508.515,-12125.25,-23655.329999999998,-6879.33,448.74,-29385.945,-10108.44,-3893.85
-12504.015,-12116.295,-23639.219999999998,-6883.335,453.69,-29376.989999999998,-10097.414999999999,-3889.35
-12504.779999999999,-12118.59,-23651.415,-6930.09,442.66499999999996,-29382.39,-10100.654999999999,-3893.1299999999997
-12504.42,-12127.59,-23682.285,-6980.3099999999995,424.395,-29393.01,-10115.73,-3893.49
-12503.07,-12127.365,-23693.76,-7000.514999999999,413.01,-29401.379999999997,-10131.48,-3890.79
-12514.23,-12125.744999999999,-23663.565,-6931.035,432.18,-29388.239999999998,-10131.255,-3901.545
-12517.02,-12132.539999999999,-23658.254999999997,-6860.745,436.905,-29381.085,-10124.55,-3901.68
-12522.914999999999,-12146.49,-23698.395,-6860.565,414.27,-29387.43,-10118.43,-3905.145
-12512.699999999999,-12122.955,-23656.23,-6875.325,441.04499999999996,-29369.25,-10101.914999999999,-3899.8799999999997
-12507.119999999999,-12113.595,-23612.94,-6910.83,468.405,-29366.145,-10101.24,-3896.73
-12510.404999999999,-12120.525,-23616.719999999998,-6874.11,489.645,-29362.004999999997,-10101.33,-3896.145
-12511.529999999999,-12112.064999999999,-23609.204999999998,-6810.255,490.14,-29365.739999999998,-10105.785,-3899.79
-12513.15,-12113.414999999999,-23610.465,-6816.915,472.85999999999996,-29369.295,-10113.615,-3902.58
-12508.38,-12108.33,-23614.92,-6851.295,456.47999999999996,-29366.64,-10114.289999999999,-3899.835
-12508.335,-12110.805,-23620.094999999998,-6863.219999999999,463.09499999999997,-29364.524999999998,-10112.49,-3897.9449999999997
-12505.095,-12110.265,-23625.945,-6872.985,454.32,-29377.44,-10111.994999999999,-3893.04
-12508.74,-12119.67,-23643.855,-6887.61,439.245,-29391.48,-10116.585,-3891.105
-12508.74,-12118.994999999999,-23636.475,-6869.565,439.83,-29394.855,-10118.07,-3889.7999999999997
-12507.885,-12115.664999999999,-23632.155,-6870.599999999999,439.56,-29396.25,-10122.795,-3892.545
-12506.535,-12110.31,-23630.219999999998,-6870.195,449.01,-29382.975,-10119.6,-3896.865
-12512.115,-12113.865,-23630.355,-6867.945,445.5,-29382.03,-10122.705,-3906.4049999999997
-12514.814999999999,-12118.095,-23632.29,-6871.7699999999995,438.34499999999997,-29385.539999999997,-10121.984999999999,-3906.315
-12514.365,-12121.92,-23639.355,-6882.705,431.55,-29383.829999999998,-10110.869999999999,-3900.645
-12510.81,-12121.425,-23641.379999999997,-6883.695,434.29499999999996,-29381.129999999997,-10110.869999999999,-3891.915
-12509.82,-12118.68,-23639.085,-6881.849999999999,432.53999999999996,-29397.015,-10152.045,-3901.815
-12512.43,-12116.88,-23637.149999999998,-6881.175,430.56,-29406.96,-10167.66,-3912.8399999999997
-12521.97,-12126.465,-23646.96,-6892.11,423.35999999999996,-29401.02,-10138.14,-3921.48
-12513.869999999999,-12119.76,-23639.625,-6882.21,440.055,-29380.094999999998,-10104.3,-3903.39
-12505.41,-12111.119999999999,-23632.065,-6874.965,445.5,-29394.225,-10132.65,-3893.805
-12505.994999999999,-12108.06,-23625.989999999998,-6867.495,451.935,-29397.42,-10149.525,-3896.64
-12513.555,-12119.13,-23638.454999999998,-6882.795,436.54499999999996,-29400.57,-10135.529999999999,-3900.915
-12507.795,-12117.015,-23638.77,-6884.1449999999995,438.03,-29385.315,-10095.119999999999,-3887.955
-12510.09,-12117.555,-23638.364999999998,-6881.535,444.06,-29373.795,-10079.324999999999,-3890.8799999999997
-12510.63,-12118.994999999999,-23641.245,-6886.08,446.35499999999996,-29375.73,-10089.315,-3892.815
-12534.93,-12151.17,-23678.82,-6931.304999999999,410.49,-29415.645,-10134.63,-3906.855
-12540.779999999999,-12158.73,-23689.079999999998,-6951.0599999999995,381.41999999999996,-29461.454999999998,-10203.705,-3918.6
-12537.09,-12151.89,-23673.645,-6927.929999999999,395.09999999999997,-29452.14,-10230.705,-3924.54
-12530.25,-12139.154999999999,-23654.114999999998,-6894.45,425.385,-29413.305,-10149.975,-3911.265
-12505.994999999999,-12107.564999999999,-23625.54,-6869.745,478.08,-29336.085,-10029.42,-3886.875
-12493.17,-12093.705,-23615.325,-6864.929999999999,488.15999999999997,-29338.02,-10060.92,-3888.045
-12504.465,-12113.865,-23636.475,-6893.009999999999,460.935,-29355.975,-10069.065,-3888.54
-12512.654999999999,-12125.97,-23646.239999999998,-6892.785,456.79499999999996,-29353.14,-10057.23,-3889.08
-12517.875,-12137.355,-23667.254999999997,-6911.235,433.125,-29385.09,-10093.545,-3894.0299999999997
-12522.6,-12136.365,-23669.64,-6915.78,420.705,-29405.789999999997,-10121.039999999999,-3906.225
-12526.605,-12136.77,-23650.29,-6911.505,414.81,-29392.155,-10120.455,-3914.055
-12511.305,-12116.925,-23632.739999999998,-6923.34,434.29499999999996,-29349.36,-10092.465,-3903.705
-12503.475,-12105.27,-23649.21,-6906.15,464.445,-29352.105,-10090.89,-3898.395
-12504.195,-12107.295,-23638.77,-6866.91,471.78,-29351.43,-10082.475,-3891.915
-12503.789999999999,-12102.345,-23603.04,-6811.74,477.405,-29354.489999999998,-10080.045,-3887.19
-12509.505,-12108.96,-23611.364999999998,-6823.349999999999,470.655,-29364.524999999998,-10090.71,-3891.87
-12508.335,-12112.965,-23637.6,-6890.58,457.515,-29369.879999999997,-10097.595,-3891.015
-12508.875,-12123.314999999999,-23662.125,-6959.61,431.46,-29377.62,-10102.635,-3889.575
-12514.859999999999,-12137.805,-23684.445,-6985.304999999999,418.5,-29378.114999999998,-10105.02,-3892.815
-12517.695,-12134.97,-23676.075,-6922.71,434.88,-29370.78,-10104.119999999999,-3897.54
-12515.805,-12114.404999999999,-23620.184999999998,-6809.804999999999,467.59499999999997,-29356.965,-10100.835,-3902.85
-12510.09,-12109.59,-23615.415,-6791.04,478.03499999999997,-29359.079999999998,-10104.48,-3900.015
-12513.96,-12118.005,-23636.295,-6815.34,463.635,-29370.149999999998,-10116.135,-3903.93
-12519.63,-12125.52,-23649.39,-6854.759999999999,452.78999999999996,-29375.73,-10124.955,-3909.375
-12515.355,-12118.41,-23631.704999999998,-6897.24,463.455,-29365.379999999997,-10120.23,-3904.92
-12512.115,-12112.47,-23627.79,-6869.925,455.35499999999996,-29366.864999999998,-10111.59,-3897.3599999999997
-12513.779999999999,-12129.435,-23671.844999999998,-6932.025,425.385,-29387.52,-10107.494999999999,-3881.6099999999997
-12526.38,-12149.73,-23696.37,-7008.344999999999,387.585,-29420.145,-10146.105,-3892.77
-12535.154999999999,-12154.68,-23688.315,-6994.62,363.24,-29444.579999999998,-10174.095,-3904.9649999999997
-12532.904999999999,-12144.42,-23678.415,-6935.219999999999,383.66999999999996,-29422.44,-10157.76,-3914.595
-12518.775,-12122.505,-23643.989999999998,-6877.53,442.305,-29358.675,-10093.77,-3909.24
-12504.96,-12109.23,-23637.87,-6878.925,467.23499999999996,-29335.14,-10066.994999999999,-3891.915
-12504.015,-12104.595,-23635.98,-6884.505,467.82,-29362.77,-10127.925,-3901.365
-12509.324999999999,-12112.064999999999,-23639.805,-6900.165,458.09999999999997,-29373.84,-10137.96,-3903.615
-12514.635,-12123.314999999999,-23665.905,-6945.075,457.91999999999996,-29348.504999999997,-10085.22,-3900.33
-12512.025,-12128.22,-23689.079999999998,-6979.545,447.705,-29337.704999999998,-10055.385,-3889.305
-12508.605,-12123.72,-23689.934999999998,-6996.465,419.76,-29364.704999999998,-10088.64,-3890.745
-12511.8,-12122.279999999999,-23670.54,-6950.429999999999,415.97999999999996,-29386.98,-10119.105,-3897.0899999999997
-12518.55,-12124.17,-23624.28,-6815.295,426.73499999999996,-29391.614999999998,-10132.47,-3901.815
-12520.035,-12121.064999999999,-23597.055,-6763.005,452.07,-29377.305,-10118.07,-3899.835
-12517.74,-12121.154999999999,-23616.36,-6825.42,445.365,-29379.645,-10110.42,-3899.79
-12516.119999999999,-12126.375,-23649.254999999997,-6892.469999999999,444.195,-29365.92,-10094.085,-3893.94
-12520.755,-12134.205,-23670.36,-6942.195,442.305,-29355.795,-10095.345,-3898.665
-12519.72,-12125.115,-23656.094999999998,-6940.3949999999995,440.72999999999996,-29374.245,-10130.94,-3910.185
-12525.66,-12128.984999999999,-23653.98,-6920.775,411.79499999999996,-29423.835,-10186.65,-3921.39
-12522.105,-12120.39,-23616.855,-6827.445,422.505,-29424.195,-10178.82,-3919.9049999999997
-12517.74,-12114.72,-23607.765,-6806.295,456.435,-29377.62,-10113.3,-3911.49
-12517.47,-12118.14,-23625.36,-6843.0599999999995,472.365,-29330.864999999998,-10041.57,-3901.995
-12506.76,-12109.05,-23629.59,-6888.375,470.78999999999996,-29319.39,-10041.164999999999,-3894.615
-12509.279999999999,-12113.955,-23646.87,-6928.514999999999,466.10999999999996,-29342.52,-10074.869999999999,-3897.855
-12509.505,-12121.02,-23663.565,-6960.33,453.375,-29362.05,-10086.119999999999,-3886.065
-12511.35,-12128.715,-23675.805,-6967.755,432.765,-29376.09,-10098.18,-3884.49
-12513.15,-12129.255,-23670.27,-6936.165,438.57,-29377.215,-10099.664999999999,-3890.0699999999997
-12508.38,-12122.055,-23673.645,-6927.255,448.155,-29367.315,-10076.4,-3889.08
-12504.555,-12112.515,-23650.29,-6902.865,440.72999999999996,-29363.355,-10078.92,-3889.5299999999997
-12513.465,-12126.06,-23649.614999999998,-6882.165,439.83,-29365.785,-10087.695,-3892.23
-12516.3,-12134.564999999999,-23661.809999999998,-6866.19,456.21,-29375.64,-10105.289999999999,-3892.0499999999997
-12513.195,-12128.13,-23638.32,-6848.099999999999,451.84499999999997,-29389.32,-10118.744999999999,-3891.645
-12512.925,-12116.789999999999,-23622.795,-6852.915,440.37,-29398.094999999998,-10127.88,-3897.6299999999997
-12515.039999999999,-12112.244999999999,-23607.45,-6832.035,440.59499999999997,-29395.53,-10133.414999999999,-3902.58
-12510.855,-12103.38,-23593.815,-6801.705,478.66499999999996,-29359.53,-10113.255,-3898.035
-12510.945,-12110.31,-23621.985,-6835.005,468.85499999999996,-29360.52,-10104.029999999999,-3897.27
-12509.279999999999,-12109.185,-23624.91,-6843.69,465.93,-29363.355,-10103.67,-3897.585
-12503.25,-12100.14,-23616.405,-6856.92,464.58,-29365.469999999998,-10100.88,-3891.4649999999997
-12511.664999999999,-12113.505,-23627.655,-6876.675,462.33,-29367.09,-10101.69,-3894.66
-12513.465,-12128.67,-23655.915,-6904.215,442.53,-29379.149999999998,-10106.775,-3891.915
-12512.52,-12122.55,-23659.425,-6915.42,444.41999999999996,-29374.289999999997,-10106.234999999999,-3892.815
-12515.265,-12120.975,-23651.235,-6909.48,454.815,-29364.03,-10103.715,-3896.64
-12513.6,-12126.24,-23657.399999999998,-6929.82,447.57,-29364.66,-10104.029999999999,-3893.4449999999997
-12512.88,-12126.824999999999,-23671.125,-6959.745,433.48499999999996,-29370.149999999998,-10109.07,-3894.615
-12514.455,-12124.08,-23675.219999999998,-6930.495,434.60999999999996,-29370.51,-10111.725,-3897.72
-12515.535,-12123.765,-23660.415,-6884.865,447.34499999999997,-29364.795,-10108.845,-3896.055
-12523.095,-12136.32,-23653.35,-6858.134999999999,443.78999999999996,-29374.2,-10118.025,-3900.24
-12536.189999999999,-12162.734999999999,-23692.905,-6872.804999999999,420.03,-29401.155,-10147.14,-3906.4049999999997
-12539.115,-12155.76,-23676.165,-6892.83,388.71,-29440.44,-10186.154999999999,-3912.0299999999997
-12539.385,-12132.494999999999,-23643.045,-6909.165,411.21,-29429.37,-10186.289999999999,-3920.94
-12535.605,-12134.205,-23649.524999999998,-6906.69,424.89,-29409.075,-10145.744999999999,-3913.92
-12532.725,-12130.92,-23638.905,-6856.965,438.57,-29380.635,-10098.81,-3908.79
-12515.039999999999,-12105.539999999999,-23609.34,-6835.05,461.385,-29361.914999999997,-10100.925,-3904.02
-12512.744999999999,-12102.074999999999,-23607.09,-6844.545,463.04999999999995,-29365.155,-10113.795,-3909.96
-12510.539999999999,-12107.654999999999,-23616.585,-6853.23,467.72999999999996,-29352.015,-10085.175,-3890.97
-12521.88,-12128.22,-23647.454999999998,-6897.33,451.48499999999996,-29355.254999999997,-10072.89,-3887.73
-12524.4,-12128.445,-23652.27,-6909.929999999999,440.46,-29375.864999999998,-10095.75,-3896.055
-12522.15,-12127.365,-23654.7,-6914.115,430.155,-29397.96,-10114.154999999999,-3894.93
-12515.265,-12116.295,-23637.42,-6881.445,447.65999999999997,-29379.69,-10087.605,-3892.095
-12506.984999999999,-12100.185,-23617.98,-6859.9349999999995,467.325,-29371.77,-10087.92,-3891.96
-12517.335,-12117.06,-23646.015,-6901.5599999999995,436.5,-29400.795,-10112.175,-3897.9449999999997
-12513.779999999999,-12114.675,-23643.945,-6891.929999999999,435.51,-29396.114999999998,-10110.914999999999,-3894.615
-12524.039999999999,-12127.68,-23658.21,-6913.08,417.91499999999996,-29406.285,-10102.635,-3901.68
-12510.675,-12111.345,-23634.629999999997,-6888.6449999999995,441.27,-29398.995,-10110.195,-3895.515
-12482.82,-12074.22,-23592.915,-6839.865,481.455,-29371.32,-10103.4,-3880.62
-12491.1,-12084.255,-23595.795,-6819.615,500.445,-29339.73,-10097.46,-3881.475
-12508.965,-12109.095,-23616.495,-6827.04,486.35999999999996,-29349.809999999998,-10098.855,-3886.29
-12535.244999999999,-12140.369999999999,-23655.555,-6877.3949999999995,443.025,-29396.34,-10135.44,-3907.4849999999997
-12544.92,-12151.17,-23672.879999999997,-6905.025,420.705,-29432.879999999997,-10176.21,-3920.04
-12541.68,-12145.994999999999,-23675.805,-6927.255,417.41999999999996,-29434.545,-10179.494999999999,-3924.765
-12533.175,-12135.96,-23672.655,-6943.815,434.655,-29406.465,-10140.345,-3918.69
-12524.58,-12129.119999999999,-23667.93,-6941.969999999999,439.695,-29388.015,-10088.775,-3902.67
-12513.105,-12111.75,-23641.11,-6897.825,451.755,-29380.094999999998,-10094.13,-3895.29
-12516.57,-12115.439999999999,-23625.765,-6844.5,451.755,-29383.289999999997,-10111.365,-3893.1299999999997
-12522.15,-12124.664999999999,-23626.89,-6840.54,444.06,-29383.695,-10116.045,-3892.095
-12527.055,-12129.255,-23637.555,-6860.655,443.07,-29389.905,-10120.904999999999,-3903.345
-12525.39,-12124.98,-23635.215,-6851.88,464.53499999999997,-29372.309999999998,-10094.265,-3902.1299999999997
-12523.814999999999,-12125.564999999999,-23636.114999999998,-6860.115,466.56,-29353.86,-10058.039999999999,-3894.93
-12511.215,-12115.98,-23631.57,-6875.054999999999,468.18,-29351.204999999998,-10056.42,-3885.615
-12513.33,-12123.494999999999,-23651.864999999998,-6921.179999999999,441.63,-29377.17,-10081.395,-3888.225
-12523.455,-12135.96,-23681.43,-6957.09,427.995,-29382.48,-10090.755,-3897.045
-12525.345,-12133.395,-23687.82,-6965.955,428.49,-29380.68,-10094.445,-3900.6
-12510.855,-12120.3,-23673.42,-6941.34,428.625,-29383.065,-10107.18,-3890.0249999999996
-12510.72,-12119.175,-23657.265,-6915.915,444.10499999999996,-29370.105,-10101.645,-3889.08
-12519.494999999999,-12124.529999999999,-23654.295,-6897.599999999999,456.255,-29369.204999999998,-10107.359999999999,-3897.72
-12516.93,-12125.205,-23646.915,-6874.155,455.76,-29371.274999999998,-10102.455,-3892.68
-12518.955,-12125.52,-23651.415,-6880.59,459.18,-29368.844999999998,-10101.555,-3894.615
-12521.564999999999,-12124.98,-23642.145,-6873.795,458.59499999999997,-29375.414999999997,-10109.654999999999,-3898.98
-12524.355,-12125.115,-23635.934999999998,-6876.585,461.52,-29378.295,-10119.779999999999,-3903.75
-12519.045,-12113.82,-23627.879999999997,-6867.179999999999,477.405,-29383.02,-10126.305,-3903.975
-12517.605,-12117.6,-23642.46,-6895.3949999999995,461.835,-29397.555,-10132.289999999999,-3902.4449999999997
-12523.05,-12122.955,-23639.219999999998,-6881.355,462.24,-29387.114999999998,-10118.97,-3901.41
-12526.605,-12124.574999999999,-23633.145,-6856.245,445.95,-29370.149999999998,-10113.255,-3901.14
-12524.445,-12137.805,-23683.68,-6959.7,402.93,-29388.465,-10128.869999999999,-3897.4049999999997
-12515.939999999999,-12131.955,-23681.79,-6985.259999999999,371.115,-29403.855,-10128.914999999999,-3888.0899999999997
-12524.085,-12132.855,-23673.195,-6978.69,375.615,-29398.5,-10123.965,-3891.69
-12533.355,-12138.795,-23659.695,-6891.165,408.51,-29393.19,-10120.545,-3898.2599999999998
-12536.369999999999,-12136.904999999999,-23640.434999999998,-6904.62,424.125,-29413.71,-10150.92,-3906.81
-12543.029999999999,-12149.91,-23664.239999999998,-6928.785,426.06,-29430.539999999997,-10173.06,-3915.6749999999997
-12536.145,-12137.445,-23651.055,-6889.995,432.85499999999996,-29415.015,-10162.755,-3915.855
-12526.83,-12123.09,-23623.515,-6815.655,458.685,-29376.225,-10113.119999999999,-3906.0899999999997
-12515.805,-12111.119999999999,-23603.85,-6797.79,486.04499999999996,-29339.055,-10061.414999999999,-3886.83
-12520.439999999999,-12123.585,-23640.704999999998,-6859.304999999999,456.435,-29363.489999999998,-10098.359999999999,-3895.605
-12527.82,-12132.72,-23656.274999999998,-6879.6449999999995,434.15999999999997,-29377.754999999997,-10116.494999999999,-3903.075
-12532.005,-12131.82,-23644.71,-6870.6449999999995,439.74,-29375.73,-10128.33,-3910.455
-12519.045,-12115.574999999999,-23630.895,-6862.005,456.075,-29356.829999999998,-10123.289999999999,-3898.5299999999997
-12518.82,-12116.744999999999,-23630.355,-6862.275,445.32,-29371.77,-10110.465,-3893.355
-12522.24,-12123.81,-23634.495,-6866.865,434.15999999999997,-29391.03,-10108.755,-3890.205
-12533.445,-12132.765,-23642.145,-6877.889999999999,431.59499999999997,-29381.445,-10104.705,-3907.305
-12522.645,-12119.13,-23632.469999999998,-6867.855,459.765,-29355.3,-10089.27,-3903.75
-12518.145,-12113.955,-23640.344999999998,-6895.304999999999,442.305,-29385.495,-10126.89,-3905.5049999999997
-12527.189999999999,-12129.029999999999,-23661.135,-6933.87,388.16999999999996,-29435.94,-10149.029999999999,-3910.77
-12546.135,-12150.63,-23684.579999999998,-6951.105,354.51,-29473.155,-10159.425,-3928.815
-12545.279999999999,-12141.135,-23658.21,-6891.525,406.48499999999996,-29406.914999999997,-10121.13,-3924.9449999999997
-12511.26,-12101.85,-23608.71,-6821.865,486.945,-29337.704999999998,-10092.824999999999,-3894.8399999999997
-12489.93,-12080.744999999999,-23595.84,-6823.44,489.33,-29351.34,-10076.31,-3871.7549999999997
-12499.47,-12093.345,-23611.68,-6844.32,476.46,-29355.254999999997,-10089.494999999999,-3874.815
-12503.295,-12092.895,-23609.7,-6835.86,494.82,-29337.075,-10106.865,-3882.645
-12512.835,-12100.904999999999,-23617.62,-6845.49,481.32,-29357.504999999997,-10114.515,-3894.93
-12520.755,-12110.715,-23629.545,-6861.87,461.34,-29379.914999999997,-10112.22,-3901.455
-12535.92,-12132.27,-23653.215,-6887.205,436.185,-29403.945,-10130.13,-3914.1
-12550.41,-12152.654999999999,-23676.39,-6910.0199999999995,419.66999999999996,-29406.329999999998,-10121.13,-3922.335
-12533.85,-12132.359999999999,-23654.79,-6884.865,451.08,-29351.969999999998,-10062.09,-3897.72
-12525.164999999999,-12125.295,-23646.059999999998,-6877.665,458.505,-29344.68,-10068.255,-3886.785
-12525.48,-12133.574999999999,-23661.315,-6892.245,445.22999999999996,-29362.815,-10091.88,-3887.865
-12518.955,-12112.74,-23634.855,-6867.09,461.29499999999996,-29357.46,-10094.535,-3891.33
-12525.615,-12117.555,-23635.305,-6871.86,452.47499999999997,-29370.195,-10103.67,-3899.835
-12524.939999999999,-12123.314999999999,-23648.219999999998,-6890.804999999999,434.96999999999997,-29381.94,-10107.72,-3896.685
-12530.07,-12130.244999999999,-23658.57,-6902.505,428.21999999999997,-29387.34,-10111.23,-3898.71
-12530.97,-12132.585,-23661.989999999998,-6909.21,434.96999999999997,-29387.295,-10110.69,-3898.2149999999997
-12528.675,-12135.42,-23668.965,-6938.054999999999,418.995,-29389.59,-10105.515,-3893.31
-12535.515,-12141.18,-23665.725,-6932.61,419.31,-29379.825,-10103.94,-3902.355
-12527.82,-12128.039999999999,-23654.07,-6916.455,432.585,-29365.649999999998,-10104.255,-3901.14
-12533.715,-12129.029999999999,-23660.55,-6913.3949999999995,448.46999999999997,-29371.184999999998,-10116.045,-3907.08
-12538.71,-12147.164999999999,-23704.515,-6990.255,425.15999999999997,-29386.53,-10130.265,-3903.615
-12547.89,-12168.945,-23760.989999999998,-7078.545,388.03499999999997,-29415.105,-10170.27,-3913.02
-12559.5,-12175.02,-23756.67,-7080.389999999999,401.085,-29438.684999999998,-10219.095,-3933.6299999999997
-12560.939999999999,-12165.705,-23689.485,-6909.929999999999,422.37,-29447.235,-10217.699999999999,-3936.645
-12543.48,-12145.14,-23648.445,-6830.28,404.145,-29418.84,-10130.355,-3910.6349999999998
-12531.24,-12125.07,-23617.485,-6794.775,440.82,-29362.86,-10053.585,-3899.25
-12515.445,-12101.76,-23592.69,-6796.3949999999995,481.54499999999996,-29325.914999999997,-10041.435,-3891.6
-12514.949999999999,-12106.26,-23644.485,-6896.5199999999995,461.115,-29352.42,-10096.47,-3895.245
-12534.93,-12138.3,-23707.71,-7012.215,418.68,-29387.114999999998,-10129.32,-3906.54
-12547.08,-12152.25,-23708.52,-7047.99,388.395,-29407.364999999998,-10152.63,-3917.565
-12542.67,-12143.835,-23679.765,-6961.32,391.815,-29406.87,-10151.73,-3911.085
-12534.705,-12132.72,-23638.59,-6830.325,429.255,-29385.945,-10125.225,-3896.37
-12547.395,-12137.895,-23635.665,-6834.915,430.91999999999996,-29398.094999999998,-10155.96,-3919.5899999999997
-12539.475,-12124.935,-23616.495,-6803.505,460.89,-29368.844999999998,-10118.475,-3917.745
-12508.47,-12087.539999999999,-23586.39,-6798.78,466.42499999999995,-29350.17,-10098.27,-3900.69
-12508.154999999999,-12090.195,-23594.04,-6814.17,479.7,-29331.09,-10061.55,-3887.5049999999997
-12513.06,-12105.494999999999,-23613.704999999998,-6835.905,466.965,-29332.754999999997,-10036.845,-3873.87
-12519.63,-12111.93,-23621.715,-6851.115,449.955,-29355.075,-10078.02,-3888.8999999999996
-12524.984999999999,-12118.05,-23625.315,-6860.34,442.08,-29360.204999999998,-10099.98,-3893.58
-12527.505,-12125.835,-23638.32,-6875.639999999999,428.49,-29380.5,-10122.39,-3893.9849999999997
-12523.68,-12117.33,-23629.454999999998,-6862.545,446.31,-29365.695,-10105.83,-3892.995
-12524.58,-12119.039999999999,-23631.12,-6861.78,456.47999999999996,-29345.895,-10079.505,-3892.6349999999998
-12524.58,-12123.045,-23639.085,-6872.04,450.09,-29351.879999999997,-10086.164999999999,-3893.31
-12526.335,-12120.84,-23642.145,-6885.315,430.60499999999996,-29380.32,-10114.785,-3897.0899999999997
-12527.91,-12126.869999999999,-23651.01,-6896.34,416.07,-29402.64,-10129.005,-3892.9049999999997
-12533.31,-12135.105,-23654.024999999998,-6890.4,425.34,-29391.93,-10116.09,-3893.895
-12537.539999999999,-12128.984999999999,-23642.594999999998,-6875.955,442.8,-29369.114999999998,-10103.085,-3907.2599999999998
-12536.775,-12127.32,-23644.62,-6886.62,427.85999999999996,-29382.075,-10112.49,-3910.14
-12541.005,-12137.939999999999,-23658.39,-6902.054999999999,413.41499999999996,-29389.905,-10107.9,-3909.555
-12530.205,-12125.475,-23644.575,-6885.405,431.59499999999997,-29379.285,-10104.795,-3904.3799999999997
-12530.789999999999,-12123.72,-23644.71,-6890.58,422.23499999999996,-29398.004999999997,-10129.23,-3908.835
-12540.375,-12136.41,-23661.989999999998,-6919.965,411.075,-29402.055,-10139.22,-3912.39
-12534.119999999999,-12124.664999999999,-23651.864999999998,-6918.075,423.495,-29403.629999999997,-10159.65,-3917.43
-12518.279999999999,-12105.81,-23632.875,-6895.53,446.895,-29380.094999999998,-10139.355,-3903.8399999999997
-12520.8,-12115.305,-23634.135,-6872.264999999999,447.3,-29380.77,-10133.324999999999,-3888.3599999999997
-12543.975,-12142.305,-23655.375,-6879.014999999999,406.305,-29434.14,-10188.765,-3908.115
-12548.115,-12148.244999999999,-23668.335,-6909.344999999999,385.335,-29459.789999999997,-10216.484999999999,-3915.99
-12545.234999999999,-12142.755,-23661.629999999997,-6903.2699999999995,408.69,-29415.015,-10145.88,-3910.9049999999997
-12522.24,-12116.835,-23632.739999999998,-6863.085,469.62,-29325.69,-10031.039999999999,-3886.1099999999997
-12511.215,-12103.515,-23622.975,-6853.05,483.29999999999995,-29314.664999999997,-10037.88,-3885.2549999999997
-12516.93,-12110.805,-23627.565,-6867.495,459.22499999999997,-29350.125,-10080.135,-3889.5299999999997
-12520.395,-12117.824999999999,-23632.245,-6876.36,445.32,-29363.805,-10094.039999999999,-3889.89
-12521.295,-12123.99,-23648.985,-6898.094999999999,433.84499999999997,-29375.414999999997,-10097.505,-3890.97
-12522.42,-12129.615,-23665.5,-6933.105,431.09999999999997,-29378.43,-10089.855,-3888.45
-12520.439999999999,-12126.96,-23670.18,-6961.545,413.37,-29396.07,-10100.52,-3886.3799999999997
-12525.48,-12117.734999999999,-23657.175,-6950.115,442.44,-29375.28,-10095.93,-3894.8849999999998
-12525.164999999999,-12122.234999999999,-23668.29,-6945.84,442.84499999999997,-29372.445,-10095.39,-3894.8849999999998
-12530.88,-12136.545,-23686.379999999997,-6944.264999999999,423.495,-29389.454999999998,-10105.605,-3894.8399999999997
-12531.555,-12136.095,-23672.204999999998,-6915.0599999999995,414.495,-29398.815,-10113.93,-3893.7149999999997
-12537.63,-12136.68,-23646.645,-6856.5599999999995,415.44,-29398.725,-10129.23,-3904.335
-12541.23,-12129.57,-23617.89,-6828.165,433.8,-29388.105,-10134.18,-3916.665
-12537.404999999999,-12126.779999999999,-23615.28,-6851.025,447.705,-29389.905,-10135.395,-3913.065
-12535.605,-12129.525,-23629.274999999998,-6841.215,470.60999999999996,-29379.645,-10104.93,-3899.79
-12532.32,-12129.255,-23643.045,-6867.99,453.73499999999996,-29388.285,-10111.275,-3895.785
-12535.605,-12133.17,-23660.954999999998,-6928.965,409.22999999999996,-29419.425,-10152.404999999999,-3906.81
-12543.615,-12147.84,-23688.855,-6965.054999999999,390.195,-29434.004999999997,-10161.539999999999,-3914.64
-12530.115,-12129.615,-23671.44,-6919.2,412.83,-29414.925,-10132.065,-3905.8199999999997
-12521.97,-12118.41,-23639.489999999998,-6839.505,439.695,-29390.579999999998,-10086.345,-3888.72
-12518.189999999999,-12121.064999999999,-23636.43,-6860.79,446.66999999999996,-29390.129999999997,-10088.865,-3884.085
-12518.234999999999,-12115.8,-23637.825,-6855.57,432.35999999999996,-29397.105,-10110.015,-3888.0
-12530.025,-12122.73,-23667.165,-6879.465,434.655,-29410.605,-10134.81,-3897.54
-12534.75,-12135.465,-23679.989999999998,-6926.13,407.07,-29442.914999999997,-10164.779999999999,-3900.7799999999997
-12535.02,-12129.48,-23637.42,-6920.054999999999,398.07,-29442.555,-10162.484999999999,-3905.73
-12539.34,-12132.225,-23637.87,-6877.844999999999,419.76,-29420.73,-10128.42,-3912.39
-12533.445,-12128.49,-23648.67,-6898.094999999999,429.3,-29410.875,-10099.035,-3898.08
-12532.635,-12129.255,-23654.204999999998,-6932.88,425.47499999999997,-29430.945,-10130.265,-3897.495
-12536.73,-12132.359999999999,-23661.54,-6947.46,412.065,-29440.215,-10163.43,-3911.67
-12535.83,-12130.74,-23656.545,-6927.66,405.27,-29431.125,-10146.24,-3913.29
-12527.189999999999,-12118.814999999999,-23629.545,-6850.62,438.39,-29411.414999999997,-10108.98,-3901.0049999999997
-12526.02,-12120.119999999999,-23626.305,-6831.09,457.74,-29388.555,-10070.055,-3887.2799999999997
-12528.27,-12120.93,-23631.39,-6858.179999999999,443.34,-29398.094999999998,-10102.859999999999,-3901.095
-12531.33,-12121.785,-23640.48,-6894.764999999999,430.695,-29397.914999999997,-10116.09,-3912.615
-12539.07,-12132.539999999999,-23655.69,-6941.925,403.02,-29403.585,-10096.695,-3914.1
-12530.744999999999,-12124.89,-23649.885,-6929.28,405.71999999999997,-29417.625,-10099.574999999999,-3900.285
-12516.119999999999,-12111.029999999999,-23635.215,-6886.304999999999,430.02,-29420.55,-10095.93,-3880.305
-12519.045,-12109.365,-23620.23,-6845.804999999999,435.78,-29450.879999999997,-10140.164999999999,-3889.7999999999997
-12528.72,-12121.335,-23631.165,-6857.505,426.06,-29442.195,-10122.84,-3894.48
-12526.65,-12124.755,-23638.725,-6870.014999999999,424.71,-29431.079999999998,-10112.895,-3885.8399999999997
-12534.3,-12133.529999999999,-23650.92,-6887.655,411.705,-29454.344999999998,-10151.19,-3895.6949999999997
-12549.51,-12149.64,-23668.785,-6913.44,383.84999999999997,-29493.629999999997,-10182.6,-3912.795
-12563.145,-12170.925,-23699.07,-6959.115,354.41999999999996,-29511.855,-10173.555,-3917.8799999999997
-12558.015,-12163.005,-23697.989999999998,-6975.855,381.735,-29468.475,-10129.185,-3913.2
-12555.675,-12154.994999999999,-23689.575,-6968.835,404.64,-29446.695,-10142.685,-3922.6949999999997
-12533.984999999999,-12131.279999999999,-23668.739999999998,-6931.485,426.465,-29437.065,-10142.145,-3900.555
-12540.96,-12134.654999999999,-23659.155,-6877.035,436.455,-29441.52,-10133.775,-3905.8199999999997
-12537.18,-12126.824999999999,-23638.094999999998,-6851.474999999999,458.01,-29410.739999999998,-10083.105,-3901.095
-12514.185,-12101.22,-23613.614999999998,-6842.745,480.91499999999996,-29377.844999999998,-10052.279999999999,-3886.83
-12511.305,-12099.24,-23613.57,-6839.054999999999,467.82,-29401.02,-10095.255,-3896.73
-12505.59,-12088.98,-23601.78,-6829.155,469.26,-29403.09,-10089.855,-3884.355
-12519.765,-12109.185,-23624.73,-6862.95,445.365,-29421.09,-10090.755,-3883.14
-12533.039999999999,-12121.064999999999,-23635.26,-6870.915,441.53999999999996,-29430.719999999998,-10112.13,-3898.665
-12530.16,-12120.885,-23638.59,-6874.0199999999995,441.71999999999997,-29432.385,-10116.315,-3897.1349999999998
-12530.475,-12126.779999999999,-23657.895,-6906.33,432.315,-29436.12,-10109.925,-3895.74
-12528.494999999999,-12128.445,-23678.864999999998,-6947.639999999999,431.325,-29436.03,-10103.265,-3891.285
-12528.99,-12128.984999999999,-23678.864999999998,-6969.105,426.645,-29442.914999999997,-10107.9,-3889.5299999999997
-12532.949999999999,-12131.414999999999,-23670.945,-6955.245,421.38,-29447.504999999997,-10114.605,-3895.065
-12531.96,-12122.414999999999,-23636.745,-6884.46,433.8,-29434.995,-10109.88,-3898.5299999999997
-12530.16,-12117.24,-23631.795,-6867.855,433.84499999999997,-29437.829999999998,-10116.72,-3900.42
-12526.74,-12119.445,-23646.78,-6880.275,414.04499999999996,-29448.495,-10123.83,-3895.83
-12530.115,-12129.074999999999,-23662.079999999998,-6900.615,405.04499999999996,-29452.86,-10131.255,-3896.415
-12541.635,-12136.635,-23656.41,-6904.44,421.38,-29446.605,-10143.09,-3907.395
-12551.265,-12144.465,-23663.565,-6895.17,410.805,-29463.795,-10166.895,-3918.645
-12550.904999999999,-12143.25,-23668.605,-6876.045,415.48499999999996,-29476.53,-10170.539999999999,-3920.67
-12540.465,-12131.55,-23646.555,-6875.865,435.87,-29461.68,-10134.494999999999,-3906.4049999999997
-12529.26,-12119.67,-23627.835,-6870.105,437.895,-29434.454999999998,-10087.605,-3887.595
-12523.725,-12114.855,-23627.655,-6902.099999999999,428.175,-29416.23,-10094.445,-3888.54
-12534.074999999999,-12133.125,-23666.129999999997,-6965.505,396.9,-29448.09,-10132.92,-3896.955
-12542.939999999999,-12145.005,-23689.62,-6970.05,399.15,-29469.239999999998,-10157.715,-3902.535
-12550.77,-12147.57,-23667.12,-6908.715,414.27,-29453.219999999998,-10135.08,-3911.265
-12542.49,-12132.449999999999,-23641.469999999998,-6855.84,422.055,-29433.825,-10117.305,-3909.4649999999997
-12530.115,-12121.965,-23633.594999999998,-6855.48,430.425,-29437.469999999998,-10112.265,-3893.7599999999998
-12526.92,-12116.43,-23628.555,-6844.5,444.33,-29433.96,-10116.315,-3895.92
-12527.865,-12112.47,-23625.629999999997,-6852.014999999999,451.395,-29436.795,-10131.255,-3906.72
-12532.59,-12122.369999999999,-23640.165,-6870.375,444.73499999999996,-29450.745,-10142.145,-3905.2349999999997
-12542.939999999999,-12135.824999999999,-23658.3,-6891.4349999999995,431.23499999999996,-29478.42,-10179.539999999999,-3915.495
-12552.84,-12145.545,-23666.489999999998,-6896.969999999999,432.63,-29480.085,-10179.63,-3922.785
-12547.71,-12141.539999999999,-23661.0,-6895.17,427.275,-29464.245,-10147.5,-3911.7149999999997
-12535.244999999999,-12124.619999999999,-23642.28,-6886.71,414.135,-29452.77,-10131.029999999999,-3908.0249999999996
-12521.744999999999,-12114.404999999999,-23631.48,-6869.969999999999,433.125,-29417.535,-10062.315,-3880.7549999999997
-12514.59,-12110.4,-23630.219999999998,-6867.495,446.625,-29397.69,-10026.72,-3866.31
-12514.635,-12104.685,-23625.765,-6867.179999999999,447.57,-29410.379999999997,-10070.234999999999,-3881.25
-12525.57,-12114.99,-23635.35,-6878.115,434.47499999999997,-29437.875,-10109.385,-3891.285
-12537.404999999999,-12130.56,-23655.555,-6908.804999999999,408.33,-29472.614999999998,-10137.285,-3897.72
-12543.84,-12139.244999999999,-23668.155,-6927.12,400.365,-29481.795,-10144.125,-3901.5
-12537.539999999999,-12132.765,-23662.98,-6924.24,410.53499999999997,-29471.309999999998,-10117.44,-3894.5249999999996
-12524.13,-12114.18,-23642.145,-6896.565,436.995,-29442.465,-10099.305,-3890.745
-12526.289999999999,-12116.88,-23633.954999999998,-6878.655,439.56,-29429.01,-10101.869999999999,-3894.705
-12536.055,-12132.494999999999,-23653.125,-6896.745,421.38,-29431.305,-10086.345,-3899.115
-12542.085,-12137.85,-23655.69,-6882.21,411.705,-29455.965,-10100.115,-3904.02
-12543.975,-12137.805,-23657.355,-6890.445,406.16999999999996,-29477.655,-10126.44,-3906.045
-12532.545,-12122.64,-23640.254999999997,-6879.24,424.03499999999997,-29477.745,-10144.529999999999,-3897.18
-12535.695,-12124.305,-23642.504999999997,-6880.5,428.4,-29464.739999999998,-10128.015,-3901.68
-12528.81,-12118.994999999999,-23643.18,-6890.715,432.04499999999996,-29450.655,-10105.02,-3895.515
-12533.58,-12132.494999999999,-23672.7,-6948.719999999999,416.88,-29461.094999999998,-10110.869999999999,-3893.94
-12536.865,-12136.635,-23684.175,-6979.05,408.10499999999996,-29487.465,-10138.904999999999,-3895.83
-12528.135,-12132.045,-23687.145,-6976.53,404.28,-29492.19,-10139.625,-3888.6299999999997
-12536.414999999999,-12145.365,-23693.76,-6932.79,401.4,-29478.87,-10112.49,-3894.615
-12539.205,-12127.455,-23634.855,-6839.955,442.305,-29456.19,-10118.43,-3908.97
-12528.585,-12109.725,-23613.48,-6844.41,450.315,-29453.265,-10133.73,-3905.2799999999997
-12520.17,-12100.23,-23613.39,-6853.365,453.195,-29455.155,-10126.484999999999,-3893.7149999999997
-12524.039999999999,-12111.074999999999,-23631.75,-6874.605,443.52,-29457.809999999998,-10103.175,-3883.995
-12530.34,-12123.539999999999,-23649.12,-6895.665,426.555,-29471.265,-10110.465,-3886.74
-12531.42,-12125.07,-23637.69,-6877.889999999999,435.10499999999996,-29478.375,-10125.045,-3890.0699999999997
-12529.35,-12117.555,-23632.379999999997,-6890.715,439.78499999999997,-29480.265,-10130.805,-3891.015
-12532.68,-12119.445,-23640.21,-6889.23,440.09999999999997,-29481.39,-10132.02,-3897.18
-12533.805,-12130.605,-23659.739999999998,-6897.195,426.41999999999996,-29493.585,-10137.015,-3893.94
-12527.775,-12118.41,-23638.725,-6865.875,435.51,-29488.77,-10133.279999999999,-3891.105
-12526.38,-12105.9,-23618.385,-6856.74,449.72999999999996,-29471.85,-10121.715,-3892.77
-12534.705,-12125.699999999999,-23643.225,-6892.335,435.41999999999996,-29477.565,-10128.015,-3895.92
-12537.63,-12132.675,-23655.69,-6906.87,420.93,-29485.215,-10141.065,-3897.585
-12548.115,-12145.994999999999,-23689.844999999998,-6898.634999999999,390.41999999999996,-29511.539999999997,-10173.645,-3905.19
-12555.494999999999,-12154.365,-23715.899999999998,-6897.014999999999,376.155,-29525.579999999998,-10195.065,-3915.18
-12555.0,-12159.855,-23718.78,-6987.87,358.11,-29532.87,-10192.994999999999,-3917.835
-12544.92,-12153.51,-23714.28,-7051.724999999999,396.36,-29503.98,-10141.92,-3901.77
-12538.935,-12145.814999999999,-23708.07,-6956.639999999999,429.65999999999997,-29514.69,-10131.345,-3892.3199999999997
-12543.345,-12146.535,-23696.235,-6945.12,397.66499999999996,-29551.004999999997,-10175.535,-3895.335
-12557.789999999999,-12158.189999999999,-23689.485,-6896.07,401.03999999999996,-29557.485,-10196.145,-3906.495
-12563.73,-12154.725,-23646.915,-6905.205,403.875,-29525.579999999998,-10166.49,-3911.4449999999997
-12548.205,-12130.92,-23622.12,-6903.9,413.46,-29488.995,-10127.25,-3909.6
-12519.539999999999,-12096.99,-23613.704999999998,-6874.74,469.03499999999997,-29450.565,-10096.244999999999,-3896.73
-12514.14,-12092.715,-23613.704999999998,-6821.054999999999,496.79999999999995,-29442.015,-10093.994999999999,-3890.745
-12520.215,-12100.05,-23601.015,-6797.5199999999995,476.055,-29467.53,-10113.48,-3890.3849999999998
-12523.59,-12101.13,-23595.84,-6810.615,467.72999999999996,-29475.809999999998,-10122.21,-3892.77
-12526.875,-12109.05,-23615.415,-6847.605,441.35999999999996,-29501.864999999998,-10144.619999999999,-3893.895
-12522.465,-12108.015,-23623.11,-6861.42,435.06,-29525.805,-10158.48,-3885.2999999999997
-12527.64,-12115.664999999999,-23634.27,-6875.325,422.41499999999996,-29535.164999999997,-10163.295,-3889.7999999999997
-12526.605,-12113.55,-23635.26,-6885.585,425.745,-29519.684999999998,-10147.725,-3891.105
-12532.59,-12122.64,-23648.985,-6905.7,424.97999999999996,-29510.864999999998,-10134.315,-3892.41
-12542.355,-12132.0,-23661.495,-6921.719999999999,410.715,-29523.555,-10155.195,-3906.315
-12550.994999999999,-12141.99,-23669.55,-6918.255,391.22999999999996,-29548.44,-10174.859999999999,-3917.745
-12550.814999999999,-12139.875,-23656.32,-6887.7,400.185,-29548.079999999998,-10164.69,-3915.9449999999997
-12527.145,-12115.845,-23630.399999999998,-6862.23,440.23499999999996,-29509.875,-10130.22,-3882.24
-12514.41,-12099.689999999999,-23616.719999999998,-6851.295,460.62,-29496.645,-10136.16,-3876.345
-12524.67,-12110.715,-23629.454999999998,-6865.875,448.78499999999997,-29501.01,-10126.395,-3884.04
-12532.5,-12117.779999999999,-23638.59,-6876.99,433.26,-29526.434999999998,-10149.615,-3897.54
-12530.654999999999,-12115.529999999999,-23634.989999999998,-6873.255,437.715,-29527.829999999998,-10151.595,-3896.685
-12525.119999999999,-12112.74,-23636.024999999998,-6878.655,431.775,-29532.465,-10161.135,-3888.855
-12530.789999999999,-12120.615,-23644.125,-6884.955,427.815,-29542.05,-10188.315,-3888.27
-12550.77,-12144.555,-23669.91,-6912.2699999999995,400.14,-29574.27,-10232.64,-3903.12
-12571.965,-12168.99,-23694.975,-6943.094999999999,366.03,-29607.614999999998,-10261.395,-3921.39
-12566.43,-12160.8,-23686.335,-6934.815,379.26,-29575.215,-10216.215,-3924.585
-12544.38,-12132.18,-23653.53,-6892.83,433.755,-29494.62,-10111.545,-3906.27
-12521.609999999999,-12101.895,-23620.23,-6854.849999999999,473.66999999999996,-29456.37,-10066.14,-3890.79
-12513.195,-12093.93,-23613.165,-6846.795,479.96999999999997,-29467.215,-10086.48,-3879.1349999999998
-12517.65,-12102.57,-23625.765,-6863.445,464.265,-29490.524999999998,-10118.295,-3878.955
-12528.675,-12113.73,-23640.795,-6887.79,450.495,-29504.655,-10137.195,-3890.205
-12536.1,-12129.525,-23663.34,-6919.92,432.35999999999996,-29515.68,-10147.14,-3893.58
-12544.74,-12148.064999999999,-23688.765,-6944.985,411.615,-29528.73,-10152.945,-3894.975
-12538.484999999999,-12132.585,-23675.445,-6929.955,418.05,-29526.48,-10147.005,-3890.205
-12538.619999999999,-12130.02,-23674.004999999997,-6931.62,420.47999999999996,-29525.489999999998,-10147.68,-3891.015
-12539.789999999999,-12132.135,-23662.844999999998,-6915.509999999999,429.255,-29518.199999999997,-10150.199999999999,-3893.805
-12534.3,-12123.225,-23639.94,-6902.594999999999,423.35999999999996,-29509.065,-10154.205,-3893.22
-12534.255,-12117.779999999999,-23622.12,-6888.6449999999995,416.385,-29502.675,-10158.525,-3897.99
-12533.535,-12109.41,-23609.79,-6877.215,427.455,-29494.215,-10154.88,-3899.6549999999997
-12531.42,-12109.5,-23618.879999999997,-6891.57,433.71,-29489.265,-10142.055,-3895.74
-12527.505,-12105.63,-23612.265,-6886.98,444.41999999999996,-29473.335,-10134.315,-3891.87
-12527.82,-12111.48,-23628.465,-6911.594999999999,436.275,-29488.05,-10143.045,-3890.8799999999997
-12534.84,-12123.81,-23659.379999999997,-6946.514999999999,424.89,-29516.129999999997,-10154.835,-3894.39
-12537.765,-12128.715,-23649.795,-6899.49,420.885,-29519.055,-10160.414999999999,-3897.0899999999997
-12537.945,-12124.529999999999,-23631.524999999998,-6846.705,428.445,-29511.405,-10160.145,-3898.98
-12539.744999999999,-12131.414999999999,-23663.61,-6850.889999999999,435.73499999999996,-29502.855,-10156.14,-3896.64
-12544.47,-12148.289999999999,-23700.015,-6888.554999999999,427.40999999999997,-29515.68,-10168.02,-3897.54
-12545.1,-12134.925,-23656.995,-6893.28,426.87,-29521.53,-10180.484999999999,-3905.325
-12543.705,-12127.14,-23633.64,-6901.5599999999995,417.195,-29520.315,-10177.785,-3909.1949999999997
-12540.555,-12126.375,-23648.715,-6922.17,396.36,-29528.055,-10172.744999999999,-3902.94
-12537.765,-12124.529999999999,-23647.454999999998,-6916.005,393.47999999999996,-29534.579999999998,-10177.47,-3895.2
-12540.015,-12127.814999999999,-23647.14,-6885.09,413.01,-29535.885,-10188.585,-3899.205
-12543.39,-12135.195,-23654.475,-6851.384999999999,441.04499999999996,-29519.954999999998,-10171.305,-3901.815
-12542.265,-12137.085,-23661.045,-6876.719999999999,431.055,-29500.649999999998,-10143.494999999999,-3899.3399999999997
-12541.005,-12130.92,-23652.09,-6923.429999999999,419.49,-29507.76,-10161.27,-3903.5699999999997
-12541.455,-12126.734999999999,-23643.45,-6923.205,414.495,-29512.53,-10175.31,-3907.305
-12532.635,-12123.314999999999,-23654.114999999998,-6904.844999999999,421.02,-29513.52,-10171.395,-3892.77
-12543.93,-12133.26,-23647.815,-6880.679999999999,423.04499999999996,-29512.89,-10157.49,-3892.41
-12541.994999999999,-12129.39,-23646.69,-6887.115,417.73499999999996,-29515.004999999997,-10158.345,-3896.415
-12547.17,-12139.515,-23661.45,-6902.865,408.015,-29526.84,-10165.455,-3899.7
-12551.715,-12143.115,-23659.649999999998,-6900.75,414.35999999999996,-29526.704999999998,-10170.539999999999,-3903.75
-12544.515,-12131.145,-23644.98,-6882.795,427.32,-29524.094999999998,-10181.654999999999,-3901.815
-12545.595,-12135.06,-23649.48,-6891.165,419.98499999999996,-29522.699999999997,-10168.109999999999,-3898.665
-12540.869999999999,-12128.805,-23646.149999999998,-6888.87,423.09,-29516.129999999997,-10161.855,-3898.395
-12528.63,-12112.244999999999,-23629.995,-6873.974999999999,442.16999999999996,-29496.015,-10158.57,-3893.9849999999997
-12526.154999999999,-12107.699999999999,-23623.875,-6863.219999999999,459.04499999999996,-29476.53,-10154.52,-3894.2549999999997
-12522.465,-12100.41,-23618.565,-6860.88,458.775,-29481.885,-10160.64,-3897.315
-12532.904999999999,-12113.73,-23633.19,-6877.755,437.175,-29511.18,-10180.89,-3902.85
-12528.99,-12113.91,-23633.415,-6880.365,433.8,-29517.704999999998,-10168.92,-3891.555
-12523.41,-12111.074999999999,-23633.64,-6882.57,433.08,-29519.684999999998,-10163.115,-3881.7
-12522.285,-12104.145,-23624.73,-6869.429999999999,450.35999999999996,-29501.504999999997,-10166.805,-3887.8199999999997
-12523.904999999999,-12102.029999999999,-23618.07,-6858.99,464.66999999999996,-29478.645,-10142.865,-3886.47
-12541.23,-12124.484999999999,-23643.09,-6886.17,437.445,-29493.899999999998,-10144.574999999999,-3897.6749999999997
-12550.904999999999,-12139.83,-23662.53,-6907.365,417.825,-29502.0,-10144.305,-3903.615
-12558.24,-12154.814999999999,-23677.785,-6919.0199999999995,412.56,-29495.52,-10131.21,-3902.625
-12550.904999999999,-12144.15,-23666.489999999998,-6908.67,417.10499999999996,-29500.875,-10135.89,-3896.055
-12533.895,-12117.645,-23635.844999999998,-6878.34,438.93,-29504.745,-10160.46,-3887.5049999999997
-12541.095,-12124.529999999999,-23643.945,-6883.514999999999,438.435,-29505.329999999998,-10171.484999999999,-3898.08
-12553.064999999999,-12138.975,-23660.415,-6904.9349999999995,420.12,-29517.57,-10177.02,-3909.24
-12554.369999999999,-12151.17,-23681.295,-6947.82,408.51,-29517.39,-10164.914999999999,-3903.12
-12549.465,-12155.805,-23720.67,-7003.98,390.465,-29530.395,-10177.335,-3898.71
-12554.055,-12168.314999999999,-23778.989999999998,-7034.4,377.37,-29539.844999999998,-10191.96,-3905.91
-12557.205,-12165.93,-23776.11,-7023.87,388.84499999999997,-29521.079999999998,-10177.695,-3907.71
-12561.795,-12163.994999999999,-23750.504999999997,-7013.88,374.13,-29532.645,-10191.105,-3913.1549999999997
-12563.82,-12153.779999999999,-23674.004999999997,-6951.33,380.925,-29533.32,-10182.33,-3912.21
-12564.314999999999,-12149.955,-23625.809999999998,-6897.6449999999995,389.61,-29529.0,-10167.164999999999,-3907.305
-12551.22,-12131.91,-23623.695,-6868.035,420.57,-29510.28,-10160.64,-3906.27
-12529.98,-12103.605,-23605.695,-6845.849999999999,451.305,-29483.864999999998,-10141.605,-3890.3399999999997
-12523.545,-12099.645,-23596.649999999998,-6853.7699999999995,446.13,-29485.844999999998,-10143.449999999999,-3886.515
-12532.545,-12114.675,-23619.825,-6850.71,446.085,-29486.204999999998,-10145.295,-3892.545
-12535.515,-12123.945,-23640.254999999997,-6851.384999999999,439.83,-29480.985,-10138.455,-3890.565
-12536.1,-12127.994999999999,-23676.12,-6876.585,429.525,-29491.695,-10148.715,-3891.24
-12540.914999999999,-12141.765,-23721.165,-6908.985,424.935,-29494.485,-10151.64,-3891.87
-12536.955,-12131.1,-23677.829999999998,-6932.79,420.65999999999997,-29493.495,-10153.035,-3887.2799999999997
-12534.39,-12118.859999999999,-23667.704999999998,-6946.514999999999,416.43,-29497.23,-10163.699999999999,-3890.43
-12536.55,-12125.564999999999,-23696.504999999997,-6952.139999999999,416.60999999999996,-29492.64,-10165.545,-3893.7149999999997
-12539.43,-12130.244999999999,-23677.695,-6906.87,408.10499999999996,-29506.905,-10174.23,-3896.8199999999997
-12548.52,-12146.715,-23699.745,-6899.94,402.79499999999996,-29511.495,-10174.5,-3900.33
-12551.67,-12162.24,-23727.239999999998,-6924.915,403.965,-29494.934999999998,-10167.255,-3896.415
-12549.914999999999,-12140.595,-23661.765,-6909.57,396.945,-29513.43,-10181.654999999999,-3902.67
-12549.465,-12127.59,-23631.57,-6900.705,388.935,-29540.114999999998,-10193.805,-3903.345
-12551.895,-12130.064999999999,-23637.059999999998,-6881.355,397.26,-29533.274999999998,-10200.42,-3904.785
-12557.43,-12140.055,-23650.02,-6870.195,398.745,-29528.145,-10195.83,-3910.3199999999997
-12552.164999999999,-12131.955,-23636.925,-6872.264999999999,406.84499999999997,-29510.235,-10166.94,-3900.4649999999997
-12541.41,-12119.535,-23623.11,-6866.73,420.79499999999996,-29497.5,-10162.98,-3893.04
-12545.145,-12124.035,-23634.719999999998,-6876.315,418.40999999999997,-29502.09,-10182.69,-3902.355
-12547.664999999999,-12126.6,-23639.445,-6879.24,417.28499999999997,-29508.795,-10191.914999999999,-3906.0
-12552.84,-12135.195,-23650.469999999998,-6889.7699999999995,410.21999999999997,-29516.445,-10185.705,-3905.865
-12542.984999999999,-12122.1,-23640.3,-6879.915,422.505,-29504.52,-10161.675,-3896.955
-12538.08,-12119.67,-23640.03,-6879.375,426.06,-29504.114999999998,-10170.135,-3894.705
-12544.154999999999,-12132.494999999999,-23658.48,-6899.759999999999,405.585,-29523.42,-10192.68,-3896.865
-12550.635,-12131.369999999999,-23650.605,-6900.12,393.57,-29537.73,-10208.88,-3907.7549999999997
-12558.645,-12137.22,-23658.614999999998,-6904.9349999999995,390.555,-29546.235,-10230.525,-3922.515
-12567.24,-12145.32,-23669.325,-6912.719999999999,386.82,-29551.545,-10237.59,-3927.555
-12555.494999999999,-12138.615,-23665.545,-6907.679999999999,396.04499999999996,-29535.254999999997,-10199.88,-3907.17
-12530.88,-12111.21,-23638.094999999998,-6879.96,426.195,-29498.805,-10146.33,-3885.75
-12523.23,-12106.395,-23635.395,-6880.7699999999995,424.215,-29502.27,-10137.779999999999,-3877.335
-12524.13,-12111.074999999999,-23643.36,-6891.48,414.585,-29515.41,-10147.455,-3872.79
-12534.074999999999,-12119.939999999999,-23646.825,-6887.7,425.96999999999997,-29509.065,-10159.289999999999,-3880.44
-12544.785,-12131.73,-23658.614999999998,-6898.23,418.85999999999996,-29518.605,-10181.385,-3890.52
-12544.965,-12130.154999999999,-23660.28,-6903.675,411.435,-29529.27,-10204.785,-3895.785
-12543.75,-12127.545,-23655.87,-6901.92,406.08,-29539.62,-10206.675,-3896.8199999999997
-12542.265,-12126.015,-23653.71,-6897.96,411.885,-29531.114999999998,-10194.525,-3895.605
-12529.439999999999,-12113.505,-23640.12,-6880.275,436.635,-29498.445,-10154.43,-3877.9649999999997
-12532.23,-12113.64,-23639.175,-6878.745,437.21999999999997,-29494.754999999997,-10160.64,-3886.92
-12537.72,-12121.154999999999,-23648.085,-6892.0199999999995,420.21,-29513.43,-10174.904999999999,-3889.5299999999997
-12544.47,-12134.564999999999,-23669.28,-6917.759999999999,399.73499999999996,-29533.995,-10181.115,-3888.0
-12552.39,-12143.115,-23681.925,-6941.34,390.645,-29547.945,-10195.109999999999,-3895.785
-12553.65,-12141.945,-23682.78,-6951.33,402.16499999999996,-29541.465,-10205.64,-3898.395
-12558.824999999999,-12148.199999999999,-23693.399999999998,-6975.045,404.09999999999997,-29535.39,-10208.565,-3904.245
-12553.109999999999,-12140.595,-23681.295,-6960.465,409.54499999999996,-29525.76,-10201.455,-3900.015
-12545.279999999999,-12135.465,-23679.989999999998,-6952.1849999999995,415.03499999999997,-29511.765,-10182.375,-3894.795
-12542.355,-12132.045,-23667.795,-6907.32,424.935,-29509.065,-10191.33,-3896.595
-12555.72,-12139.244999999999,-23657.94,-6870.509999999999,411.47999999999996,-29528.504999999997,-10218.824999999999,-3907.89
-12563.595,-12139.83,-23651.64,-6886.17,394.11,-29551.5,-10243.664999999999,-3915.765
