ch0,ch1,ch2,ch3,ch4,ch5,ch6,ch7
-12811.814999999999,-12259.35,-23968.44,-6885.405,797.805,-29079.585,-10355.984999999999,-3752.2799999999997
-12807.404999999999,-12248.055,-23959.754999999997,-6881.4,799.785,-29089.215,-10377.765,-3760.605
-12791.115,-12220.965,-23931.809999999998,-6854.625,829.035,-29047.59,-10344.42,-3754.89
-12793.005,-12219.029999999999,-23927.67,-6848.009999999999,841.545,-29014.155,-10307.34,-3758.1749999999997
-12782.34,-12211.244999999999,-23916.375,-6832.17,861.165,-28992.015,-10292.265,-3739.2749999999996
-12771.72,-12228.975,-23939.864999999998,-6854.625,843.93,-28997.235,-10272.555,-3699.585
-12769.74,-12235.23,-23949.225,-6868.53,824.4,-29022.03,-10284.84,-3692.565
-12779.505,-12232.08,-23943.915,-6865.11,827.8199999999999,-29022.795,-10295.955,-3714.165
-12766.005,-12217.77,-23931.045,-6849.179999999999,847.0799999999999,-29018.879999999997,-10314.045,-3703.545
-12769.74,-12229.335,-23945.445,-6862.7699999999995,838.2149999999999,-29026.079999999998,-10309.904999999999,-3700.89
-12772.305,-12230.414999999999,-23942.565,-6854.8949999999995,847.935,-29014.695,-10302.21,-3705.5699999999997
-12775.68,-12232.89,-23941.844999999998,-6859.259999999999,837.855,-29025.945,-10308.015,-3709.935
-12775.635,-12228.164999999999,-23936.67,-6860.205,832.3199999999999,-29037.555,-10316.205,-3711.105
-12778.335,-12229.92,-23937.57,-6858.8099999999995,832.86,-29037.645,-10310.355,-3712.6349999999998
-12788.73,-12235.5,-23939.55,-6855.795,839.025,-29026.305,-10302.705,-3720.87
-12794.49,-12237.029999999999,-23940.27,-6857.955,840.555,-29018.789999999997,-10302.615,-3731.4449999999997
-12793.59,-12228.435,-23933.969999999998,-6857.639999999999,840.105,-29016.629999999997,-10306.8,-3746.3399999999997
-12797.369999999999,-12233.564999999999,-23948.055,-6869.429999999999,832.41,-29025.315,-10311.255,-3751.065
-12794.76,-12239.595,-23960.655,-6877.44,830.115,-29029.905,-10309.994999999999,-3740.1299999999997
-12783.824999999999,-12235.68,-23944.274999999998,-6877.44,820.755,-29031.48,-10309.904999999999,-3717.4049999999997
-12768.975,-12227.939999999999,-23935.23,-6871.86,823.41,-29029.725,-10306.08,-3691.7549999999997
-12778.064999999999,-12237.39,-23950.98,-6877.53,815.76,-29040.48,-10309.545,-3703.77
-12783.465,-12243.6,-23964.57,-6879.915,809.685,-29053.664999999997,-10314.315,-3717.0
-12771.765,-12228.57,-23952.329999999998,-6862.455,824.7149999999999,-29048.579999999998,-10311.3,-3709.305
-12771.404999999999,-12220.875,-23943.105,-6851.79,841.23,-29026.664999999997,-10298.699999999999,-3711.105
-12774.24,-12214.26,-23910.614999999998,-6840.675,847.8,-29016.495,-10302.255,-3718.35
-12772.125,-12212.595,-23910.165,-6840.855,852.255,-29008.89,-10297.574999999999,-3716.865
-12770.64,-12214.935,-23921.864999999998,-6847.605,845.505,-29016.539999999997,-10297.845,-3713.67
-12774.779999999999,-12225.914999999999,-23939.91,-6856.74,840.42,-29022.57,-10295.279999999999,-3714.2549999999997
-12771.404999999999,-12221.55,-23941.53,-6876.179999999999,838.395,-29024.235,-10294.74,-3711.105
-12770.46,-12213.494999999999,-23936.219999999998,-6899.985,839.475,-29026.664999999997,-10296.539999999999,-3713.67
-12772.845,-12219.93,-23948.055,-6917.67,833.13,-29030.265,-10297.98,-3715.245
-12773.25,-12222.675,-23946.885,-6900.21,834.255,-29028.195,-10297.08,-3715.92
-12776.67,-12224.07,-23934.149999999998,-6843.24,834.615,-29030.489999999998,-10301.58,-3719.295
-12774.42,-12221.189999999999,-23924.879999999997,-6813.585,843.5699999999999,-29024.774999999998,-10298.115,-3717.18
-12779.279999999999,-12225.689999999999,-23929.29,-6862.59,833.13,-29016.045,-10292.895,-3723.2549999999997
-12782.789999999999,-12231.18,-23940.899999999998,-6901.65,821.61,-29021.219999999998,-10290.645,-3724.74
-12786.48,-12238.244999999999,-23966.594999999998,-6925.094999999999,815.76,-29033.19,-10292.355,-3725.64
-12778.695,-12226.814999999999,-23955.66,-6891.03,823.635,-29043.495,-10304.505,-3720.825
-12777.164999999999,-12218.85,-23923.305,-6844.905,828.9449999999999,-29044.754999999997,-10310.265,-3723.8399999999997
-12777.705,-12220.965,-23924.79,-6834.285,838.395,-29032.785,-10302.93,-3723.8399999999997
-12769.74,-12214.215,-23924.07,-6823.755,856.0799999999999,-29017.89,-10292.13,-3712.455
-12787.289999999999,-12237.93,-23954.715,-6875.505,824.985,-29037.239999999998,-10293.255,-3719.6099999999997
-12803.4,-12256.875,-23976.945,-6920.505,788.355,-29065.635,-10310.445,-3731.805
-12793.904999999999,-12244.14,-23951.879999999997,-6903.63,786.42,-29051.055,-10328.22,-3730.14
-12779.865,-12227.039999999999,-23928.885,-6846.84,818.01,-29043.315,-10346.76,-3724.605
-12777.75,-12224.699999999999,-23933.879999999997,-6832.125,834.885,-29034.629999999997,-10300.005,-3721.5
-12784.14,-12228.48,-23931.629999999997,-6834.87,831.105,-29030.67,-10278.135,-3724.065
-12784.68,-12222.765,-23918.355,-6821.415,843.435,-29027.925,-10275.255,-3723.705
-12781.305,-12221.01,-23920.245,-6828.57,846.135,-29028.87,-10282.815,-3720.33
-12788.369999999999,-12228.345,-23928.704999999998,-6848.235,841.185,-29030.219999999998,-10285.65,-3728.0249999999996
-12793.32,-12227.355,-23925.555,-6852.509999999999,842.13,-29025.495,-10276.695,-3733.29
-12803.939999999999,-12233.205,-23923.53,-6845.67,843.3449999999999,-29026.26,-10274.715,-3745.4849999999997
-12800.609999999999,-12230.865,-23928.795,-6842.969999999999,839.475,-29030.579999999998,-10278.539999999999,-3747.69
-12781.26,-12221.64,-23940.945,-6845.264999999999,836.73,-29030.985,-10289.97,-3736.71
-12773.205,-12204.135,-23917.004999999997,-6828.615,853.515,-29016.27,-10305.855,-3741.5699999999997
-12774.555,-12204.0,-23914.485,-6832.485,848.115,-29029.95,-10332.494999999999,-3741.5699999999997
-12773.025,-12222.09,-23936.489999999998,-6858.45,819.5849999999999,-29050.425,-10333.619999999999,-3716.73
-12789.63,-12238.109999999999,-23949.765,-6870.915,810.99,-29053.035,-10318.275,-3723.12
-12792.869999999999,-12245.895,-23954.895,-6872.804999999999,812.9699999999999,-29039.625,-10259.234999999999,-3704.805
-12791.16,-12252.33,-23967.27,-6884.235,807.975,-29038.094999999998,-10236.914999999999,-3694.68
-12783.779999999999,-12235.725,-23949.045,-6870.78,818.73,-29040.03,-10273.59,-3709.845
-12770.234999999999,-12219.57,-23938.965,-6868.3949999999995,819.765,-29038.23,-10281.869999999999,-3708.72
-12777.525,-12230.865,-23948.82,-6877.98,807.975,-29050.2,-10290.779999999999,-3710.79
-12787.244999999999,-12240.449999999999,-23952.51,-6876.36,810.135,-29051.954999999998,-10300.68,-3715.245
-12787.74,-12241.574999999999,-23953.905,-6882.12,803.6999999999999,-29054.295,-10297.484999999999,-3716.145
-12787.109999999999,-12237.029999999999,-23952.78,-6872.759999999999,819.9449999999999,-29039.94,-10295.91,-3721.68
-12781.17,-12223.935,-23935.094999999998,-6853.094999999999,839.52,-29020.725,-10283.67,-3720.645
-12773.88,-12214.89,-23924.34,-6843.375,846.99,-29013.164999999997,-10268.73,-3714.8399999999997
-12776.039999999999,-12214.574999999999,-23926.14,-6846.795,842.85,-29020.59,-10274.445,-3716.865
-12776.4,-12216.645,-23928.614999999998,-6850.755,838.26,-29027.745,-10275.39,-3713.805
-12782.34,-12224.385,-23937.165,-6858.99,830.295,-29034.899999999998,-10278.0,-3719.25
-12783.779999999999,-12227.58,-23943.645,-6867.09,826.8299999999999,-29034.765,-10280.744999999999,-3721.68
-12779.775,-12225.06,-23945.85,-6870.915,829.17,-29031.795,-10283.13,-3719.79
-12785.22,-12232.529999999999,-23951.024999999998,-6885.945,821.115,-29028.645,-10275.975,-3721.995
-12793.005,-12240.045,-23952.195,-6897.69,810.3149999999999,-29029.364999999998,-10273.545,-3728.52
-12801.015,-12249.27,-23969.43,-6903.45,799.8299999999999,-29041.739999999998,-10281.33,-3736.7999999999997
-12789.09,-12235.095,-23954.219999999998,-6869.79,810.495,-29047.545,-10297.619999999999,-3729.42
-12787.515,-12231.63,-23948.954999999998,-6869.34,808.02,-29047.364999999998,-10295.82,-3729.375
-12776.31,-12210.164999999999,-23917.5,-6835.724999999999,843.66,-29016.09,-10280.925,-3722.1299999999997
-12776.49,-12211.74,-23919.66,-6838.245,847.53,-29014.649999999998,-10277.19,-3721.545
-12781.89,-12220.515,-23933.52,-6854.085,832.5899999999999,-29037.914999999997,-10294.38,-3724.9649999999997
-12784.32,-12226.095,-23942.204999999998,-6864.929999999999,820.5749999999999,-29052.765,-10307.115,-3724.9649999999997
-12787.515,-12230.145,-23940.765,-6862.7699999999995,829.0799999999999,-29032.289999999997,-10289.295,-3726.495
-12785.22,-12224.744999999999,-23925.555,-6868.62,827.37,-29018.07,-10278.494999999999,-3726.18
-12785.445,-12226.14,-23932.53,-6881.264999999999,819.405,-29028.149999999998,-10286.369999999999,-3729.33
-12784.095,-12225.869999999999,-23948.774999999998,-6875.639999999999,821.43,-29038.815,-10294.74,-3728.3399999999997
-12787.335,-12230.82,-23955.66,-6897.6449999999995,813.9599999999999,-29041.335,-10290.24,-3728.8799999999997
-12787.74,-12232.395,-23960.475,-6925.32,808.4699999999999,-29042.28,-10285.065,-3727.35
-12786.39,-12228.119999999999,-23955.3,-6925.995,813.105,-29038.14,-10280.475,-3725.8199999999997
-12783.96,-12225.105,-23949.405,-6898.32,819.63,-29028.42,-10265.355,-3721.77
-12792.555,-12234.824999999999,-23950.844999999998,-6861.0599999999995,811.755,-29036.879999999997,-10267.875,-3729.105
-12794.939999999999,-12237.93,-23947.829999999998,-6859.889999999999,814.05,-29035.575,-10275.525,-3730.455
-12783.914999999999,-12223.17,-23931.629999999997,-6856.0199999999995,830.8349999999999,-29028.69,-10299.465,-3724.02
-12787.38,-12227.67,-23936.265,-6862.634999999999,823.68,-29028.825,-10294.785,-3727.89
-12791.835,-12237.48,-23956.29,-6888.15,814.725,-29025.945,-10279.619999999999,-3727.845
-12790.439999999999,-12240.09,-23965.515,-6899.04,810.54,-29024.28,-10269.63,-3725.37
-12787.335,-12233.115,-23952.6,-6880.005,818.91,-29022.704999999998,-10268.595,-3725.37
-12781.215,-12215.43,-23917.635,-6826.5,840.645,-29021.309999999998,-10279.17,-3728.475
-12782.97,-12217.59,-23912.91,-6813.179999999999,839.43,-29025.629999999997,-10279.755,-3723.8399999999997
-12789.18,-12228.705,-23933.655,-6847.965,824.535,-29047.094999999998,-10299.824999999999,-3724.6949999999997
-12796.515,-12239.189999999999,-23950.53,-6873.84,802.305,-29074.184999999998,-10321.56,-3732.12
-12803.894999999999,-12248.369999999999,-23964.93,-6896.115,788.22,-29078.774999999998,-10319.805,-3741.93
-12809.115,-12254.715,-23974.605,-6911.1449999999995,787.5,-29060.01,-10283.355,-3747.4649999999997
-12801.375,-12243.42,-23960.7,-6893.235,799.4699999999999,-29043.719999999998,-10258.425,-3743.145
-12789.18,-12226.14,-23939.774999999998,-6871.005,813.1949999999999,-29044.71,-10295.955,-3737.835
-12775.32,-12209.625,-23920.92,-6847.245,841.0949999999999,-29025.18,-10312.695,-3725.5049999999997
-12783.375,-12222.539999999999,-23932.62,-6862.905,840.735,-29007.0,-10277.505,-3721.14
-12798.539999999999,-12244.455,-23959.395,-6903.54,812.0699999999999,-29024.19,-10261.98,-3725.415
-12790.619999999999,-12232.529999999999,-23946.48,-6888.375,817.155,-29024.55,-10253.654999999999,-3723.39
-12775.32,-12207.824999999999,-23907.329999999998,-6829.83,845.5949999999999,-29001.015,-10243.89,-3718.71
-12778.605,-12211.965,-23909.309999999998,-6818.445,848.2049999999999,-29005.92,-10245.195,-3720.42
-12780.539999999999,-12219.029999999999,-23924.52,-6840.764999999999,835.3349999999999,-29015.73,-10252.44,-3721.365
-12778.425,-12221.46,-23938.695,-6869.565,817.3349999999999,-29020.274999999998,-10259.64,-3720.33
-12781.305,-12224.789999999999,-23942.969999999998,-6871.95,816.3449999999999,-29028.059999999998,-10269.27,-3722.3999999999996
-12786.885,-12227.715,-23944.95,-6861.33,828.405,-29020.05,-10269.99,-3728.0699999999997
-12786.48,-12225.465,-23942.969999999998,-6860.88,825.12,-29021.445,-10273.5,-3730.9049999999997
-12784.904999999999,-12218.085,-23931.945,-6864.929999999999,826.6949999999999,-29021.579999999998,-10276.74,-3734.37
-12790.17,-12224.025,-23938.379999999997,-6877.98,825.435,-29027.565,-10273.095,-3736.845
-12782.564999999999,-12216.465,-23935.815,-6883.83,829.17,-29021.355,-10256.445,-3729.645
-12796.244999999999,-12222.945,-23933.295,-6879.825,831.06,-29019.195,-10259.955,-3740.895
-12811.005,-12240.99,-23941.53,-6878.16,811.2149999999999,-29036.969999999998,-10271.34,-3744.45
-12803.625,-12245.939999999999,-23951.879999999997,-6879.6449999999995,803.8349999999999,-29040.344999999998,-10270.71,-3732.0299999999997
-12787.154999999999,-12241.529999999999,-23951.7,-6873.389999999999,796.9499999999999,-29044.89,-10273.545,-3718.305
-12771.135,-12223.98,-23944.995,-6878.7,804.15,-29045.204999999998,-10281.465,-3707.64
-12783.33,-12222.72,-23943.239999999998,-6870.195,832.9499999999999,-29016.27,-10276.289999999999,-3722.94
-12795.345,-12223.845,-23931.0,-6857.639999999999,834.03,-29018.61,-10289.205,-3738.7799999999997
-12822.39,-12244.59,-23958.54,-6887.79,803.61,-29040.434999999998,-10301.31,-3772.7999999999997
-12837.869999999999,-12261.42,-23981.489999999998,-6909.344999999999,780.12,-29066.175,-10310.58,-3790.305
-12829.59,-12249.314999999999,-23966.46,-6905.115,794.385,-29054.295,-10292.715,-3790.575
-12800.025,-12211.109999999999,-23919.03,-6848.91,844.4699999999999,-29006.325,-10244.52,-3767.265
-12777.525,-12195.99,-23897.295,-6807.285,862.3349999999999,-28995.704999999998,-10231.515,-3731.04
-12769.064999999999,-12193.83,-23896.44,-6807.78,854.685,-29010.149999999998,-10253.07,-3719.3399999999997
-12780.494999999999,-12216.645,-23923.8,-6843.96,825.39,-29035.664999999997,-10277.324999999999,-3713.7149999999997
-12794.22,-12240.449999999999,-23949.719999999998,-6872.264999999999,802.2149999999999,-29052.765,-10290.96,-3714.795
-12808.305,-12255.705,-23965.695,-6889.545,790.11,-29056.184999999998,-10291.77,-3735.54
-12810.105,-12252.824999999999,-23961.105,-6883.469999999999,801.7199999999999,-29035.98,-10273.859999999999,-3745.395
-12775.095,-12226.005,-23938.245,-6861.105,826.155,-29015.594999999998,-10250.685,-3702.24
-12744.945,-12207.33,-23925.555,-6850.259999999999,836.505,-29009.835,-10235.385,-3660.705
-12757.365,-12208.23,-23927.219999999998,-6857.37,830.925,-29023.065,-10253.43,-3685.68
-12775.005,-12221.145,-23945.94,-6885.8099999999995,817.245,-29042.73,-10269.045,-3704.7599999999998
-12780.63,-12227.895,-23956.469999999998,-6899.219999999999,813.1949999999999,-29044.71,-10266.255,-3711.42
-12786.029999999999,-12230.865,-23951.925,-6892.335,809.91,-29044.395,-10255.815,-3716.5049999999997
-12785.265,-12228.57,-23947.29,-6880.59,805.86,-29050.379999999997,-10265.22,-3718.7549999999997
-12796.154999999999,-12239.145,-23953.454999999998,-6871.905,796.68,-29052.719999999998,-10274.85,-3730.41
-12790.8,-12234.645,-23952.87,-6889.41,802.89,-29040.975,-10281.96,-3727.7999999999997
-12784.455,-12231.09,-23957.145,-6902.099999999999,809.28,-29023.965,-10255.14,-3720.7799999999997
-12788.279999999999,-12235.5,-23964.75,-6911.46,802.53,-29037.195,-10263.015,-3725.865
-12784.455,-12229.199999999999,-23957.055,-6893.054999999999,811.935,-29041.02,-10266.48,-3720.645
-12788.189999999999,-12231.18,-23949.945,-6869.88,816.66,-29039.535,-10254.15,-3719.0699999999997
-12783.824999999999,-12225.33,-23942.79,-6869.655,828.36,-29024.19,-10244.475,-3715.74
-12789.314999999999,-12235.59,-23961.195,-6884.73,813.78,-29022.164999999997,-10232.19,-3718.935
-12789.945,-12232.305,-23948.1,-6864.075,811.89,-29033.504999999997,-10246.185,-3724.02
-12780.09,-12215.88,-23920.829999999998,-6838.11,830.52,-29027.07,-10265.67,-3721.995
-12776.445,-12210.48,-23917.14,-6840.63,836.505,-29026.215,-10280.16,-3722.895
-12787.109999999999,-12219.48,-23931.719999999998,-6865.065,830.0699999999999,-29026.62,-10273.68,-3732.48
-12784.455,-12218.445,-23941.575,-6892.92,825.93,-29022.254999999997,-10261.529999999999,-3728.3399999999997
-12774.645,-12208.859999999999,-23936.489999999998,-6894.8099999999995,834.975,-29014.559999999998,-10249.605,-3716.7749999999996
-12781.035,-12222.72,-23952.465,-6903.675,821.16,-29025.629999999997,-10243.08,-3714.39
-12793.68,-12235.994999999999,-23957.19,-6888.0599999999995,811.98,-29038.59,-10251.585,-3726.855
-12799.755,-12239.369999999999,-23953.77,-6888.554999999999,803.88,-29050.289999999997,-10263.779999999999,-3733.515
-12798.855,-12238.109999999999,-23951.79,-6877.755,804.78,-29053.215,-10275.074999999999,-3731.49
-12791.475,-12231.72,-23959.8,-6898.679999999999,806.355,-29048.489999999998,-10277.505,-3725.64
-12793.904999999999,-12235.59,-23964.84,-6913.259999999999,801.045,-29042.64,-10257.84,-3726.765
-12796.244999999999,-12237.48,-23957.055,-6893.865,801.81,-29038.995,-10251.135,-3728.8799999999997
-12794.355,-12225.555,-23932.125,-6861.915,815.535,-29034.765,-10272.96,-3736.5299999999997
-12796.38,-12228.84,-23933.79,-6837.389999999999,829.7099999999999,-29021.265,-10276.47,-3737.6099999999997
-12796.875,-12229.38,-23937.93,-6834.6449999999995,834.255,-29018.789999999997,-10261.08,-3733.6949999999997
-12796.695,-12229.605,-23938.92,-6852.554999999999,823.41,-29029.635,-10244.385,-3729.555
-12804.255,-12243.24,-23957.37,-6878.61,804.51,-29057.985,-10265.76,-3733.83
-12798.81,-12237.615,-23951.024999999998,-6873.525,812.16,-29056.95,-10272.24,-3732.8399999999997
-12781.845,-12210.615,-23919.524999999998,-6842.115,844.3349999999999,-29022.614999999998,-10261.305,-3730.3199999999997
-12776.085,-12209.039999999999,-23916.51,-6853.455,836.9549999999999,-29013.795,-10248.795,-3723.75
-12777.48,-12213.81,-23925.915,-6873.21,821.16,-29019.059999999998,-10242.99,-3719.115
-12790.17,-12221.955,-23938.605,-6856.065,828.5849999999999,-29020.14,-10246.949999999999,-3729.96
-12795.119999999999,-12225.824999999999,-23939.28,-6852.24,829.485,-29018.07,-10247.085,-3736.08
-12794.939999999999,-12226.635,-23941.215,-6862.365,826.02,-29013.704999999998,-10247.265,-3734.685
-12785.715,-12217.994999999999,-23934.059999999998,-6856.965,838.17,-28998.045,-10241.369999999999,-3725.73
-12788.46,-12220.02,-23937.344999999998,-6862.995,830.115,-29008.754999999997,-10248.39,-3730.2749999999996
-12788.595,-12223.35,-23943.825,-6872.219999999999,816.93,-29027.789999999997,-10256.039999999999,-3729.105
-12789.045,-12223.305,-23943.149999999998,-6874.29,807.93,-29044.395,-10261.755,-3730.815
-12796.83,-12231.314999999999,-23946.93,-6880.815,801.135,-29045.475,-10267.154999999999,-3737.295
-12797.144999999999,-12232.574999999999,-23952.195,-6887.7,804.51,-29039.94,-10259.64,-3734.64
-12788.46,-12223.89,-23946.434999999998,-6884.82,818.505,-29027.25,-10254.42,-3726.27
-12785.85,-12222.314999999999,-23944.545,-6881.985,823.86,-29012.76,-10230.84,-3721.095
-12783.06,-12216.6,-23937.344999999998,-6868.3949999999995,831.105,-29005.92,-10228.68,-3720.24
-12780.359999999999,-12211.47,-23924.565,-6840.134999999999,838.2149999999999,-29008.89,-10246.185,-3721.815
-12779.595,-12211.199999999999,-23922.765,-6841.665,838.26,-29013.84,-10249.109999999999,-3720.915
-12785.039999999999,-12219.3,-23933.385,-6858.045,829.755,-29020.59,-10247.355,-3724.4249999999997
-12787.74,-12222.09,-23936.94,-6860.655,828.135,-29023.739999999998,-10246.23,-3725.055
-12787.47,-12221.189999999999,-23935.454999999998,-6859.259999999999,830.16,-29022.975,-10243.26,-3723.705
-12791.519999999999,-12224.699999999999,-23939.235,-6863.04,824.5799999999999,-29030.265,-10248.975,-3728.565
-12793.949999999999,-12227.445,-23943.87,-6870.33,814.77,-29040.795,-10255.77,-3731.3999999999996
-12794.31,-12228.525,-23947.829999999998,-6878.34,807.03,-29040.614999999998,-10254.42,-3731.7149999999997
-12795.84,-12231.314999999999,-23951.385,-6882.75,803.5649999999999,-29036.43,-10255.77,-3732.0299999999997
-12793.769999999999,-12229.515,-23948.37,-6876.675,810.675,-29031.75,-10263.33,-3730.5899999999997
-12788.505,-12224.205,-23946.39,-6876.9,807.885,-29041.92,-10278.045,-3730.14
-12790.439999999999,-12227.355,-23950.035,-6879.915,806.76,-29038.364999999998,-10269.09,-3731.535
-12791.97,-12224.07,-23945.489999999998,-6877.08,824.13,-29011.815,-10228.545,-3732.0299999999997
-12794.67,-12223.755,-23946.57,-6890.04,825.5699999999999,-29015.19,-10226.789999999999,-3734.91
-12791.789999999999,-12221.189999999999,-23946.075,-6900.929999999999,823.9499999999999,-29027.43,-10245.96,-3734.73
-12794.355,-12221.865,-23953.004999999997,-6911.19,819.045,-29029.905,-10256.49,-3737.3399999999997
-12794.265,-12222.99,-23949.045,-6892.92,812.8349999999999,-29032.02,-10256.76,-3729.24
-12797.414999999999,-12234.015,-23954.805,-6879.735,800.055,-29036.655,-10258.289999999999,-3727.17
-12796.47,-12233.835,-23951.835,-6872.445,803.6999999999999,-29031.344999999998,-10260.27,-3733.02
-12792.15,-12227.4,-23939.73,-6847.514999999999,817.155,-29024.954999999998,-10246.68,-3731.265
-12783.06,-12217.5,-23937.165,-6861.24,823.365,-29017.395,-10235.115,-3726.54
-12777.75,-12218.58,-23954.579999999998,-6912.764999999999,807.48,-29032.02,-10240.92,-3718.935
-12786.435,-12233.97,-23980.77,-6962.804999999999,784.935,-29053.17,-10248.705,-3719.0699999999997
-12793.59,-12237.029999999999,-23992.245,-6980.085,783.99,-29053.079999999998,-10252.484999999999,-3731.1749999999997
-12786.525,-12223.305,-23968.665,-6939.36,805.05,-29023.425,-10225.125,-3733.065
-12782.609999999999,-12213.045,-23923.44,-6842.925,823.86,-29008.62,-10218.105,-3732.2549999999997
-12786.255,-12208.545,-23910.03,-6799.545,834.435,-29017.664999999997,-10234.17,-3736.845
-12794.49,-12220.02,-23923.89,-6814.889999999999,840.4649999999999,-29010.015,-10238.22,-3737.79
-12790.394999999999,-12217.68,-23926.68,-6829.965,840.285,-28997.19,-10234.89,-3731.85
-12780.99,-12217.005,-23932.8,-6846.165,827.73,-29009.655,-10238.58,-3716.5049999999997
-12778.154999999999,-12221.775,-23935.905,-6846.525,821.5649999999999,-29022.93,-10238.49,-3706.785
-12785.355,-12224.835,-23940.315,-6858.0,822.87,-29021.67,-10234.98,-3717.45
-12787.289999999999,-12217.095,-23932.17,-6859.349999999999,831.8249999999999,-29017.44,-10234.17,-3722.58
-12784.725,-12214.8,-23933.07,-6867.675,828.495,-29018.789999999997,-10230.615,-3719.43
-12785.175,-12215.88,-23937.434999999998,-6872.175,819.765,-29022.795,-10226.07,-3720.915
-12789.0,-12220.515,-23943.51,-6871.05,806.4449999999999,-29032.605,-10228.32,-3726.99
-12794.445,-12228.93,-23956.155,-6887.205,801.54,-29036.745,-10233.539999999999,-3730.68
-12781.439999999999,-12213.99,-23938.605,-6867.585,825.03,-29025.855,-10245.869999999999,-3721.0499999999997
-12781.215,-12216.824999999999,-23936.085,-6860.205,818.145,-29030.94,-10252.395,-3719.8799999999997
-12785.13,-12224.925,-23930.504999999997,-6864.705,808.515,-29031.975,-10248.39,-3721.14
-12785.22,-12218.22,-23925.149999999998,-6871.815,815.175,-29021.445,-10247.895,-3722.3999999999996
-12788.865,-12213.63,-23933.024999999998,-6855.615,827.235,-29017.44,-10244.43,-3726.4049999999997
-12791.699999999999,-12219.119999999999,-23941.215,-6853.005,826.8299999999999,-29025.405,-10249.605,-3728.565
-12792.555,-12223.215,-23944.725,-6868.8,814.545,-29038.454999999998,-10257.84,-3732.21
-12785.49,-12217.59,-23939.774999999998,-6867.179999999999,815.355,-29040.84,-10256.94,-3726.72
-12788.189999999999,-12221.369999999999,-23943.42,-6870.6449999999995,813.78,-29034.36,-10245.555,-3724.47
-12785.894999999999,-12219.029999999999,-23940.585,-6866.775,821.16,-29015.594999999998,-10229.22,-3720.1949999999997
-12787.425,-12218.49,-23941.035,-6870.465,814.995,-29024.954999999998,-10240.244999999999,-3724.4249999999997
-12795.795,-12230.595,-23955.165,-6887.429999999999,794.655,-29044.844999999998,-10255.23,-3731.805
-12801.914999999999,-12238.02,-23962.32,-6898.094999999999,782.64,-29049.84,-10253.88,-3737.6549999999997
-12809.789999999999,-12245.939999999999,-23970.285,-6905.88,778.14,-29044.485,-10243.89,-3743.0099999999998
-12804.93,-12240.9,-23965.739999999998,-6896.7,791.235,-29039.579999999998,-10253.25,-3739.455
-12791.744999999999,-12227.13,-23951.565,-6881.759999999999,803.88,-29045.655,-10269.99,-3727.395
-12785.49,-12218.58,-23943.825,-6872.175,814.86,-29041.379999999997,-10268.82,-3723.795
-12780.225,-12209.31,-23932.035,-6860.115,827.91,-29022.885,-10254.914999999999,-3722.265
-12792.734999999999,-12223.439999999999,-23945.489999999998,-6874.11,815.67,-29027.024999999998,-10241.145,-3725.865
-12802.32,-12228.66,-23950.26,-6877.44,813.42,-29024.235,-10231.244999999999,-3735.4049999999997
-12816.045,-12229.875,-23947.245,-6874.875,810.9449999999999,-29031.344999999998,-10248.975,-3764.79
-12827.789999999999,-12236.445,-23949.989999999998,-6876.764999999999,810.18,-29030.265,-10242.72,-3779.37
-12825.63,-12230.775,-23941.98,-6867.09,824.535,-29008.395,-10220.625,-3776.625
-12809.654999999999,-12218.535,-23934.465,-6861.465,829.53,-28998.495,-10213.425,-3760.3799999999997
-12811.365,-12231.63,-23956.29,-6888.599999999999,802.305,-29013.164999999997,-10209.015,-3756.1949999999997
-12787.335,-12212.46,-23940.09,-6877.9349999999995,811.035,-29020.995,-10223.01,-3739.95
-12778.335,-12195.99,-23910.39,-6854.085,837.855,-28997.954999999998,-10217.925,-3729.6
-12779.505,-12204.27,-23920.829999999998,-6877.215,832.68,-28999.305,-10217.295,-3714.66
-12769.064999999999,-12207.645,-23945.219999999998,-6899.175,829.8449999999999,-29016.18,-10238.13,-3700.575
-12766.005,-12205.08,-23952.825,-6904.53,827.1,-29015.414999999997,-10240.605,-3707.145
-12778.74,-12213.27,-23961.87,-6910.155,809.91,-29024.325,-10241.19,-3714.705
-12785.445,-12231.135,-23984.37,-6938.82,790.02,-29039.579999999998,-10243.98,-3713.1299999999997
-12800.115,-12244.949999999999,-23996.475,-6970.634999999999,776.61,-29045.565,-10246.32,-3730.2749999999996
-12794.984999999999,-12228.57,-23969.07,-6950.969999999999,792.18,-29033.504999999997,-10243.574999999999,-3735.0899999999997
-12786.119999999999,-12223.305,-23951.879999999997,-6893.639999999999,804.1949999999999,-29032.065,-10240.38,-3713.355
-12778.695,-12224.115,-23940.945,-6824.61,811.5749999999999,-29035.754999999997,-10236.779999999999,-3697.47
-12780.63,-12225.555,-23939.82,-6830.235,803.43,-29045.925,-10241.414999999999,-3705.66
-12780.269999999999,-12219.255,-23928.704999999998,-6825.554999999999,814.545,-29038.59,-10238.355,-3708.54
-12780.09,-12217.814999999999,-23928.344999999998,-6834.78,828.765,-29023.605,-10230.435,-3709.17
-12784.185,-12220.154999999999,-23935.364999999998,-6851.655,819.7199999999999,-29023.515,-10232.279999999999,-3715.02
-12787.47,-12222.359999999999,-23937.344999999998,-6858.719999999999,817.6949999999999,-29020.454999999998,-10237.365,-3719.52
-12787.47,-12222.404999999999,-23937.975,-6859.889999999999,820.125,-29017.215,-10238.67,-3719.97
-12782.654999999999,-12214.484999999999,-23939.055,-6861.87,816.5699999999999,-29023.02,-10235.925,-3717.18
-12781.845,-12210.525,-23935.364999999998,-6856.875,821.295,-29016.09,-10230.705,-3717.8999999999996
-12787.425,-12224.07,-23947.02,-6868.62,821.16,-29006.46,-10228.32,-3719.745
-12790.26,-12231.99,-23961.555,-6895.035,806.0849999999999,-29016.405,-10234.8,-3721.77
-12789.765,-12222.27,-23950.215,-6896.34,803.52,-29028.149999999998,-10240.695,-3725.955
-12786.75,-12209.805,-23935.995,-6879.554999999999,818.055,-29028.195,-10238.175,-3725.73
-12791.789999999999,-12221.685,-23950.62,-6876.405,811.8,-29034.09,-10242.449999999999,-3727.5299999999997
-12791.34,-12224.205,-23949.719999999998,-6864.12,807.93,-29035.53,-10238.445,-3726.495
-12785.445,-12216.734999999999,-23939.64,-6862.634999999999,815.04,-29020.364999999998,-10225.755,-3721.5899999999997
-12785.984999999999,-12221.73,-23941.71,-6868.98,813.3299999999999,-29007.989999999998,-10222.47,-3720.7799999999997
-12780.314999999999,-12213.855,-23944.86,-6872.355,816.3449999999999,-29009.52,-10234.89,-3717.0899999999997
-12783.015,-12210.255,-23941.665,-6878.384999999999,818.8199999999999,-29008.664999999997,-10234.98,-3721.14
-12782.699999999999,-12210.255,-23944.68,-6901.83,817.8299999999999,-29009.024999999998,-10228.815,-3719.295
-12782.88,-12216.06,-23956.649999999998,-6944.445,806.49,-29017.395,-10230.029999999999,-3720.33
-12787.92,-12227.67,-23976.495,-6961.59,801.405,-29021.399999999998,-10230.975,-3723.795
-12786.48,-12227.715,-23983.785,-6940.08,803.43,-29025.899999999998,-10237.14,-3722.7149999999997
-12793.365,-12229.605,-23975.82,-6912.36,793.935,-29048.219999999998,-10252.08,-3730.23
-12797.279999999999,-12228.705,-23970.239999999998,-6915.96,789.2099999999999,-29059.02,-10264.005,-3737.0699999999997
-12805.47,-12236.939999999999,-23975.684999999998,-6944.13,780.885,-29045.024999999998,-10249.965,-3741.345
-12801.555,-12232.619999999999,-23964.48,-6922.53,786.105,-29011.905,-10210.59,-3735.315
-12798.72,-12226.814999999999,-23936.265,-6832.349999999999,800.505,-29005.829999999998,-10198.26,-3734.325
-12797.279999999999,-12225.6,-23926.545,-6797.79,809.685,-29025.27,-10227.015,-3734.055
-12786.39,-12210.93,-23921.235,-6815.07,826.155,-29030.94,-10258.83,-3730.14
-12801.33,-12224.654999999999,-23941.89,-6853.455,805.635,-29047.094999999998,-10276.65,-3748.23
-12798.314999999999,-12223.574999999999,-23944.094999999998,-6861.42,804.51,-29052.719999999998,-10282.994999999999,-3741.615
-12787.47,-12214.98,-23938.649999999998,-6857.1449999999995,818.91,-29032.829999999998,-10258.065,-3727.5299999999997
-12779.55,-12204.63,-23927.355,-6844.094999999999,839.25,-29004.75,-10224.539999999999,-3721.9049999999997
-12771.404999999999,-12192.84,-23916.42,-6834.195,851.985,-28986.885,-10199.295,-3715.74
-12766.59,-12183.84,-23907.149999999998,-6826.7699999999995,855.225,-28980.765,-10195.02,-3714.21
-12789.675,-12215.789999999999,-23941.53,-6865.695,816.885,-29005.605,-10204.47,-3726.225
-12793.904999999999,-12225.105,-23951.925,-6877.53,810.18,-29002.905,-10202.445,-3725.37
-12790.394999999999,-12221.414999999999,-23948.01,-6872.715,819.405,-28997.145,-10215.18,-3719.205
-12776.625,-12203.865,-23930.415,-6853.59,836.8199999999999,-28993.635,-10223.1,-3712.14
-12786.57,-12210.029999999999,-23939.46,-6865.65,823.995,-29007.855,-10226.025,-3728.115
-12791.115,-12212.55,-23935.545,-6862.1849999999995,830.295,-29000.204999999998,-10216.574999999999,-3732.615
-12787.56,-12205.98,-23911.469999999998,-6853.634999999999,829.4399999999999,-28977.84,-10210.635,-3731.805
-12784.14,-12205.17,-23922.585,-6857.6849999999995,827.8199999999999,-28999.754999999997,-10220.805,-3726.18
-12773.205,-12198.465,-23926.77,-6856.605,832.4549999999999,-29010.375,-10225.845,-3715.1099999999997
-12773.744999999999,-12200.13,-23929.065,-6860.474999999999,827.505,-29011.995,-10227.285,-3714.12
-12785.31,-12215.97,-23941.89,-6871.275,819.0899999999999,-29012.715,-10221.975,-3718.17
-12794.76,-12231.765,-23959.844999999998,-6888.599999999999,804.375,-29019.735,-10227.779999999999,-3720.4649999999997
-12793.185,-12228.21,-23957.37,-6887.205,805.23,-29020.004999999997,-10229.445,-3719.7
-12794.22,-12227.895,-23953.41,-6887.205,803.385,-29013.614999999998,-10219.725,-3721.77
-12790.394999999999,-12220.605,-23939.73,-6876.045,816.66,-28993.5,-10212.93,-3723.48
-12788.369999999999,-12214.574999999999,-23936.219999999998,-6872.3099999999995,821.025,-28999.754999999997,-10215.765,-3725.595
-12787.83,-12213.225,-23939.594999999998,-6872.94,819.9449999999999,-29011.905,-10221.525,-3726.72
-12789.314999999999,-12218.715,-23951.295,-6883.83,811.53,-29019.105,-10226.835,-3727.2149999999997
-12786.255,-12218.715,-23953.68,-6885.45,810.18,-29022.975,-10233.404999999999,-3722.04
-12787.515,-12220.02,-23955.165,-6886.44,806.04,-29025.045,-10232.01,-3724.065
-12788.055,-12216.465,-23945.04,-6875.235,815.895,-29013.03,-10225.125,-3724.875
-12788.369999999999,-12214.439999999999,-23942.475,-6876.675,813.8249999999999,-29011.68,-10225.529999999999,-3727.08
-12788.279999999999,-12214.574999999999,-23938.11,-6874.92,814.635,-29011.68,-10224.585,-3726.585
-12791.07,-12220.289999999999,-23945.625,-6888.33,807.75,-29014.02,-10217.475,-3725.91
-12799.529999999999,-12232.845,-23973.614999999998,-6928.695,789.435,-29021.399999999998,-10210.23,-3732.075
-12802.59,-12236.715,-23982.48,-6959.79,781.245,-29026.8,-10209.69,-3733.02
-12802.635,-12235.23,-23979.69,-6970.05,786.1949999999999,-29036.789999999997,-10232.19,-3731.7599999999998
-12792.285,-12221.505,-23962.95,-6926.49,808.92,-29038.77,-10265.85,-3727.395
-12793.68,-12227.715,-23970.015,-6885.54,800.055,-29043.135,-10263.24,-3729.1499999999996
-12795.029999999999,-12224.564999999999,-23952.239999999998,-6847.514999999999,812.9699999999999,-29021.129999999997,-10239.57,-3732.165
-12780.765,-12202.064999999999,-23918.67,-6826.7699999999995,839.115,-28989.675,-10206.359999999999,-3720.96
-12777.255,-12195.314999999999,-23913.45,-6840.855,844.1999999999999,-28982.43,-10199.475,-3720.105
-12785.58,-12212.595,-23937.885,-6875.82,823.23,-29004.164999999997,-10216.89,-3722.805
-12796.695,-12225.914999999999,-23960.61,-6896.295,804.555,-29023.92,-10228.23,-3732.39
-12796.515,-12220.965,-23956.92,-6881.67,802.4399999999999,-29029.094999999998,-10228.095,-3733.6499999999996
-12790.664999999999,-12213.359999999999,-23934.42,-6845.8949999999995,817.155,-29012.219999999998,-10210.23,-3725.325
-12780.494999999999,-12203.324999999999,-23922.945,-6838.065,837.9,-28992.329999999998,-10199.25,-3712.9049999999997
-12788.369999999999,-12210.885,-23936.805,-6860.474999999999,820.26,-29016.945,-10227.69,-3722.895
-12793.365,-12219.84,-23948.82,-6875.865,806.4449999999999,-29028.105,-10249.154999999999,-3726.315
-12791.115,-12218.715,-23948.28,-6877.3949999999995,805.5,-29027.789999999997,-10262.654999999999,-3723.5699999999997
-12796.064999999999,-12223.755,-23953.004999999997,-6884.639999999999,797.805,-29031.885,-10264.005,-3728.7
-12796.244999999999,-12224.16,-23952.51,-6881.49,805.9499999999999,-29014.245,-10236.69,-3725.415
-12797.955,-12224.564999999999,-23949.945,-6877.665,816.3449999999999,-28997.055,-10214.64,-3730.3199999999997
-12791.295,-12214.755,-23939.82,-6867.045,825.885,-28991.655,-10200.869999999999,-3731.7149999999997
-12781.71,-12204.675,-23932.17,-6862.32,829.35,-28990.89,-10193.94,-3721.545
-12786.39,-12209.805,-23937.704999999998,-6871.634999999999,817.785,-29004.164999999997,-10202.22,-3725.415
-12791.835,-12216.869999999999,-23946.254999999997,-6881.4,805.8149999999999,-29016.45,-10202.085,-3727.305
-12804.975,-12230.369999999999,-23960.34,-6894.405,794.385,-29026.62,-10218.285,-3740.3999999999996
-12799.305,-12224.07,-23953.32,-6882.84,812.5649999999999,-29009.43,-10228.275,-3736.17
-12777.705,-12198.195,-23926.995,-6854.219999999999,839.295,-28995.93,-10237.275,-3722.085
-12773.744999999999,-12192.885,-23923.26,-6853.5,834.2099999999999,-28999.844999999998,-10238.895,-3719.3399999999997
-12786.345,-12208.635,-23940.045,-6871.679999999999,816.5699999999999,-29007.765,-10226.115,-3722.22
-12791.34,-12213.63,-23942.25,-6871.094999999999,819.0,-28999.395,-10208.16,-3723.21
-12799.664999999999,-12218.895,-23945.219999999998,-6874.245,815.265,-28997.73,-10199.25,-3733.245
-12795.615,-12214.215,-23940.809999999998,-6871.5,816.66,-29000.024999999998,-10195.47,-3732.705
-12782.654999999999,-12207.689999999999,-23937.254999999997,-6867.405,820.17,-29004.885,-10203.255,-3720.555
-12772.755,-12203.055,-23934.78,-6864.75,824.4,-29011.95,-10216.98,-3703.77
-12787.515,-12217.14,-23951.114999999998,-6883.469999999999,806.895,-29021.219999999998,-10219.815,-3714.8399999999997
-12783.96,-12208.005,-23939.64,-6870.42,819.0899999999999,-29005.335,-10208.205,-3719.475
-12786.615,-12212.505,-23946.075,-6880.365,809.145,-29006.37,-10206.539999999999,-3718.89
-12792.33,-12222.0,-23962.68,-6899.715,792.045,-29021.535,-10212.885,-3722.895
-12788.775,-12217.77,-23956.2,-6892.065,796.86,-29023.605,-10211.49,-3724.02
-12789.945,-12218.355,-23955.57,-6890.264999999999,798.5699999999999,-29023.829999999998,-10216.484999999999,-3727.08
-12777.75,-12205.755,-23941.079999999998,-6871.95,813.78,-29009.745,-10215.315,-3715.515
-12779.595,-12207.33,-23939.28,-6865.83,819.27,-29008.125,-10215.359999999999,-3716.64
-12787.154999999999,-12211.92,-23941.665,-6869.745,815.355,-29012.985,-10215.945,-3722.7599999999998
-12784.545,-12206.654999999999,-23942.024999999998,-6871.7699999999995,816.03,-29016.495,-10213.965,-3722.7149999999997
-12783.869999999999,-12208.904999999999,-23944.995,-6878.07,816.435,-29020.32,-10221.119999999999,-3725.1
-12785.22,-12210.885,-23942.655,-6887.969999999999,817.785,-29015.864999999998,-10223.73,-3725.865
-12793.095,-12225.24,-23962.454999999998,-6915.105,808.8299999999999,-29011.905,-10218.24,-3726.99
-12791.88,-12224.52,-23969.34,-6934.679999999999,804.42,-29009.52,-10211.445,-3721.77
-12782.385,-12209.265,-23948.235,-6925.275,802.035,-29002.23,-10205.145,-3716.865
-12783.465,-12206.699999999999,-23939.37,-6898.905,805.68,-29009.43,-10214.369999999999,-3718.935
-12788.955,-12215.115,-23952.015,-6894.54,807.7049999999999,-29015.145,-10215.855,-3723.39
-12789.81,-12219.48,-23959.844999999998,-6884.505,802.395,-29023.829999999998,-10218.24,-3726.9449999999997
-12788.505,-12209.265,-23942.295,-6877.889999999999,806.175,-29018.61,-10211.625,-3729.24
-12787.92,-12210.885,-23950.575,-6902.505,808.29,-29011.95,-10205.91,-3726.0
-12787.83,-12216.96,-23957.28,-6898.365,809.415,-29012.805,-10209.24,-3718.035
-12785.58,-12217.455,-23958.945,-6896.969999999999,815.535,-29016.989999999998,-10221.975,-3714.48
-12783.644999999999,-12215.385,-23964.75,-6909.255,820.035,-29002.454999999998,-10213.38,-3715.56
-12786.615,-12214.305,-23950.305,-6888.195,816.48,-29000.07,-10209.645,-3720.7799999999997
-12788.234999999999,-12209.039999999999,-23921.235,-6830.235,822.1949999999999,-29002.274999999998,-10212.255,-3727.395
-12795.029999999999,-12216.869999999999,-23923.934999999998,-6813.495,817.8299999999999,-29011.77,-10214.595,-3729.42
-12797.324999999999,-12224.115,-23939.325,-6840.405,806.31,-29016.539999999997,-10213.38,-3727.98
-12800.43,-12226.23,-23947.559999999998,-6866.415,794.925,-29025.09,-10216.89,-3729.1949999999997
-12806.414999999999,-12233.16,-23956.29,-6876.9,791.28,-29030.129999999997,-10224.675,-3732.39
-12794.355,-12217.095,-23941.305,-6862.05,809.8199999999999,-29030.039999999997,-10244.115,-3728.295
-12789.135,-12208.41,-23930.82,-6850.3949999999995,822.87,-29021.265,-10240.065,-3728.7
-12786.164999999999,-12209.22,-23934.645,-6856.155,822.915,-29003.309999999998,-10200.24,-3721.2749999999996
-12782.16,-12202.92,-23931.0,-6854.175,828.405,-28992.69,-10195.38,-3718.98
-12793.545,-12214.215,-23944.5,-6871.1849999999995,809.1,-29005.469999999998,-10209.24,-3728.3849999999998
-12797.189999999999,-12221.189999999999,-23951.7,-6883.74,791.685,-29024.73,-10231.56,-3732.75
-12802.005,-12228.66,-23958.945,-6889.59,788.805,-29039.895,-10259.595,-3738.6
-12795.57,-12220.02,-23949.675,-6882.389999999999,797.31,-29037.645,-10255.365,-3733.605
-12790.845,-12213.18,-23942.16,-6874.514999999999,807.3449999999999,-29022.164999999997,-10214.369999999999,-3725.2349999999997
-12793.365,-12211.785,-23936.67,-6863.804999999999,825.435,-29000.655,-10188.539999999999,-3726.315
-12794.715,-12202.02,-23920.92,-6842.025,849.24,-28981.305,-10183.815,-3738.105
-12815.865,-12212.91,-23929.739999999998,-6851.655,835.515,-28994.309999999998,-10204.74,-3772.845
-12821.355,-12217.59,-23936.895,-6863.3099999999995,822.42,-29002.725,-10204.92,-3783.69
-12821.13,-12221.279999999999,-23945.309999999998,-6877.889999999999,806.0849999999999,-29022.614999999998,-10215.27,-3780.72
-12794.22,-12214.395,-23942.79,-6878.61,805.14,-29024.01,-10225.305,-3732.075
-12772.08,-12215.52,-23949.225,-6887.07,803.9699999999999,-29021.94,-10227.779999999999,-3688.83
-12780.314999999999,-12209.715,-23943.42,-6890.264999999999,824.4449999999999,-28991.789999999997,-10202.445,-3706.92
-12805.064999999999,-12210.39,-23959.17,-6942.87,828.18,-28981.53,-10190.97,-3751.2
-12826.845,-12222.09,-23981.76,-6996.33,809.73,-28994.175,-10196.01,-3784.95
-12815.414999999999,-12208.365,-23969.969999999998,-6990.75,811.8,-28993.68,-10198.98,-3789.54
-12793.23,-12205.35,-23960.34,-6924.0599999999995,815.535,-28997.28,-10197.539999999999,-3752.19
-12757.59,-12212.64,-23953.41,-6845.264999999999,804.87,-29017.754999999997,-10195.244999999999,-3675.7799999999997
-12750.164999999999,-12209.445,-23945.129999999997,-6849.0,800.64,-29029.77,-10204.74,-3663.72
-12778.244999999999,-12225.285,-23953.995,-6868.844999999999,793.395,-29031.164999999997,-10217.205,-3690.4049999999997
-12782.519999999999,-12230.369999999999,-23963.895,-6888.509999999999,793.665,-29030.355,-10232.369999999999,-3696.705
-12781.71,-12230.73,-23969.204999999998,-6906.735,796.185,-29028.015,-10231.74,-3702.4649999999997
-12782.609999999999,-12234.869999999999,-23982.254999999997,-6941.205,790.155,-29026.664999999997,-10215.855,-3698.955
-12791.744999999999,-12241.215,-23996.835,-6981.48,782.415,-29029.364999999998,-10207.529999999999,-3703.9049999999997
-12791.88,-12227.085,-23968.035,-6948.134999999999,791.4599999999999,-29025.855,-10209.375,-3714.75
-12792.33,-12222.99,-23956.29,-6923.384999999999,800.4599999999999,-29017.35,-10209.105,-3722.7149999999997
-12792.644999999999,-12222.359999999999,-23959.395,-6891.389999999999,802.0799999999999,-29018.789999999997,-10213.965,-3724.515
-12800.16,-12230.64,-23961.69,-6856.83,805.005,-29023.649999999998,-10221.164999999999,-3728.0699999999997
-12814.244999999999,-12245.22,-23972.579999999998,-6879.96,790.74,-29037.239999999998,-10236.51,-3738.7349999999997
-12820.68,-12246.93,-23965.245,-6883.514999999999,770.76,-29048.265,-10244.025,-3748.545
-12832.109999999999,-12257.73,-23968.125,-6873.12,778.23,-29041.739999999998,-10239.255,-3757.0049999999997
-12822.795,-12257.775,-23973.03,-6883.469999999999,774.495,-29051.414999999997,-10243.755,-3744.27
-12797.595,-12227.49,-23943.69,-6848.6849999999995,811.2149999999999,-29031.57,-10235.295,-3726.0899999999997
-12784.095,-12200.984999999999,-23916.465,-6825.87,844.605,-28999.125,-10216.17,-3720.33
-12782.34,-12199.14,-23918.579999999998,-6831.764999999999,848.2049999999999,-28986.84,-10199.475,-3719.8799999999997
-12773.34,-12189.015,-23909.985,-6826.23,856.8449999999999,-28973.879999999997,-10180.44,-3711.7799999999997
-12779.369999999999,-12197.025,-23919.254999999997,-6838.92,845.775,-28984.32,-10192.32,-3716.37
-12785.085,-12204.359999999999,-23927.175,-6850.844999999999,838.17,-28990.934999999998,-10201.68,-3720.96
-12787.83,-12207.645,-23935.68,-6859.304999999999,834.48,-28991.969999999998,-10203.84,-3722.355
-12788.279999999999,-12210.39,-23943.465,-6866.955,827.3249999999999,-28995.524999999998,-10202.67,-3722.04
-12790.215,-12215.205,-23946.165,-6875.955,816.255,-29000.565,-10204.199999999999,-3722.22
-12790.89,-12218.445,-23944.274999999998,-6875.73,816.0749999999999,-28997.864999999998,-10205.234999999999,-3722.355
-12790.17,-12217.23,-23950.485,-6877.71,817.02,-28999.98,-10207.935,-3723.705
-12795.48,-12216.285,-23951.34,-6875.865,815.805,-29009.475,-10213.154999999999,-3731.67
-12799.439999999999,-12216.195,-23946.57,-6876.9,808.74,-29033.954999999998,-10225.08,-3738.33
-12802.005,-12221.55,-23954.985,-6889.139999999999,797.5799999999999,-29046.42,-10230.345,-3739.77
-12801.779999999999,-12221.595,-23954.309999999998,-6890.58,802.53,-29031.03,-10225.484999999999,-3737.97
-12791.205,-12211.425,-23947.829999999998,-6894.99,821.655,-28996.605,-10200.015,-3725.5049999999997
-12785.13,-12205.71,-23947.29,-6906.554999999999,830.745,-28984.635,-10192.545,-3719.7
-12786.164999999999,-12208.859999999999,-23952.105,-6917.58,825.615,-28987.829999999998,-10199.789999999999,-3721.095
-12790.619999999999,-12213.27,-23953.635,-6902.82,817.8299999999999,-28991.565,-10197.765,-3726.45
-12795.164999999999,-12217.005,-23947.379999999997,-6865.38,811.8449999999999,-29004.21,-10215.99,-3733.245
-12783.689999999999,-12201.93,-23932.98,-6857.594999999999,826.605,-28999.079999999998,-10232.64,-3726.855
-12795.795,-12215.609999999999,-23953.545,-6885.764999999999,817.785,-28997.19,-10218.6,-3733.29
-12809.519999999999,-12238.244999999999,-23991.66,-6939.585,795.285,-29004.84,-10196.55,-3735.27
-12801.779999999999,-12228.435,-23983.695,-6944.13,805.905,-29003.67,-10198.529999999999,-3729.015
-12789.449999999999,-12210.48,-23958.18,-6911.6849999999995,824.0849999999999,-29011.41,-10229.94,-3727.935
-12789.63,-12205.08,-23936.04,-6863.175,828.27,-29006.46,-10214.865,-3732.0299999999997
-12789.855,-12204.9,-23923.71,-6823.485,834.3449999999999,-28996.289999999997,-10193.039999999999,-3726.045
-12793.814999999999,-12211.47,-23927.445,-6808.815,831.42,-29000.879999999997,-10196.595,-3725.8199999999997
-12800.25,-12215.34,-23935.094999999998,-6833.5199999999995,825.03,-29006.954999999998,-10212.705,-3735.495
-12812.4,-12223.619999999999,-23951.385,-6865.74,818.55,-29001.555,-10215.09,-3752.145
-12838.095,-12237.21,-23969.7,-6890.04,818.4599999999999,-28990.305,-10201.904999999999,-3784.2749999999996
-12842.46,-12235.095,-23976.945,-6919.065,810.54,-29001.42,-10198.845,-3797.46
-12841.244999999999,-12242.564999999999,-23996.024999999998,-6959.429999999999,780.255,-29040.93,-10228.59,-3790.89
-12823.335,-12253.095,-24014.969999999998,-6980.58,755.595,-29060.91,-10251.404999999999,-3746.835
-12770.145,-12225.6,-23989.274999999998,-6928.469999999999,777.42,-29043.09,-10242.315,-3683.9249999999997
-12759.164999999999,-12190.859999999999,-23920.92,-6820.965,831.9599999999999,-29006.01,-10216.845,-3695.94
-12761.73,-12183.119999999999,-23899.86,-6805.3949999999995,844.605,-28994.535,-10201.904999999999,-3698.46
-12759.3,-12187.439999999999,-23918.489999999998,-6837.974999999999,838.89,-28984.545,-10165.545,-3685.725
-12769.515,-12190.14,-23922.855,-6842.655,842.5799999999999,-28982.61,-10173.195,-3702.375
-12790.89,-12213.314999999999,-23946.614999999998,-6873.57,815.31,-29002.995,-10194.705,-3717.81
-12799.08,-12222.945,-23953.635,-6879.014999999999,813.555,-28997.954999999998,-10190.789999999999,-3721.14
-12790.755,-12213.27,-23943.555,-6866.37,827.5949999999999,-28985.94,-10177.38,-3716.2799999999997
-12786.93,-12212.414999999999,-23949.405,-6876.855,828.135,-28987.515,-10175.805,-3713.4449999999997
-12775.904999999999,-12198.465,-23942.655,-6898.455,823.4549999999999,-28997.37,-10192.725,-3706.9649999999997
-12780.135,-12208.77,-23967.765,-6969.78,810.5849999999999,-29001.465,-10196.414999999999,-3710.0699999999997
-12784.095,-12220.695,-24003.855,-7024.724999999999,793.53,-29008.53,-10198.17,-3713.895
-12782.97,-12213.225,-23990.85,-6985.62,795.1949999999999,-29008.305,-10200.285,-3715.605
-12795.525,-12221.73,-23970.78,-6885.63,812.025,-28999.079999999998,-10201.365,-3726.6299999999997
-12799.664999999999,-12219.615,-23932.305,-6783.57,829.395,-28993.364999999998,-10201.77,-3731.805
-12795.93,-12209.445,-23919.57,-6794.505,838.98,-28983.87,-10195.244999999999,-3730.3199999999997
-12794.355,-12211.965,-23937.344999999998,-6850.755,823.4549999999999,-28989.315,-10198.44,-3728.97
-12784.904999999999,-12203.145,-23934.015,-6856.065,823.23,-28996.739999999998,-10205.64,-3720.7799999999997
-12788.279999999999,-12210.029999999999,-23940.045,-6868.665,813.51,-29003.94,-10202.445,-3720.7349999999997
-12795.164999999999,-12213.765,-23941.215,-6869.34,810.225,-29003.219999999998,-10190.565,-3726.1349999999998
-12800.97,-12216.42,-23941.17,-6863.445,809.1,-29006.864999999998,-10189.89,-3732.0299999999997
-12801.734999999999,-12220.425,-23949.495,-6874.38,811.305,-29008.98,-10199.385,-3732.435
-12787.244999999999,-12206.43,-23947.335,-6890.759999999999,828.63,-29000.925,-10214.73,-3724.4249999999997
-12789.494999999999,-12208.41,-23961.329999999998,-6947.28,820.665,-28998.899999999998,-10218.734999999999,-3730.14
-12793.904999999999,-12218.49,-23984.28,-7003.98,804.645,-29000.52,-10214.595,-3732.2549999999997
-12788.55,-12225.645,-24025.32,-7086.915,797.31,-28985.445,-10194.255,-3721.68
-12797.369999999999,-12243.824999999999,-24061.05,-7112.835,775.0799999999999,-29005.515,-10202.355,-3724.245
-12798.945,-12230.46,-24013.934999999998,-7026.974999999999,775.395,-29014.515,-10207.26,-3729.1499999999996
-12807.045,-12228.705,-23980.23,-6929.639999999999,772.38,-29026.079999999998,-10211.13,-3738.1949999999997
-12801.15,-12211.83,-23902.829999999998,-6747.66,813.24,-29010.285,-10195.515,-3731.7599999999998
-12796.244999999999,-12203.414999999999,-23885.684999999998,-6722.1449999999995,838.7099999999999,-29000.969999999998,-10195.605,-3727.89
-12796.83,-12209.58,-23913.045,-6776.19,824.7149999999999,-29011.14,-10213.605,-3729.24
-12803.265,-12222.27,-23937.344999999998,-6826.365,802.8,-29024.235,-10221.39,-3733.9649999999997
-12797.955,-12215.115,-23934.87,-6833.429999999999,816.48,-29012.94,-10238.22,-3733.875
-12791.97,-12202.38,-23921.684999999998,-6823.17,836.415,-28997.28,-10226.475,-3730.095
-12795.75,-12209.715,-23932.98,-6843.014999999999,823.365,-28995.885,-10211.895,-3733.56
-12796.335,-12211.244999999999,-23937.48,-6853.23,817.92,-28996.379999999997,-10213.56,-3740.9849999999997
-12780.72,-12194.234999999999,-23921.91,-6839.28,840.1949999999999,-28976.985,-10194.3,-3724.6949999999997
-12775.59,-12187.935,-23915.565,-6832.9349999999995,852.39,-28966.05,-10178.73,-3715.065
-12783.6,-12196.619999999999,-23922.765,-6840.63,846.5849999999999,-28971.539999999997,-10176.48,-3716.2349999999997
-12792.644999999999,-12201.615,-23927.129999999997,-6845.67,842.2199999999999,-28978.649999999998,-10187.19,-3731.7149999999997
-12806.369999999999,-12205.664999999999,-23929.379999999997,-6848.19,841.635,-28982.43,-10207.8,-3756.7799999999997
-12812.805,-12207.24,-23934.87,-6856.74,834.885,-28986.344999999998,-10218.734999999999,-3771.54
-12819.105,-12216.195,-23945.399999999998,-6870.509999999999,823.3199999999999,-28989.675,-10215.27,-3768.795
-12838.32,-12247.244999999999,-23976.54,-6902.865,795.9599999999999,-29006.414999999997,-10223.19,-3764.565
-12825.675,-12247.83,-23982.66,-6912.09,787.86,-29013.21,-10226.43,-3747.015
-12807.72,-12232.26,-23970.329999999998,-6901.605,797.0849999999999,-29005.559999999998,-10214.145,-3733.6949999999997
-12792.824999999999,-12223.484999999999,-23966.28,-6899.13,798.2099999999999,-29001.015,-10187.73,-3711.87
-12799.305,-12219.255,-23958.945,-6891.884999999999,803.6999999999999,-28999.89,-10172.789999999999,-3724.47
-12817.35,-12224.88,-23953.32,-6886.08,810.0,-28989.629999999997,-10176.255,-3749.7149999999997
-12807.0,-12211.92,-23940.585,-6871.995,823.005,-28991.745,-10199.925,-3742.47
-12794.355,-12207.015,-23943.555,-6877.844999999999,815.85,-29000.835,-10199.16,-3725.865
-12789.539999999999,-12201.93,-23941.98,-6873.84,818.5949999999999,-28999.079999999998,-10199.295,-3724.02
-12768.795,-12193.515,-23940.405,-6874.469999999999,817.155,-28997.325,-10200.015,-3701.745
-12773.205,-12194.055,-23937.614999999998,-6867.99,823.725,-28990.305,-10202.039999999999,-3707.955
-12787.965,-12210.39,-23951.879999999997,-6883.83,805.86,-28999.395,-10209.6,-3719.295
-12792.914999999999,-12221.73,-23964.48,-6900.4349999999995,792.135,-29007.09,-10206.81,-3717.4049999999997
-12793.68,-12224.385,-23968.754999999997,-6903.945,794.0699999999999,-29006.37,-10201.68,-3715.875
-12794.31,-12217.545,-23958.765,-6893.1449999999995,806.895,-29000.655,-10209.015,-3719.9249999999997
-12791.835,-12212.82,-23954.805,-6888.195,814.005,-28995.75,-10199.789999999999,-3717.4049999999997
-12788.055,-12214.845,-23965.065,-6919.38,808.605,-29005.2,-10196.82,-3714.66
-12789.72,-12214.89,-23975.82,-6970.679999999999,804.105,-29002.86,-10196.279999999999,-3718.665
-12788.279999999999,-12212.369999999999,-23982.344999999998,-6987.915,798.525,-29000.07,-10195.65,-3718.4849999999997
-12794.805,-12219.21,-23979.239999999998,-6950.5199999999995,793.485,-29002.094999999998,-10201.635,-3724.9649999999997
-12798.449999999999,-12219.39,-23947.335,-6854.804999999999,798.75,-29001.87,-10203.84,-3730.23
-12803.939999999999,-12216.869999999999,-23923.575,-6804.134999999999,815.7149999999999,-28987.605,-10191.51,-3736.71
-12807.314999999999,-12224.744999999999,-23943.96,-6844.679999999999,808.245,-28988.64,-10184.984999999999,-3738.33
-12806.01,-12225.689999999999,-23960.745,-6872.355,806.4449999999999,-28996.2,-10194.57,-3737.79
-12791.744999999999,-12202.875,-23926.635,-6839.415,839.745,-28984.14,-10210.859999999999,-3727.7999999999997
-12785.894999999999,-12198.645,-23925.69,-6846.57,830.745,-28990.53,-10204.875,-3721.725
-12786.3,-12199.095,-23931.045,-6862.275,816.3449999999999,-28998.855,-10197.315,-3722.4449999999997
-12789.765,-12203.595,-23931.989999999998,-6866.865,813.9599999999999,-28993.77,-10198.619999999999,-3725.64
-12795.435,-12212.1,-23944.184999999998,-6870.87,816.435,-28989.27,-10197.0,-3728.79
-12795.795,-12214.574999999999,-23951.969999999998,-6882.525,812.88,-28992.149999999998,-10199.115,-3727.17
-12797.91,-12221.369999999999,-23964.704999999998,-6911.099999999999,794.2049999999999,-29005.92,-10212.21,-3726.99
-12804.75,-12232.71,-23982.03,-6935.445,776.2049999999999,-29017.934999999998,-10220.175,-3731.4449999999997
-12809.789999999999,-12233.07,-23981.04,-6927.21,776.745,-29023.695,-10225.17,-3741.48
-12814.74,-12232.08,-23974.515,-6909.389999999999,773.9549999999999,-29023.469999999998,-10207.98,-3752.19
-12811.455,-12224.789999999999,-23957.82,-6889.23,789.7049999999999,-29012.895,-10183.994999999999,-3745.305
-12807.359999999999,-12225.285,-23965.739999999998,-6930.54,793.485,-28999.079999999998,-10174.635,-3735.315
-12785.265,-12206.025,-23961.69,-6951.195,815.85,-28991.43,-10200.869999999999,-3720.42
-12787.335,-12205.845,-23967.045,-6951.465,811.8,-28997.864999999998,-10205.01,-3727.17
-12795.885,-12209.039999999999,-23955.03,-6915.69,798.66,-28996.649999999998,-10198.08,-3735.045
-12803.67,-12216.779999999999,-23947.379999999997,-6852.33,812.385,-28993.32,-10195.65,-3739.095
-12793.769999999999,-12203.73,-23923.71,-6817.094999999999,839.925,-28974.78,-10189.484999999999,-3731.1299999999997
-12794.265,-12202.83,-23923.035,-6838.785,826.6949999999999,-28980.045,-10190.699999999999,-3732.8399999999997
-12789.404999999999,-12202.154999999999,-23930.37,-6850.665,824.355,-28979.82,-10192.635,-3725.8199999999997
-12786.39,-12201.164999999999,-23934.105,-6853.5,831.24,-28976.67,-10181.789999999999,-3718.395
-12793.32,-12210.029999999999,-23950.98,-6898.7699999999995,815.04,-29000.385,-10201.365,-3726.54
-12798.404999999999,-12217.275,-23968.215,-6953.355,793.935,-29015.055,-10218.779999999999,-3735.585
-12795.029999999999,-12213.765,-23982.704999999998,-6983.955,799.785,-29003.715,-10210.725,-3733.74
-12797.279999999999,-12215.654999999999,-23987.565,-6966.764999999999,812.025,-28988.414999999997,-10196.55,-3735.54
-12803.49,-12225.555,-23978.385,-6911.099999999999,812.385,-28984.364999999998,-10174.545,-3728.115
-12813.435,-12235.949999999999,-23985.045,-6951.24,777.87,-29012.039999999997,-10194.615,-3731.22
-12819.555,-12234.33,-23977.215,-6968.745,760.68,-29035.079999999998,-10233.18,-3745.4849999999997
-12810.42,-12221.55,-23960.835,-6953.804999999999,774.9,-29025.899999999998,-10243.305,-3745.035
-12811.185,-12227.939999999999,-23972.129999999997,-6906.554999999999,795.6899999999999,-28999.98,-10207.305,-3745.935
-12803.039999999999,-12211.515,-23933.25,-6808.139999999999,834.615,-28965.87,-10156.185,-3738.33
-12796.109999999999,-12198.96,-23917.05,-6810.929999999999,832.005,-28973.745,-10156.949999999999,-3734.19
-12792.914999999999,-12201.074999999999,-23930.684999999998,-6871.545,815.5799999999999,-28994.265,-10180.845,-3729.285
-12796.244999999999,-12209.939999999999,-23937.344999999998,-6885.719999999999,805.365,-29006.73,-10199.565,-3725.415
-12805.515,-12223.035,-23950.575,-6874.38,790.92,-29022.524999999998,-10214.145,-3730.14
-12810.105,-12224.295,-23948.594999999998,-6837.884999999999,801.225,-29015.28,-10214.01,-3736.44
-12816.314999999999,-12228.435,-23941.35,-6836.8949999999995,809.9549999999999,-28990.62,-10196.73,-3741.345
-12817.305,-12231.0,-23952.825,-6860.79,809.505,-28981.53,-10188.945,-3748.23
-12793.904999999999,-12210.48,-23940.09,-6859.889999999999,817.74,-28967.895,-10184.94,-3734.37
-12775.365,-12181.365,-23897.7,-6847.29,820.17,-28945.125,-10173.869999999999,-3718.89
-12785.039999999999,-12189.015,-23914.754999999997,-6850.259999999999,824.985,-28976.129999999997,-10180.44,-3724.74
-12788.595,-12200.085,-23934.465,-6865.83,813.915,-28996.065,-10187.369999999999,-3725.0099999999998
-12790.619999999999,-12206.295,-23944.184999999998,-6877.889999999999,805.3199999999999,-29003.67,-10189.98,-3725.055
-12796.244999999999,-12212.505,-23953.32,-6887.655,799.1999999999999,-29012.445,-10195.154999999999,-3729.42
-12807.225,-12216.24,-23948.46,-6882.66,803.43,-29014.515,-10206.045,-3742.3799999999997
-12808.755,-12223.439999999999,-23958.315,-6896.79,798.2099999999999,-29008.125,-10204.605,-3741.615
-12794.894999999999,-12212.055,-23944.815,-6888.96,813.285,-28978.2,-10187.595,-3730.14
-12797.369999999999,-12215.25,-23952.915,-6894.54,814.86,-28974.645,-10182.824999999999,-3732.75
-12805.335,-12222.494999999999,-23966.1,-6905.969999999999,804.555,-28984.77,-10189.125,-3740.22
-12808.484999999999,-12220.199999999999,-23958.855,-6893.28,803.6999999999999,-28986.164999999997,-10187.369999999999,-3743.865
-12808.935,-12215.88,-23943.915,-6879.69,812.79,-28988.19,-10188.81,-3744.765
-12807.449999999999,-12215.699999999999,-23948.55,-6900.21,809.235,-29002.32,-10200.779999999999,-3742.3799999999997
-12811.5,-12218.265,-23956.379999999997,-6919.83,801.405,-29011.094999999998,-10202.445,-3747.1949999999997
-12822.975,-12225.51,-23978.475,-6972.75,787.68,-29015.73,-10207.89,-3766.365
-12843.945,-12236.895,-23990.715,-6981.3,785.655,-29009.43,-10214.55,-3795.975
-12829.23,-12215.744999999999,-23953.004999999997,-6906.42,817.56,-28988.82,-10207.98,-3787.74
-12806.82,-12203.055,-23937.03,-6858.63,826.02,-28982.34,-10199.97,-3761.145
-12780.404999999999,-12198.375,-23931.719999999998,-6857.19,813.15,-28983.195,-10176.705,-3715.1549999999997
-12771.09,-12206.07,-23968.215,-6974.594999999999,780.525,-28985.399999999998,-10167.48,-3695.9849999999997
-12797.055,-12224.475,-23996.52,-7020.9,766.62,-28994.579999999998,-10179.09,-3724.065
-12821.625,-12222.81,-23977.079999999998,-6963.795,794.745,-28988.055,-10199.115,-3763.305
-12819.779999999999,-12213.765,-23952.6,-6901.605,826.425,-28972.395,-10187.685,-3777.5699999999997
-12813.66,-12212.46,-23973.75,-6987.599999999999,817.3349999999999,-28967.129999999997,-10168.74,-3773.7
-12810.6,-12211.74,-23983.02,-7015.455,796.77,-28992.42,-10188.404999999999,-3756.015
-12800.789999999999,-12232.664999999999,-23988.285,-6958.44,761.535,-29035.754999999997,-10217.654999999999,-3713.4449999999997
-12797.144999999999,-12225.06,-23954.355,-6836.13,793.305,-29018.52,-10222.199999999999,-3713.1749999999997
-12805.965,-12227.939999999999,-23924.43,-6745.59,812.295,-29010.96,-10213.83,-3710.205
-12785.805,-12221.73,-23941.485,-6831.855,797.985,-29007.045,-10193.67,-3682.08
-12776.939999999999,-12212.865,-23966.325,-6927.615,795.3299999999999,-28986.57,-10182.465,-3685.68
-12791.789999999999,-12220.83,-23974.829999999998,-6927.84,792.99,-28989.27,-10185.795,-3704.4449999999997
-12801.33,-12224.925,-23980.364999999998,-6916.545,785.6999999999999,-29004.75,-10193.76,-3716.415
-12800.564999999999,-12217.994999999999,-23951.204999999998,-6862.59,793.125,-29022.93,-10211.76,-3723.5699999999997
-12800.385,-12213.359999999999,-23939.864999999998,-6862.7699999999995,793.035,-29035.62,-10229.49,-3726.495
-12804.39,-12219.705,-23951.565,-6877.575,783.225,-29035.26,-10226.25,-3725.955
-12814.83,-12234.375,-23957.774999999998,-6909.389999999999,777.06,-29017.934999999998,-10215.18,-3730.14
-12815.505,-12244.635,-24001.695,-7018.0199999999995,777.555,-29013.795,-10230.21,-3732.165
-12813.57,-12241.35,-24013.8,-7057.215,772.245,-29020.32,-10232.865,-3734.19
-12813.029999999999,-12235.68,-24001.739999999998,-7002.09,768.87,-29009.114999999998,-10202.984999999999,-3734.64
-12804.975,-12223.26,-23953.184999999998,-6814.889999999999,808.11,-28981.844999999998,-10176.84,-3725.955
-12789.494999999999,-12194.46,-23900.535,-6749.82,848.2049999999999,-28956.015,-10159.065,-3715.3799999999997
-12787.199999999999,-12190.095,-23910.57,-6804.45,842.67,-28956.6,-10152.09,-3716.7749999999996
-12800.025,-12201.119999999999,-23921.19,-6835.995,828.18,-28960.335,-10153.619999999999,-3730.14
-12804.48,-12207.195,-23930.235,-6858.675,811.62,-28970.19,-10160.369999999999,-3733.92
-12795.57,-12201.57,-23929.739999999998,-6860.655,817.11,-28959.84,-10167.255,-3724.4249999999997
-12784.095,-12190.59,-23924.52,-6846.84,834.48,-28971.405,-10192.365,-3714.345
-12791.699999999999,-12196.395,-23924.835,-6847.425,833.49,-28973.969999999998,-10195.154999999999,-3723.93
-12793.949999999999,-12199.455,-23929.649999999998,-6856.245,828.5849999999999,-28969.2,-10189.619999999999,-3726.27
-12797.414999999999,-12204.945,-23936.94,-6865.29,821.52,-28969.515,-10178.82,-3724.785
-12805.47,-12216.779999999999,-23952.465,-6884.1449999999995,803.8349999999999,-28979.504999999997,-10177.515,-3729.915
-12809.88,-12222.09,-23958.855,-6892.74,797.4,-28983.96,-10179.315,-3735.4049999999997
-12808.08,-12220.244999999999,-23956.92,-6889.995,803.0699999999999,-28987.785,-10187.46,-3734.145
-12801.555,-12212.369999999999,-23948.055,-6882.165,808.6949999999999,-28995.885,-10202.76,-3732.21
-12800.115,-12211.064999999999,-23948.46,-6884.955,807.435,-28998.18,-10204.65,-3729.96
-12795.345,-12208.365,-23949.809999999998,-6893.28,807.255,-28991.475,-10191.465,-3723.345
-12795.255,-12207.914999999999,-23957.684999999998,-6917.085,812.43,-28979.594999999998,-10181.97,-3722.1749999999997
-12802.5,-12219.57,-23985.18,-6972.075,793.935,-28987.695,-10196.64,-3730.6349999999998
-12805.74,-12225.195,-24009.12,-7051.005,783.045,-28989.36,-10209.42,-3736.7549999999997
-12804.345,-12228.57,-24036.03,-7136.865,774.5849999999999,-28988.594999999998,-10209.285,-3736.89
-12810.689999999999,-12225.824999999999,-24008.04,-7068.105,779.985,-28986.48,-10200.195,-3740.3999999999996
-12814.92,-12231.945,-23982.21,-6925.005,791.595,-28986.84,-10184.625,-3733.29
-12812.715,-12228.255,-23944.77,-6785.639999999999,800.235,-28999.934999999998,-10195.425,-3734.595
-12803.894999999999,-12211.695,-23927.175,-6823.844999999999,808.29,-28991.295,-10180.215,-3732.48
-12802.904999999999,-12217.095,-23964.48,-6951.599999999999,794.655,-28974.51,-10148.895,-3726.3599999999997
-12799.484999999999,-12218.939999999999,-23986.035,-7006.995,785.8349999999999,-28978.92,-10165.185,-3723.075
-12786.795,-12209.895,-23996.835,-7082.415,784.98,-28965.735,-10175.85,-3711.915
-12801.734999999999,-12233.205,-24057.495,-7276.005,741.87,-28961.28,-10165.949999999999,-3721.185
-12821.715,-12240.539999999999,-24052.5,-7238.565,727.605,-28977.885,-10181.205,-3747.33
-12839.355,-12235.23,-24000.344999999998,-7024.139999999999,750.105,-28974.329999999998,-10197.27,-3781.305
-12851.955,-12243.33,-23979.915,-6838.155,760.365,-28956.914999999997,-10200.555,-3800.97
-12857.805,-12242.43,-23979.735,-6869.655,736.3349999999999,-28954.485,-10201.635,-3808.4849999999997
-12844.439999999999,-12235.365,-23987.204999999998,-6972.615,672.66,-28988.325,-10208.654999999999,-3783.015
-12862.619999999999,-12253.005,-23958.989999999998,-6838.469999999999,682.245,-29038.815,-10238.715,-3794.49
-12859.335,-12251.609999999999,-23925.42,-6736.1849999999995,751.68,-29024.594999999998,-10209.15,-3791.115
-12823.695,-12225.555,-23909.535,-6741.764999999999,817.515,-29002.094999999998,-10187.279999999999,-3752.055
-12799.17,-12211.83,-23913.765,-6774.615,840.8249999999999,-29009.07,-10207.529999999999,-3724.83
-12797.01,-12229.289999999999,-23944.364999999998,-6843.554999999999,813.78,-29035.8,-10219.095,-3692.295
-12790.845,-12241.17,-23975.504999999997,-6897.42,790.8299999999999,-29037.015,-10198.035,-3674.43
-12802.41,-12240.27,-23985.719999999998,-6918.84,782.3249999999999,-29026.664999999997,-10190.385,-3703.725
-12783.869999999999,-12199.545,-23937.93,-6874.514999999999,845.775,-28958.175,-10169.324999999999,-3703.095
-12785.715,-12195.314999999999,-23927.445,-6855.57,860.13,-28932.795,-10149.164999999999,-3712.23
-12788.595,-12201.21,-23936.67,-6862.59,845.4599999999999,-28957.59,-10167.074999999999,-3711.915
-12779.055,-12189.33,-23917.184999999998,-6831.99,846.3149999999999,-28973.385,-10180.574999999999,-3702.33
-12797.01,-12211.695,-23940.855,-6857.37,818.145,-28992.78,-10181.744999999999,-3716.055
-12789.765,-12203.46,-23939.415,-6865.65,829.4399999999999,-28984.184999999998,-10185.93,-3710.43
-12784.14,-12196.89,-23937.3,-6867.179999999999,831.42,-28976.85,-10186.74,-3708.72
-12796.109999999999,-12202.785,-23936.94,-6867.2699999999995,831.42,-28967.625,-10173.015,-3720.87
-12801.734999999999,-12211.154999999999,-23945.489999999998,-6877.62,826.605,-28965.6,-10170.315,-3726.27
-12796.47,-12205.71,-23943.329999999998,-6876.719999999999,831.6899999999999,-28963.125,-10177.695,-3721.815
-12796.38,-12206.88,-23944.815,-6877.755,830.655,-28964.969999999998,-10191.105,-3722.22
-12809.34,-12219.525,-23955.975,-6888.014999999999,813.9599999999999,-28980.899999999998,-10204.02,-3734.37
-12807.18,-12217.545,-23953.86,-6886.889999999999,811.8449999999999,-28984.59,-10201.185,-3731.3999999999996
-12800.43,-12206.564999999999,-23945.715,-6884.28,814.545,-28984.364999999998,-10188.9,-3726.4049999999997
-12800.07,-12207.195,-23948.82,-6890.13,809.64,-28987.289999999997,-10176.93,-3718.71
-12801.465,-12213.045,-23957.1,-6894.63,803.16,-28995.614999999998,-10180.71,-3716.19
-12804.435,-12214.935,-23961.78,-6906.105,799.11,-28997.954999999998,-10192.005,-3723.39
-12807.404999999999,-12214.26,-23961.465,-6922.125,799.4699999999999,-28988.73,-10183.365,-3727.44
-12807.045,-12211.47,-23952.51,-6907.995,811.485,-28971.27,-10169.324999999999,-3727.89
-12805.154999999999,-12212.1,-23954.04,-6896.7,804.87,-28976.715,-10175.805,-3726.81
-12803.355,-12210.164999999999,-23948.055,-6882.929999999999,810.7199999999999,-28974.239999999998,-10178.19,-3727.5299999999997
-12804.48,-12210.435,-23949.045,-6893.505,813.285,-28971.405,-10179.27,-3731.22
-12808.574999999999,-12212.955,-23951.79,-6914.384999999999,800.3249999999999,-28986.39,-10187.055,-3733.875
-12810.555,-12219.164999999999,-23971.14,-6949.44,793.395,-28991.52,-10188.855,-3734.0099999999998
-12812.49,-12223.17,-23981.445,-6963.929999999999,795.51,-28987.739999999998,-10187.19,-3734.73
-12804.93,-12212.414999999999,-23967.945,-6947.1449999999995,806.76,-28975.59,-10175.805,-3727.62
-12806.595,-12219.93,-23981.265,-6939.675,803.16,-28981.754999999997,-10182.734999999999,-3730.5899999999997
-12804.795,-12214.035,-23980.23,-6985.44,798.615,-28984.68,-10185.75,-3731.355
-12809.744999999999,-12220.335,-23993.82,-7018.29,789.93,-28977.434999999998,-10175.355,-3733.1549999999997
-12816.72,-12228.57,-23989.14,-6969.69,780.03,-28979.82,-10172.205,-3735.585
-12821.4,-12230.685,-23960.475,-6874.469999999999,784.305,-28989.225,-10178.19,-3741.435
-12825.945,-12241.619999999999,-23988.555,-6927.66,773.73,-29003.355,-10192.59,-3743.5049999999997
-12831.39,-12245.49,-23992.695,-6944.985,764.91,-29020.905,-10219.275,-3747.645
-12830.58,-12236.805,-23969.07,-6907.86,772.875,-29025.135,-10236.869999999999,-3751.6499999999996
-12826.98,-12235.275,-23955.524999999998,-6849.405,788.5799999999999,-29010.42,-10224.09,-3750.705
-12818.654999999999,-12223.98,-23941.26,-6809.355,815.67,-28985.579999999998,-10186.83,-3741.8399999999997
-12810.06,-12209.31,-23927.085,-6838.38,816.39,-28971.135,-10145.115,-3729.6
-12810.015,-12215.43,-23958.585,-6926.219999999999,796.68,-28973.07,-10161.18,-3728.3399999999997
-12813.93,-12223.935,-23989.545,-6993.09,774.18,-28987.785,-10181.205,-3735.495
-12808.439999999999,-12214.529999999999,-23969.745,-6956.325,776.97,-28998.585,-10186.83,-3736.7549999999997
-12802.365,-12201.975,-23930.46,-6842.34,810.63,-28990.44,-10182.869999999999,-3733.335
-12802.095,-12201.345,-23924.925,-6825.15,842.805,-28962.719999999998,-10165.005,-3726.0
-12794.715,-12198.195,-23939.46,-6924.105,822.42,-28966.41,-10173.645,-3719.745
-12789.99,-12198.555,-23955.795,-6953.085,810.36,-28971.719999999998,-10169.279999999999,-3712.185
-12806.685,-12222.359999999999,-23988.69,-6973.469999999999,786.735,-28978.965,-10159.695,-3723.48
-12804.615,-12223.98,-23992.469999999998,-6986.79,778.365,-28983.015,-10165.32,-3723.48
-12810.15,-12225.24,-24005.43,-7026.48,782.9549999999999,-28986.39,-10171.664999999999,-3728.16
-12812.894999999999,-12218.22,-23990.579999999998,-6987.105,790.155,-28988.28,-10181.52,-3734.7749999999996
-12820.904999999999,-12227.76,-23981.805,-6924.33,780.435,-28998.945,-10195.605,-3743.46
-12823.244999999999,-12223.664999999999,-23942.52,-6839.054999999999,792.135,-28998.855,-10205.865,-3748.545
-12809.744999999999,-12209.445,-23924.565,-6785.73,810.405,-28983.149999999998,-10185.345,-3733.065
-12804.795,-12206.88,-23916.329999999998,-6758.37,817.8299999999999,-28986.66,-10166.895,-3720.5099999999998
-12814.515,-12201.93,-23914.71,-6803.46,820.17,-28987.695,-10170.855,-3743.5499999999997
-12818.654999999999,-12188.609999999999,-23904.809999999998,-6805.035,839.9699999999999,-28969.92,-10171.35,-3768.5699999999997
-12831.885,-12198.645,-23912.145,-6812.955,841.9499999999999,-28962.539999999997,-10168.154999999999,-3780.9449999999997
-12832.244999999999,-12208.14,-23927.219999999998,-6836.759999999999,833.13,-28957.14,-10154.609999999999,-3770.2799999999997
-12819.105,-12210.93,-23942.565,-6863.4,812.745,-28972.53,-10166.355,-3748.3199999999997
-12795.885,-12203.1,-23945.579999999998,-6874.65,805.5899999999999,-28980.225,-10177.47,-3720.69
-12795.255,-12203.73,-23949.989999999998,-6882.57,803.655,-28982.16,-10185.119999999999,-3721.95
-12807.18,-12212.82,-23961.78,-6906.599999999999,800.505,-28984.32,-10185.21,-3730.185
-12809.205,-12222.9,-23972.985,-6937.335,789.2099999999999,-28978.695,-10163.744999999999,-3710.52
-12805.425,-12226.545,-23981.67,-6948.99,782.685,-28983.465,-10153.395,-3698.64
-12804.795,-12224.52,-23974.965,-6930.675,772.155,-29000.475,-10160.865,-3704.805
-12818.564999999999,-12237.525,-23979.555,-6920.415,760.185,-29013.12,-10170.359999999999,-3721.77
-12819.105,-12237.255,-23995.395,-6970.365,760.8149999999999,-29011.23,-10177.74,-3725.595
-12799.215,-12213.359999999999,-23984.19,-6995.745,780.2099999999999,-29005.155,-10194.029999999999,-3715.245
-12796.019999999999,-12209.805,-23979.51,-6983.28,787.68,-29005.289999999997,-10204.47,-3712.14
-12807.404999999999,-12214.26,-23959.53,-6887.205,787.905,-29007.495,-10196.955,-3724.245
-12817.08,-12219.164999999999,-23932.665,-6815.925,797.04,-29011.364999999998,-10199.52,-3734.865
-12818.97,-12230.324999999999,-23958.36,-6851.655,796.41,-28999.44,-10185.48,-3733.605
-12799.08,-12208.635,-23960.34,-6926.49,803.0699999999999,-28974.239999999998,-10158.435,-3716.865
-12784.814999999999,-12194.145,-23971.59,-7031.565,798.48,-28978.2,-10166.895,-3706.065
-12792.24,-12203.73,-23988.015,-7046.19,787.905,-28979.414999999997,-10157.49,-3709.44
-12807.269999999999,-12221.234999999999,-23983.29,-6956.865,784.53,-28988.594999999998,-10161.539999999999,-3718.845
-12810.06,-12217.32,-23936.895,-6801.525,794.61,-28990.395,-10166.76,-3723.75
-12806.865,-12206.34,-23917.86,-6788.429999999999,806.2199999999999,-28995.164999999997,-10172.565,-3727.62
-12806.055,-12206.295,-23938.785,-6844.139999999999,805.995,-28996.515,-10179.18,-3729.1949999999997
-12807.9,-12214.08,-23969.385,-6933.014999999999,804.375,-28985.67,-10176.119999999999,-3727.935
-12811.635,-12225.869999999999,-24014.745,-7050.24,783.27,-28982.204999999998,-10170.225,-3727.5299999999997
-12805.199999999999,-12221.279999999999,-24023.79,-7067.295,767.475,-28982.789999999997,-10160.955,-3720.33
-12805.515,-12222.945,-24027.704999999998,-7082.099999999999,768.87,-28987.2,-10168.515,-3720.5099999999998
-12806.64,-12230.775,-24042.42,-7165.44,761.5799999999999,-28990.26,-10170.9,-3719.52
-12806.64,-12231.09,-24059.34,-7230.014999999999,740.295,-29002.545,-10178.685,-3720.6
-12816.404999999999,-12213.27,-23990.579999999998,-7017.4349999999995,784.035,-28992.015,-10183.68,-3735.18
-12816.494999999999,-12203.82,-23926.274999999998,-6851.655,819.405,-28982.52,-10178.82,-3736.305
-12809.835,-12211.695,-23961.78,-6963.344999999999,805.68,-28978.739999999998,-10172.205,-3731.31
-12810.6,-12210.21,-23965.469999999998,-6990.705,770.9399999999999,-29010.87,-10186.065,-3735.495
-12817.71,-12214.8,-23946.344999999998,-6863.804999999999,774.5849999999999,-29015.19,-10189.529999999999,-3739.725
-12833.234999999999,-12223.305,-23918.805,-6710.94,795.375,-29005.875,-10198.305,-3756.42
-12828.465,-12211.289999999999,-23879.745,-6656.445,824.265,-28992.69,-10190.565,-3755.475
-12815.73,-12208.68,-23915.745,-6798.69,814.68,-28991.114999999998,-10187.145,-3744.18
-12806.189999999999,-12209.039999999999,-23945.399999999998,-6875.054999999999,802.665,-28991.204999999998,-10182.69,-3731.04
-12802.05,-12205.17,-23934.059999999998,-6865.0199999999995,807.435,-28984.815,-10172.654999999999,-3718.2599999999998
-12811.59,-12219.345,-23959.17,-6850.9349999999995,788.5799999999999,-29004.03,-10170.494999999999,-3721.5899999999997
-12808.305,-12206.564999999999,-23948.91,-6836.219999999999,811.0799999999999,-28995.344999999998,-10169.73,-3725.145
-12798.225,-12190.5,-23930.684999999998,-6853.679999999999,825.795,-28978.469999999998,-10160.73,-3718.7549999999997
-12807.585,-12206.25,-23946.975,-6874.83,803.88,-28992.375,-10173.24,-3726.0
-12823.335,-12225.285,-23957.64,-6879.465,780.12,-29014.559999999998,-10188.359999999999,-3733.4249999999997
-12840.48,-12245.265,-23973.21,-6891.48,757.98,-29039.129999999997,-10207.395,-3746.3849999999998
-12857.67,-12262.949999999999,-23996.879999999997,-6921.719999999999,744.93,-29039.94,-10190.475,-3764.9249999999997
-12854.699999999999,-12248.64,-23993.504999999997,-6931.3949999999995,761.4449999999999,-29018.295,-10182.69,-3774.42
-12825.404999999999,-12203.055,-23937.704999999998,-6866.505,825.93,-28976.85,-10179.855,-3764.8799999999997
-12805.83,-12186.404999999999,-23919.93,-6848.594999999999,836.505,-28977.39,-10170.315,-3746.52
-12814.47,-12204.09,-23944.364999999998,-6894.179999999999,801.3149999999999,-29014.695,-10194.525,-3746.8799999999997
-12824.955,-12218.76,-23967.0,-6930.54,782.8199999999999,-29025.0,-10201.005,-3749.805
-12847.635,-12223.305,-23966.504999999997,-6918.705,787.68,-29020.995,-10221.255,-3792.555
-12871.035,-12233.025,-23962.905,-6882.974999999999,800.145,-29006.64,-10217.789999999999,-3830.895
-12858.39,-12220.965,-23940.719999999998,-6842.07,826.92,-28979.414999999997,-10189.215,-3813.8399999999997
-12818.654999999999,-12206.52,-23939.684999999998,-6861.69,823.4549999999999,-28984.905,-10183.5,-3746.97
-12816.765,-12232.484999999999,-23978.475,-6914.115,778.275,-29013.48,-10182.015,-3711.285
-12812.13,-12244.725,-24001.155,-6947.73,746.415,-29032.155,-10175.4,-3698.1
-12792.33,-12227.67,-23995.17,-6949.575,740.475,-29043.809999999998,-10187.414999999999,-3693.915
-12794.175,-12211.38,-23969.879999999997,-6925.679999999999,775.935,-29007.45,-10152.765,-3702.915
-12793.455,-12202.47,-23956.29,-6924.285,810.765,-28966.59,-10118.43,-3701.8799999999997
-12784.23,-12192.57,-23956.379999999997,-6950.205,821.25,-28954.395,-10112.4,-3699.495
-12797.1,-12215.699999999999,-24017.489999999998,-7126.38,786.015,-28977.075,-10129.455,-3696.21
-12799.529999999999,-12235.41,-24077.745,-7284.6449999999995,752.535,-28998.675,-10145.43,-3688.515
-12797.01,-12228.66,-24056.73,-7181.46,748.395,-29007.36,-10159.83,-3696.12
-12813.48,-12225.06,-23970.375,-6861.78,764.01,-29016.539999999997,-10171.619999999999,-3717.54
-12823.695,-12222.99,-23901.03,-6635.5199999999995,791.235,-29025.719999999998,-10180.71,-3728.0699999999997
-12827.295,-12227.31,-23933.385,-6778.575,791.01,-29020.004999999997,-10184.58,-3732.0299999999997
-12816.99,-12216.555,-23954.129999999997,-6876.54,792.9,-29002.68,-10186.244999999999,-3729.915
-12804.84,-12195.539999999999,-23931.315,-6862.275,818.28,-28976.579999999998,-10174.05,-3728.565
-12814.38,-12211.244999999999,-23952.645,-6896.16,796.905,-28992.645,-10182.555,-3735.0
-12822.39,-12229.92,-23974.469999999998,-6894.495,797.0849999999999,-28995.885,-10183.815,-3739.3199999999997
-12812.76,-12215.475,-23960.52,-6877.665,793.89,-29002.364999999998,-10176.119999999999,-3731.7149999999997
-12805.83,-12214.305,-23971.274999999998,-6898.094999999999,786.735,-29006.19,-10166.175,-3720.87
-12814.965,-12228.435,-23996.295,-6961.41,766.665,-29010.239999999998,-10163.205,-3722.7599999999998
-12811.275,-12207.914999999999,-23956.785,-6932.79,775.17,-29008.125,-10170.945,-3727.2149999999997
-12811.994999999999,-12211.92,-23970.285,-6885.405,809.91,-28983.195,-10155.375,-3722.22
-12813.705,-12222.09,-23993.1,-6926.355,798.615,-28985.489999999998,-10168.605,-3723.5699999999997
-12820.41,-12227.445,-24010.245,-6990.3,768.1949999999999,-28996.695,-10182.105,-3730.77
-12823.289999999999,-12221.189999999999,-24006.329999999998,-7064.054999999999,750.8249999999999,-29005.289999999997,-10194.705,-3737.97
-12820.68,-12231.404999999999,-24045.93,-7237.44,735.975,-29010.555,-10185.975,-3731.4449999999997
-12815.369999999999,-12241.98,-24124.454999999998,-7520.445,719.9549999999999,-28997.82,-10152.315,-3718.665
-12810.779999999999,-12233.34,-24132.735,-7564.545,697.05,-28998.09,-10147.68,-3718.125
-12823.695,-12241.98,-24082.739999999998,-7208.73,712.845,-28998.809999999998,-10159.65,-3734.64
-12833.505,-12239.46,-23949.989999999998,-6608.384999999999,793.98,-28990.035,-10161.0,-3743.595
-12829.455,-12208.77,-23850.765,-6489.405,835.4699999999999,-29002.364999999998,-10176.75,-3744.54
-12822.345,-12207.869999999999,-23899.5,-6690.465,822.735,-29008.485,-10188.539999999999,-3735.4049999999997
-12827.205,-12216.645,-23920.29,-6756.4349999999995,793.305,-29020.14,-10185.255,-3737.6099999999997
-12835.215,-12220.515,-23913.585,-6742.485,779.4449999999999,-29035.575,-10190.789999999999,-3748.0049999999997
-12826.08,-12224.115,-23957.504999999997,-6855.48,784.305,-29027.655,-10193.984999999999,-3737.6099999999997
-12820.23,-12215.699999999999,-23967.719999999998,-6915.014999999999,800.37,-29006.01,-10191.555,-3734.145
-12808.529999999999,-12193.064999999999,-23933.114999999998,-6883.5599999999995,811.8449999999999,-29003.219999999998,-10213.02,-3727.7549999999997
-12826.755,-12212.145,-23943.239999999998,-6849.54,792.27,-29026.485,-10242.9,-3748.0049999999997
-12834.539999999999,-12220.92,-23948.235,-6855.165,785.0699999999999,-29036.925,-10242.225,-3758.085
-12821.445,-12210.705,-23944.815,-6845.445,804.735,-29002.725,-10180.89,-3742.29
-12811.275,-12201.3,-23938.605,-6843.87,824.31,-28966.364999999998,-10119.869999999999,-3724.83
-12816.09,-12204.494999999999,-23948.145,-6877.53,812.115,-28977.164999999997,-10132.965,-3730.995
-12833.595,-12219.345,-23964.12,-6902.82,789.5699999999999,-28998.855,-10182.645,-3757.3199999999997
-12852.765,-12232.395,-23971.454999999998,-6904.08,783.54,-29008.485,-10212.48,-3774.375
-12839.535,-12212.234999999999,-23943.059999999998,-6859.665,816.12,-28996.245,-10199.385,-3762.8999999999996
-12826.08,-12201.885,-23930.01,-6843.69,829.035,-28980.315,-10163.609999999999,-3745.89
-12804.57,-12193.56,-23932.17,-6859.9349999999995,820.935,-28991.879999999997,-10153.215,-3715.47
-12786.119999999999,-12183.84,-23928.885,-6860.205,826.65,-28978.379999999997,-10134.225,-3694.815
-12815.955,-12204.945,-23948.594999999998,-6880.7699999999995,811.17,-28985.579999999998,-10152.225,-3730.68
-12834.269999999999,-12223.71,-23969.879999999997,-6901.695,792.18,-29002.41,-10182.33,-3753.8999999999996
-12843.494999999999,-12232.305,-23978.655,-6916.7699999999995,787.41,-29000.43,-10186.154999999999,-3761.8199999999997
-12845.205,-12247.335,-24000.03,-6963.884999999999,760.5,-29010.69,-10187.55,-3748.23
-12838.904999999999,-12254.939999999999,-24013.8,-6983.639999999999,738.3149999999999,-29031.12,-10197.945,-3731.4449999999997
-12834.99,-12244.14,-24002.325,-6957.405,754.3349999999999,-29026.395,-10200.69,-3735.9449999999997
-12818.43,-12225.33,-23985.135,-6936.389999999999,778.3199999999999,-29012.265,-10197.359999999999,-3724.515
-12811.545,-12215.654999999999,-23996.43,-7023.554999999999,778.905,-29000.879999999997,-10170.225,-3716.2799999999997
-12809.97,-12213.27,-24010.739999999998,-7071.389999999999,768.105,-29003.445,-10167.525,-3718.35
-12815.369999999999,-12218.49,-23993.145,-6977.61,764.9549999999999,-29011.5,-10167.029999999999,-3719.79
-12817.17,-12211.47,-23940.945,-6801.615,800.3249999999999,-28996.425,-10154.385,-3724.6949999999997
-12809.16,-12193.83,-23903.37,-6747.795,839.385,-28963.934999999998,-10123.56,-3720.4649999999997
-12816.63,-12209.039999999999,-23945.445,-6850.755,810.4499999999999,-28973.655,-10127.97,-3729.285
-12825.585,-12228.029999999999,-23990.265,-6954.66,768.6899999999999,-28994.625,-10144.529999999999,-3735.765
-12825.72,-12228.119999999999,-24022.89,-7057.71,755.415,-28993.86,-10149.48,-3735.225
-12814.425,-12227.535,-24055.515,-7151.67,758.385,-28988.28,-10141.515,-3720.96
-12807.63,-12219.029999999999,-24041.25,-7161.075,760.545,-28997.414999999997,-10158.48,-3717.9449999999997
-12811.455,-12206.925,-23993.82,-7053.165,779.535,-28990.89,-10171.035,-3723.795
-12816.0,-12214.8,-23981.715,-6979.23,788.5799999999999,-28994.175,-10172.43,-3725.2349999999997
-12816.72,-12217.5,-23981.579999999998,-6912.54,789.885,-29010.465,-10173.465,-3724.29
-12815.595,-12200.22,-23937.614999999998,-6862.59,792.81,-29004.12,-10178.1,-3728.3399999999997
-12819.96,-12203.369999999999,-23916.69,-6763.455,807.03,-28968.885,-10163.52,-3732.2549999999997
-12821.894999999999,-12208.904999999999,-23921.055,-6734.16,829.755,-28971.945,-10160.055,-3732.795
-12817.619999999999,-12202.425,-23933.295,-6839.1449999999995,814.8149999999999,-28978.695,-10164.869999999999,-3732.5699999999997
-12819.644999999999,-12215.564999999999,-23976.18,-6947.28,782.1,-28993.68,-10175.445,-3732.795
-12817.08,-12207.42,-23971.995,-6996.375,766.2149999999999,-29001.015,-10180.935,-3730.995
-12823.019999999999,-12209.805,-23971.5,-6991.155,771.255,-29001.645,-10182.24,-3736.395
-12824.64,-12216.06,-23969.969999999998,-6951.96,781.56,-29002.094999999998,-10176.39,-3734.5499999999997
-12820.994999999999,-12219.93,-23993.28,-7038.945,769.9499999999999,-29001.465,-10158.795,-3726.18
-12819.869999999999,-12212.414999999999,-23987.565,-7050.915,768.87,-29003.355,-10161.18,-3730.545
-12823.244999999999,-12211.02,-23979.825,-6954.165,778.23,-29006.1,-10174.815,-3736.665
-12829.41,-12223.035,-23955.614999999998,-6759.405,801.5849999999999,-28999.98,-10183.59,-3738.015
-12824.369999999999,-12221.595,-23947.065,-6759.09,818.91,-28978.335,-10162.529999999999,-3730.5
-12822.57,-12212.955,-23960.969999999998,-6883.92,804.735,-28980.675,-10164.33,-3733.47
-12821.625,-12209.445,-23952.375,-6879.78,791.505,-29001.329999999998,-10184.22,-3734.8199999999997
-12829.725,-12220.289999999999,-23954.715,-6850.259999999999,784.305,-29017.44,-10209.195,-3740.355
-12837.465,-12229.244999999999,-23954.445,-6844.005,780.75,-29029.77,-10237.994999999999,-3747.105
-12836.88,-12228.21,-23970.96,-6933.78,763.02,-29037.42,-10242.494999999999,-3753.045
-12835.035,-12226.365,-23972.985,-6961.7699999999995,758.5649999999999,-29024.684999999998,-10226.88,-3756.645
-12825.585,-12218.265,-23963.445,-6933.915,780.0749999999999,-28989.945,-10164.015,-3737.565
-12818.34,-12211.74,-23978.655,-6916.455,800.865,-28978.559999999998,-10128.645,-3723.2549999999997
-12825.269999999999,-12219.705,-24001.695,-6989.355,778.635,-28994.219999999998,-10145.88,-3728.97
-12845.34,-12239.595,-23995.575,-6974.28,762.7049999999999,-29007.045,-10156.455,-3746.115
-12846.33,-12227.805,-23972.129999999997,-6920.505,771.615,-29006.37,-10173.465,-3761.5049999999997
-12870.539999999999,-12231.045,-23956.515,-6821.415,786.915,-29000.969999999998,-10196.279999999999,-3803.625
-12857.175,-12201.345,-23909.895,-6772.455,850.905,-28956.329999999998,-10178.369999999999,-3800.3399999999997
-12852.855,-12199.365,-23920.785,-6819.255,850.86,-28947.239999999998,-10139.715,-3791.9249999999997
-12836.205,-12194.595,-23923.305,-6835.95,838.53,-28959.704999999998,-10141.875,-3765.24
-12815.55,-12200.49,-23938.065,-6862.139999999999,814.905,-28978.785,-10148.265,-3718.44
-12819.914999999999,-12207.15,-23949.719999999998,-6877.125,804.51,-28993.95,-10170.539999999999,-3728.3849999999998
-12837.015,-12225.555,-23978.565,-6925.815,789.03,-29008.98,-10204.515,-3748.0049999999997
-12826.529999999999,-12221.595,-24000.795,-7031.429999999999,762.0749999999999,-29019.78,-10221.615,-3737.115
-12826.574999999999,-12216.824999999999,-23993.28,-7045.155,766.125,-29017.575,-10224.135,-3743.0099999999998
-12820.275,-12232.71,-24008.715,-7002.719999999999,748.935,-29023.469999999998,-10186.38,-3714.39
-12812.715,-12217.68,-23974.02,-6877.889999999999,768.06,-29017.485,-10151.73,-3709.17
-12815.955,-12215.97,-23966.235,-6891.75,780.3,-29011.68,-10155.465,-3710.6099999999997
-12815.865,-12227.805,-24002.864999999998,-7009.74,760.185,-29014.02,-10174.859999999999,-3707.5499999999997
-12808.529999999999,-12223.17,-24016.454999999998,-7051.23,759.06,-29002.815,-10154.97,-3705.5249999999996
-12799.394999999999,-12214.305,-23992.695,-6968.384999999999,767.385,-29002.995,-10139.22,-3689.46
-12810.689999999999,-12223.439999999999,-23976.855,-6892.74,775.935,-29006.28,-10149.164999999999,-3699.6749999999997
-12811.814999999999,-12224.699999999999,-23984.37,-6920.46,777.78,-29011.815,-10163.835,-3710.43
-12803.805,-12214.17,-23999.04,-7004.745,767.115,-29006.28,-10165.904999999999,-3705.705
-12814.875,-12214.529999999999,-23986.754999999997,-6989.8949999999995,773.1899999999999,-28992.735,-10162.664999999999,-3713.9849999999997
-12832.289999999999,-12227.445,-23997.78,-6976.304999999999,784.53,-28987.335,-10170.945,-3728.3399999999997
-12833.189999999999,-12241.395,-24046.155,-7061.8949999999995,778.23,-28983.195,-10172.835,-3731.85
-12832.244999999999,-12244.814999999999,-24042.96,-7039.3949999999995,764.1,-28999.305,-10179.09,-3732.93
-12827.789999999999,-12232.98,-24017.489999999998,-6995.5199999999995,758.475,-29017.215,-10183.815,-3732.705
-12824.279999999999,-12225.96,-23987.79,-6926.13,775.7099999999999,-29012.625,-10172.25,-3728.43
-12827.34,-12216.914999999999,-23948.864999999998,-6896.34,782.91,-29008.62,-10156.68,-3725.595
-12829.949999999999,-12209.939999999999,-23938.155,-6855.884999999999,790.155,-29007.719999999998,-10163.654999999999,-3734.595
-12837.06,-12217.455,-23939.055,-6851.745,789.525,-29017.575,-10180.664999999999,-3744.0
-12831.66,-12227.939999999999,-24004.26,-7031.16,760.905,-29018.34,-10189.395,-3735.18
-12817.08,-12218.805,-24015.69,-7080.12,766.0799999999999,-28988.64,-10180.44,-3721.9049999999997
-12820.095,-12205.89,-23964.03,-6968.34,785.16,-28963.53,-10163.115,-3728.3399999999997
-12822.615,-12205.125,-23940.675,-6830.28,787.23,-28965.825,-10167.255,-3732.345
-12829.994999999999,-12219.57,-23942.969999999998,-6763.59,781.605,-28972.754999999997,-10170.449999999999,-3733.1549999999997
-12839.894999999999,-12234.645,-23988.42,-6934.139999999999,741.645,-28989.18,-10172.43,-3739.365
-12846.779999999999,-12246.345,-24037.245,-7080.165,681.975,-29022.39,-10182.375,-3745.2149999999997
-12848.58,-12253.994999999999,-24049.754999999997,-7078.094999999999,679.3199999999999,-29030.129999999997,-10182.24,-3748.9049999999997
-12833.279999999999,-12225.689999999999,-23976.989999999998,-6897.87,760.14,-29013.975,-10182.105,-3744.045
-12830.715,-12214.26,-23946.39,-6835.905,794.16,-29023.559999999998,-10179.585,-3741.705
-12835.35,-12214.8,-23922.719999999998,-6759.719999999999,802.125,-29043.539999999997,-10193.58,-3744.54
-12837.689999999999,-12219.975,-23932.395,-6800.264999999999,812.295,-29032.695,-10215.765,-3745.17
-12823.154999999999,-12203.055,-23935.95,-6832.98,829.8,-28981.125,-10173.779999999999,-3731.94
-12816.99,-12196.89,-23941.305,-6854.985,832.005,-28965.105,-10147.365,-3729.555
-12815.505,-12198.42,-23955.03,-6885.719999999999,827.685,-28961.864999999998,-10134.63,-3726.045
-12826.439999999999,-12209.13,-23961.915,-6913.3949999999995,802.26,-28991.789999999997,-10155.015,-3732.39
-12827.25,-12215.385,-23977.8,-6946.29,788.895,-29007.27,-10167.255,-3730.095
-12827.385,-12205.17,-23954.445,-6904.08,808.3349999999999,-29004.344999999998,-10186.199999999999,-3738.1949999999997
-12847.455,-12216.195,-23961.645,-6893.865,794.52,-29016.405,-10205.505,-3765.7799999999997
-12863.88,-12231.72,-23968.079999999998,-6872.849999999999,782.775,-29025.315,-10227.465,-3786.345
-12864.6,-12235.814999999999,-23969.385,-6871.905,787.77,-29019.105,-10226.025,-3783.42
-12850.199999999999,-12229.515,-23975.774999999998,-6905.61,791.55,-28995.885,-10175.76,-3758.94
-12836.564999999999,-12216.6,-23987.835,-6969.105,794.475,-28977.254999999997,-10137.645,-3748.8599999999997
-12846.914999999999,-12217.23,-23995.305,-6990.03,791.685,-28979.504999999997,-10150.515,-3772.17
-12823.74,-12197.07,-23958.315,-6911.55,800.055,-28987.965,-10168.38,-3748.6349999999998
-12803.715,-12192.48,-23928.075,-6813.719999999999,805.3199999999999,-29006.19,-10170.449999999999,-3711.42
-12807.314999999999,-12194.82,-23928.48,-6823.485,809.685,-29007.989999999998,-10162.395,-3703.2749999999996
-12828.869999999999,-12208.994999999999,-23966.504999999997,-6958.9349999999995,795.645,-29002.995,-10164.914999999999,-3729.33
-12856.5,-12238.695,-24055.92,-7241.49,751.185,-29014.02,-10180.35,-3761.2349999999997
-12890.205,-12275.279999999999,-24159.6,-7473.24,692.235,-29035.395,-10195.695,-3802.5899999999997
-12869.82,-12268.529999999999,-24142.635,-7321.995,690.615,-29033.325,-10186.02,-3783.7349999999997
-12842.505,-12234.42,-23987.7,-6839.505,765.36,-28992.69,-10133.234999999999,-3736.08
-12838.68,-12223.845,-23894.055,-6601.23,802.755,-28996.92,-10141.56,-3719.0699999999997
-12814.695,-12219.074999999999,-23911.02,-6700.32,797.13,-29008.53,-10158.84,-3689.5049999999997
-12792.689999999999,-12203.145,-23953.86,-6857.054999999999,782.415,-29006.37,-10156.68,-3676.815
-12803.625,-12211.064999999999,-24001.92,-6990.4349999999995,766.755,-29013.524999999998,-10172.07,-3702.105
-12813.93,-12207.42,-23989.14,-7015.545,766.35,-29016.18,-10182.465,-3716.37
-12818.88,-12212.865,-23979.42,-6951.24,767.88,-29004.57,-10156.23,-3713.805
-12829.68,-12220.064999999999,-23947.829999999998,-6779.25,785.6999999999999,-29007.765,-10147.32,-3719.3399999999997
-12827.295,-12215.115,-23956.155,-6816.554999999999,788.9399999999999,-29012.355,-10157.13,-3723.5699999999997
-12820.32,-12204.855,-23958.855,-6862.094999999999,787.275,-29009.61,-10166.22,-3719.9249999999997
-12819.195,-12199.095,-23944.95,-6858.224999999999,794.295,-28999.305,-10168.605,-3720.285
-12830.445,-12221.145,-23971.86,-6869.969999999999,788.4,-28994.579999999998,-10160.369999999999,-3729.33
-12835.394999999999,-12232.08,-23983.739999999998,-6900.255,770.265,-28995.48,-10152.404999999999,-3733.3799999999997
-12836.385,-12237.615,-24014.295,-7011.764999999999,745.92,-29005.155,-10148.715,-3732.2999999999997
-12828.96,-12222.27,-24024.555,-7064.28,763.92,-29003.445,-10162.529999999999,-3728.97
-12821.805,-12202.92,-23993.504999999997,-6989.49,772.8299999999999,-29010.69,-10177.92,-3727.89
-12828.914999999999,-12209.625,-23956.559999999998,-6844.5,783.495,-29012.265,-10177.38,-3733.065
-12832.74,-12208.275,-23919.93,-6776.775,803.655,-29013.93,-10178.775,-3738.375
-12837.06,-12228.119999999999,-24005.114999999998,-7015.724999999999,758.745,-29026.53,-10176.795,-3739.8599999999997
-12835.845,-12245.22,-24084.765,-7228.889999999999,731.25,-29019.87,-10180.17,-3734.955
-12814.38,-12209.939999999999,-24038.28,-7194.915,761.13,-28976.805,-10164.195,-3719.7
-12820.455,-12197.97,-23971.905,-6971.49,780.525,-28979.1,-10163.295,-3729.645
-12830.49,-12203.505,-23931.945,-6813.764999999999,797.895,-28994.039999999997,-10171.17,-3738.1499999999996
-12833.46,-12211.199999999999,-23956.605,-6937.5599999999995,767.0699999999999,-29010.69,-10173.465,-3739.815
-12832.47,-12218.58,-24001.245,-7088.849999999999,733.77,-29021.039999999997,-10167.975,-3737.8799999999997
-12836.205,-12231.27,-24008.895,-7030.889999999999,745.785,-29015.235,-10158.3,-3736.7999999999997
-12835.574999999999,-12231.0,-24008.535,-6976.304999999999,758.655,-29008.934999999998,-10159.83,-3734.73
-12836.115,-12224.654999999999,-23999.985,-6930.63,761.31,-29009.43,-10177.199999999999,-3736.44
-12834.9,-12222.855,-24013.89,-6961.905,757.26,-29013.03,-10183.005,-3737.3399999999997
-12837.195,-12229.38,-24017.535,-6976.889999999999,767.16,-29008.664999999997,-10188.855,-3738.4649999999997
-12847.635,-12237.975,-24002.28,-6910.155,760.095,-29031.164999999997,-10213.02,-3748.68
-12852.81,-12230.055,-23941.53,-6750.179999999999,771.48,-29031.03,-10210.59,-3756.7799999999997
-12853.98,-12229.875,-23928.66,-6747.57,785.6999999999999,-29011.274999999998,-10183.545,-3754.395
-12847.275,-12237.615,-23998.14,-6929.639999999999,793.26,-28972.844999999998,-10136.205,-3739.5
-12837.105,-12230.73,-24036.434999999998,-7065.495,772.515,-28978.695,-10163.115,-3740.67
-12850.47,-12229.064999999999,-24018.795,-7074.495,728.55,-29031.57,-10221.255,-3766.2749999999996
-12867.435,-12224.52,-23951.7,-6896.5199999999995,750.78,-29040.254999999997,-10232.369999999999,-3794.355
-12857.805,-12206.385,-23910.57,-6754.7699999999995,812.9699999999999,-29009.7,-10200.33,-3779.8199999999997
-12856.545,-12216.96,-23915.79,-6719.264999999999,828.7199999999999,-28971.27,-10129.095,-3761.8199999999997
-12841.019999999999,-12216.779999999999,-23951.745,-6851.205,799.92,-28980.495,-10109.88,-3739.365
-12818.789999999999,-12208.32,-23965.2,-6911.82,776.295,-29000.204999999998,-10120.59,-3708.4049999999997
-12843.855,-12220.244999999999,-23973.434999999998,-6907.545,764.235,-29017.754999999997,-10160.234999999999,-3741.615
-12854.16,-12203.955,-23938.469999999998,-6833.5199999999995,818.055,-28967.219999999998,-10162.8,-3775.14
-12858.345,-12193.515,-23929.469999999998,-6835.455,836.235,-28956.105,-10160.279999999999,-3793.815
-12837.015,-12179.654999999999,-23927.535,-6853.86,827.9549999999999,-28966.32,-10151.369999999999,-3777.5699999999997
-12818.519999999999,-12191.4,-23958.315,-6938.19,793.395,-28995.93,-10158.345,-3736.89
-12815.64,-12223.664999999999,-24010.965,-7045.875,744.5699999999999,-29035.53,-10170.9,-3692.16
-12804.66,-12228.119999999999,-24026.129999999997,-7049.205,721.26,-29054.295,-10172.654999999999,-3671.865
-12852.359999999999,-12252.914999999999,-24036.48,-6987.87,720.9449999999999,-29046.195,-10173.06,-3740.805
-12870.855,-12253.32,-24054.12,-7117.74,741.51,-29002.545,-10141.515,-3781.5299999999997
-12860.91,-12233.07,-24085.665,-7335.045,734.805,-28976.715,-10139.49,-3792.69
-12839.22,-12218.805,-24061.635,-7202.429999999999,742.095,-28999.934999999998,-10192.59,-3763.5299999999997
-12833.91,-12221.775,-23970.465,-6819.255,767.655,-29027.07,-10213.38,-3736.35
-12825.539999999999,-12220.425,-23923.35,-6635.61,806.265,-29012.265,-10190.565,-3711.7349999999997
-12806.82,-12211.515,-23937.39,-6801.48,779.85,-29005.469999999998,-10156.545,-3683.6099999999997
-12817.125,-12217.365,-23974.785,-6916.365,765.63,-28994.265,-10119.105,-3695.7599999999998
-12823.38,-12214.755,-23975.82,-6917.13,778.5899999999999,-28994.805,-10124.64,-3708.72
-12819.644999999999,-12203.369999999999,-23968.844999999998,-6919.065,785.61,-29000.43,-10146.33,-3710.565
-12827.115,-12224.295,-24025.364999999998,-7005.825,778.5899999999999,-28998.045,-10153.845,-3715.515
-12836.025,-12230.505,-24025.094999999998,-7010.1449999999995,767.97,-29002.905,-10160.955,-3727.17
-12834.855,-12220.74,-23995.125,-6998.715,766.53,-28998.27,-10161.045,-3730.095
-12826.845,-12214.755,-23983.11,-7004.969999999999,780.435,-28976.085,-10146.42,-3722.895
-12830.22,-12226.635,-24026.129999999997,-7110.09,751.635,-28989.855,-10151.1,-3724.065
-12833.144999999999,-12221.145,-24006.69,-7019.594999999999,743.805,-29004.48,-10154.744999999999,-3728.745
-12844.529999999999,-12224.205,-23978.43,-6848.82,775.98,-28997.46,-10158.975,-3740.4449999999997
-12848.715,-12218.49,-23929.605,-6695.415,815.76,-28992.239999999998,-10167.255,-3746.43
-12844.71,-12215.34,-23942.52,-6804.719999999999,813.375,-28988.46,-10164.015,-3742.605
-12834.0,-12217.949999999999,-24012.54,-7071.795,773.235,-28990.844999999998,-10159.515,-3733.1549999999997
-12834.09,-12232.98,-24100.829999999998,-7345.98,721.935,-29000.745,-10157.039999999999,-3730.185
-12836.564999999999,-12236.939999999999,-24108.66,-7323.12,698.4449999999999,-29009.43,-10159.965,-3732.975
-12845.25,-12242.295,-24047.055,-7024.05,724.4549999999999,-29003.805,-10162.215,-3741.66
-12849.705,-12244.14,-24007.094999999998,-6936.389999999999,758.16,-28996.245,-10160.145,-3745.89
-12840.57,-12225.51,-24036.39,-7164.675,740.97,-28996.289999999997,-10159.83,-3739.6349999999998
-12847.68,-12240.855,-24073.425,-7171.245,737.415,-28993.635,-10159.83,-3743.145
-12852.269999999999,-12223.439999999999,-23959.665,-6829.695,760.68,-29002.32,-10174.455,-3754.62
-12855.015,-12216.06,-23886.765,-6580.9349999999995,813.51,-28992.96,-10175.535,-3759.615
-12854.654999999999,-12218.4,-23891.805,-6625.575,811.17,-28990.079999999998,-10175.805,-3758.31
-12852.449999999999,-12219.705,-23920.515,-6751.17,776.115,-29019.914999999997,-10180.529999999999,-3752.415
-12859.38,-12236.85,-23973.12,-6845.085,750.645,-29043.09,-10181.744999999999,-3752.73
-12855.24,-12232.529999999999,-23972.129999999997,-6862.365,759.735,-29038.364999999998,-10185.21,-3748.365
-12844.8,-12217.68,-23962.545,-6876.855,783.675,-29006.28,-10161.539999999999,-3748.2749999999996
-12835.394999999999,-12205.17,-23966.19,-6934.1849999999995,792.225,-28994.67,-10157.85,-3748.5899999999997
-12835.755,-12212.505,-23991.84,-7001.28,774.4499999999999,-28992.6,-10160.369999999999,-3746.9249999999997
-12838.769999999999,-12216.195,-23995.53,-6993.179999999999,771.345,-28979.594999999998,-10141.515,-3745.2149999999997
-12848.085,-12214.935,-23972.67,-6903.9,792.81,-28969.605,-10147.41,-3756.6
-12858.3,-12220.38,-23968.079999999998,-6876.179999999999,788.4,-29000.745,-10181.565,-3763.89
-12862.98,-12228.345,-23972.129999999997,-6865.92,776.16,-29038.545,-10232.279999999999,-3767.22
-12864.33,-12241.935,-23992.469999999998,-6905.565,760.095,-29044.485,-10240.425,-3762.855
-12836.07,-12224.744999999999,-23977.485,-6899.175,780.2099999999999,-29011.77,-10187.73,-3729.87
-12825.18,-12205.17,-23970.329999999998,-6923.969999999999,796.995,-28980.09,-10137.645,-3727.125
-12828.24,-12199.904999999999,-23970.059999999998,-6931.17,795.735,-28974.51,-10124.19,-3737.25
-12855.285,-12222.404999999999,-23989.05,-6927.12,771.8399999999999,-29004.614999999998,-10158.615,-3763.2149999999997
-12873.869999999999,-12231.765,-23986.665,-6900.03,766.485,-29020.68,-10191.33,-3791.0699999999997
-12896.324999999999,-12243.105,-23995.395,-6951.465,767.2049999999999,-29017.44,-10192.365,-3811.6349999999998
-12874.185,-12245.58,-24012.855,-6998.49,759.42,-29011.905,-10148.85,-3759.165
-12874.949999999999,-12267.765,-24048.719999999998,-7038.585,725.22,-29039.129999999997,-10164.465,-3744.8999999999996
-12850.605,-12249.63,-24065.1,-7104.554999999999,723.15,-29031.795,-10171.71,-3741.345
-12831.3,-12230.369999999999,-24075.0,-7178.94,721.665,-28996.065,-10123.605,-3730.2749999999996
-12847.59,-12229.65,-24048.405,-7076.115,748.305,-28976.715,-10112.94,-3754.575
-12836.88,-12219.57,-23979.87,-6856.965,781.515,-28970.01,-10103.984999999999,-3725.145
-12801.555,-12209.49,-23954.175,-6855.929999999999,786.285,-28994.579999999998,-10142.505,-3674.43
-12820.14,-12230.145,-24019.02,-7004.025,767.52,-29003.265,-10158.164999999999,-3707.325
-12837.96,-12238.83,-24041.925,-7023.825,761.76,-29005.739999999998,-10161.09,-3728.79
-12841.785,-12225.96,-23992.785,-6882.165,776.43,-29005.379999999997,-10163.025,-3735.18
-12834.09,-12208.5,-23942.565,-6806.88,806.535,-28986.164999999997,-10144.71,-3726.4049999999997
-12832.56,-12210.48,-23963.67,-6954.48,789.75,-28987.289999999997,-10141.38,-3723.8399999999997
-12832.154999999999,-12220.154999999999,-24009.12,-7075.17,752.13,-29007.405,-10162.529999999999,-3728.7
-12835.394999999999,-12220.244999999999,-23990.399999999998,-6982.065,759.1949999999999,-29001.78,-10150.244999999999,-3729.7799999999997
-12839.805,-12218.13,-23965.155,-6837.57,787.095,-28990.664999999997,-10144.98,-3735.3599999999997
-12843.18,-12221.279999999999,-23973.21,-6916.005,771.0749999999999,-28994.219999999998,-10148.94,-3739.77
-12846.555,-12240.09,-24023.61,-7006.545,748.2149999999999,-28998.135,-10150.92,-3738.825
-12847.5,-12237.164999999999,-24016.41,-7003.71,742.005,-29008.079999999998,-10161.99,-3743.8199999999997
-12841.92,-12237.84,-24072.84,-7201.755,746.055,-28998.045,-10155.555,-3738.1949999999997
-12840.57,-12236.58,-24085.62,-7269.84,749.2049999999999,-28994.445,-10149.119999999999,-3734.37
-12844.305,-12225.869999999999,-24056.46,-7208.37,724.77,-29017.844999999998,-10156.095,-3742.605
-12849.435,-12234.015,-24042.555,-7005.599999999999,736.74,-29017.89,-10158.164999999999,-3746.745
-12853.125,-12226.904999999999,-23982.21,-6901.065,760.9499999999999,-29014.289999999997,-10162.215,-3750.48
-12850.064999999999,-12225.555,-23960.295,-6792.795,776.745,-29003.489999999998,-10155.914999999999,-3746.0699999999997
-12849.435,-12214.755,-23908.05,-6647.67,811.125,-28993.004999999997,-10149.705,-3747.915
-12844.305,-12196.845,-23883.344999999998,-6678.99,817.11,-28999.079999999998,-10165.68,-3748.14
-12844.35,-12202.064999999999,-23913.405,-6759.315,803.52,-29003.67,-10172.025,-3749.67
-12842.865,-12210.84,-23943.329999999998,-6823.62,796.23,-28997.145,-10168.02,-3745.395
-12834.945,-12209.939999999999,-23958.765,-6877.44,794.43,-28979.954999999998,-10154.205,-3736.08
-12830.85,-12214.845,-24005.07,-7061.8949999999995,772.155,-28980.27,-10145.07,-3729.69
-12834.314999999999,-12223.125,-24054.614999999998,-7195.7699999999995,736.38,-29004.93,-10160.234999999999,-3731.895
-12843.494999999999,-12224.654999999999,-24039.225,-7078.634999999999,724.005,-29028.6,-10187.279999999999,-3740.9849999999997
-12856.814999999999,-12226.994999999999,-23956.875,-6754.86,771.48,-29033.19,-10207.26,-3757.0049999999997
-12856.005,-12219.84,-23931.09,-6727.094999999999,800.5949999999999,-29026.53,-10205.279999999999,-3760.9649999999997
-12846.195,-12212.234999999999,-23951.43,-6841.8,789.12,-29002.545,-10148.895,-3749.4449999999997
-12845.07,-12204.945,-23954.219999999998,-6867.09,796.005,-28982.745,-10112.94,-3750.435
-12861.9,-12220.515,-23975.73,-6919.0199999999995,777.015,-28999.664999999997,-10142.865,-3771.0899999999997
-12873.914999999999,-12240.765,-23999.399999999998,-6950.025,757.7099999999999,-29023.605,-10201.095,-3777.795
-12863.205,-12235.41,-23993.954999999998,-6927.165,761.175,-29032.739999999998,-10230.885,-3760.785
-12858.57,-12233.88,-23991.12,-6903.99,752.4,-29048.895,-10234.17,-3755.97
-12867.525,-12229.244999999999,-23992.469999999998,-6921.764999999999,751.185,-29047.5,-10217.07,-3782.52
-12864.914999999999,-12207.42,-23964.75,-6893.37,796.68,-28994.355,-10164.914999999999,-3798.45
-12824.234999999999,-12156.119999999999,-23909.67,-6836.804999999999,850.905,-28957.815,-10157.895,-3775.8599999999997
-12815.82,-12145.545,-23900.265,-6829.785,854.73,-28953.315,-10163.744999999999,-3773.43
-12831.75,-12166.47,-23922.899999999998,-6855.165,832.23,-28959.57,-10161.99,-3782.0699999999997
-12849.705,-12176.685,-23925.87,-6851.205,843.255,-28935.945,-10140.39,-3789.765
-12828.734999999999,-12183.795,-23938.515,-6870.735,819.135,-28966.05,-10150.83,-3729.06
-12818.519999999999,-12233.25,-24017.445,-7001.415,732.375,-29031.66,-10157.445,-3668.895
-12816.269999999999,-12230.64,-24044.625,-7110.99,729.99,-29002.59,-10105.875,-3677.805
-12826.439999999999,-12227.58,-24060.51,-7168.005,730.8,-28991.879999999997,-10108.89,-3711.24
-12841.154999999999,-12241.484999999999,-24063.795,-7120.62,731.655,-29003.579999999998,-10130.4,-3723.93
-12828.24,-12232.619999999999,-24030.0,-6972.615,766.035,-28996.155,-10135.305,-3701.97
-12823.515,-12223.98,-23993.64,-6871.545,777.735,-28992.825,-10126.17,-3690.6749999999997
-12848.715,-12234.465,-23972.715,-6820.469999999999,764.235,-29006.864999999998,-10129.59,-3715.6949999999997
-12864.285,-12249.494999999999,-23998.274999999998,-6898.23,744.885,-29009.024999999998,-10138.859999999999,-3736.665
-12865.32,-12251.205,-24017.355,-6968.429999999999,733.41,-29007.539999999997,-10147.725,-3744.6299999999997
-12865.545,-12254.939999999999,-24034.094999999998,-7041.735,723.6899999999999,-29005.739999999998,-10154.565,-3747.645
-12858.705,-12255.435,-24086.114999999998,-7265.79,720.0899999999999,-28985.805,-10148.085,-3739.5899999999997
-12853.035,-12257.91,-24144.254999999997,-7456.005,696.735,-28990.53,-10145.43,-3732.615
-12851.01,-12257.189999999999,-24105.69,-7233.165,681.03,-29019.42,-10149.885,-3733.74
-12865.23,-12249.314999999999,-23988.285,-6738.884999999999,752.04,-29022.614999999998,-10160.324999999999,-3751.515
-12861.0,-12217.05,-23872.905,-6518.969999999999,836.37,-28993.86,-10156.095,-3752.37
-12853.035,-12214.26,-23932.844999999998,-6716.429999999999,808.92,-28993.5,-10155.779999999999,-3745.89
-12838.14,-12197.97,-23940.495,-6784.695,809.145,-28990.125,-10159.515,-3734.64
-12841.515,-12199.32,-23934.465,-6816.465,808.3349999999999,-28982.475,-10153.17,-3735.855
-12849.66,-12216.645,-23953.5,-6858.495,794.79,-28983.42,-10153.395,-3739.365
-12855.914999999999,-12227.039999999999,-23957.325,-6897.915,777.42,-28987.829999999998,-10162.215,-3745.2149999999997
-12856.095,-12235.635,-23980.364999999998,-6958.44,755.595,-28996.695,-10169.64,-3745.2149999999997
-12848.894999999999,-12240.314999999999,-24045.75,-7017.48,748.755,-29000.295,-10168.965,-3740.94
-12846.33,-12230.234999999999,-24051.87,-7009.2,757.35,-28996.289999999997,-10165.725,-3740.04
-12847.23,-12212.865,-24001.515,-6989.4,765.0899999999999,-28991.475,-10161.945,-3742.6949999999997
-12855.465,-12229.74,-24019.29,-7006.32,743.805,-29013.12,-10184.67,-3748.23
-12871.08,-12247.74,-24022.17,-6966.179999999999,738.9449999999999,-29030.76,-10205.91,-3758.535
-12877.335,-12248.01,-24004.89,-6917.445,737.865,-29042.235,-10216.305,-3762.765
-12878.1,-12249.27,-23995.844999999998,-6905.34,722.745,-29061.539999999997,-10230.615,-3764.745
-12870.135,-12249.404999999999,-24009.975,-6954.389999999999,721.53,-29050.2,-10199.07,-3746.3849999999998
-12858.75,-12235.68,-24004.62,-6961.545,747.5849999999999,-29023.245,-10172.565,-3742.1099999999997
-12844.89,-12211.56,-23978.52,-6910.605,794.655,-28964.969999999998,-10107.63,-3742.1549999999997
-12829.994999999999,-12187.98,-23949.989999999998,-6864.84,819.405,-28941.57,-10100.97,-3739.77
-12828.105,-12186.72,-23944.004999999997,-6843.42,824.535,-28938.465,-10106.505,-3734.865
-12820.5,-12181.5,-23926.32,-6843.825,820.755,-28919.295,-10088.505,-3717.72
-12841.515,-12209.265,-23952.465,-6889.41,775.845,-28965.239999999998,-10121.13,-3732.165
-12845.654999999999,-12219.029999999999,-23984.504999999997,-6926.715,759.555,-29013.075,-10149.705,-3733.515
-12846.24,-12219.57,-23992.335,-6939.179999999999,762.345,-29006.774999999998,-10144.755,-3733.785
-12841.515,-12214.395,-23990.625,-6928.38,784.8,-28972.62,-10119.779999999999,-3726.0
-12835.664999999999,-12199.32,-23966.954999999998,-6897.915,801.495,-28961.28,-10124.595,-3729.825
-12840.885,-12199.455,-23957.64,-6887.925,798.48,-28970.235,-10144.98,-3742.605
-12852.855,-12216.015,-23973.48,-6900.57,781.155,-28986.075,-10155.195,-3751.29
-12850.019999999999,-12217.949999999999,-23979.735,-6901.469999999999,780.885,-28988.055,-10151.369999999999,-3748.0049999999997
-12842.414999999999,-12212.82,-23982.75,-6934.23,778.095,-28995.03,-10157.175,-3737.565
-12863.25,-12237.615,-24026.489999999998,-7036.469999999999,735.5699999999999,-29027.565,-10183.23,-3756.69
-12887.775,-12272.535,-24106.545,-7212.195,670.005,-29071.44,-10204.38,-3781.62
-12901.005,-12289.41,-24131.204999999998,-7260.795,637.11,-29085.3,-10202.49,-3790.98
-12879.269999999999,-12263.67,-24072.48,-7086.96,693.045,-29049.795,-10170.494999999999,-3760.245
-12841.875,-12216.645,-23967.18,-6854.13,787.545,-29004.12,-10154.925,-3715.515
-12832.515,-12198.24,-23950.89,-6969.554999999999,809.415,-28965.195,-10140.029999999999,-3719.97
-12825.045,-12196.17,-23982.84,-7093.889999999999,800.235,-28943.73,-10118.07,-3720.4649999999997
-12835.439999999999,-12213.675,-24003.765,-7000.38,797.22,-28945.934999999998,-10107.855,-3725.145
-12846.195,-12221.145,-23980.14,-6770.745,811.0799999999999,-28960.469999999998,-10122.705,-3736.395
-12841.83,-12219.84,-23978.655,-6838.65,785.295,-28989.585,-10133.82,-3728.115
-12845.43,-12214.845,-23970.105,-6893.28,761.805,-29006.864999999998,-10142.055,-3731.1749999999997
-12845.07,-12204.404999999999,-23950.17,-6838.92,784.53,-29001.059999999998,-10148.67,-3740.04
-12843.269999999999,-12212.414999999999,-23963.94,-6827.355,787.3199999999999,-29012.94,-10153.98,-3735.765
-12843.404999999999,-12216.24,-23985.719999999998,-6918.57,786.105,-29007.495,-10154.88,-3734.5049999999997
-12843.449999999999,-12210.48,-23983.155,-6940.3949999999995,787.995,-28992.42,-10152.18,-3737.0699999999997
-12838.635,-12209.805,-23997.329999999998,-6915.105,781.785,-28994.175,-10148.805,-3731.805
-12840.525,-12209.895,-23973.93,-6884.009999999999,786.735,-28994.489999999998,-10144.98,-3731.265
-12843.539999999999,-12224.34,-24037.965,-7130.34,754.02,-28993.364999999998,-10136.52,-3728.6549999999997
-12849.48,-12242.789999999999,-24104.745,-7302.105,707.13,-29005.469999999998,-10142.685,-3733.245
-12852.539999999999,-12245.49,-24113.745,-7271.009999999999,690.345,-29017.844999999998,-10150.695,-3737.0699999999997
-12855.015,-12222.675,-24007.59,-6969.195,740.61,-29026.26,-10161.945,-3745.2149999999997
-12855.465,-12220.154999999999,-23954.219999999998,-6868.304999999999,782.415,-29013.885,-10157.49,-3744.54
-12848.31,-12230.189999999999,-23998.274999999998,-6902.639999999999,767.16,-29015.55,-10152.9,-3735.3599999999997
-12846.42,-12221.595,-23990.76,-6863.355,786.105,-29011.094999999998,-10162.395,-3736.935
-12845.07,-12201.119999999999,-23935.545,-6786.99,804.9599999999999,-28992.51,-10165.14,-3741.5699999999997
-12844.439999999999,-12195.585,-23915.7,-6759.63,802.8449999999999,-28996.379999999997,-10167.975,-3742.605
-12844.125,-12203.234999999999,-23938.515,-6829.605,789.93,-29005.829999999998,-10167.39,-3738.1949999999997
-12853.619999999999,-12212.505,-23957.91,-6895.62,772.785,-29018.565,-10166.805,-3740.58
-12858.705,-12222.765,-23990.715,-6941.34,753.3,-29030.805,-10176.48,-3743.325
-12865.455,-12233.115,-24004.665,-6960.825,749.43,-29029.094999999998,-10179.449999999999,-3746.6549999999997
-12870.99,-12239.279999999999,-24012.629999999997,-6973.5599999999995,740.52,-29039.895,-10198.664999999999,-3753.855
-12878.595,-12245.265,-24008.219999999998,-6908.085,729.72,-29065.905,-10231.289999999999,-3769.29
-12861.0,-12223.98,-23975.28,-6836.49,753.345,-29053.44,-10201.23,-3752.865
-12837.06,-12196.89,-23952.149999999998,-6851.16,789.66,-29007.405,-10138.23,-3724.92
-12838.859999999999,-12183.164999999999,-23939.145,-6849.764999999999,820.755,-28966.59,-10110.33,-3741.75
-12844.98,-12175.695,-23929.515,-6842.07,840.87,-28936.844999999998,-10093.59,-3762.6299999999997
-12877.965,-12200.715,-23953.274999999998,-6869.88,814.86,-28965.059999999998,-10136.654999999999,-3811.0049999999997
-12897.855,-12212.189999999999,-23961.375,-6879.87,806.4449999999999,-28983.42,-10167.705,-3837.105
-12887.324999999999,-12212.505,-23966.594999999998,-6889.59,799.785,-28993.86,-10175.58,-3812.3999999999996
-12872.519999999999,-12217.949999999999,-23984.1,-6932.115,770.85,-29018.925,-10172.97,-3766.23
-12846.33,-12242.295,-24030.315,-7018.5599999999995,711.9449999999999,-29065.68,-10178.46,-3695.895
-12858.3,-12264.164999999999,-24060.195,-7053.165,675.495,-29092.635,-10178.369999999999,-3708.765
-12866.355,-12251.654999999999,-24041.07,-7016.219999999999,697.86,-29083.14,-10190.97,-3739.365
-12844.664999999999,-12223.215,-24009.885,-6972.795,743.7149999999999,-29058.614999999998,-10218.734999999999,-3727.4849999999997
-12833.865,-12206.25,-23996.114999999998,-6980.625,764.8199999999999,-29045.204999999998,-10217.115,-3724.6499999999996
-12831.84,-12191.49,-23978.655,-6930.945,789.0749999999999,-29014.605,-10193.039999999999,-3739.5
-12819.914999999999,-12181.725,-23964.3,-6864.12,824.4449999999999,-28954.26,-10101.105,-3715.1099999999997
-12814.47,-12167.595,-23930.145,-6811.605,858.78,-28899.27,-10035.855,-3706.245
-12837.555,-12187.935,-23927.399999999998,-6818.264999999999,837.9449999999999,-28928.43,-10062.045,-3723.705
-12859.244999999999,-12225.375,-23985.18,-6909.255,780.795,-28989.989999999998,-10116.045,-3734.19
-12847.949999999999,-12239.369999999999,-24051.78,-7071.3,730.53,-29021.85,-10125.135,-3713.265
-12852.18,-12249.045,-24104.925,-7248.96,697.545,-29027.789999999997,-10124.1,-3720.42
-12863.295,-12239.055,-24078.915,-7216.0199999999995,703.845,-29019.375,-10133.955,-3747.7349999999997
-12858.885,-12221.324999999999,-24012.54,-6971.13,754.515,-29010.195,-10147.994999999999,-3755.205
-12856.769999999999,-12212.01,-23951.25,-6785.1449999999995,780.03,-29000.34,-10150.47,-3759.66
-12866.894999999999,-12231.314999999999,-23989.094999999998,-6878.34,762.615,-29007.18,-10154.34,-3759.12
-12861.269999999999,-12242.475,-24047.325,-7054.92,742.725,-29003.895,-10152.99,-3739.5899999999997
-12856.949999999999,-12253.05,-24120.809999999998,-7303.455,721.395,-28995.03,-10140.885,-3730.185
-12846.96,-12246.119999999999,-24111.855,-7350.48,710.37,-29010.78,-10145.52,-3714.2999999999997
-12838.41,-12239.505,-24090.84,-7233.4349999999995,709.8299999999999,-29024.64,-10154.699999999999,-3706.875
-12849.39,-12230.324999999999,-24017.219999999998,-6943.094999999999,740.79,-29024.19,-10168.244999999999,-3733.6949999999997
-12852.72,-12213.449999999999,-23957.864999999998,-6815.925,770.895,-29021.039999999997,-10169.46,-3743.595
-12852.269999999999,-12209.625,-23920.92,-6666.255,794.16,-29017.395,-10159.38,-3740.4449999999997
-12849.345,-12208.365,-23906.79,-6645.15,817.29,-29006.37,-10150.47,-3733.9649999999997
-12850.74,-12203.64,-23925.96,-6771.105,800.91,-29003.715,-10155.24,-3739.995
-12849.164999999999,-12208.32,-23954.94,-6822.719999999999,794.0699999999999,-28996.379999999997,-10152.855,-3739.455
-12847.68,-12216.465,-23981.175,-6847.605,783.81,-28995.03,-10152.315,-3736.305
-12855.105,-12225.15,-23984.28,-6883.29,778.77,-28989.315,-10153.305,-3742.83
-12858.705,-12229.064999999999,-24001.155,-6928.2,774.9,-28985.355,-10154.34,-3747.015
-12854.25,-12228.885,-24032.34,-7035.705,756.9449999999999,-28993.5,-10152.99,-3741.5699999999997
-12850.47,-12222.99,-24036.704999999998,-7169.49,725.985,-29012.94,-10155.33,-3737.16
-12842.685,-12218.625,-24059.024999999998,-7255.755,714.9599999999999,-29014.469999999998,-10144.26,-3726.99
-12845.835,-12225.645,-24051.329999999998,-7098.48,733.725,-29010.149999999998,-10142.73,-3728.9249999999997
-12853.08,-12216.06,-23965.155,-6838.065,773.01,-29013.03,-10155.195,-3738.1949999999997
-12865.455,-12229.47,-23951.969999999998,-6711.165,787.14,-29018.475,-10177.335,-3749.355
-12876.615,-12236.085,-23952.915,-6770.295,763.425,-29051.28,-10226.43,-3762.9449999999997
-12882.42,-12244.275,-23989.68,-6861.24,734.805,-29074.094999999998,-10252.17,-3770.5499999999997
-12877.92,-12242.97,-23997.87,-6892.065,732.15,-29067.21,-10236.195,-3769.785
-12872.654999999999,-12241.664999999999,-23999.715,-6917.67,734.805,-29038.77,-10178.1,-3752.415
-12862.035,-12228.119999999999,-23992.155,-6923.5199999999995,757.755,-29009.16,-10133.145,-3745.17
-12856.904999999999,-12218.355,-23985.0,-6916.905,771.2099999999999,-29005.245,-10135.664999999999,-3752.145
-12851.144999999999,-12209.58,-23976.09,-6896.025,788.4449999999999,-28980.18,-10104.21,-3742.47
-12853.439999999999,-12212.505,-23976.045,-6883.92,788.22,-28983.96,-10096.065,-3736.44
-12861.269999999999,-12225.51,-23991.434999999998,-6913.08,765.36,-29023.02,-10149.615,-3749.58
-12857.535,-12227.805,-23998.59,-6927.615,753.435,-29039.94,-10189.08,-3743.955
-12848.625,-12219.21,-23991.434999999998,-6921.179999999999,761.535,-29025.09,-10181.43,-3736.665
-12847.275,-12213.045,-23981.219999999998,-6905.429999999999,786.78,-28976.129999999997,-10127.205,-3732.435
-12860.369999999999,-12223.08,-23992.559999999998,-6917.49,774.72,-28990.664999999997,-10158.84,-3751.245
-12895.244999999999,-12262.904999999999,-24041.925,-6983.639999999999,704.475,-29080.754999999997,-10282.635,-3789.4049999999997
-12911.175,-12285.0,-24068.655,-7020.99,664.8299999999999,-29139.975,-10339.289999999999,-3802.995
-12899.475,-12259.08,-24033.015,-6978.6449999999995,709.425,-29090.295,-10253.43,-3789.1349999999998
-12870.18,-12228.66,-23998.86,-6941.79,775.17,-28990.485,-10083.734999999999,-3739.995
-12855.195,-12208.05,-23981.67,-6934.995,810.18,-28936.035,-10012.59,-3732.66
-12851.189999999999,-12204.27,-23980.004999999997,-6928.0199999999995,797.22,-28956.735,-10044.99,-3742.1549999999997
-12852.855,-12214.17,-23985.855,-6909.48,769.185,-28999.079999999998,-10102.949999999999,-3740.31
-12858.164999999999,-12221.91,-23994.315,-6926.804999999999,763.11,-29000.565,-10130.94,-3739.455
-12831.255,-12194.279999999999,-23967.405,-6913.17,808.4699999999999,-28959.48,-10120.68,-3712.545
-12829.68,-12192.525,-23971.815,-6950.5199999999995,800.73,-28961.28,-10118.385,-3716.865
-12841.109999999999,-12207.285,-24007.32,-7017.389999999999,767.43,-28985.579999999998,-10124.279999999999,-3732.48
-12860.144999999999,-12231.72,-24051.87,-7069.995,749.97,-28993.77,-10117.98,-3743.19
-12864.195,-12245.13,-24072.39,-7093.9349999999995,752.22,-28991.16,-10120.77,-3739.23
-12853.035,-12229.064999999999,-24040.98,-7092.09,751.9499999999999,-29010.78,-10147.14,-3733.875
-12855.42,-12222.045,-24021.989999999998,-7078.7699999999995,742.5899999999999,-29023.065,-10154.789999999999,-3739.815
-12860.73,-12232.215,-24022.754999999997,-6977.16,748.98,-29019.555,-10152.765,-3743.865
-12867.48,-12240.945,-24014.16,-6928.92,757.755,-29012.579999999998,-10150.335,-3748.9049999999997
-12867.21,-12242.34,-24028.379999999997,-6986.5199999999995,742.41,-29016.405,-10153.664999999999,-3748.3199999999997
-12860.64,-12244.14,-24089.535,-7155.63,732.285,-29014.92,-10144.89,-3738.915
-12853.035,-12227.984999999999,-24057.27,-7150.995,724.095,-29027.204999999998,-10147.904999999999,-3734.5049999999997
-12859.515,-12222.855,-23991.075,-6920.099999999999,753.93,-29026.53,-10161.27,-3745.7549999999997
-12866.4,-12240.404999999999,-23965.515,-6698.745,792.495,-29011.815,-10153.8,-3747.06
-12865.41,-12231.9,-23972.489999999998,-6785.054999999999,790.3349999999999,-29012.94,-10156.904999999999,-3748.365
-12857.715,-12204.765,-23980.635,-7003.844999999999,766.17,-29014.605,-10159.92,-3748.095
-12859.38,-12217.904999999999,-24024.87,-7061.219999999999,742.8149999999999,-29022.524999999998,-10157.625,-3745.935
-12862.71,-12225.779999999999,-24030.495,-6936.21,766.4399999999999,-29010.239999999998,-10150.515,-3745.5299999999997
-12861.765,-12219.615,-24003.0,-6811.155,783.855,-29005.92,-10152.72,-3747.1949999999997
-12855.33,-12202.74,-23949.18,-6796.3949999999995,802.935,-28992.149999999998,-10148.31,-3742.74
-12856.814999999999,-12209.67,-23960.61,-6931.17,784.665,-29000.204999999998,-10151.369999999999,-3743.0099999999998
-12854.789999999999,-12214.305,-23988.69,-6985.17,761.76,-29008.844999999998,-10153.17,-3739.815
-12858.57,-12219.345,-24009.165,-6926.04,767.88,-29010.735,-10153.395,-3741.8399999999997
-12863.205,-12220.289999999999,-23976.045,-6791.8949999999995,792.81,-29010.465,-10152.72,-3745.2149999999997
-12861.09,-12215.52,-23965.335,-6815.61,783.0899999999999,-29025.989999999998,-10163.789999999999,-3741.345
-12876.029999999999,-12234.33,-23988.555,-6898.32,742.545,-29064.195,-10203.57,-3749.49
-12890.115,-12251.07,-24003.27,-6937.0199999999995,712.26,-29099.565,-10259.64,-3766.455
-12900.914999999999,-12262.77,-24028.605,-6959.745,698.76,-29118.555,-10301.13,-3789.045
-12894.93,-12255.525,-24021.945,-6958.665,708.255,-29089.934999999998,-10267.56,-3788.595
-12860.55,-12216.645,-23984.055,-6917.67,760.545,-29025.36,-10168.74,-3752.5499999999997
-12843.135,-12191.085,-23957.37,-6884.73,806.895,-28964.835,-10075.185,-3726.18
-12855.824999999999,-12196.125,-23961.825,-6887.295,813.555,-28943.325,-10049.715,-3740.85
-12863.115,-12195.99,-23962.995,-6891.929999999999,805.3199999999999,-28961.864999999998,-10088.595,-3766.995
-12869.414999999999,-12197.34,-23963.175,-6892.29,803.5649999999999,-28972.17,-10104.93,-3779.19
-12858.48,-12188.295,-23947.829999999998,-6877.259999999999,816.3449999999999,-28960.469999999998,-10106.955,-3767.7149999999997
-12865.14,-12215.07,-23978.745,-6907.41,785.655,-28996.2,-10137.914999999999,-3752.5499999999997
-12886.47,-12253.32,-24024.96,-6955.83,738.18,-29039.985,-10178.46,-3756.33
-12871.935,-12249.09,-24025.68,-6961.094999999999,728.64,-29055.735,-10199.565,-3733.3799999999997
-12879.9,-12268.439999999999,-24050.61,-6992.28,693.5849999999999,-29086.92,-10211.67,-3728.205
-12879.449999999999,-12257.91,-24040.89,-6981.795,706.77,-29067.434999999998,-10180.845,-3734.055
-12887.055,-12246.705,-24022.575,-6959.5199999999995,728.775,-29054.295,-10197.72,-3768.48
-12897.135,-12239.414999999999,-24009.84,-6941.5199999999995,752.49,-29024.774999999998,-10171.529999999999,-3798.495
-12881.789999999999,-12214.17,-23979.059999999998,-6903.764999999999,801.225,-28964.969999999998,-10104.255,-3782.0249999999996
-12866.535,-12204.045,-23967.629999999997,-6887.205,814.185,-28971.675,-10122.164999999999,-3760.83
-12854.88,-12209.715,-23983.829999999998,-6920.1449999999995,786.285,-28998.989999999998,-10130.085,-3743.955
-12845.025,-12228.435,-24021.09,-6995.7,744.3,-29025.945,-10107.18,-3705.93
-12850.019999999999,-12234.645,-24031.665,-7017.75,719.01,-29052.27,-10121.58,-3711.42
-12850.92,-12227.58,-24020.055,-6988.815,728.37,-29050.785,-10146.015,-3724.3799999999997
-12854.475,-12225.285,-24012.629999999997,-6942.6449999999995,758.52,-29022.3,-10144.305,-3731.22
-12839.355,-12206.475,-23998.77,-6946.38,780.345,-29001.105,-10144.125,-3717.8999999999996
-12841.47,-12211.695,-24002.954999999998,-6952.139999999999,776.745,-28992.51,-10133.73,-3715.515
-12857.715,-12230.91,-24013.89,-6934.23,764.01,-29005.515,-10148.535,-3727.89
-12853.529999999999,-12224.564999999999,-24010.92,-6951.554999999999,752.0849999999999,-29010.285,-10146.285,-3727.35
-12856.095,-12224.07,-24006.555,-6987.465,741.06,-29017.62,-10147.994999999999,-3730.95
-12865.545,-12235.545,-24043.86,-7088.67,739.0799999999999,-29005.605,-10136.16,-3739.5899999999997
-12868.74,-12238.965,-24074.64,-7169.04,733.185,-29001.51,-10131.93,-3743.5049999999997
-12866.355,-12234.015,-24052.815,-7132.23,740.2049999999999,-29002.545,-10145.07,-3744.27
-12864.015,-12235.545,-24044.895,-7004.384999999999,758.385,-29005.829999999998,-10151.505,-3741.93
-12862.845,-12222.72,-23981.715,-6808.32,786.8249999999999,-29005.785,-10146.914999999999,-3741.93
-12861.63,-12207.33,-23927.129999999997,-6751.98,799.3349999999999,-28990.62,-10143.99,-3744.315
-12862.664999999999,-12221.369999999999,-23999.129999999997,-6841.304999999999,786.51,-28993.635,-10145.205,-3744.27
-12865.725,-12242.43,-24089.76,-6968.655,749.43,-29009.25,-10147.68,-3743.5049999999997
-12864.195,-12231.27,-24034.5,-6970.7699999999995,741.42,-29016.719999999998,-10150.83,-3744.045
-12868.109999999999,-12230.279999999999,-23987.835,-6989.715,752.265,-29013.93,-10152.045,-3749.1299999999997
-12866.805,-12224.699999999999,-24005.25,-6968.655,766.0799999999999,-29011.184999999998,-10152.855,-3750.345
-12861.9,-12213.855,-23975.19,-6905.34,773.3249999999999,-29011.14,-10149.975,-3745.5299999999997
-12861.045,-12215.564999999999,-23958.405,-6854.8949999999995,758.8349999999999,-29024.145,-10147.095,-3743.955
-12856.635,-12218.039999999999,-24002.235,-6895.889999999999,757.5749999999999,-29022.614999999998,-10145.97,-3738.69
-12864.869999999999,-12230.82,-24025.59,-6928.065,749.8349999999999,-29025.225,-10156.59,-3744.495
-12855.42,-12221.865,-23996.475,-6939.63,747.27,-29025.045,-10167.705,-3737.6549999999997
-12862.439999999999,-12222.135,-24002.19,-6944.175,758.475,-29013.03,-10165.77,-3746.115
-12873.644999999999,-12227.49,-23997.915,-6925.455,759.51,-29011.815,-10172.789999999999,-3756.555
-12877.154999999999,-12233.52,-24004.26,-6961.95,727.605,-29042.55,-10200.824999999999,-3757.6349999999998
-12884.715,-12242.07,-24014.79,-6959.88,710.8199999999999,-29070.719999999998,-10240.47,-3769.1099999999997
-12887.46,-12243.51,-24011.55,-6934.094999999999,715.995,-29075.625,-10240.965,-3772.44
-12885.75,-12241.484999999999,-24003.36,-6891.57,749.385,-29045.969999999998,-10194.074999999999,-3765.87
-12874.994999999999,-12229.92,-23987.565,-6880.679999999999,770.13,-29007.405,-10126.395,-3748.2749999999996
-12862.17,-12217.32,-23981.579999999998,-6887.969999999999,776.79,-28991.34,-10105.109999999999,-3740.355
-12849.615,-12193.965,-23959.305,-6872.8949999999995,798.7049999999999,-28971.629999999997,-10097.414999999999,-3742.47
-12854.699999999999,-12195.855,-23965.065,-6886.259999999999,788.0849999999999,-28983.914999999997,-10109.205,-3748.6349999999998
-12858.66,-12201.795,-23975.145,-6904.665,779.67,-28994.265,-10125.765,-3747.015
-12867.615,-12212.73,-23989.59,-6930.54,783.855,-28977.704999999998,-10124.505,-3758.67
-12869.865,-12220.875,-23996.295,-6933.6449999999995,780.48,-28974.6,-10115.414999999999,-3753.495
-12857.535,-12221.91,-23997.195,-6920.054999999999,773.73,-28986.39,-10117.44,-3724.1549999999997
-12866.894999999999,-12228.84,-23997.42,-6898.679999999999,767.655,-28999.485,-10122.705,-3733.47
-12888.045,-12240.765,-24008.76,-6920.505,754.605,-29012.895,-10127.16,-3756.6
-12888.449999999999,-12233.115,-24000.254999999997,-6924.24,753.93,-29010.645,-10136.115,-3767.805
-12886.109999999999,-12223.935,-23994.585,-6925.995,761.31,-29005.2,-10146.33,-3781.5299999999997
-12877.154999999999,-12209.939999999999,-23987.024999999998,-6935.04,784.89,-28987.425,-10155.69,-3785.805
-12882.42,-12208.32,-23980.364999999998,-6922.98,801.27,-28970.594999999998,-10149.66,-3795.705
-12877.515,-12218.085,-23992.695,-6919.785,782.865,-28976.039999999997,-10125.765,-3767.265
-12858.3,-12214.439999999999,-23989.545,-6901.695,770.4,-28995.075,-10134.404999999999,-3737.6549999999997
-12872.97,-12223.619999999999,-24000.704999999998,-6946.875,754.245,-29009.43,-10144.755,-3762.81
-12875.805,-12233.205,-24034.815,-7051.545,729.045,-29022.524999999998,-10143.449999999999,-3766.6349999999998
-12858.84,-12242.88,-24078.645,-7144.29,700.785,-29033.504999999997,-10137.105,-3729.69
-12837.015,-12236.85,-24060.78,-7066.035,711.765,-29043.045,-10151.55,-3682.2599999999998
-12831.57,-12226.32,-24019.425,-6927.21,738.495,-29035.53,-10155.33,-3677.1299999999997
-12849.93,-12228.705,-24006.105,-6881.67,751.3199999999999,-29027.43,-10158.3,-3711.7799999999997
-12852.945,-12221.055,-24004.215,-6954.344999999999,743.355,-29023.739999999998,-10169.82,-3727.7549999999997
-12857.67,-12226.949999999999,-24014.61,-6980.849999999999,737.73,-29028.375,-10176.119999999999,-3731.625
-12866.265,-12239.82,-24029.73,-6990.84,715.23,-29050.695,-10182.015,-3736.7999999999997
-12881.519999999999,-12259.08,-24063.12,-7038.719999999999,687.78,-29075.039999999997,-10190.565,-3748.815
-12888.18,-12262.275,-24061.364999999998,-7037.28,688.05,-29075.715,-10193.85,-3754.98
-12889.664999999999,-12259.17,-24045.165,-6981.66,723.1949999999999,-29034.989999999998,-10169.595,-3752.73
-12880.89,-12244.77,-24017.175,-6930.0,764.9549999999999,-28992.96,-10146.105,-3751.335
-12856.904999999999,-12220.92,-24016.41,-6987.105,772.245,-28976.489999999998,-10115.505,-3736.7549999999997
-12850.785,-12215.609999999999,-24019.605,-6956.28,769.8149999999999,-28983.015,-10104.119999999999,-3729.24
-12854.519999999999,-12212.279999999999,-23983.155,-6844.32,791.8199999999999,-28985.175,-10112.31,-3731.3999999999996
-12863.519999999999,-12217.095,-23967.18,-6833.205,790.605,-28990.62,-10137.33,-3742.6949999999997
-12873.105,-12222.225,-23970.329999999998,-6878.16,768.51,-29003.219999999998,-10166.175,-3756.7799999999997
-12876.84,-12232.755,-23998.68,-6905.5199999999995,754.74,-29010.195,-10175.31,-3762.54
-12868.244999999999,-12226.994999999999,-24005.385,-6969.69,754.56,-29003.94,-10161.494999999999,-3756.24
-12854.654999999999,-12216.105,-24003.36,-7030.08,764.4599999999999,-28979.19,-10120.904999999999,-3732.705
-12858.029999999999,-12221.73,-24018.39,-6996.465,760.995,-28984.545,-10122.255,-3735.0
-12863.43,-12219.57,-23994.989999999998,-6871.995,766.62,-28999.215,-10135.395,-3744.27
-12864.734999999999,-12214.215,-23963.04,-6814.17,777.6899999999999,-29001.645,-10132.47,-3739.77
-12866.58,-12222.539999999999,-23989.454999999998,-6884.865,763.47,-29009.969999999998,-10137.734999999999,-3740.085
-12869.46,-12229.92,-24003.629999999997,-6916.905,752.13,-29007.765,-10135.89,-3743.19
-12871.89,-12229.965,-24001.695,-6944.445,741.555,-29004.03,-10134.0,-3746.7
-12873.195,-12235.814999999999,-24027.165,-6964.74,738.72,-29012.445,-10154.115,-3748.3199999999997
-12868.695,-12232.305,-24017.895,-6988.365,729.9449999999999,-29026.664999999997,-10190.16,-3743.64
-12871.08,-12235.994999999999,-24016.454999999998,-6996.24,724.725,-29033.055,-10186.605,-3740.7149999999997
-12887.144999999999,-12253.005,-24032.07,-6973.92,726.93,-29033.46,-10169.369999999999,-3747.7349999999997
-12890.385,-12251.385,-24016.77,-6910.695,739.2149999999999,-29025.36,-10143.09,-3749.355
-12877.695,-12230.145,-23989.725,-6870.96,775.17,-29005.605,-10127.43,-3747.7799999999997
-12867.074999999999,-12214.215,-23982.344999999998,-6888.78,783.99,-28994.309999999998,-10124.414999999999,-3748.995
-12857.625,-12201.029999999999,-23974.2,-6890.264999999999,790.56,-28985.85,-10134.359999999999,-3749.895
-12852.045,-12199.23,-23974.02,-6891.615,791.595,-28981.844999999998,-10139.22,-3740.265
-12864.375,-12217.904999999999,-23996.34,-6931.62,765.135,-29000.204999999998,-10141.38,-3744.99
-12875.805,-12234.465,-24021.719999999998,-7004.07,741.3299999999999,-29014.559999999998,-10155.6,-3753.0899999999997
-12875.67,-12234.06,-24026.265,-7012.8,745.65,-29006.64,-10165.815,-3754.17
-12872.385,-12229.83,-24020.415,-6973.38,753.39,-29006.954999999998,-10176.57,-3753.0899999999997
-12871.755,-12227.085,-24008.85,-6906.87,756.36,-29012.805,-10176.164999999999,-3756.105
-12856.814999999999,-12211.515,-23999.715,-6931.215,766.7099999999999,-28993.77,-10130.265,-3741.795
-12852.494999999999,-12202.92,-23995.395,-6959.5199999999995,767.0699999999999,-28994.175,-10125.18,-3742.9649999999997
-12867.21,-12214.71,-23999.489999999998,-6941.474999999999,760.5,-29016.765,-10163.789999999999,-3759.075
-12873.51,-12224.835,-24000.48,-6915.825,756.72,-29029.59,-10188.27,-3762.99
-12858.39,-12214.484999999999,-23993.73,-6943.995,778.725,-28982.114999999998,-10122.39,-3738.69
-12863.789999999999,-12221.279999999999,-24013.17,-7015.094999999999,771.12,-28959.795,-10078.74,-3730.455
-12904.605,-12259.619999999999,-24062.67,-7082.639999999999,721.125,-29000.204999999998,-10116.045,-3772.89
-12917.115,-12267.09,-24046.425,-7023.915,708.885,-29018.204999999998,-10138.77,-3788.73
-12900.779999999999,-12250.439999999999,-24021.45,-6958.53,732.285,-29025.405,-10160.91,-3774.7349999999997
-12888.72,-12253.5,-24030.855,-6932.25,753.39,-29004.93,-10144.529999999999,-3748.77
-12872.654999999999,-12237.66,-23994.855,-6864.615,783.18,-28983.645,-10134.135,-3732.12
-12865.814999999999,-12224.07,-23996.52,-6907.995,782.91,-28978.875,-10131.345,-3740.7599999999998
-12859.154999999999,-12221.369999999999,-24001.469999999998,-6910.92,772.02,-28986.795,-10133.865,-3736.35
-12861.539999999999,-12225.195,-23997.105,-6883.65,776.2049999999999,-28988.414999999997,-10131.255,-3733.335
-12864.869999999999,-12226.23,-23996.565,-6886.125,774.54,-28989.495,-10135.755,-3738.4649999999997
-12869.73,-12240.539999999999,-24040.665,-6991.605,750.8249999999999,-28998.719999999998,-10137.15,-3740.9849999999997
-12868.92,-12235.275,-24037.02,-7051.275,721.98,-29002.364999999998,-10141.92,-3743.8199999999997
-12865.994999999999,-12222.449999999999,-24011.64,-7091.325,716.895,-28982.969999999998,-10139.49,-3746.52
-12877.064999999999,-12241.71,-24047.954999999998,-7078.41,733.095,-28990.664999999997,-10143.359999999999,-3752.2799999999997
-12880.89,-12246.39,-24043.68,-6993.63,750.15,-28996.11,-10146.465,-3754.17
-12869.369999999999,-12223.98,-23985.495,-6829.74,765.135,-29005.289999999997,-10136.699999999999,-3742.92
-12862.935,-12213.539999999999,-23954.265,-6789.554999999999,776.16,-29011.5,-10135.17,-3737.6099999999997
-12872.025,-12230.55,-23985.225,-6863.175,770.4449999999999,-29009.25,-10141.74,-3743.5049999999997
-12872.295,-12229.92,-23992.605,-6886.44,758.925,-29014.92,-10149.3,-3744.6299999999997
-12873.689999999999,-12224.475,-23986.98,-6880.139999999999,769.995,-29005.155,-10144.89,-3746.3399999999997
-12875.58,-12226.635,-23993.504999999997,-6897.0599999999995,772.8299999999999,-28988.864999999998,-10131.93,-3746.295
-12873.555,-12226.994999999999,-23996.79,-6911.37,764.505,-28992.51,-10137.285,-3745.845
-12875.894999999999,-12230.189999999999,-24000.48,-6928.29,752.985,-29007.405,-10148.805,-3747.915
-12880.8,-12241.08,-24030.495,-6960.0599999999995,735.165,-29027.07,-10157.355,-3752.73
-12884.265,-12250.845,-24053.04,-6984.045,719.055,-29038.41,-10157.76,-3752.5049999999997
-12882.285,-12250.664999999999,-24072.344999999998,-7036.695,717.7049999999999,-29030.129999999997,-10152.359999999999,-3747.915
-12878.189999999999,-12247.064999999999,-24104.745,-7071.615,735.66,-29004.57,-10142.955,-3740.7149999999997
-12883.769999999999,-12241.529999999999,-24070.725,-7016.67,745.245,-29021.489999999998,-10175.805,-3750.0299999999997
-12893.76,-12243.555,-24010.829999999998,-6944.219999999999,749.2049999999999,-29032.065,-10194.885,-3766.095
-12891.779999999999,-12239.055,-23976.855,-6898.365,752.0849999999999,-29018.295,-10174.5,-3771.0899999999997
-12881.744999999999,-12226.949999999999,-23977.62,-6870.69,766.395,-29004.434999999998,-10167.345,-3771.6299999999997
-12872.789999999999,-12216.42,-23978.969999999998,-6899.04,765.9449999999999,-28997.37,-10155.24,-3760.6949999999997
-12877.605,-12230.91,-24023.879999999997,-7018.335,739.485,-29007.405,-10155.15,-3758.94
-12885.93,-12249.945,-24052.725,-7046.054999999999,713.61,-29026.215,-10142.955,-3750.8399999999997
-12877.38,-12243.33,-24028.829999999998,-6962.13,725.355,-29028.239999999998,-10137.375,-3730.14
-12868.785,-12220.47,-23967.18,-6834.78,776.295,-29010.6,-10147.68,-3732.12
-12876.93,-12224.16,-23975.37,-6881.4,780.795,-29007.539999999997,-10150.335,-3750.345
-12888.09,-12240.314999999999,-24014.879999999997,-6938.099999999999,746.9549999999999,-29026.98,-10153.89,-3765.06
-12898.215,-12252.779999999999,-24027.48,-6942.69,723.105,-29040.57,-10140.84,-3765.7799999999997
-12897.99,-12248.324999999999,-24015.285,-6925.995,729.4499999999999,-29035.664999999997,-10146.465,-3768.0299999999997
-12867.39,-12215.295,-23987.34,-6910.065,778.905,-28987.245,-10132.154999999999,-3744.99
-12826.125,-12170.654999999999,-23946.84,-6864.84,827.505,-28943.954999999998,-10107.99,-3711.6
-12848.625,-12192.255,-23962.995,-6864.66,795.555,-28985.67,-10161.315,-3739.23
-12870.18,-12219.029999999999,-23990.715,-6902.009999999999,753.615,-29031.524999999998,-10202.445,-3758.4449999999997
-12877.244999999999,-12227.22,-24005.385,-6930.045,736.785,-29042.325,-10191.42,-3766.14
-12881.07,-12234.555,-24012.495,-6934.455,743.4,-29027.114999999998,-10142.955,-3755.475
-12880.529999999999,-12239.1,-24010.02,-6921.63,772.0649999999999,-28983.149999999998,-10075.095,-3733.3799999999997
-12885.48,-12234.645,-24005.07,-6917.8949999999995,777.6899999999999,-28976.985,-10083.69,-3752.73
-12877.65,-12230.145,-24005.879999999997,-6928.65,772.155,-28981.17,-10084.095,-3742.02
-12886.875,-12244.095,-24027.524999999998,-6959.205,753.2099999999999,-29002.23,-10118.295,-3748.995
-12882.465,-12236.895,-24026.895,-6986.969999999999,741.9599999999999,-29010.555,-10136.205,-3752.415
-12886.515,-12239.279999999999,-24031.305,-6995.115,728.8199999999999,-29011.184999999998,-10128.555,-3759.8399999999997
-12884.894999999999,-12240.81,-24019.469999999998,-6950.5199999999995,745.245,-28996.965,-10126.215,-3758.805
-12878.055,-12239.324999999999,-24012.989999999998,-6946.38,749.295,-28981.575,-10121.039999999999,-3747.015
-12879.314999999999,-12246.21,-24033.239999999998,-7009.065,758.0699999999999,-28981.35,-10123.154999999999,-3741.66
-12876.615,-12245.58,-24063.48,-7115.219999999999,745.11,-28996.379999999997,-10133.369999999999,-3741.75
-12875.445,-12230.865,-24030.315,-7073.235,744.39,-29006.64,-10141.74,-3744.765
-12877.199999999999,-12233.385,-24017.265,-7001.6849999999995,743.67,-29009.52,-10142.505,-3746.6099999999997
-12876.435,-12250.439999999999,-24062.129999999997,-7031.745,733.005,-29011.995,-10138.77,-3742.9649999999997
-12874.455,-12248.414999999999,-24087.915,-7158.24,704.52,-29020.32,-10144.664999999999,-3744.0899999999997
-12886.289999999999,-12256.244999999999,-24090.434999999998,-7100.054999999999,715.05,-29014.829999999998,-10149.345,-3755.835
-12886.605,-12238.65,-24011.325,-6862.32,759.105,-29004.93,-10148.265,-3758.7599999999998
-12886.965,-12228.75,-23947.155,-6744.24,780.12,-29000.835,-10149.84,-3760.74
-12883.68,-12231.09,-23951.295,-6774.525,779.85,-28997.145,-10145.925,-3755.52
-12883.545,-12235.545,-23994.989999999998,-6858.179999999999,761.22,-29014.245,-10157.22,-3756.105
-12884.445,-12240.09,-24012.945,-6904.485,748.305,-29031.975,-10160.55,-3753.54
-12891.015,-12249.045,-24007.68,-6913.889999999999,756.27,-29017.305,-10154.205,-3755.43
-12891.15,-12253.904999999999,-24019.29,-6934.139999999999,741.375,-29022.93,-10164.015,-3756.915
-12892.814999999999,-12259.89,-24057.135,-6946.335,739.98,-29026.35,-10160.369999999999,-3755.745
-12889.619999999999,-12243.24,-24037.515,-6949.98,742.41,-29027.565,-10158.93,-3758.94
-12898.394999999999,-12242.925,-24002.73,-6954.255,719.28,-29049.614999999998,-10174.365,-3762.72
-12914.865,-12272.939999999999,-24045.66,-6985.575,689.0849999999999,-29072.61,-10199.295,-3771.495
-12907.89,-12267.404999999999,-24040.71,-6944.4,712.98,-29058.344999999998,-10208.565,-3771.99
-12895.064999999999,-12248.595,-24021.27,-6929.37,740.925,-29037.239999999998,-10187.865,-3766.5899999999997
-12877.199999999999,-12227.4,-24002.19,-6934.7699999999995,755.4599999999999,-29011.23,-10122.66,-3744.6299999999997
-12874.005,-12223.08,-23996.52,-6931.889999999999,760.185,-29013.795,-10124.91,-3745.08
-12872.97,-12213.72,-23982.3,-6910.245,783.27,-28989.945,-10122.84,-3756.645
-12860.73,-12198.689999999999,-23973.03,-6882.884999999999,797.175,-28977.57,-10122.435,-3748.9049999999997
-12862.755,-12200.984999999999,-23972.535,-6876.09,796.3199999999999,-28979.954999999998,-10121.715,-3744.99
-12867.75,-12212.685,-23985.989999999998,-6900.57,782.775,-28985.129999999997,-10107.72,-3735.99
-12880.845,-12231.675,-24010.02,-6929.82,755.3249999999999,-29006.055,-10110.914999999999,-3742.29
-12893.4,-12247.83,-24028.92,-6954.525,724.5,-29044.305,-10137.824999999999,-3754.89
-12920.355,-12268.305,-24047.235,-6974.73,702.4499999999999,-29073.645,-10159.515,-3784.23
-12934.935,-12274.154999999999,-24048.989999999998,-6973.0199999999995,712.935,-29062.53,-10165.994999999999,-3805.83
-12913.064999999999,-12247.47,-24018.93,-6935.219999999999,761.175,-29016.675,-10169.685,-3790.665
-12890.88,-12225.42,-23996.385,-6915.6449999999995,785.6999999999999,-28991.565,-10157.4,-3772.2149999999997
-12887.595,-12239.64,-24015.329999999998,-6958.304999999999,739.0799999999999,-29035.575,-10204.02,-3762.99
-12903.885,-12264.975,-24047.055,-6996.87,689.67,-29083.995,-10239.119999999999,-3776.4449999999997
-12906.314999999999,-12252.285,-24035.489999999998,-6963.75,721.53,-29064.015,-10207.395,-3792.915
-12882.824999999999,-12220.92,-24000.344999999998,-6922.62,771.12,-29017.125,-10156.68,-3772.7999999999997
-12849.48,-12207.555,-23996.969999999998,-6942.105,789.48,-28973.52,-10064.88,-3704.94
-12856.23,-12217.14,-24005.114999999998,-6957.764999999999,781.92,-28966.274999999998,-10047.824999999999,-3699.9449999999997
-12871.439999999999,-12226.994999999999,-24013.485,-6958.62,767.5649999999999,-28986.524999999998,-10091.205,-3727.89
-12871.08,-12233.835,-24025.364999999998,-6974.955,744.435,-29020.68,-10136.43,-3729.645
-12871.529999999999,-12238.064999999999,-24043.454999999998,-7048.844999999999,722.43,-29041.92,-10162.529999999999,-3731.94
-12883.23,-12245.984999999999,-24045.344999999998,-7041.24,718.47,-29055.51,-10178.82,-3748.455
-12891.15,-12247.965,-24023.745,-6945.3,746.91,-29031.975,-10140.975,-3753.72
-12891.105,-12240.72,-24003.27,-6895.3949999999995,764.055,-29014.245,-10116.63,-3753.3599999999997
-12890.385,-12244.635,-24019.965,-6947.415,751.005,-29020.184999999998,-10118.835,-3744.54
-12900.105,-12264.3,-24051.239999999998,-6964.0199999999995,754.8299999999999,-29000.16,-10101.645,-3745.08
-12905.46,-12272.085,-24070.905,-6995.655,747.18,-28988.19,-10100.16,-3754.7549999999997
-12895.605,-12261.555,-24090.614999999998,-7114.679999999999,730.395,-29003.265,-10123.289999999999,-3758.94
-12881.835,-12250.98,-24094.665,-7200.99,716.49,-29026.89,-10149.435,-3749.49
-12877.064999999999,-12254.13,-24116.805,-7182.54,703.8,-29038.95,-10160.145,-3744.27
-12884.49,-12251.789999999999,-24055.739999999998,-6983.235,705.735,-29066.129999999997,-10170.945,-3747.24
-12900.42,-12244.005,-23976.225,-6800.445,753.39,-29049.66,-10185.795,-3766.995
-12905.64,-12249.72,-23980.32,-6813.179999999999,765.225,-29048.805,-10199.07,-3775.95
-12904.289999999999,-12248.369999999999,-23996.07,-6886.8,751.185,-29064.195,-10208.744999999999,-3777.0299999999997
-12888.63,-12235.455,-24007.41,-6965.19,746.145,-29046.105,-10176.3,-3761.5049999999997
-12883.365,-12229.515,-24001.02,-6973.29,748.62,-29025.945,-10142.01,-3751.47
-12889.845,-12242.789999999999,-24023.295,-6991.245,743.31,-29015.1,-10120.005,-3751.29
-12882.689999999999,-12248.73,-24025.454999999998,-6950.61,739.935,-29018.879999999997,-10115.369999999999,-3736.17
-12886.199999999999,-12247.875,-24019.739999999998,-6964.965,741.1949999999999,-29017.44,-10127.789999999999,-3746.0699999999997
-12883.005,-12234.689999999999,-24035.265,-7029.63,741.87,-29005.649999999998,-10130.94,-3755.6549999999997
-12880.845,-12234.285,-24060.96,-7075.44,744.03,-28999.44,-10131.66,-3754.665
-12890.07,-12259.574999999999,-24080.94,-7022.88,740.43,-29013.795,-10140.57,-3757.2749999999996
-12885.93,-12232.484999999999,-24012.719999999998,-6864.84,765.675,-29020.995,-10141.56,-3755.97
-12879.765,-12206.295,-23938.065,-6772.32,782.73,-29021.76,-10140.975,-3755.0699999999997
-12886.74,-12220.965,-23944.995,-6778.215,787.5899999999999,-29021.805,-10146.96,-3760.245
-12888.855,-12230.055,-23978.565,-6852.014999999999,767.385,-29032.469999999998,-10150.83,-3758.94
-12882.555,-12231.09,-23995.485,-6894.315,757.8,-29035.17,-10143.494999999999,-3744.54
-12870.855,-12221.955,-23994.045,-6918.525,764.055,-29026.62,-10136.52,-3727.395
-12884.76,-12236.039999999999,-24008.67,-6936.929999999999,750.1949999999999,-29030.85,-10139.58,-3745.08
-12896.369999999999,-12248.73,-24022.035,-6938.37,739.755,-29034.585,-10135.845,-3758.49
-12891.6,-12240.18,-24008.579999999998,-6905.5199999999995,752.67,-29029.364999999998,-10140.705,-3758.3999999999996
-12887.414999999999,-12235.725,-24005.52,-6908.94,756.72,-29048.579999999998,-10176.435,-3755.475
-12900.24,-12254.85,-24029.504999999997,-6946.469999999999,723.24,-29085.3,-10192.5,-3764.3849999999998
-12910.904999999999,-12265.695,-24044.76,-6969.465,700.65,-29112.704999999998,-10218.555,-3780.9449999999997
-12897.855,-12242.97,-24017.67,-6937.245,744.435,-29063.969999999998,-10184.49,-3776.9849999999997
-12873.689999999999,-12215.789999999999,-23987.07,-6900.344999999999,794.52,-28990.17,-10097.19,-3744.765
-12876.705,-12222.9,-23998.545,-6913.8,781.3349999999999,-28997.19,-10113.3,-3744.99
-12876.84,-12221.145,-23997.015,-6913.62,778.23,-29000.789999999997,-10114.289999999999,-3743.955
-12889.98,-12237.84,-24016.094999999998,-6940.08,747.135,-29030.805,-10140.029999999999,-3753.495
-12907.35,-12261.285,-24041.07,-6969.195,714.105,-29068.559999999998,-10176.164999999999,-3766.0049999999997
-12918.06,-12274.965,-24054.57,-6983.415,700.245,-29091.239999999998,-10200.555,-3772.575
-12912.615,-12267.99,-24046.11,-6970.1849999999995,717.7049999999999,-29090.34,-10213.109999999999,-3772.395
-12898.035,-12245.939999999999,-24021.135,-6939.405,758.61,-29043.675,-10168.74,-3771.4049999999997
-12872.385,-12215.52,-23988.645,-6903.54,795.9599999999999,-29007.629999999997,-10122.795,-3746.8799999999997
-12877.064999999999,-12222.18,-23995.215,-6914.16,777.1949999999999,-29027.114999999998,-10127.789999999999,-3744.0
-12895.38,-12241.98,-24015.015,-6938.505,744.795,-29066.445,-10176.705,-3759.615
-12898.664999999999,-12249.63,-24022.485,-6947.099999999999,734.895,-29067.57,-10169.46,-3757.77
-12896.64,-12247.605,-24019.695,-6941.115,749.655,-29033.864999999998,-10112.805,-3742.515
-12892.949999999999,-12245.355,-24017.715,-6934.679999999999,764.73,-29007.315,-10093.05,-3745.2149999999997
-12890.25,-12239.685,-24016.5,-6933.42,766.62,-29007.405,-10118.52,-3756.7349999999997
-12885.57,-12231.404999999999,-24010.739999999998,-6932.745,765.27,-29020.635,-10137.06,-3753.72
-12888.9,-12236.265,-24016.815,-6952.905,758.52,-29033.954999999998,-10134.0,-3752.5499999999997
-12894.48,-12250.755,-24042.059999999998,-7011.179999999999,741.78,-29044.98,-10135.98,-3752.2349999999997
-12903.119999999999,-12260.34,-24061.68,-7046.505,718.1999999999999,-29061.675,-10154.565,-3764.295
-12903.75,-12254.715,-24051.149999999998,-7012.44,722.295,-29056.68,-10149.615,-3771.72
-12894.975,-12249.18,-24040.079999999998,-6959.745,755.55,-29018.34,-10115.505,-3758.22
-12888.675,-12245.58,-24036.03,-6966.585,765.135,-29012.895,-10115.369999999999,-3746.0249999999996
-12879.045,-12235.365,-24065.415,-7138.53,734.22,-29025.315,-10127.565,-3741.93
-12886.74,-12249.314999999999,-24095.925,-7205.219999999999,700.6949999999999,-29043.09,-10139.58,-3748.23
-12892.365,-12249.585,-24068.34,-7050.33,718.9649999999999,-29047.184999999998,-10151.145,-3754.08
-12895.875,-12241.71,-23993.684999999998,-6827.715,744.75,-29051.46,-10164.51,-3760.3799999999997
-12889.17,-12241.08,-23987.655,-6893.639999999999,744.2099999999999,-29053.664999999997,-10159.695,-3752.955
-12888.945,-12262.68,-24083.864999999998,-7148.025,710.865,-29047.004999999997,-10140.345,-3748.9049999999997
-12892.769999999999,-12256.605,-24079.77,-7118.6849999999995,717.165,-29044.89,-10132.74,-3753.315
-12891.24,-12229.064999999999,-23991.254999999997,-6907.32,747.27,-29043.855,-10140.84,-3757.14
-12888.945,-12232.89,-23991.885,-6847.695,767.8349999999999,-29034.225,-10139.984999999999,-3752.46
-12882.869999999999,-12247.83,-24117.66,-7226.865,716.9399999999999,-29037.285,-10145.115,-3745.305
-12890.789999999999,-12264.029999999999,-24200.82,-7436.34,670.14,-29051.145,-10162.125,-3752.91
-12903.029999999999,-12260.25,-24115.004999999997,-7201.485,679.005,-29071.754999999997,-10190.34,-3765.69
-12912.525,-12269.789999999999,-24008.219999999998,-6720.57,743.13,-29069.19,-10195.92,-3769.785
-12911.265,-12258.494999999999,-23947.065,-6541.605,793.53,-29055.555,-10167.345,-3762.72
-12892.814999999999,-12224.34,-23923.215,-6725.745,786.51,-29039.715,-10136.205,-3751.6949999999997
-12878.369999999999,-12208.545,-23935.23,-6808.905,780.885,-29023.739999999998,-10111.545,-3743.865
-12889.215,-12218.4,-23960.114999999998,-6826.139999999999,788.5799999999999,-29007.45,-10101.105,-3757.68
-12892.275,-12230.324999999999,-23980.635,-6849.179999999999,776.79,-29015.19,-10112.175,-3755.745
-12897.765,-12243.645,-24005.655,-6894.99,750.915,-29043.539999999997,-10155.375,-3758.22
-12893.805,-12239.279999999999,-24006.78,-6911.6849999999995,739.62,-29064.825,-10198.755,-3761.145
-12894.39,-12240.9,-24009.254999999997,-6920.639999999999,734.13,-29068.245,-10190.789999999999,-3761.5049999999997
-12883.949999999999,-12232.755,-24002.19,-6913.62,752.805,-29040.48,-10146.779999999999,-3738.915
-12877.92,-12219.705,-23988.195,-6899.715,775.305,-29013.885,-10124.414999999999,-3739.365
-12886.019999999999,-12227.535,-23997.42,-6911.505,770.895,-29012.94,-10118.025,-3751.3799999999997
-12889.98,-12234.869999999999,-24007.905,-6926.04,758.655,-29031.84,-10137.33,-3758.85
-12884.31,-12226.68,-24001.469999999998,-6924.15,755.91,-29045.835,-10149.57,-3757.455
-12890.744999999999,-12237.119999999999,-24014.204999999998,-6939.54,738.765,-29061.719999999998,-10142.775,-3754.62
-12907.529999999999,-12256.785,-24031.89,-6962.985,716.22,-29066.355,-10156.41,-3767.355
-12895.695,-12235.994999999999,-24008.895,-6932.88,752.22,-29031.795,-10153.574999999999,-3763.7549999999997
-12912.164999999999,-12244.32,-24015.285,-6933.24,754.785,-29029.094999999998,-10155.555,-3788.2799999999997
-12924.09,-12249.585,-24015.6,-6927.48,765.63,-29024.594999999998,-10156.455,-3802.14
-12917.925,-12240.404999999999,-24003.09,-6911.19,782.505,-29007.405,-10122.615,-3790.2599999999998
-12908.34,-12249.314999999999,-24022.44,-6940.304999999999,748.26,-29038.41,-10133.595,-3762.765
-12911.85,-12266.279999999999,-24044.265,-6968.205,715.4549999999999,-29080.125,-10183.77,-3762.18
-12902.49,-12268.89,-24052.905,-6982.514999999999,696.6899999999999,-29110.77,-10209.105,-3756.555
-12882.689999999999,-12255.345,-24043.68,-6976.08,706.41,-29089.71,-10171.44,-3730.8599999999997
-12894.48,-12252.33,-24033.105,-6957.855,731.6999999999999,-29051.504999999997,-10125.63,-3741.0299999999997
-12892.545,-12231.765,-24002.055,-6915.24,777.735,-29008.17,-10102.32,-3751.2
-12897.494999999999,-12232.755,-23999.579999999998,-6910.29,780.93,-29011.094999999998,-10118.385,-3759.2549999999997
