ch0,ch1,ch2,ch3,ch4,ch5,ch6,ch7
-11947.365,-12004.425,-23328.18,-6767.1449999999995,407.025,-29728.395,-11373.3,-3919.3199999999997
-11949.119999999999,-12015.27,-23363.684999999998,-6816.96,389.745,-29730.105,-11374.154999999999,-3919.815
-11952.72,-12022.02,-23383.215,-6849.2699999999995,382.86,-29731.949999999997,-11382.48,-3923.19
-11957.4,-12021.795,-23373.54,-6857.594999999999,373.09499999999997,-29739.735,-11396.97,-3930.0299999999997
-11957.895,-12024.494999999999,-23379.885,-6845.13,372.015,-29743.289999999997,-11397.42,-3931.56
-11956.14,-12023.505,-23373.45,-6805.9349999999995,376.38,-29741.309999999998,-11376.09,-3925.98
-11952.0,-12015.72,-23351.355,-6784.2,391.005,-29737.079999999998,-11366.145,-3919.5899999999997
-11951.505,-12010.859999999999,-23342.355,-6778.3949999999995,398.88,-29743.065,-11383.244999999999,-3923.37
-11945.52,-11997.404999999999,-23318.864999999998,-6779.295,396.99,-29740.454999999998,-11379.465,-3923.7749999999996
-11937.689999999999,-11995.47,-23333.535,-6814.62,394.83,-29735.55,-11365.064999999999,-3913.9649999999997
-11942.73,-12010.814999999999,-23362.92,-6847.469999999999,383.175,-29747.969999999998,-11372.939999999999,-3912.165
-11956.23,-12020.984999999999,-23369.535,-6850.035,374.21999999999997,-29763.09,-11404.664999999999,-3930.48
-11956.41,-12022.064999999999,-23364.495,-6823.98,365.66999999999996,-29771.504999999997,-11417.265,-3933.495
-11954.609999999999,-12011.715,-23344.29,-6777.585,383.94,-29756.789999999997,-11402.01,-3932.7749999999996
-11955.555,-12009.869999999999,-23344.469999999998,-6790.094999999999,390.555,-29747.34,-11378.25,-3924.855
-11955.465,-12017.295,-23357.295,-6815.25,373.365,-29763.495,-11388.645,-3920.355
-11956.185,-12020.49,-23357.114999999998,-6810.75,370.08,-29772.495,-11399.265,-3926.3849999999998
-11949.345,-12006.855,-23334.03,-6784.605,391.5,-29754.675,-11373.84,-3926.25
-11936.52,-11993.22,-23331.015,-6779.5199999999995,409.68,-29733.524999999998,-11341.71,-3914.8199999999997
-11936.43,-11993.039999999999,-23336.64,-6785.46,405.35999999999996,-29743.155,-11353.275,-3912.705
-11948.895,-12011.625,-23352.03,-6807.105,382.635,-29768.039999999997,-11378.07,-3917.43
-11945.205,-12006.09,-23341.41,-6801.705,383.66999999999996,-29769.57,-11397.42,-3918.105
-11943.27,-12000.195,-23337.945,-6793.11,396.04499999999996,-29760.75,-11398.32,-3921.66
-11941.154999999999,-11995.199999999999,-23336.864999999998,-6793.875,396.945,-29756.925,-11409.84,-3928.815
-11937.645,-11991.689999999999,-23331.329999999998,-6795.764999999999,390.06,-29763.719999999998,-11429.505,-3927.105
-11947.095,-12004.064999999999,-23349.78,-6813.36,376.065,-29782.305,-11437.605,-3938.04
-11944.755,-11997.99,-23345.235,-6808.679999999999,384.21,-29770.515,-11407.68,-3932.685
-11944.439999999999,-12000.779999999999,-23344.379999999997,-6803.82,395.055,-29748.914999999997,-11345.265,-3914.2799999999997
-11948.13,-12002.625,-23340.825,-6793.83,410.13,-29726.91,-11320.064999999999,-3916.44
-11968.965,-12027.195,-23365.395,-6818.625,381.645,-29758.23,-11354.039999999999,-3933.72
-11975.535,-12041.91,-23383.89,-6837.75,359.055,-29785.094999999998,-11384.145,-3939.12
-11967.119999999999,-12035.564999999999,-23381.91,-6839.054999999999,357.525,-29787.03,-11384.595,-3930.615
-11964.51,-12031.605,-23378.489999999998,-6842.655,352.8,-29787.03,-11379.869999999999,-3924.9449999999997
-11964.779999999999,-12032.64,-23375.34,-6844.05,349.875,-29777.579999999998,-11381.265,-3927.1499999999996
-11962.89,-12027.51,-23368.995,-6842.88,358.60499999999996,-29764.62,-11388.824999999999,-3931.6499999999996
-11957.67,-12017.295,-23363.954999999998,-6838.83,378.585,-29754.989999999998,-11381.085,-3932.8199999999997
-11957.265,-12015.765,-23362.965,-6838.245,386.59499999999997,-29743.155,-11353.41,-3929.31
-11956.814999999999,-12014.685,-23358.735,-6823.349999999999,391.455,-29739.015,-11334.24,-3927.96
-11950.02,-12008.609999999999,-23346.495,-6800.625,395.235,-29744.37,-11345.895,-3922.065
-11940.93,-12002.805,-23346.315,-6808.95,398.15999999999997,-29746.395,-11360.34,-3914.46
-11944.17,-12004.244999999999,-23346.855,-6821.054999999999,386.145,-29754.27,-11365.244999999999,-3917.835
-11945.609999999999,-12006.72,-23352.39,-6809.445,391.54499999999996,-29750.489999999998,-11366.369999999999,-3918.1949999999997
-11953.395,-12021.345,-23363.145,-6796.62,382.77,-29755.98,-11370.33,-3923.2799999999997
-11961.449999999999,-12032.505,-23378.489999999998,-6844.545,351.63,-29782.079999999998,-11387.295,-3927.87
-11960.595,-12025.8,-23375.114999999998,-6856.0199999999995,358.60499999999996,-29776.364999999998,-11390.939999999999,-3928.0499999999997
-11958.705,-12022.289999999999,-23373.045,-6859.44,361.485,-29768.805,-11390.039999999999,-3927.87
-11955.555,-12011.58,-23347.71,-6834.87,371.52,-29758.004999999997,-11377.215,-3927.015
-11954.295,-12011.67,-23333.805,-6786.224999999999,387.18,-29750.67,-11363.49,-3924.495
-11952.045,-12013.064999999999,-23346.0,-6778.575,399.24,-29745.989999999998,-11360.654999999999,-3921.345
-11954.475,-12011.49,-23356.98,-6826.905,388.97999999999996,-29753.774999999998,-11370.51,-3926.3399999999997
-11955.15,-12012.705,-23364.0,-6841.3949999999995,391.05,-29750.445,-11371.859999999999,-3926.835
-11955.465,-12016.08,-23364.27,-6839.73,385.83,-29746.98,-11371.005,-3924.855
-11961.72,-12023.55,-23371.065,-6827.804999999999,376.60499999999996,-29753.19,-11377.71,-3930.345
-11958.525,-12019.59,-23360.535,-6800.264999999999,381.33,-29752.695,-11377.89,-3928.14
-11952.585,-12011.355,-23345.64,-6801.66,388.62,-29745.09,-11371.23,-3923.5499999999997
-11952.27,-12008.205,-23333.715,-6797.61,383.625,-29750.489999999998,-11368.664999999999,-3922.02
-11953.035,-12009.869999999999,-23338.62,-6784.785,381.645,-29757.465,-11372.265,-3921.39
-11954.07,-12015.135,-23347.395,-6797.655,378.85499999999996,-29762.82,-11374.154999999999,-3921.0299999999997
-11953.71,-12015.765,-23349.015,-6802.245,384.885,-29765.204999999998,-11377.619999999999,-3920.3999999999996
-11955.645,-12016.89,-23350.364999999998,-6815.16,378.63,-29766.105,-11380.5,-3922.785
-11962.529999999999,-12025.125,-23366.655,-6842.79,357.57,-29775.555,-11384.595,-3927.87
-11964.42,-12026.295,-23372.594999999998,-6841.215,360.71999999999997,-29776.274999999998,-11389.41,-3929.94
-11960.865,-12021.66,-23362.785,-6831.675,361.125,-29775.329999999998,-11389.005,-3927.5099999999998
-11958.21,-12017.115,-23355.18,-6814.665,370.62,-29759.94,-11372.58,-3925.98
-11958.21,-12015.855,-23356.44,-6810.705,374.94,-29754.405,-11376.09,-3929.9849999999997
-11963.654999999999,-12024.72,-23368.635,-6822.315,373.54499999999996,-29757.105,-11389.814999999999,-3937.815
-11962.755,-12024.494999999999,-23367.195,-6825.915,366.12,-29772.809999999998,-11389.635,-3932.325
-11962.484999999999,-12023.01,-23367.239999999998,-6827.8949999999995,361.08,-29791.98,-11406.96,-3929.49
-11965.14,-12023.414999999999,-23365.89,-6824.835,367.56,-29779.965,-11390.67,-3926.6549999999997
-11970.09,-12027.105,-23372.055,-6839.505,366.93,-29774.295,-11384.955,-3936.555
-11961.27,-12016.619999999999,-23370.344999999998,-6849.54,380.43,-29754.719999999998,-11365.335,-3936.015
-11955.51,-12014.505,-23367.645,-6855.48,385.515,-29731.68,-11336.715,-3923.46
-11962.619999999999,-12021.57,-23370.39,-6846.84,377.59499999999997,-29752.335,-11371.904999999999,-3933.495
-11958.705,-12013.154999999999,-23345.594999999998,-6812.009999999999,373.32,-29775.735,-11411.82,-3934.2149999999997
-11954.925,-12007.89,-23333.85,-6789.014999999999,378.63,-29779.515,-11426.939999999999,-3933.6299999999997
-11949.48,-12003.029999999999,-23329.89,-6770.34,388.03499999999997,-29777.445,-11425.32,-3928.725
-11947.23,-12003.164999999999,-23334.344999999998,-6782.49,391.995,-29767.41,-11395.664999999999,-3917.295
-11948.175,-12003.029999999999,-23339.52,-6794.73,388.125,-29770.515,-11392.83,-3917.6549999999997
-11962.619999999999,-12019.05,-23357.879999999997,-6815.16,373.275,-29777.67,-11396.115,-3932.145
-11974.005,-12030.93,-23367.915,-6822.45,375.21,-29760.704999999998,-11359.664999999999,-3936.915
-11974.545,-12030.93,-23367.329999999998,-6823.125,377.72999999999996,-29752.559999999998,-11341.215,-3939.5699999999997
-11968.92,-12026.34,-23359.184999999998,-6817.815,384.21,-29744.504999999997,-11320.83,-3931.065
-11975.13,-12037.23,-23374.079999999998,-6832.44,371.43,-29755.664999999997,-11331.314999999999,-3931.065
-11972.43,-12036.914999999999,-23380.2,-6833.61,369.495,-29759.985,-11347.199999999999,-3927.4649999999997
-11963.654999999999,-12022.965,-23360.94,-6816.375,381.51,-29750.445,-11356.199999999999,-3927.42
-11963.88,-12025.755,-23366.52,-6826.724999999999,373.635,-29756.879999999997,-11364.029999999999,-3927.645
-11967.48,-12035.115,-23379.03,-6839.099999999999,365.58,-29765.34,-11369.295,-3928.5899999999997
-11968.02,-12033.359999999999,-23372.954999999998,-6832.665,369.135,-29769.164999999997,-11377.17,-3931.02
-11963.97,-12020.805,-23361.165,-6813.179999999999,394.155,-29748.96,-11363.76,-3930.21
-11959.875,-12024.09,-23379.165,-6844.59,392.53499999999997,-29740.86,-11351.295,-3923.37
-11957.939999999999,-12025.08,-23395.23,-6895.889999999999,378.85499999999996,-29749.545,-11361.465,-3921.165
-11960.73,-12028.41,-23401.665,-6910.2,367.155,-29754.855,-11369.43,-3923.415
-11963.789999999999,-12031.244999999999,-23404.5,-6911.28,368.41499999999996,-29749.59,-11367.359999999999,-3925.305
-11966.58,-12023.595,-23374.079999999998,-6871.139999999999,376.02,-29744.594999999998,-11370.015,-3931.83
-11968.109999999999,-12025.125,-23365.62,-6854.804999999999,378.71999999999997,-29742.704999999998,-11370.869999999999,-3932.5049999999997
-11964.24,-12023.46,-23373.629999999997,-6851.295,377.865,-29746.035,-11372.805,-3927.7349999999997
-11965.68,-12022.064999999999,-23350.86,-6764.13,396.81,-29741.355,-11376.0,-3928.68
-11968.38,-12021.57,-23324.67,-6748.695,391.59,-29741.085,-11374.109999999999,-3930.795
-11960.369999999999,-12014.145,-23328.675,-6766.605,391.455,-29745.405,-11374.425,-3924.6749999999997
-11960.234999999999,-12011.939999999999,-23347.53,-6775.695,399.51,-29741.579999999998,-11377.08,-3928.545
-11961.945,-12008.654999999999,-23340.87,-6787.53,393.16499999999996,-29744.145,-11380.14,-3930.2549999999997
-11963.205,-12013.515,-23346.945,-6797.565,394.515,-29736.899999999998,-11377.89,-3929.49
-11962.439999999999,-12018.015,-23355.585,-6815.07,391.365,-29724.3,-11373.615,-3926.97
-11961.765,-12019.725,-23358.51,-6822.9,388.03499999999997,-29727.36,-11375.595,-3925.7549999999997
-11962.439999999999,-12021.615,-23357.835,-6826.365,384.47999999999996,-29730.555,-11377.529999999999,-3926.52
-11963.205,-12025.125,-23376.825,-6841.755,382.995,-29731.004999999997,-11378.07,-3927.7799999999997
-11959.56,-12018.465,-23379.165,-6846.884999999999,385.65,-29732.355,-11379.15,-3924.0899999999997
-11957.4,-12011.265,-23361.39,-6827.445,392.31,-29730.105,-11379.33,-3923.46
-11959.83,-12012.345,-23348.204999999998,-6792.255,399.91499999999996,-29728.079999999998,-11379.15,-3924.495
-11963.564999999999,-12017.115,-23347.754999999997,-6783.03,398.25,-29734.289999999997,-11386.529999999999,-3927.555
-11965.59,-12020.49,-23353.29,-6801.389999999999,378.495,-29750.309999999998,-11397.105,-3928.14
-11973.555,-12032.369999999999,-23369.985,-6822.945,367.38,-29762.37,-11413.26,-3930.48
-11984.805,-12048.164999999999,-23385.915,-6841.44,350.82,-29785.004999999997,-11446.965,-3936.06
-11995.289999999999,-12064.68,-23405.04,-6867.764999999999,322.065,-29812.094999999998,-11483.145,-3946.365
-11990.609999999999,-12056.805,-23396.085,-6863.58,327.42,-29796.48,-11478.96,-3951.45
-11972.699999999999,-12028.005,-23367.015,-6822.99,384.57,-29727.315,-11395.395,-3944.79
-11938.095,-11981.25,-23308.559999999998,-6766.0199999999995,446.175,-29644.469999999998,-11311.695,-3919.0049999999997
-11924.189999999999,-11963.654999999999,-23281.829999999998,-6751.575,452.745,-29627.91,-11304.494999999999,-3903.705
-11936.88,-11981.789999999999,-23315.85,-6771.15,437.31,-29685.87,-11359.935,-3910.545
-11959.785,-12015.314999999999,-23355.27,-6811.38,398.43,-29724.84,-11387.699999999999,-3924.225
-11974.814999999999,-12033.404999999999,-23378.76,-6836.355,379.03499999999997,-29741.715,-11401.74,-3939.12
-11973.734999999999,-12032.279999999999,-23381.82,-6835.545,383.265,-29732.039999999997,-11387.88,-3938.22
-11965.725,-12024.314999999999,-23373.045,-6828.075,388.53,-29725.02,-11382.615,-3930.165
-11961.765,-12018.465,-23364.09,-6822.585,390.78,-29724.39,-11383.064999999999,-3927.24
-11951.414999999999,-12004.65,-23344.739999999998,-6801.705,404.90999999999997,-29709.135,-11366.775,-3917.205
-11948.039999999999,-11994.345,-23330.34,-6786.855,418.40999999999997,-29703.015,-11382.75,-3922.92
-11945.295,-11989.89,-23327.954999999998,-6785.73,418.54499999999996,-29714.985,-11404.89,-3924.81
-11952.945,-11998.484999999999,-23336.37,-6793.605,410.66999999999996,-29724.39,-11402.55,-3922.83
-11967.57,-12019.545,-23359.004999999997,-6816.33,387.71999999999997,-29748.329999999998,-11410.695,-3925.2149999999997
-11973.375,-12033.27,-23376.51,-6836.04,368.09999999999997,-29769.57,-11430.539999999999,-3926.97
-11970.18,-12030.435,-23371.739999999998,-6835.724999999999,367.155,-29764.844999999998,-11440.935,-3926.43
-11962.89,-12027.06,-23372.325,-6833.835,371.205,-29761.245,-11435.58,-3918.87
-11965.59,-12031.56,-23377.905,-6834.735,376.2,-29746.98,-11417.22,-3920.22
-11982.6,-12040.83,-23380.739999999998,-6839.19,371.655,-29738.52,-11395.755,-3935.0699999999997
-11979.99,-12039.615,-23378.94,-6833.925,383.53499999999997,-29722.41,-11376.18,-3933.495
-11975.22,-12033.314999999999,-23378.985,-6839.955,394.60499999999996,-29717.235,-11387.115,-3933.81
-11977.605,-12034.98,-23385.239999999998,-6851.969999999999,387.945,-29727.899999999998,-11403.72,-3937.77
-11975.355,-12030.75,-23376.059999999998,-6852.33,378.71999999999997,-29739.87,-11411.414999999999,-3937.68
-11969.234999999999,-12022.74,-23363.055,-6829.38,389.47499999999997,-29725.739999999998,-11384.234999999999,-3928.6349999999998
-11960.324999999999,-12017.564999999999,-23357.16,-6817.32,398.88,-29716.245,-11367.539999999999,-3913.785
-11963.564999999999,-12022.92,-23381.864999999998,-6882.929999999999,388.97999999999996,-29725.695,-11390.31,-3921.12
-11962.484999999999,-12025.619999999999,-23410.754999999997,-6941.025,378.85499999999996,-29725.155,-11394.404999999999,-3922.56
-11955.914999999999,-12012.975,-23393.25,-6934.23,383.35499999999996,-29719.035,-11393.189999999999,-3918.4649999999997
-11958.164999999999,-12014.234999999999,-23380.245,-6888.87,373.905,-29729.789999999997,-11403.18,-3919.815
-11966.175,-12027.96,-23368.59,-6800.4,379.26,-29734.739999999998,-11409.074999999999,-3924.18
-11970.855,-12023.369999999999,-23341.725,-6758.325,396.9,-29726.28,-11407.904999999999,-3928.77
-11967.795,-12017.744999999999,-23337.09,-6751.844999999999,407.78999999999996,-29716.065,-11405.43,-3927.375
-11964.06,-12012.39,-23324.94,-6746.715,411.12,-29709.449999999997,-11403.449999999999,-3925.935
-11961.18,-12012.84,-23325.48,-6769.71,402.57,-29713.815,-11404.305,-3924.0899999999997
-11968.335,-12028.814999999999,-23359.68,-6809.49,388.755,-29730.914999999997,-11411.64,-3926.205
-11962.98,-12019.14,-23364.629999999997,-6822.2699999999995,392.175,-29726.504999999997,-11410.154999999999,-3923.19
-11964.869999999999,-12019.14,-23374.89,-6825.87,396.135,-29718.719999999998,-11418.975,-3927.5099999999998
-11960.82,-12011.085,-23349.555,-6787.485,418.05,-29712.914999999997,-11420.64,-3925.395
-11966.175,-12019.275,-23354.145,-6794.775,397.575,-29723.039999999997,-11421.675,-3927.1949999999997
-11971.98,-12029.085,-23365.89,-6810.615,375.65999999999997,-29738.879999999997,-11426.535,-3929.3999999999996
-11974.545,-12027.96,-23366.655,-6815.565,376.56,-29741.895,-11431.529999999999,-3931.29
-11974.41,-12021.57,-23359.86,-6813.764999999999,379.71,-29745.045,-11442.51,-3935.52
-11969.414999999999,-12017.43,-23355.405,-6807.69,389.115,-29740.635,-11440.305,-3932.5499999999997
-11957.265,-12004.605,-23344.425,-6798.014999999999,399.96,-29732.94,-11422.574999999999,-3920.085
-11952.404999999999,-12000.015,-23338.98,-6800.04,398.15999999999997,-29721.149999999998,-11406.375,-3910.815
-11964.555,-12015.494999999999,-23356.8,-6813.764999999999,387.945,-29733.885,-11429.369999999999,-3924.18
-11974.994999999999,-12029.939999999999,-23372.82,-6825.554999999999,376.11,-29752.065,-11452.545,-3930.93
-11970.09,-12027.15,-23374.71,-6831.045,368.28,-29764.079999999998,-11465.189999999999,-3923.145
-11968.605,-12020.625,-23367.87,-6830.594999999999,376.83,-29752.965,-11454.885,-3920.58
-11977.515,-12030.885,-23380.29,-6852.33,377.01,-29742.84,-11440.845,-3929.3999999999996
-11972.97,-12028.32,-23377.77,-6847.965,385.875,-29723.67,-11400.93,-3923.64
-11964.195,-12018.555,-23365.26,-6827.04,396.71999999999997,-29713.23,-11378.34,-3913.1549999999997
-11969.685,-12024.63,-23361.614999999998,-6802.245,395.46,-29721.465,-11401.38,-3919.815
-11970.585,-12023.279999999999,-23357.34,-6798.42,397.34999999999997,-29726.37,-11422.89,-3927.645
-11968.965,-12021.164999999999,-23360.85,-6813.585,389.835,-29737.574999999997,-11442.914999999999,-3931.605
-11959.064999999999,-12007.845,-23348.745,-6803.91,398.29499999999996,-29737.53,-11455.199999999999,-3928.23
-11950.74,-11997.945,-23338.305,-6795.134999999999,404.82,-29739.329999999998,-11465.189999999999,-3922.065
-11952.404999999999,-12001.68,-23343.12,-6800.8949999999995,400.05,-29742.66,-11470.14,-3919.8599999999997
-11960.73,-12010.904999999999,-23351.309999999998,-6810.705,391.59,-29741.039999999997,-11468.475,-3926.3399999999997
-11961.585,-12013.965,-23347.89,-6812.099999999999,390.33,-29717.594999999998,-11436.074999999999,-3920.355
-11967.48,-12025.845,-23364.405,-6822.45,386.09999999999997,-29725.065,-11422.845,-3916.44
-11968.65,-12026.205,-23367.015,-6822.134999999999,388.53,-29735.64,-11436.435,-3919.3199999999997
-11961.945,-12016.035,-23357.565,-6815.16,390.555,-29742.164999999997,-11450.205,-3915.45
-11957.355,-12012.39,-23355.855,-6815.34,386.59499999999997,-29755.125,-11465.775,-3914.5049999999997
-11959.92,-12013.47,-23356.754999999997,-6815.16,386.46,-29760.48,-11478.285,-3921.12
-11966.625,-12015.945,-23358.015,-6815.16,388.84499999999997,-29756.969999999998,-11483.46,-3930.8399999999997
-11970.09,-12019.275,-23360.445,-6817.815,387.36,-29751.48,-11480.22,-3933.81
-11971.125,-12025.755,-23368.545,-6828.21,379.08,-29751.57,-11474.46,-3930.8849999999998
-11969.279999999999,-12031.83,-23383.8,-6855.03,372.41999999999996,-29752.199999999997,-11466.63,-3920.805
-11974.859999999999,-12036.465,-23392.665,-6870.915,374.58,-29747.43,-11459.115,-3924.0899999999997
-11976.885,-12038.22,-23392.17,-6868.17,371.29499999999996,-29753.01,-11464.83,-3922.4249999999997
-11973.6,-12028.05,-23376.239999999998,-6832.665,377.01,-29759.309999999998,-11484.27,-3924.6299999999997
-11971.215,-12025.98,-23368.364999999998,-6806.5199999999995,380.43,-29762.864999999998,-11491.335,-3925.665
-11963.025,-12018.015,-23358.42,-6813.99,390.375,-29753.73,-11474.145,-3920.1299999999997
-11958.48,-12017.654999999999,-23361.03,-6833.16,389.29499999999996,-29751.12,-11462.58,-3912.435
-11959.605,-12020.13,-23365.395,-6850.9349999999995,365.13,-29771.414999999997,-11479.725,-3912.48
-11970.81,-12028.904999999999,-23378.04,-6845.355,360.18,-29774.789999999997,-11491.244999999999,-3922.875
-11971.439999999999,-12021.119999999999,-23358.465,-6798.105,382.54499999999996,-29758.725,-11488.814999999999,-3927.555
-11967.93,-12016.529999999999,-23350.59,-6797.474999999999,395.685,-29740.635,-11467.619999999999,-3924.4049999999997
-11966.039999999999,-12017.97,-23362.379999999997,-6816.42,400.185,-29723.445,-11442.195,-3918.42
-11965.545,-12024.18,-23388.84,-6878.925,378.0,-29743.289999999997,-11460.555,-3917.7
-11961.81,-12020.355,-23389.425,-6907.455,375.79499999999996,-29750.039999999997,-11469.195,-3915.315
-11963.744999999999,-12016.8,-23378.805,-6898.5,380.61,-29753.055,-11475.675,-3918.6
-11969.685,-12023.279999999999,-23375.835,-6857.55,376.515,-29765.475,-11493.945,-3922.29
-11972.115,-12022.289999999999,-23348.565,-6770.025,381.41999999999996,-29773.754999999997,-11507.49,-3924.81
-11964.689999999999,-12017.654999999999,-23341.5,-6766.65,386.685,-29770.875,-11504.88,-3918.69
-11964.105,-12023.82,-23357.43,-6790.05,379.215,-29763.495,-11489.085,-3915.9449999999997
-11961.494999999999,-12017.52,-23349.195,-6779.205,386.28,-29750.219999999998,-11471.265,-3912.5249999999996
-11970.494999999999,-12023.279999999999,-23349.195,-6794.054999999999,389.07,-29741.715,-11470.455,-3923.46
-11978.324999999999,-12034.305,-23365.079999999998,-6839.1449999999995,370.755,-29755.754999999997,-11484.225,-3929.31
-11976.029999999999,-12034.26,-23394.825,-6850.844999999999,370.97999999999996,-29764.62,-11497.859999999999,-3927.555
-11972.654999999999,-12025.755,-23373.09,-6831.179999999999,381.96,-29756.565,-11484.945,-3919.95
-11974.14,-12025.305,-23358.735,-6806.925,385.46999999999997,-29753.73,-11482.02,-3922.1549999999997
-11967.975,-12016.845,-23346.09,-6774.615,398.29499999999996,-29747.61,-11478.285,-3919.545
-11967.84,-12017.699999999999,-23362.379999999997,-6790.094999999999,405.27,-29742.12,-11487.51,-3925.665
-11971.439999999999,-12020.805,-23359.094999999998,-6805.08,387.71999999999997,-29753.055,-11497.23,-3928.23
-11967.255,-12016.035,-23349.87,-6808.724999999999,378.945,-29750.445,-11500.064999999999,-3925.395
-11969.82,-12021.795,-23360.579999999998,-6814.17,376.155,-29757.149999999998,-11506.814999999999,-3923.595
-11974.23,-12028.095,-23374.934999999998,-6840.36,363.825,-29778.39,-11521.935,-3924.6749999999997
-11979.494999999999,-12034.305,-23391.495,-6870.33,350.055,-29793.465,-11539.035,-3933.0899999999997
-11972.295,-12024.99,-23382.09,-6860.655,360.495,-29781.675,-11531.789999999999,-3926.745
-11960.279999999999,-12010.275,-23355.675,-6813.855,388.575,-29751.48,-11503.125,-3914.46
-11953.845,-11997.675,-23327.774999999998,-6767.82,404.685,-29737.17,-11507.625,-3921.345
-11953.71,-11999.205,-23331.735,-6778.755,403.335,-29745.225,-11500.289999999999,-3916.305
-11953.89,-12003.75,-23348.204999999998,-6808.86,393.57,-29757.735,-11499.93,-3909.7349999999997
-11959.47,-12012.21,-23359.59,-6821.865,381.375,-29770.155,-11514.824999999999,-3910.14
-11974.814999999999,-12033.045,-23379.704999999998,-6840.179999999999,353.88,-29797.289999999997,-11540.115,-3918.33
-11971.529999999999,-12027.33,-23365.754999999997,-6816.825,369.27,-29776.635,-11518.02,-3913.1549999999997
-11976.119999999999,-12030.975,-23367.465,-6813.764999999999,378.63,-29757.87,-11500.109999999999,-3919.095
-11976.525,-12027.689999999999,-23367.735,-6819.389999999999,381.15,-29750.76,-11486.025,-3924.225
-11967.119999999999,-12017.07,-23357.295,-6809.804999999999,390.015,-29747.565,-11486.205,-3920.3999999999996
-11967.164999999999,-12018.06,-23359.184999999998,-6812.775,387.405,-29757.555,-11500.199999999999,-3919.3199999999997
-11959.74,-12006.18,-23344.92,-6797.79,400.905,-29755.44,-11504.115,-3913.515
-11958.119999999999,-12005.64,-23345.01,-6797.295,401.265,-29757.96,-11504.07,-3910.8599999999997
-11967.795,-12019.455,-23359.094999999998,-6811.065,387.99,-29764.71,-11502.314999999999,-3916.08
-11975.4,-12031.74,-23374.215,-6825.6449999999995,376.11,-29770.11,-11506.59,-3921.165
-11980.89,-12038.22,-23383.44,-6843.87,361.935,-29782.62,-11523.24,-3928.3199999999997
-11988.765,-12047.939999999999,-23397.795,-6875.775,357.34499999999997,-29787.704999999998,-11535.119999999999,-3934.7549999999997
-11987.685,-12056.76,-23423.805,-6921.54,343.89,-29792.114999999998,-11533.904999999999,-3928.365
-11988.27,-12060.945,-23445.809999999998,-6960.78,315.405,-29811.6,-11545.92,-3933.27
-11974.77,-12030.66,-23411.024999999998,-6923.655,339.03,-29793.329999999998,-11530.664999999999,-3930.2549999999997
-11963.789999999999,-12004.02,-23355.765,-6835.23,396.04499999999996,-29757.6,-11510.055,-3919.455
-11960.64,-12005.055,-23352.39,-6816.825,402.39,-29755.664999999997,-11512.98,-3917.6549999999997
-11961.765,-12011.715,-23351.489999999998,-6797.655,402.705,-29755.305,-11501.189999999999,-3911.265
-11969.414999999999,-12015.27,-23334.704999999998,-6755.355,403.065,-29751.84,-11486.25,-3915.0
-11966.715,-12010.14,-23328.405,-6760.215,406.53,-29746.8,-11486.385,-3913.1099999999997
-11957.22,-12004.38,-23338.575,-6802.335,403.245,-29748.69,-11503.529999999999,-3908.475
-11953.17,-12006.945,-23356.44,-6824.07,397.62,-29752.559999999998,-11520.945,-3907.2149999999997
-11963.295,-12020.175,-23368.364999999998,-6838.469999999999,384.16499999999996,-29761.605,-11531.07,-3914.685
-11968.83,-12032.369999999999,-23389.739999999998,-6861.0599999999995,375.255,-29760.885,-11521.305,-3915.495
-11969.865,-12029.58,-23386.004999999997,-6850.889999999999,376.425,-29757.015,-11512.26,-3917.0699999999997
-11973.42,-12024.945,-23373.855,-6827.445,386.775,-29751.704999999998,-11504.07,-3919.725
-11978.234999999999,-12035.43,-23361.21,-6784.83,380.25,-29765.295,-11509.74,-3916.62
-11967.75,-12022.47,-23338.844999999998,-6773.94,377.90999999999997,-29778.93,-11518.02,-3909.555
-11961.18,-12014.279999999999,-23358.239999999998,-6788.07,387.36,-29770.379999999997,-11517.525,-3909.24
-11967.164999999999,-12017.385,-23362.515,-6790.815,399.195,-29752.065,-11506.814999999999,-3914.415
-11965.185,-12015.27,-23351.355,-6795.54,395.82,-29748.69,-11508.39,-3912.795
-11965.5,-12019.545,-23371.605,-6811.0199999999995,386.955,-29753.954999999998,-11513.925,-3913.605
-11962.395,-12006.225,-23340.555,-6798.105,395.82,-29746.079999999998,-11512.529999999999,-3912.615
-11962.484999999999,-12009.42,-23343.03,-6803.37,391.995,-29747.34,-11514.015,-3912.165
-11964.779999999999,-12015.314999999999,-23355.18,-6811.605,387.495,-29751.48,-11517.255,-3912.5249999999996
-11969.865,-12017.744999999999,-23357.34,-6811.92,387.945,-29758.454999999998,-11532.015,-3917.52
-11976.255,-12026.25,-23368.68,-6826.59,370.53,-29784.015,-11565.359999999999,-3923.055
-11977.965,-12029.85,-23375.34,-6838.065,355.275,-29804.579999999998,-11587.14,-3923.2799999999997
-11985.48,-12035.25,-23376.915,-6838.0199999999995,356.985,-29800.44,-11584.484999999999,-3931.3799999999997
-11973.195,-12024.314999999999,-23363.91,-6821.28,380.655,-29761.92,-11526.975,-3915.855
-11944.305,-11990.88,-23329.395,-6785.91,419.58,-29719.35,-11486.835,-3894.975
-11929.365,-11968.515,-23305.364999999998,-6761.07,444.645,-29697.164999999997,-11479.77,-3892.545
-11938.095,-11978.64,-23317.155,-6774.3,427.54499999999996,-29713.59,-11502.09,-3899.7
-11959.38,-12006.045,-23346.045,-6803.235,399.06,-29736.27,-11520.18,-3909.105
-11984.58,-12039.525,-23380.695,-6836.985,369.09,-29758.23,-11521.845,-3921.615
-11992.5,-12046.185,-23386.95,-6842.835,363.91499999999996,-29767.545,-11538.765,-3937.095
-11985.57,-12036.555,-23377.77,-6836.985,366.885,-29774.295,-11553.435,-3938.49
-11974.455,-12024.404999999999,-23366.204999999998,-6825.735,378.18,-29759.625,-11520.765,-3926.205
-11964.645,-12012.84,-23352.48,-6807.465,401.03999999999996,-29726.46,-11472.255,-3910.23
-11963.88,-12015.63,-23356.035,-6811.155,397.71,-29728.125,-11473.695,-3901.9049999999997
-11964.105,-12015.0,-23355.405,-6812.594999999999,393.525,-29740.004999999997,-11509.515,-3909.7799999999997
-11969.145,-12019.365,-23361.93,-6819.929999999999,383.66999999999996,-29755.934999999998,-11540.52,-3917.475
-11968.515,-12019.005,-23363.82,-6825.105,375.885,-29768.76,-11555.685,-3918.105
-11968.83,-12017.07,-23360.309999999998,-6821.91,378.135,-29769.03,-11547.18,-3920.535
-11957.895,-12004.244999999999,-23344.379999999997,-6802.2,402.47999999999996,-29740.14,-11512.305,-3905.73
-11946.51,-11989.755,-23329.079999999998,-6785.73,420.97499999999997,-29725.289999999997,-11519.64,-3898.7999999999997
-11935.845,-11976.074999999999,-23315.489999999998,-6775.74,426.51,-29731.14,-11543.49,-3897.045
-11947.095,-11989.619999999999,-23330.024999999998,-6789.33,415.97999999999996,-29740.59,-11536.605,-3903.0299999999997
-11977.199999999999,-12029.895,-23373.09,-6833.205,387.9,-29745.855,-11503.08,-3913.92
-12001.455,-12064.545,-23413.725,-6885.179999999999,348.65999999999997,-29761.515,-11492.145,-3921.2549999999997
-11997.855,-12055.949999999999,-23403.015,-6874.514999999999,358.875,-29752.199999999997,-11497.005,-3922.92
-11986.83,-12040.244999999999,-23386.77,-6849.134999999999,375.65999999999997,-29743.335,-11512.08,-3923.0099999999998
-11970.585,-12022.47,-23362.965,-6811.965,393.705,-29732.67,-11506.545,-3912.795
-11965.455,-12016.17,-23352.57,-6798.105,402.93,-29729.16,-11508.39,-3911.535
-11972.88,-12027.015,-23361.66,-6815.205,399.28499999999997,-29725.245,-11507.625,-3914.5499999999997
-11976.705,-12027.555,-23359.905,-6812.415,404.82,-29722.004999999997,-11501.595,-3915.72
-11975.67,-12021.39,-23355.899999999998,-6820.65,390.06,-29738.655,-11512.529999999999,-3917.6099999999997
-11971.395,-12021.57,-23369.219999999998,-6850.08,390.51,-29740.995,-11518.515,-3913.56
-11970.449999999999,-12026.97,-23385.105,-6897.24,380.205,-29743.875,-11520.494999999999,-3912.48
-11970.675,-12029.939999999999,-23396.085,-6919.65,374.445,-29740.32,-11519.234999999999,-3912.795
-11974.68,-12036.42,-23408.82,-6889.905,381.69,-29730.329999999998,-11517.705,-3915.045
-11975.445,-12033.9,-23374.079999999998,-6805.304999999999,378.63,-29742.03,-11527.83,-3916.845
-11971.755,-12020.355,-23345.504999999997,-6797.07,380.07,-29735.73,-11530.529999999999,-3918.1949999999997
-11975.805,-12027.869999999999,-23365.44,-6824.655,383.03999999999996,-29735.64,-11532.015,-3920.22
-11975.49,-12023.91,-23359.86,-6809.67,404.28,-29725.695,-11525.805,-3919.545
-11972.789999999999,-12020.625,-23351.76,-6800.625,406.71,-29725.515,-11523.15,-3916.935
-11975.715,-12025.89,-23353.065,-6777.99,397.755,-29736.09,-11530.35,-3918.285
-11976.705,-12024.404999999999,-23356.53,-6791.264999999999,387.71999999999997,-29747.114999999998,-11544.255,-3920.1299999999997
-11983.904999999999,-12032.955,-23360.76,-6822.764999999999,375.705,-29755.17,-11562.345,-3929.7599999999998
-11979.765,-12029.67,-23356.754999999997,-6832.44,381.465,-29746.215,-11558.88,-3929.4449999999997
-11971.35,-12020.67,-23367.69,-6830.099999999999,396.9,-29730.105,-11545.109999999999,-3926.3399999999997
-11966.895,-12016.439999999999,-23366.565,-6818.4,406.62,-29714.76,-11519.595,-3916.98
-11970.404999999999,-12029.22,-23369.129999999997,-6835.634999999999,391.185,-29711.789999999997,-11503.529999999999,-3907.665
-11969.505,-12033.09,-23379.165,-6860.205,377.41499999999996,-29725.379999999997,-11512.8,-3908.3399999999997
-11971.215,-12030.39,-23380.155,-6863.3099999999995,382.365,-29732.489999999998,-11524.275,-3911.085
-11970.225,-12019.23,-23359.004999999997,-6827.4,394.74,-29728.53,-11526.93,-3914.145
-11967.029999999999,-12015.09,-23347.44,-6785.639999999999,400.635,-29730.78,-11535.66,-3913.83
-11964.96,-12015.494999999999,-23342.489999999998,-6771.69,398.565,-29747.43,-11567.205,-3912.93
-11970.0,-12020.445,-23347.754999999997,-6800.219999999999,375.79499999999996,-29774.43,-11596.095,-3916.35
-11983.77,-12035.744999999999,-23367.825,-6833.565,365.265,-29773.44,-11592.63,-3925.62
-11993.67,-12049.47,-23386.14,-6852.195,360.675,-29754.855,-11551.41,-3926.97
-11979.855,-12028.859999999999,-23364.765,-6823.53,389.96999999999997,-29719.079999999998,-11518.47,-3919.095
-11971.89,-12015.449999999999,-23343.344999999998,-6795.179999999999,404.865,-29706.795,-11541.42,-3926.52
-11974.365,-12018.105,-23341.95,-6794.594999999999,401.13,-29714.129999999997,-11550.689999999999,-3926.52
-11972.52,-12017.88,-23353.469999999998,-6814.3949999999995,397.8,-29730.42,-11556.314999999999,-3921.5699999999997
-11963.34,-12009.914999999999,-23354.01,-6826.545,405.53999999999996,-29720.789999999997,-11534.445,-3913.02
-11957.4,-12004.74,-23349.239999999998,-6812.73,415.71,-29712.87,-11523.42,-3909.69
-11960.865,-12008.97,-23349.285,-6804.0,409.275,-29721.195,-11527.74,-3907.7549999999997
-11968.515,-12016.439999999999,-23347.215,-6793.0199999999995,389.88,-29735.504999999997,-11544.84,-3908.475
-11977.65,-12026.564999999999,-23359.274999999998,-6807.195,375.615,-29756.879999999997,-11568.689999999999,-3918.915
-11982.015,-12030.705,-23367.059999999998,-6817.634999999999,381.41999999999996,-29753.954999999998,-11566.755,-3926.43
-11975.039999999999,-12022.965,-23359.68,-6812.28,390.33,-29739.329999999998,-11547.765,-3920.49
-11968.425,-12016.755,-23353.155,-6806.25,399.195,-29725.92,-11529.72,-3908.115
-11972.385,-12021.164999999999,-23359.454999999998,-6813.945,392.21999999999997,-29732.579999999998,-11545.02,-3913.515
-11976.93,-12021.795,-23360.94,-6816.915,387.405,-29744.55,-11564.955,-3921.8399999999997
-11976.795,-12021.164999999999,-23360.715,-6816.554999999999,387.405,-29751.84,-11572.515,-3923.055
-11968.38,-12013.515,-23350.364999999998,-6811.65,390.06,-29745.855,-11564.55,-3910.14
-11964.51,-12009.195,-23347.754999999997,-6810.165,392.94,-29750.175,-11568.555,-3908.79
-11967.57,-12012.525,-23349.149999999998,-6809.94,394.065,-29748.015,-11568.33,-3912.165
-11973.105,-12022.515,-23362.469999999998,-6823.844999999999,394.28999999999996,-29732.399999999998,-11532.96,-3911.49
-11972.564999999999,-12025.215,-23372.28,-6838.155,392.76,-29723.715,-11502.855,-3903.975
-11971.08,-12020.939999999999,-23366.07,-6829.5599999999995,400.09499999999997,-29726.145,-11527.605,-3906.585
-11970.359999999999,-12020.445,-23359.545,-6815.655,402.12,-29729.114999999998,-11542.904999999999,-3908.25
-11971.664999999999,-12023.82,-23357.295,-6809.94,385.965,-29743.11,-11549.52,-3908.3849999999998
-11972.16,-12025.98,-23371.965,-6836.985,382.32,-29745.989999999998,-11550.465,-3907.62
-11971.89,-12025.529999999999,-23384.655,-6861.42,374.58,-29755.35,-11556.99,-3908.115
-11970.494999999999,-12018.285,-23371.515,-6845.445,390.51,-29745.719999999998,-11552.85,-3907.89
-11969.595,-12014.145,-23355.629999999997,-6812.1449999999995,401.53499999999997,-29738.204999999998,-11552.085,-3909.825
-11968.695,-12011.265,-23342.489999999998,-6790.41,398.34,-29745.989999999998,-11557.395,-3909.69
-11968.38,-12014.279999999999,-23357.565,-6825.0599999999995,391.86,-29748.195,-11558.744999999999,-3909.105
-11967.164999999999,-12016.71,-23373.045,-6846.344999999999,393.65999999999997,-29739.239999999998,-11553.84,-3905.415
-11976.119999999999,-12029.805,-23388.12,-6845.94,384.435,-29749.14,-11567.16,-3911.49
-11977.064999999999,-12029.31,-23378.445,-6854.49,371.96999999999997,-29754.0,-11577.015,-3913.2
-11977.335,-12034.755,-23393.295,-6898.32,363.735,-29757.96,-11576.43,-3912.21
-11974.14,-12024.359999999999,-23392.035,-6900.525,379.305,-29745.27,-11560.68,-3912.48
-11969.279999999999,-12008.88,-23360.94,-6851.655,399.15,-29731.815,-11548.439999999999,-3910.95
-11971.574999999999,-12014.189999999999,-23342.04,-6783.75,400.635,-29734.379999999997,-11554.38,-3913.3799999999997
-11973.42,-12021.39,-23346.989999999998,-6764.94,404.82,-29738.565,-11562.93,-3914.2799999999997
-11969.73,-12021.84,-23354.415,-6796.17,395.235,-29739.69,-11557.619999999999,-3909.4649999999997
-11963.789999999999,-12011.76,-23343.84,-6795.179999999999,394.91999999999996,-29735.324999999997,-11550.33,-3902.94
-11962.17,-12002.76,-23339.79,-6765.929999999999,410.94,-29730.645,-11560.949999999999,-3907.845
-11956.455,-11991.96,-23327.415,-6765.344999999999,417.15,-29727.629999999997,-11568.285,-3904.83
-11965.68,-12010.814999999999,-23360.94,-6814.98,390.375,-29748.87,-11588.984999999999,-3908.9249999999997
-11977.38,-12026.88,-23378.895,-6839.28,379.125,-29755.17,-11588.265,-3909.87
-11991.914999999999,-12040.289999999999,-23379.57,-6854.445,361.395,-29770.829999999998,-11594.744999999999,-3920.7599999999998
-11989.664999999999,-12039.525,-23381.504999999997,-6850.215,361.395,-29770.695,-11590.47,-3922.02
-11978.865,-12022.515,-23366.52,-6833.34,384.255,-29752.965,-11592.314999999999,-3924.4049999999997
-11978.685,-12019.949999999999,-23354.055,-6794.82,384.525,-29762.55,-11611.574999999999,-3927.87
-11981.295,-12023.865,-23351.355,-6779.16,385.28999999999996,-29767.184999999998,-11611.305,-3927.645
-11974.455,-12016.755,-23348.52,-6785.82,403.10999999999996,-29740.05,-11569.994999999999,-3915.6299999999997
-11957.984999999999,-12003.345,-23339.385,-6783.255,418.635,-29713.094999999998,-11524.23,-3889.5299999999997
-11951.189999999999,-11993.265,-23329.934999999998,-6777.495,422.82,-29718.855,-11559.689999999999,-3891.555
-11956.14,-11995.425,-23333.445,-6786.179999999999,410.13,-29734.785,-11599.38,-3907.62
-11970.945,-12014.955,-23357.52,-6812.054999999999,384.435,-29755.485,-11609.685,-3918.105
-11981.789999999999,-12034.395,-23378.309999999998,-6832.62,368.235,-29760.57,-11586.914999999999,-3915.3599999999997
-11983.23,-12038.22,-23380.785,-6833.565,371.385,-29754.945,-11565.045,-3909.645
-11970.09,-12020.085,-23362.335,-6815.474999999999,388.575,-29744.73,-11564.234999999999,-3904.605
-11973.779999999999,-12022.109999999999,-23363.325,-6816.465,388.935,-29746.215,-11573.955,-3909.555
-11983.814999999999,-12033.18,-23375.43,-6828.884999999999,378.53999999999996,-29757.555,-11595.105,-3919.815
-11981.07,-12028.994999999999,-23373.719999999998,-6831.179999999999,370.305,-29776.545,-11621.564999999999,-3920.94
-11981.52,-12028.095,-23371.605,-6828.795,371.07,-29774.61,-11618.145,-3920.535
-11976.255,-12019.77,-23351.625,-6819.974999999999,375.255,-29745.135,-11598.885,-3917.79
-11966.22,-12006.585,-23332.094999999998,-6801.03,395.505,-29716.335,-11576.52,-3909.24
-11958.39,-12002.039999999999,-23341.004999999997,-6794.82,411.16499999999996,-29724.12,-11576.07,-3900.645
-11958.029999999999,-12002.175,-23344.2,-6798.42,405.53999999999996,-29735.864999999998,-11597.22,-3905.055
-11958.345,-12000.195,-23342.085,-6796.575,406.71,-29741.715,-11603.295,-3906.99
-11961.72,-12005.145,-23345.504999999997,-6799.679999999999,403.65,-29747.789999999997,-11603.654999999999,-3905.5049999999997
-11982.24,-12029.805,-23370.84,-6825.78,379.08,-29767.454999999998,-11609.01,-3911.04
-11997.314999999999,-12045.51,-23386.14,-6848.865,353.205,-29781.09,-11627.1,-3925.62
-11994.345,-12045.869999999999,-23388.3,-6847.695,357.3,-29776.14,-11621.025,-3926.115
-11979.855,-12032.505,-23382.135,-6844.455,375.39,-29754.585,-11581.47,-3906.1349999999998
-11971.529999999999,-12022.83,-23378.265,-6840.315,384.93,-29746.62,-11584.98,-3903.8399999999997
-11974.095,-12018.689999999999,-23363.954999999998,-6822.855,395.01,-29741.67,-11598.84,-3911.895
-11972.88,-12019.814999999999,-23361.03,-6828.525,390.645,-29737.395,-11602.439999999999,-3910.815
-11974.904999999999,-12029.265,-23383.754999999997,-6872.8949999999995,374.13,-29754.945,-11611.8,-3910.455
-11976.57,-12031.875,-23399.954999999998,-6930.54,363.195,-29767.004999999997,-11617.83,-3909.4649999999997
-11974.32,-12017.789999999999,-23381.954999999998,-6920.55,377.055,-29758.86,-11615.22,-3911.67
-11975.895,-12018.914999999999,-23371.605,-6858.0,382.54499999999996,-29758.454999999998,-11617.785,-3913.3799999999997
-11981.295,-12027.015,-23357.655,-6762.014999999999,388.935,-29760.12,-11623.23,-3917.6549999999997
-11977.38,-12023.91,-23347.215,-6759.855,392.94,-29764.079999999998,-11625.93,-3914.8199999999997
-11977.47,-12021.57,-23357.79,-6817.995,386.09999999999997,-29764.17,-11629.845,-3916.98
-11973.6,-12018.824999999999,-23369.309999999998,-6848.28,378.27,-29764.305,-11628.63,-3913.065
-11971.98,-12016.619999999999,-23365.395,-6835.59,387.495,-29755.664999999997,-11626.695,-3911.355
-11975.76,-12015.675,-23353.829999999998,-6790.59,405.945,-29748.285,-11627.64,-3914.2799999999997
-11978.505,-12019.545,-23361.165,-6820.065,385.965,-29759.265,-11631.689999999999,-3916.08
-11978.82,-12025.08,-23363.954999999998,-6811.5599999999995,378.9,-29764.98,-11633.984999999999,-3915.4049999999997
-11977.289999999999,-12028.05,-23364.315,-6803.37,381.10499999999996,-29764.71,-11636.414999999999,-3913.065
-11978.189999999999,-12033.359999999999,-23369.715,-6807.87,383.625,-29762.64,-11636.055,-3911.1749999999997
-11983.904999999999,-12034.395,-23371.829999999998,-6811.695,381.195,-29766.555,-11648.789999999999,-3919.095
-11986.47,-12035.654999999999,-23393.835,-6843.735,366.84,-29783.52,-11668.994999999999,-3921.8849999999998
-11983.859999999999,-12032.369999999999,-23395.995,-6873.4349999999995,358.74,-29793.824999999997,-11677.41,-3917.7
-11976.074999999999,-12021.975,-23368.454999999998,-6845.94,369.45,-29784.239999999998,-11662.515,-3907.89
-11971.98,-12016.439999999999,-23357.07,-6811.965,379.305,-29763.675,-11637.72,-3902.805
-11975.895,-12013.695,-23334.975,-6756.974999999999,403.02,-29737.125,-11612.564999999999,-3908.565
-11982.779999999999,-12018.015,-23341.004999999997,-6773.264999999999,397.755,-29750.265,-11644.965,-3924.0899999999997
-11992.455,-12031.47,-23364.945,-6814.485,370.935,-29786.579999999998,-11696.984999999999,-3934.935
-11990.97,-12033.675,-23371.11,-6827.715,360.495,-29802.87,-11715.84,-3934.575
-11980.035,-12021.57,-23359.32,-6817.1849999999995,372.28499999999997,-29787.704999999998,-11684.88,-3924.045
-11974.275,-12016.395,-23353.02,-6808.005,388.16999999999996,-29757.329999999998,-11625.705,-3907.71
-11971.529999999999,-12017.07,-23354.415,-6808.59,392.76,-29744.28,-11603.43,-3894.795
-11974.005,-12021.48,-23360.445,-6816.0599999999995,385.695,-29753.37,-11632.365,-3901.3199999999997
-11975.895,-12020.13,-23358.735,-6814.889999999999,387.04499999999996,-29755.8,-11655.404999999999,-3912.12
-11977.244999999999,-12018.33,-23355.989999999998,-6811.469999999999,393.65999999999997,-29747.295,-11656.619999999999,-3919.0049999999997
-11968.83,-12008.385,-23346.989999999998,-6803.19,399.645,-29744.37,-11656.845,-3913.92
-11967.255,-12005.414999999999,-23345.684999999998,-6802.875,396.63,-29756.295,-11678.49,-3916.08
-11964.869999999999,-12005.82,-23347.44,-6806.16,391.32,-29770.425,-11684.744999999999,-3907.395
-11974.14,-12021.255,-23363.64,-6822.855,374.715,-29784.69,-11677.904999999999,-3901.9049999999997
-11975.4,-12021.39,-23365.079999999998,-6825.915,371.52,-29790.449999999997,-11684.789999999999,-3907.2149999999997
-11974.904999999999,-12022.154999999999,-23365.844999999998,-6826.679999999999,374.4,-29781.045,-11672.234999999999,-3906.855
-11974.41,-12020.13,-23362.065,-6820.605,382.95,-29766.465,-11665.215,-3910.6349999999998
-11968.064999999999,-12012.39,-23355.27,-6814.8,390.10499999999996,-29757.195,-11660.265,-3906.495
-11985.795,-12033.765,-23376.059999999998,-6834.195,372.375,-29770.379999999997,-11665.574999999999,-3915.495
-12011.175,-12064.005,-23405.265,-6863.715,345.06,-29793.69,-11691.18,-3933.765
-12006.675,-12066.435,-23420.879999999997,-6896.565,329.53499999999997,-29813.085,-11718.225,-3933.27
-11997.404999999999,-12062.609999999999,-23440.364999999998,-6960.915,321.65999999999997,-29812.59,-11702.609999999999,-3926.295
-11990.925,-12043.08,-23418.225,-6951.014999999999,366.12,-29761.695,-11649.779999999999,-3922.1549999999997
-11985.48,-12031.154999999999,-23394.96,-6899.715,391.635,-29727.539999999997,-11614.904999999999,-3917.9249999999997
-11982.33,-12026.88,-23370.57,-6820.155,394.335,-29735.91,-11637.314999999999,-3918.6
-11980.755,-12023.64,-23347.844999999998,-6756.795,406.26,-29738.789999999997,-11646.449999999999,-3915.45
-11966.715,-12012.795,-23351.399999999998,-6801.705,413.685,-29735.73,-11645.73,-3899.745
-11973.779999999999,-12032.189999999999,-23378.625,-6840.8099999999995,391.68,-29746.305,-11648.88,-3900.285
-11984.49,-12048.029999999999,-23390.684999999998,-6836.355,374.895,-29753.1,-11654.145,-3908.3399999999997
-11981.835,-12036.33,-23369.805,-6812.054999999999,375.84,-29752.11,-11656.305,-3908.52
-11976.84,-12015.72,-23342.895,-6781.95,399.24,-29742.39,-11659.32,-3910.14
-11977.289999999999,-12014.82,-23344.515,-6777.99,403.46999999999997,-29740.545,-11661.84,-3911.1299999999997
-11977.875,-12019.68,-23354.145,-6783.03,402.705,-29742.57,-11661.975,-3909.5099999999998
-11978.279999999999,-12027.51,-23371.379999999997,-6818.58,395.685,-29746.485,-11664.314999999999,-3907.08
-11976.66,-12025.529999999999,-23379.344999999998,-6841.665,387.36,-29749.77,-11666.43,-3906.495
-11979.449999999999,-12022.154999999999,-23373.989999999998,-6833.88,391.185,-29745.315,-11670.705,-3913.605
-11986.02,-12026.699999999999,-23372.64,-6837.84,391.365,-29745.989999999998,-11682.314999999999,-3921.21
-11983.095,-12029.625,-23382.675,-6881.49,376.91999999999996,-29749.59,-11697.164999999999,-3919.995
-11976.525,-12023.414999999999,-23385.42,-6904.17,371.52,-29747.475,-11702.744999999999,-3917.43
-11976.345,-12018.869999999999,-23373.765,-6851.384999999999,389.15999999999997,-29735.37,-11685.24,-3916.575
-11978.369999999999,-12025.619999999999,-23370.614999999998,-6805.44,390.24,-29730.96,-11659.5,-3907.71
-11977.65,-12022.47,-23369.715,-6804.179999999999,407.29499999999996,-29716.155,-11641.68,-3905.2799999999997
-11976.119999999999,-12028.545,-23382.629999999997,-6833.34,399.87,-29722.41,-11646.045,-3900.555
-11968.605,-12019.32,-23362.605,-6809.849999999999,396.495,-29729.295,-11651.939999999999,-3895.2
-11970.494999999999,-12009.645,-23337.09,-6758.415,399.195,-29744.28,-11681.279999999999,-3903.8399999999997
-11981.475,-12009.555,-23330.52,-6766.29,399.41999999999996,-29759.129999999997,-11720.07,-3920.67
-11993.805,-12029.895,-23356.71,-6806.655,373.86,-29779.785,-11743.199999999999,-3930.435
-12005.279999999999,-12051.765,-23385.555,-6838.605,357.255,-29778.84,-11722.59,-3933.0899999999997
-11997.81,-12050.955,-23394.239999999998,-6838.2,368.19,-29748.96,-11656.395,-3913.1099999999997
-11974.05,-12019.095,-23360.489999999998,-6806.25,395.82,-29731.32,-11648.16,-3898.62
-11972.07,-12015.539999999999,-23362.245,-6807.554999999999,395.325,-29737.53,-11669.265,-3903.5699999999997
-11973.869999999999,-12014.369999999999,-23355.0,-6801.344999999999,403.78499999999997,-29728.62,-11664.539999999999,-3906.54
-11962.215,-11996.189999999999,-23323.68,-6779.79,423.71999999999997,-29711.43,-11648.16,-3898.845
-11957.355,-11992.545,-23328.315,-6782.715,423.04499999999996,-29717.414999999997,-11661.39,-3899.115
-11951.145,-11985.345,-23323.14,-6775.875,432.04499999999996,-29710.53,-11656.98,-3895.245
-11962.935,-12001.635,-23340.239999999998,-6792.255,415.935,-29723.445,-11663.505,-3901.77
-11985.84,-12033.539999999999,-23376.149999999998,-6829.83,380.205,-29753.19,-11685.96,-3916.395
-11994.435,-12040.154999999999,-23384.34,-6838.065,373.005,-29754.899999999998,-11692.8,-3926.0699999999997
-11998.845,-12041.279999999999,-23382.945,-6835.995,372.24,-29757.69,-11701.619999999999,-3934.935
-11991.42,-12033.945,-23375.43,-6829.92,376.28999999999996,-29756.385,-11695.095,-3928.6349999999998
-11995.785,-12041.46,-23383.395,-6835.905,374.58,-29749.77,-11664.18,-3922.29
-11990.205,-12036.06,-23375.52,-6831.8099999999995,378.765,-29735.73,-11646.0,-3912.795
-11973.285,-12019.994999999999,-23361.48,-6818.13,391.54499999999996,-29730.329999999998,-11640.824999999999,-3894.2549999999997
-11977.605,-12022.244999999999,-23366.655,-6822.63,386.325,-29749.545,-11670.75,-3905.415
-11982.015,-12026.97,-23370.93,-6826.41,384.075,-29750.805,-11667.06,-3908.115
-11984.085,-12027.465,-23365.89,-6822.54,389.205,-29733.254999999997,-11644.74,-3906.54
-11986.47,-12030.21,-23369.445,-6826.7699999999995,384.885,-29740.05,-11659.725,-3910.995
-11984.445,-12028.185,-23369.04,-6822.045,392.805,-29739.375,-11671.515,-3912.93
-11979.0,-12023.145,-23366.565,-6826.5,400.54499999999996,-29728.98,-11660.58,-3906.1349999999998
-11972.115,-12017.52,-23363.415,-6830.054999999999,405.0,-29722.68,-11651.22,-3899.0699999999997
-11959.92,-12006.225,-23359.635,-6833.025,411.21,-29718.719999999998,-11649.869999999999,-3895.065
-11956.68,-12002.13,-23363.415,-6859.215,401.66999999999996,-29731.545,-11667.33,-3896.865
-11971.17,-12015.585,-23389.515,-6930.134999999999,377.145,-29754.449999999997,-11687.355,-3911.265
-11990.205,-12036.779999999999,-23422.545,-6986.5199999999995,363.24,-29755.98,-11676.96,-3921.39
-11995.064999999999,-12049.875,-23445.09,-6975.719999999999,361.8,-29743.92,-11647.484999999999,-3915.4049999999997
-11997.855,-12044.115,-23394.87,-6848.235,385.155,-29737.215,-11644.515,-3917.7
-11992.545,-12022.605,-23341.59,-6757.785,414.495,-29731.725,-11654.82,-3927.4649999999997
-11993.22,-12005.234999999999,-23318.37,-6708.33,435.06,-29717.55,-11661.84,-3951.0899999999997
-12008.744999999999,-12016.529999999999,-23323.05,-6711.795,441.585,-29703.239999999998,-11649.015,-3966.39
-12012.615,-12026.564999999999,-23352.93,-6797.88,427.40999999999997,-29702.34,-11640.51,-3970.035
-12024.99,-12055.005,-23409.18,-6880.1849999999995,387.675,-29730.015,-11651.535,-3961.98
-12032.369999999999,-12079.755,-23440.004999999997,-6898.32,364.365,-29748.195,-11658.24,-3938.04
-12019.994999999999,-12063.734999999999,-23406.66,-6852.87,370.8,-29748.465,-11665.574999999999,-3931.56
-11996.64,-12042.225,-23374.395,-6803.865,386.37,-29750.579999999998,-11674.89,-3910.95
-11949.93,-12013.154999999999,-23349.329999999998,-6788.474999999999,396.405,-29758.32,-11683.755,-3858.5699999999997
-11949.885,-12009.15,-23353.469999999998,-6814.44,385.91999999999996,-29764.754999999997,-11691.135,-3863.6549999999997
-11970.72,-12023.865,-23361.704999999998,-6804.495,379.755,-29763.945,-11691.27,-3887.8199999999997
-11983.23,-12038.939999999999,-23376.51,-6815.34,371.52,-29766.195,-11698.47,-3900.1949999999997
-11978.369999999999,-12025.305,-23361.48,-6805.17,382.455,-29756.52,-11694.645,-3898.2149999999997
-11984.22,-12028.32,-23360.76,-6805.44,388.71,-29752.155,-11691.72,-3905.955
-11979.314999999999,-12028.32,-23361.165,-6809.8949999999995,394.02,-29739.015,-11666.654999999999,-3897.81
-11972.16,-12019.904999999999,-23357.204999999998,-6810.929999999999,397.66499999999996,-29726.145,-11647.125,-3890.475
-11966.039999999999,-12008.789999999999,-23348.43,-6799.995,413.28,-29721.914999999997,-11643.255,-3891.915
-11967.57,-12013.425,-23359.545,-6806.429999999999,415.44,-29726.055,-11653.02,-3891.555
-11968.56,-12013.47,-23363.82,-6813.2699999999995,404.23499999999996,-29740.995,-11669.715,-3892.68
-11977.38,-12016.215,-23352.524999999998,-6801.21,407.60999999999996,-29745.495,-11679.93,-3902.94
-11975.039999999999,-12018.869999999999,-23358.149999999998,-6808.5,404.23499999999996,-29742.57,-11672.64,-3900.33
-11975.58,-12024.855,-23368.68,-6818.804999999999,399.51,-29735.684999999998,-11655.314999999999,-3897.81
-11970.585,-12009.465,-23351.85,-6802.065,415.08,-29720.43,-11642.085,-3895.4249999999997
-11971.08,-12010.545,-23351.445,-6802.11,413.90999999999997,-29728.53,-11659.904999999999,-3896.2799999999997
-11978.055,-12020.625,-23362.559999999998,-6818.085,394.965,-29752.559999999998,-11686.68,-3901.815
-11980.395,-12023.46,-23363.415,-6815.025,399.78,-29746.844999999998,-11679.029999999999,-3902.265
-11983.725,-12025.215,-23364.989999999998,-6814.215,404.90999999999997,-29737.395,-11659.455,-3906.855
-11986.605,-12028.14,-23365.53,-6817.545,402.65999999999997,-29725.335,-11642.175,-3910.185
-11977.38,-12017.835,-23358.555,-6807.105,413.01,-29720.43,-11637.585,-3904.515
-11980.619999999999,-12023.865,-23367.105,-6816.87,399.51,-29741.309999999998,-11658.689999999999,-3904.785
-11984.67,-12030.164999999999,-23373.45,-6823.98,390.33,-29751.344999999998,-11671.199999999999,-3905.64
-11986.244999999999,-12031.109999999999,-23372.864999999998,-6822.855,391.5,-29749.094999999998,-11673.225,-3908.475
-11983.59,-12027.465,-23370.21,-6819.075,396.81,-29739.824999999997,-11668.05,-3909.1949999999997
-11977.199999999999,-12018.33,-23360.67,-6809.445,405.71999999999997,-29734.559999999998,-11676.689999999999,-3910.455
-11974.455,-12015.63,-23356.395,-6805.53,408.96,-29736.449999999997,-11680.154999999999,-3908.295
-11969.82,-12010.635,-23351.04,-6800.625,413.145,-29733.57,-11668.095,-3902.625
-11968.695,-12008.654999999999,-23349.195,-6798.42,419.35499999999996,-29717.954999999998,-11630.52,-3897.855
-11973.465,-12014.46,-23355.405,-6805.755,411.615,-29720.879999999997,-11626.605,-3900.96
-11971.484999999999,-12008.925,-23348.745,-6799.365,412.74,-29732.129999999997,-11656.439999999999,-3902.1299999999997
-11982.914999999999,-12023.279999999999,-23366.52,-6821.054999999999,385.83,-29770.829999999998,-11710.71,-3914.415
-11989.439999999999,-12029.58,-23374.62,-6831.224999999999,377.235,-29782.574999999997,-11733.3,-3925.2149999999997
-11993.175,-12033.765,-23383.26,-6850.71,377.55,-29771.414999999997,-11708.955,-3928.095
-12000.645,-12050.324999999999,-23404.14,-6879.6449999999995,377.055,-29736.765,-11616.345,-3907.4849999999997
-11996.91,-12049.515,-23406.48,-6891.84,380.88,-29731.949999999997,-11615.22,-3903.75
-11983.59,-12041.055,-23411.655,-6925.23,370.84499999999997,-29747.745,-11652.885,-3901.2749999999996
-11968.965,-12029.58,-23410.53,-6928.38,355.14,-29762.37,-11652.345,-3886.515
-11965.275,-12006.9,-23380.605,-6875.82,403.875,-29731.23,-11637.81,-3889.035
-11965.77,-11997.539999999999,-23341.905,-6790.679999999999,428.94,-29719.89,-11644.83,-3895.29
-11981.16,-12021.21,-23354.28,-6765.66,396.63,-29743.425,-11644.02,-3901.455
-11997.449999999999,-12039.615,-23377.905,-6776.775,380.78999999999996,-29749.59,-11641.725,-3924.0899999999997
-11993.085,-12028.814999999999,-23356.305,-6773.13,402.12,-29732.895,-11649.15,-3933.4049999999997
-11975.67,-12011.625,-23347.754999999997,-6801.48,410.445,-29714.67,-11651.805,-3918.42
-11975.22,-12005.775,-23343.03,-6812.46,406.62,-29714.895,-11661.345,-3913.4249999999997
-11982.24,-12017.25,-23355.045,-6811.29,405.135,-29725.289999999997,-11658.06,-3907.71
-11976.48,-12020.58,-23363.415,-6791.625,404.37,-29727.225,-11639.744999999999,-3895.785
-11980.619999999999,-12016.215,-23343.614999999998,-6761.25,406.26,-29729.07,-11633.085,-3901.455
-11988.314999999999,-12020.265,-23348.114999999998,-6778.304999999999,407.43,-29729.114999999998,-11632.455,-3911.805
-11989.664999999999,-12025.755,-23361.165,-6800.67,393.93,-29744.64,-11644.289999999999,-3912.8849999999998
-11991.015,-12028.23,-23364.989999999998,-6807.69,390.28499999999997,-29752.289999999997,-11662.965,-3915.9449999999997
-11993.355,-12032.055,-23367.555,-6813.315,387.315,-29753.1,-11669.76,-3921.975
-11992.275,-12034.529999999999,-23368.995,-6820.245,390.24,-29739.78,-11651.4,-3918.105
-11990.97,-12037.275,-23388.93,-6848.054999999999,386.55,-29727.27,-11628.72,-3906.18
-11988.765,-12037.77,-23404.004999999997,-6866.594999999999,381.015,-29727.989999999998,-11630.43,-3903.48
-11990.43,-12034.26,-23398.245,-6849.224999999999,386.90999999999997,-29730.015,-11649.689999999999,-3910.68
-11990.43,-12031.56,-23376.105,-6812.054999999999,382.455,-29745.0,-11664.539999999999,-3914.8199999999997
-11988.855,-12029.355,-23363.594999999998,-6802.92,375.885,-29756.655,-11664.99,-3915.315
-11988.675,-12031.56,-23382.18,-6823.215,378.405,-29750.805,-11647.215,-3912.075
-11985.164999999999,-12022.605,-23362.065,-6809.264999999999,395.055,-29734.155,-11622.42,-3901.77
-11979.09,-12015.945,-23351.535,-6800.04,402.525,-29735.594999999998,-11632.994999999999,-3896.64
-11977.605,-12019.77,-23365.53,-6816.465,390.41999999999996,-29747.969999999998,-11652.57,-3896.7749999999996
-11983.68,-12031.515,-23377.77,-6848.28,368.955,-29763.855,-11666.88,-3900.7799999999997
-11987.505,-12023.505,-23362.695,-6854.804999999999,372.59999999999997,-29760.164999999997,-11670.39,-3910.545
-11982.914999999999,-12013.154999999999,-23357.565,-6846.12,381.33,-29747.52,-11655.449999999999,-3907.7549999999997
-11984.58,-12021.48,-23372.73,-6828.57,389.29499999999996,-29725.605,-11626.244999999999,-3901.725
-11983.455,-12020.67,-23360.355,-6798.825,397.755,-29723.535,-11629.71,-3902.9849999999997
-11986.289999999999,-12024.135,-23372.19,-6823.3949999999995,383.21999999999997,-29751.164999999997,-11665.529999999999,-3909.015
-11979.314999999999,-12014.82,-23360.399999999998,-6815.474999999999,378.315,-29764.844999999998,-11678.805,-3904.605
-11969.595,-12001.14,-23336.145,-6779.25,399.15,-29752.289999999997,-11669.039999999999,-3899.565
-11966.67,-11995.785,-23329.98,-6771.6449999999995,416.60999999999996,-29727.36,-11636.414999999999,-3895.6949999999997
-11964.015,-11994.029999999999,-23332.59,-6780.195,418.77,-29721.87,-11637.18,-3897.315
-11985.93,-12024.945,-23373.54,-6833.295,383.76,-29748.78,-11656.755,-3910.95
-11997.09,-12041.64,-23395.364999999998,-6863.67,364.905,-29753.82,-11641.77,-3910.0049999999997
-11987.82,-12028.814999999999,-23386.004999999997,-6862.815,376.65,-29741.445,-11639.88,-3903.93
-11989.89,-12030.435,-23394.555,-6890.67,370.125,-29749.5,-11667.06,-3915.9449999999997
-11985.57,-12022.02,-23381.504999999997,-6875.955,370.935,-29752.379999999997,-11675.97,-3917.115
-11983.859999999999,-12017.25,-23371.02,-6855.75,377.28,-29745.765,-11652.84,-3916.395
-11986.199999999999,-12022.83,-23374.62,-6822.855,383.085,-29743.199999999997,-11636.505,-3912.8399999999997
-11986.74,-12022.38,-23356.665,-6788.835,386.59499999999997,-29754.045,-11638.8,-3903.615
-11990.295,-12023.055,-23354.19,-6794.73,387.85499999999996,-29762.594999999998,-11658.734999999999,-3910.545
-11994.3,-12028.41,-23361.21,-6791.219999999999,380.115,-29764.574999999997,-11658.15,-3912.2999999999997
-11990.295,-12024.9,-23352.434999999998,-6770.7,385.78499999999997,-29751.48,-11636.595,-3907.665
-11972.654999999999,-12002.58,-23333.04,-6765.12,410.58,-29726.055,-11616.84,-3898.17
-11977.244999999999,-12009.824999999999,-23344.785,-6784.155,401.58,-29736.899999999998,-11632.904999999999,-3899.7
-11990.52,-12027.42,-23365.305,-6810.4349999999995,374.265,-29773.035,-11689.289999999999,-3911.895
-11998.305,-12036.105,-23375.835,-6824.205,362.29499999999996,-29784.465,-11697.435,-3918.87
-12006.09,-12044.609999999999,-23383.62,-6829.38,365.84999999999997,-29768.039999999997,-11658.645,-3921.705
-11998.439999999999,-12037.904999999999,-23377.32,-6820.469999999999,382.995,-29739.42,-11600.505,-3907.44
-11992.32,-12031.695,-23373.18,-6818.49,386.955,-29735.73,-11593.845,-3902.7149999999997
-11983.77,-12024.765,-23369.309999999998,-6818.8949999999995,386.145,-29739.824999999997,-11606.31,-3899.6549999999997
-11979.765,-12017.34,-23365.44,-6822.36,386.09999999999997,-29743.605,-11619.135,-3901.995
-11980.395,-12015.225,-23369.175,-6833.969999999999,384.3,-29744.414999999997,-11629.529999999999,-3905.145
-11982.96,-12017.16,-23369.445,-6830.37,388.485,-29740.5,-11633.49,-3906.72
-11984.76,-12021.029999999999,-23366.52,-6821.639999999999,385.60499999999996,-29742.164999999997,-11635.875,-3905.2799999999997
-11984.895,-12021.795,-23356.665,-6805.215,389.205,-29740.635,-11636.234999999999,-3903.12
-11985.029999999999,-12024.18,-23364.045,-6825.96,388.62,-29740.68,-11637.18,-3902.67
-11989.664999999999,-12039.029999999999,-23390.91,-6871.094999999999,369.27,-29753.594999999998,-11647.08,-3904.47
-11983.365,-12032.369999999999,-23389.379999999997,-6863.625,376.155,-29753.954999999998,-11649.824999999999,-3903.165
-11960.324999999999,-11984.625,-23325.075,-6779.7,434.78999999999996,-29717.28,-11628.494999999999,-3892.77
-11953.395,-11973.24,-23301.945,-6742.9349999999995,450.09,-29702.655,-11612.88,-3881.3849999999998
-11967.029999999999,-11997.27,-23334.93,-6817.59,405.585,-29714.129999999997,-11621.564999999999,-3889.2149999999997
-11990.385,-12030.525,-23376.375,-6865.965,369.36,-29737.62,-11638.395,-3908.52
-12008.07,-12047.445,-23393.43,-6847.155,369.27,-29752.335,-11649.51,-3921.0299999999997
-12007.529999999999,-12051.765,-23394.105,-6838.245,369.71999999999997,-29751.254999999997,-11646.855,-3917.565
-11997.494999999999,-12042.675,-23382.495,-6829.695,368.90999999999997,-29748.78,-11646.359999999999,-3911.1299999999997
-11995.695,-12039.21,-23397.165,-6879.78,367.11,-29742.795,-11647.664999999999,-3913.6949999999997
-11995.154999999999,-12043.305,-23431.23,-6926.445,361.97999999999996,-29743.559999999998,-11654.234999999999,-3913.4249999999997
-11996.324999999999,-12035.34,-23418.405,-6925.545,360.585,-29760.254999999997,-11678.939999999999,-3919.23
-11995.38,-12029.355,-23376.825,-6903.495,354.645,-29775.329999999998,-11691.675,-3918.87
-11991.689999999999,-12023.865,-23347.26,-6822.54,367.56,-29766.914999999997,-11677.32,-3914.64
-11986.425,-12016.08,-23335.29,-6735.15,400.005,-29744.414999999997,-11643.66,-3903.21
-11988.9,-12014.369999999999,-23327.774999999998,-6726.33,406.53,-29734.965,-11629.619999999999,-3900.24
-11995.289999999999,-12019.635,-23335.559999999998,-6756.48,392.31,-29746.754999999997,-11661.164999999999,-3912.48
-12003.345,-12034.619999999999,-23366.114999999998,-6805.62,366.435,-29774.655,-11709.0,-3921.2999999999997
-12003.795,-12039.21,-23377.68,-6824.565,360.945,-29776.05,-11709.81,-3923.415
-11994.029999999999,-12029.22,-23371.605,-6825.6449999999995,382.05,-29736.315,-11640.195,-3907.845
-11987.1,-12021.029999999999,-23363.37,-6815.835,402.79499999999996,-29700.27,-11583.99,-3897.765
-11968.83,-11993.265,-23334.93,-6789.33,420.885,-29697.614999999998,-11598.029999999999,-3894.075
-11965.23,-11988.855,-23326.875,-6780.105,418.68,-29712.42,-11620.17,-3891.915
-11972.295,-11999.564999999999,-23332.68,-6781.995,411.21,-29721.285,-11627.955,-3893.1299999999997
-11979.539999999999,-12009.33,-23347.079999999998,-6799.365,394.155,-29735.684999999998,-11647.08,-3899.835
-11979.404999999999,-12008.16,-23344.245,-6792.84,390.78,-29737.079999999998,-11656.89,-3904.9649999999997
-11991.195,-12019.68,-23353.875,-6802.965,381.41999999999996,-29745.989999999998,-11672.279999999999,-3917.0699999999997
-11988.99,-12018.195,-23355.0,-6806.7,384.57,-29741.579999999998,-11667.914999999999,-3910.68
-11987.055,-12020.939999999999,-23360.04,-6813.224999999999,382.86,-29737.079999999998,-11658.06,-3903.48
-11989.98,-12023.82,-23363.594999999998,-6816.87,382.905,-29735.324999999997,-11653.064999999999,-3907.7999999999997
-11975.58,-12000.015,-23336.594999999998,-6787.665,417.015,-29704.41,-11625.164999999999,-3900.87
-11969.414999999999,-11989.755,-23327.325,-6780.465,424.53,-29706.704999999998,-11629.574999999999,-3902.1299999999997
-11972.385,-11998.305,-23338.71,-6792.795,414.495,-29714.219999999998,-11618.414999999999,-3892.0499999999997
-11978.279999999999,-12011.715,-23356.215,-6809.985,396.63,-29729.61,-11630.205,-3887.865
-11970.855,-12000.869999999999,-23343.57,-6797.429999999999,398.61,-29741.805,-11669.265,-3889.125
-11977.965,-12002.895,-23340.645,-6799.139999999999,389.25,-29750.309999999998,-11684.564999999999,-3897.855
-11984.715,-12010.14,-23344.155,-6807.554999999999,381.87,-29740.545,-11674.755,-3903.435
-12011.895,-12044.835,-23384.565,-6846.884999999999,351.675,-29752.92,-11656.574999999999,-3919.68
-12031.425,-12067.289999999999,-23410.665,-6866.28,342.315,-29748.555,-11621.564999999999,-3930.345
-12023.189999999999,-12059.865,-23401.17,-6854.759999999999,355.95,-29739.96,-11616.795,-3917.835
-12010.904999999999,-12045.824999999999,-23392.665,-6845.94,366.12,-29738.655,-11624.355,-3911.85
-12002.85,-12031.47,-23373.945,-6827.58,382.32,-29732.309999999998,-11628.855,-3910.995
-11997.314999999999,-12021.255,-23354.19,-6820.695,385.02,-29720.43,-11631.06,-3909.285
-11992.994999999999,-12019.05,-23356.665,-6851.565,371.52,-29711.43,-11636.279999999999,-3907.35
-11997.225,-12030.84,-23389.379999999997,-6880.455,362.29499999999996,-29745.09,-11651.175,-3909.87
-11993.76,-12027.375,-23384.655,-6865.155,373.14,-29735.37,-11636.595,-3904.6499999999996
-11991.24,-12019.68,-23367.195,-6823.259999999999,383.31,-29723.489999999998,-11625.615,-3902.1299999999997
-11990.564999999999,-12020.265,-23364.27,-6822.179999999999,388.16999999999996,-29721.195,-11628.855,-3901.095
-11990.789999999999,-12016.529999999999,-23370.885,-6869.115,384.39,-29723.355,-11635.83,-3903.75
-11993.805,-12019.23,-23384.79,-6889.05,382.815,-29727.495,-11642.58,-3907.665
-11993.535,-12026.925,-23395.95,-6882.12,373.5,-29736.18,-11645.505,-3904.4249999999997
-11997.494999999999,-12026.52,-23369.85,-6811.425,376.695,-29742.614999999998,-11650.32,-3908.8799999999997
-11995.425,-12014.234999999999,-23324.489999999998,-6721.83,400.77,-29734.829999999998,-11648.115,-3910.68
-11994.255,-12016.215,-23336.145,-6761.745,406.66499999999996,-29724.39,-11639.025,-3907.71
-11996.369999999999,-12025.89,-23358.195,-6792.075,394.60499999999996,-29728.754999999997,-11643.3,-3908.43
-11996.189999999999,-12025.98,-23363.774999999998,-6807.285,386.955,-29732.175,-11647.035,-3908.25
-11995.92,-12026.115,-23363.73,-6822.045,379.935,-29733.344999999998,-11647.8,-3906.6749999999997
-11996.595,-12027.869999999999,-23367.645,-6844.59,380.205,-29730.51,-11647.98,-3907.395
-12000.06,-12028.005,-23385.329999999998,-6862.32,387.99,-29726.64,-11649.15,-3912.8399999999997
-12000.96,-12034.395,-23395.5,-6861.87,391.95,-29718.765,-11643.615,-3910.545
-11996.865,-12032.279999999999,-23386.454999999998,-6848.505,381.06,-29728.395,-11647.574999999999,-3906.9449999999997
-11992.23,-12016.619999999999,-23359.184999999998,-6800.804999999999,382.185,-29741.895,-11654.1,-3909.015
-11992.725,-12019.904999999999,-23362.649999999998,-6798.33,384.79499999999996,-29745.989999999998,-11653.109999999999,-3905.73
-11994.345,-12020.265,-23373.495,-6850.53,373.635,-29757.42,-11673.09,-3908.295
-12004.965,-12030.615,-23388.48,-6894.9,357.75,-29773.62,-11708.279999999999,-3920.625
-12012.93,-12039.164999999999,-23391.855,-6874.29,350.82,-29785.32,-11734.47,-3931.785
-11991.869999999999,-12010.59,-23354.504999999997,-6815.025,380.835,-29755.754999999997,-11709.585,-3920.895
-11979.449999999999,-11996.279999999999,-23318.1,-6736.545,406.03499999999997,-29733.12,-11678.085,-3900.69
-11977.425,-12001.41,-23341.815,-6779.79,406.305,-29724.03,-11659.32,-3893.4449999999997
-11968.064999999999,-11996.55,-23365.215,-6834.465,400.09499999999997,-29727.27,-11664.314999999999,-3888.9449999999997
-11979.945,-12010.859999999999,-23383.305,-6868.575,388.03499999999997,-29726.145,-11640.105,-3895.6949999999997
-11990.789999999999,-12019.455,-23373.18,-6838.92,391.77,-29714.129999999997,-11604.824999999999,-3897.54
-11987.775,-12005.145,-23337.765,-6772.995,415.16999999999996,-29709.585,-11613.779999999999,-3906.315
-11991.555,-12006.765,-23319.18,-6721.514999999999,421.425,-29707.469999999998,-11606.939999999999,-3910.365
-11990.744999999999,-12004.515,-23318.055,-6736.1849999999995,421.46999999999997,-29703.87,-11625.93,-3917.0249999999996
-11982.689999999999,-11997.765,-23325.84,-6765.165,414.495,-29717.64,-11667.42,-3914.055
-11973.869999999999,-11991.195,-23326.739999999998,-6769.665,417.96,-29716.469999999998,-11664.63,-3900.555
-11934.27,-11947.23,-23285.16,-6732.585,455.03999999999996,-29684.969999999998,-11641.23,-3869.1
-11936.789999999999,-11950.875,-23290.515,-6738.344999999999,453.015,-29682.449999999997,-11621.835,-3866.04
-11968.695,-11990.564999999999,-23332.68,-6780.78,417.78,-29703.239999999998,-11610.855,-3880.2149999999997
-12013.02,-12042.585,-23386.14,-6835.815,366.47999999999996,-29745.899999999998,-11630.52,-3912.075
-12051.494999999999,-12090.465,-23437.71,-6888.105,316.97999999999996,-29789.37,-11651.939999999999,-3938.58
-12057.84,-12097.395,-23445.54,-6895.259999999999,310.185,-29802.059999999998,-11675.97,-3946.455
-12040.83,-12074.49,-23420.745,-6869.565,334.485,-29787.704999999998,-11688.525,-3939.795
-12031.154999999999,-12061.529999999999,-23408.235,-6858.2699999999995,344.835,-29780.864999999998,-11689.965,-3935.97
-12027.645,-12055.994999999999,-23401.395,-6852.105,351.04499999999996,-29775.51,-11686.994999999999,-3935.0699999999997
-12012.21,-12043.035,-23387.489999999998,-6838.74,365.35499999999996,-29757.735,-11659.949999999999,-3914.5049999999997
-12005.955,-12041.91,-23390.684999999998,-6842.88,359.46,-29757.96,-11652.705,-3903.48
-12007.08,-12039.119999999999,-23388.704999999998,-6841.755,360.27,-29760.704999999998,-11668.5,-3911.625
-12008.52,-12036.465,-23384.07,-6832.62,373.72499999999997,-29746.62,-11662.965,-3917.205
-12003.615,-12032.595,-23378.715,-6827.04,379.575,-29737.125,-11641.23,-3913.1549999999997
-11991.33,-12015.09,-23364.54,-6822.764999999999,388.305,-29730.059999999998,-11624.355,-3905.19
-11988.99,-12014.64,-23365.98,-6830.37,399.10499999999996,-29720.114999999998,-11610.539999999999,-3898.125
-11993.58,-12031.56,-23384.7,-6853.094999999999,382.455,-29728.754999999997,-11609.414999999999,-3891.42
-11997.9,-12025.08,-23380.649999999998,-6862.275,384.885,-29728.754999999997,-11626.56,-3902.895
-11996.82,-12023.91,-23382.855,-6864.795,387.04499999999996,-29724.074999999997,-11632.68,-3904.92
-11996.145,-12022.289999999999,-23383.8,-6860.025,387.18,-29724.074999999997,-11637.99,-3905.5049999999997
-11993.265,-12017.52,-23374.215,-6853.23,384.75,-29727.18,-11643.3,-3902.67
-11997.18,-12026.835,-23383.17,-6845.715,382.995,-29731.454999999998,-11647.08,-3903.8399999999997
-11999.925,-12033.99,-23391.629999999997,-6850.98,387.405,-29731.274999999998,-11648.115,-3902.9849999999997
-12001.14,-12036.824999999999,-23416.245,-6926.8949999999995,368.46,-29741.265,-11656.755,-3905.7749999999996
-12004.47,-12034.395,-23399.64,-6941.25,347.53499999999997,-29754.855,-11663.46,-3910.455
-12003.164999999999,-12033.225,-23403.465,-6866.73,373.09499999999997,-29745.855,-11656.89,-3909.24
-11994.255,-12026.88,-23372.91,-6746.625,403.425,-29727.09,-11634.84,-3897.6299999999997
-11982.15,-12016.484999999999,-23346.719999999998,-6737.759999999999,398.25,-29731.32,-11637.09,-3891.33
-11986.83,-12005.414999999999,-23334.03,-6748.245,413.865,-29724.48,-11648.34,-3902.4449999999997
-12001.455,-12025.08,-23367.87,-6817.32,407.205,-29722.86,-11652.66,-3909.1949999999997
-12010.994999999999,-12046.949999999999,-23405.085,-6871.139999999999,358.56,-29756.204999999998,-11671.515,-3912.615
-12021.705,-12045.645,-23387.805,-6837.03,348.47999999999996,-29776.23,-11704.77,-3928.815
-12027.105,-12040.244999999999,-23360.129999999997,-6780.0599999999995,353.7,-29790.539999999997,-11733.93,-3941.055
-12005.865,-12014.865,-23334.84,-6761.88,374.445,-29788.469999999998,-11748.869999999999,-3936.69
-11972.654999999999,-11979.765,-23315.265,-6754.005,409.72499999999997,-29754.719999999998,-11716.605,-3915.0899999999997
-11952.539999999999,-11966.984999999999,-23328.495,-6755.8949999999995,442.755,-29706.39,-11643.885,-3885.2549999999997
-11935.8,-11951.01,-23319.899999999998,-6756.615,474.21,-29661.344999999998,-11605.14,-3871.845
-11957.355,-11978.01,-23335.515,-6789.195,435.33,-29700.135,-11620.08,-3880.7999999999997
-11990.385,-12009.824999999999,-23352.03,-6801.389999999999,401.085,-29728.35,-11632.635,-3903.5249999999996
-11989.439999999999,-12004.695,-23324.219999999998,-6756.3,406.03499999999997,-29726.954999999998,-11616.525,-3896.415
-12009.33,-12031.965,-23358.69,-6799.455,376.515,-29758.545,-11641.814999999999,-3906.0
-12027.734999999999,-12061.17,-23399.594999999998,-6840.495,354.24,-29773.485,-11662.244999999999,-3918.015
-11991.6,-12020.13,-23363.594999999998,-6813.719999999999,372.10499999999996,-29763.495,-11663.685,-3899.6549999999997
-11980.664999999999,-12005.46,-23348.565,-6801.84,384.255,-29760.48,-11658.869999999999,-3893.535
-11983.994999999999,-12001.59,-23340.96,-6790.094999999999,401.66999999999996,-29744.594999999998,-11647.08,-3898.5299999999997
-11978.91,-11984.58,-23317.829999999998,-6762.15,434.60999999999996,-29718.719999999998,-11654.955,-3911.7149999999997
-11992.725,-12001.275,-23336.73,-6781.815,415.03499999999997,-29734.469999999998,-11663.055,-3924.18
-12014.955,-12030.705,-23369.895,-6816.0599999999995,382.185,-29760.704999999998,-11672.73,-3937.5
-12002.67,-12026.744999999999,-23368.995,-6815.925,384.435,-29753.145,-11644.425,-3913.47
-12017.205,-12053.97,-23400.18,-6849.09,353.15999999999997,-29772.315,-11633.49,-3905.73
-12014.324999999999,-12049.47,-23394.285,-6842.295,360.585,-29765.295,-11626.244999999999,-3906.6299999999997
-12004.785,-12032.505,-23375.34,-6820.83,385.46999999999997,-29740.545,-11607.029999999999,-3903.2549999999997
-12008.925,-12033.404999999999,-23377.77,-6824.205,380.655,-29749.905,-11631.96,-3913.1549999999997
-12003.795,-12026.789999999999,-23372.82,-6821.505,380.15999999999997,-29761.245,-11655.675,-3912.615
-11997.539999999999,-12019.095,-23364.54,-6814.755,382.815,-29769.93,-11669.625,-3907.125
-11992.365,-12015.18,-23360.579999999998,-6811.514999999999,385.28999999999996,-29768.895,-11659.994999999999,-3900.645
-11996.505,-12019.455,-23363.594999999998,-6812.054999999999,388.71,-29759.445,-11642.13,-3899.475
-12012.975,-12039.21,-23382.989999999998,-6830.415,372.91499999999996,-29769.21,-11648.43,-3912.8399999999997
-12018.33,-12044.744999999999,-23390.864999999998,-6841.215,365.21999999999997,-29774.835,-11652.975,-3920.4449999999997
-12007.439999999999,-12030.795,-23386.545,-6850.08,378.09,-29761.469999999998,-11642.4,-3913.065
-11994.164999999999,-12018.645,-23382.54,-6873.84,388.755,-29746.574999999997,-11629.529999999999,-3900.33
-11993.355,-12026.699999999999,-23401.44,-6932.205,373.455,-29752.829999999998,-11642.13,-3898.665
-11996.91,-12035.205,-23414.445,-6942.96,360.85499999999996,-29758.05,-11645.82,-3899.745
-12007.89,-12040.965,-23403.69,-6893.19,355.22999999999996,-29774.114999999998,-11657.88,-3911.9849999999997
-12007.395,-12035.16,-23376.42,-6804.224999999999,368.55,-29775.465,-11660.22,-3913.3799999999997
-12003.795,-12025.529999999999,-23338.665,-6726.915,387.85499999999996,-29766.239999999998,-11659.859999999999,-3911.085
-11999.52,-12026.925,-23359.905,-6772.094999999999,387.85499999999996,-29769.39,-11658.24,-3902.31
-12002.76,-12039.255,-23393.43,-6844.86,367.78499999999997,-29781.225,-11667.015,-3901.6349999999998
-12007.574999999999,-12034.395,-23388.84,-6852.735,382.005,-29773.305,-11683.035,-3910.365
-12008.88,-12031.965,-23386.454999999998,-6861.24,371.745,-29783.295,-11699.055,-3914.19
-12005.685,-12027.779999999999,-23381.145,-6833.969999999999,379.03499999999997,-29772.945,-11689.154999999999,-3911.94
-12009.734999999999,-12030.029999999999,-23365.89,-6797.565,385.91999999999996,-29755.079999999998,-11667.105,-3912.48
-12013.785,-12041.64,-23389.965,-6845.219999999999,377.82,-29750.715,-11660.76,-3916.125
-12011.895,-12038.175,-23402.655,-6893.82,380.925,-29758.635,-11686.77,-3922.9649999999997
-12012.75,-12042.314999999999,-23425.02,-6945.705,377.82,-29758.995,-11678.715,-3920.7599999999998
-12009.15,-12046.05,-23430.059999999998,-6945.84,361.53,-29761.605,-11652.029999999999,-3903.8849999999998
-12008.97,-12032.685,-23386.995,-6866.19,362.96999999999997,-29771.1,-11679.029999999999,-3913.92
-12008.475,-12017.835,-23343.524999999998,-6781.7699999999995,388.03499999999997,-29768.94,-11711.295,-3930.165
-12001.275,-12016.619999999999,-23349.239999999998,-6748.65,402.12,-29745.315,-11669.4,-3917.295
-11985.57,-12007.71,-23357.43,-6770.88,411.885,-29712.195,-11602.845,-3890.97
-11965.59,-11983.5,-23330.565,-6781.59,428.35499999999996,-29704.32,-11606.85,-3873.105
-11960.73,-11970.359999999999,-23306.94,-6758.054999999999,436.32,-29717.864999999998,-11640.375,-3874.545
-11965.41,-11974.32,-23314.364999999998,-6744.825,425.25,-29737.305,-11670.255,-3885.66
-11970.72,-11988.18,-23346.899999999998,-6720.84,439.38,-29720.699999999997,-11659.904999999999,-3886.785
-11973.645,-11991.24,-23346.135,-6740.325,447.21,-29707.379999999997,-11635.785,-3884.7149999999997
-11988.945,-12002.805,-23322.87,-6764.985,420.47999999999996,-29739.465,-11643.39,-3888.54
-12020.67,-12044.699999999999,-23368.815,-6823.98,361.03499999999997,-29797.245,-11700.09,-3905.415
-12049.289999999999,-12079.845,-23420.745,-6870.33,317.925,-29844.18,-11758.77,-3937.185
-12047.039999999999,-12069.314999999999,-23411.52,-6858.134999999999,335.15999999999997,-29829.555,-11780.145,-3958.605
-12022.289999999999,-12035.295,-23372.64,-6816.375,382.995,-29781.719999999998,-11747.43,-3945.285
-11989.755,-11997.404999999999,-23337.18,-6784.74,412.74,-29761.92,-11742.435,-3920.895
-11977.38,-11988.404999999999,-23331.105,-6781.005,419.66999999999996,-29749.004999999997,-11712.33,-3901.095
-11978.955,-11990.385,-23330.204999999998,-6775.74,431.59499999999997,-29725.335,-11645.414999999999,-3892.2749999999996
-11986.785,-12003.615,-23343.57,-6785.28,427.635,-29715.524999999998,-11607.029999999999,-3889.2149999999997
-11995.109999999999,-12013.92,-23354.28,-6794.415,422.145,-29717.46,-11609.73,-3894.615
-11994.75,-12009.96,-23351.895,-6794.73,416.29499999999996,-29735.19,-11641.455,-3896.37
-11990.25,-12010.365,-23356.17,-6801.03,404.325,-29752.379999999997,-11645.82,-3885.615
-11997.494999999999,-12020.355,-23366.52,-6811.74,393.79499999999996,-29763.989999999998,-11660.22,-3892.545
-12002.49,-12023.01,-23368.545,-6814.125,392.445,-29761.289999999997,-11668.545,-3900.87
-12013.83,-12036.734999999999,-23380.739999999998,-6824.025,386.59499999999997,-29755.485,-11663.189999999999,-3908.52
-12022.425,-12050.369999999999,-23396.04,-6841.035,369.63,-29771.864999999998,-11681.55,-3912.2549999999997
-12013.38,-12039.074999999999,-23384.204999999998,-6830.19,377.055,-29772.495,-11688.93,-3906.495
-12004.47,-12025.574999999999,-23368.95,-6814.665,391.05,-29769.12,-11691.675,-3905.19
-12002.355,-12019.095,-23361.344999999998,-6807.0599999999995,398.25,-29768.805,-11696.895,-3909.06
-12002.22,-12020.13,-23362.065,-6807.33,400.32,-29768.399999999998,-11694.96,-3907.395
-12009.914999999999,-12034.17,-23377.41,-6821.505,388.305,-29773.89,-11696.805,-3908.79
-12009.42,-12040.92,-23386.86,-6829.92,381.78,-29773.35,-11695.455,-3907.62
-12007.17,-12038.535,-23387.805,-6836.445,374.985,-29781.675,-11705.49,-3906.045
-12008.744999999999,-12035.34,-23386.545,-6847.335,371.43,-29788.245,-11720.295,-3909.69
-12013.83,-12040.38,-23389.469999999998,-6863.264999999999,374.53499999999997,-29783.745,-11722.545,-3912.435
-12010.59,-12040.289999999999,-23391.09,-6879.825,374.21999999999997,-29775.78,-11713.185,-3909.1499999999996
-12006.225,-12036.285,-23395.14,-6877.844999999999,379.84499999999997,-29760.344999999998,-11686.14,-3903.165
-11993.13,-12007.98,-23356.215,-6797.5199999999995,414.63,-29738.43,-11680.92,-3901.365
-11992.455,-12003.164999999999,-23331.51,-6759.405,420.525,-29742.12,-11692.845,-3902.3999999999996
-12000.195,-12017.115,-23344.065,-6784.65,405.675,-29757.69,-11700.404999999999,-3902.7599999999998
-12004.965,-12029.67,-23368.23,-6828.3,382.905,-29776.949999999997,-11710.619999999999,-3901.545
-12004.74,-12026.07,-23367.329999999998,-6834.285,384.57,-29779.469999999998,-11725.65,-3905.46
-12001.545,-12019.14,-23378.805,-6838.0199999999995,397.08,-29769.885,-11734.83,-3911.94
-11997.539999999999,-12016.439999999999,-23390.64,-6882.075,397.84499999999997,-29763.045,-11736.27,-3912.39
-11997.09,-12020.895,-23389.515,-6880.905,394.335,-29761.515,-11722.005,-3899.6549999999997
-12009.824999999999,-12047.175,-23410.44,-6876.99,371.655,-29779.379999999997,-11731.365,-3899.7
-12006.765,-12034.845,-23389.695,-6847.83,370.575,-29787.164999999997,-11758.14,-3909.555
-12003.39,-12018.734999999999,-23366.969999999998,-6831.54,382.995,-29776.41,-11748.914999999999,-3909.87
-12015.855,-12036.015,-23386.094999999998,-6854.13,376.74,-29771.28,-11726.865,-3913.1099999999997
-12016.89,-12040.56,-23393.475,-6794.775,400.5,-29745.405,-11711.07,-3915.045
-11996.73,-12018.914999999999,-23380.155,-6747.929999999999,414.85499999999996,-29744.954999999998,-11716.38,-3911.805
-11984.939999999999,-12015.539999999999,-23388.03,-6800.4,424.03499999999997,-29730.78,-11695.994999999999,-3894.8399999999997
-11985.84,-12012.66,-23346.629999999997,-6807.105,423.135,-29726.82,-11680.244999999999,-3883.3199999999997
-11994.119999999999,-12007.98,-23335.829999999998,-6798.195,404.19,-29744.594999999998,-11699.055,-3892.185
-12002.895,-12014.145,-23337.225,-6775.65,390.78,-29764.305,-11721.24,-3896.19
-12009.645,-12028.32,-23353.245,-6793.514999999999,369.71999999999997,-29792.789999999997,-11766.914999999999,-3902.895
-12007.439999999999,-12027.105,-23353.695,-6798.105,367.695,-29808.495,-11804.67,-3903.93
-12002.895,-12022.65,-23358.51,-6816.465,365.4,-29831.94,-11857.095,-3912.5699999999997
-11989.439999999999,-12003.885,-23342.219999999998,-6792.03,383.31,-29829.465,-11866.14,-3914.5049999999997
-12001.904999999999,-12014.279999999999,-23349.555,-6794.235,387.765,-29800.53,-11819.115,-3926.9249999999997
-12005.279999999999,-12017.789999999999,-23349.149999999998,-6787.215,422.505,-29724.614999999998,-11701.17,-3915.9449999999997
-11975.58,-11990.88,-23323.725,-6758.505,456.615,-29680.155,-11638.08,-3877.9649999999997
-11973.914999999999,-11987.55,-23325.57,-6773.67,421.74,-29730.735,-11699.414999999999,-3887.0099999999998
-11968.064999999999,-11978.369999999999,-23316.66,-6763.634999999999,434.96999999999997,-29723.489999999998,-11714.535,-3881.16
-11964.914999999999,-11968.199999999999,-23301.09,-6750.09,447.12,-29719.62,-11743.92,-3881.3399999999997
-12001.545,-12016.439999999999,-23354.325,-6802.695,396.135,-29770.469999999998,-11776.14,-3906.3599999999997
-12024.09,-12045.6,-23388.434999999998,-6836.355,367.065,-29786.085,-11762.775,-3923.1
-12004.965,-12022.064999999999,-23363.684999999998,-6809.13,399.06,-29737.53,-11690.189999999999,-3903.0299999999997
-11997.135,-12014.64,-23356.125,-6800.04,408.91499999999996,-29728.574999999997,-11690.685,-3890.115
-11998.484999999999,-12019.005,-23361.84,-6806.655,399.06,-29748.149999999998,-11712.6,-3890.745
-12011.715,-12033.449999999999,-23374.62,-6819.48,387.22499999999997,-29764.44,-11734.335,-3904.92
-12021.029999999999,-12046.14,-23388.21,-6833.34,374.895,-29773.305,-11738.385,-3908.3399999999997
-12019.904999999999,-12044.88,-23388.344999999998,-6834.105,372.59999999999997,-29776.77,-11747.205,-3909.015
-12012.48,-12034.08,-23377.454999999998,-6822.99,382.635,-29769.164999999997,-11752.02,-3907.08
-12014.1,-12035.52,-23379.614999999998,-6826.139999999999,379.16999999999996,-29771.504999999997,-11758.949999999999,-3910.365
-12014.055,-12036.42,-23380.92,-6826.23,379.485,-29769.164999999997,-11761.02,-3909.375
-12011.76,-12034.035,-23379.39,-6824.969999999999,381.735,-29768.445,-11761.74,-3908.6549999999997
-12007.755,-12030.164999999999,-23374.665,-6820.155,384.885,-29769.795,-11762.505,-3905.64
-12006.81,-12033.045,-23375.879999999997,-6818.3099999999995,387.18,-29770.605,-11761.92,-3901.725
-12001.095,-12022.154999999999,-23365.844999999998,-6824.025,385.78499999999997,-29771.774999999998,-11761.064999999999,-3898.2599999999998
-12006.72,-12025.305,-23372.28,-6831.134999999999,391.86,-29767.815,-11762.01,-3904.29
-12006.72,-12033.63,-23384.385,-6840.63,384.21,-29769.3,-11761.425,-3900.33
-12005.82,-12029.939999999999,-23378.265,-6843.78,377.055,-29770.829999999998,-11763.99,-3900.825
-12002.805,-12021.345,-23374.53,-6866.054999999999,385.46999999999997,-29763.27,-11762.775,-3902.22
-11998.98,-12017.744999999999,-23380.379999999997,-6888.285,386.01,-29760.704999999998,-11762.189999999999,-3899.3399999999997
-11998.439999999999,-12014.775,-23369.489999999998,-6864.795,396.135,-29751.344999999998,-11758.949999999999,-3898.71
-12003.615,-12026.34,-23370.48,-6814.9349999999995,390.96,-29755.98,-11761.74,-3899.475
-12005.595,-12030.795,-23359.68,-6773.67,389.025,-29763.855,-11765.295,-3898.89
-12005.1,-12023.64,-23353.965,-6834.825,382.815,-29758.86,-11764.845,-3903.48
-12002.22,-12023.189999999999,-23379.075,-6873.84,381.91499999999996,-29756.34,-11760.93,-3900.7799999999997
-12004.875,-12031.244999999999,-23411.204999999998,-6842.969999999999,400.005,-29751.03,-11758.904999999999,-3900.915
-12001.59,-12023.865,-23393.79,-6831.045,395.505,-29756.565,-11761.605,-3897.765
-12002.76,-12010.77,-23350.905,-6805.665,383.53499999999997,-29772.18,-11774.385,-3903.435
-12011.58,-12026.07,-23357.879999999997,-6796.3949999999995,383.895,-29770.785,-11780.55,-3908.115
-12021.48,-12041.324999999999,-23375.745,-6821.325,359.235,-29794.635,-11816.73,-3920.1749999999997
-12032.865,-12055.59,-23392.305,-6854.8949999999995,331.335,-29825.594999999998,-11860.244999999999,-3928.815
-12036.555,-12061.619999999999,-23404.274999999998,-6872.804999999999,326.925,-29832.21,-11866.32,-3928.995
-12029.67,-12055.095,-23391.315,-6826.679999999999,344.205,-29813.489999999998,-11829.645,-3918.33
-12027.869999999999,-12055.949999999999,-23411.07,-6811.92,371.88,-29770.875,-11765.564999999999,-3913.245
-11987.595,-12003.885,-23380.739999999998,-6764.58,425.7,-29730.329999999998,-11720.07,-3890.97
-11978.73,-11991.555,-23358.149999999998,-6753.014999999999,435.33,-29725.739999999998,-11734.695,-3886.1099999999997
-11970.494999999999,-11979.494999999999,-23317.515,-6757.74,437.265,-29725.065,-11742.48,-3880.035
-11967.705,-11980.125,-23315.265,-6804.2699999999995,435.73499999999996,-29726.774999999998,-11746.395,-3876.12
-11979.314999999999,-11994.435,-23338.62,-6828.12,398.88,-29776.725,-11805.21,-3882.87
-11986.244999999999,-12007.89,-23361.84,-6843.285,357.79499999999996,-29826.945,-11869.064999999999,-3883.0049999999997
-12012.705,-12032.01,-23386.05,-6865.065,333.99,-29861.145,-11926.89,-3919.545
-12021.75,-12029.039999999999,-23367.78,-6841.8,373.68,-29802.465,-11847.6,-3936.555
-11993.13,-11997.945,-23326.469999999998,-6772.634999999999,440.28,-29700.809999999998,-11678.715,-3895.83
-11992.545,-11997.135,-23330.655,-6768.0,421.335,-29734.065,-11716.244999999999,-3900.555
-12011.85,-12022.47,-23349.69,-6769.485,377.90999999999997,-29803.545,-11806.74,-3914.055
-12010.32,-12027.465,-23360.76,-6797.115,374.265,-29818.53,-11838.105,-3911.31
-11965.859999999999,-11974.77,-23311.53,-6757.155,422.955,-29779.829999999998,-11805.21,-3881.205
-11941.92,-11941.47,-23274.989999999998,-6715.844999999999,475.335,-29714.489999999998,-11728.8,-3853.305
-11919.689999999999,-11908.35,-23242.545,-6684.03,509.58,-29686.905,-11734.064999999999,-3848.805
-11946.555,-11941.605,-23280.21,-6731.594999999999,450.585,-29760.795,-11826.855,-3877.47
-11990.34,-11995.83,-23336.325,-6787.844999999999,399.555,-29805.12,-11866.23,-3904.065
-12035.744999999999,-12051.9,-23395.184999999998,-6845.625,348.57,-29833.829999999998,-11846.88,-3927.015
-12087.09,-12120.029999999999,-23466.285,-6911.054999999999,295.965,-29851.02,-11783.789999999999,-3942.585
-12084.164999999999,-12121.515,-23467.364999999998,-6905.835,312.435,-29816.91,-11718.99,-3936.6
-12047.805,-12073.365,-23420.34,-6861.825,353.96999999999997,-29798.145,-11748.465,-3928.68
-12021.885,-12042.72,-23391.945,-6842.205,363.465,-29805.344999999998,-11766.33,-3904.6949999999997
-12014.64,-12034.935,-23386.364999999998,-6838.785,372.41999999999996,-29795.129999999997,-11758.455,-3894.21
-12016.08,-12039.255,-23396.489999999998,-6885.2699999999995,363.28499999999997,-29790.945,-11763.18,-3897.6749999999997
-12014.82,-12039.119999999999,-23402.925,-6924.554999999999,354.59999999999997,-29799.0,-11776.59,-3898.08
-12015.225,-12030.57,-23398.785,-6907.724999999999,363.33,-29796.344999999998,-11785.725,-3904.83
-12011.355,-12024.855,-23378.175,-6830.19,370.485,-29794.905,-11791.215,-3903.75
-12015.09,-12026.564999999999,-23360.129999999997,-6763.1849999999995,391.05,-29784.87,-11790.539999999999,-3906.72
-12014.189999999999,-12032.1,-23383.26,-6825.465,387.63,-29782.305,-11790.09,-3904.6949999999997
-12012.57,-12028.904999999999,-23377.05,-6849.945,377.64,-29791.485,-11798.1,-3904.9649999999997
-12012.84,-12026.385,-23384.52,-6846.48,383.84999999999997,-29787.704999999998,-11798.369999999999,-3907.4849999999997
-12011.22,-12032.595,-23397.075,-6832.304999999999,387.135,-29785.454999999998,-11797.47,-3903.975
-12014.1,-12041.955,-23385.69,-6825.014999999999,379.16999999999996,-29789.504999999997,-11799.494999999999,-3901.815
-12016.395,-12044.97,-23391.225,-6850.844999999999,359.055,-29796.93,-11808.63,-3906.27
-12010.005,-12026.97,-23384.024999999998,-6835.905,363.375,-29788.559999999998,-11806.965,-3903.5699999999997
-12006.675,-12029.31,-23403.195,-6871.7699999999995,350.505,-29781.045,-11799.494999999999,-3896.91
-12010.455,-12041.324999999999,-23421.195,-6879.465,349.83,-29780.64,-11803.32,-3899.565
-12014.505,-12025.845,-23388.3,-6843.87,383.53499999999997,-29773.844999999998,-11813.13,-3909.915
-12018.869999999999,-12028.77,-23375.879999999997,-6833.34,422.23499999999996,-29773.8,-11821.814999999999,-3913.56
-12024.539999999999,-12048.57,-23370.344999999998,-6812.19,390.28499999999997,-29800.26,-11848.725,-3913.3799999999997
-12024.72,-12066.029999999999,-23404.86,-6839.955,317.385,-29854.395,-11882.295,-3904.56
-12019.14,-12045.555,-23396.985,-6846.48,330.795,-29853.855,-11887.695,-3905.595
-12027.33,-12041.279999999999,-23386.86,-6855.66,380.835,-29798.82,-11857.365,-3916.2599999999998
-12020.4,-12023.55,-23364.945,-6842.205,388.26,-29773.71,-11823.074999999999,-3916.89
-12003.525,-12003.795,-23339.52,-6791.759999999999,397.215,-29762.64,-11818.98,-3906.0
-12020.939999999999,-12031.92,-23364.09,-6796.349999999999,356.715,-29813.805,-11874.015,-3915.54
-12034.98,-12054.779999999999,-23384.879999999997,-6808.005,327.555,-29853.045,-11910.824999999999,-3916.5299999999997
-12018.914999999999,-12031.92,-23357.655,-6808.139999999999,342.135,-29828.204999999998,-11915.414999999999,-3914.2349999999997
-11976.885,-11975.039999999999,-23297.265,-6758.82,406.62,-29755.664999999997,-11876.625,-3897.27
-11951.865,-11944.71,-23278.184999999998,-6720.57,461.88,-29725.469999999998,-11830.23,-3879.99
-11946.779999999999,-11940.255,-23274.809999999998,-6714.315,477.945,-29702.565,-11787.435,-3867.705
-11950.289999999999,-11944.35,-23281.875,-6724.665,465.435,-29725.289999999997,-11818.035,-3876.39
-11976.029999999999,-11978.64,-23319.18,-6764.085,428.895,-29750.85,-11815.605,-3884.625
-11995.244999999999,-12002.355,-23338.8,-6784.065,415.395,-29744.954999999998,-11799.81,-3890.8799999999997
-11995.515,-11999.295,-23340.015,-6790.1849999999995,405.135,-29773.844999999998,-11865.42,-3906.9449999999997
-12015.81,-12027.869999999999,-23371.559999999998,-6831.54,354.555,-29829.69,-11930.445,-3922.245
-12017.744999999999,-12029.984999999999,-23373.945,-6827.13,364.05,-29825.594999999998,-11935.35,-3928.3199999999997
-12021.795,-12036.645,-23376.42,-6815.5199999999995,396.63,-29770.875,-11847.195,-3914.865
-12014.82,-12030.57,-23370.48,-6809.58,407.07,-29746.079999999998,-11783.16,-3896.73
-12014.82,-12025.395,-23363.954999999998,-6812.054999999999,389.78999999999996,-29779.065,-11831.355,-3911.49
-12017.43,-12018.195,-23353.515,-6796.035,407.29499999999996,-29782.53,-11860.244999999999,-3922.515
-12025.17,-12009.6,-23344.469999999998,-6785.955,418.05,-29785.454999999998,-11875.635,-3938.355
-12041.01,-12021.39,-23353.425,-6792.255,412.695,-29789.37,-11879.414999999999,-3948.93
-12072.33,-12062.16,-23397.254999999997,-6838.38,365.625,-29829.78,-11915.414999999999,-3971.295
-12062.07,-12074.13,-23418.45,-6866.325,332.685,-29866.995,-11956.365,-3948.39
-12000.555,-12041.505,-23397.075,-6859.71,329.84999999999997,-29868.704999999998,-11944.664999999999,-3872.0249999999996
-11978.145,-12013.154999999999,-23367.149999999998,-6822.54,371.78999999999996,-29825.19,-11900.43,-3858.2999999999997
-11995.244999999999,-12012.66,-23359.68,-6801.615,406.26,-29777.039999999997,-11854.17,-3882.915
-12006.27,-12023.369999999999,-23371.02,-6807.195,409.09499999999997,-29763.045,-11841.255,-3895.4249999999997
-12017.07,-12042.9,-23400.09,-6835.32,380.655,-29781.629999999997,-11845.35,-3897.855
-12016.08,-12039.885,-23398.245,-6835.41,368.775,-29813.265,-11871.81,-3897.495
-12009.42,-12027.645,-23370.795,-6816.825,382.185,-29810.745,-11883.015,-3893.895
-12004.74,-12019.68,-23365.8,-6813.495,385.695,-29809.125,-11889.945,-3892.545
-12008.564999999999,-12025.755,-23377.05,-6825.0599999999995,377.775,-29813.265,-11899.26,-3896.73
-12009.555,-12029.58,-23380.02,-6826.139999999999,379.71,-29807.64,-11901.42,-3897.045
-12004.65,-12017.07,-23362.649999999998,-6817.545,381.78,-29808.36,-11903.939999999999,-3895.515
-12005.82,-12021.705,-23372.954999999998,-6827.58,375.75,-29811.239999999998,-11910.689999999999,-3896.73
-12010.814999999999,-12033.765,-23389.29,-6838.29,373.185,-29804.579999999998,-11911.949999999999,-3898.305
-12003.48,-12012.345,-23365.305,-6822.945,395.01,-29795.355,-11912.67,-3897.3599999999997
-12004.064999999999,-12010.005,-23362.695,-6853.455,398.61,-29793.6,-11915.73,-3898.2599999999998
-12005.324999999999,-12028.005,-23402.879999999997,-6905.429999999999,376.56,-29803.274999999998,-11921.22,-3893.7599999999998
-12005.145,-12034.664999999999,-23448.69,-6920.865,369.36,-29807.64,-11927.789999999999,-3891.7799999999997
-12013.38,-12032.234999999999,-23419.62,-6869.295,381.51,-29803.41,-11936.789999999999,-3899.7
-12017.52,-12033.72,-23372.864999999998,-6846.255,372.015,-29806.965,-11947.77,-3900.555
-12023.414999999999,-12047.535,-23403.825,-6910.0199999999995,342.71999999999997,-29819.34,-11962.08,-3902.4449999999997
-12031.47,-12061.619999999999,-23448.195,-6938.55,331.695,-29835.225,-11982.195,-3909.69
-12036.105,-12063.33,-23458.364999999998,-6897.509999999999,351.09,-29824.605,-11997.045,-3919.995
-12017.789999999999,-12030.66,-23401.53,-6831.0,379.8,-29808.719999999998,-11995.02,-3914.46
-12012.48,-12004.965,-23317.065,-6753.014999999999,395.82,-29804.94,-11992.59,-3922.875
-12004.695,-11999.88,-23314.364999999998,-6726.195,411.705,-29791.215,-11968.605,-3905.64
-12006.585,-12006.359999999999,-23320.575,-6727.23,408.195,-29789.28,-11965.365,-3897.855
-12021.57,-12023.1,-23349.42,-6785.099999999999,375.65999999999997,-29816.504999999997,-12026.97,-3910.6349999999998
-12029.895,-12036.105,-23367.915,-6818.085,349.155,-29847.69,-12075.029999999999,-3918.06
-12030.615,-12038.939999999999,-23379.21,-6828.795,350.55,-29850.93,-12087.314999999999,-3925.7549999999997
-12023.73,-12030.21,-23366.204999999998,-6808.815,383.58,-29790.989999999998,-11986.154999999999,-3907.17
-11994.119999999999,-11991.555,-23325.795,-6766.785,436.905,-29718.855,-11897.414999999999,-3881.43
-11972.115,-11967.93,-23315.04,-6747.84,451.66499999999996,-29724.074999999997,-11961.494999999999,-3880.845
-11965.904999999999,-11958.93,-23304.195,-6746.715,434.29499999999996,-29772.719999999998,-12063.779999999999,-3884.22
-11946.195,-11931.84,-23274.719999999998,-6729.615,443.52,-29792.565,-12126.24,-3877.785
-11952.314999999999,-11947.32,-23291.504999999997,-6754.094999999999,418.85999999999996,-29819.52,-12168.09,-3878.8199999999997
-11983.005,-11980.755,-23323.59,-6789.6449999999995,384.435,-29832.57,-12135.555,-3895.83
-12013.154999999999,-12012.21,-23359.23,-6809.67,382.54499999999996,-29810.295,-12045.105,-3906.27
-12046.41,-12056.49,-23404.635,-6844.32,365.805,-29794.77,-11982.555,-3913.47
-12038.355,-12047.715,-23396.489999999998,-6835.005,378.18,-29775.285,-11966.4,-3908.3849999999998
-12023.64,-12029.67,-23378.805,-6820.605,386.775,-29782.215,-12004.965,-3903.5249999999996
-12007.125,-12019.23,-23371.965,-6817.86,384.03,-29798.055,-12039.885,-3889.89
-12006.63,-12016.664999999999,-23373.765,-6828.615,362.115,-29838.555,-12106.439999999999,-3900.285
-12001.949999999999,-11999.07,-23349.239999999998,-6805.3949999999995,375.885,-29854.215,-12156.975,-3906.495
-12012.93,-12009.105,-23354.73,-6802.605,385.515,-29844.36,-12157.695,-3912.345
-12026.789999999999,-12026.115,-23375.655,-6822.99,380.205,-29830.59,-12128.22,-3924.18
-12017.789999999999,-12017.654999999999,-23376.149999999998,-6842.295,400.5,-29793.735,-12066.119999999999,-3910.5
-12026.16,-12039.345,-23415.03,-6911.775,386.28,-29771.414999999997,-11991.42,-3891.87
-12031.154999999999,-12047.22,-23425.335,-6931.98,365.84999999999997,-29800.89,-12043.89,-3905.055
-12026.475,-12039.705,-23413.95,-6905.745,355.59,-29823.12,-12077.414999999999,-3905.2799999999997
-12016.08,-12021.48,-23368.094999999998,-6790.995,384.525,-29811.329999999998,-12077.64,-3901.77
-12006.765,-12016.71,-23361.254999999997,-6782.264999999999,388.03499999999997,-29809.125,-12082.455,-3893.805
-12010.05,-12024.27,-23370.704999999998,-6817.32,387.945,-29815.515,-12102.119999999999,-3896.8199999999997
-12015.99,-12025.08,-23377.59,-6850.17,386.59499999999997,-29816.73,-12111.48,-3905.145
-12025.305,-12038.625,-23406.344999999998,-6918.75,344.07,-29839.905,-12117.869999999999,-3910.77
-12024.765,-12033.99,-23410.665,-6862.23,403.91999999999996,-29807.01,-12111.615,-3910.185
-12017.295,-12027.24,-23415.39,-6820.29,420.65999999999997,-29797.515,-12110.715,-3904.29
-12019.455,-12038.355,-23445.045,-6863.264999999999,373.68,-29822.175,-12112.154999999999,-3904.56
-12009.06,-12024.18,-23414.309999999998,-6850.98,364.905,-29829.69,-12115.439999999999,-3897.045
-12015.539999999999,-12022.154999999999,-23368.5,-6790.545,361.71,-29830.77,-12119.58,-3901.6349999999998
-12018.465,-12010.814999999999,-23318.37,-6719.985,376.83,-29825.73,-12128.22,-3908.16
-12013.83,-12006.945,-23327.46,-6737.264999999999,362.925,-29827.934999999998,-12129.525,-3905.595
-12008.295,-12007.71,-23363.82,-6839.6849999999995,390.33,-29816.19,-12124.755,-3899.16
-12011.31,-12011.039999999999,-23364.315,-6866.099999999999,405.71999999999997,-29816.504999999997,-12130.74,-3900.33
-12007.574999999999,-12010.904999999999,-23363.37,-6849.8099999999995,388.935,-29815.289999999997,-12130.74,-3895.92
-12016.035,-12027.465,-23399.864999999998,-6845.355,382.09499999999997,-29825.73,-12139.83,-3900.69
-12021.164999999999,-12037.275,-23443.29,-6813.0,369.85499999999996,-29849.355,-12168.63,-3907.305
-12024.225,-12027.779999999999,-23393.969999999998,-6818.3099999999995,365.66999999999996,-29854.934999999998,-12193.38,-3915.27
-12038.805,-12034.755,-23359.59,-6845.085,341.775,-29870.414999999997,-12215.925,-3923.7749999999996
-12036.375,-12036.914999999999,-23371.155,-6841.575,325.305,-29865.105,-12200.445,-3914.2799999999997
-12035.115,-12043.17,-23396.265,-6841.71,343.97999999999996,-29858.535,-12186.045,-3910.8599999999997
-12030.795,-12033.539999999999,-23366.16,-6803.594999999999,367.56,-29842.065,-12180.33,-3912.165
-12021.57,-12023.595,-23368.364999999998,-6806.969999999999,365.58,-29846.295,-12199.23,-3913.6949999999997
-12014.91,-12015.585,-23363.73,-6815.655,360.495,-29852.954999999998,-12206.385,-3911.895
-12021.345,-12018.015,-23361.39,-6809.8949999999995,372.195,-29840.309999999998,-12195.72,-3914.91
-12013.47,-12005.055,-23347.89,-6793.38,394.56,-29822.129999999997,-12196.71,-3914.055
-12021.119999999999,-12013.92,-23361.344999999998,-6809.264999999999,377.28,-29849.129999999997,-12240.945,-3924.0899999999997
-12037.41,-12041.234999999999,-23391.989999999998,-6840.63,348.525,-29864.114999999998,-12209.49,-3913.56
-12026.835,-12028.635,-23382.0,-6830.73,364.185,-29840.129999999997,-12184.695,-3916.08
-11991.015,-11984.625,-23335.065,-6778.08,425.115,-29771.055,-12107.97,-3883.23
-11980.935,-11976.84,-23327.684999999998,-6770.25,432.99,-29759.129999999997,-12074.67,-3866.7149999999997
-11991.6,-11987.189999999999,-23339.16,-6786.0,409.85999999999996,-29793.149999999998,-12125.115,-3884.1299999999997
-11998.17,-11995.47,-23349.69,-6798.554999999999,394.74,-29821.094999999998,-12187.305,-3896.685
-11970.945,-11962.08,-23315.085,-6763.59,429.885,-29802.195,-12206.744999999999,-3886.4249999999997
-11930.58,-11910.914999999999,-23259.69,-6708.42,475.91999999999996,-29767.32,-12160.98,-3855.06
-11931.21,-11908.26,-23252.76,-6695.054999999999,493.10999999999996,-29749.5,-12145.994999999999,-3853.4849999999997
-11966.76,-11953.71,-23301.315,-6744.285,449.01,-29785.14,-12165.48,-3870.495
-12015.765,-12015.18,-23365.98,-6808.455,387.945,-29828.565,-12160.89,-3894.12
-12070.08,-12083.895,-23438.925,-6881.085,319.68,-29880.629999999997,-12182.085,-3924.27
-12067.38,-12081.33,-23439.825,-6883.155,316.62,-29888.235,-12206.564999999999,-3929.22
-12044.115,-12050.055,-23406.12,-6849.764999999999,347.805,-29868.84,-12210.255,-3917.565
-12040.064999999999,-12044.295,-23399.01,-6853.139999999999,354.10499999999996,-29849.355,-12193.064999999999,-3913.4249999999997
-12024.404999999999,-12025.845,-23383.53,-6838.74,375.525,-29829.239999999998,-12171.6,-3902.805
-12016.439999999999,-12020.13,-23382.719999999998,-6832.889999999999,378.71999999999997,-29828.475,-12170.34,-3894.435
-12020.175,-12016.529999999999,-23372.82,-6818.94,372.51,-29838.105,-12196.215,-3900.915
-12029.31,-12024.27,-23381.82,-6828.344999999999,373.455,-29842.065,-12210.255,-3909.96
-12041.189999999999,-12044.295,-23420.024999999998,-6891.84,344.7,-29864.295,-12217.949999999999,-3917.745
-12035.97,-12043.71,-23418.495,-6912.315,340.60499999999996,-29859.84,-12201.435,-3910.23
-12025.484999999999,-12036.914999999999,-23417.954999999998,-6903.0,340.83,-29860.649999999998,-12207.914999999999,-3905.415
-12025.08,-12030.93,-23401.934999999998,-6871.139999999999,350.325,-29859.704999999998,-12219.93,-3907.44
-12030.029999999999,-12031.02,-23375.61,-6820.74,375.12,-29839.68,-12218.445,-3911.1299999999997
-12018.375,-12024.585,-23371.155,-6801.929999999999,383.625,-29825.594999999998,-12206.88,-3899.3399999999997
-12017.16,-12016.17,-23366.16,-6774.255,386.72999999999996,-29826.675,-12206.925,-3901.815
-12014.505,-12008.564999999999,-23369.715,-6768.855,398.61,-29814.614999999998,-12203.414999999999,-3901.5
-12019.23,-12021.119999999999,-23399.594999999998,-6830.73,382.68,-29821.454999999998,-12204.585,-3902.265
-12015.9,-12022.38,-23399.91,-6881.535,369.36,-29835.0,-12207.96,-3898.71
-12017.34,-12019.23,-23376.915,-6890.175,364.22999999999996,-29838.015,-12211.695,-3901.995
-12015.99,-12017.835,-23377.41,-6863.355,369.495,-29828.565,-12208.23,-3900.015
-12017.475,-12021.615,-23369.85,-6799.7699999999995,378.85499999999996,-29835.045,-12211.515,-3898.98
-12016.664999999999,-12014.369999999999,-23344.965,-6758.054999999999,384.12,-29840.985,-12218.625,-3901.185
-12012.66,-12000.555,-23332.545,-6781.679999999999,383.895,-29833.695,-12218.715,-3902.4449999999997
-12021.39,-12018.914999999999,-23362.335,-6806.384999999999,377.145,-29829.149999999998,-12221.595,-3906.54
-12022.38,-12018.15,-23368.5,-6799.094999999999,386.28,-29822.129999999997,-12225.555,-3909.42
-12026.564999999999,-12021.84,-23369.535,-6825.465,366.3,-29843.414999999997,-12245.355,-3911.1749999999997
-12035.789999999999,-12040.83,-23400.315,-6866.82,339.21,-29878.829999999998,-12277.574999999999,-3911.22
-12047.22,-12057.48,-23428.844999999998,-6892.065,314.685,-29912.85,-12315.06,-3919.9049999999997
-12043.755,-12045.869999999999,-23410.98,-6871.815,322.695,-29900.745,-12305.07,-3924.6749999999997
-12029.715,-12025.035,-23370.614999999998,-6817.545,358.335,-29845.44,-12230.595,-3910.365
-12013.92,-12005.55,-23346.495,-6778.62,394.91999999999996,-29805.39,-12193.74,-3904.02
-12001.14,-11990.115,-23336.235,-6771.915,415.215,-29789.19,-12187.755,-3900.87
-11992.41,-11981.789999999999,-23333.219999999998,-6777.179999999999,410.53499999999997,-29789.64,-12177.09,-3891.4649999999997
-11989.845,-11975.939999999999,-23323.59,-6765.03,427.05,-29771.19,-12157.02,-3882.7799999999997
-11992.904999999999,-11986.92,-23337.945,-6780.735,412.74,-29788.515,-12179.16,-3880.08
-11983.994999999999,-11974.365,-23329.665,-6780.69,401.13,-29819.295,-12225.33,-3879.72
-11999.52,-11991.645,-23347.44,-6798.014999999999,387.945,-29837.07,-12264.57,-3893.58
-12034.215,-12031.965,-23389.11,-6842.025,341.72999999999996,-29880.405,-12285.585,-3920.265
-12050.414999999999,-12050.955,-23408.145,-6860.745,321.03,-29900.745,-12282.93,-3932.2799999999997
-12039.795,-12039.615,-23394.329999999998,-6843.509999999999,345.41999999999996,-29866.995,-12240.72,-3917.97
-12002.445,-11992.59,-23346.945,-6795.99,391.905,-29833.245,-12234.15,-3899.8799999999997
-11988.045,-11971.755,-23324.085,-6770.07,421.065,-29804.805,-12209.445,-3889.89
-12006.63,-11999.564999999999,-23352.704999999998,-6797.295,403.78499999999997,-29795.265,-12174.119999999999,-3892.5899999999997
-12000.105,-11996.055,-23350.14,-6794.82,405.35999999999996,-29791.844999999998,-12170.34,-3892.2749999999996
-12003.975,-11997.404999999999,-23353.695,-6801.84,400.455,-29797.605,-12168.494999999999,-3894.705
-12019.814999999999,-12019.545,-23374.079999999998,-6833.205,381.735,-29805.704999999998,-12162.195,-3893.1749999999997
-12032.595,-12039.48,-23399.594999999998,-6859.08,361.97999999999996,-29828.114999999998,-12178.619999999999,-3900.555
-12047.31,-12047.445,-23408.1,-6863.355,353.385,-29847.69,-12203.414999999999,-3916.44
-12035.744999999999,-12036.914999999999,-23403.42,-6858.315,369.765,-29835.135,-12188.52,-3906.3599999999997
-12014.73,-12017.16,-23391.045,-6866.28,379.935,-29824.829999999998,-12182.085,-3892.68
-12006.449999999999,-12004.109999999999,-23376.195,-6852.105,389.29499999999996,-29821.094999999998,-12189.689999999999,-3890.835
-12000.42,-11998.17,-23361.48,-6807.87,393.255,-29821.995,-12194.414999999999,-3887.415
-12005.685,-12005.1,-23348.34,-6769.98,388.26,-29829.239999999998,-12199.814999999999,-3889.4849999999997
-12013.695,-12015.9,-23365.575,-6800.58,382.815,-29833.155,-12205.664999999999,-3893.625
-12021.885,-12016.395,-23367.6,-6807.014999999999,399.87,-29820.329999999998,-12203.145,-3902.67
-12033.9,-12034.439999999999,-23394.42,-6841.98,377.01,-29838.555,-12207.734999999999,-3910.0049999999997
-12036.24,-12047.039999999999,-23421.239999999998,-6872.715,358.60499999999996,-29854.215,-12216.24,-3908.3399999999997
-12025.71,-12034.17,-23428.17,-6860.384999999999,366.84,-29851.92,-12219.39,-3905.055
-12022.83,-12034.98,-23445.315,-6893.054999999999,361.08,-29847.105,-12209.58,-3901.3199999999997
-12023.324999999999,-12038.85,-23432.67,-6913.575,357.885,-29846.655,-12207.645,-3900.105
-12017.654999999999,-12005.73,-23332.004999999997,-6817.95,379.53,-29844.765,-12212.46,-3900.645
-12020.13,-12005.324999999999,-23336.46,-6757.514999999999,388.8,-29841.84,-12215.97,-3905.2799999999997
-12018.33,-12005.82,-23338.665,-6751.215,393.3,-29835.135,-12214.71,-3903.795
-12015.27,-12009.734999999999,-23338.934999999998,-6793.875,382.32,-29834.864999999998,-12213.539999999999,-3897.0899999999997
-12018.105,-12020.895,-23368.14,-6812.28,372.24,-29839.815,-12217.005,-3898.395
-12019.904999999999,-12013.875,-23368.14,-6809.58,390.51,-29821.364999999998,-12212.73,-3903.165
-12025.08,-12019.095,-23382.135,-6832.889999999999,394.155,-29811.195,-12208.994999999999,-3908.0249999999996
-12022.695,-12015.765,-23367.87,-6826.7699999999995,393.435,-29807.414999999997,-12207.734999999999,-3906.1349999999998
-12023.46,-12016.89,-23368.14,-6823.3949999999995,387.675,-29825.37,-12214.26,-3906.0899999999997
-12015.494999999999,-12006.449999999999,-23353.2,-6799.23,395.775,-29830.004999999997,-12213.404999999999,-3899.115
-12013.785,-12006.27,-23355.585,-6797.474999999999,396.27,-29820.69,-12203.279999999999,-3894.2999999999997
-12027.06,-12021.39,-23367.87,-6809.219999999999,373.005,-29834.37,-12221.91,-3907.305
-12033.72,-12030.345,-23371.11,-6818.4,354.06,-29853.449999999997,-12252.555,-3917.0699999999997
-12039.615,-12041.1,-23397.975,-6848.55,340.78499999999997,-29872.35,-12283.515,-3922.335
-12027.555,-12025.98,-23390.01,-6835.905,354.06,-29871.18,-12291.119999999999,-3909.7799999999997
-12019.814999999999,-12019.859999999999,-23376.285,-6823.98,363.555,-29867.985,-12296.34,-3894.075
-12009.195,-11999.564999999999,-23350.454999999998,-6794.37,402.79499999999996,-29823.57,-12274.83,-3900.645
-11974.185,-11952.945,-23303.879999999997,-6746.3099999999995,450.675,-29769.57,-12193.74,-3880.5299999999997
-11975.715,-11951.234999999999,-23298.93,-6741.63,451.395,-29762.324999999997,-12149.595,-3877.6499999999996
-12014.73,-12005.46,-23357.835,-6798.554999999999,405.35999999999996,-29776.59,-12116.52,-3887.685
-12043.035,-12039.975,-23394.51,-6836.355,369.27,-29809.17,-12154.05,-3911.58
-12051.225,-12051.855,-23407.425,-6850.62,354.06,-29829.555,-12188.43,-3919.5899999999997
-12035.654999999999,-12032.64,-23388.03,-6833.295,369.0,-29823.344999999998,-12194.82,-3911.1299999999997
-12028.59,-12023.1,-23374.305,-6825.33,373.635,-29813.039999999997,-12193.38,-3908.0699999999997
-12026.43,-12020.039999999999,-23370.03,-6824.88,373.905,-29813.219999999998,-12206.52,-3908.3399999999997
-12023.369999999999,-12016.529999999999,-23373.315,-6822.585,378.63,-29823.254999999997,-12220.47,-3904.83
-12017.52,-12009.015,-23366.07,-6811.83,393.21,-29809.62,-12210.164999999999,-3899.16
-12009.779999999999,-11998.71,-23355.27,-6798.915,408.195,-29796.48,-12194.73,-3894.165
-12023.82,-12015.359999999999,-23373.765,-6818.804999999999,388.71,-29815.695,-12203.324999999999,-3906.27
-12017.88,-12008.205,-23366.655,-6813.764999999999,391.86,-29817.629999999997,-12204.9,-3903.615
-12004.65,-11993.625,-23351.625,-6797.88,408.015,-29802.78,-12202.154999999999,-3895.3799999999997
-12004.109999999999,-11990.205,-23346.045,-6789.599999999999,419.085,-29786.399999999998,-12190.23,-3891.7349999999997
-12004.965,-11992.904999999999,-23349.149999999998,-6795.764999999999,405.495,-29801.745,-12186.225,-3887.8199999999997
-12014.189999999999,-12006.494999999999,-23364.27,-6812.009999999999,391.54499999999996,-29811.51,-12194.145,-3893.85
-12022.74,-12017.744999999999,-23377.094999999998,-6825.599999999999,377.59499999999997,-29827.305,-12199.14,-3897.1349999999998
-12022.965,-12014.414999999999,-23366.835,-6815.7,384.615,-29820.42,-12202.785,-3900.555
-12032.324999999999,-12026.115,-23379.57,-6829.965,371.835,-29835.135,-12210.21,-3908.8799999999997
-12044.16,-12041.82,-23400.629999999997,-6850.844999999999,354.645,-29848.815,-12211.74,-3913.83
-12036.33,-12029.13,-23385.87,-6832.53,373.86,-29831.94,-12199.904999999999,-3908.7
-12029.625,-12024.404999999999,-23384.204999999998,-6833.745,372.96,-29836.574999999997,-12203.685,-3905.145
-12026.97,-12019.59,-23381.235,-6835.545,373.68,-29837.61,-12206.34,-3903.795
-12028.545,-12019.994999999999,-23385.96,-6844.365,379.97999999999996,-29830.454999999998,-12207.779999999999,-3906.6299999999997
-12036.42,-12030.795,-23393.879999999997,-6848.1449999999995,380.43,-29825.91,-12212.145,-3910.545
-12043.574999999999,-12040.289999999999,-23393.43,-6849.09,368.145,-29837.16,-12235.365,-3917.8799999999997
-12059.055,-12065.805,-23422.23,-6860.745,338.265,-29868.254999999997,-12277.755,-3934.71
-12061.845,-12077.189999999999,-23446.754999999997,-6889.679999999999,311.4,-29893.32,-12294.045,-3937.23
-12044.654999999999,-12038.58,-23389.379999999997,-6855.255,343.485,-29871.719999999998,-12259.89,-3925.665
-12026.475,-12011.13,-23357.475,-6834.195,375.075,-29834.055,-12196.529999999999,-3899.6549999999997
-12033.945,-12029.445,-23387.04,-6844.545,384.79499999999996,-29811.059999999998,-12157.92,-3892.5899999999997
-12030.795,-12022.92,-23393.969999999998,-6853.23,389.29499999999996,-29810.204999999998,-12190.41,-3909.7799999999997
-12029.67,-12026.654999999999,-23433.39,-6860.969999999999,382.005,-29816.414999999997,-12205.619999999999,-3911.085
-12028.05,-12024.945,-23424.12,-6826.094999999999,389.88,-29802.059999999998,-12177.585,-3906.27
-12015.0,-12002.49,-23355.09,-6787.62,401.53499999999997,-29783.34,-12147.57,-3894.705
-12007.755,-11991.465,-23343.57,-6800.58,403.335,-29776.23,-12160.08,-3893.94
-12018.465,-12016.845,-23388.795,-6823.665,388.575,-29793.824999999997,-12178.71,-3896.37
-12023.82,-12017.564999999999,-23373.989999999998,-6809.219999999999,389.925,-29806.605,-12191.58,-3898.44
-12029.355,-12012.84,-23349.239999999998,-6806.88,385.2,-29824.559999999998,-12210.615,-3904.2
-12020.445,-12012.66,-23369.355,-6826.23,371.96999999999997,-29836.664999999997,-12216.51,-3895.47
-12003.074999999999,-11987.82,-23342.895,-6802.514999999999,402.3,-29816.55,-12213.27,-3891.42
-11994.39,-11968.965,-23325.57,-6781.1849999999995,427.365,-29798.684999999998,-12205.305,-3893.7149999999997
-12006.72,-11985.255,-23351.579999999998,-6803.19,409.85999999999996,-29818.53,-12224.295,-3898.2149999999997
-12039.029999999999,-12029.445,-23398.065,-6858.179999999999,351.45,-29866.815,-12274.289999999999,-3918.915
-12057.164999999999,-12052.215,-23411.43,-6879.105,321.47999999999996,-29887.829999999998,-12298.23,-3931.83
-12051.359999999999,-12047.535,-23409.809999999998,-6868.62,332.09999999999997,-29873.024999999998,-12260.744999999999,-3925.935
-12033.359999999999,-12024.18,-23380.739999999998,-6821.325,364.40999999999997,-29838.329999999998,-12216.06,-3913.83
-12040.92,-12026.835,-23376.375,-6806.655,375.3,-29823.704999999998,-12197.699999999999,-3923.415
-12042.09,-12031.02,-23385.915,-6824.384999999999,367.875,-29832.795,-12208.275,-3930.93
-12023.595,-12013.289999999999,-23368.094999999998,-6804.99,396.765,-29802.195,-12166.064999999999,-3906.765
-12009.914999999999,-11997.27,-23353.245,-6787.215,423.765,-29769.03,-12124.98,-3890.835
-12006.63,-11991.465,-23356.079999999998,-6801.12,418.95,-29778.03,-12147.21,-3893.4449999999997
-12009.914999999999,-12000.555,-23375.565,-6844.59,400.635,-29786.895,-12139.74,-3883.725
-12034.08,-12034.71,-23417.91,-6902.82,354.28499999999997,-29816.28,-12153.645,-3898.4849999999997
-12042.09,-12041.55,-23424.39,-6902.505,347.35499999999996,-29823.12,-12164.895,-3911.355
-12035.43,-12027.869999999999,-23400.09,-6859.98,366.12,-29818.44,-12170.115,-3910.185
-12034.08,-12021.164999999999,-23376.78,-6832.259999999999,378.99,-29815.245,-12188.205,-3915.585
-12028.365,-12017.385,-23375.07,-6827.67,385.02,-29816.864999999998,-12198.33,-3911.265
-12020.265,-12007.98,-23357.925,-6767.19,396.81,-29814.164999999997,-12188.564999999999,-3902.9849999999997
-12016.845,-12005.145,-23355.989999999998,-6761.295,399.375,-29811.645,-12174.39,-3894.75
-12025.755,-12013.74,-23367.329999999998,-6791.13,387.945,-29819.16,-12174.21,-3900.645
-12036.734999999999,-12025.935,-23376.645,-6803.6849999999995,378.585,-29824.785,-12174.93,-3907.89
-12044.609999999999,-12033.359999999999,-23386.59,-6819.57,367.335,-29835.809999999998,-12185.82,-3916.845
-12046.455,-12035.475,-23393.34,-6831.63,359.055,-29844.765,-12202.92,-3923.46
-12045.914999999999,-12040.109999999999,-23408.01,-6849.315,355.905,-29844.27,-12212.145,-3924.27
-12039.795,-12042.81,-23418.045,-6870.915,353.655,-29838.555,-12207.285,-3915.3599999999997
-12027.24,-12027.51,-23397.165,-6860.205,360.585,-29823.164999999997,-12176.414999999999,-3898.7999999999997
-12018.195,-12004.83,-23357.745,-6823.304999999999,388.16999999999996,-29802.96,-12164.4,-3895.74
-12026.52,-12016.215,-23368.59,-6835.005,383.445,-29810.835,-12173.625,-3902.265
-12027.914999999999,-12025.26,-23426.504999999997,-6911.955,371.52,-29820.465,-12180.06,-3901.9049999999997
-12031.199999999999,-12028.14,-23446.98,-6963.615,361.89,-29824.559999999998,-12183.525,-3905.055
-12031.83,-12029.805,-23428.89,-6912.495,364.59,-29823.75,-12180.96,-3904.3799999999997
-12029.175,-12017.88,-23383.395,-6808.1849999999995,378.04499999999996,-29820.645,-12180.375,-3904.1099999999997
-12022.92,-11995.74,-23300.415,-6690.599999999999,399.195,-29791.395,-12172.455,-3903.165
-12023.775,-11998.439999999999,-23308.379999999997,-6714.0,405.27,-29788.155,-12168.99,-3901.8599999999997
-12026.654999999999,-12007.395,-23350.41,-6767.054999999999,397.16999999999996,-29808.09,-12178.215,-3903.8849999999998
-12025.215,-12014.82,-23380.515,-6796.98,386.90999999999997,-29810.789999999997,-12178.439999999999,-3899.9249999999997
-12032.055,-12024.404999999999,-23399.64,-6811.29,379.575,-29816.504999999997,-12184.83,-3904.515
-12036.42,-12021.255,-23372.145,-6804.8099999999995,379.16999999999996,-29822.219999999998,-12191.895,-3908.97
-12037.545,-12022.65,-23365.079999999998,-6810.165,374.13,-29828.789999999997,-12199.365,-3910.545
-12035.564999999999,-12022.064999999999,-23377.184999999998,-6815.969999999999,374.895,-29828.565,-12201.3,-3911.265
-12034.619999999999,-12031.515,-23393.07,-6830.19,364.59,-29832.66,-12199.005,-3905.145
-12024.765,-12020.4,-23383.485,-6835.545,355.72499999999997,-29845.395,-12214.755,-3897.855
-12029.175,-12007.17,-23361.975,-6816.375,369.945,-29845.125,-12240.27,-3917.8799999999997
-12037.859999999999,-12022.289999999999,-23381.19,-6817.275,378.0,-29825.82,-12211.515,-3921.345
-12044.16,-12037.814999999999,-23405.76,-6830.6849999999995,376.245,-29803.364999999998,-12155.895,-3913.29
-12036.015,-12022.92,-23396.219999999998,-6821.099999999999,381.33,-29810.655,-12174.164999999999,-3912.2999999999997
-12029.939999999999,-12018.869999999999,-23406.795,-6815.745,384.21,-29821.004999999997,-12191.76,-3902.94
-12021.705,-12013.02,-23395.59,-6815.969999999999,379.62,-29833.065,-12198.51,-3890.79
-12015.72,-11998.439999999999,-23343.434999999998,-6796.035,395.90999999999997,-29818.62,-12185.82,-3891.87
-12006.0,-11979.585,-23323.68,-6769.44,430.38,-29778.344999999998,-12148.425,-3892.5899999999997
-12004.965,-11982.42,-23340.195,-6780.105,418.77,-29786.67,-12155.49,-3894.5699999999997
-12011.445,-11993.715,-23355.989999999998,-6800.175,394.155,-29808.539999999997,-12167.82,-3897.72
-12017.43,-12000.869999999999,-23361.48,-6803.235,391.185,-29812.454999999998,-12171.24,-3898.62
-12003.21,-11983.05,-23344.829999999998,-6786.675,407.88,-29797.605,-12156.119999999999,-3888.6749999999997
-11998.98,-11975.22,-23332.23,-6768.99,431.325,-29775.78,-12145.23,-3891.555
-12020.13,-12000.465,-23356.89,-6791.94,412.2,-29788.289999999997,-12150.63,-3906.0
-12046.994999999999,-12039.39,-23403.195,-6846.929999999999,348.47999999999996,-29843.46,-12181.814999999999,-3917.9249999999997
-12061.98,-12058.605,-23425.559999999998,-6872.535,322.155,-29881.574999999997,-12217.904999999999,-3926.6549999999997
-12064.455,-12060.99,-23431.815,-6882.4349999999995,318.735,-29893.77,-12236.895,-3930.93
-12041.189999999999,-12032.73,-23409.945,-6869.025,345.735,-29871.045,-12227.67,-3919.3199999999997
-12020.4,-12004.425,-23381.055,-6843.6449999999995,366.885,-29855.295,-12226.185,-3911.85
-12036.33,-12021.164999999999,-23385.915,-6827.715,378.85499999999996,-29820.735,-12163.23,-3911.4449999999997
-12043.215,-12028.814999999999,-23379.704999999998,-6804.495,387.27,-29782.8,-12100.77,-3911.1299999999997
-12039.164999999999,-12030.84,-23384.61,-6814.9349999999995,378.27,-29786.805,-12092.85,-3898.62
-12040.74,-12031.47,-23396.579999999998,-6830.099999999999,368.82,-29815.469999999998,-12135.15,-3906.27
-12042.63,-12035.34,-23398.739999999998,-6832.9349999999995,366.97499999999997,-29824.155,-12157.56,-3908.52
-12045.914999999999,-12041.865,-23409.09,-6845.715,355.905,-29835.585,-12172.455,-3911.04
-12038.895,-12026.385,-23394.555,-6834.87,373.995,-29826.405,-12173.939999999999,-3914.5049999999997
-12031.47,-12019.994999999999,-23391.629999999997,-6863.445,380.385,-29815.469999999998,-12156.975,-3907.5299999999997
-12028.68,-12025.529999999999,-23398.065,-6916.7699999999995,365.265,-29819.34,-12141.81,-3898.665
-12024.449999999999,-12025.935,-23418.135,-6940.215,359.055,-29823.254999999997,-12153.33,-3898.665
-12036.734999999999,-12031.154999999999,-23434.065,-6889.32,375.21,-29815.559999999998,-12171.42,-3913.29
-12039.525,-12021.21,-23380.785,-6789.465,377.28,-29830.14,-12176.369999999999,-3917.115
-12035.025,-12012.615,-23361.3,-6778.08,384.34499999999997,-29820.6,-12165.255,-3912.0299999999997
-12032.73,-12012.705,-23371.065,-6794.505,382.905,-29808.315,-12165.57,-3911.94
-12030.48,-12013.335,-23360.985,-6771.78,386.64,-29804.489999999998,-12165.975,-3909.375
-12030.975,-12014.414999999999,-23366.16,-6780.33,388.485,-29815.649999999998,-12170.115,-3909.4649999999997
-12030.615,-12015.225,-23390.01,-6802.0199999999995,389.52,-29816.37,-12168.09,-3910.185
-12032.865,-12022.83,-23420.43,-6838.92,381.825,-29820.239999999998,-12168.18,-3910.5899999999997
-12033.63,-12025.98,-23417.594999999998,-6862.32,368.505,-29826.18,-12169.125,-3909.87
-12029.355,-12019.77,-23386.77,-6838.425,370.755,-29819.16,-12166.425,-3906.18
-12027.33,-12008.205,-23359.274999999998,-6802.83,385.83,-29819.114999999998,-12168.135,-3905.055
-12025.935,-12000.555,-23343.075,-6794.73,398.34,-29810.835,-12165.48,-3905.685
-12028.814999999999,-12010.68,-23361.48,-6822.09,386.235,-29810.745,-12164.58,-3906.585
-12030.93,-12015.539999999999,-23376.645,-6833.969999999999,377.955,-29811.42,-12167.775,-3908.16
-12033.945,-12018.6,-23387.489999999998,-6808.455,386.955,-29805.254999999997,-12168.27,-3910.77
-12031.064999999999,-12013.515,-23374.665,-6808.23,392.625,-29799.27,-12165.75,-3907.7549999999997
-12024.855,-12006.0,-23365.395,-6814.575,385.335,-29807.64,-12169.395,-3904.3799999999997
-12015.945,-11999.115,-23364.899999999998,-6804.675,383.84999999999997,-29816.504999999997,-12166.92,-3896.415
-12020.31,-12006.18,-23367.195,-6790.005,388.08,-29822.265,-12172.814999999999,-3895.1549999999997
-12033.585,-12023.189999999999,-23380.739999999998,-6815.429999999999,368.46,-29835.045,-12187.484999999999,-3903.345
-12046.095,-12037.77,-23403.42,-6842.88,350.72999999999996,-29851.469999999998,-12216.15,-3916.44
-12063.015,-12050.414999999999,-23416.875,-6855.075,339.885,-29869.829999999998,-12253.455,-3937.5899999999997
-12048.3,-12027.195,-23390.415,-6833.025,363.33,-29853.27,-12272.85,-3941.37
-12033.045,-12009.555,-23374.17,-6817.995,382.05,-29829.87,-12248.1,-3930.5699999999997
-12012.074999999999,-11990.925,-23377.454999999998,-6799.724999999999,407.96999999999997,-29790.315,-12168.27,-3900.33
-12001.59,-11987.64,-23387.265,-6790.679999999999,413.59499999999997,-29769.39,-12098.835,-3874.23
-12003.84,-11982.96,-23344.065,-6765.075,425.96999999999997,-29758.14,-12079.529999999999,-3877.9649999999997
-12030.84,-12010.904999999999,-23353.515,-6803.73,386.235,-29798.91,-12124.755,-3905.73
-12047.22,-12032.685,-23393.16,-6838.065,364.86,-29821.05,-12152.699999999999,-3921.12
-12045.689999999999,-12035.205,-23402.475,-6849.315,371.025,-29806.11,-12128.58,-3907.98
-12027.33,-12011.805,-23376.645,-6822.045,398.15999999999997,-29792.655,-12136.23,-3898.395
-12021.975,-12003.164999999999,-23365.754999999997,-6808.59,396.09,-29792.969999999998,-12153.42,-3901.545
-12022.965,-12004.154999999999,-23363.055,-6794.054999999999,387.315,-29802.78,-12165.795,-3902.625
-12009.689999999999,-11987.369999999999,-23346.18,-6778.71,408.825,-29785.004999999997,-12149.91,-3890.25
-12011.265,-11988.135,-23350.14,-6787.755,408.33,-29777.895,-12133.98,-3890.8799999999997
-12025.755,-12004.515,-23369.445,-6808.905,387.405,-29801.789999999997,-12149.505,-3903.0299999999997
-12036.51,-12020.039999999999,-23388.344999999998,-6827.219999999999,367.91999999999996,-29829.87,-12176.189999999999,-3908.79
-12044.88,-12033.09,-23403.375,-6844.7699999999995,347.66999999999996,-29858.039999999997,-12209.58,-3915.4049999999997
-12051.72,-12042.63,-23412.465,-6853.1849999999995,342.135,-29855.34,-12205.574999999999,-3920.4449999999997
-12069.09,-12060.72,-23430.915,-6869.429999999999,333.71999999999997,-29848.32,-12187.98,-3933.81
-12066.164999999999,-12051.72,-23420.79,-6855.929999999999,354.375,-29821.949999999997,-12157.515,-3936.915
-12044.295,-12025.305,-23395.905,-6838.785,375.97499999999997,-29799.675,-12133.529999999999,-3918.285
-12025.574999999999,-12008.88,-23380.29,-6827.04,392.58,-29781.09,-12104.595,-3888.72
-12028.365,-12014.82,-23389.065,-6865.155,381.59999999999997,-29782.844999999998,-12117.015,-3894.345
-12027.645,-12016.755,-23410.98,-6916.95,378.9,-29787.254999999997,-12130.695,-3897.54
-12039.84,-12031.244999999999,-23434.605,-6938.28,359.59499999999997,-29812.905,-12149.1,-3906.225
-12046.005,-12034.305,-23428.71,-6894.224999999999,354.96,-29828.295,-12167.414999999999,-3910.14
-12055.725,-12040.785,-23392.754999999997,-6785.505,355.14,-29846.475,-12188.52,-3917.835
-12059.82,-12045.465,-23378.175,-6765.974999999999,356.21999999999997,-29856.059999999998,-12205.395,-3924.99
-12044.789999999999,-12027.33,-23379.704999999998,-6795.09,374.49,-29830.77,-12185.46,-3921.975
-12015.99,-11986.515,-23349.329999999998,-6770.745,417.06,-29786.67,-12144.42,-3904.605
-12025.71,-12003.029999999999,-23355.09,-6780.195,412.695,-29777.85,-12122.279999999999,-3901.77
-12033.81,-12015.72,-23372.774999999998,-6808.32,390.78,-29784.465,-12118.68,-3902.1299999999997
-12034.89,-12008.97,-23364.09,-6814.755,388.215,-29788.92,-12140.505,-3908.205
-12038.85,-12020.22,-23388.975,-6824.655,383.21999999999997,-29796.57,-12153.06,-3909.87
-12037.365,-12018.555,-23389.469999999998,-6806.429999999999,395.59499999999997,-29795.039999999997,-12152.205,-3908.205
-12040.02,-12021.795,-23384.52,-6822.2699999999995,395.955,-29791.98,-12144.105,-3907.7999999999997
-12046.14,-12033.27,-23407.11,-6866.37,369.27,-29803.364999999998,-12145.005,-3911.85
-12043.305,-12030.66,-23409.945,-6874.83,376.11,-29796.39,-12140.91,-3910.365
-12040.02,-12025.664999999999,-23402.16,-6870.105,381.195,-29795.76,-12144.555,-3910.3199999999997
-12038.85,-12029.355,-23422.23,-6871.365,371.15999999999997,-29803.14,-12150.539999999999,-3910.455
-12036.15,-12034.439999999999,-23457.87,-6887.07,366.97499999999997,-29805.93,-12152.699999999999,-3907.035
-12034.845,-12026.07,-23414.445,-6851.655,383.895,-29799.495,-12150.765,-3906.4049999999997
-12036.96,-12019.77,-23360.445,-6826.23,385.155,-29788.02,-12145.68,-3907.2149999999997
-12037.23,-12023.91,-23383.215,-6832.17,375.65999999999997,-29796.12,-12149.865,-3907.2149999999997
-12029.355,-12013.785,-23383.17,-6806.79,388.575,-29790.765,-12143.025,-3903.0299999999997
-12024.045,-12003.21,-23353.965,-6770.34,409.5,-29780.504999999997,-12133.439999999999,-3897.765
-12020.13,-11995.154999999999,-23343.524999999998,-6763.724999999999,405.585,-29792.43,-12141.18,-3895.74
-12024.539999999999,-11999.295,-23379.524999999998,-6783.974999999999,398.835,-29799.765,-12150.314999999999,-3903.12
-12032.324999999999,-12013.425,-23380.29,-6804.179999999999,383.715,-29802.239999999998,-12154.545,-3906.54
-12044.295,-12028.23,-23368.364999999998,-6818.175,371.925,-29813.489999999998,-12163.59,-3910.455
-12045.465,-12026.88,-23375.745,-6817.634999999999,369.09,-29824.199999999997,-12176.234999999999,-3913.9649999999997
-12041.505,-12019.545,-23377.86,-6816.915,371.925,-29821.545,-12177.045,-3915.225
-12030.975,-12008.744999999999,-23363.594999999998,-6807.014999999999,383.4,-29795.309999999998,-12152.88,-3904.6949999999997
-12021.345,-11995.74,-23349.105,-6792.795,398.96999999999997,-29780.684999999998,-12156.029999999999,-3901.0499999999997
-12021.164999999999,-11995.154999999999,-23356.395,-6798.105,391.95,-29813.579999999998,-12210.345,-3911.895
-12026.16,-12002.85,-23368.05,-6813.585,374.53499999999997,-29838.149999999998,-12226.14,-3914.2799999999997
-12038.895,-12017.115,-23380.515,-6822.855,370.84499999999997,-29830.364999999998,-12180.96,-3913.74
-12037.005,-12022.74,-23387.445,-6827.4,375.34499999999997,-29804.219999999998,-12103.064999999999,-3893.7149999999997
-12032.955,-12018.375,-23383.575,-6822.405,380.29499999999996,-29801.34,-12105.63,-3886.92
-12043.08,-12028.275,-23393.745,-6831.495,371.925,-29810.34,-12134.564999999999,-3903.615
-12044.25,-12028.994999999999,-23395.004999999997,-6834.465,368.19,-29814.57,-12150.449999999999,-3912.48
-12047.445,-12030.57,-23396.805,-6836.13,367.155,-29812.815,-12151.17,-3921.435
-12035.43,-12014.64,-23380.829999999998,-6819.48,382.635,-29801.969999999998,-12147.119999999999,-3914.325
-12026.52,-12001.904999999999,-23367.645,-6807.509999999999,391.995,-29805.614999999998,-12175.244999999999,-3916.62
-11998.484999999999,-11965.904999999999,-23331.195,-6772.365,423.04499999999996,-29791.8,-12199.23,-3905.5049999999997
-11976.21,-11943.449999999999,-23308.875,-6751.304999999999,443.655,-29775.555,-12185.414999999999,-3881.6099999999997
-11954.88,-11919.824999999999,-23283.765,-6724.349999999999,474.34499999999997,-29745.449999999997,-12135.51,-3857.22
-11977.47,-11946.33,-23310.45,-6747.615,455.805,-29743.92,-12087.945,-3863.0249999999996
-12035.52,-12022.289999999999,-23388.614999999998,-6822.764999999999,391.59,-29772.09,-12046.545,-3885.8399999999997
-12067.785,-12061.395,-23430.825,-6866.009999999999,342.765,-29826.449999999997,-12105.855,-3916.2149999999997
-12073.365,-12066.39,-23436.765,-6871.86,335.205,-29838.329999999998,-12135.779999999999,-3925.665
-12072.6,-12062.925,-23431.815,-6864.255,344.15999999999997,-29828.61,-12140.73,-3931.83
-12064.455,-12052.664999999999,-23423.129999999997,-6858.54,353.07,-29820.239999999998,-12147.345,-3930.8399999999997
-12056.76,-12047.355,-23422.68,-6866.46,355.905,-29812.59,-12140.865,-3921.93
-12049.199999999999,-12040.74,-23422.635,-6890.804999999999,361.53,-29808.539999999997,-12130.605,-3913.1549999999997
-12047.895,-12039.885,-23423.265,-6905.16,362.61,-29807.28,-12123.27,-3905.5499999999997
-12052.619999999999,-12040.154999999999,-23421.51,-6895.62,361.34999999999997,-29805.704999999998,-12132.225,-3915.81
-12050.324999999999,-12034.529999999999,-23405.895,-6840.99,368.865,-29805.164999999997,-12137.175,-3915.4049999999997
-12042.99,-12032.234999999999,-23389.065,-6781.005,377.55,-29811.78,-12138.435,-3907.575
-12034.935,-12022.965,-23382.27,-6789.554999999999,381.555,-29813.625,-12140.595,-3901.815
-12033.72,-12011.67,-23383.26,-6831.585,390.41999999999996,-29798.864999999998,-12141.99,-3906.0
-12031.154999999999,-12021.119999999999,-23410.17,-6904.844999999999,363.375,-29810.655,-12142.664999999999,-3898.71
-12037.275,-12036.914999999999,-23440.23,-6930.495,345.91499999999996,-29822.175,-12146.265,-3898.08
-12050.73,-12046.455,-23445.135,-6888.69,350.09999999999997,-29818.215,-12141.27,-3908.79
-12056.31,-12046.904999999999,-23431.094999999998,-6838.74,351.765,-29813.76,-12138.525,-3916.98
-12057.795,-12044.654999999999,-23425.29,-6834.375,357.03,-29814.614999999998,-12148.515,-3923.0099999999998
-12051.225,-12029.58,-23377.995,-6806.61,380.25,-29801.565,-12145.365,-3919.23
-12044.16,-12030.029999999999,-23391.18,-6793.5599999999995,393.12,-29788.469999999998,-12136.77,-3911.85
-12037.455,-12021.75,-23404.68,-6806.925,395.145,-29785.815,-12128.22,-3904.83
-12028.545,-12007.08,-23418.855,-6855.929999999999,385.38,-29792.655,-12133.529999999999,-3900.645
-12037.185,-12017.07,-23410.26,-6848.505,384.435,-29789.82,-12140.279999999999,-3909.105
-12048.345,-12033.045,-23397.614999999998,-6840.9,375.84,-29795.129999999997,-12150.585,-3917.52
-12051.18,-12038.13,-23390.73,-6854.67,359.82,-29797.92,-12154.095,-3920.22
-12049.83,-12043.8,-23415.795,-6852.15,362.52,-29802.149999999998,-12151.845,-3916.5299999999997
-12044.115,-12031.515,-23414.355,-6802.11,396.85499999999996,-29789.37,-12138.84,-3910.365
-12033.945,-12007.89,-23386.905,-6777.99,411.525,-29784.195,-12129.21,-3902.22
-12030.029999999999,-12002.445,-23380.335,-6809.355,392.58,-29798.28,-12138.39,-3899.745
-12042.314999999999,-12028.14,-23426.415,-6852.554999999999,362.205,-29823.3,-12166.335,-3909.4649999999997
-12050.279999999999,-12035.699999999999,-23412.825,-6836.535,362.205,-29832.84,-12197.43,-3918.1949999999997
-12037.814999999999,-12009.734999999999,-23354.055,-6805.71,368.145,-29848.05,-12217.455,-3915.8999999999996
-12032.369999999999,-12002.805,-23354.415,-6800.8949999999995,382.905,-29822.129999999997,-12191.805,-3912.93
-12007.98,-11977.289999999999,-23334.344999999998,-6771.33,422.865,-29770.829999999998,-12132.045,-3887.2349999999997
-11990.16,-11956.23,-23315.129999999997,-6753.014999999999,438.12,-29761.92,-12127.23,-3878.8199999999997
-11999.52,-11964.96,-23325.84,-6767.955,422.46,-29781.0,-12158.369999999999,-3896.595
-12019.32,-11989.484999999999,-23351.04,-6794.6849999999995,398.61,-29798.37,-12149.775,-3904.3799999999997
-12043.935,-12023.91,-23383.079999999998,-6823.98,381.735,-29793.555,-12107.654999999999,-3905.145
-12052.755,-12038.13,-23402.879999999997,-6839.325,377.64,-29792.43,-12115.619999999999,-3907.7549999999997
-12016.17,-11988.855,-23358.465,-6791.219999999999,411.47999999999996,-29796.93,-12145.32,-3904.245
-11974.77,-11935.664999999999,-23299.92,-6738.84,452.205,-29773.71,-12132.539999999999,-3883.095
-11974.365,-11938.23,-23304.465,-6747.389999999999,445.005,-29780.82,-12122.414999999999,-3873.33
-12013.965,-11984.49,-23350.004999999997,-6791.625,402.255,-29821.77,-12154.14,-3889.125
-12055.994999999999,-12039.255,-23407.965,-6849.719999999999,349.02,-29863.98,-12192.164999999999,-3912.165
-12095.82,-12094.154999999999,-23464.17,-6910.514999999999,290.96999999999997,-29897.73,-12222.0,-3941.2349999999997
-12071.654999999999,-12056.939999999999,-23419.62,-6864.12,339.21,-29846.475,-12183.029999999999,-3937.995
-12039.75,-12010.5,-23371.785,-6804.045,407.655,-29786.219999999998,-12111.48,-3924.18
-12033.09,-12006.404999999999,-23366.475,-6794.1449999999995,424.16999999999996,-29755.26,-12028.814999999999,-3898.98
-12044.43,-12028.455,-23387.579999999998,-6820.469999999999,397.62,-29768.625,-12021.48,-3887.5049999999997
-12064.814999999999,-12051.765,-23415.12,-6846.929999999999,370.03499999999997,-29804.489999999998,-12074.58,-3910.0049999999997
-12060.045,-12046.725,-23415.12,-6848.28,365.4,-29829.239999999998,-12113.279999999999,-3913.47
-12043.08,-12026.43,-23396.715,-6833.61,377.46,-29831.039999999997,-12138.074999999999,-3910.95
-12027.33,-11999.654999999999,-23366.655,-6801.615,405.9,-29812.68,-12152.789999999999,-3912.8849999999998
-12012.029999999999,-11974.77,-23336.91,-6769.259999999999,434.52,-29789.414999999997,-12143.295,-3906.0899999999997
-12015.855,-11982.375,-23347.53,-6782.3099999999995,424.16999999999996,-29792.204999999998,-12129.795,-3900.87
-12039.345,-12021.57,-23396.625,-6845.4,391.185,-29807.145,-12108.06,-3899.43
-12086.279999999999,-12085.289999999999,-23467.59,-6922.575,339.75,-29836.8,-12118.14,-3922.02
-12080.609999999999,-12074.67,-23456.79,-6913.62,326.835,-29870.37,-12151.845,-3927.825
-12059.685,-12041.64,-23413.23,-6848.054999999999,357.705,-29855.34,-12150.63,-3919.365
-12055.77,-12035.34,-23398.335,-6818.219999999999,367.2,-29843.594999999998,-12133.305,-3915.6749999999997
-12049.605,-12034.755,-23408.145,-6852.78,374.445,-29826.809999999998,-12111.21,-3904.6949999999997
-12053.115,-12049.515,-23432.94,-6881.219999999999,358.02,-29836.44,-12126.105,-3905.37
-12052.664999999999,-12037.77,-23415.57,-6851.88,369.71999999999997,-29834.145,-12143.744999999999,-3913.065
-12048.345,-12020.67,-23383.53,-6809.715,391.005,-29805.57,-12122.414999999999,-3910.545
-12047.76,-12028.23,-23395.95,-6837.48,383.805,-29802.824999999997,-12119.67,-3907.395
-12040.92,-12016.215,-23395.545,-6859.3949999999995,388.71,-29804.355,-12125.025,-3906.3599999999997
-12042.675,-12016.845,-23394.105,-6850.53,387.585,-29805.48,-12121.605,-3906.9449999999997
-12044.205,-12015.81,-23378.579999999998,-6805.17,396.71999999999997,-29800.215,-12123.225,-3908.295
-12041.01,-12013.244999999999,-23371.335,-6765.03,395.59499999999997,-29811.87,-12132.18,-3907.4849999999997
-12046.095,-12022.83,-23382.719999999998,-6787.304999999999,397.62,-29807.055,-12130.47,-3907.305
-12041.64,-12019.635,-23393.79,-6841.844999999999,385.965,-29802.645,-12127.365,-3904.02
-12041.1,-12021.255,-23411.745,-6878.295,379.8,-29793.78,-12123.18,-3902.4449999999997
-12041.865,-12023.775,-23428.215,-6856.38,390.78,-29794.23,-12123.449999999999,-3904.29
-12049.695,-12036.105,-23440.86,-6837.48,386.055,-29798.01,-12126.869999999999,-3909.87
-12051.09,-12033.0,-23397.704999999998,-6792.344999999999,394.155,-29784.69,-12124.26,-3908.3849999999998
-12047.085,-12018.33,-23358.465,-6785.1449999999995,386.685,-29803.545,-12137.039999999999,-3906.3599999999997
-12051.314999999999,-12027.33,-23377.094999999998,-6810.48,370.08,-29824.605,-12151.035,-3906.54
-12050.145,-12029.715,-23392.395,-6819.21,376.46999999999997,-29820.105,-12154.725,-3904.6949999999997
-12049.965,-12024.27,-23387.625,-6825.69,376.65,-29821.41,-12166.244999999999,-3910.365
-12059.369999999999,-12034.395,-23421.105,-6846.84,371.47499999999997,-29828.295,-12194.73,-3924.855
-12059.189999999999,-12035.564999999999,-23436.945,-6856.29,366.21,-29836.664999999997,-12220.47,-3937.23
-12049.65,-12019.32,-23383.89,-6821.1449999999995,382.77,-29821.23,-12195.27,-3932.2799999999997
-12025.89,-11988.765,-23335.739999999998,-6793.74,418.54499999999996,-29765.789999999997,-12106.89,-3906.18
-11983.59,-11945.205,-23311.844999999998,-6770.7,472.32,-29709.945,-12061.439999999999,-3866.67
-11968.154999999999,-11930.58,-23301.36,-6757.83,484.515,-29700.855,-12076.515,-3859.065
-11974.635,-11938.68,-23310.585,-6742.665,472.85999999999996,-29711.114999999998,-12087.63,-3864.7349999999997
-12013.244999999999,-11982.015,-23345.1,-6743.16,433.215,-29745.495,-12092.175,-3883.23
-12056.22,-12031.65,-23383.575,-6806.34,381.33,-29787.57,-12093.615,-3900.6
-12071.52,-12059.279999999999,-23438.16,-6897.465,345.41999999999996,-29814.21,-12112.965,-3910.095
-12053.744999999999,-12041.865,-23446.125,-6949.9349999999995,351.135,-29805.795,-12126.51,-3906.72
-12035.025,-12018.51,-23431.23,-6956.415,368.55,-29789.82,-12127.005,-3901.995
-12026.564999999999,-12008.789999999999,-23412.555,-6890.625,390.96,-29773.44,-12120.345,-3894.39
-12043.08,-12017.925,-23384.655,-6795.045,395.505,-29786.985,-12126.285,-3903.435
-12054.914999999999,-12027.555,-23369.04,-6748.875,369.85499999999996,-29827.62,-12152.744999999999,-3911.3999999999996
-12053.385,-12026.654999999999,-23370.344999999998,-6760.44,366.12,-29833.155,-12171.645,-3916.17
-12049.02,-12022.38,-23379.075,-6789.285,376.28999999999996,-29817.045,-12154.41,-3913.6499999999996
-12056.039999999999,-12029.49,-23388.57,-6800.94,386.72999999999996,-29790.09,-12131.414999999999,-3919.0049999999997
-12062.52,-12036.914999999999,-23395.815,-6809.8949999999995,387.765,-29785.86,-12132.585,-3922.29
-12069.765,-12041.865,-23404.094999999998,-6827.849999999999,366.65999999999997,-29813.129999999997,-12159.765,-3932.415
-12050.82,-12025.529999999999,-23390.82,-6817.365,380.52,-29801.745,-12136.005,-3914.055
-12021.164999999999,-11991.779999999999,-23352.39,-6779.5199999999995,422.55,-29760.39,-12088.395,-3885.0299999999997
-12004.244999999999,-11972.609999999999,-23331.465,-6766.469999999999,436.185,-29749.77,-12085.605,-3874.545
-12022.064999999999,-11997.765,-23367.059999999998,-6800.219999999999,409.72499999999997,-29767.635,-12102.57,-3883.77
-12053.475,-12032.82,-23407.29,-6834.105,379.53,-29796.254999999997,-12142.125,-3912.615
-12071.88,-12050.1,-23412.6,-6842.79,363.96,-29811.105,-12158.369999999999,-3928.2749999999996
-12081.105,-12062.43,-23424.84,-6856.83,351.675,-29814.254999999997,-12129.3,-3929.58
-12058.515,-12037.68,-23401.079999999998,-6829.155,384.47999999999996,-29781.539999999997,-12086.189999999999,-3906.27
-12040.38,-12021.84,-23392.44,-6834.6449999999995,389.43,-29784.42,-12107.88,-3896.19
-12029.805,-12008.789999999999,-23387.355,-6836.264999999999,393.885,-29790.629999999997,-12138.164999999999,-3898.44
-12029.535,-12000.869999999999,-23377.635,-6823.755,397.44,-29793.96,-12150.225,-3904.3799999999997
-12034.305,-12003.164999999999,-23377.59,-6811.695,402.21,-29788.785,-12139.425,-3906.0899999999997
-12048.074999999999,-12034.035,-23435.1,-6837.615,389.34,-29781.855,-12100.68,-3897.99
-12069.314999999999,-12061.89,-23456.7,-6877.485,350.145,-29809.664999999997,-12113.685,-3909.1949999999997
-12065.939999999999,-12049.605,-23413.184999999998,-6862.634999999999,353.34,-29810.789999999997,-12132.72,-3916.575
-12058.65,-12042.494999999999,-23430.465,-6847.65,368.955,-29800.664999999997,-12135.914999999999,-3916.17
-12051.9,-12028.32,-23394.78,-6813.945,387.45,-29789.864999999998,-12126.51,-3908.3849999999998
-12046.275,-12016.664999999999,-23363.37,-6820.29,383.35499999999996,-29795.805,-12129.705,-3906.495
-12046.32,-12006.99,-23365.079999999998,-6812.594999999999,392.35499999999996,-29793.555,-12133.664999999999,-3912.48
-12044.744999999999,-12007.89,-23372.55,-6804.675,397.62,-29792.25,-12131.234999999999,-3910.23
-12046.275,-12016.439999999999,-23384.34,-6824.205,392.35499999999996,-29794.59,-12123.18,-3905.2349999999997
-12039.75,-12013.109999999999,-23389.695,-6850.62,392.625,-29784.015,-12111.21,-3896.595
-12035.43,-12012.795,-23420.655,-6877.889999999999,389.34,-29785.274999999998,-12114.27,-3893.7599999999998
-12041.414999999999,-12019.23,-23436.945,-6857.865,383.76,-29789.01,-12121.695,-3901.0049999999997
-12041.595,-12016.71,-23399.504999999997,-6835.545,386.145,-29784.87,-12121.965,-3900.915
-12048.255,-12019.904999999999,-23359.23,-6796.215,383.21999999999997,-29793.824999999997,-12135.015,-3905.5499999999997
-12051.449999999999,-12030.66,-23387.715,-6807.78,370.125,-29816.19,-12157.92,-3903.12
-12044.88,-12024.855,-23393.024999999998,-6833.025,354.28499999999997,-29833.875,-12170.115,-3895.92
-12043.035,-12017.385,-23386.32,-6828.705,367.02,-29817.36,-12152.789999999999,-3894.93
-12044.25,-12011.67,-23359.41,-6812.639999999999,382.32,-29759.94,-12102.57,-3899.565
-12043.395,-12013.02,-23377.905,-6831.2699999999995,388.71,-29763.855,-12097.305,-3905.055
-12040.605,-12012.93,-23392.215,-6843.24,379.53,-29789.954999999998,-12124.484999999999,-3904.605
-12032.369999999999,-12000.105,-23377.545,-6831.8099999999995,392.66999999999996,-29787.48,-12139.74,-3902.4449999999997
-12041.595,-12010.14,-23390.37,-6845.8949999999995,381.555,-29800.8,-12174.39,-3916.845
-12054.465,-12026.34,-23403.87,-6849.2699999999995,363.10499999999996,-29822.445,-12204.99,-3930.2999999999997
-12047.22,-12012.795,-23384.16,-6820.065,372.10499999999996,-29816.73,-12201.57,-3931.515
-12028.859999999999,-11987.91,-23352.93,-6756.389999999999,408.195,-29779.695,-12152.34,-3916.7999999999997
-12018.33,-11974.68,-23315.805,-6729.389999999999,428.94,-29746.53,-12094.92,-3892.995
-12007.619999999999,-11966.49,-23313.239999999998,-6736.275,446.175,-29714.85,-12052.98,-3877.83
-11988.314999999999,-11945.115,-23301.675,-6723.224999999999,470.52,-29708.235,-12034.8,-3858.0299999999997
-12003.615,-11967.615,-23327.864999999998,-6753.87,438.34499999999997,-29746.17,-12061.305,-3863.97
-12018.465,-11983.14,-23344.559999999998,-6774.84,418.05,-29771.82,-12103.38,-3884.04
-12033.09,-12002.175,-23368.905,-6802.155,392.53499999999997,-29792.789999999997,-12120.164999999999,-3896.145
-12060.855,-12037.545,-23404.815,-6839.009999999999,355.09499999999997,-29828.204999999998,-12157.56,-3915.315
-12061.71,-12035.385,-23402.204999999998,-6835.679999999999,359.145,-29826.405,-12173.039999999999,-3920.85
-12058.605,-12030.84,-23398.695,-6831.315,367.065,-29812.32,-12160.26,-3918.555
-12059.505,-12029.085,-23393.204999999998,-6824.925,379.305,-29791.305,-12118.005,-3915.765
-12073.005,-12044.475,-23407.965,-6837.66,372.69,-29785.59,-12088.08,-3921.615
-12080.295,-12058.605,-23428.575,-6858.719999999999,355.09499999999997,-29800.62,-12103.244999999999,-3927.645
-12063.869999999999,-12042.09,-23414.985,-6850.889999999999,351.0,-29823.3,-12116.789999999999,-3911.67
-12059.055,-12039.93,-23411.745,-6851.79,346.455,-29834.774999999998,-12131.414999999999,-3901.5899999999997
-12060.18,-12041.73,-23415.614999999998,-6858.63,340.60499999999996,-29840.579999999998,-12134.699999999999,-3903.0299999999997
-12069.99,-12047.805,-23417.46,-6854.8949999999995,350.145,-29825.594999999998,-12129.795,-3914.595
-12068.369999999999,-12039.93,-23405.129999999997,-6839.73,367.425,-29807.684999999998,-12136.05,-3924.54
-12058.965,-12026.52,-23393.16,-6831.179999999999,375.075,-29800.934999999998,-12132.404999999999,-3922.56
-12045.15,-12013.289999999999,-23380.829999999998,-6821.594999999999,386.41499999999996,-29781.855,-12101.67,-3904.47
-12046.68,-12020.175,-23387.355,-6825.87,385.46999999999997,-29776.725,-12090.645,-3901.095
-12050.189999999999,-12024.855,-23390.64,-6829.695,379.935,-29786.489999999998,-12101.085,-3903.39
-12046.994999999999,-12018.555,-23387.895,-6831.36,377.09999999999997,-29801.52,-12111.39,-3903.615
-12046.725,-12018.779999999999,-23395.004999999997,-6846.344999999999,380.43,-29801.25,-12115.8,-3905.0099999999998
-12051.135,-12022.199999999999,-23395.68,-6866.505,376.91999999999996,-29804.355,-12127.545,-3912.48
-12048.074999999999,-12029.76,-23415.93,-6883.695,364.455,-29803.77,-12127.14,-3907.7999999999997
-12048.21,-12027.42,-23426.91,-6846.255,369.85499999999996,-29804.94,-12125.07,-3909.7799999999997
-12040.83,-12014.234999999999,-23392.89,-6815.835,380.78999999999996,-29788.739999999998,-12107.564999999999,-3897.315
-12050.189999999999,-12017.115,-23365.844999999998,-6794.865,392.805,-29779.649999999998,-12103.335,-3902.7149999999997
-12054.195,-12021.21,-23383.98,-6825.96,386.37,-29787.3,-12115.529999999999,-3912.345
-12055.5,-12032.505,-23422.23,-6862.905,370.755,-29796.12,-12123.045,-3911.805
-12053.88,-12027.105,-23412.195,-6840.315,380.745,-29795.76,-12121.605,-3910.0049999999997
-12047.895,-12013.199999999999,-23386.59,-6810.12,391.77,-29796.614999999998,-12117.645,-3906.4049999999997
-12043.935,-12004.109999999999,-23366.745,-6816.599999999999,390.28499999999997,-29800.079999999998,-12114.63,-3903.795
-12048.21,-12018.6,-23383.62,-6852.375,376.245,-29805.93,-12118.32,-3904.515
-12055.095,-12032.505,-23404.14,-6883.335,354.06,-29824.515,-12144.779999999999,-3911.265
-12060.675,-12039.029999999999,-23450.85,-6903.63,348.97499999999997,-29835.0,-12171.869999999999,-3919.3199999999997
-12065.22,-12041.1,-23460.03,-6913.98,343.16999999999996,-29832.57,-12181.77,-3928.815
-12054.24,-12026.205,-23425.2,-6875.415,372.10499999999996,-29802.239999999998,-12138.615,-3916.2149999999997
-12024.675,-11985.615,-23348.565,-6809.445,413.28,-29762.594999999998,-12079.664999999999,-3886.4249999999997
-12013.965,-11965.545,-23313.645,-6738.84,429.34499999999997,-29759.715,-12083.85,-3880.5299999999997
-12022.695,-11971.8,-23308.2,-6711.075,441.53999999999996,-29764.215,-12121.154999999999,-3895.47
-12037.14,-11997.404999999999,-23347.98,-6778.17,397.84499999999997,-29806.289999999997,-12162.914999999999,-3903.21
-12057.029999999999,-12032.82,-23403.78,-6850.665,340.065,-29858.67,-12184.74,-3906.18
-12065.22,-12038.22,-23410.8,-6845.715,341.055,-29857.454999999998,-12168.765,-3912.345
-12070.215,-12037.545,-23397.84,-6816.78,371.205,-29810.07,-12096.494999999999,-3915.045
-12071.52,-12040.605,-23396.445,-6811.425,379.16999999999996,-29783.879999999997,-12066.66,-3918.4649999999997
-12052.89,-12015.135,-23374.17,-6802.425,388.97999999999996,-29787.48,-12106.574999999999,-3916.665
-12035.43,-11995.02,-23358.149999999998,-6792.3,399.06,-29788.11,-12122.505,-3907.935
-12012.074999999999,-11968.244999999999,-23331.555,-6767.235,427.32,-29760.344999999998,-12099.285,-3890.43
-11995.064999999999,-11948.895,-23312.655,-6748.065,449.775,-29734.559999999998,-12074.49,-3876.435
-12007.935,-11962.664999999999,-23327.415,-6763.995,436.54499999999996,-29747.655,-12087.494999999999,-3888.27
-12029.76,-11986.515,-23353.02,-6790.815,410.805,-29782.89,-12120.795,-3904.29
-12048.615,-12012.345,-23381.055,-6821.054999999999,377.64,-29822.219999999998,-12130.154999999999,-3907.2149999999997
-12089.205,-12068.82,-23440.59,-6884.505,314.145,-29876.039999999997,-12151.529999999999,-3923.8199999999997
-12084.615,-12056.76,-23427.585,-6868.889999999999,330.97499999999997,-29862.449999999997,-12159.18,-3934.5299999999997
-12049.244999999999,-12015.855,-23383.89,-6822.54,381.51,-29810.204999999998,-12113.595,-3903.795
-12033.404999999999,-12000.06,-23368.815,-6810.974999999999,389.15999999999997,-29806.829999999998,-12113.955,-3889.17
-12028.949999999999,-11991.285,-23359.77,-6802.695,394.245,-29807.864999999998,-12125.925,-3890.16
-12039.435,-11999.789999999999,-23366.204999999998,-6807.87,393.16499999999996,-29799.989999999998,-12123.72,-3904.1099999999997
-12064.68,-12032.414999999999,-23400.629999999997,-6839.82,368.46,-29803.32,-12094.515,-3914.145
-12069.72,-12038.805,-23404.184999999998,-6845.04,361.26,-29807.28,-12101.085,-3917.9249999999997
-12081.555,-12051.855,-23415.795,-6857.594999999999,346.95,-29827.574999999997,-12118.859999999999,-3928.365
-12078.18,-12049.425,-23415.93,-6852.78,355.77,-29823.39,-12097.89,-3916.17
-12073.095,-12045.465,-23411.43,-6844.455,360.36,-29822.039999999997,-12096.045,-3911.7149999999997
-12065.58,-12039.48,-23407.965,-6844.995,368.19,-29815.469999999998,-12088.529999999999,-3904.9649999999997
-12062.34,-12035.654999999999,-23411.07,-6862.365,367.91999999999996,-29814.795,-12098.43,-3905.73
-12064.635,-12033.539999999999,-23413.05,-6880.41,365.53499999999997,-29818.62,-12119.715,-3914.325
-12065.895,-12037.994999999999,-23411.565,-6873.615,377.055,-29807.504999999997,-12115.619999999999,-3913.29
-12057.345,-12030.48,-23400.765,-6849.719999999999,379.935,-29801.16,-12105.314999999999,-3909.105
-12046.859999999999,-12014.279999999999,-23380.379999999997,-6804.719999999999,391.005,-29796.164999999997,-12101.58,-3903.93
-12051.539999999999,-12017.699999999999,-23378.67,-6792.3,388.485,-29801.52,-12100.275,-3905.595
-12050.55,-12012.21,-23376.015,-6806.7,383.76,-29810.114999999998,-12108.195,-3907.125
-12053.25,-12016.755,-23384.61,-6817.139999999999,381.33,-29813.985,-12114.135,-3909.24
-12050.91,-12010.994999999999,-23380.02,-6816.6449999999995,388.89,-29803.274999999998,-12109.77,-3907.2149999999997
-12047.984999999999,-12007.619999999999,-23372.55,-6814.889999999999,395.01,-29797.245,-12109.005,-3904.065
-12047.805,-12009.734999999999,-23378.355,-6838.83,384.34499999999997,-29801.565,-12113.145,-3904.4249999999997
-12052.395,-12011.715,-23380.605,-6847.83,383.895,-29796.074999999997,-12114.045,-3909.69
-12054.645,-12017.564999999999,-23391.495,-6858.045,383.84999999999997,-29787.75,-12111.164999999999,-3909.87
-12051.945,-12021.57,-23402.745,-6858.54,380.025,-29789.324999999997,-12110.85,-3905.415
-12051.045,-12022.199999999999,-23401.26,-6842.88,374.13,-29798.01,-12113.775,-3904.515
-12056.31,-12028.32,-23406.344999999998,-6837.795,364.14,-29810.565,-12132.449999999999,-3909.7799999999997
-12063.195,-12025.98,-23395.32,-6817.905,368.01,-29819.969999999998,-12163.095,-3924.045
-12059.955,-12016.484999999999,-23376.87,-6800.804999999999,383.31,-29813.895,-12168.449999999999,-3926.3399999999997
-12059.324999999999,-12017.744999999999,-23377.905,-6817.005,376.60499999999996,-29817.495,-12156.119999999999,-3919.455
-12055.949999999999,-12020.039999999999,-23381.55,-6823.665,368.59499999999997,-29819.024999999998,-12143.295,-3903.615
-12070.89,-12041.505,-23411.969999999998,-6846.344999999999,346.59,-29835.539999999997,-12164.895,-3912.705
-12071.025,-12033.81,-23404.14,-6853.005,356.03999999999996,-29820.645,-12165.39,-3920.94
-12042.27,-12000.06,-23372.055,-6831.045,394.91999999999996,-29779.335,-12132.045,-3906.6299999999997
-12022.83,-11976.885,-23347.17,-6797.88,437.31,-29740.995,-12100.32,-3896.955
-12025.529999999999,-11979.539999999999,-23347.575,-6781.679999999999,446.76,-29721.329999999998,-12069.09,-3895.335
-12051.27,-12010.545,-23376.51,-6794.82,405.585,-29747.655,-12063.15,-3903.39
-12072.285,-12038.67,-23410.98,-6843.42,366.16499999999996,-29787.48,-12092.939999999999,-3913.1549999999997
-12052.619999999999,-12017.654999999999,-23388.885,-6834.6449999999995,376.74,-29781.855,-12096.9,-3899.97
-12030.255,-11987.595,-23354.145,-6802.245,411.21,-29755.395,-12082.185,-3886.245
-12022.875,-11977.109999999999,-23344.695,-6787.17,430.245,-29745.855,-12096.539999999999,-3885.48
-12039.57,-11998.664999999999,-23369.94,-6810.03,392.805,-29783.789999999997,-12148.515,-3901.23
-12065.49,-12032.145,-23403.825,-6849.315,338.895,-29838.645,-12197.43,-3923.37
-12072.285,-12039.57,-23407.515,-6850.62,343.03499999999997,-29833.11,-12192.795,-3930.2999999999997
