ch0,ch1,ch2,ch3,ch4,ch5,ch6,ch7
-11860.695,-11978.055,-23265.045,-6802.38,384.93,-29791.98,-12048.885,-3979.2149999999997
-11866.814999999999,-11987.64,-23268.329999999998,-6798.78,383.53499999999997,-29793.914999999997,-12056.535,-3982.095
-11865.465,-11983.455,-23256.36,-6790.455,380.655,-29805.885,-12072.689999999999,-3984.66
-11867.939999999999,-11980.395,-23248.62,-6785.955,387.675,-29799.225,-12090.779999999999,-3995.595
-11868.57,-11983.994999999999,-23258.565,-6808.005,362.96999999999997,-29825.145,-12100.32,-3996.3599999999997
-11860.289999999999,-11976.48,-23262.344999999998,-6829.65,364.005,-29821.995,-12086.73,-3990.6
-11846.025,-11960.64,-23238.629999999997,-6829.335,372.28499999999997,-29789.774999999998,-12059.685,-3977.64
-11838.689999999999,-11951.324999999999,-23216.805,-6813.36,380.88,-29755.934999999998,-12025.439999999999,-3968.5049999999997
-11846.835,-11957.805,-23217.12,-6794.505,378.585,-29765.34,-12047.58,-3978.0
-11859.93,-11969.595,-23222.475,-6767.415,374.445,-29788.469999999998,-12072.645,-3994.83
-11850.975,-11959.65,-23210.684999999998,-6760.44,397.97999999999996,-29764.079999999998,-12047.175,-3983.22
-11843.369999999999,-11956.59,-23227.515,-6773.13,408.645,-29777.085,-12036.015,-3965.4449999999997
-11847.24,-11964.24,-23244.795,-6799.7699999999995,378.22499999999997,-29804.805,-12048.705,-3970.305
-11855.654999999999,-11970.63,-23250.645,-6801.974999999999,382.14,-29795.355,-12041.73,-3980.79
-11860.515,-11977.38,-23249.969999999998,-6805.8,381.735,-29781.855,-12027.285,-3977.955
-11859.885,-11976.57,-23231.745,-6805.08,378.405,-29758.004999999997,-12019.545,-3978.72
-11853.99,-11963.295,-23217.84,-6798.599999999999,383.49,-29756.655,-12033.81,-3985.875
-11840.58,-11946.465,-23205.105,-6789.87,392.13,-29759.805,-12052.215,-3981.4649999999997
-11855.88,-11959.605,-23219.504999999997,-6810.165,370.97999999999996,-29783.07,-12064.949999999999,-4000.0499999999997
-11869.47,-11968.064999999999,-23225.445,-6803.28,398.88,-29742.48,-12020.715,-4012.02
-11881.529999999999,-11985.975,-23245.875,-6814.53,395.145,-29734.605,-12006.404999999999,-4015.17
-11870.505,-11985.75,-23262.704999999998,-6819.795,382.815,-29774.789999999997,-12024.765,-3996.585
-11857.23,-11984.76,-23273.64,-6827.355,376.83,-29794.77,-12037.949999999999,-3978.315
-11847.734999999999,-11983.005,-23282.954999999998,-6846.929999999999,379.08,-29794.725,-12037.635,-3958.245
-11850.66,-11984.895,-23294.925,-6868.665,371.61,-29804.265,-12050.189999999999,-3960.045
-11863.439999999999,-11990.789999999999,-23285.34,-6851.745,362.29499999999996,-29821.23,-12077.865,-3979.305
-11867.58,-11993.445,-23271.03,-6830.505,363.51,-29817.405,-12070.89,-3985.065
-11853.72,-11977.875,-23233.545,-6815.745,371.745,-29777.67,-12036.42,-3974.22
-11842.965,-11964.33,-23249.835,-6847.0199999999995,380.61,-29789.1,-12032.414999999999,-3963.24
-11844.045,-11965.68,-23270.895,-6858.495,386.72999999999996,-29790.449999999997,-12030.84,-3961.89
-11848.23,-11972.564999999999,-23269.95,-6840.54,385.335,-29790.405,-12039.029999999999,-3969.72
-11853.9,-11976.21,-23265.989999999998,-6826.365,379.16999999999996,-29793.555,-12050.279999999999,-3975.615
-11860.92,-11980.845,-23269.05,-6821.37,373.22999999999996,-29804.85,-12069.18,-3981.915
-11861.505,-11983.77,-23278.68,-6832.53,375.255,-29801.655,-12075.75,-3981.69
-11862.449999999999,-11981.52,-23271.704999999998,-6809.219999999999,379.485,-29803.364999999998,-12065.58,-3982.365
-11860.154999999999,-11979.135,-23261.445,-6796.215,377.72999999999996,-29795.715,-12039.119999999999,-3977.5049999999997
-11855.115,-11973.195,-23248.89,-6778.304999999999,387.27,-29791.98,-12044.205,-3978.81
-11859.3,-11969.414999999999,-23242.32,-6770.88,409.22999999999996,-29781.09,-12044.88,-3985.875
-11854.305,-11970.539999999999,-23256.765,-6800.625,401.4,-29783.565,-12038.445,-3978.315
-11853.72,-11979.404999999999,-23277.285,-6827.219999999999,391.635,-29781.0,-12023.64,-3972.1949999999997
-11853.99,-11972.789999999999,-23266.395,-6818.445,399.06,-29777.355,-12030.345,-3974.265
-11860.605,-11979.539999999999,-23271.795,-6833.88,391.185,-29782.305,-12045.555,-3981.69
-11857.994999999999,-11977.47,-23265.809999999998,-6828.48,384.885,-29788.875,-12048.795,-3979.2599999999998
-11859.164999999999,-11981.88,-23271.524999999998,-6830.054999999999,382.22999999999996,-29792.699999999997,-12049.695,-3976.56
-11861.73,-11983.455,-23271.524999999998,-6819.165,383.49,-29791.98,-12050.055,-3978.99
-11859.255,-11977.695,-23251.23,-6782.355,395.19,-29784.6,-12041.73,-3979.665
-11858.355,-11981.654999999999,-23260.32,-6796.08,392.985,-29790.18,-12048.975,-3976.785
-11873.115,-12002.58,-23290.29,-6835.094999999999,367.91999999999996,-29812.59,-12083.039999999999,-3987.99
-11873.835,-11996.595,-23274.315,-6837.929999999999,366.16499999999996,-29813.895,-12097.755,-3997.98
-11873.295,-11998.755,-23281.695,-6854.8949999999995,361.08,-29817.405,-12091.68,-3999.6
-11858.265,-11985.255,-23284.17,-6859.62,378.945,-29786.76,-12042.225,-3984.2999999999997
-11840.67,-11956.005,-23246.01,-6823.17,412.695,-29751.704999999998,-12005.414999999999,-3967.29
-11845.215,-11960.55,-23242.41,-6799.139999999999,411.21,-29758.815,-12024.225,-3971.115
-11855.789999999999,-11978.64,-23265.09,-6816.105,390.645,-29781.585,-12051.045,-3977.415
-11857.859999999999,-11979.81,-23277.285,-6850.844999999999,386.59499999999997,-29795.579999999998,-12077.595,-3984.5699999999997
-11859.435,-11982.869999999999,-23296.905,-6913.259999999999,381.51,-29797.965,-12083.265,-3986.37
-11864.475,-11983.095,-23296.004999999997,-6920.594999999999,365.085,-29811.78,-12097.619999999999,-3995.415
-11861.865,-11982.645,-23275.53,-6849.855,374.625,-29808.09,-12086.189999999999,-3988.62
-11868.57,-11991.24,-23257.26,-6750.09,391.72499999999997,-29792.745,-12048.164999999999,-3984.795
-11855.025,-11971.305,-23224.59,-6715.304999999999,413.23499999999996,-29771.1,-12012.164999999999,-3973.14
-11844.359999999999,-11961.72,-23230.665,-6762.15,408.10499999999996,-29771.414999999997,-12020.445,-3968.2799999999997
-11837.43,-11953.035,-23229.18,-6771.105,407.34,-29777.129999999997,-12041.145,-3967.605
-11845.125,-11963.16,-23239.89,-6779.7,408.15,-29770.379999999997,-12035.564999999999,-3971.205
-11852.91,-11970.314999999999,-23251.32,-6799.365,407.385,-29760.344999999998,-12018.555,-3974.94
-11861.279999999999,-11978.82,-23266.665,-6822.045,397.08,-29775.239999999998,-12038.895,-3983.22
-11866.275,-11991.06,-23283.719999999998,-6843.195,370.8,-29806.245,-12066.255,-3982.185
-11872.935,-12001.14,-23290.605,-6845.49,351.81,-29831.715,-12087.225,-3983.1749999999997
-11881.89,-12007.574999999999,-23281.335,-6824.565,354.825,-29838.105,-12097.305,-3993.2549999999997
-11875.455,-11999.564999999999,-23275.62,-6823.98,368.82,-29821.77,-12078.855,-3995.46
-11853.9,-11972.205,-23259.195,-6824.295,398.115,-29787.254999999997,-12040.02,-3982.3199999999997
-11834.145,-11951.414999999999,-23241.69,-6804.675,425.835,-29759.67,-12010.32,-3964.365
-11836.574999999999,-11954.88,-23248.62,-6828.389999999999,408.645,-29766.51,-12018.105,-3964.0049999999997
-11845.619999999999,-11971.395,-23268.87,-6856.92,379.485,-29783.565,-12038.085,-3968.055
-11847.689999999999,-11971.484999999999,-23267.385,-6832.844999999999,391.59,-29784.96,-12049.064999999999,-3970.4849999999997
-11851.154999999999,-11971.529999999999,-23257.125,-6807.0599999999995,396.495,-29778.93,-12049.109999999999,-3976.1099999999997
-11862.135,-11974.365,-23241.42,-6765.615,401.715,-29777.129999999997,-12057.795,-3993.39
-11866.455,-11981.654999999999,-23251.635,-6774.84,400.72499999999997,-29789.774999999998,-12068.279999999999,-3996.99
-11864.835,-11986.515,-23261.94,-6801.4349999999995,387.36,-29794.004999999997,-12057.164999999999,-3987.8999999999996
-11854.35,-11979.225,-23258.879999999997,-6801.03,392.895,-29788.515,-12027.96,-3966.8399999999997
-11860.92,-11981.564999999999,-23264.145,-6810.48,387.22499999999997,-29797.02,-12035.34,-3971.79
-11863.439999999999,-11986.109999999999,-23267.25,-6819.929999999999,376.83,-29799.809999999998,-12054.689999999999,-3979.305
-11865.6,-11987.595,-23267.969999999998,-6813.315,386.28,-29796.39,-12055.32,-3983.7149999999997
-11862.314999999999,-11979.09,-23266.17,-6825.285,393.79499999999996,-29786.85,-12056.355,-3987.0
-11853.09,-11971.08,-23273.774999999998,-6853.724999999999,383.715,-29797.605,-12055.59,-3981.06
-11854.89,-11974.005,-23279.715,-6863.535,379.485,-29798.73,-12049.064999999999,-3974.895
-11861.369999999999,-11982.105,-23274.045,-6839.594999999999,377.28,-29802.239999999998,-12053.205,-3977.19
-11863.935,-11986.695,-23267.16,-6806.745,374.4,-29810.699999999997,-12047.175,-3972.33
-11862.539999999999,-11981.97,-23258.295,-6780.6449999999995,390.645,-29800.17,-12039.525,-3976.065
-11862.855,-11976.93,-23248.89,-6778.17,413.55,-29773.305,-12022.92,-3983.49
-11855.07,-11976.795,-23257.26,-6813.09,398.385,-29779.379999999997,-12025.619999999999,-3974.94
-11855.654999999999,-11982.105,-23287.004999999997,-6885.764999999999,383.53499999999997,-29789.28,-12044.07,-3974.22
-11862.27,-11997.63,-23337.54,-6946.425,362.07,-29802.015,-12062.475,-3979.665
-11856.6,-11987.64,-23328.719999999998,-6922.98,345.78,-29829.195,-12076.875,-3977.415
-11869.244999999999,-11984.4,-23283.54,-6819.884999999999,382.905,-29807.864999999998,-12070.215,-3990.645
-11869.74,-11981.43,-23237.954999999998,-6742.349999999999,395.055,-29797.695,-12057.795,-3987.0
-11863.305,-11973.689999999999,-23244.614999999998,-6763.23,395.955,-29793.914999999997,-12055.41,-3983.265
-11860.335,-11966.715,-23241.195,-6773.445,405.0,-29786.94,-12055.77,-3981.33
-11867.31,-11981.07,-23272.379999999997,-6799.905,393.885,-29796.57,-12061.215,-3986.955
-11865.24,-11986.92,-23305.905,-6817.139999999999,388.26,-29795.579999999998,-12048.975,-3980.3399999999997
-11860.83,-11981.789999999999,-23290.965,-6807.87,391.275,-29788.829999999998,-12038.265,-3973.23
-11855.97,-11970.765,-23243.85,-6787.98,396.585,-29789.504999999997,-12047.67,-3973.725
-11859.66,-11971.619999999999,-23242.545,-6798.554999999999,393.34499999999997,-29790.315,-12054.105,-3980.0699999999997
-11861.234999999999,-11972.25,-23259.285,-6823.304999999999,395.37,-29787.074999999997,-12054.689999999999,-3981.33
-11852.73,-11970.225,-23267.204999999998,-6837.255,394.695,-29785.905,-12046.365,-3971.205
-11859.255,-11974.32,-23265.675,-6826.365,394.78499999999997,-29787.704999999998,-12053.564999999999,-3976.56
-11865.869999999999,-11978.279999999999,-23262.344999999998,-6809.355,387.585,-29795.445,-12062.025,-3983.4449999999997
-11862.09,-11975.445,-23253.165,-6788.34,396.45,-29791.17,-12050.369999999999,-3978.765
-11862.945,-11981.205,-23272.559999999998,-6854.355,376.425,-29806.92,-12054.51,-3978.18
-11863.26,-11982.914999999999,-23283.899999999998,-6892.38,373.22999999999996,-29810.699999999997,-12060.09,-3978.4049999999997
-11857.455,-11975.49,-23281.469999999998,-6878.565,376.28999999999996,-29807.64,-12066.84,-3978.495
-11869.605,-11990.88,-23289.975,-6836.8949999999995,369.585,-29815.785,-12079.619999999999,-3987.045
-11878.47,-11990.52,-23263.605,-6779.835,378.53999999999996,-29806.695,-12075.84,-3993.8849999999998
-11860.965,-11966.58,-23235.795,-6759.675,409.68,-29777.039999999997,-12057.93,-3987.495
-11839.365,-11944.664999999999,-23227.065,-6763.815,425.52,-29761.065,-12031.02,-3966.0299999999997
-11842.244999999999,-11948.58,-23234.355,-6776.639999999999,419.53499999999997,-29761.649999999998,-12019.365,-3961.4849999999997
-11857.77,-11958.75,-23237.28,-6777.54,419.53499999999997,-29765.789999999997,-12038.85,-3979.125
-11880.9,-11995.064999999999,-23276.114999999998,-6815.205,379.215,-29799.855,-12061.71,-3989.43
-11886.57,-12013.83,-23300.19,-6840.99,349.65,-29836.8,-12092.445,-3985.605
-11857.68,-11975.265,-23273.1,-6844.05,364.05,-29833.379999999997,-12094.65,-3971.475
-11850.255,-11962.08,-23270.309999999998,-6871.7699999999995,373.455,-29818.079999999998,-12079.395,-3975.345
-11863.89,-11976.84,-23278.274999999998,-6881.94,380.655,-29799.09,-12057.75,-3985.785
-11882.52,-11998.574999999999,-23297.76,-6877.3949999999995,372.195,-29787.885,-12021.57,-3994.92
-11878.83,-11986.515,-23281.335,-6820.965,388.395,-29786.309999999998,-12032.1,-4005.54
-11877.93,-11983.095,-23265.0,-6798.87,394.46999999999997,-29795.399999999998,-12045.375,-4007.565
-11866.904999999999,-11989.395,-23285.79,-6835.23,372.41999999999996,-29815.379999999997,-12048.705,-3984.75
-11851.605,-11981.205,-23273.46,-6810.12,375.21,-29821.454999999998,-12051.225,-3954.645
-11848.365,-11964.465,-23242.86,-6781.005,398.025,-29807.19,-12041.01,-3952.98
-11858.49,-11977.154999999999,-23266.665,-6823.889999999999,375.75,-29823.704999999998,-12065.265,-3973.0049999999997
-11862.09,-11980.215,-23269.41,-6828.929999999999,377.325,-29828.024999999998,-12072.6,-3978.81
-11865.105,-11982.105,-23270.309999999998,-6828.4349999999995,371.96999999999997,-29848.364999999998,-12073.545,-3982.3199999999997
-11857.275,-11975.445,-23258.879999999997,-6823.9349999999995,385.28999999999996,-29826.135,-12028.23,-3963.7799999999997
-11859.164999999999,-11979.135,-23269.68,-6842.5199999999995,383.76,-29810.43,-12011.085,-3960.765
-11862.81,-11981.744999999999,-23278.23,-6834.915,390.41999999999996,-29802.42,-12031.289999999999,-3975.0299999999997
-11863.439999999999,-11981.34,-23270.445,-6804.8099999999995,376.74,-29827.574999999997,-12048.705,-3978.4049999999997
-11865.24,-11982.914999999999,-23260.23,-6779.925,367.245,-29853.899999999998,-12068.279999999999,-3982.5899999999997
-11870.955,-11982.42,-23249.61,-6784.065,370.44,-29850.93,-12078.63,-3991.14
-11870.1,-11984.4,-23255.145,-6793.245,373.455,-29852.594999999998,-12068.82,-3986.595
-11868.705,-11987.775,-23270.399999999998,-6807.735,377.775,-29842.065,-12043.17,-3978.72
-11859.029999999999,-11969.505,-23251.77,-6798.24,385.38,-29838.149999999998,-12029.445,-3970.08
-11856.96,-11968.695,-23250.195,-6790.95,386.685,-29846.204999999998,-12043.439999999999,-3972.915
-11860.38,-11981.835,-23270.04,-6807.6449999999995,376.65,-29852.28,-12049.154999999999,-3972.42
-11866.994999999999,-11989.98,-23283.809999999998,-6825.465,369.63,-29852.1,-12047.4,-3977.325
-11866.59,-11979.494999999999,-23265.27,-6828.795,365.805,-29855.52,-12054.645,-3978.27
-11871.314999999999,-11988.359999999999,-23284.53,-6843.87,359.19,-29864.475,-12074.535,-3985.9649999999997
-11874.555,-11999.654999999999,-23294.565,-6856.335,351.27,-29872.89,-12086.955,-3991.9049999999997
-11878.02,-12005.865,-23303.34,-6900.344999999999,332.955,-29881.98,-12076.064999999999,-3994.83
-11861.279999999999,-11985.119999999999,-23323.68,-6881.625,364.455,-29857.094999999998,-12034.98,-3978.765
-11854.17,-11970.27,-23307.885,-6831.63,394.56,-29838.87,-12016.71,-3969.6299999999997
-11864.699999999999,-11976.615,-23265.225,-6784.155,386.01,-29853.585,-12042.314999999999,-3980.52
-11863.17,-11970.404999999999,-23221.575,-6755.49,383.175,-29864.879999999997,-12051.585,-3978.72
-11864.205,-11971.98,-23238.225,-6775.0199999999995,376.875,-29870.235,-12051.225,-3978.9449999999997
-11868.3,-11979.27,-23251.905,-6788.025,376.425,-29868.39,-12053.52,-3981.7349999999997
-11871.0,-11983.095,-23258.925,-6800.445,365.31,-29887.065,-12062.43,-3981.7799999999997
-11866.59,-11981.385,-23265.54,-6815.34,349.56,-29908.89,-12075.48,-3980.565
-11863.439999999999,-11979.18,-23263.245,-6812.054999999999,355.68,-29908.215,-12075.074999999999,-3979.035
-11868.074999999999,-11981.789999999999,-23265.09,-6813.405,359.505,-29899.26,-12053.925,-3982.365
-11862.09,-11975.67,-23262.975,-6819.795,365.53499999999997,-29895.57,-12044.205,-3978.4049999999997
-11864.744999999999,-11984.805,-23282.684999999998,-6856.875,346.40999999999997,-29919.645,-12066.57,-3981.105
-11872.98,-11991.645,-23287.14,-6864.389999999999,341.28,-29934.675,-12080.744999999999,-3987.45
-11869.92,-11982.914999999999,-23268.059999999998,-6836.219999999999,346.815,-29925.989999999998,-12062.475,-3984.93
-11863.215,-11975.805,-23256.45,-6803.235,355.14,-29920.14,-12049.064999999999,-3978.0899999999997
-11856.375,-11973.195,-23267.07,-6824.7,360.85499999999996,-29909.43,-12033.72,-3971.205
-11854.574999999999,-11969.595,-23273.145,-6828.389999999999,371.835,-29896.965,-12029.265,-3973.8599999999997
-11859.975,-11971.935,-23268.42,-6821.46,365.445,-29907.18,-12034.89,-3979.98
-11864.52,-11978.64,-23263.379999999997,-6801.884999999999,370.485,-29915.414999999997,-12038.805,-3977.955
-11866.455,-11980.215,-23262.614999999998,-6809.94,341.59499999999997,-29954.699999999997,-12055.59,-3980.16
-11870.73,-11982.465,-23269.995,-6840.36,325.62,-29974.77,-12074.939999999999,-3986.64
-11863.619999999999,-11974.005,-23266.35,-6843.915,347.13,-29963.475,-12067.83,-3983.67
-11867.175,-11975.445,-23262.75,-6831.855,354.96,-29949.254999999997,-12051.63,-3987.9449999999997
-11869.47,-11978.595,-23255.684999999998,-6795.045,364.77,-29929.32,-12028.41,-3984.435
-11864.475,-11975.265,-23247.45,-6768.719999999999,368.01,-29929.59,-12027.15,-3971.52
-11861.595,-11972.699999999999,-23255.145,-6798.96,353.205,-29959.425,-12072.779999999999,-3971.52
-11850.119999999999,-11965.5,-23267.385,-6841.62,336.33,-29983.905,-12108.734999999999,-3969.4049999999997
-11861.73,-11986.965,-23290.695,-6864.929999999999,314.235,-29996.504999999997,-12117.015,-3980.43
-11882.609999999999,-12015.18,-23306.895,-6875.955,293.53499999999997,-29993.625,-12084.84,-3991.545
-11876.895,-12000.105,-23278.995,-6832.215,321.34499999999997,-29958.48,-12018.015,-3980.205
-11857.814999999999,-11974.59,-23263.605,-6813.495,345.10499999999996,-29952.495,-12012.029999999999,-3968.415
-11864.925,-11984.76,-23284.35,-6839.73,334.08,-29972.52,-12041.91,-3973.8599999999997
-11874.96,-11991.015,-23279.175,-6828.84,328.545,-29992.364999999998,-12069.404999999999,-3981.4649999999997
-11878.199999999999,-11994.705,-23275.754999999997,-6815.745,322.78499999999997,-30003.66,-12085.425,-3984.165
-11878.02,-11991.779999999999,-23276.07,-6810.21,330.435,-29993.985,-12079.574999999999,-3987.495
-11870.414999999999,-11980.395,-23268.42,-6808.094999999999,346.185,-29967.39,-12046.365,-3984.48
-11860.785,-11974.275,-23264.19,-6818.58,360.945,-29941.469999999998,-12016.755,-3973.455
-11858.445,-11975.984999999999,-23276.79,-6872.67,352.89,-29943.855,-12022.02,-3970.62
-11857.41,-11975.13,-23290.335,-6928.425,326.295,-29971.574999999997,-12040.92,-3973.14
-11862.135,-11991.105,-23324.895,-6957.63,316.755,-29976.164999999997,-12046.23,-3970.845
-11867.445,-12004.695,-23336.864999999998,-6913.215,303.12,-29995.245,-12060.09,-3971.3399999999997
-11871.359999999999,-11992.68,-23283.765,-6810.615,310.905,-30008.565,-12071.744999999999,-3977.64
-11869.785,-11983.14,-23257.62,-6790.545,327.91499999999996,-29998.53,-12068.595,-3977.325
-11869.65,-11991.285,-23300.954999999998,-6887.384999999999,321.705,-29989.754999999997,-12061.71,-3976.9649999999997
-11868.93,-11989.529999999999,-23312.34,-6938.91,309.015,-29993.489999999998,-12075.255,-3982.0049999999997
-11878.02,-11993.49,-23302.17,-6897.105,324.045,-29982.645,-12083.355,-3991.725
-11885.805,-11998.439999999999,-23266.079999999998,-6793.785,322.56,-29986.155,-12084.029999999999,-4000.5
-11882.52,-11987.595,-23225.355,-6715.17,335.655,-29985.254999999997,-12095.145,-4005.9449999999997
-11875.949999999999,-11974.904999999999,-23240.34,-6756.48,346.40999999999997,-29971.754999999997,-12085.289999999999,-4002.2999999999997
-11866.005,-11972.07,-23256.315,-6784.5599999999995,343.71,-29974.725,-12070.89,-3983.4449999999997
-11860.335,-11973.15,-23256.315,-6798.24,336.59999999999997,-29984.039999999997,-12069.0,-3968.955
-11875.14,-11988.945,-23265.719999999998,-6814.8,313.2,-30008.07,-12100.59,-3981.4649999999997
-11882.88,-12002.355,-23283.045,-6827.49,305.28,-30009.914999999997,-12108.914999999999,-3992.58
-11870.55,-11983.68,-23267.7,-6802.065,330.39,-29981.565,-12076.02,-3986.46
-11852.279999999999,-11955.689999999999,-23234.085,-6777.54,360.81,-29951.864999999998,-12046.59,-3970.2149999999997
-11853.855,-11965.05,-23248.079999999998,-6797.025,353.43,-29948.805,-12039.885,-3964.2749999999996
-11862.09,-11972.295,-23259.375,-6809.715,339.84,-29966.489999999998,-12073.545,-3976.3799999999997
-11873.654999999999,-11987.955,-23277.105,-6823.44,320.445,-29991.6,-12109.23,-3986.415
-11880.855,-11996.189999999999,-23281.155,-6827.67,310.95,-30002.445,-12123.0,-3993.615
-11880.72,-11995.695,-23279.895,-6827.085,318.59999999999997,-29990.16,-12097.845,-3992.49
-11866.095,-11980.71,-23266.62,-6814.665,337.32,-29971.44,-12063.195,-3974.625
-11860.695,-11963.88,-23246.504999999997,-6796.035,361.935,-29950.469999999998,-12050.865,-3977.955
-11862.585,-11964.195,-23247.09,-6798.69,361.8,-29949.704999999998,-12052.845,-3980.8799999999997
-11872.08,-11979.72,-23263.965,-6821.19,333.27,-29980.395,-12090.6,-3981.7799999999997
-11887.74,-11996.91,-23281.605,-6834.0599999999995,317.88,-29991.914999999997,-12100.32,-3993.93
-11915.46,-12010.095,-23289.524999999998,-6825.599999999999,330.93,-29978.954999999998,-12109.275,-4033.2599999999998
-11919.33,-12007.17,-23279.94,-6821.775,337.68,-29950.155,-12075.84,-4038.0299999999997
-11905.064999999999,-11994.93,-23271.075,-6821.865,333.36,-29947.68,-12075.39,-4027.5
-11877.3,-11995.064999999999,-23286.78,-6839.415,315.27,-29984.129999999997,-12114.314999999999,-3982.0499999999997
-11873.205,-12003.39,-23297.94,-6852.014999999999,305.46,-29992.59,-12121.244999999999,-3968.865
-11875.994999999999,-11996.82,-23288.67,-6840.764999999999,319.22999999999996,-29976.434999999998,-12098.97,-3982.185
-11870.369999999999,-11980.89,-23268.015,-6816.195,346.22999999999996,-29947.454999999998,-12059.73,-3979.305
-11870.73,-11977.74,-23256.899999999998,-6815.295,344.34,-29928.87,-12043.98,-3975.5249999999996
-11868.705,-11977.605,-23249.385,-6817.679999999999,335.295,-29921.489999999998,-12060.09,-3977.055
-11862.63,-11981.97,-23261.985,-6826.32,332.145,-29932.289999999997,-12071.475,-3960.18
-11854.71,-11981.835,-23278.41,-6838.335,332.055,-29943.27,-12073.41,-3949.3799999999997
-11852.55,-11976.885,-23282.684999999998,-6851.474999999999,334.71,-29936.25,-12073.365,-3951.0
-11858.76,-11989.529999999999,-23292.585,-6858.405,337.86,-29930.085,-12077.414999999999,-3957.5699999999997
-11864.34,-11990.475,-23287.364999999998,-6853.724999999999,330.255,-29937.78,-12087.585,-3965.22
-11868.119999999999,-11981.34,-23269.77,-6823.08,350.72999999999996,-29925.989999999998,-12088.17,-3972.915
-11866.59,-11981.115,-23273.19,-6837.48,352.84499999999997,-29923.065,-12087.945,-3971.745
-11870.189999999999,-11998.439999999999,-23326.29,-6933.24,339.12,-29924.28,-12087.404999999999,-3971.0249999999996
-11872.215,-11998.395,-23340.285,-6968.745,336.06,-29921.489999999998,-12090.06,-3974.9849999999997
-11871.855,-11989.845,-23312.745,-6929.594999999999,343.8,-29916.945,-12092.355,-3976.1099999999997
-11872.17,-11985.029999999999,-23284.62,-6864.48,356.66999999999996,-29901.824999999997,-12090.555,-3976.92
-11873.789999999999,-11980.71,-23258.565,-6794.1449999999995,366.03,-29891.879999999997,-12094.244999999999,-3981.4649999999997
-11873.88,-11988.494999999999,-23301.855,-6802.695,362.385,-29892.51,-12094.335,-3979.98
-11877.48,-12005.055,-23337.225,-6790.23,363.735,-29887.289999999997,-12096.045,-3980.52
-11881.395,-12004.92,-23311.17,-6796.3949999999995,367.91999999999996,-29883.195,-12099.105,-3984.0299999999997
-11878.92,-11990.609999999999,-23266.844999999998,-6804.855,365.76,-29884.815,-12104.369999999999,-3983.85
-11878.605,-11982.779999999999,-23251.59,-6786.36,368.19,-29882.295,-12111.39,-3986.595
-11884.005,-11991.869999999999,-23265.0,-6784.514999999999,360.85499999999996,-29885.805,-12111.164999999999,-3989.475
-11873.97,-11977.605,-23240.79,-6792.344999999999,376.83,-29876.85,-12095.64,-3980.8799999999997
-11872.08,-11975.265,-23238.0,-6783.03,385.46999999999997,-29868.48,-12099.33,-3980.475
-11873.295,-11981.564999999999,-23259.645,-6811.514999999999,369.71999999999997,-29870.235,-12107.88,-3981.4649999999997
-11878.02,-11987.324999999999,-23267.925,-6819.165,369.09,-29862.135,-12105.675,-3984.5699999999997
-11878.02,-11991.105,-23273.37,-6824.115,373.05,-29850.344999999998,-12100.365,-3981.7799999999997
-11874.645,-11988.359999999999,-23276.79,-6830.865,385.38,-29828.565,-12087.99,-3975.12
-11872.98,-11978.414999999999,-23266.125,-6817.634999999999,384.21,-29839.905,-12098.97,-3981.285
-11875.095,-11979.855,-23264.64,-6813.0,384.75,-29839.364999999998,-12104.369999999999,-3983.895
-11881.484999999999,-11991.24,-23275.665,-6812.955,377.28,-29844.405,-12109.949999999999,-3986.73
-11889.18,-11999.654999999999,-23277.51,-6803.505,374.53499999999997,-29846.879999999997,-12116.295,-3992.22
-11891.744999999999,-12004.289999999999,-23285.114999999998,-6821.1449999999995,365.805,-29856.78,-12132.045,-3992.7149999999997
-11892.24,-12007.484999999999,-23293.26,-6833.969999999999,357.47999999999996,-29866.59,-12156.75,-3994.83
-11895.029999999999,-12008.43,-23296.05,-6837.075,353.52,-29872.125,-12189.195,-4008.015
-11890.89,-12002.039999999999,-23289.524999999998,-6831.09,360.9,-29855.204999999998,-12163.455,-4010.67
-11872.664999999999,-11980.755,-23266.665,-6804.045,397.485,-29799.27,-12081.869999999999,-3985.1549999999997
-11857.904999999999,-11962.215,-23245.92,-6780.375,423.405,-29771.864999999998,-12059.595,-3969.99
-11863.71,-11972.07,-23252.535,-6794.099999999999,408.33,-29775.465,-12062.205,-3967.515
-11858.039999999999,-11964.15,-23248.98,-6788.5199999999995,414.0,-29782.26,-12076.785,-3967.83
-11849.939999999999,-11951.595,-23237.325,-6774.255,430.425,-29770.245,-12069.494999999999,-3964.2749999999996
-11852.01,-11951.369999999999,-23235.57,-6771.825,433.755,-29765.745,-12073.005,-3967.1549999999997
-11874.105,-11982.96,-23270.399999999998,-6807.465,402.16499999999996,-29789.28,-12100.814999999999,-3978.72
-11905.064999999999,-12028.095,-23321.204999999998,-6863.13,344.655,-29840.355,-12146.22,-3997.08
-11890.439999999999,-12008.205,-23300.594999999998,-6844.86,363.96,-29822.579999999998,-12141.585,-3990.33
-11879.055,-11996.145,-23289.975,-6845.715,374.35499999999996,-29793.239999999998,-12109.32,-3980.295
-11874.42,-11986.83,-23281.02,-6834.78,396.0,-29762.82,-12079.845,-3978.0899999999997
-11871.09,-11979.539999999999,-23272.965,-6819.525,406.8,-29758.004999999997,-12082.5,-3977.955
-11875.32,-11983.59,-23272.605,-6810.165,409.09499999999997,-29754.449999999997,-12085.109999999999,-3981.105
-11878.289999999999,-11989.395,-23279.489999999998,-6823.3949999999995,404.055,-29759.85,-12094.425,-3984.21
-11880.045,-11991.914999999999,-23283.27,-6835.815,403.78499999999997,-29759.895,-12100.814999999999,-3983.67
-11876.805,-11989.529999999999,-23279.895,-6832.53,401.94,-29766.96,-12101.265,-3979.2149999999997
-11875.545,-11993.13,-23285.07,-6832.485,392.35499999999996,-29771.37,-12106.035,-3977.595
-11878.965,-11996.01,-23301.0,-6858.764999999999,389.29499999999996,-29769.21,-12112.289999999999,-3982.365
-11879.1,-11997.27,-23304.105,-6867.134999999999,391.005,-29766.42,-12120.525,-3983.1749999999997
-11885.895,-12006.314999999999,-23303.655,-6864.884999999999,374.085,-29781.495,-12141.99,-3991.095
-11887.335,-11999.88,-23293.62,-6838.514999999999,385.60499999999996,-29773.44,-12145.455,-3998.205
-11881.8,-11990.43,-23291.594999999998,-6848.1449999999995,397.395,-29758.86,-12132.18,-3996.1349999999998
-11877.705,-11994.345,-23304.149999999998,-6876.36,406.755,-29736.36,-12098.88,-3982.365
-11871.72,-11996.1,-23320.485,-6909.165,389.835,-29734.695,-12073.14,-3966.2549999999997
-11877.255,-11990.88,-23293.53,-6836.445,398.88,-29743.155,-12093.48,-3976.335
-11881.529999999999,-11982.914999999999,-23242.004999999997,-6731.639999999999,422.055,-29741.265,-12108.689999999999,-3984.66
-11882.07,-11982.689999999999,-23238.09,-6728.804999999999,422.145,-29745.09,-12121.38,-3985.83
-11882.07,-11986.335,-23249.7,-6754.32,421.56,-29745.899999999998,-12132.63,-3987.27
-11884.05,-11993.715,-23266.305,-6790.365,403.695,-29751.84,-12137.355,-3991.545
-11881.17,-11995.38,-23269.41,-6804.179999999999,405.45,-29733.524999999998,-12114.449999999999,-3986.19
-11870.279999999999,-11984.355,-23264.864999999998,-6807.42,409.09499999999997,-29712.645,-12100.59,-3976.92
-11863.215,-11969.64,-23251.995,-6802.83,414.0,-29690.19,-12096.135,-3976.4249999999997
-11871.449999999999,-11979.99,-23273.504999999997,-6795.315,426.91499999999996,-29707.379999999997,-12102.164999999999,-3976.605
-11881.125,-11990.385,-23268.96,-6811.11,406.62,-29732.219999999998,-12122.46,-3982.9049999999997
-11886.164999999999,-11994.66,-23276.25,-6828.57,399.15,-29745.495,-12143.97,-3991.23
-11885.265,-11997.314999999999,-23285.25,-6831.2699999999995,399.96,-29738.43,-12133.17,-3987.99
-11876.13,-11983.005,-23260.14,-6797.745,405.0,-29734.11,-12122.414999999999,-3981.24
-11874.6,-11981.744999999999,-23256.18,-6790.724999999999,410.66999999999996,-29724.39,-12110.58,-3977.64
-11876.715,-11985.164999999999,-23273.415,-6808.995,412.60499999999996,-29721.824999999997,-12111.795,-3980.115
-11881.71,-11992.5,-23282.82,-6819.344999999999,405.405,-29725.469999999998,-12118.725,-3980.835
-11884.859999999999,-11996.1,-23285.835,-6818.49,405.945,-29717.37,-12112.74,-3981.825
-11881.529999999999,-11988.359999999999,-23275.305,-6804.63,409.185,-29716.199999999997,-12115.395,-3986.595
-11875.949999999999,-11979.945,-23261.625,-6793.65,417.73499999999996,-29705.309999999998,-12097.395,-3982.41
-11870.01,-11971.529999999999,-23253.3,-6787.215,429.79499999999996,-29698.559999999998,-12094.695,-3976.3799999999997
-11868.164999999999,-11976.705,-23263.559999999998,-6801.344999999999,414.04499999999996,-29718.405,-12107.744999999999,-3970.125
-11876.22,-11981.789999999999,-23266.485,-6802.469999999999,412.91999999999996,-29722.364999999998,-12114.27,-3976.3799999999997
-11892.869999999999,-11996.595,-23277.555,-6810.884999999999,407.52,-29728.53,-12127.14,-3993.48
-11901.6,-12005.595,-23287.995,-6823.035,393.65999999999997,-29745.989999999998,-12159.63,-4003.83
-11894.895,-12001.68,-23290.379999999997,-6833.474999999999,384.705,-29758.5,-12184.109999999999,-4004.19
-11884.23,-11989.98,-23286.329999999998,-6840.405,391.32,-29746.395,-12176.91,-4004.055
-11891.699999999999,-11988.045,-23281.29,-6831.0,408.645,-29711.295,-12123.045,-4013.145
-11893.904999999999,-11970.18,-23254.02,-6801.929999999999,434.745,-29692.44,-12100.68,-4030.1549999999997
-11909.97,-11980.215,-23254.155,-6791.49,440.055,-29686.454999999998,-12109.14,-4043.43
-11893.994999999999,-11975.984999999999,-23252.219999999998,-6795.585,428.445,-29706.524999999998,-12106.619999999999,-4007.115
-11841.119999999999,-11960.279999999999,-23249.204999999998,-6789.78,418.455,-29724.03,-12099.015,-3927.6
-11854.664999999999,-11984.805,-23270.445,-6797.205,390.28499999999997,-29751.57,-12120.75,-3927.825
-11868.255,-11998.035,-23290.605,-6832.259999999999,372.195,-29762.684999999998,-12138.164999999999,-3948.48
-11874.914999999999,-12000.015,-23290.965,-6836.355,374.445,-29758.14,-12143.609999999999,-3967.3799999999997
-11881.71,-12001.32,-23291.415,-6844.95,390.735,-29728.035,-12102.029999999999,-3970.62
-11872.439999999999,-11993.805,-23292.629999999997,-6871.455,392.985,-29715.03,-12072.689999999999,-3958.02
-11863.89,-11989.305,-23298.614999999998,-6874.469999999999,398.025,-29710.305,-12082.814999999999,-3956.85
-11869.785,-11997.9,-23309.1,-6856.38,388.66499999999996,-29720.34,-12095.505,-3963.33
-11874.15,-12000.555,-23288.265,-6800.219999999999,390.24,-29732.309999999998,-12105.0,-3965.7599999999998
-11871.539999999999,-11997.0,-23280.704999999998,-6812.46,390.825,-29742.48,-12114.945,-3965.805
-11879.685,-11992.814999999999,-23293.754999999997,-6874.0199999999995,392.805,-29743.155,-12126.375,-3979.2149999999997
-11889.09,-11998.619999999999,-23315.355,-6922.53,390.10499999999996,-29744.01,-12139.38,-3991.6349999999998
-11887.65,-11993.445,-23304.915,-6898.455,382.22999999999996,-29753.46,-12148.605,-3992.94
-11890.305,-11997.72,-23288.715,-6832.035,379.26,-29748.96,-12136.095,-3991.995
-11881.395,-11991.914999999999,-23263.245,-6779.61,386.82,-29730.465,-12111.57,-3978.765
-11882.52,-11997.359999999999,-23275.079999999998,-6784.29,393.435,-29740.725,-12112.289999999999,-3974.31
-11885.49,-11995.02,-23272.829999999998,-6781.59,409.635,-29731.004999999997,-12116.07,-3981.24
-11882.52,-11992.949999999999,-23269.635,-6784.29,409.22999999999996,-29727.315,-12113.595,-3982.0049999999997
-11872.529999999999,-11979.63,-23253.975,-6773.04,414.53999999999996,-29724.885,-12108.375,-3976.6949999999997
-11873.475,-11970.765,-23244.524999999998,-6776.594999999999,414.27,-29731.454999999998,-12113.055,-3981.1949999999997
-11879.1,-11979.9,-23253.75,-6782.849999999999,413.72999999999996,-29739.87,-12114.63,-3981.015
-11879.73,-11987.595,-23268.239999999998,-6797.5199999999995,405.81,-29739.195,-12117.33,-3979.71
-11882.609999999999,-11995.605,-23317.29,-6826.32,404.955,-29744.37,-12125.564999999999,-3984.5699999999997
-11880.585,-11997.27,-23346.315,-6856.155,391.995,-29752.785,-12126.42,-3983.49
-11878.515,-11985.525,-23289.885,-6834.554999999999,395.055,-29751.524999999998,-12120.48,-3982.23
-11876.67,-11976.255,-23237.055,-6787.9349999999995,407.43,-29740.995,-12110.4,-3974.58
-11879.46,-11985.705,-23262.93,-6797.925,387.85499999999996,-29760.975,-12122.01,-3975.615
-11882.115,-11989.71,-23284.934999999998,-6840.09,382.275,-29768.265,-12135.824999999999,-3983.31
-11886.57,-11994.57,-23282.864999999998,-6851.429999999999,386.59499999999997,-29759.94,-12121.695,-3985.02
-11879.73,-11988.855,-23274.27,-6833.295,387.45,-29761.965,-12107.16,-3973.95
-11881.8,-11988.99,-23274.045,-6818.219999999999,370.53,-29787.03,-12123.72,-3972.96
-11891.16,-12007.89,-23295.87,-6831.045,355.40999999999997,-29806.92,-12145.59,-3975.0299999999997
-11897.955,-12019.814999999999,-23314.995,-6858.495,341.37,-29822.805,-12170.25,-3983.1749999999997
-11900.789999999999,-12017.925,-23317.245,-6872.264999999999,341.28,-29823.254999999997,-12179.789999999999,-3996.045
-11898.09,-12003.435,-23298.524999999998,-6843.0599999999995,378.36,-29776.094999999998,-12145.095,-4002.8849999999998
-11882.925,-11981.43,-23277.059999999998,-6808.95,412.965,-29740.23,-12109.545,-3991.545
-11876.445,-11976.3,-23269.95,-6811.155,397.34999999999997,-29759.085,-12104.82,-3984.2999999999997
-11881.125,-11980.35,-23263.92,-6811.605,388.485,-29775.465,-12127.095,-3984.39
-11885.805,-11990.205,-23276.204999999998,-6818.8949999999995,371.205,-29799.989999999998,-12152.07,-3983.805
-11893.994999999999,-11998.17,-23278.68,-6801.389999999999,370.71,-29804.805,-12150.855,-3991.2749999999996
-11895.795,-12000.105,-23280.12,-6800.13,380.96999999999997,-29786.985,-12114.09,-3993.93
-11873.744999999999,-11974.23,-23257.079999999998,-6783.66,412.56,-29753.414999999997,-12063.824999999999,-3972.69
-11865.689999999999,-11967.029999999999,-23252.445,-6781.59,417.28499999999997,-29754.719999999998,-12078.135,-3967.1549999999997
-11870.73,-11974.095,-23261.715,-6793.155,402.885,-29773.934999999998,-12099.105,-3972.285
-11876.625,-11979.945,-23266.8,-6801.705,391.995,-29786.355,-12117.779999999999,-3979.395
-11884.635,-11989.664999999999,-23277.105,-6814.44,379.89,-29796.03,-12130.92,-3986.46
-11887.064999999999,-11995.515,-23286.105,-6824.745,371.205,-29804.94,-12140.91,-3986.5049999999997
-11884.59,-11993.13,-23285.565,-6827.49,362.115,-29822.579999999998,-12148.605,-3980.52
-11884.005,-11991.105,-23285.024999999998,-6827.8949999999995,360.63,-29831.579999999998,-12152.744999999999,-3978.9449999999997
-11875.14,-11981.789999999999,-23277.42,-6820.695,373.005,-29821.545,-12138.705,-3973.23
-11879.865,-11986.02,-23285.475,-6841.215,384.435,-29794.545,-12093.3,-3974.265
-11875.68,-11978.64,-23283.315,-6864.84,392.805,-29785.14,-12082.859999999999,-3974.85
-11880.225,-11987.595,-23298.254999999997,-6894.495,367.11,-29818.844999999998,-12117.465,-3977.19
-11885.22,-11993.4,-23298.57,-6873.884999999999,356.66999999999996,-29833.965,-12133.845,-3977.955
-11884.994999999999,-11991.015,-23276.295,-6807.6449999999995,364.005,-29833.965,-12128.265,-3977.055
-11887.47,-11994.39,-23279.129999999997,-6810.929999999999,368.72999999999996,-29827.079999999998,-12123.314999999999,-3981.7799999999997
-11884.455,-11989.125,-23276.43,-6822.764999999999,382.22999999999996,-29805.795,-12101.58,-3980.52
-11879.369999999999,-11981.385,-23272.559999999998,-6821.37,385.74,-29801.879999999997,-12102.345,-3979.7549999999997
-11882.744999999999,-11988.404999999999,-23278.815,-6808.139999999999,378.27,-29814.48,-12113.955,-3981.4649999999997
-11884.77,-11997.765,-23295.465,-6826.905,372.87,-29823.344999999998,-12114.225,-3980.16
-11882.88,-11991.869999999999,-23295.465,-6851.16,371.07,-29825.594999999998,-12106.664999999999,-3974.805
-11881.08,-11980.664999999999,-23274.405,-6844.815,374.085,-29818.71,-12107.07,-3974.535
-11887.605,-11993.939999999999,-23276.879999999997,-6836.67,367.155,-29818.71,-12107.205,-3976.1549999999997
-11885.939999999999,-11995.83,-23271.21,-6807.825,361.34999999999997,-29825.73,-12112.74,-3977.73
-11882.07,-11985.074999999999,-23257.71,-6773.355,375.075,-29830.23,-12118.814999999999,-3979.305
-11882.52,-11983.5,-23267.879999999997,-6817.05,369.675,-29835.0,-12127.859999999999,-3982.365
-11887.56,-11986.965,-23289.48,-6858.719999999999,360.0,-29842.289999999997,-12145.994999999999,-3991.995
-11892.645,-11995.289999999999,-23299.379999999997,-6848.415,358.695,-29852.504999999997,-12158.189999999999,-3994.3799999999997
-11892.779999999999,-11992.859999999999,-23284.575,-6824.34,365.76,-29852.37,-12155.355,-3992.58
-11881.619999999999,-11977.064999999999,-23254.469999999998,-6782.355,378.53999999999996,-29839.094999999998,-12128.625,-3979.845
-11878.92,-11980.35,-23264.73,-6804.855,366.97499999999997,-29845.53,-12119.49,-3979.2149999999997
-11879.82,-11989.574999999999,-23294.07,-6847.38,362.025,-29844.315,-12111.84,-3980.7
-11877.3,-11988.0,-23299.515,-6859.215,368.41499999999996,-29842.829999999998,-12121.154999999999,-3978.9449999999997
-11883.465,-11996.279999999999,-23306.895,-6861.78,367.155,-29851.739999999998,-12137.039999999999,-3982.23
-11889.0,-11998.395,-23293.53,-6836.085,364.32,-29858.355,-12145.814999999999,-3987.1349999999998
-11890.17,-11999.07,-23287.094999999998,-6859.44,340.38,-29865.285,-12131.91,-3982.41
-11895.3,-12013.47,-23334.21,-6932.745,314.82,-29872.844999999998,-12130.154999999999,-3981.87
-11890.845,-12017.34,-23383.71,-7019.955,289.62,-29888.1,-12150.9,-3979.44
-11904.074999999999,-12024.99,-23372.1,-6988.365,277.92,-29910.6,-12175.965,-3991.995
-11892.869999999999,-11993.039999999999,-23282.055,-6829.29,341.90999999999997,-29881.17,-12143.744999999999,-3987.045
-11891.025,-11983.949999999999,-23246.774999999998,-6768.8099999999995,382.14,-29839.815,-12091.59,-3987.0899999999997
-11888.279999999999,-11976.885,-23220.855,-6673.59,412.02,-29842.515,-12103.65,-3986.2799999999997
-11896.425,-11998.305,-23262.12,-6755.4,352.395,-29899.215,-12143.025,-3979.395
-11905.875,-12009.465,-23281.695,-6804.8099999999995,328.22999999999996,-29914.515,-12183.705,-3994.515
-11902.365,-12006.404999999999,-23285.79,-6813.855,336.645,-29913.57,-12193.515,-3998.9249999999997
-11900.789999999999,-12001.77,-23284.17,-6808.634999999999,358.91999999999996,-29880.449999999997,-12159.539999999999,-4000.995
-11882.835,-11973.24,-23251.68,-6777.63,390.645,-29828.745,-12093.3,-3992.1299999999997
-11868.21,-11960.369999999999,-23241.645,-6773.219999999999,397.84499999999997,-29824.739999999998,-12091.949999999999,-3980.115
-11864.16,-11961.404999999999,-23250.285,-6784.83,385.425,-29846.835,-12102.345,-3969.315
-11875.365,-11974.05,-23262.84,-6798.78,369.585,-29870.774999999998,-12130.65,-3976.605
-11886.435,-11985.705,-23270.579999999998,-6806.88,360.81,-29888.37,-12155.939999999999,-3988.2599999999998
-11890.035,-11987.685,-23270.579999999998,-6806.969999999999,365.03999999999996,-29883.6,-12145.14,-3992.895
-11886.164999999999,-11980.08,-23262.344999999998,-6793.965,386.01,-29855.655,-12109.68,-3986.955
-11883.824999999999,-11981.744999999999,-23268.87,-6802.74,378.36,-29860.335,-12107.34,-3978.99
-11882.115,-11978.91,-23268.059999999998,-6806.34,374.13,-29869.739999999998,-12135.105,-3985.6949999999997
-11882.07,-11982.555,-23271.12,-6807.915,372.28499999999997,-29873.295,-12140.145,-3976.47
-11882.925,-11988.09,-23279.265,-6819.929999999999,359.325,-29884.094999999998,-12147.255,-3972.42
-11880.585,-11990.43,-23284.215,-6827.94,353.88,-29887.92,-12149.64,-3970.395
-11879.01,-11983.05,-23283.045,-6835.455,357.3,-29887.605,-12150.765,-3974.49
-11886.255,-11988.675,-23291.055,-6847.245,350.145,-29899.395,-12167.234999999999,-3982.995
-11886.48,-11989.529999999999,-23289.3,-6840.45,347.985,-29909.34,-12182.67,-3985.515
-11888.189999999999,-11989.125,-23282.594999999998,-6818.625,349.155,-29913.344999999998,-12187.17,-3990.015
-11884.455,-11986.109999999999,-23276.475,-6806.295,358.60499999999996,-29899.079999999998,-12161.16,-3981.645
-11878.74,-11982.465,-23274.45,-6810.974999999999,366.84,-29887.245,-12143.789999999999,-3970.395
-11878.199999999999,-11984.22,-23279.895,-6819.57,361.485,-29886.434999999998,-12144.914999999999,-3968.2799999999997
-11890.035,-11989.17,-23281.02,-6823.304999999999,358.65,-29886.93,-12155.265,-3982.14
-11891.025,-11985.705,-23277.285,-6821.37,373.05,-29873.34,-12152.609999999999,-3984.21
-11881.8,-11983.635,-23290.695,-6850.08,368.955,-29873.43,-12154.41,-3976.515
-11878.515,-11982.689999999999,-23291.28,-6869.5199999999995,358.245,-29885.265,-12162.015,-3974.94
-11878.92,-11981.97,-23292.719999999998,-6866.91,356.13,-29891.25,-12167.055,-3976.4249999999997
-11880.9,-11979.494999999999,-23279.895,-6831.2699999999995,359.28,-29890.754999999997,-12168.404999999999,-3977.19
-11884.5,-11988.449999999999,-23287.004999999997,-6818.219999999999,356.625,-29896.289999999997,-12172.23,-3978.27
-11883.24,-11996.414999999999,-23293.89,-6815.16,362.43,-29891.879999999997,-12168.0,-3973.185
-11878.335,-11984.58,-23290.2,-6846.705,359.59499999999997,-29891.25,-12171.645,-3973.545
-11878.74,-11978.145,-23290.695,-6878.384999999999,358.2,-29886.344999999998,-12174.93,-3977.64
-11884.365,-11987.055,-23299.065,-6884.55,350.775,-29886.524999999998,-12178.305,-3980.295
-11881.845,-11984.085,-23292.27,-6863.219999999999,358.2,-29876.445,-12174.164999999999,-3977.415
-11890.98,-11991.824999999999,-23287.364999999998,-6843.6449999999995,359.01,-29876.895,-12177.63,-3983.3999999999996
-11900.115,-12008.52,-23309.864999999998,-6848.865,352.16999999999996,-29889.0,-12193.02,-3985.245
-11898.045,-12012.525,-23324.94,-6872.67,331.83,-29917.89,-12210.705,-3979.5299999999997
-11910.195,-12022.785,-23334.795,-6890.67,315.09,-29942.504999999997,-12251.205,-3992.895
-11921.4,-12035.43,-23353.065,-6923.025,315.81,-29939.039999999997,-12273.84,-4005.27
-11914.605,-12024.404999999999,-23346.899999999998,-6973.469999999999,306.0,-29931.704999999998,-12256.109999999999,-4008.7799999999997
-11894.22,-11992.77,-23300.73,-6947.955,326.15999999999997,-29876.445,-12205.17,-3998.8799999999997
-11885.984999999999,-11982.689999999999,-23275.665,-6884.19,355.455,-29820.195,-12143.34,-3981.24
-11886.48,-11986.605,-23291.415,-6813.63,386.72999999999996,-29823.84,-12152.97,-3983.67
-11878.83,-11977.38,-23265.315,-6750.45,392.985,-29845.215,-12168.135,-3973.815
-11879.73,-11974.095,-23239.98,-6706.08,388.03499999999997,-29856.42,-12180.015,-3970.935
-11888.865,-11974.365,-23233.23,-6718.59,390.10499999999996,-29854.89,-12184.425,-3980.7
-11890.89,-11976.435,-23243.535,-6749.325,387.405,-29863.934999999998,-12200.67,-3988.7549999999997
-11892.555,-11981.744999999999,-23259.645,-6770.34,391.14,-29856.555,-12210.84,-3992.3999999999996
-11899.89,-11995.695,-23283.225,-6810.344999999999,355.09499999999997,-29893.004999999997,-12237.795,-3992.49
-11898.855,-11995.335,-23284.17,-6813.179999999999,355.54499999999996,-29894.67,-12234.195,-3990.105
-11900.835,-11999.295,-23289.3,-6817.7699999999995,362.07,-29881.89,-12230.145,-3989.3849999999998
-11897.01,-11990.654999999999,-23277.285,-6801.255,385.78499999999997,-29856.329999999998,-12216.869999999999,-3989.0699999999997
-11890.619999999999,-11986.605,-23279.805,-6811.92,376.11,-29848.905,-12202.335,-3982.77
-11887.335,-11982.645,-23276.204999999998,-6813.09,375.47999999999996,-29852.864999999998,-12220.92,-3984.75
-11883.869999999999,-11975.805,-23266.035,-6805.8,382.68,-29842.695,-12233.07,-3987.3599999999997
-11886.885,-11982.195,-23279.579999999998,-6824.969999999999,370.97999999999996,-29864.655,-12250.305,-3988.5299999999997
-11892.15,-11991.824999999999,-23292.36,-6857.82,356.13,-29879.19,-12269.205,-3988.2149999999997
-11898.945,-12002.085,-23306.129999999997,-6866.099999999999,352.53,-29885.489999999998,-12264.615,-3985.29
-11902.005,-12002.535,-23305.815,-6858.855,346.86,-29888.594999999998,-12260.385,-3993.2549999999997
-11897.64,-11993.58,-23280.885,-6800.4,384.79499999999996,-29836.485,-12194.369999999999,-3981.4649999999997
-11898.855,-11995.47,-23280.39,-6796.08,386.325,-29832.614999999998,-12202.515,-3984.8849999999998
-11885.445,-11976.48,-23264.954999999998,-6792.389999999999,405.945,-29813.355,-12205.035,-3980.745
-11878.47,-11966.175,-23254.785,-6785.955,412.335,-29810.07,-12215.25,-3982.185
-11876.805,-11969.64,-23260.004999999997,-6793.0199999999995,408.645,-29807.594999999998,-12208.59,-3975.12
-11885.49,-11984.039999999999,-23279.715,-6813.2699999999995,391.905,-29817.18,-12218.984999999999,-3976.4249999999997
-11890.439999999999,-11985.345,-23280.795,-6819.075,379.305,-29834.82,-12241.26,-3982.815
-11889.81,-11983.455,-23273.01,-6813.945,386.235,-29822.895,-12242.295,-3983.535
-11890.98,-11992.23,-23284.71,-6824.25,378.85499999999996,-29832.48,-12241.484999999999,-3980.565
-11893.545,-11996.73,-23293.89,-6832.62,372.645,-29843.145,-12245.58,-3981.015
-11896.92,-11992.185,-23283.405,-6822.09,385.11,-29831.895,-12246.57,-3985.92
-11893.005,-11989.574999999999,-23278.545,-6821.91,385.91999999999996,-29825.414999999997,-12246.615,-3983.9849999999997
-11886.029999999999,-11978.595,-23269.364999999998,-6816.105,393.84,-29816.46,-12246.255,-3981.105
-11889.585,-11987.82,-23292.54,-6829.425,391.635,-29811.195,-12250.035,-3983.1749999999997
-11893.365,-11994.39,-23303.34,-6847.11,390.375,-29808.719999999998,-12251.295,-3985.02
-11889.135,-11985.75,-23300.73,-6889.094999999999,377.19,-29821.995,-12254.715,-3983.1749999999997
-11889.045,-11990.295,-23310.765,-6915.465,369.495,-29822.579999999998,-12257.324999999999,-3981.42
-11892.824999999999,-11995.154999999999,-23316.524999999998,-6882.3,376.78499999999997,-29819.295,-12258.27,-3984.21
-11892.375,-11993.355,-23326.02,-6808.365,389.15999999999997,-29817.539999999997,-12260.654999999999,-3984.48
-11893.814999999999,-12000.375,-23333.625,-6789.87,393.255,-29816.684999999998,-12259.619999999999,-3982.41
-11888.369999999999,-11984.445,-23284.35,-6823.08,396.04499999999996,-29814.074999999997,-12258.045,-3979.665
-11890.8,-11981.385,-23265.36,-6861.105,384.705,-29819.745,-12271.814999999999,-3983.355
-11902.095,-12006.27,-23319.09,-6902.46,354.91499999999996,-29840.129999999997,-12297.689999999999,-3987.54
-11914.38,-12019.904999999999,-23333.94,-6892.605,348.435,-29852.055,-12319.38,-3999.42
-11917.305,-12026.43,-23322.915,-6866.325,343.125,-29855.114999999998,-12325.365,-4003.3799999999997
-11909.295,-12016.98,-23316.344999999998,-6865.65,350.775,-29837.52,-12290.895,-3998.3399999999997
-11887.064999999999,-11972.654999999999,-23255.82,-6790.545,393.525,-29800.754999999997,-12258.0,-3988.2149999999997
-11886.255,-11968.064999999999,-23241.555,-6761.61,415.97999999999996,-29792.879999999997,-12253.545,-3986.2799999999997
-11890.619999999999,-11982.914999999999,-23274.855,-6823.259999999999,422.23499999999996,-29792.295,-12248.369999999999,-3983.22
-11887.56,-11988.63,-23294.79,-6874.29,396.36,-29800.079999999998,-12262.814999999999,-3980.52
-11890.619999999999,-11991.105,-23302.485,-6883.2,375.885,-29818.395,-12283.38,-3985.02
-11888.73,-11979.63,-23274.18,-6814.755,390.375,-29816.28,-12278.88,-3980.205
-11891.744999999999,-11986.335,-23259.78,-6756.57,395.28,-29811.465,-12261.914999999999,-3970.62
-11896.875,-11989.215,-23259.645,-6747.075,396.85499999999996,-29811.015,-12272.939999999999,-3981.555
-11891.205,-11985.795,-23267.52,-6785.73,391.5,-29808.045,-12269.115,-3978.45
-11886.255,-11979.225,-23266.89,-6794.639999999999,398.96999999999997,-29796.614999999998,-12258.27,-3976.9649999999997
-11883.465,-11976.39,-23266.754999999997,-6796.259999999999,405.18,-29790.719999999998,-12260.654999999999,-3974.9849999999997
-11890.08,-11984.984999999999,-23274.495,-6809.3099999999995,397.575,-29795.579999999998,-12275.279999999999,-3981.24
-11891.07,-11985.84,-23273.28,-6808.455,395.685,-29804.039999999997,-12281.355,-3983.1299999999997
-11890.305,-11985.525,-23273.19,-6804.764999999999,397.89,-29811.015,-12286.664999999999,-3983.22
-11893.68,-11988.72,-23274.495,-6803.82,398.43,-29814.39,-12303.945,-3988.4849999999997
-11892.06,-11988.539999999999,-23277.6,-6811.605,391.455,-29825.46,-12311.369999999999,-3980.835
-11892.195,-11988.09,-23278.14,-6812.1449999999995,393.03,-29822.489999999998,-12314.16,-3982.455
-11898.765,-11993.58,-23282.954999999998,-6817.365,391.77,-29816.414999999997,-12316.14,-3993.615
-11896.289999999999,-11990.16,-23278.905,-6813.764999999999,397.03499999999997,-29803.364999999998,-12298.994999999999,-3991.8599999999997
-11893.949999999999,-11989.305,-23280.39,-6814.44,399.69,-29797.199999999997,-12301.289999999999,-3990.915
-11902.68,-12000.465,-23296.545,-6835.005,378.585,-29828.52,-12338.73,-3993.8849999999998
-11910.734999999999,-12010.949999999999,-23314.004999999997,-6866.1449999999995,346.14,-29869.739999999998,-12349.845,-3996.6749999999997
-11912.895,-12008.97,-23312.52,-6870.195,352.53,-29861.37,-12327.029999999999,-3996.99
-11908.17,-11998.619999999999,-23300.37,-6856.514999999999,377.235,-29827.934999999998,-12299.445,-3996.3599999999997
-11894.039999999999,-11987.279999999999,-23287.32,-6826.41,409.54499999999996,-29785.815,-12262.725,-3978.72
-11878.605,-11976.615,-23271.254999999997,-6806.969999999999,410.35499999999996,-29787.93,-12260.025,-3963.69
-11878.02,-11979.494999999999,-23271.57,-6813.764999999999,380.655,-29820.87,-12282.93,-3960.585
-11890.664999999999,-11993.445,-23287.094999999998,-6817.094999999999,391.32,-29811.78,-12292.74,-3975.0299999999997
-11888.279999999999,-11992.859999999999,-23298.524999999998,-6837.165,387.585,-29803.635,-12283.199999999999,-3975.5699999999997
-11879.189999999999,-11977.785,-23289.795,-6844.139999999999,392.84999999999997,-29798.82,-12281.76,-3972.1499999999996
-11877.57,-11976.255,-23298.39,-6883.92,390.10499999999996,-29806.155,-12291.255,-3969.585
-11887.74,-11986.47,-23302.98,-6902.955,386.865,-29810.024999999998,-12294.945,-3974.9849999999997
-11891.295,-11989.71,-23311.665,-6916.7699999999995,373.14,-29818.8,-12298.904999999999,-3978.9449999999997
-11892.015,-11989.98,-23302.215,-6853.094999999999,382.455,-29820.69,-12304.305,-3980.835
-11895.48,-11999.654999999999,-23295.69,-6788.07,395.19,-29820.6,-12305.835,-3979.62
-11890.619999999999,-11983.545,-23271.704999999998,-6775.695,398.29499999999996,-29817.449999999997,-12309.029999999999,-3979.5299999999997
-11890.125,-11976.029999999999,-23249.25,-6743.34,408.51,-29808.09,-12308.175,-3982.095
-11892.689999999999,-11986.74,-23264.01,-6770.5199999999995,395.145,-29813.579999999998,-12311.279999999999,-3981.1949999999997
-11891.789999999999,-11990.789999999999,-23287.364999999998,-6807.69,374.66999999999996,-29826.629999999997,-12318.84,-3981.42
-11890.395,-11980.35,-23269.32,-6787.3949999999995,393.705,-29817.405,-12316.814999999999,-3982.9049999999997
-11885.13,-11976.615,-23260.77,-6785.82,401.03999999999996,-29812.32,-12312.27,-3976.3799999999997
-11891.699999999999,-11991.15,-23294.745,-6828.48,386.01,-29818.754999999997,-12314.34,-3980.565
-11894.895,-11995.244999999999,-23304.915,-6830.82,396.675,-29808.539999999997,-12307.904999999999,-3980.3849999999998
-11896.515,-11996.55,-23307.57,-6845.94,378.45,-29823.614999999998,-12317.22,-3982.14
-11895.48,-11991.689999999999,-23306.895,-6863.085,376.56,-29818.485,-12317.625,-3983.7599999999998
-11895.074999999999,-11997.404999999999,-23329.17,-6908.355,371.205,-29810.879999999997,-12315.33,-3982.095
-11895.705,-12001.455,-23361.614999999998,-6955.155,362.43,-29811.69,-12320.279999999999,-3981.6
-11907.404999999999,-12011.445,-23367.465,-6926.04,354.41999999999996,-29843.37,-12350.744999999999,-3989.565
-11911.725,-12002.984999999999,-23294.34,-6848.505,362.385,-29850.254999999997,-12373.064999999999,-3996.6749999999997
-11920.365,-12007.98,-23274.09,-6814.889999999999,348.435,-29867.805,-12391.515,-4007.0699999999997
-11913.885,-12007.98,-23301.719999999998,-6875.91,339.97499999999997,-29868.975,-12368.835,-3996.9449999999997
-11900.205,-12001.275,-23316.344999999998,-6907.139999999999,357.75,-29837.699999999997,-12325.05,-3977.8199999999997
-11914.289999999999,-12013.965,-23321.565,-6861.6449999999995,349.65,-29848.995,-12356.955,-4001.7149999999997
-11902.095,-11987.279999999999,-23278.95,-6782.085,371.205,-29845.035,-12340.395,-4000.23
-11882.07,-11965.095,-23243.399999999998,-6732.8099999999995,406.935,-29827.305,-12317.58,-3980.79
-11881.305,-11964.645,-23232.42,-6726.24,423.71999999999997,-29811.195,-12293.865,-3966.975
-11893.005,-11983.59,-23262.704999999998,-6765.795,408.33,-29803.77,-12269.654999999999,-3962.565
-11896.83,-11986.244999999999,-23273.684999999998,-6791.219999999999,394.425,-29819.024999999998,-12308.715,-3980.0699999999997
-11893.859999999999,-11981.52,-23272.649999999998,-6798.285,386.72999999999996,-29826.539999999997,-12333.195,-3985.83
-11898.765,-11984.895,-23276.024999999998,-6801.48,387.945,-29826.765,-12333.015,-3991.23
-11894.31,-11980.845,-23274.18,-6803.099999999999,386.90999999999997,-29830.14,-12326.175,-3987.225
-11892.33,-11977.289999999999,-23271.57,-6802.514999999999,390.15,-29835.27,-12341.52,-3984.8399999999997
-11905.154999999999,-11996.055,-23294.385,-6829.11,371.43,-29860.469999999998,-12375.765,-3991.23
-11918.205,-12017.025,-23324.445,-6880.005,328.68,-29922.344999999998,-12427.74,-4002.615
-11914.74,-12009.779999999999,-23313.915,-6897.87,310.72499999999997,-29928.059999999998,-12436.92,-4003.6499999999996
-11902.365,-11991.869999999999,-23288.535,-6869.969999999999,333.63,-29888.19,-12407.49,-3999.33
-11897.595,-11990.52,-23295.645,-6844.95,359.01,-29874.555,-12359.475,-3987.99
-11903.13,-11992.365,-23284.35,-6812.73,390.375,-29829.465,-12288.465,-3983.31
-11899.8,-11991.645,-23290.155,-6834.24,405.945,-29792.204999999998,-12226.185,-3966.5249999999996
-11899.439999999999,-11985.57,-23284.89,-6827.49,393.21,-29808.585,-12257.73,-3980.205
-11894.67,-11974.994999999999,-23265.54,-6786.585,399.73499999999996,-29822.175,-12292.965,-3985.47
-11899.755,-11981.34,-23268.015,-6774.255,394.875,-29832.57,-12296.564999999999,-3984.165
-11898.314999999999,-11980.08,-23269.59,-6783.344999999999,395.685,-29840.985,-12307.859999999999,-3984.075
-11897.64,-11984.939999999999,-23280.03,-6806.61,383.985,-29853.765,-12314.43,-3979.89
-11898.81,-11988.81,-23287.454999999998,-6818.264999999999,373.905,-29866.815,-12329.279999999999,-3982.14
-11896.965,-11986.515,-23286.195,-6818.355,374.58,-29868.254999999997,-12337.02,-3984.2549999999997
-11889.494999999999,-11980.664999999999,-23281.425,-6817.905,374.21999999999997,-29867.489999999998,-12331.035,-3977.19
-11887.65,-11985.615,-23295.42,-6837.615,357.21,-29877.03,-12329.955,-3972.825
-11887.785,-11988.449999999999,-23301.54,-6838.74,359.28,-29873.699999999997,-12319.965,-3968.19
-11896.695,-11992.365,-23296.905,-6828.48,373.185,-29865.015,-12319.47,-3978.18
-11894.67,-11988.81,-23289.344999999998,-6827.67,380.025,-29861.37,-12318.795,-3975.705
-11891.789999999999,-11987.01,-23301.855,-6854.4,373.635,-29867.265,-12324.779999999999,-3974.4449999999997
-11894.67,-11983.095,-23302.125,-6848.235,377.325,-29877.48,-12336.57,-3982.9049999999997
-11900.654999999999,-11991.375,-23308.469999999998,-6862.995,363.825,-29892.105,-12349.935,-3986.8199999999997
-11901.779999999999,-11993.355,-23318.415,-6891.4349999999995,354.51,-29896.245,-12357.0,-3988.44
-11900.654999999999,-11991.33,-23308.29,-6896.88,350.28,-29896.425,-12355.199999999999,-3987.495
-11899.845,-11992.14,-23294.16,-6876.719999999999,358.2,-29881.844999999998,-12331.439999999999,-3981.825
-11899.8,-11994.119999999999,-23291.82,-6833.384999999999,367.83,-29867.985,-12315.375,-3980.745
-11895.75,-11991.689999999999,-23290.559999999998,-6794.325,375.34499999999997,-29866.545,-12320.369999999999,-3978.6749999999997
-11892.285,-11982.105,-23283.945,-6789.33,372.375,-29875.23,-12330.9,-3978.315
-11891.07,-11964.689999999999,-23247.045,-6764.085,390.41999999999996,-29868.93,-12332.07,-3983.04
-11892.689999999999,-11974.5,-23257.62,-6783.389999999999,389.205,-29878.515,-12335.49,-3981.24
-11893.814999999999,-11982.51,-23275.62,-6801.12,385.28999999999996,-29879.594999999998,-12333.555,-3978.6749999999997
-11891.97,-11985.525,-23300.954999999998,-6849.36,373.32,-29886.84,-12337.02,-3976.47
-11890.26,-11980.98,-23301.945,-6874.29,373.185,-29881.71,-12338.73,-3975.795
-11895.84,-11991.105,-23318.73,-6895.62,359.46,-29865.239999999998,-12334.904999999999,-3979.845
-11891.699999999999,-11989.619999999999,-23321.79,-6887.205,342.85499999999996,-29889.989999999998,-12337.154999999999,-3975.0299999999997
-11896.695,-11991.689999999999,-23323.59,-6836.985,361.395,-29888.37,-12342.869999999999,-3979.71
-11906.73,-12005.055,-23330.565,-6814.665,374.03999999999996,-29894.129999999997,-12375.09,-3984.795
-11918.43,-12017.07,-23326.245,-6847.875,327.735,-29939.895,-12411.72,-3997.2599999999998
-11921.805,-12009.015,-23281.559999999998,-6841.755,309.465,-29962.215,-12428.865,-4006.98
-11904.84,-11988.494999999999,-23270.219999999998,-6807.87,342.675,-29923.335,-12362.49,-3988.125
-11888.369999999999,-11970.09,-23252.67,-6769.8,384.03,-29874.329999999998,-12296.43,-3966.66
-11891.564999999999,-11975.49,-23264.864999999998,-6790.32,381.51,-29880.855,-12311.82,-3976.29
-11887.92,-11971.664999999999,-23265.585,-6795.179999999999,386.01,-29877.795,-12320.91,-3978.0899999999997
-11886.795,-11967.705,-23264.415,-6797.61,384.12,-29879.82,-12335.039999999999,-3982.68
-11896.92,-11977.064999999999,-23273.82,-6806.5199999999995,380.115,-29879.28,-12337.695,-3989.115
-11903.535,-11985.93,-23283.0,-6817.32,368.82,-29896.469999999998,-12358.845,-3994.515
-11905.65,-11995.244999999999,-23293.844999999998,-6831.2699999999995,349.91999999999996,-29919.375,-12365.505,-3986.955
-11899.755,-11990.07,-23284.8,-6829.92,347.53499999999997,-29914.739999999998,-12353.355,-3973.23
-11908.125,-11997.225,-23290.92,-6832.71,350.37,-29902.454999999998,-12333.645,-3979.125
-11904.885,-11987.64,-23284.395,-6818.264999999999,372.51,-29893.14,-12326.895,-3990.1499999999996
-11879.775,-11957.49,-23255.325,-6787.755,403.56,-29877.885,-12331.08,-3982.2749999999996
-11869.83,-11951.955,-23251.32,-6786.224999999999,400.005,-29885.489999999998,-12320.73,-3962.7
-11891.115,-11974.275,-23272.245,-6808.275,376.46999999999997,-29905.289999999997,-12336.795,-3973.0499999999997
-11910.734999999999,-11993.22,-23293.305,-6833.565,349.2,-29929.77,-12384.63,-3996.6299999999997
-11922.75,-12012.164999999999,-23319.315,-6864.84,309.51,-29973.69,-12412.305,-4005.495
-11914.785,-12004.154999999999,-23311.395,-6853.5,328.22999999999996,-29944.53,-12370.005,-3996.72
-11907.18,-11992.994999999999,-23294.43,-6830.1449999999995,361.16999999999996,-29899.89,-12316.59,-3988.125
-11899.619999999999,-11990.205,-23291.73,-6825.15,372.78,-29878.155,-12280.949999999999,-3966.705
-11903.039999999999,-11993.939999999999,-23298.84,-6835.455,369.81,-29884.454999999998,-12303.539999999999,-3974.22
-11903.49,-11991.555,-23301.315,-6854.67,357.525,-29911.545,-12348.585,-3983.805
-11902.005,-11990.88,-23308.245,-6879.69,344.43,-29928.465,-12376.439999999999,-3989.115
-11906.82,-11993.939999999999,-23312.655,-6882.12,341.59499999999997,-29932.739999999998,-12380.175,-3995.19
-11903.445,-11994.39,-23311.26,-6864.4349999999995,354.555,-29910.69,-12345.885,-3986.7749999999996
-11891.699999999999,-11978.55,-23284.079999999998,-6818.804999999999,383.805,-29873.969999999998,-12300.39,-3970.035
-11886.93,-11969.64,-23274.899999999998,-6810.255,382.68,-29880.405,-12317.445,-3971.3399999999997
-11895.255,-11983.949999999999,-23298.12,-6855.795,375.03,-29885.85,-12331.439999999999,-3977.64
-11893.365,-11985.164999999999,-23304.69,-6874.74,367.60499999999996,-29889.0,-12336.66,-3976.92
-11891.43,-11981.97,-23304.51,-6871.23,352.575,-29898.629999999997,-12344.355,-3976.6499999999996
-11897.279999999999,-11982.689999999999,-23273.954999999998,-6794.6849999999995,371.15999999999997,-29892.105,-12343.23,-3979.98
-11899.98,-11986.875,-23272.335,-6790.139999999999,374.715,-29895.57,-12346.47,-3982.095
-11898.99,-11991.824999999999,-23287.68,-6811.965,359.55,-29908.98,-12352.77,-3979.98
-11899.845,-11991.734999999999,-23287.41,-6812.73,355.32,-29907.989999999998,-12353.355,-3981.42
-11898.045,-11978.01,-23267.295,-6793.83,372.825,-29898.27,-12351.734999999999,-3982.5899999999997
-11898.765,-11987.055,-23286.195,-6817.41,370.215,-29898.045,-12351.105,-3979.845
-11896.47,-11980.035,-23290.965,-6844.995,375.21,-29887.695,-12349.35,-3981.24
-11895.795,-11979.314999999999,-23298.3,-6865.38,370.935,-29888.28,-12352.725,-3982.5899999999997
-11896.83,-11982.779999999999,-23301.315,-6860.25,361.8,-29891.204999999998,-12354.84,-3981.015
-11901.51,-11988.225,-23281.695,-6806.7,367.56,-29893.094999999998,-12357.404999999999,-3982.455
-11903.265,-11989.26,-23280.795,-6792.165,364.09499999999997,-29900.789999999997,-12362.535,-3984.075
-11899.395,-11979.09,-23268.87,-6794.594999999999,366.16499999999996,-29895.03,-12359.295,-3982.995
-11900.789999999999,-11978.234999999999,-23266.665,-6797.474999999999,376.56,-29889.045,-12356.055,-3984.8399999999997
-11901.914999999999,-11981.205,-23276.879999999997,-6809.58,374.21999999999997,-29894.985,-12359.97,-3985.335
-11896.064999999999,-11977.289999999999,-23282.504999999997,-6815.655,377.325,-29886.254999999997,-12360.015,-3980.43
-11899.215,-11979.675,-23284.934999999998,-6818.804999999999,372.87,-29888.37,-12361.41,-3982.995
-11896.65,-11978.865,-23288.489999999998,-6829.83,369.71999999999997,-29888.1,-12359.789999999999,-3979.845
-11898.314999999999,-11981.835,-23296.23,-6855.389999999999,362.925,-29885.625,-12364.064999999999,-3981.87
-11895.75,-11981.564999999999,-23306.399999999998,-6881.715,353.96999999999997,-29891.295,-12361.23,-3978.4049999999997
-11894.31,-11983.14,-23312.565,-6889.365,358.60499999999996,-29886.48,-12358.89,-3975.66
-11902.41,-11989.664999999999,-23306.985,-6879.78,360.135,-29890.844999999998,-12365.64,-3982.545
-11900.564999999999,-11992.5,-23324.489999999998,-6924.014999999999,351.135,-29897.684999999998,-12373.154999999999,-3977.37
-11909.88,-12008.385,-23355.0,-6966.764999999999,335.15999999999997,-29906.954999999998,-12385.08,-3982.2749999999996
-11918.654999999999,-12009.42,-23335.469999999998,-6912.2699999999995,317.565,-29935.395,-12412.215,-3991.6349999999998
-11931.48,-12019.725,-23324.489999999998,-6862.455,303.705,-29955.375,-12439.395,-4006.575
-11933.145,-12017.564999999999,-23293.71,-6761.745,327.465,-29950.92,-12453.57,-4015.845
-11915.055,-11990.43,-23258.07,-6738.795,368.01,-29912.579999999998,-12410.775,-4004.2799999999997
-11902.41,-11981.97,-23272.739999999998,-6801.389999999999,378.63,-29875.364999999998,-12345.615,-3980.3849999999998
-11900.205,-11990.43,-23293.17,-6843.24,372.87,-29865.329999999998,-12324.645,-3964.185
-11911.095,-12005.865,-23313.42,-6856.155,357.435,-29884.77,-12357.9,-3981.015
-11904.48,-11991.15,-23293.26,-6821.325,367.245,-29877.614999999998,-12349.395,-3982.545
-11895.84,-11971.26,-23254.469999999998,-6755.535,403.335,-29842.065,-12314.16,-3978.6749999999997
-11893.275,-11968.064999999999,-23257.26,-6771.96,403.335,-29843.414999999997,-12318.84,-3976.6949999999997
-11894.265,-11972.88,-23271.975,-6803.235,382.95,-29869.829999999998,-12350.025,-3977.055
-11900.97,-11982.6,-23283.629999999997,-6817.995,368.01,-29888.37,-12375.135,-3981.645
-11901.645,-11980.17,-23280.12,-6823.9349999999995,374.445,-29876.76,-12377.97,-3986.8199999999997
-11892.51,-11967.795,-23260.86,-6831.224999999999,380.115,-29840.85,-12359.789999999999,-3981.33
-11895.39,-11973.24,-23268.42,-6847.29,369.18,-29847.465,-12360.914999999999,-3982.995
-11901.24,-11984.85,-23289.75,-6836.67,370.26,-29874.059999999998,-12371.445,-3984.93
-11909.295,-11999.835,-23301.405,-6826.275,351.585,-29893.004999999997,-12390.615,-3986.685
-11913.21,-12005.73,-23313.87,-6849.99,340.11,-29911.86,-12402.18,-3985.02
-11922.345,-12018.285,-23334.254999999997,-6877.575,328.365,-29924.145,-12399.615,-3987.495
-11923.56,-12017.34,-23342.309999999998,-6893.775,348.57,-29893.949999999997,-12368.789999999999,-3994.3799999999997
-11905.02,-11997.494999999999,-23332.68,-6915.014999999999,358.02,-29864.969999999998,-12325.32,-3980.6549999999997
-11893.725,-11979.449999999999,-23317.605,-6931.98,364.905,-29863.664999999997,-12343.275,-3979.89
-11904.435,-11982.465,-23302.665,-6898.1849999999995,369.71999999999997,-29860.605,-12353.31,-3984.39
-11912.22,-11992.68,-23295.015,-6840.63,367.695,-29867.355,-12357.585,-3988.2149999999997
-11908.664999999999,-11988.539999999999,-23273.055,-6771.195,382.22999999999996,-29862.135,-12356.414999999999,-3990.4649999999997
-11905.244999999999,-11989.619999999999,-23269.14,-6746.804999999999,388.485,-29856.149999999998,-12342.96,-3980.565
-11899.845,-11968.515,-23249.295,-6752.79,398.655,-29851.289999999997,-12352.5,-3984.93
-11901.96,-11973.824999999999,-23258.43,-6767.6849999999995,393.65999999999997,-29860.425,-12361.41,-3986.865
-11900.925,-11978.369999999999,-23267.52,-6783.795,393.435,-29861.82,-12361.635,-3983.085
-11903.67,-11981.43,-23271.614999999998,-6798.014999999999,380.61,-29871.675,-12368.564999999999,-3985.6499999999996
-11905.335,-11984.355,-23276.204999999998,-6808.139999999999,373.455,-29878.379999999997,-12373.785,-3987.4049999999997
-11904.48,-11986.605,-23289.344999999998,-6818.985,375.34499999999997,-29871.629999999997,-12370.859999999999,-3985.47
-11904.885,-11986.02,-23291.145,-6816.014999999999,381.87,-29863.395,-12369.285,-3985.47
-11902.23,-11990.52,-23295.87,-6835.005,376.56,-29861.954999999998,-12369.33,-3978.27
-11909.295,-12011.039999999999,-23329.844999999998,-6903.45,346.455,-29877.93,-12382.335,-3980.3849999999998
-11907.855,-11999.25,-23332.545,-6925.95,342.27,-29882.34,-12393.99,-3986.73
-11913.525,-11994.119999999999,-23317.829999999998,-6889.995,361.125,-29866.59,-12384.359999999999,-3994.1549999999997
-11907.765,-11987.369999999999,-23279.94,-6808.905,392.445,-29837.925,-12360.96,-3987.27
-11903.039999999999,-11983.14,-23273.864999999998,-6772.005,400.54499999999996,-29840.129999999997,-12363.029999999999,-3984.93
-11902.904999999999,-11990.385,-23294.655,-6797.61,386.28,-29853.18,-12369.33,-3982.77
-11905.785,-11991.24,-23288.04,-6802.5599999999995,387.36,-29846.114999999998,-12375.045,-3985.1549999999997
-11908.08,-11994.21,-23285.385,-6806.07,379.62,-29852.37,-12379.904999999999,-3983.265
-11904.39,-11990.25,-23302.754999999997,-6848.415,363.555,-29868.164999999997,-12387.689999999999,-3982.9049999999997
-11903.175,-11984.4,-23305.32,-6884.91,358.46999999999997,-29868.074999999997,-12395.25,-3984.8399999999997
-11915.369999999999,-12000.15,-23316.885,-6900.21,349.46999999999997,-29871.27,-12405.24,-3993.48
-11913.525,-12001.5,-23308.605,-6858.54,356.03999999999996,-29867.94,-12410.865,-3990.645
-11914.154999999999,-11995.92,-23284.62,-6799.7699999999995,364.09499999999997,-29873.61,-12413.97,-3992.49
-11916.855,-11998.8,-23280.93,-6780.42,373.40999999999997,-29863.844999999998,-12393.72,-3989.205
-11916.045,-11997.945,-23285.295,-6799.32,380.29499999999996,-29847.645,-12375.539999999999,-3983.7149999999997
-11922.66,-12004.875,-23301.225,-6827.04,364.95,-29865.87,-12407.535,-3998.52
-11918.654999999999,-11998.664999999999,-23305.905,-6846.795,358.515,-29877.48,-12420.81,-4003.02
-11904.255,-11981.295,-23293.215,-6843.465,375.65999999999997,-29859.84,-12409.425,-3996.4049999999997
-11900.07,-11971.17,-23271.39,-6812.1449999999995,396.71999999999997,-29838.059999999998,-12386.295,-3993.795
-11898.494999999999,-11973.15,-23272.245,-6800.175,396.18,-29831.219999999998,-12359.205,-3981.285
-11912.76,-11982.33,-23270.895,-6781.094999999999,406.575,-29820.51,-12358.845,-3996.315
-11923.02,-11989.845,-23285.745,-6822.179999999999,384.57,-29835.449999999997,-12382.65,-4015.845
-11917.89,-11989.935,-23297.489999999998,-6853.23,368.46,-29849.535,-12395.025,-4010.7599999999998
-11906.145,-11981.25,-23286.239999999998,-6834.24,382.635,-29834.774999999998,-12367.08,-3984.2549999999997
-11900.385,-11986.064999999999,-23284.89,-6805.98,371.925,-29853.27,-12376.71,-3967.6949999999997
-11906.685,-11994.705,-23290.515,-6804.719999999999,367.695,-29864.204999999998,-12387.914999999999,-3977.1
-11911.814999999999,-11995.515,-23303.07,-6849.54,374.35499999999996,-29856.465,-12387.869999999999,-3987.3599999999997
-11899.215,-11985.84,-23307.075,-6881.13,375.65999999999997,-29853.18,-12387.06,-3975.0299999999997
-11884.095,-11978.55,-23309.19,-6887.5199999999995,364.32,-29855.024999999998,-12373.064999999999,-3952.305
-11888.595,-11982.96,-23303.565,-6839.955,370.16999999999996,-29852.01,-12369.689999999999,-3956.1749999999997
-11902.904999999999,-11991.195,-23283.54,-6774.12,375.57,-29857.995,-12382.335,-3973.995
-11905.605,-11990.654999999999,-23280.614999999998,-6788.429999999999,375.16499999999996,-29862.719999999998,-12386.34,-3975.615
-11904.705,-11993.49,-23295.059999999998,-6830.955,368.90999999999997,-29865.015,-12381.615,-3969.9449999999997
-11903.22,-11990.115,-23303.16,-6866.55,364.185,-29876.399999999998,-12402.135,-3975.705
-11913.48,-11999.295,-23311.305,-6871.95,357.57,-29890.35,-12422.07,-3983.67
-11922.57,-12014.73,-23325.03,-6864.344999999999,347.31,-29898.405,-12432.555,-3989.9249999999997
-11921.76,-12015.675,-23317.829999999998,-6831.764999999999,333.45,-29914.515,-12445.605,-3995.5499999999997
-11913.3,-11995.38,-23295.645,-6821.28,355.995,-29889.809999999998,-12412.755,-3993.075
-11900.52,-11981.744999999999,-23298.84,-6843.825,389.07,-29850.344999999998,-12374.414999999999,-3983.49
-11894.445,-11980.26,-23294.114999999998,-6834.33,394.60499999999996,-29845.664999999997,-12369.555,-3975.8399999999997
-11895.39,-11978.955,-23280.344999999998,-6815.565,388.08,-29848.23,-12366.09,-3963.645
-11906.775,-11995.74,-23282.82,-6791.04,384.615,-29855.114999999998,-12387.015,-3971.52
-11907.09,-12005.64,-23299.469999999998,-6812.325,358.155,-29891.43,-12389.895,-3968.2799999999997
-11900.835,-11985.885,-23300.46,-6864.705,362.655,-29878.199999999997,-12379.365,-3972.375
-11899.845,-11979.0,-23315.04,-6913.304999999999,385.425,-29846.745,-12354.48,-3976.515
-11903.039999999999,-11989.574999999999,-23331.465,-6922.44,374.715,-29864.745,-12373.605,-3978.4049999999997
-11907.99,-11990.025,-23310.719999999998,-6867.0,364.32,-29885.039999999997,-12398.939999999999,-3986.5049999999997
-11913.75,-11992.455,-23274.315,-6765.3,365.58,-29889.18,-12402.27,-3990.1949999999997
-11911.5,-11990.789999999999,-23261.805,-6741.855,378.71999999999997,-29876.94,-12386.789999999999,-3983.265
-11909.97,-11988.855,-23277.6,-6790.815,383.265,-29865.824999999997,-12383.145,-3979.08
-11916.18,-11998.17,-23294.655,-6835.094999999999,369.495,-29871.765,-12392.189999999999,-3983.7149999999997
-11916.765,-11999.744999999999,-23302.754999999997,-6865.335,358.245,-29882.565,-12402.27,-3984.2549999999997
-11912.13,-11993.355,-23298.48,-6861.15,351.71999999999997,-29895.93,-12412.26,-3986.415
-11911.949999999999,-12000.285,-23312.475,-6841.259999999999,350.59499999999997,-29900.969999999998,-12410.595,-3983.355
-11910.914999999999,-11989.845,-23281.02,-6774.929999999999,382.5,-29875.23,-12383.369999999999,-3981.69
-11901.869999999999,-11975.22,-23262.524999999998,-6783.075,388.575,-29871.18,-12382.785,-3979.125
-11913.975,-11994.705,-23289.795,-6827.355,366.65999999999997,-29887.92,-12411.404999999999,-3986.415
-11930.805,-12017.34,-23322.105,-6875.505,341.01,-29910.555,-12447.675,-4002.48
-11927.43,-12013.695,-23352.48,-6911.73,331.83,-29921.94,-12464.505,-4009.3199999999997
-11908.664999999999,-11998.17,-23373.629999999997,-6917.49,350.055,-29900.969999999998,-12433.545,-3992.3999999999996
-11913.074999999999,-12006.225,-23359.184999999998,-6895.62,354.33,-29876.67,-12396.24,-3982.41
-11911.59,-11994.57,-23283.495,-6828.344999999999,370.26,-29863.664999999997,-12386.205,-3984.39
-11907.945,-11980.215,-23246.954999999998,-6774.84,383.31,-29862.539999999997,-12377.16,-3987.495
-11892.465,-11963.25,-23248.079999999998,-6748.065,413.64,-29835.719999999998,-12339.99,-3969.72
-11892.06,-11967.705,-23259.915,-6770.429999999999,404.46,-29847.015,-12347.685,-3966.2549999999997
-11896.154999999999,-11968.74,-23256.225,-6771.554999999999,397.62,-29866.5,-12381.48,-3973.095
-11904.84,-11981.88,-23276.34,-6802.965,373.635,-29890.71,-12401.955,-3978.54
-11908.664999999999,-11988.945,-23290.469999999998,-6823.304999999999,357.47999999999996,-29901.105,-12408.66,-3980.16
-11913.57,-11991.24,-23288.895,-6820.785,366.435,-29889.539999999997,-12404.115,-3985.83
-11911.5,-11990.789999999999,-23289.704999999998,-6824.115,366.03,-29888.28,-12404.43,-3983.49
-11909.564999999999,-11988.539999999999,-23289.165,-6823.62,366.3,-29889.765,-12409.02,-3983.7149999999997
-11906.01,-11985.975,-23286.465,-6820.65,372.645,-29883.555,-12396.24,-3980.3399999999997
-11895.705,-11974.814999999999,-23273.504999999997,-6800.219999999999,395.90999999999997,-29856.239999999998,-12369.015,-3970.62
-11896.515,-11977.38,-23278.32,-6815.295,372.51,-29880.09,-12389.22,-3973.5
-11905.56,-11986.154999999999,-23290.065,-6828.615,362.745,-29897.19,-12410.82,-3979.305
-11922.57,-12002.175,-23305.364999999998,-6844.41,344.78999999999996,-29921.265,-12432.33,-3991.0049999999997
-11924.73,-12007.08,-23309.774999999998,-6850.304999999999,346.815,-29915.91,-12424.41,-3993.615
-11917.574999999999,-11993.715,-23303.34,-6849.764999999999,359.145,-29896.92,-12416.22,-3999.555
-11911.275,-11985.615,-23294.07,-6838.965,370.97999999999996,-29882.204999999998,-12409.605,-3997.2149999999997
-11900.43,-11977.875,-23283.945,-6836.715,361.84499999999997,-29895.704999999998,-12403.26,-3982.9049999999997
-11905.38,-11989.619999999999,-23299.695,-6861.24,349.245,-29901.059999999998,-12404.654999999999,-3981.87
-11913.48,-11998.17,-23317.695,-6888.24,341.82,-29908.17,-12411.135,-3984.2549999999997
-11912.85,-11994.84,-23321.024999999998,-6888.465,347.085,-29912.085,-12429.945,-3992.22
-11909.925,-11990.789999999999,-23303.969999999998,-6852.87,359.685,-29900.024999999998,-12408.39,-3989.52
-11902.545,-11973.465,-23271.84,-6817.365,377.82,-29877.614999999998,-12367.98,-3976.83
-11910.555,-11985.164999999999,-23280.66,-6799.32,371.025,-29898.629999999997,-12390.164999999999,-3980.3849999999998
-11917.395,-11995.605,-23294.655,-6811.245,353.43,-29922.93,-12417.435,-3987.6749999999997
-11915.46,-11994.57,-23295.329999999998,-6815.07,358.335,-29915.01,-12405.779999999999,-3983.9849999999997
-11913.255,-11994.029999999999,-23293.575,-6814.665,366.47999999999996,-29898.36,-12380.58,-3979.665
-11903.58,-11977.064999999999,-23271.524999999998,-6797.16,383.265,-29877.39,-12370.32,-3980.3849999999998
-11903.085,-11975.13,-23274.54,-6813.63,380.07,-29881.395,-12386.52,-3983.1749999999997
-11905.38,-11980.574999999999,-23285.655,-6829.38,369.81,-29892.149999999998,-12397.005,-3983.1299999999997
-11906.73,-11986.83,-23296.545,-6838.245,365.76,-29892.42,-12400.785,-3982.14
-11906.64,-11987.685,-23303.295,-6851.925,359.59499999999997,-29902.68,-12399.84,-3980.205
-11908.71,-11996.1,-23326.065,-6911.505,342.81,-29915.235,-12403.529999999999,-3978.855
-11910.869999999999,-11997.27,-23333.219999999998,-6959.205,334.84499999999997,-29918.475,-12407.445,-3981.33
-11913.119999999999,-11995.695,-23328.045,-6924.33,350.90999999999997,-29910.69,-12406.77,-3984.8849999999998
-11911.32,-11992.904999999999,-23318.235,-6866.46,362.07,-29910.42,-12408.705,-3982.815
-11913.93,-11988.225,-23285.114999999998,-6802.65,362.43,-29911.274999999998,-12412.17,-3986.73
-11910.33,-11983.904999999999,-23275.89,-6772.905,367.155,-29909.16,-12412.845,-3983.7149999999997
-11910.42,-11986.425,-23294.61,-6819.255,359.685,-29911.5,-12419.279999999999,-3984.8399999999997
-11912.49,-11990.25,-23293.125,-6807.42,356.31,-29915.324999999997,-12427.02,-3987.6749999999997
-11914.785,-11990.34,-23291.28,-6802.785,362.835,-29916.18,-12432.689999999999,-3988.7549999999997
-11928.869999999999,-12004.38,-23296.905,-6823.98,341.46,-29940.03,-12449.475,-3994.29
-11930.355,-12013.605,-23314.14,-6849.63,321.21,-29961.899999999998,-12457.439999999999,-3986.2799999999997
-11931.84,-12023.055,-23329.215,-6863.8949999999995,307.8,-29971.215,-12457.619999999999,-3985.1549999999997
-11926.035,-12010.814999999999,-23307.614999999998,-6817.7699999999995,345.51,-29923.065,-12410.685,-3990.06
-11908.439999999999,-11971.664999999999,-23261.445,-6775.65,392.94,-29881.62,-12396.555,-3995.865
-11904.525,-11967.074999999999,-23259.195,-6788.474999999999,388.03499999999997,-29890.215,-12417.029999999999,-3992.04
-11911.814999999999,-11983.635,-23280.57,-6813.719999999999,370.8,-29899.35,-12420.359999999999,-3991.455
-11913.119999999999,-11988.494999999999,-23291.684999999998,-6821.054999999999,370.71,-29892.329999999998,-12405.96,-3987.765
-11909.205,-11987.775,-23296.32,-6823.844999999999,366.97499999999997,-29897.64,-12404.07,-3981.5099999999998
-11911.23,-11985.57,-23288.445,-6822.045,364.365,-29907.719999999998,-12420.494999999999,-3982.5899999999997
-11907.945,-11983.545,-23289.704999999998,-6828.929999999999,357.705,-29917.89,-12425.715,-3978.225
-11905.695,-11982.689999999999,-23288.715,-6831.495,361.305,-29906.055,-12411.045,-3973.2749999999996
-11910.555,-11981.97,-23287.77,-6825.509999999999,367.65,-29908.844999999998,-12418.605,-3985.83
-11913.119999999999,-11982.779999999999,-23288.94,-6825.24,364.905,-29916.765,-12429.539999999999,-3991.545
-11909.699999999999,-11978.279999999999,-23282.37,-6817.59,373.14,-29911.68,-12435.75,-3992.9849999999997
-11903.85,-11971.755,-23272.515,-6802.965,391.54499999999996,-29891.295,-12422.07,-3987.0
-11902.365,-11974.994999999999,-23277.69,-6808.32,387.9,-29885.265,-12408.39,-3978.855
-11905.425,-11975.49,-23281.739999999998,-6821.1449999999995,371.655,-29898.945,-12431.07,-3991.8599999999997
-11910.375,-11979.18,-23291.28,-6846.344999999999,365.84999999999997,-29902.635,-12433.59,-3992.22
-11911.455,-11980.574999999999,-23289.075,-6843.509999999999,376.245,-29893.23,-12422.16,-3983.67
-11905.875,-11986.244999999999,-23297.895,-6848.73,360.765,-29912.265,-12426.795,-3969.4049999999997
-11920.68,-11995.605,-23299.739999999998,-6833.835,351.765,-29922.344999999998,-12433.859999999999,-3979.5299999999997
-11923.515,-11997.585,-23293.395,-6813.855,356.13,-29922.164999999997,-12434.67,-3982.14
-11913.119999999999,-11992.14,-23297.715,-6834.96,357.16499999999996,-29920.77,-12434.939999999999,-3971.6549999999997
-11908.215,-11982.914999999999,-23293.665,-6839.594999999999,361.03499999999997,-29916.27,-12443.984999999999,-3977.415
-11912.58,-11990.205,-23299.739999999998,-6844.86,353.52,-29921.579999999998,-12453.39,-3981.69
-11910.42,-11991.24,-23300.415,-6843.24,353.29499999999996,-29914.515,-12446.01,-3978.18
-11901.33,-11979.72,-23290.515,-6849.99,357.21,-29896.559999999998,-12435.66,-3974.7149999999997
-11906.145,-11988.99,-23308.245,-6880.724999999999,352.53,-29902.949999999997,-12439.305,-3976.29
-11914.154999999999,-12001.59,-23329.079999999998,-6908.175,337.40999999999997,-29916.36,-12455.279999999999,-3981.555
-11913.93,-11998.664999999999,-23305.77,-6888.014999999999,312.255,-29924.19,-12483.045,-3986.2799999999997
-11920.77,-12002.22,-23298.3,-6847.29,328.365,-29925.09,-12482.414999999999,-3994.2
-11909.699999999999,-11990.07,-23306.085,-6862.679999999999,357.03,-29912.085,-12450.96,-3984.93
-11905.785,-11985.435,-23300.864999999998,-6848.37,379.305,-29883.285,-12400.56,-3971.3399999999997
-11904.48,-11984.22,-23290.739999999998,-6837.884999999999,370.53,-29893.41,-12412.395,-3969.315
-11906.775,-11985.705,-23284.575,-6807.375,365.53499999999997,-29901.285,-12430.215,-3973.8599999999997
-11912.31,-11984.535,-23282.594999999998,-6784.695,377.235,-29891.204999999998,-12430.755,-3981.42
-11916.494999999999,-11986.335,-23283.855,-6807.825,374.76,-29886.074999999997,-12435.029999999999,-3984.66
-11920.185,-12000.779999999999,-23307.03,-6845.04,345.825,-29915.504999999997,-12466.845,-3985.6949999999997
-11925.18,-12007.215,-23322.239999999998,-6865.83,331.83,-29929.094999999998,-12493.439999999999,-3995.46
-11922.57,-11996.279999999999,-23310.809999999998,-6867.315,343.26,-29923.92,-12495.51,-4003.515
-11921.039999999999,-11992.814999999999,-23295.465,-6837.48,368.505,-29895.885,-12449.699999999999,-3998.745
-11911.59,-11982.779999999999,-23285.385,-6818.175,382.32,-29878.245,-12414.645,-3984.93
-11898.539999999999,-11972.025,-23278.725,-6801.03,385.60499999999996,-29876.94,-12404.564999999999,-3964.68
-11908.305,-11977.875,-23277.285,-6812.639999999999,380.15999999999997,-29881.8,-12417.705,-3970.4849999999997
-11909.609999999999,-11979.72,-23279.265,-6822.09,375.79499999999996,-29881.395,-12426.435,-3974.895
-11910.6,-11980.529999999999,-23280.795,-6811.065,374.53499999999997,-29881.079999999998,-12430.619999999999,-3978.9449999999997
-11916.72,-11991.195,-23294.024999999998,-6808.455,363.69,-29890.574999999997,-12446.414999999999,-3985.245
-11918.789999999999,-11998.71,-23305.094999999998,-6824.655,351.27,-29900.16,-12458.699999999999,-3986.19
-11916.18,-11995.965,-23320.575,-6870.24,356.445,-29886.254999999997,-12451.814999999999,-3985.92
-11914.02,-11991.015,-23333.445,-6900.974999999999,369.63,-29874.105,-12436.289999999999,-3982.3199999999997
-11913.255,-11984.13,-23317.469999999998,-6903.2699999999995,366.93,-29878.92,-12437.414999999999,-3983.4449999999997
-11916.494999999999,-11985.3,-23301.54,-6850.8,363.28499999999997,-29891.789999999997,-12456.494999999999,-3988.7549999999997
-11926.305,-11993.22,-23286.105,-6786.045,360.63,-29911.86,-12486.869999999999,-3996.855
-11935.35,-12008.385,-23300.73,-6798.465,345.96,-29927.204999999998,-12508.064999999999,-4000.095
-11940.615,-12017.654999999999,-23315.579999999998,-6830.099999999999,329.76,-29936.475,-12514.725,-4000.5899999999997
-11928.869999999999,-12003.93,-23305.14,-6829.695,340.875,-29909.745,-12469.005,-3992.3999999999996
-11905.38,-11975.039999999999,-23276.879999999997,-6797.79,387.85499999999996,-29848.32,-12394.17,-3972.4649999999997
-11900.925,-11973.555,-23274.45,-6799.634999999999,391.455,-29838.96,-12383.414999999999,-3965.1749999999997
-11910.555,-11990.07,-23295.329999999998,-6829.605,360.945,-29874.329999999998,-12428.279999999999,-3972.06
-11918.654999999999,-11997.045,-23313.51,-6848.865,356.085,-29886.614999999998,-12448.664999999999,-3978.72
-11921.039999999999,-11990.115,-23307.66,-6850.349999999999,369.945,-29880.09,-12457.305,-3985.6949999999997
-11924.955,-12000.33,-23315.715,-6862.86,362.655,-29877.66,-12444.75,-3988.44
-11917.305,-11989.395,-23306.489999999998,-6851.25,372.10499999999996,-29869.02,-12444.029999999999,-3991.0049999999997
-11909.43,-11971.529999999999,-23279.76,-6822.945,382.905,-29864.61,-12447.585,-3990.06
-11911.455,-11982.195,-23290.92,-6835.365,366.12,-29869.965,-12443.265,-3984.795
-11910.015,-11980.035,-23297.489999999998,-6827.085,372.96,-29864.745,-12449.699999999999,-3984.5249999999996
-11917.89,-11986.56,-23296.545,-6810.66,381.96,-29853.225,-12426.93,-3979.08
-11919.914999999999,-11988.765,-23301.629999999997,-6838.29,360.09,-29880.405,-12437.369999999999,-3980.43
-11915.64,-11982.914999999999,-23298.48,-6841.215,364.54499999999996,-29876.94,-12446.055,-3980.25
-11920.814999999999,-11988.855,-23299.02,-6830.28,357.435,-29887.739999999998,-12459.33,-3986.055
-11919.824999999999,-11985.074999999999,-23288.579999999998,-6807.465,363.645,-29889.495,-12463.605,-3989.0699999999997
-11915.73,-11981.52,-23287.995,-6813.09,370.755,-29880.765,-12448.305,-3984.075
-11915.955,-11982.689999999999,-23285.52,-6820.335,368.46,-29868.164999999997,-12442.14,-3983.94
-11919.689999999999,-11983.005,-23276.385,-6814.9349999999995,371.115,-29857.905,-12445.199999999999,-3989.3399999999997
-11916.404999999999,-11981.835,-23283.945,-6817.634999999999,372.59999999999997,-29870.414999999997,-12455.505,-3987.495
-11916.99,-11987.055,-23297.94,-6834.33,357.255,-29893.995,-12477.42,-3990.33
-11915.955,-11987.055,-23304.42,-6853.455,363.96,-29874.69,-12449.385,-3986.415
-11906.055,-11981.609999999999,-23302.665,-6860.655,381.87,-29844.27,-12401.055,-3969.6299999999997
-11913.345,-11987.369999999999,-23306.67,-6866.82,381.735,-29841.21,-12397.904999999999,-3972.555
-11913.75,-11980.574999999999,-23295.465,-6842.295,376.2,-29859.84,-12420.81,-3977.415
-11917.98,-11986.74,-23293.844999999998,-6807.78,374.805,-29871.629999999997,-12435.074999999999,-3980.52
-11920.904999999999,-11992.05,-23300.01,-6829.29,366.84,-29874.735,-12436.244999999999,-3980.7
-11919.195,-11990.564999999999,-23304.555,-6838.74,369.18,-29871.809999999998,-12436.65,-3980.115
-11921.31,-11993.355,-23307.21,-6837.929999999999,366.65999999999997,-29876.399999999998,-12445.605,-3982.185
-11925.045,-11997.404999999999,-23306.309999999998,-6831.179999999999,349.60499999999996,-29895.885,-12466.305,-3987.1349999999998
-11926.755,-11997.27,-23305.454999999998,-6820.965,347.895,-29899.98,-12476.07,-3989.79
-11931.3,-12004.695,-23331.195,-6870.465,344.15999999999997,-29897.91,-12472.515,-3994.83
-11923.425,-11998.439999999999,-23328.27,-6880.139999999999,362.61,-29868.434999999998,-12426.164999999999,-3981.375
-11909.654999999999,-11973.914999999999,-23289.48,-6845.04,377.145,-29859.164999999997,-12425.31,-3978.0899999999997
-11913.84,-11976.345,-23287.815,-6823.755,372.33,-29871.449999999997,-12448.08,-3987.225
-11920.185,-11986.289999999999,-23293.305,-6809.49,365.94,-29882.655,-12458.564999999999,-3989.3399999999997
-11920.59,-11989.08,-23301.495,-6829.83,354.735,-29893.77,-12465.945,-3990.915
-11917.08,-11988.404999999999,-23310.629999999997,-6841.3949999999995,351.71999999999997,-29894.805,-12460.455,-3986.1
-11910.33,-11982.779999999999,-23306.67,-6827.49,364.905,-29878.065,-12438.81,-3976.47
-11914.785,-11980.71,-23289.57,-6814.3949999999995,382.95,-29856.69,-12426.66,-3981.105
-11919.6,-11993.445,-23294.43,-6840.45,372.51,-29859.254999999997,-12424.994999999999,-3978.9449999999997
-11926.755,-12012.795,-23338.44,-6890.085,346.005,-29877.39,-12435.705,-3980.97
-11928.6,-12011.265,-23346.405,-6880.905,354.28499999999997,-29873.475,-12438.855,-3983.85
-11926.17,-12004.38,-23314.274999999998,-6843.825,358.46999999999997,-29877.164999999997,-12442.185,-3981.915
-11921.22,-11989.8,-23299.065,-6838.425,359.09999999999997,-29885.399999999998,-12459.06,-3986.415
-11933.64,-11988.045,-23298.3,-6846.255,359.505,-29899.125,-12495.42,-4003.29
-11940.48,-12005.145,-23320.665,-6861.554999999999,341.37,-29920.545,-12520.17,-4006.035
-11938.904999999999,-12006.225,-23315.04,-6846.075,335.96999999999997,-29923.559999999998,-12514.545,-4005.855
-11931.435,-11998.664999999999,-23301.45,-6828.75,355.455,-29886.074999999997,-12446.82,-3993.48
-11907.314999999999,-11969.91,-23270.76,-6789.33,398.655,-29836.395,-12390.029999999999,-3971.52
-11897.955,-11961.9,-23265.585,-6777.2699999999995,402.705,-29835.36,-12396.824999999999,-3965.3999999999996
-11905.109999999999,-11974.32,-23284.89,-6809.535,383.21999999999997,-29856.78,-12423.465,-3968.595
-11918.205,-11991.689999999999,-23311.934999999998,-6866.639999999999,359.505,-29877.795,-12446.955,-3976.56
-11926.664999999999,-12004.109999999999,-23335.29,-6922.889999999999,347.4,-29885.445,-12456.314999999999,-3984.345
-11921.49,-11993.58,-23325.39,-6928.065,343.26,-29896.695,-12469.365,-3988.17
-11920.68,-11987.01,-23303.34,-6874.29,356.445,-29888.055,-12463.875,-3991.0499999999997
-11919.15,-11984.49,-23285.385,-6786.764999999999,364.95,-29892.015,-12463.154999999999,-3989.79
-11922.885,-11986.515,-23278.364999999998,-6751.53,373.40999999999997,-29891.745,-12467.07,-3996.27
-11923.83,-11989.845,-23289.57,-6792.48,371.29499999999996,-29881.26,-12442.59,-3992.7149999999997
-11915.189999999999,-11980.35,-23287.454999999998,-6804.224999999999,377.59499999999997,-29870.37,-12435.164999999999,-3985.245
-11910.914999999999,-11974.455,-23281.875,-6799.365,393.65999999999997,-29847.51,-12409.335,-3974.355
-11922.3,-11988.404999999999,-23299.559999999998,-6820.514999999999,376.11,-29863.754999999997,-12429.99,-3989.205
-11922.57,-11990.52,-23303.79,-6834.87,362.565,-29874.645,-12432.914999999999,-3988.935
-11914.38,-11982.195,-23296.454999999998,-6839.1449999999995,366.03,-29872.844999999998,-12422.25,-3977.2349999999997
-11915.369999999999,-11984.984999999999,-23305.68,-6869.79,369.85499999999996,-29874.69,-12431.025,-3980.205
-11918.07,-11990.52,-23313.915,-6881.67,379.755,-29859.03,-12424.904999999999,-3981.645
-11911.14,-11976.975,-23295.015,-6853.905,374.53499999999997,-29875.004999999997,-12425.085,-3979.2149999999997
-11920.59,-11988.99,-23291.82,-6804.54,355.005,-29903.85,-12450.15,-3983.7149999999997
-11926.98,-12002.22,-23300.954999999998,-6801.389999999999,343.97999999999996,-29918.565,-12473.145,-3984.2999999999997
-11937.375,-12021.255,-23335.469999999998,-6849.63,334.34999999999997,-29917.395,-12469.994999999999,-3986.19
-11931.48,-12006.675,-23319.719999999998,-6836.625,348.075,-29901.96,-12455.595,-3986.64
-11928.195,-11984.76,-23280.614999999998,-6800.8949999999995,380.47499999999997,-29864.745,-12421.26,-3992.22
-11917.664999999999,-11972.34,-23273.37,-6797.115,390.10499999999996,-29856.465,-12419.46,-3987.4049999999997
-11913.164999999999,-11978.055,-23285.969999999998,-6810.03,379.125,-29875.454999999998,-12442.5,-3980.43
-11924.414999999999,-11997.449999999999,-23307.39,-6833.205,359.90999999999997,-29894.039999999997,-12456.539999999999,-3986.325
-11920.095,-11989.215,-23299.649999999998,-6827.94,364.72499999999997,-29892.555,-12444.75,-3985.83
-11914.244999999999,-11976.615,-23283.675,-6811.335,383.805,-29869.425,-12411.359999999999,-3978.765
-11911.095,-11982.869999999999,-23289.975,-6822.54,371.96999999999997,-29880.0,-12423.33,-3972.645
-11914.515,-11985.57,-23292.27,-6825.375,371.15999999999997,-29883.329999999998,-12432.33,-3976.515
-11911.23,-11968.02,-23277.6,-6826.724999999999,387.27,-29866.635,-12430.439999999999,-3981.69
-11914.83,-11983.904999999999,-23304.78,-6859.98,373.86,-29870.954999999998,-12432.105,-3979.665
-11918.88,-11992.68,-23319.405,-6869.115,363.87,-29878.605,-12439.574999999999,-3981.285
-11919.195,-11985.48,-23300.594999999998,-6841.755,364.32,-29887.065,-12449.609999999999,-3985.065
-11916.404999999999,-11977.02,-23280.57,-6808.995,368.505,-29892.059999999998,-12457.845,-3986.5049999999997
-11919.24,-11981.789999999999,-23290.515,-6822.179999999999,373.09499999999997,-29886.704999999998,-12456.09,-3988.71
-11929.005,-11998.755,-23309.594999999998,-6836.67,355.68,-29902.59,-12459.689999999999,-3993.075
-11924.234999999999,-11995.38,-23305.905,-6837.165,352.97999999999996,-29906.235,-12452.085,-3985.4249999999997
-11924.64,-11994.255,-23301.855,-6830.19,352.97999999999996,-29900.969999999998,-12449.52,-3989.0699999999997
-11915.775,-11982.779999999999,-23287.95,-6815.205,364.635,-29884.68,-12434.265,-3979.845
-11910.689999999999,-11972.52,-23276.295,-6804.315,385.91999999999996,-29860.92,-12420.404999999999,-3977.37
-11915.46,-11980.08,-23288.579999999998,-6816.6449999999995,383.445,-29861.73,-12428.64,-3981.7799999999997
-11920.77,-11998.395,-23329.934999999998,-6872.8949999999995,355.54499999999996,-29886.164999999997,-12447.045,-3983.355
-11918.744999999999,-11998.89,-23341.32,-6904.665,345.87,-29893.86,-12449.699999999999,-3983.1749999999997
-11917.484999999999,-11984.85,-23306.715,-6878.34,358.02,-29885.625,-12431.699999999999,-3981.645
-11915.64,-11979.404999999999,-23296.23,-6850.08,361.755,-29887.11,-12434.715,-3981.1949999999997
-11923.109999999999,-11989.935,-23285.114999999998,-6798.0599999999995,360.63,-29902.32,-12450.914999999999,-3985.02
-11930.445,-11998.664999999999,-23282.504999999997,-6792.48,362.835,-29907.945,-12454.154999999999,-3985.29
-11929.725,-11997.539999999999,-23296.905,-6830.505,349.74,-29914.92,-12460.365,-3985.3799999999997
-11930.265,-12005.145,-23331.42,-6871.815,336.825,-29921.805,-12467.52,-3988.98
-11917.395,-11994.48,-23326.379999999997,-6893.28,351.63,-29896.155,-12435.705,-3976.515
-11905.875,-11975.939999999999,-23305.004999999997,-6876.405,374.985,-29872.98,-12419.64,-3971.52
-11904.255,-11960.865,-23283.54,-6844.365,392.94,-29859.21,-12419.324999999999,-3981.105
-11910.06,-11969.055,-23278.004999999997,-6811.11,381.78,-29873.34,-12434.939999999999,-3983.04
-11923.695,-11987.145,-23285.835,-6799.32,365.84999999999997,-29894.76,-12455.55,-3989.745
-11922.21,-11987.01,-23288.309999999998,-6812.054999999999,366.3,-29895.66,-12451.994999999999,-3987.6749999999997
-11921.535,-11984.039999999999,-23281.11,-6792.344999999999,370.26,-29889.675,-12434.715,-3988.7549999999997
-11913.57,-11974.275,-23275.485,-6795.179999999999,379.8,-29879.19,-12415.23,-3978.45
-11909.34,-11971.17,-23277.105,-6801.344999999999,383.895,-29879.324999999997,-12422.564999999999,-3976.605
-11913.119999999999,-11979.72,-23291.504999999997,-6817.815,372.645,-29890.89,-12441.689999999999,-3977.595
-11923.02,-11992.455,-23311.17,-6854.4,351.85499999999996,-29907.0,-12461.039999999999,-3986.8199999999997
-11924.685,-11991.6,-23318.325,-6872.58,345.15,-29914.379999999997,-12480.029999999999,-3996.4049999999997
-11932.56,-12002.715,-23327.235,-6875.91,336.96,-29915.055,-12466.125,-3997.395
-11928.24,-11997.18,-23313.555,-6845.445,347.805,-29895.164999999997,-12424.859999999999,-3985.92
-11918.115,-11981.52,-23291.28,-6801.974999999999,372.555,-29881.17,-12423.779999999999,-3982.5
-11914.695,-11977.92,-23287.59,-6806.835,379.755,-29881.53,-12428.145,-3978.765
-11918.07,-11979.765,-23285.79,-6810.705,373.09499999999997,-29890.62,-12448.395,-3985.83
-11925.9,-11988.63,-23297.04,-6829.605,361.53,-29901.735,-12448.71,-3991.095
-11915.279999999999,-11978.414999999999,-23290.379999999997,-6826.815,373.86,-29885.94,-12421.395,-3974.355
-11920.41,-11988.585,-23302.71,-6841.08,365.895,-29885.489999999998,-12414.105,-3974.625
-11920.949999999999,-11991.24,-23311.079999999998,-6859.62,366.255,-29872.62,-12409.695,-3977.91
-11914.92,-11986.74,-23311.8,-6870.33,365.625,-29861.46,-12409.695,-3977.865
-11918.34,-11990.07,-23314.14,-6868.08,360.63,-29865.69,-12420.404999999999,-3983.85
-11925.945,-11993.805,-23305.5,-6832.44,372.24,-29860.605,-12428.145,-3989.97
-11917.8,-11981.789999999999,-23284.26,-6806.835,361.16999999999996,-29896.289999999997,-12445.785,-3985.74
-11920.77,-11991.779999999999,-23306.895,-6857.91,329.21999999999997,-29927.789999999997,-12466.619999999999,-3984.435
-11932.605,-12002.67,-23310.18,-6862.679999999999,329.13,-29918.34,-12472.92,-3993.93
-11937.914999999999,-12002.49,-23299.605,-6834.285,332.55,-29914.335,-12470.85,-4001.4449999999997
-11928.51,-11990.16,-23295.329999999998,-6810.929999999999,354.69,-29902.23,-12445.965,-3995.19
-11913.3,-11972.925,-23277.555,-6792.615,388.97999999999996,-29866.32,-12408.21,-3982.14
-11909.609999999999,-11974.59,-23287.77,-6805.8,391.68,-29856.555,-12404.654999999999,-3977.865
-11915.189999999999,-11979.765,-23293.665,-6820.065,380.29499999999996,-29865.059999999998,-12419.595,-3980.97
-11919.6,-11985.885,-23296.364999999998,-6825.0599999999995,374.53499999999997,-29866.545,-12431.475,-3985.83
-11922.119999999999,-11993.715,-23306.625,-6835.365,364.32,-29874.914999999997,-12435.57,-3984.435
-11920.455,-11998.395,-23316.39,-6849.315,347.625,-29892.105,-12442.904999999999,-3983.22
-11919.24,-11987.324999999999,-23298.704999999998,-6829.92,357.65999999999997,-29893.364999999998,-12450.689999999999,-3987.72
-11921.265,-11979.314999999999,-23282.415,-6807.78,376.11,-29880.629999999997,-12442.14,-3991.6349999999998
-11918.205,-11975.445,-23281.335,-6805.349999999999,386.72999999999996,-29871.315,-12427.38,-3987.315
-11916.135,-11979.314999999999,-23293.17,-6821.505,383.895,-29873.969999999998,-12431.744999999999,-3983.49
-11923.289999999999,-11994.029999999999,-23311.844999999998,-6856.695,356.49,-29887.92,-12441.779999999999,-3986.8199999999997
-11922.255,-11992.994999999999,-23317.559999999998,-6866.28,354.96,-29885.805,-12443.715,-3986.5049999999997
-11922.48,-11986.695,-23322.42,-6880.365,351.495,-29889.989999999998,-12460.5,-3993.12
-11934.404999999999,-11999.475,-23321.16,-6877.665,344.61,-29896.695,-12474.855,-4003.245
-11938.05,-12005.414999999999,-23312.475,-6856.965,337.905,-29908.079999999998,-12484.845,-4005.045
-11941.064999999999,-12007.439999999999,-23314.41,-6844.32,335.07,-29913.57,-12489.164999999999,-4009.5899999999997
-11934.675,-12000.734999999999,-23298.93,-6817.905,353.88,-29894.175,-12448.8,-3993.5249999999996
-11922.975,-11989.305,-23300.82,-6836.94,363.33,-29883.87,-12424.32,-3976.83
-11924.46,-11995.064999999999,-23312.295,-6869.655,354.41999999999996,-29885.715,-12415.095,-3972.015
-11932.199999999999,-12001.095,-23318.864999999998,-6873.884999999999,352.16999999999996,-29887.695,-12432.24,-3984.0299999999997
-11936.295,-11999.25,-23317.29,-6851.655,361.53,-29888.64,-12462.93,-3999.24
-11936.925,-11998.439999999999,-23300.864999999998,-6808.094999999999,366.705,-29885.175,-12471.84,-4002.8399999999997
-11923.154999999999,-11982.375,-23287.364999999998,-6800.67,371.07,-29872.079999999998,-12449.07,-3994.065
-11909.654999999999,-11968.74,-23279.85,-6801.165,389.96999999999997,-29848.32,-12415.5,-3975.21
-11911.814999999999,-11972.744999999999,-23287.32,-6813.63,380.205,-29854.395,-12418.965,-3978.855
-11910.15,-11971.215,-23280.93,-6805.62,384.57,-29855.565,-12419.369999999999,-3974.085
-11915.73,-11978.189999999999,-23286.465,-6809.94,380.205,-29867.579999999998,-12435.795,-3979.7549999999997
-11919.914999999999,-11984.625,-23297.219999999998,-6827.04,363.645,-29889.225,-12453.615,-3982.95
-11927.835,-11991.779999999999,-23306.399999999998,-6838.875,353.025,-29901.42,-12457.98,-3988.665
-11928.33,-11992.545,-23307.03,-6840.09,354.015,-29900.925,-12462.39,-3988.44
-11930.22,-11993.67,-23305.32,-6851.07,352.62,-29893.14,-12481.109999999999,-3998.3399999999997
-11924.145,-11985.21,-23300.415,-6863.4,352.62,-29889.539999999997,-12479.76,-3998.97
-11911.904999999999,-11970.09,-23287.14,-6840.585,373.905,-29871.09,-12439.395,-3981.645
-11923.064999999999,-11982.105,-23292.989999999998,-6831.179999999999,374.625,-29853.27,-12422.744999999999,-3989.6549999999997
-11934.81,-11997.09,-23304.645,-6814.53,375.79499999999996,-29850.164999999997,-12403.215,-3987.045
-11921.58,-11982.96,-23295.555,-6815.745,379.89,-29860.379999999997,-12406.185,-3975.66
-11917.125,-11976.3,-23293.8,-6827.219999999999,382.40999999999997,-29862.449999999997,-12411.18,-3975.21
-11918.789999999999,-11976.795,-23292.045,-6830.37,381.15,-29865.645,-12424.14,-3981.4649999999997
-11928.555,-11991.555,-23313.645,-6854.355,364.09499999999997,-29884.995,-12443.67,-3986.5049999999997
-11938.725,-12009.824999999999,-23339.969999999998,-6888.105,336.69,-29911.454999999998,-12468.689999999999,-3993.345
-11936.744999999999,-12006.539999999999,-23336.73,-6885.99,337.005,-29906.864999999998,-12464.189999999999,-3998.0699999999997
-11918.925,-11980.89,-23300.82,-6834.195,366.79499999999996,-29867.805,-12410.279999999999,-3982.995
-11905.154999999999,-11960.01,-23263.11,-6774.705,399.78,-29843.19,-12394.35,-3971.43
-11917.305,-11976.3,-23286.555,-6820.469999999999,391.14,-29852.64,-12414.015,-3979.89
-11924.055,-11987.145,-23309.01,-6866.1449999999995,374.895,-29865.555,-12429.72,-3983.04
-11926.35,-11997.765,-23328.315,-6884.325,362.385,-29876.579999999998,-12438.63,-3981.87
-11930.22,-12000.645,-23326.739999999998,-6867.179999999999,361.305,-29875.14,-12442.14,-3985.605
-11927.205,-11990.52,-23299.155,-6808.365,373.32,-29873.969999999998,-12435.255,-3986.8199999999997
-11930.76,-12002.895,-23319.629999999997,-6833.61,349.425,-29895.975,-12435.345,-3985.605
-11923.38,-11985.795,-23299.065,-6818.58,356.53499999999997,-29893.454999999998,-12444.615,-3984.795
-11927.925,-11979.27,-23292.0,-6824.34,379.44,-29871.719999999998,-12439.529999999999,-3992.04
-11926.71,-11990.07,-23314.274999999998,-6855.21,367.83,-29869.829999999998,-12438.314999999999,-3987.54
-11926.89,-11992.23,-23322.645,-6893.009999999999,367.11,-29867.805,-12438.314999999999,-3986.37
-11930.4,-11999.654999999999,-23333.67,-6931.53,360.27,-29870.774999999998,-12440.835,-3988.62
-11924.46,-11988.63,-23307.344999999998,-6901.0199999999995,359.72999999999996,-29874.465,-12445.064999999999,-3986.595
-11925.27,-11982.645,-23290.739999999998,-6823.3949999999995,366.03,-29871.539999999997,-12444.48,-3988.71
-11928.465,-11987.73,-23282.91,-6718.995,381.825,-29872.53,-12442.095,-3990.015
-11923.335,-11991.96,-23330.745,-6770.655,385.46999999999997,-29870.864999999998,-12435.705,-3981.285
-11925.494999999999,-11990.52,-23332.635,-6807.105,378.18,-29877.614999999998,-12440.699999999999,-3983.085
-11924.64,-11983.859999999999,-23279.355,-6823.035,364.905,-29885.445,-12448.845,-3983.805
-11927.88,-11989.35,-23291.46,-6859.125,353.47499999999997,-29890.17,-12456.225,-3985.92
-11928.105,-11994.66,-23327.28,-6885.045,343.53,-29892.105,-12463.605,-3985.605
-11930.13,-11993.805,-23320.665,-6861.915,351.45,-29886.704999999998,-12462.66,-3988.62
-11933.685,-11993.22,-23290.92,-6802.83,366.21,-29879.28,-12451.5,-3992.04
-11931.48,-11990.564999999999,-23287.635,-6779.925,375.47999999999996,-29880.18,-12468.33,-3992.3999999999996
-11930.265,-11992.814999999999,-23296.68,-6816.285,353.61,-29894.67,-12483.765,-3992.22
-11928.465,-11995.47,-23307.344999999998,-6838.74,343.305,-29904.434999999998,-12476.925,-3987.4049999999997
-11926.845,-11991.779999999999,-23304.555,-6834.6449999999995,353.96999999999997,-29891.475,-12438.945,-3975.0299999999997
-11927.07,-11990.07,-23302.215,-6827.04,371.34,-29864.07,-12398.67,-3969.495
-11916.72,-11973.24,-23286.645,-6812.639999999999,389.745,-29852.594999999998,-12420.404999999999,-3980.0699999999997
-11922.119999999999,-11981.43,-23296.905,-6825.87,379.395,-29861.37,-12435.795,-3986.595
-11920.994999999999,-11976.975,-23288.535,-6815.295,386.01,-29854.89,-12438.945,-3988.7549999999997
-11921.4,-11976.93,-23287.184999999998,-6813.36,384.93,-29859.074999999997,-12455.1,-3995.2349999999997
-11923.02,-11979.27,-23290.245,-6815.88,381.59999999999997,-29859.254999999997,-12449.97,-3996.765
-11918.88,-11978.324999999999,-23291.46,-6819.12,380.15999999999997,-29859.344999999998,-12437.145,-3983.85
-11920.14,-11985.255,-23300.01,-6830.415,368.90999999999997,-29866.815,-12420.945,-3968.5499999999997
-11922.39,-11991.779999999999,-23305.995,-6845.13,345.78,-29894.445,-12445.425,-3967.065
-11926.305,-11994.074999999999,-23310.945,-6842.429999999999,355.995,-29896.469999999998,-12453.164999999999,-3975.48
-11931.21,-11994.885,-23310.765,-6840.179999999999,363.33,-29871.675,-12423.285,-3985.605
-11920.05,-11976.93,-23294.745,-6828.84,386.09999999999997,-29853.539999999997,-12417.074999999999,-3986.73
-11916.045,-11972.97,-23296.545,-6839.865,385.695,-29860.739999999998,-12433.545,-3984.39
-11913.119999999999,-11972.295,-23297.129999999997,-6845.04,373.275,-29866.004999999997,-12441.869999999999,-3980.6099999999997
-11918.88,-11979.27,-23302.53,-6832.8,367.74,-29873.34,-12444.029999999999,-3983.04
-11932.064999999999,-11994.48,-23305.41,-6817.455,361.89,-29878.739999999998,-12446.685,-3991.68
-11937.555,-11999.43,-23308.469999999998,-6829.65,357.03,-29885.219999999998,-12464.55,-4000.5899999999997
-11929.814999999999,-11988.494999999999,-23300.954999999998,-6830.73,356.66999999999996,-29894.715,-12464.279999999999,-3997.5299999999997
-11918.744999999999,-11979.18,-23294.385,-6822.495,373.77,-29871.18,-12405.015,-3971.3399999999997
-11913.21,-11972.609999999999,-23289.03,-6815.25,386.19,-29855.61,-12383.775,-3964.68
-11911.365,-11968.244999999999,-23286.149999999998,-6814.889999999999,385.02,-29868.48,-12418.38,-3973.365
-11922.705,-11983.994999999999,-23302.485,-6831.945,367.60499999999996,-29887.425,-12439.35,-3978.81
-11926.845,-11989.619999999999,-23310.45,-6846.615,358.695,-29894.579999999998,-12446.73,-3984.705
-11923.74,-11986.875,-23308.245,-6851.565,368.865,-29873.655,-12425.49,-3983.1749999999997
-11917.89,-11984.13,-23307.93,-6851.429999999999,375.39,-29859.614999999998,-12407.085,-3975.39
-11918.07,-11974.095,-23297.219999999998,-6842.34,370.84499999999997,-29870.684999999998,-12428.279999999999,-3983.9849999999997
-11920.365,-11977.199999999999,-23300.864999999998,-6825.42,377.28,-29867.94,-12429.404999999999,-3984.615
-11927.97,-11990.52,-23309.415,-6829.155,371.655,-29873.925,-12432.645,-3986.055
-11929.05,-11996.189999999999,-23321.61,-6854.8949999999995,357.93,-29887.379999999997,-12441.285,-3983.7149999999997
-11928.779999999999,-11989.395,-23318.73,-6864.389999999999,356.49,-29891.969999999998,-12447.494999999999,-3986.64
-11926.755,-11986.74,-23323.77,-6901.92,353.565,-29895.93,-12447.99,-3986.37
-11926.619999999999,-11990.789999999999,-23330.204999999998,-6926.175,353.205,-29887.739999999998,-12442.59,-3984.8399999999997
-11917.574999999999,-11976.66,-23309.145,-6907.139999999999,365.21999999999997,-29871.855,-12425.039999999999,-3978.99
-11912.039999999999,-11969.955,-23301.225,-6860.429999999999,373.14,-29859.164999999997,-12421.529999999999,-3977.5049999999997
-11910.555,-11964.734999999999,-23267.655,-6790.05,377.145,-29836.17,-12419.82,-3977.5499999999997
-11924.055,-11982.195,-23289.57,-6810.21,365.13,-29863.844999999998,-12443.22,-3988.17
-11931.615,-11993.715,-23304.51,-6813.855,374.35499999999996,-29864.07,-12449.295,-3992.265
-11927.835,-11991.33,-23299.875,-6827.94,357.615,-29889.899999999998,-12451.635,-3987.99
-11921.265,-11982.734999999999,-23288.219999999998,-6820.29,363.59999999999997,-29892.015,-12445.47,-3981.7799999999997
-11917.664999999999,-11972.97,-23271.344999999998,-6781.95,397.26,-29863.079999999998,-12429.27,-3980.8799999999997
-11914.83,-11969.1,-23270.625,-6779.61,381.645,-29868.57,-12429.585,-3981.33
-11922.255,-11979.225,-23278.14,-6794.594999999999,381.10499999999996,-29870.504999999997,-12437.505,-3984.345
-11931.795,-11996.685,-23306.265,-6838.38,349.91999999999996,-29901.42,-12474.359999999999,-3993.2999999999997
-11942.505,-12009.015,-23335.065,-6860.429999999999,329.265,-29928.69,-12509.369999999999,-4002.12
-11941.154999999999,-12006.045,-23334.795,-6868.035,327.375,-29935.53,-12521.205,-4001.4449999999997
-11945.744999999999,-12012.57,-23340.69,-6878.7,331.74,-29919.239999999998,-12499.875,-4003.02
-11948.445,-12016.619999999999,-23342.355,-6876.855,336.59999999999997,-29900.07,-12464.73,-4000.8599999999997
-11938.275,-11998.125,-23309.91,-6823.44,370.53,-29865.96,-12437.64,-4001.7149999999997
-11918.385,-11967.795,-23265.945,-6783.12,403.60499999999996,-29837.43,-12396.689999999999,-3983.9849999999997
-11907.585,-11959.74,-23270.579999999998,-6797.25,395.235,-29847.015,-12373.199999999999,-3964.3199999999997
-11914.695,-11967.48,-23278.725,-6808.05,385.02,-29862.18,-12401.189999999999,-3975.2999999999997
-11918.295,-11974.005,-23285.835,-6818.67,374.715,-29876.265,-12418.965,-3975.345
-11916.855,-11975.13,-23286.69,-6819.615,373.95,-29877.21,-12420.404999999999,-3971.295
-11908.125,-11968.064999999999,-23281.605,-6814.9349999999995,381.41999999999996,-29864.745,-12409.83,-3964.455
-11898.99,-11958.48,-23278.14,-6803.1449999999995,398.61,-29844.495,-12400.605,-3961.2599999999998
-11902.41,-11958.255,-23275.89,-6800.445,397.62,-29850.704999999998,-12413.115,-3969.3599999999997
-11911.68,-11965.23,-23280.39,-6810.21,387.135,-29859.39,-12425.805,-3980.475
-11925.765,-11979.675,-23293.89,-6822.2699999999995,376.78499999999997,-29872.664999999997,-12442.59,-3993.8399999999997
-11931.435,-11990.52,-23307.12,-6836.94,360.765,-29893.23,-12458.654999999999,-3996.8999999999996
-11927.52,-11987.955,-23305.815,-6838.425,354.59999999999997,-29904.885,-12463.064999999999,-3992.355
-11929.994999999999,-11989.664999999999,-23306.489999999998,-6839.505,352.62,-29907.495,-12457.08,-3989.3849999999998
-11938.095,-11998.89,-23316.614999999998,-6849.315,344.025,-29916.989999999998,-12473.145,-3996.8999999999996
-11948.67,-12009.24,-23327.37,-6861.96,328.68,-29939.039999999997,-12515.984999999999,-4006.7549999999997
-11945.43,-12005.279999999999,-23324.535,-6862.32,324.495,-29949.84,-12544.289999999999,-4009.995
-11933.324999999999,-11992.455,-23310.09,-6846.03,343.89,-29919.6,-12501.99,-4002.12
-11921.984999999999,-11978.189999999999,-23290.649999999998,-6816.6449999999995,385.60499999999996,-29851.02,-12389.355,-3979.395
-11907.675,-11962.439999999999,-23274.585,-6797.7,409.635,-29817.09,-12343.095,-3962.475
-11917.574999999999,-11973.42,-23288.085,-6814.665,387.63,-29853.27,-12402.945,-3979.44
-11927.34,-11988.449999999999,-23305.77,-6836.58,362.47499999999997,-29887.605,-12442.77,-3986.8199999999997
-11927.25,-11994.029999999999,-23315.895,-6853.1849999999995,348.93,-29897.37,-12438.765,-3982.725
-11925.945,-11992.859999999999,-23317.469999999998,-6855.344999999999,359.325,-29879.594999999998,-12403.035,-3974.265
-11928.869999999999,-11992.5,-23316.21,-6853.23,364.185,-29872.079999999998,-12399.615,-3979.17
-11925.494999999999,-11987.82,-23310.495,-6841.125,371.655,-29870.19,-12417.975,-3982.23
-11917.26,-11976.119999999999,-23298.57,-6836.13,373.22999999999996,-29870.1,-12423.734999999999,-3976.6499999999996
-11915.145,-11970.81,-23299.065,-6854.985,376.28999999999996,-29867.355,-12424.725,-3975.48
-11917.755,-11978.505,-23319.405,-6895.259999999999,368.59499999999997,-29869.559999999998,-12428.955,-3976.6499999999996
-11924.055,-11995.965,-23352.12,-6942.014999999999,359.59499999999997,-29871.495,-12430.305,-3977.955
-11925.404999999999,-11998.71,-23350.004999999997,-6939.855,349.38,-29878.965,-12431.789999999999,-3977.865
-11924.91,-11982.869999999999,-23317.379999999997,-6895.844999999999,353.29499999999996,-29879.594999999998,-12431.385,-3982.3199999999997
-11923.65,-11976.255,-23302.079999999998,-6853.365,363.645,-29880.675,-12435.255,-3982.77
-11920.23,-11975.67,-23281.29,-6778.3949999999995,374.35499999999996,-29884.815,-12438.855,-3978.18
-11919.869999999999,-11975.265,-23271.524999999998,-6757.38,371.565,-29885.489999999998,-12439.35,-3976.335
-11922.119999999999,-11979.18,-23276.61,-6783.795,367.56,-29883.465,-12439.664999999999,-3977.955
-11924.955,-11980.08,-23281.11,-6792.255,370.305,-29878.829999999998,-12440.88,-3982.0049999999997
-11923.289999999999,-11977.109999999999,-23284.665,-6795.2699999999995,381.555,-29865.69,-12434.76,-3980.0699999999997
-11927.744999999999,-11980.26,-23296.635,-6815.835,383.21999999999997,-29859.48,-12434.355,-3984.48
-11923.515,-11974.994999999999,-23292.405,-6817.7699999999995,383.31,-29858.265,-12433.994999999999,-3981.6
-11922.39,-11972.52,-23284.26,-6807.825,379.66499999999996,-29868.12,-12440.205,-3980.565
-11923.605,-11974.814999999999,-23288.265,-6810.165,377.37,-29869.695,-12435.39,-3979.44
-11929.994999999999,-11989.755,-23306.265,-6823.304999999999,368.46,-29879.594999999998,-12442.77,-3982.5
-11932.695,-12000.015,-23322.735,-6844.5,358.91999999999996,-29888.28,-12450.555,-3981.555
-11934.855,-12002.805,-23339.969999999998,-6854.804999999999,356.35499999999996,-29887.605,-12456.765,-3984.48
-11934.09,-11989.035,-23308.2,-6839.639999999999,365.4,-29875.77,-12452.805,-3990.24
-11917.845,-11969.685,-23287.86,-6826.005,374.49,-29866.094999999998,-12433.725,-3979.935
-11919.06,-11973.42,-23293.89,-6834.195,373.77,-29867.67,-12438.314999999999,-3977.2799999999997
-11929.185,-11989.08,-23311.44,-6853.32,355.40999999999997,-29890.44,-12463.154999999999,-3982.23
-11931.164999999999,-11992.275,-23310.765,-6842.205,353.25,-29898.36,-12479.805,-3984.12
-11944.664999999999,-12008.654999999999,-23321.61,-6839.955,336.645,-29907.675,-12478.994999999999,-3992.67
-11947.68,-12012.435,-23333.175,-6861.285,329.175,-29914.965,-12487.59,-4001.265
-11944.08,-11995.785,-23312.204999999998,-6840.99,353.925,-29898.0,-12490.244999999999,-4012.83
-11938.5,-11990.925,-23308.065,-6836.04,361.62,-29889.36,-12479.625,-4009.815
-11919.779999999999,-11966.31,-23283.629999999997,-6809.804999999999,394.02,-29850.93,-12432.869999999999,-3997.98
-11897.279999999999,-11942.234999999999,-23258.745,-6786.405,413.37,-29830.14,-12386.115,-3966.345
-11905.064999999999,-11957.895,-23275.215,-6804.54,395.37,-29843.82,-12394.98,-3962.6549999999997
-11916.63,-11974.949999999999,-23294.114999999998,-6824.5199999999995,378.495,-29853.539999999997,-12400.425,-3967.9649999999997
-11925.765,-11986.064999999999,-23305.23,-6835.094999999999,373.185,-29853.629999999997,-12406.23,-3976.875
-11919.015,-11975.805,-23292.855,-6820.83,388.03499999999997,-29843.37,-12408.615,-3978.9449999999997
-11911.275,-11964.869999999999,-23279.579999999998,-6810.344999999999,389.655,-29855.61,-12414.689999999999,-3973.5
-11905.335,-11957.49,-23272.065,-6803.505,394.28999999999996,-29862.27,-12424.635,-3966.39
-11904.57,-11957.22,-23275.62,-6804.855,394.155,-29866.14,-12434.265,-3965.94
-11911.77,-11966.85,-23290.02,-6819.03,380.47499999999997,-29878.02,-12443.4,-3973.455
-11918.43,-11973.689999999999,-23297.175,-6830.55,369.36,-29881.934999999998,-12430.619999999999,-3977.64
-11929.859999999999,-11985.48,-23307.165,-6838.245,365.58,-29875.545,-12418.56,-3986.73
-11933.145,-11989.484999999999,-23309.504999999997,-6838.425,367.28999999999996,-29868.48,-12421.17,-3989.6549999999997
-11934.404999999999,-11994.525,-23316.795,-6846.84,356.66999999999996,-29882.699999999997,-12442.41,-3987.45
-11943.27,-12004.605,-23328.809999999998,-6861.6449999999995,339.255,-29905.515,-12477.465,-3995.5049999999997
-11943.63,-12004.064999999999,-23326.559999999998,-6859.035,339.12,-29911.68,-12494.564999999999,-4000.185
-11945.025,-12002.039999999999,-23319.585,-6854.219999999999,342.81,-29900.07,-12483.494999999999,-4006.7549999999997
-11937.15,-11992.68,-23307.075,-6845.355,357.34499999999997,-29866.59,-12418.289999999999,-3992.58
-11933.279999999999,-11988.404999999999,-23306.67,-6839.594999999999,366.435,-29871.765,-12423.42,-3988.395
-11937.42,-11993.265,-23315.04,-6846.84,356.085,-29900.204999999998,-12482.595,-4001.805
-11936.835,-11993.039999999999,-23318.504999999997,-6856.83,350.145,-29913.704999999998,-12500.279999999999,-4003.92
-11921.445,-11980.89,-23316.165,-6873.12,367.11,-29890.844999999998,-12462.255,-3982.365
-11914.695,-11983.23,-23334.254999999997,-6915.195,368.46,-29866.32,-12414.33,-3964.815
-11917.98,-11986.875,-23352.57,-6954.255,362.385,-29853.18,-12396.015,-3971.79
-11924.865,-11982.779999999999,-23334.165,-6918.255,368.72999999999996,-29847.105,-12399.119999999999,-3983.895
-11923.785,-11981.52,-23317.829999999998,-6890.085,366.705,-29849.85,-12394.8,-3976.6949999999997
-11930.805,-11988.63,-23321.52,-6876.179999999999,361.62,-29863.125,-12410.234999999999,-3981.915
-11935.305,-11993.355,-23311.035,-6827.219999999999,367.155,-29872.44,-12424.59,-3986.2799999999997
-11931.705,-11987.145,-23287.86,-6797.295,360.45,-29884.184999999998,-12432.914999999999,-3984.8399999999997
-11925.855,-11980.619999999999,-23276.024999999998,-6773.49,364.365,-29882.475,-12430.664999999999,-3979.575
-11930.58,-11984.85,-23282.64,-6780.33,379.935,-29873.745,-12431.52,-3984.165
-11928.015,-11980.26,-23293.8,-6799.41,380.43,-29869.469999999998,-12434.625,-3986.415
-11928.015,-11979.945,-23284.079999999998,-6802.605,386.59499999999997,-29855.52,-12426.84,-3984.8399999999997
-11924.1,-11979.63,-23290.515,-6819.255,378.09,-29857.949999999997,-12428.82,-3981.915
-11924.505,-11978.055,-23303.024999999998,-6822.99,378.405,-29858.219999999998,-12432.06,-3983.9849999999997
-11927.744999999999,-11980.439999999999,-23300.1,-6826.365,374.53499999999997,-29862.405,-12435.164999999999,-3985.9649999999997
-11927.654999999999,-11980.529999999999,-23298.93,-6829.29,371.15999999999997,-29865.195,-12436.605,-3986.055
-11929.59,-11984.039999999999,-23300.19,-6820.65,374.13,-29868.21,-12436.335,-3986.415
-11932.02,-11988.314999999999,-23305.815,-6826.05,370.62,-29870.91,-12438.855,-3987.4049999999997
-11932.244999999999,-11989.574999999999,-23305.725,-6831.495,366.435,-29877.254999999997,-12445.289999999999,-3987.495
-11930.445,-11994.3,-23326.065,-6849.405,359.90999999999997,-29881.35,-12448.529999999999,-3983.22
-11932.38,-11992.59,-23321.7,-6857.235,363.06,-29863.395,-12443.355,-3986.5049999999997
-11926.395,-11977.515,-23294.61,-6846.525,374.895,-29860.829999999998,-12433.005,-3983.04
-11919.015,-11970.449999999999,-23289.344999999998,-6835.365,384.885,-29851.02,-12419.91,-3977.73
-11917.845,-11967.615,-23281.605,-6812.955,389.78999999999996,-29844.765,-12421.71,-3980.79
-11925.0,-11979.585,-23294.61,-6814.035,369.945,-29866.725,-12437.595,-3982.095
-11931.84,-11990.43,-23310.629999999997,-6840.495,350.775,-29888.91,-12454.109999999999,-3984.39
-11934.045,-11994.93,-23317.379999999997,-6852.87,340.28999999999996,-29905.965,-12467.744999999999,-3985.245
-11941.83,-12002.535,-23324.219999999998,-6856.155,343.26,-29903.219999999998,-12476.25,-3990.645
-11954.564999999999,-12011.67,-23333.625,-6860.88,349.425,-29892.465,-12485.654999999999,-4005.0899999999997
-11939.355,-11988.494999999999,-23313.87,-6851.429999999999,342.45,-29915.954999999998,-12499.515,-4007.745
-11940.795,-11988.225,-23310.855,-6844.139999999999,355.185,-29894.805,-12495.015,-4019.355
-11935.664999999999,-11984.625,-23298.254999999997,-6829.29,375.79499999999996,-29845.934999999998,-12420.99,-4004.685
-11911.23,-11959.38,-23274.855,-6805.665,398.385,-29826.135,-12380.535,-3973.14
-11909.88,-11958.119999999999,-23278.274999999998,-6808.679999999999,394.2,-29843.594999999998,-12407.22,-3972.69
-11906.64,-11959.109999999999,-23281.11,-6814.304999999999,393.03,-29844.765,-12403.439999999999,-3957.705
-11908.215,-11960.369999999999,-23288.67,-6835.1849999999995,390.87,-29848.545,-12412.17,-3964.3199999999997
-11912.445,-11963.97,-23291.73,-6841.575,393.525,-29847.78,-12410.279999999999,-3968.37
-11910.465,-11962.89,-23289.795,-6833.115,392.985,-29851.379999999997,-12415.904999999999,-3964.455
-11913.255,-11962.305,-23280.795,-6807.915,387.81,-29862.495,-12441.734999999999,-3972.4649999999997
-11919.6,-11966.58,-23277.6,-6801.03,375.615,-29873.879999999997,-12455.91,-3982.23
-11925.539999999999,-11974.949999999999,-23296.23,-6827.04,367.38,-29882.52,-12449.564999999999,-3984.795
-11931.119999999999,-11987.324999999999,-23308.11,-6843.735,355.32,-29872.44,-12414.689999999999,-3977.2799999999997
-11932.605,-11988.494999999999,-23309.1,-6841.08,362.61,-29857.41,-12387.779999999999,-3976.875
-11931.615,-11985.21,-23308.559999999998,-6835.995,372.28499999999997,-29850.66,-12387.779999999999,-3984.2549999999997
-11934.045,-11989.664999999999,-23313.375,-6843.78,362.745,-29868.434999999998,-12418.695,-3990.96
-11941.47,-11998.845,-23321.43,-6850.8,355.995,-29881.664999999997,-12438.765,-3996.495
-11945.564999999999,-12003.255,-23331.87,-6870.96,342.71999999999997,-29903.445,-12471.75,-4005.0899999999997
-11950.154999999999,-12006.045,-23334.795,-6879.0599999999995,341.955,-29912.579999999998,-12491.505,-4011.48
-11943.675,-12004.83,-23334.254999999997,-6877.3949999999995,341.145,-29908.89,-12475.845,-4003.02
-11936.789999999999,-11995.83,-23319.855,-6849.675,357.075,-29879.594999999998,-12419.189999999999,-3987.54
-11925.135,-11974.05,-23287.23,-6801.884999999999,392.35499999999996,-29842.559999999998,-12376.484999999999,-3974.805
-11922.39,-11969.189999999999,-23284.89,-6804.09,403.965,-29834.864999999998,-12387.914999999999,-3977.8199999999997
-11920.545,-11973.015,-23302.844999999998,-6846.389999999999,377.90999999999997,-29860.379999999997,-12413.52,-3977.1
-11919.33,-11974.32,-23313.465,-6880.005,367.245,-29867.715,-12421.215,-3975.75
-11925.9,-11985.164999999999,-23321.925,-6889.23,364.635,-29868.21,-12423.51,-3978.99
-11928.42,-11987.595,-23316.75,-6881.49,355.815,-29876.355,-12431.025,-3982.095
-11929.23,-11981.88,-23305.274999999998,-6845.49,359.01,-29881.485,-12435.75,-3984.93
-11934.18,-11987.414999999999,-23305.004999999997,-6833.474999999999,364.995,-29876.445,-12435.93,-3988.845
-11934.9,-11993.939999999999,-23314.454999999998,-6828.344999999999,374.715,-29874.78,-12433.185,-3986.865
-11938.095,-12003.39,-23339.745,-6857.235,363.96,-29878.695,-12435.795,-3987.8999999999996
-11933.414999999999,-11989.17,-23301.989999999998,-6858.2699999999995,358.11,-29883.195,-12439.89,-3985.2
-11926.89,-11977.47,-23283.09,-6849.2699999999995,366.12,-29874.105,-12436.47,-3981.015
-11925.314999999999,-11971.529999999999,-23294.879999999997,-6843.105,381.06,-29863.89,-12434.76,-3983.1299999999997
-11927.654999999999,-11977.605,-23311.44,-6866.505,380.88,-29860.649999999998,-12432.15,-3984.0299999999997
-11928.24,-11981.835,-23316.795,-6880.59,376.65,-29855.43,-12429.045,-3980.9249999999997
-11930.355,-11984.355,-23309.73,-6851.5199999999995,381.06,-29845.754999999997,-12430.98,-3983.355
-11930.984999999999,-11984.355,-23308.02,-6836.8949999999995,355.995,-29886.39,-12440.16,-3985.74
-11924.685,-11974.5,-23282.325,-6802.514999999999,372.015,-29869.155,-12436.289999999999,-3982.9049999999997
-11923.47,-11971.619999999999,-23275.89,-6795.495,381.69,-29855.204999999998,-12427.92,-3979.98
-11924.64,-11974.545,-23299.515,-6813.495,370.08,-29881.079999999998,-12434.175,-3979.2599999999998
-11929.41,-11979.945,-23305.094999999998,-6811.695,383.03999999999996,-29866.635,-12429.404999999999,-3979.71
-11921.67,-11969.055,-23289.795,-6805.08,382.59,-29872.754999999997,-12433.59,-3976.605
-11923.199999999999,-11970.539999999999,-23285.204999999998,-6814.035,374.985,-29873.295,-12442.095,-3979.2149999999997
-11934.225,-11984.039999999999,-23301.495,-6839.91,359.72999999999996,-29882.16,-12456.765,-3990.33
-11938.185,-11990.564999999999,-23317.065,-6853.995,349.065,-29898.719999999998,-12469.365,-3992.58
-11930.445,-11980.305,-23305.905,-6838.245,358.56,-29893.23,-12462.48,-3985.92
-11930.805,-11984.67,-23304.105,-6819.12,366.12,-29888.91,-12443.895,-3977.46
-11942.865,-11996.865,-23315.04,-6834.509999999999,352.485,-29907.765,-12465.18,-3987.495
-11938.77,-11990.97,-23313.465,-6838.83,352.755,-29911.725,-12476.835,-3991.995
-11934.539999999999,-11985.48,-23304.6,-6837.03,351.675,-29908.62,-12473.82,-3989.745
-11933.505,-11989.215,-23307.165,-6841.485,351.135,-29891.655,-12433.455,-3973.23
-11927.789999999999,-11980.17,-23300.46,-6827.8949999999995,371.61,-29878.469999999998,-12423.96,-3972.285
-11922.164999999999,-11970.945,-23292.945,-6819.57,380.25,-29879.504999999997,-12459.24,-3988.44
-11913.975,-11957.175,-23273.954999999998,-6802.605,394.245,-29866.86,-12467.295,-3992.265
-11897.64,-11937.689999999999,-23248.485,-6779.745,417.51,-29832.84,-12418.38,-3973.365
-11899.619999999999,-11943.855,-23258.43,-6782.625,422.865,-29829.51,-12384.539999999999,-3961.665
-11917.125,-11968.47,-23287.995,-6813.405,392.66999999999996,-29861.774999999998,-12405.24,-3969.18
-11926.619999999999,-11976.074999999999,-23296.77,-6826.86,373.05,-29893.184999999998,-12452.445,-3984.5249999999996
-11929.545,-11983.095,-23306.579999999998,-6837.255,362.745,-29902.949999999997,-12449.295,-3978.0899999999997
-11948.22,-12008.789999999999,-23333.129999999997,-6860.745,343.03499999999997,-29915.37,-12450.645,-3990.33
-11946.15,-12008.97,-23333.399999999998,-6857.55,351.27,-29897.504999999997,-12428.775,-3991.3199999999997
-11930.49,-11986.38,-23310.045,-6836.715,369.27,-29881.89,-12417.57,-3983.535
-11936.88,-11991.689999999999,-23310.54,-6834.24,372.41999999999996,-29872.62,-12405.015,-3985.065
-11937.734999999999,-11997.99,-23318.64,-6843.014999999999,366.525,-29877.03,-12407.85,-3984.795
-11933.73,-11994.57,-23315.04,-6836.715,376.695,-29867.039999999997,-12394.08,-3976.065
-11931.75,-11990.925,-23318.055,-6854.535,366.255,-29879.684999999998,-12404.97,-3974.265
-11929.23,-11979.404999999999,-23305.274999999998,-6846.344999999999,376.875,-29879.864999999998,-12412.98,-3979.17
-11925.359999999999,-11976.885,-23301.09,-6834.105,383.085,-29876.985,-12410.279999999999,-3976.605
-11923.38,-11974.59,-23295.239999999998,-6816.554999999999,382.185,-29878.289999999997,-12410.865,-3974.94
-11926.664999999999,-11981.25,-23299.875,-6813.585,380.78999999999996,-29877.93,-12414.6,-3977.19
-11926.664999999999,-11981.789999999999,-23300.73,-6822.45,384.3,-29868.12,-12416.31,-3975.8849999999998
-11922.3,-11975.039999999999,-23292.54,-6820.514999999999,381.69,-29872.754999999997,-12421.664999999999,-3973.995
-11927.115,-11979.585,-23298.344999999998,-6825.15,380.385,-29869.695,-12428.865,-3979.305
-11931.84,-11985.57,-23307.21,-6837.255,361.485,-29894.085,-12438.855,-3983.94
-11937.33,-11997.63,-23331.69,-6873.12,343.03499999999997,-29906.145,-12450.51,-3989.115
-11932.244999999999,-11991.689999999999,-23330.925,-6888.87,351.45,-29893.905,-12441.914999999999,-3983.94
-11927.654999999999,-11976.57,-23308.335,-6867.54,378.0,-29876.76,-12434.895,-3985.245
-11925.18,-11981.295,-23313.239999999998,-6873.255,367.515,-29885.715,-12434.49,-3973.185
-11930.265,-11996.82,-23318.82,-6857.1449999999995,358.245,-29889.18,-12429.18,-3969.27
-11930.31,-11985.615,-23300.19,-6822.179999999999,367.515,-29889.405,-12436.064999999999,-3983.805
-11923.965,-11972.835,-23289.704999999998,-6794.865,387.81,-29859.93,-12406.095,-3978.495
-11915.46,-11962.395,-23279.399999999998,-6790.59,397.03499999999997,-29849.579999999998,-12401.189999999999,-3971.0699999999997
-11917.529999999999,-11963.699999999999,-23285.43,-6825.195,389.745,-29853.809999999998,-12408.119999999999,-3973.0499999999997
-11921.715,-11973.555,-23313.69,-6887.205,382.95,-29849.895,-12421.305,-3977.64
-11920.77,-11977.605,-23332.545,-6926.445,360.945,-29870.145,-12439.26,-3979.665
-11919.555,-11972.205,-23315.129999999997,-6896.205,350.72999999999996,-29884.23,-12447.72,-3977.145
-11927.88,-11974.904999999999,-23290.515,-6810.795,361.935,-29884.32,-12449.16,-3983.7149999999997
-11933.64,-11985.84,-23293.44,-6788.565,364.40999999999997,-29890.53,-12458.52,-3986.7749999999996
-11937.06,-11997.99,-23327.82,-6849.54,365.58,-29885.309999999998,-12456.585,-3988.2149999999997
-11933.189999999999,-11990.07,-23332.32,-6884.955,378.18,-29866.59,-12453.66,-3989.52
-11935.305,-11993.4,-23342.04,-6897.24,380.25,-29850.12,-12423.24,-3983.7599999999998
-11931.3,-11992.23,-23348.43,-6912.2699999999995,360.765,-29858.579999999998,-12410.055,-3976.74
-11926.8,-11985.84,-23324.04,-6869.384999999999,360.945,-29861.28,-12424.904999999999,-3979.89
-11922.345,-11969.775,-23295.69,-6835.95,379.08,-29848.77,-12413.564999999999,-3978.6299999999997
-11919.6,-11965.725,-23278.995,-6770.07,397.53,-29836.215,-12393.9,-3969.855
-11919.15,-11960.82,-23253.21,-6718.995,404.145,-29844.495,-12415.275,-3975.5699999999997
-11923.38,-11967.029999999999,-23268.42,-6760.125,395.82,-29853.36,-12430.71,-3981.06
-11918.295,-11963.88,-23274.27,-6780.915,391.77,-29861.055,-12428.865,-3973.545
-11917.35,-11966.265,-23284.89,-6801.389999999999,377.46,-29870.954999999998,-12425.805,-3969.6299999999997
-11922.615,-11975.445,-23296.59,-6816.42,369.18,-29874.87,-12422.07,-3968.415
-11924.955,-11980.215,-23300.684999999998,-6821.37,367.56,-29877.704999999998,-12435.705,-3971.115
-11923.02,-11974.185,-23291.37,-6815.205,371.565,-29879.235,-12456.449999999999,-3976.3799999999997
-11920.32,-11969.279999999999,-23286.42,-6809.445,378.45,-29877.614999999998,-12468.689999999999,-3978.99
-11921.805,-11973.6,-23291.82,-6820.425,368.82,-29887.739999999998,-12479.355,-3983.58
-11919.42,-11972.295,-23292.36,-6821.6849999999995,373.54499999999996,-29875.77,-12452.58,-3982.365
-11919.645,-11969.279999999999,-23285.655,-6815.07,388.16999999999996,-29843.91,-12401.324999999999,-3974.1299999999997
-11932.965,-11988.449999999999,-23314.004999999997,-6847.38,370.71,-29865.555,-12408.84,-3981.33
-11926.529999999999,-11979.539999999999,-23307.3,-6844.7699999999995,369.405,-29880.585,-12433.275,-3982.8599999999997
-11928.869999999999,-11980.619999999999,-23304.465,-6835.139999999999,372.51,-29873.385,-12424.455,-3985.29
-11921.22,-11972.654999999999,-23289.75,-6810.4349999999995,386.82,-29856.015,-12401.189999999999,-3977.2799999999997
-11920.814999999999,-11972.88,-23288.94,-6808.32,385.56,-29860.065,-12404.654999999999,-3976.6949999999997
-11920.994999999999,-11978.145,-23305.094999999998,-6843.375,366.615,-29874.239999999998,-12406.005,-3969.585
-11925.99,-11985.615,-23315.985,-6866.594999999999,362.835,-29876.67,-12415.725,-3974.49
-11929.994999999999,-11987.414999999999,-23318.415,-6866.415,367.245,-29869.379999999997,-12412.619999999999,-3979.98
-11930.22,-11988.314999999999,-23321.385,-6853.23,365.625,-29873.835,-12420.045,-3980.43
-11931.48,-11986.289999999999,-23306.085,-6825.195,360.63,-29889.629999999997,-12439.305,-3983.49
-11927.295,-11977.425,-23300.235,-6828.75,367.65,-29890.8,-12444.029999999999,-3984.39
-11920.814999999999,-11968.47,-23295.645,-6837.795,373.77,-29884.815,-12439.395,-3982.0049999999997
-11915.775,-11965.14,-23288.715,-6843.33,378.495,-29874.329999999998,-12416.22,-3970.44
-11916.945,-11968.064999999999,-23289.885,-6853.95,373.09499999999997,-29877.344999999998,-12416.49,-3970.395
-11919.51,-11972.88,-23297.129999999997,-6851.34,382.455,-29866.59,-12407.039999999999,-3971.52
-11929.77,-11984.805,-23315.04,-6844.545,380.61,-29860.379999999997,-12399.48,-3977.5049999999997
-11930.895,-11984.355,-23307.57,-6810.795,373.77,-29869.199999999997,-12411.539999999999,-3979.665
-11925.855,-11974.455,-23291.415,-6795.179999999999,368.28,-29878.829999999998,-12422.52,-3978.6299999999997
-11924.955,-11973.285,-23288.399999999998,-6806.565,368.685,-29880.809999999998,-12425.58,-3977.415
-11926.529999999999,-11983.32,-23308.245,-6828.705,363.645,-29882.385,-12425.22,-3976.1549999999997
-11929.095,-11989.17,-23321.745,-6845.804999999999,359.055,-29887.335,-12427.38,-3977.415
-11932.56,-11989.08,-23315.85,-6852.375,365.13,-29882.835,-12424.68,-3978.18
-11932.47,-11986.244999999999,-23310.09,-6860.205,359.37,-29888.91,-12432.869999999999,-3979.305
-11941.289999999999,-12000.465,-23325.254999999997,-6857.1449999999995,356.895,-29885.715,-12435.705,-3982.3199999999997
-11943.18,-12001.59,-23322.645,-6839.594999999999,359.145,-29871.225,-12442.23,-3988.89
-11929.859999999999,-11982.96,-23308.245,-6845.13,344.925,-29900.25,-12453.3,-3986.865
-11937.42,-11992.59,-23321.475,-6873.57,339.57,-29903.219999999998,-12455.865,-3991.77
-11932.695,-11978.369999999999,-23306.85,-6886.215,359.55,-29881.664999999997,-12457.89,-3995.5499999999997
-11927.88,-11979.539999999999,-23318.415,-6917.49,360.315,-29871.719999999998,-12450.465,-3990.24
-11920.14,-11972.97,-23312.07,-6882.03,370.08,-29859.93,-12418.515,-3978.765
-11919.465,-11971.619999999999,-23296.23,-6810.66,390.10499999999996,-29841.344999999998,-12376.935,-3966.795
-11923.47,-11974.59,-23274.809999999998,-6755.804999999999,380.835,-29853.719999999998,-12385.439999999999,-3970.4849999999997
-11921.265,-11971.619999999999,-23265.765,-6766.5599999999995,373.86,-29840.039999999997,-12393.765,-3971.565
-11923.289999999999,-11970.945,-23279.895,-6796.575,375.885,-29861.594999999998,-12410.64,-3975.165
-11925.494999999999,-11971.619999999999,-23279.805,-6806.655,378.945,-29860.245,-12420.27,-3981.015
-11923.92,-11974.32,-23292.09,-6822.405,371.29499999999996,-29867.489999999998,-12431.699999999999,-3978.4049999999997
-11928.465,-11985.66,-23304.555,-6839.19,358.38,-29877.48,-12437.595,-3977.7749999999996
-11935.484999999999,-11992.455,-23304.285,-6843.915,352.62,-29882.07,-12450.465,-3989.25
-11940.795,-12000.6,-23325.254999999997,-6851.5199999999995,352.53,-29878.335,-12452.265,-3996.0899999999997
-11929.05,-11979.63,-23310.09,-6824.5199999999995,374.49,-29872.305,-12455.865,-3989.8799999999997
-11919.869999999999,-11963.34,-23282.684999999998,-6809.04,380.52,-29875.905,-12458.97,-3986.595
-11921.445,-11969.189999999999,-23288.489999999998,-6816.195,377.72999999999996,-29872.395,-12434.355,-3977.64
-11916.27,-11966.984999999999,-23287.094999999998,-6817.995,380.115,-29862.989999999998,-12408.525,-3963.42
-11914.199999999999,-11963.43,-23287.094999999998,-6821.594999999999,377.90999999999997,-29868.57,-12425.58,-3966.705
-11920.59,-11970.0,-23294.969999999998,-6830.37,374.445,-29865.87,-12421.529999999999,-3973.8599999999997
-11927.025,-11981.34,-23310.0,-6846.615,371.47499999999997,-29853.449999999997,-12400.92,-3973.0499999999997
-11933.685,-11987.73,-23311.754999999997,-6851.429999999999,360.45,-29851.965,-12403.89,-3979.62
-11933.685,-11986.154999999999,-23304.195,-6840.045,364.77,-29846.024999999998,-12404.205,-3983.535
-11937.6,-11989.17,-23303.475,-6834.42,364.455,-29849.085,-12418.199999999999,-3991.23
-11944.08,-11997.27,-23316.885,-6845.8949999999995,355.77,-29879.504999999997,-12451.77,-3995.5499999999997
-11938.005,-11991.42,-23318.82,-6857.19,350.19,-29899.574999999997,-12474.855,-3991.6349999999998
-11938.455,-11993.22,-23322.69,-6857.865,350.41499999999996,-29897.73,-12471.164999999999,-3993.165
-11934.135,-11987.685,-23309.864999999998,-6833.16,365.265,-29875.184999999998,-12431.88,-3985.335
-11915.055,-11963.025,-23280.84,-6800.58,400.635,-29836.89,-12390.84,-3972.96
-11903.984999999999,-11949.57,-23267.565,-6794.91,412.28999999999996,-29821.364999999998,-12378.465,-3963.4649999999997
-11914.02,-11961.945,-23285.879999999997,-6826.5,386.01,-29842.605,-12402.359999999999,-3970.5299999999997
-11926.574999999999,-11978.055,-23304.465,-6854.085,372.465,-29855.655,-12422.43,-3978.99
-11936.475,-11989.395,-23319.809999999998,-6879.87,359.46,-29863.62,-12435.615,-3991.545
-11936.789999999999,-11989.395,-23315.489999999998,-6863.355,358.11,-29869.649999999998,-12438.675,-3989.3849999999998
-11935.439999999999,-11991.869999999999,-23315.129999999997,-6851.34,358.335,-29878.92,-12451.32,-3988.08
-11925.63,-11978.73,-23303.34,-6837.884999999999,370.97999999999996,-29871.449999999997,-12438.765,-3980.52
-11920.23,-11973.24,-23302.89,-6847.065,384.21,-29858.625,-12422.025,-3967.9649999999997
-11930.265,-11986.38,-23320.215,-6872.219999999999,361.34999999999997,-29878.11,-12434.49,-3976.6499999999996
-11938.545,-11993.22,-23316.075,-6847.469999999999,353.43,-29882.789999999997,-12434.445,-3987.495
-11937.195,-11987.279999999999,-23292.36,-6787.53,373.95,-29863.934999999998,-12419.414999999999,-3988.35
-11935.845,-11985.164999999999,-23295.555,-6807.69,373.77,-29864.34,-12405.96,-3983.67
-11936.34,-11989.17,-23303.655,-6822.675,374.49,-29857.59,-12415.41,-3985.4249999999997
-11935.71,-11996.82,-23318.28,-6847.514999999999,351.405,-29870.28,-12417.84,-3984.75
-11935.755,-11995.965,-23320.125,-6852.375,354.10499999999996,-29868.57,-12412.845,-3982.5
-11934.945,-11983.59,-23299.695,-6835.094999999999,370.755,-29861.324999999997,-12414.869999999999,-3985.9649999999997
-11932.199999999999,-11984.265,-23303.835,-6838.245,367.2,-29869.515,-12420.045,-3982.68
-11932.875,-11982.869999999999,-23311.98,-6838.469999999999,370.485,-29870.864999999998,-12423.42,-3985.92
-11931.795,-11986.74,-23323.14,-6844.95,373.14,-29866.274999999998,-12420.855,-3983.67
-11931.93,-11989.395,-23328.405,-6867.54,359.865,-29871.675,-12425.13,-3983.265
-11933.189999999999,-11996.414999999999,-23352.254999999997,-6916.094999999999,348.47999999999996,-29874.465,-12429.225,-3984.21
-11935.89,-11998.619999999999,-23344.469999999998,-6921.09,351.495,-29867.895,-12432.51,-3986.19
-11932.289999999999,-11991.015,-23329.53,-6901.0199999999995,349.515,-29867.67,-12435.39,-3982.9049999999997
-11934.225,-11984.939999999999,-23314.004999999997,-6839.054999999999,366.3,-29866.68,-12437.865,-3987.585
-11937.285,-11982.914999999999,-23283.719999999998,-6770.16,383.35499999999996,-29854.35,-12427.83,-3992.67
-11927.115,-11970.9,-23271.57,-6776.639999999999,382.995,-29856.78,-12423.42,-3985.1549999999997
-11925.404999999999,-11971.17,-23280.795,-6800.264999999999,379.44,-29861.954999999998,-12419.189999999999,-3979.62
-11936.654999999999,-11986.515,-23310.675,-6857.054999999999,357.57,-29881.664999999997,-12446.91,-3988.2149999999997
-11947.365,-12003.435,-23332.32,-6891.255,335.385,-29904.39,-12475.08,-3993.2549999999997
-11956.814999999999,-12019.005,-23356.665,-6908.085,311.085,-29931.3,-12498.21,-3997.44
-11962.98,-12025.08,-23354.055,-6883.875,314.145,-29918.565,-12478.365,-4002.75
-11956.41,-12015.675,-23334.84,-6847.38,336.33,-29891.07,-12431.34,-3994.92
-11938.32,-11990.07,-23310.0,-6837.57,364.22999999999996,-29847.239999999998,-12405.465,-3991.5899999999997
-11925.585,-11968.244999999999,-23286.059999999998,-6816.554999999999,385.02,-29837.789999999997,-12420.0,-3992.58
-11929.545,-11974.545,-23292.629999999997,-6812.415,377.955,-29859.3,-12440.07,-3991.995
-11935.619999999999,-11986.199999999999,-23303.07,-6817.32,367.65,-29871.225,-12442.994999999999,-3987.765
-11944.17,-11996.01,-23314.05,-6833.5199999999995,365.985,-29864.295,-12422.07,-3991.815
-11932.92,-11987.82,-23307.93,-6836.445,371.7,-29854.98,-12396.555,-3975.435
-11919.15,-11969.82,-23294.204999999998,-6834.33,375.57,-29867.445,-12427.92,-3973.455
-11919.779999999999,-11972.43,-23302.665,-6842.7,368.955,-29872.035,-12441.689999999999,-3976.6949999999997
-11925.539999999999,-11979.9,-23313.015,-6856.605,366.21,-29866.995,-12429.314999999999,-3977.73
-11934.63,-11985.615,-23316.48,-6870.915,374.76,-29840.67,-12399.029999999999,-3981.7349999999997
-11937.105,-11987.369999999999,-23319.989999999998,-6885.2699999999995,373.5,-29836.664999999997,-12388.005,-3979.305
-11937.105,-11988.0,-23316.48,-6873.21,346.72499999999997,-29870.64,-12415.365,-3984.75
-11933.865,-11983.095,-23297.04,-6803.594999999999,353.96999999999997,-29882.789999999997,-12432.15,-3984.48
-11937.914999999999,-11988.0,-23298.614999999998,-6792.3,353.61,-29901.329999999998,-12455.145,-3984.66
-11944.17,-11996.055,-23315.04,-6832.08,341.46,-29916.629999999997,-12483.63,-3992.31
-11946.96,-12003.795,-23329.71,-6855.84,328.86,-29924.414999999997,-12481.695,-3994.47
-11946.195,-11999.295,-23321.07,-6846.48,347.175,-29894.129999999997,-12448.98,-4001.355
-11921.715,-11968.515,-23282.954999999998,-6812.235,386.19,-29845.17,-12385.035,-3977.2799999999997
-11909.34,-11960.01,-23276.969999999998,-6807.33,391.68,-29842.739999999998,-12377.07,-3960.585
-11919.779999999999,-11965.5,-23282.01,-6806.925,395.59499999999997,-29845.62,-12399.48,-3972.375
-11930.039999999999,-11983.994999999999,-23314.094999999998,-6830.37,378.22499999999997,-29861.684999999998,-12422.475,-3980.295
-11945.34,-12006.09,-23340.735,-6867.945,350.955,-29886.164999999997,-12444.93,-3992.49
-11946.195,-12001.994999999999,-23339.34,-6889.679999999999,346.77,-29891.34,-12445.605,-3994.065
-11946.689999999999,-12007.439999999999,-23358.105,-6924.014999999999,329.58,-29902.905,-12447.359999999999,-3994.9649999999997
-11947.994999999999,-12007.574999999999,-23354.864999999998,-6910.695,340.11,-29894.219999999998,-12432.6,-3995.955
-11939.22,-11986.695,-23310.45,-6841.844999999999,368.72999999999996,-29881.079999999998,-12421.619999999999,-3990.1949999999997
-11934.765,-11978.595,-23278.815,-6780.465,389.7,-29871.855,-12415.095,-3985.83
-11933.82,-11986.65,-23286.915,-6794.955,378.81,-29874.239999999998,-12409.199999999999,-3975.75
-11933.1,-11989.26,-23305.95,-6819.03,366.615,-29883.465,-12422.43,-3978.54
-11929.455,-11980.755,-23300.37,-6819.344999999999,374.35499999999996,-29878.335,-12425.265,-3980.16
-11926.755,-11979.449999999999,-23296.725,-6813.54,391.95,-29861.504999999997,-12418.154999999999,-3979.305
-11929.095,-11979.449999999999,-23304.69,-6841.304999999999,363.51,-29877.3,-12424.545,-3982.365
-11933.189999999999,-11985.57,-23322.69,-6889.32,352.71,-29885.85,-12426.615,-3984.345
-11934.359999999999,-11991.824999999999,-23334.84,-6921.315,355.275,-29884.59,-12424.32,-3983.265
-11935.215,-11993.085,-23339.745,-6915.87,352.935,-29889.449999999997,-12425.445,-3983.85
-11932.289999999999,-11983.814999999999,-23322.465,-6871.545,352.53,-29899.664999999997,-12429.765,-3982.365
-11930.715,-11979.045,-23295.645,-6799.05,361.935,-29903.985,-12432.375,-3980.6549999999997
-11932.965,-11981.25,-23287.815,-6779.295,366.3,-29906.28,-12439.71,-3983.04
-11935.395,-11984.13,-23290.335,-6791.264999999999,379.62,-29893.77,-12443.67,-3984.5699999999997
-11932.244999999999,-11982.914999999999,-23296.95,-6809.085,387.765,-29883.555,-12445.289999999999,-3982.3199999999997
-11935.395,-11989.845,-23310.585,-6838.92,360.09,-29892.51,-12444.615,-3985.065
-11937.824999999999,-11995.425,-23320.89,-6873.615,336.375,-29907.045,-12445.875,-3988.08
-11941.289999999999,-11994.795,-23320.934999999998,-6876.09,337.22999999999996,-29912.445,-12445.965,-3990.69
-11936.925,-11988.99,-23317.605,-6853.59,351.135,-29902.364999999998,-12440.07,-3986.055
-11935.305,-11984.175,-23302.71,-6807.195,376.875,-29872.89,-12446.279999999999,-3988.665
-11942.414999999999,-11991.914999999999,-23304.239999999998,-6818.264999999999,358.11,-29891.204999999998,-12460.365,-3993.2999999999997
-11940.435,-11993.265,-23314.635,-6844.094999999999,330.795,-29938.995,-12487.545,-3992.895
-11941.02,-11997.765,-23320.035,-6844.5,341.505,-29923.785,-12473.91,-3987.1349999999998
-11931.57,-11985.345,-23308.155,-6834.915,357.435,-29899.26,-12441.42,-3976.47
-11939.715,-11997.135,-23318.415,-6843.105,353.47499999999997,-29897.324999999997,-12435.615,-3974.58
-11935.395,-11989.17,-23308.065,-6832.304999999999,362.25,-29897.55,-12472.02,-3986.325
-11931.255,-11982.06,-23300.864999999998,-6826.5,369.18,-29883.78,-12454.605,-3989.97
-11932.785,-11981.34,-23299.515,-6827.8949999999995,376.155,-29857.094999999998,-12409.83,-3992.58
-11904.885,-11946.734999999999,-23261.715,-6799.86,403.515,-29812.23,-12357.494999999999,-3965.7149999999997
-11901.195,-11943.765,-23259.645,-6798.24,393.03,-29830.23,-12366.63,-3955.455
-11929.545,-11978.955,-23300.954999999998,-6837.344999999999,357.21,-29882.07,-12416.984999999999,-3979.935
-11938.994999999999,-11989.845,-23310.585,-6828.12,384.16499999999996,-29886.39,-12438.494999999999,-3991.0499999999997
-11945.97,-12002.265,-23324.219999999998,-6840.8099999999995,368.685,-29888.19,-12431.564999999999,-3992.58
-11946.06,-12005.775,-23332.454999999998,-6865.2,350.28,-29890.035,-12422.835,-3989.52
-11942.369999999999,-12006.045,-23335.739999999998,-6872.264999999999,355.14,-29877.84,-12407.265,-3982.815
-11928.375,-11990.43,-23319.495,-6853.139999999999,369.36,-29863.71,-12398.895,-3974.22
-11924.73,-11977.064999999999,-23298.84,-6819.12,380.61,-29862.135,-12405.6,-3975.795
-11921.76,-11974.68,-23291.504999999997,-6805.215,378.63,-29874.555,-12414.689999999999,-3964.185
-11922.795,-11978.55,-23300.1,-6827.085,361.84499999999997,-29900.745,-12445.335,-3965.7599999999998
-11926.98,-11978.279999999999,-23298.21,-6827.3099999999995,366.03,-29895.344999999998,-12448.98,-3974.67
-11942.64,-12003.48,-23326.02,-6851.115,357.16499999999996,-29879.864999999998,-12416.355,-3981.1499999999996
-11935.89,-11991.195,-23313.825,-6837.4349999999995,373.14,-29862.495,-12404.07,-3988.395
-11935.529999999999,-11987.189999999999,-23305.95,-6832.71,372.78,-29868.66,-12408.705,-3985.47
-11943.63,-11996.64,-23315.219999999998,-6846.795,364.5,-29875.77,-12416.039999999999,-3989.745
-11935.035,-11990.699999999999,-23317.649999999998,-6863.715,364.455,-29874.465,-12420.18,-3983.3999999999996
-11934.404999999999,-11993.67,-23325.39,-6882.255,357.34499999999997,-29874.96,-12423.465,-3981.96
-11935.26,-11991.645,-23321.52,-6867.99,364.22999999999996,-29866.815,-12425.984999999999,-3984.8399999999997
-11934.99,-11993.445,-23325.885,-6849.675,358.245,-29875.364999999998,-12426.21,-3982.68
-11937.645,-11995.199999999999,-23314.815,-6821.639999999999,362.115,-29880.18,-12430.574999999999,-3983.4449999999997
-11937.824999999999,-11996.91,-23319.945,-6844.995,357.75,-29884.004999999997,-12435.029999999999,-3982.365
-11934.27,-11990.25,-23311.62,-6856.29,362.96999999999997,-29875.995,-12431.744999999999,-3982.095
-11932.965,-11986.605,-23312.655,-6866.865,369.71999999999997,-29875.004999999997,-12429.135,-3981.24
-11933.145,-11986.74,-23319.675,-6888.014999999999,357.705,-29879.774999999998,-12431.25,-3981.4649999999997
-11940.705,-11996.64,-23325.165,-6873.525,358.065,-29873.565,-12439.619999999999,-3988.2599999999998
-11941.83,-12002.22,-23329.44,-6864.12,350.505,-29880.945,-12454.695,-3993.0299999999997
-11938.68,-11998.305,-23314.32,-6841.665,348.885,-29887.289999999997,-12455.865,-3993.12
-11935.619999999999,-11994.795,-23322.42,-6864.57,358.335,-29870.37,-12444.39,-3990.1949999999997
-11940.525,-12001.635,-23350.905,-6895.889999999999,356.805,-29867.219999999998,-12439.755,-3990.5099999999998
-11944.26,-12002.805,-23342.94,-6870.24,355.40999999999997,-29876.039999999997,-12446.414999999999,-3993.0299999999997
-11947.365,-12001.365,-23323.545,-6825.87,349.11,-29894.489999999998,-12466.17,-3997.2599999999998
-11939.265,-11989.395,-23303.565,-6809.759999999999,359.055,-29890.305,-12464.414999999999,-3991.545
-11931.795,-11983.545,-23304.42,-6831.585,363.96,-29880.495,-12444.39,-3979.08
-11936.205,-11992.14,-23329.125,-6871.23,362.88,-29862.135,-12427.605,-3988.395
-11924.369999999999,-11980.439999999999,-23319.315,-6860.565,385.60499999999996,-29826.135,-12377.295,-3971.52
-11918.744999999999,-11970.945,-23301.27,-6829.605,391.14,-29828.475,-12389.265,-3968.5049999999997
-11923.244999999999,-11977.064999999999,-23287.545,-6801.615,380.25,-29844.629999999997,-12411.135,-3969.27
-11931.21,-11984.355,-23292.045,-6810.615,373.185,-29846.07,-12429.63,-3977.325
-11936.43,-11992.005,-23310.225,-6834.96,363.735,-29862.765,-12441.24,-3981.015
-11949.119999999999,-12001.814999999999,-23328.09,-6880.365,345.87,-29880.899999999998,-12454.38,-3997.08
-11948.22,-11998.035,-23324.94,-6869.655,356.13,-29863.485,-12438.09,-3999.7799999999997
-11942.145,-11992.455,-23314.454999999998,-6824.474999999999,368.775,-29855.16,-12434.58,-3996.27
-11936.97,-11985.93,-23295.149999999998,-6779.115,374.53499999999997,-29867.489999999998,-12445.785,-3990.4649999999997
-11934.9,-11984.76,-23297.04,-6805.485,365.13,-29877.344999999998,-12439.8,-3980.295
-11941.064999999999,-11994.93,-23314.094999999998,-6832.665,353.88,-29879.954999999998,-12436.785,-3983.7149999999997
-11941.83,-11995.289999999999,-23314.68,-6830.865,362.385,-29863.98,-12424.545,-3988.4849999999997
-11930.49,-11981.475,-23301.945,-6819.255,379.485,-29844.449999999997,-12410.46,-3982.725
-11926.17,-11975.895,-23296.86,-6817.7699999999995,383.805,-29841.795,-12410.46,-3981.06
-11917.98,-11966.355,-23288.715,-6812.1449999999995,390.645,-29836.8,-12403.439999999999,-3973.455
-11912.535,-11961.045,-23284.35,-6807.554999999999,395.865,-29835.539999999997,-12401.91,-3967.47
-11919.015,-11967.705,-23292.09,-6817.005,384.97499999999997,-29851.92,-12422.07,-3974.3999999999996
-11931.615,-11980.305,-23305.905,-6834.33,364.77,-29881.485,-12468.285,-3989.115
-11949.795,-12001.545,-23328.27,-6857.415,340.11,-29909.879999999997,-12501.09,-4005.45
-11951.189999999999,-12003.345,-23328.675,-6856.74,342.36,-29905.559999999998,-12494.564999999999,-4011.5249999999996
-11940.84,-11993.265,-23316.614999999998,-6842.565,360.18,-29876.94,-12447.0,-3998.3399999999997
-11925.72,-11981.25,-23300.37,-6828.344999999999,376.91999999999996,-29839.364999999998,-12386.43,-3968.64
-11931.164999999999,-11986.064999999999,-23305.59,-6831.315,375.93,-29839.995,-12395.925,-3976.9649999999997
-11937.24,-11990.385,-23307.254999999997,-6836.49,371.745,-29839.545,-12401.324999999999,-3986.46
-11935.484999999999,-11989.8,-23312.745,-6840.63,369.36,-29848.815,-12409.785,-3986.5049999999997
-11929.904999999999,-11983.095,-23311.395,-6835.455,374.13,-29858.445,-12426.795,-3984.975
-11928.645,-11981.025,-23310.135,-6834.24,376.245,-29860.649999999998,-12427.83,-3981.33
-11932.605,-11985.93,-23313.645,-6845.8949999999995,369.04499999999996,-29869.649999999998,-12425.13,-3979.17
-11930.22,-11986.154999999999,-23317.469999999998,-6854.49,363.33,-29873.52,-12427.65,-3976.9649999999997
-11937.869999999999,-11998.35,-23333.04,-6877.304999999999,347.805,-29884.41,-12447.404999999999,-3985.6949999999997
-11950.74,-12010.455,-23345.055,-6884.594999999999,349.2,-29879.504999999997,-12451.68,-4000.3199999999997
-11947.455,-12007.035,-23339.565,-6881.58,357.93,-29867.445,-12434.49,-3999.42
-11933.414999999999,-11997.09,-23331.645,-6902.46,358.11,-29854.98,-12404.835,-3977.865
-11931.615,-11998.71,-23340.69,-6926.58,341.505,-29868.164999999997,-12414.6,-3974.1299999999997
-11946.24,-12013.335,-23350.41,-6909.84,342.81,-29875.454999999998,-12440.295,-3988.7999999999997
-11944.89,-12002.175,-23319.36,-6831.09,369.18,-29869.199999999997,-12447.449999999999,-3991.5
-11938.77,-11994.705,-23305.454999999998,-6784.38,367.46999999999997,-29887.02,-12455.01,-3988.665
-11935.529999999999,-11991.015,-23302.53,-6801.705,364.905,-29885.67,-12442.814999999999,-3983.3999999999996
-11937.42,-11990.97,-23304.645,-6822.99,375.93,-29861.28,-12422.564999999999,-3986.415
-11932.02,-11995.02,-23310.27,-6841.53,372.87,-29855.565,-12413.564999999999,-3979.665
-11928.195,-11990.789999999999,-23317.559999999998,-6846.21,375.57,-29855.16,-12417.795,-3977.2799999999997
-11929.23,-11990.789999999999,-23325.12,-6840.495,380.655,-29852.864999999998,-12429.494999999999,-3980.745
-11932.74,-11996.414999999999,-23362.2,-6866.325,361.575,-29866.184999999998,-12437.189999999999,-3983.7149999999997
-11946.015,-12004.56,-23359.545,-6876.134999999999,358.78499999999997,-29866.635,-12437.82,-3995.055
-11953.755,-12011.625,-23332.635,-6871.05,358.695,-29860.155,-12427.064999999999,-4001.3999999999996
-11946.33,-11998.08,-23299.875,-6830.1449999999995,368.72999999999996,-29858.309999999998,-12420.314999999999,-3995.0099999999998
-11933.955,-11984.085,-23284.079999999998,-6794.6849999999995,386.775,-29850.39,-12411.404999999999,-3982.2749999999996
