ch0,ch1,ch2,ch3,ch4,ch5,ch6,ch7
-9987.615,-11192.355,-21229.38,-5753.88,514.215,-28231.965,-11080.89,-4540.455
-10060.335,-11303.324999999999,-21331.305,-5878.62,459.63,-28210.635,-11097.494999999999,-4557.195
-10090.845,-11366.73,-21436.559999999998,-6028.605,315.22499999999997,-28280.16,-11130.93,-4568.13
-10094.984999999999,-11390.31,-21490.92,-6119.82,177.075,-28312.469999999998,-11127.15,-4579.695
-10085.13,-11388.015,-21524.355,-6251.264999999999,217.26,-28330.515,-11120.67,-4589.865
-10089.494999999999,-11380.32,-21588.795,-6344.37,371.29499999999996,-28320.434999999998,-11117.385,-4611.554999999999
-10067.625,-11312.505,-21510.495,-6202.26,483.34499999999997,-28275.885,-11124.449999999999,-4598.235
-10075.05,-11318.895,-21457.665,-6034.1849999999995,406.34999999999997,-28237.635,-11120.58,-4586.04
-10054.17,-11311.695,-21365.73,-5851.17,372.645,-28286.055,-11149.199999999999,-4565.295
-10014.3,-11265.029999999999,-21310.02,-5793.344999999999,526.095,-28238.67,-11144.205,-4546.304999999999
-9994.725,-11212.335,-21275.415,-5917.139999999999,469.66499999999996,-28247.715,-11108.744999999999,-4547.07
-10015.92,-11253.555,-21357.0,-5960.7,433.305,-28252.664999999997,-11070.0,-4556.835
-10030.68,-11320.965,-21453.12,-6067.53,361.16999999999996,-28319.445,-11113.83,-4575.69
-10071.09,-11316.689999999999,-21392.1,-6015.42,425.47499999999997,-28290.329999999998,-11126.654999999999,-4604.355
-10099.845,-11355.255,-21433.14,-6026.8949999999995,428.085,-28289.43,-11129.895,-4596.255
-10094.76,-11364.885,-21450.735,-6096.42,359.01,-28313.504999999997,-11145.555,-4595.4
-10070.55,-11311.244999999999,-21397.995,-6073.83,336.51,-28307.745,-11123.82,-4613.13
-10107.27,-11271.42,-21352.364999999998,-5974.29,444.195,-28238.039999999997,-11078.64,-4709.61
-10131.39,-11276.865,-21367.215,-5953.365,538.605,-28191.96,-11095.695,-4769.6849999999995
-10108.98,-11286.945,-21405.915,-6003.855,415.575,-28255.004999999997,-11135.564999999999,-4705.065
-10051.65,-11351.699999999999,-21455.55,-6019.695,379.935,-28282.184999999998,-11141.01,-4523.804999999999
-10023.66,-11360.25,-21445.829999999998,-6059.925,371.925,-28301.985,-11129.85,-4477.679999999999
-10054.664999999999,-11333.34,-21455.505,-6143.4,292.32,-28327.995,-11085.21,-4552.74
-10090.484999999999,-11384.955,-21511.8,-6190.155,235.07999999999998,-28348.515,-11126.34,-4577.67
-10121.31,-11371.68,-21475.53,-6133.41,338.985,-28281.96,-11154.42,-4612.005
-10116.81,-11366.189999999999,-21488.94,-6139.485,342.315,-28259.82,-11160.18,-4636.304999999999
-10038.105,-11296.08,-21389.895,-6009.66,368.055,-28276.515,-11174.895,-4591.53
-9986.49,-11231.865,-21304.53,-5901.84,449.37,-28247.985,-11160.855,-4564.304999999999
-9983.115,-11189.88,-21272.04,-5868.315,530.8199999999999,-28219.05,-11111.265,-4572.315
-10072.26,-11278.755,-21362.13,-6035.445,440.145,-28242.675,-11092.41,-4634.054999999999
-10141.605,-11374.38,-21485.34,-6151.23,336.555,-28305.18,-11122.244999999999,-4673.655
-10066.005,-11321.369999999999,-21413.114999999998,-6005.88,421.56,-28294.065,-11119.859999999999,-4598.325
-10047.375,-11255.984999999999,-21328.515,-5896.349999999999,484.56,-28318.815,-11123.73,-4605.84
-10056.285,-11261.654999999999,-21316.5,-5850.855,493.91999999999996,-28333.395,-11127.33,-4562.639999999999
-10044.27,-11297.609999999999,-21358.44,-5916.6449999999995,460.755,-28342.079999999998,-11150.279999999999,-4517.099999999999
-10059.795,-11374.199999999999,-21448.62,-5988.195,430.10999999999996,-28271.07,-11110.545,-4541.76
-10077.119999999999,-11314.755,-21404.114999999998,-5977.844999999999,454.365,-28223.235,-11078.73,-4629.465
-10087.92,-11343.015,-21476.34,-6113.655,380.78999999999996,-28193.67,-11053.89,-4651.155
-10089.81,-11381.805,-21532.094999999998,-6218.01,331.02,-28223.46,-11070.09,-4634.639999999999
-10058.67,-11374.515,-21539.745,-6273.99,337.185,-28335.735,-11134.395,-4511.5199999999995
-10051.38,-11398.005,-21579.12,-6266.16,387.85499999999996,-28346.445,-11173.59,-4466.835
-10082.835,-11349.72,-21459.42,-6112.755,298.485,-28293.48,-11141.775,-4555.349999999999
-10112.805,-11375.145,-21461.219999999998,-6148.035,98.325,-28366.649999999998,-11137.32,-4582.845
-10079.82,-11346.255,-21517.695,-6299.054999999999,76.905,-28428.21,-11161.935,-4576.995
-10079.01,-11298.869999999999,-21453.344999999998,-6180.075,309.06,-28345.32,-11121.525,-4610.385
-10078.065,-11328.705,-21446.73,-6028.875,390.51,-28275.704999999998,-11086.605,-4607.595
-10093.994999999999,-11383.605,-21440.79,-5945.445,419.76,-28261.53,-11112.795,-4612.23
-10087.335,-11379.06,-21523.59,-6065.955,373.22999999999996,-28307.204999999998,-11129.4,-4560.165
-10042.785,-11341.664999999999,-21475.98,-6088.365,270.855,-28329.57,-11135.34,-4506.165
-10036.619999999999,-11290.32,-21384.675,-6034.724999999999,381.735,-28301.039999999997,-11151.99,-4539.825
-10028.835,-11278.305,-21358.934999999998,-5925.24,534.285,-28233.495,-11105.505,-4543.785
-10046.205,-11301.21,-21357.315,-5893.065,527.76,-28196.954999999998,-11088.945,-4560.615
-10057.994999999999,-11334.645,-21419.19,-5974.065,435.24,-28236.645,-11102.76,-4567.995
-10075.455,-11351.43,-21490.245,-6143.67,310.815,-28255.454999999998,-11104.154999999999,-4577.76
-10072.71,-11352.15,-21528.989999999998,-6268.1849999999995,213.435,-28278.629999999997,-11108.564999999999,-4579.245
-10072.44,-11329.47,-21507.21,-6247.304999999999,241.155,-28297.035,-11118.375,-4587.75
-10056.42,-11279.835,-21408.12,-6050.88,463.365,-28280.34,-11124.359999999999,-4583.88
-10042.02,-11269.035,-21344.67,-5978.25,498.06,-28264.815,-11128.455,-4576.05
-10053.18,-11301.119999999999,-21400.2,-6058.304999999999,373.995,-28314.989999999998,-11160.945,-4589.73
-10075.14,-11320.92,-21383.46,-6028.605,368.145,-28340.37,-11172.689999999999,-4605.48
-10053.945,-11286.72,-21339.809999999998,-5916.0599999999995,478.215,-28277.325,-11134.17,-4589.73
-10038.24,-11326.095,-21401.28,-5948.325,497.835,-28216.98,-11081.025,-4573.035
-10006.154999999999,-11254.455,-21343.454999999998,-5933.565,505.03499999999997,-28208.61,-11060.865,-4548.78
-10031.49,-11264.939999999999,-21375.18,-5944.995,500.085,-28229.94,-11095.154999999999,-4569.929999999999
-10023.795,-11248.695,-21332.88,-5897.34,502.83,-28242.719999999998,-11140.695,-4567.995
-10035.404999999999,-11259.225,-21324.105,-5914.485,480.33,-28246.995,-11113.38,-4568.94
-10066.815,-11273.49,-21351.78,-5992.469999999999,443.43,-28240.829999999998,-11106.675,-4621.5
-10118.654999999999,-11268.81,-21339.405,-6000.795,434.835,-28227.51,-11148.255,-4720.995
-10090.71,-11218.32,-21284.415,-5913.54,489.33,-28197.719999999998,-11115.494999999999,-4713.705
-10071.765,-11264.58,-21356.055,-5920.74,487.03499999999997,-28223.01,-11071.935,-4649.175
-10020.33,-11315.205,-21427.29,-6012.179999999999,428.03999999999996,-28258.739999999998,-11073.914999999999,-4516.514999999999
-10084.41,-11375.91,-21482.37,-6116.58,364.995,-28260.945,-11080.439999999999,-4590.855
-10191.734999999999,-11387.97,-21482.82,-6134.804999999999,239.535,-28321.155,-11149.515,-4769.1449999999995
-10157.039999999999,-11359.845,-21442.23,-6086.115,236.60999999999999,-28327.95,-11134.89,-4755.6449999999995
-10098.855,-11393.01,-21466.8,-6053.715,300.42,-28329.164999999997,-11119.994999999999,-4618.845
-10084.23,-11420.64,-21568.95,-6195.375,257.625,-28438.875,-11198.789999999999,-4517.639999999999
-10094.805,-11374.83,-21513.915,-6185.88,297.85499999999996,-28482.57,-11238.435,-4554.63
-10049.039999999999,-11310.074999999999,-21418.469999999998,-6047.37,371.29499999999996,-28356.12,-11158.515,-4522.59
-10023.435,-11303.1,-21419.145,-6058.98,367.695,-28252.53,-11081.564999999999,-4476.33
-10046.385,-11367.27,-21519.135,-6151.094999999999,413.955,-28199.295,-11086.199999999999,-4500.09
-10088.55,-11372.715,-21523.77,-6184.53,434.835,-28235.204999999998,-11108.925,-4551.615
-10079.91,-11381.939999999999,-21538.305,-6195.554999999999,398.025,-28231.92,-11080.71,-4544.37
-10055.565,-11365.425,-21477.645,-6027.974999999999,404.37,-28237.995,-11086.38,-4541.264999999999
-10029.24,-11291.895,-21357.405,-5903.325,366.16499999999996,-28256.805,-11076.795,-4540.815
-10046.97,-11319.84,-21351.78,-5878.8,438.79499999999996,-28227.059999999998,-11093.31,-4569.4349999999995
-10053.539999999999,-11276.595,-21383.594999999998,-6041.16,377.46,-28269.27,-11139.119999999999,-4599.2699999999995
-10064.25,-11266.38,-21386.16,-6134.445,267.12,-28330.02,-11153.43,-4600.755
-10073.565,-11334.51,-21492.045,-6261.12,207.225,-28364.94,-11158.154999999999,-4591.845
-10074.869999999999,-11357.369999999999,-21510.18,-6237.54,272.7,-28353.285,-11131.56,-4569.974999999999
-10087.244999999999,-11374.605,-21492.675,-6141.465,373.54499999999996,-28340.37,-11130.255,-4574.5199999999995
-10071.225,-11351.835,-21453.975,-6026.445,424.305,-28295.594999999998,-11123.955,-4570.245
-10070.82,-11324.295,-21444.344999999998,-6088.32,403.38,-28253.61,-11099.07,-4580.55
-10079.324999999999,-11338.47,-21459.735,-6116.264999999999,353.61,-28244.52,-11103.84,-4588.965
-10085.805,-11334.42,-21400.829999999998,-6003.8099999999995,332.685,-28240.605,-11110.994999999999,-4598.325
-10061.19,-11286.81,-21336.075,-5878.08,500.76,-28274.85,-11107.664999999999,-4579.605
-10057.725,-11274.48,-21331.755,-5909.715,510.435,-28259.37,-11105.73,-4581.09
-10063.17,-11302.605,-21391.469999999998,-5978.07,470.07,-28232.64,-11089.484999999999,-4580.6849999999995
-10065.51,-11332.845,-21433.995,-5998.455,421.60499999999996,-28262.565,-11096.279999999999,-4581.179999999999
-10083.914999999999,-11329.425,-21434.445,-6020.325,412.10999999999996,-28303.11,-11107.17,-4594.455
-10076.58,-11322.045,-21429.27,-6053.625,381.28499999999997,-28307.879999999997,-11113.38,-4592.25
-10083.465,-11369.564999999999,-21462.21,-6092.46,342.81,-28290.375,-11121.93,-4603.545
-10072.845,-11379.914999999999,-21477.42,-6062.445,368.055,-28253.835,-11109.824999999999,-4592.115
-10058.58,-11314.439999999999,-21431.969999999998,-6047.82,393.16499999999996,-28265.94,-11111.984999999999,-4581.0
-10043.775,-11281.635,-21430.079999999998,-6165.945,359.46,-28315.079999999998,-11124.539999999999,-4583.5199999999995
-10044.539999999999,-11280.105,-21436.515,-6173.37,407.835,-28283.219999999998,-11128.725,-4591.08
-10035.585,-11278.26,-21401.954999999998,-5999.355,452.205,-28235.969999999998,-11077.515,-4567.815
-10059.66,-11244.465,-21272.625,-5767.83,481.5,-28212.3,-11072.34,-4579.965
-10080.63,-11281.005,-21318.84,-5856.57,443.745,-28252.754999999997,-11099.564999999999,-4595.49
-10067.49,-11307.824999999999,-21382.965,-5964.57,416.52,-28281.149999999998,-11156.265,-4612.679999999999
-10049.76,-11279.43,-21380.579999999998,-5990.94,403.91999999999996,-28301.219999999998,-11190.779999999999,-4654.215
-10077.435,-11325.15,-21394.44,-5993.1449999999995,475.56,-28226.43,-11129.805,-4715.73
-10104.345,-11264.49,-21344.219999999998,-5989.275,492.84,-28182.465,-11075.039999999999,-4740.12
-10126.529999999999,-11290.23,-21381.12,-6065.505,357.705,-28233.945,-11086.47,-4678.47
-10090.44,-11366.505,-21493.62,-6140.79,237.95999999999998,-28300.815,-11121.84,-4533.885
-10000.664999999999,-11342.115,-21504.78,-6124.455,273.87,-28334.655,-11136.689999999999,-4409.955
-10021.59,-11332.395,-21456.405,-6044.49,358.46999999999997,-28348.965,-11116.305,-4476.42
-10079.145,-11372.49,-21427.965,-6005.925,422.59499999999997,-28382.129999999997,-11143.845,-4584.15
-10130.22,-11385.765,-21459.825,-6059.655,387.945,-28404.629999999997,-11159.73,-4664.745
-10145.07,-11334.42,-21441.87,-6138.315,369.85499999999996,-28359.989999999998,-11174.67,-4695.929999999999
-10124.279999999999,-11392.47,-21504.645,-6241.1849999999995,379.71,-28328.489999999998,-11170.755,-4645.035
-10083.914999999999,-11362.005,-21504.645,-6200.82,347.76,-28256.76,-11078.055,-4557.87
-10069.92,-11344.32,-21493.53,-6109.155,262.125,-28286.954999999998,-11084.805,-4544.82
-10038.96,-11355.93,-21478.77,-6090.165,323.775,-28280.565,-11085.93,-4520.97
-10035.359999999999,-11332.215,-21457.755,-6018.165,424.215,-28225.395,-11087.73,-4518.63
-10031.22,-11258.234999999999,-21334.454999999998,-5913.135,387.53999999999996,-28273.545,-11124.585,-4554.99
-10082.654999999999,-11321.324999999999,-21392.684999999998,-6003.09,411.47999999999996,-28252.844999999998,-11109.24,-4613.22
-10118.25,-11397.195,-21501.495,-6185.835,389.07,-28229.895,-11080.664999999999,-4632.3
-10127.52,-11407.05,-21593.43,-6351.12,233.82,-28334.07,-11091.015,-4618.665
-10110.734999999999,-11418.3,-21571.515,-6215.445,317.295,-28357.065,-11128.41,-4594.7699999999995
-10059.119999999999,-11349.81,-21452.265,-6000.389999999999,466.38,-28262.114999999998,-11113.83,-4533.974999999999
-10029.285,-11304.314999999999,-21388.815,-5962.32,458.325,-28240.155,-11098.664999999999,-4514.985
-10038.33,-11309.49,-21447.27,-6043.094999999999,429.12,-28286.684999999998,-11120.85,-4540.365
-10073.475,-11301.255,-21376.71,-5978.969999999999,463.22999999999996,-28295.864999999998,-11136.645,-4597.74
-10065.33,-11312.685,-21408.39,-6014.7,428.31,-28278.0,-11118.555,-4611.465
-10082.789999999999,-11324.43,-21384.945,-6004.62,393.84,-28266.57,-11108.925,-4606.695
-10056.375,-11299.68,-21332.204999999998,-5901.12,446.66999999999996,-28234.305,-11097.81,-4566.285
-10022.49,-11253.645,-21304.17,-5877.045,444.96,-28243.35,-11084.67,-4535.595
-10041.21,-11302.695,-21401.19,-6000.885,365.625,-28303.02,-11102.984999999999,-4540.545
-10088.505,-11346.029999999999,-21442.32,-6046.83,364.905,-28321.649999999998,-11135.789999999999,-4584.33
-10108.619999999999,-11331.675,-21401.19,-6049.62,361.03499999999997,-28314.539999999997,-11136.24,-4615.47
-10071.27,-11280.15,-21386.88,-6072.66,369.765,-28254.42,-11101.095,-4592.34
-10046.654999999999,-11254.41,-21386.969999999998,-6120.179999999999,388.125,-28238.219999999998,-11082.15,-4581.09
-10063.529999999999,-11294.189999999999,-21411.989999999998,-6141.24,361.485,-28261.215,-11113.92,-4614.795
-10100.97,-11360.25,-21487.14,-6061.86,404.685,-28262.879999999997,-11115.63,-4645.035
-10100.654999999999,-11347.74,-21454.065,-5950.215,409.275,-28317.465,-11101.5,-4614.974999999999
-10087.74,-11338.65,-21410.37,-5990.804999999999,357.65999999999997,-28344.825,-11131.515,-4598.55
-10092.734999999999,-11344.77,-21431.43,-6004.755,425.43,-28292.76,-11127.689999999999,-4587.57
-10093.994999999999,-11340.855,-21421.17,-5971.545,445.185,-28255.545,-11113.064999999999,-4594.005
-10101.06,-11313.135,-21375.945,-5974.0199999999995,427.54499999999996,-28240.829999999998,-11106.63,-4608.405
-10091.43,-11306.115,-21379.454999999998,-6066.315,363.735,-28274.579999999998,-11132.595,-4604.985
-10062.539999999999,-11249.505,-21365.145,-6125.804999999999,348.03,-28344.015,-11155.68,-4635.855
-10056.33,-11249.414999999999,-21393.989999999998,-6060.96,435.41999999999996,-28352.7,-11152.619999999999,-4649.445
-10050.57,-11302.064999999999,-21432.465,-6025.815,424.97999999999996,-28395.0,-11159.82,-4581.224999999999
-10063.08,-11333.205,-21437.64,-6069.0599999999995,267.885,-28378.079999999998,-11125.71,-4552.92
-10072.305,-11365.335,-21482.46,-6155.37,225.0,-28251.765,-11111.67,-4611.6449999999995
-10058.265,-11289.96,-21402.989999999998,-6133.05,410.58,-28105.515,-11073.015,-4639.59
-10003.5,-11236.005,-21359.52,-6083.054999999999,433.26,-28185.795,-11085.3,-4531.1849999999995
-10020.33,-11323.35,-21429.54,-6026.715,392.76,-28227.914999999997,-11124.314999999999,-4464.135
-10079.46,-11331.359999999999,-21423.87,-5959.755,395.325,-28268.594999999998,-11182.68,-4587.525
-10157.355,-11330.46,-21422.52,-5994.495,408.41999999999996,-28285.469999999998,-11144.835,-4715.775
-10112.85,-11311.695,-21423.015,-5982.705,545.805,-28210.14,-11114.369999999999,-4672.44
-10083.06,-11337.75,-21420.18,-5979.87,515.925,-28237.59,-11082.42,-4550.76
-10037.295,-11361.465,-21444.12,-6014.34,407.385,-28336.545,-11103.93,-4433.67
-10042.289999999999,-11369.16,-21436.92,-6045.389999999999,313.695,-28379.295,-11110.77,-4484.745
-10042.92,-11340.314999999999,-21445.29,-6039.179999999999,331.46999999999997,-28340.594999999998,-11098.17,-4511.295
-10050.795,-11329.064999999999,-21474.09,-6097.094999999999,303.12,-28292.129999999997,-11087.145,-4538.25
-10071.675,-11331.045,-21469.545,-6162.795,286.11,-28264.635,-11083.14,-4586.94
-10076.85,-11326.68,-21428.1,-6091.065,409.40999999999997,-28240.065,-11086.244999999999,-4576.32
-10082.475,-11339.505,-21399.39,-5992.5599999999995,417.10499999999996,-28254.645,-11082.6,-4562.639999999999
-10088.19,-11368.574999999999,-21459.015,-5998.1849999999995,371.43,-28348.829999999998,-11103.93,-4571.325
-10064.43,-11331.765,-21433.41,-6045.66,383.66999999999996,-28328.67,-11099.88,-4554.224999999999
-10034.73,-11293.695,-21430.575,-6122.88,404.90999999999997,-28279.575,-11109.06,-4543.514999999999
-10067.085,-11357.595,-21526.02,-6240.105,406.08,-28264.995,-11106.9,-4563.675
-10094.31,-11349.225,-21501.135,-6265.17,236.11499999999998,-28326.645,-11128.365,-4588.245
-10110.42,-11359.755,-21499.695,-6173.28,147.73499999999999,-28378.575,-11140.605,-4604.625
-10105.56,-11385.404999999999,-21472.829999999998,-6001.514999999999,286.38,-28346.94,-11146.59,-4610.5199999999995
-10084.095,-11378.744999999999,-21413.114999999998,-5913.8099999999995,459.63,-28331.145,-11159.505,-4603.095
-10069.244999999999,-11303.1,-21378.915,-5977.575,394.875,-28317.329999999998,-11136.51,-4597.0199999999995
-10077.93,-11291.265,-21426.84,-6059.025,288.495,-28320.795,-11117.52,-4625.639999999999
-10095.3,-11265.21,-21336.3,-5969.745,473.84999999999997,-28253.024999999998,-11109.6,-4649.264999999999
-10067.67,-11245.32,-21343.454999999998,-6054.389999999999,521.37,-28245.059999999998,-11121.164999999999,-4613.94
-10067.445,-11295.494999999999,-21430.8,-6216.075,355.995,-28295.19,-11128.14,-4572.585
-10063.89,-11318.355,-21470.895,-6157.889999999999,332.145,-28356.57,-11133.945,-4560.885
-10057.815,-11341.215,-21457.755,-6008.3099999999995,384.075,-28323.719999999998,-11095.02,-4547.34
-10030.365,-11355.75,-21411.315,-5915.34,403.10999999999996,-28274.219999999998,-11071.664999999999,-4522.365
-10067.85,-11289.869999999999,-21330.719999999998,-5880.69,490.85999999999996,-28206.27,-11087.01,-4616.054999999999
-10113.525,-11211.345,-21278.745,-5898.915,527.895,-28172.475,-11119.859999999999,-4741.245
-10164.33,-11272.994999999999,-21366.719999999998,-6027.75,474.435,-28211.309999999998,-11116.574999999999,-4782.014999999999
-10132.785,-11297.205,-21387.059999999998,-6060.554999999999,471.015,-28204.829999999998,-11072.295,-4678.0199999999995
-10032.57,-11335.904999999999,-21466.62,-6187.635,395.37,-28259.504999999997,-11050.02,-4482.495
-9978.029999999999,-11331.765,-21490.649999999998,-6207.075,266.805,-28354.094999999998,-11067.39,-4427.955
-10074.51,-11280.285,-21391.469999999998,-6051.195,327.465,-28366.02,-11139.795,-4642.155
-10137.015,-11284.965,-21334.545,-5872.32,453.87,-28275.075,-11143.17,-4736.655
-10091.654999999999,-11313.09,-21361.005,-5912.594999999999,456.03,-28222.515,-11112.435,-4595.22
-9990.99,-11327.039999999999,-21421.8,-6045.57,375.705,-28299.285,-11120.13,-4404.69
-10083.06,-11392.515,-21497.625,-6123.15,337.995,-28323.0,-11135.609999999999,-4532.8949999999995
-10111.14,-11361.914999999999,-21469.454999999998,-6107.94,337.995,-28305.315,-11106.945,-4591.304999999999
-10121.715,-11382.75,-21517.065,-6151.679999999999,349.695,-28315.395,-11100.779999999999,-4601.205
-10095.345,-11361.195,-21551.355,-6200.1449999999995,340.28999999999996,-28321.875,-11122.515,-4586.04
-10093.05,-11361.24,-21493.665,-6114.014999999999,323.55,-28325.204999999998,-11141.865,-4586.804999999999
-10089.359999999999,-11391.119999999999,-21475.079999999998,-6042.375,284.445,-28336.454999999998,-11138.175,-4570.065
-10072.71,-11307.6,-21348.675,-5919.705,354.96,-28274.445,-11134.08,-4609.08
-10058.895,-11289.779999999999,-21378.78,-5933.295,469.53,-28295.504999999997,-11145.869999999999,-4630.95
-10057.455,-11288.43,-21380.13,-5988.87,448.02,-28327.004999999997,-11131.83,-4577.13
-10069.154999999999,-11308.994999999999,-21386.565,-6023.429999999999,405.35999999999996,-28327.364999999998,-11087.324999999999,-4532.355
-10065.869999999999,-11333.52,-21430.215,-6073.2,413.28,-28269.27,-11081.34,-4522.679999999999
-10050.57,-11301.164999999999,-21437.19,-6140.835,356.265,-28276.739999999998,-11086.605,-4551.12
-10103.085,-11313.675,-21420.54,-6090.705,429.79499999999996,-28214.73,-11061.09,-4625.28
-10142.685,-11333.789999999999,-21442.68,-6046.065,400.815,-28265.399999999998,-11077.56,-4695.4349999999995
-10155.6,-11338.965,-21399.93,-5967.54,392.175,-28322.774999999998,-11096.685,-4710.554999999999
-10144.08,-11386.08,-21466.079999999998,-6035.219999999999,322.425,-28358.19,-11142.27,-4657.32
-10059.345,-11336.49,-21472.38,-6118.0199999999995,252.67499999999998,-28378.215,-11164.185,-4550.04
-10053.539999999999,-11320.65,-21466.844999999998,-6147.855,294.21,-28415.114999999998,-11181.285,-4539.78
-10067.13,-11325.779999999999,-21458.79,-6115.905,401.94,-28358.145,-11135.25,-4536.72
-10033.154999999999,-11326.994999999999,-21469.995,-6117.974999999999,343.935,-28318.86,-11122.154999999999,-4487.625
-10055.565,-11343.24,-21438.989999999998,-6040.349999999999,423.85499999999996,-28245.914999999997,-11123.46,-4535.37
-10057.77,-11356.605,-21438.045,-6042.96,453.87,-28251.629999999997,-11103.975,-4554.135
-10075.949999999999,-11377.8,-21476.204999999998,-6117.75,345.735,-28310.129999999997,-11133.494999999999,-4573.889999999999
-10082.25,-11359.664999999999,-21476.7,-6090.344999999999,338.35499999999996,-28276.739999999998,-11145.869999999999,-4586.67
-10068.84,-11271.465,-21372.704999999998,-6075.405,339.97499999999997,-28293.795,-11124.99,-4584.33
-10049.895,-11257.335,-21334.364999999998,-5979.465,411.03,-28277.91,-11084.805,-4572.764999999999
-10030.365,-11237.895,-21313.35,-5893.74,480.78,-28272.105,-11099.205,-4562.28
-10041.795,-11263.545,-21338.055,-5946.344999999999,414.22499999999997,-28276.829999999998,-11104.83,-4551.75
-10087.875,-11345.85,-21446.37,-6081.615,338.03999999999996,-28293.57,-11067.66,-4564.8
-10105.515,-11377.305,-21505.77,-6160.005,301.635,-28363.815,-11096.955,-4579.695
-10095.255,-11394.675,-21511.53,-6112.44,322.515,-28358.504999999997,-11103.84,-4565.07
-10104.57,-11363.85,-21469.545,-6078.0599999999995,304.065,-28336.77,-11098.035,-4586.49
-10109.52,-11334.105,-21469.14,-6092.46,302.21999999999997,-28281.059999999998,-11105.595,-4610.97
-10099.89,-11352.779999999999,-21476.385,-6091.5599999999995,360.9,-28245.239999999998,-11094.435,-4601.34
-10113.84,-11379.914999999999,-21485.114999999998,-6103.125,402.47999999999996,-28282.86,-11107.845,-4605.84
-10097.46,-11322.81,-21402.18,-6060.42,414.18,-28332.945,-11122.74,-4592.474999999999
-10083.24,-11303.595,-21394.89,-6082.65,351.135,-28365.57,-11133.855,-4598.099999999999
-10094.445,-11322.72,-21414.915,-6035.58,394.46999999999997,-28355.445,-11135.97,-4619.205
-10065.33,-11299.68,-21409.605,-6018.21,496.48499999999996,-28247.085,-11101.365,-4578.48
-10033.965,-11252.564999999999,-21375.495,-6043.679999999999,469.66499999999996,-28202.219999999998,-11070.045,-4561.695
-10028.835,-11276.46,-21408.12,-6041.925,451.53,-28224.855,-11087.189999999999,-4563.945
-10038.15,-11295.72,-21386.79,-5953.635,473.4,-28259.46,-11115.449999999999,-4555.26
-10041.029999999999,-11296.619999999999,-21398.67,-6003.855,392.085,-28295.91,-11153.789999999999,-4577.49
-10111.365,-11314.305,-21421.35,-6045.12,383.31,-28267.605,-11165.58,-4690.125
-10115.369999999999,-11319.975,-21420.09,-6026.355,425.385,-28218.465,-11109.24,-4701.915
-10118.565,-11337.93,-21414.239999999998,-5992.92,437.31,-28230.885,-11089.89,-4639.095
-10121.265,-11377.529999999999,-21459.105,-6052.95,365.13,-28312.469999999998,-11118.24,-4577.94
-10050.93,-11321.91,-21429.18,-6074.46,316.62,-28317.015,-11065.904999999999,-4501.485
-10083.69,-11300.039999999999,-21431.52,-6184.304999999999,307.84499999999997,-28293.885,-11084.535,-4605.3
-10136.565,-11337.705,-21488.535,-6208.875,361.89,-28288.844999999998,-11100.869999999999,-4695.795
-10179.494999999999,-11414.564999999999,-21504.645,-6051.96,462.645,-28259.37,-11071.574999999999,-4718.88
-10112.31,-11343.6,-21436.02,-5964.84,431.505,-28292.579999999998,-11088.045,-4647.554999999999
-10121.715,-11308.545,-21314.295,-5906.969999999999,417.91499999999996,-28320.03,-11136.375,-4611.014999999999
-10061.685,-11311.965,-21381.704999999998,-6021.719999999999,296.82,-28400.265,-11155.455,-4511.7
-10039.59,-11341.484999999999,-21451.815,-6086.429999999999,269.09999999999997,-28437.57,-11176.199999999999,-4473.855
-10064.744999999999,-11372.49,-21460.32,-6060.195,359.09999999999997,-28352.969999999998,-11153.52,-4514.13
-10054.26,-11337.345,-21435.39,-6031.575,359.955,-28327.14,-11122.83,-4537.62
-10083.914999999999,-11326.949999999999,-21451.68,-6039.63,373.905,-28346.039999999997,-11098.574999999999,-4597.29
-10100.16,-11254.68,-21368.52,-6037.785,413.59499999999997,-28319.039999999997,-11142.09,-4671.09
-10053.09,-11242.08,-21364.065,-6046.335,383.805,-28276.559999999998,-11125.845,-4612.7699999999995
-10017.765,-11287.529999999999,-21438.809999999998,-6117.165,363.10499999999996,-28224.18,-11070.72,-4499.01
-10049.22,-11324.609999999999,-21438.45,-6123.78,311.67,-28284.84,-11072.97,-4509.675
-10112.49,-11353.859999999999,-21440.114999999998,-6072.165,403.2,-28298.789999999997,-11086.47,-4574.5199999999995
-10096.244999999999,-11360.699999999999,-21449.565,-6034.005,403.02,-28339.469999999998,-11110.949999999999,-4558.635
-10054.89,-11333.835,-21452.895,-6064.425,345.195,-28388.295,-11168.82,-4522.815
-10050.75,-11307.42,-21408.165,-6023.5199999999995,415.84499999999997,-28357.829999999998,-11183.4,-4543.65
-10050.074999999999,-11290.41,-21389.94,-6035.715,437.21999999999997,-28309.68,-11155.41,-4553.054999999999
-10075.635,-11319.93,-21415.005,-6057.855,369.71999999999997,-28329.39,-11129.805,-4568.58
-10083.51,-11362.814999999999,-21491.73,-6054.075,341.685,-28302.344999999998,-11095.74,-4568.04
-10081.89,-11346.795,-21468.059999999998,-6046.695,339.65999999999997,-28267.155,-11058.885,-4556.79
-10073.744999999999,-11358.945,-21521.7,-6247.08,243.35999999999999,-28345.77,-11077.47,-4548.15
-10075.005,-11371.545,-21517.965,-6184.3949999999995,336.28499999999997,-28364.265,-11125.529999999999,-4562.01
-10070.19,-11368.98,-21475.215,-6041.835,431.505,-28340.774999999998,-11120.535,-4566.465
-10083.15,-11328.57,-21369.915,-5962.094999999999,451.755,-28311.03,-11119.005,-4582.53
-10082.115,-11298.914999999999,-21383.325,-6090.929999999999,384.57,-28347.03,-11126.97,-4588.785
-10095.345,-11325.51,-21464.91,-6270.344999999999,261.045,-28380.239999999998,-11126.699999999999,-4592.745
-10134.494999999999,-11363.625,-21489.57,-6164.415,265.905,-28374.84,-11137.185,-4622.94
-10130.445,-11367.27,-21431.295,-5919.389999999999,420.75,-28324.664999999997,-11137.904999999999,-4633.155
-10086.57,-11331.765,-21402.18,-5887.755,471.015,-28279.395,-11093.58,-4602.195
-10051.425,-11332.89,-21454.965,-5967.99,448.91999999999996,-28229.039999999997,-11045.88,-4559.67
-10045.215,-11327.13,-21457.215,-6038.865,375.39,-28253.52,-11058.75,-4559.13
-10092.42,-11343.824999999999,-21437.55,-6090.12,336.96,-28285.605,-11087.414999999999,-4598.82
-10090.664999999999,-11301.84,-21395.34,-6007.905,407.655,-28259.55,-11101.32,-4622.625
-10098.539999999999,-11276.279999999999,-21353.489999999998,-5966.235,428.98499999999996,-28257.93,-11115.0,-4653.54
-10120.365,-11296.305,-21380.309999999998,-5969.429999999999,444.78,-28266.704999999998,-11110.005,-4670.28
-10108.619999999999,-11276.145,-21330.405,-5933.5199999999995,485.01,-28322.774999999998,-11132.145,-4598.955
-10066.23,-11264.4,-21338.235,-5975.415,425.52,-28320.93,-11125.98,-4555.755
-10047.105,-11285.189999999999,-21381.12,-5992.155,415.08,-28257.795,-11096.955,-4556.565
-10054.619999999999,-11242.98,-21342.059999999998,-5943.105,478.935,-28228.725,-11087.369999999999,-4646.5199999999995
-10102.545,-11224.439999999999,-21343.68,-5963.49,522.405,-28207.8,-11070.63,-4757.355
-10109.34,-11237.76,-21355.965,-6058.53,519.21,-28215.855,-11063.34,-4715.19
-10058.13,-11252.205,-21372.255,-6084.315,433.395,-28283.265,-11097.27,-4565.34
-10062.855,-11350.619999999999,-21469.86,-6132.599999999999,351.495,-28329.885,-11110.095,-4492.08
-10049.895,-11397.779999999999,-21514.05,-6166.8,215.505,-28408.815,-11140.425,-4465.349999999999
-10104.93,-11385.359999999999,-21494.52,-6090.705,276.57,-28362.195,-11179.529999999999,-4603.815
-10164.375,-11366.505,-21443.715,-6033.915,269.64,-28356.48,-11184.255,-4670.28
-10155.69,-11377.71,-21444.165,-6025.905,301.32,-28348.515,-11137.41,-4611.78
-10074.555,-11390.445,-21514.725,-6112.08,336.735,-28352.879999999997,-11144.205,-4508.099999999999
-10071.27,-11385.359999999999,-21555.09,-6179.085,321.57,-28367.414999999997,-11172.375,-4498.0199999999995
-10005.435,-11290.41,-21435.255,-6140.295,369.04499999999996,-28354.32,-11155.5,-4487.804999999999
-10029.869999999999,-11298.6,-21379.005,-6058.53,456.47999999999996,-28297.035,-11097.359999999999,-4522.275
-10088.19,-11310.615,-21428.055,-6115.005,394.83,-28280.879999999997,-11075.175,-4578.929999999999
-10098.72,-11337.615,-21521.925,-6261.389999999999,242.23499999999999,-28310.399999999998,-11068.965,-4592.34
-10106.19,-11366.055,-21533.265,-6241.679999999999,191.565,-28318.14,-11053.26,-4583.295
-10137.24,-11424.779999999999,-21523.14,-6082.74,311.21999999999997,-28310.489999999998,-11071.574999999999,-4599.495
-10123.74,-11432.97,-21496.815,-5952.014999999999,439.2,-28306.89,-11110.32,-4585.635
-10107.18,-11360.97,-21426.21,-5963.715,425.34,-28369.8,-11126.07,-4579.92
-10094.355,-11298.555,-21396.149999999998,-6030.405,393.93,-28346.129999999997,-11121.57,-4590.2699999999995
-10078.65,-11284.154999999999,-21386.34,-6071.49,332.82,-28350.539999999997,-11099.654999999999,-4572.764999999999
-10061.234999999999,-11306.205,-21453.344999999998,-6172.425,306.045,-28340.684999999998,-11107.17,-4543.155
-10096.47,-11340.225,-21474.945,-6131.655,410.625,-28291.905,-11114.324999999999,-4576.05
-10094.355,-11374.605,-21478.454999999998,-6085.485,477.585,-28280.969999999998,-11118.645,-4564.665
-10073.205,-11351.52,-21450.105,-6073.29,398.88,-28303.155,-11129.039999999999,-4563.405
-10078.335,-11347.695,-21475.44,-6100.469999999999,305.28,-28315.305,-11140.335,-4582.17
-10084.725,-11324.789999999999,-21435.885,-5944.005,412.38,-28276.02,-11111.039999999999,-4621.545
-10138.32,-11292.39,-21365.864999999998,-5925.24,419.98499999999996,-28299.149999999998,-11112.029999999999,-4707.135
-10181.88,-11315.654999999999,-21407.445,-6076.8,322.245,-28323.855,-11129.085,-4751.505
-10141.47,-11332.8,-21455.55,-6138.54,282.96,-28331.594999999998,-11118.33,-4653.315
-10084.994999999999,-11394.314999999999,-21527.055,-6261.84,184.68,-28416.105,-11104.289999999999,-4498.5599999999995
-10032.525,-11335.814999999999,-21463.605,-6197.715,293.985,-28433.114999999998,-11102.4,-4456.44
-10003.994999999999,-11298.96,-21450.78,-6077.565,435.825,-28360.8,-11110.545,-4472.37
-10028.565,-11285.414999999999,-21378.87,-5944.635,521.01,-28242.855,-11113.02,-4518.495
-10047.645,-11259.72,-21337.515,-5935.905,426.78,-28296.719999999998,-11136.555,-4545.855
-10073.34,-11306.88,-21403.8,-5980.905,325.03499999999997,-28398.96,-11150.595,-4574.115
-10096.38,-11343.15,-21424.094999999998,-5999.8949999999995,328.32,-28379.43,-11143.664999999999,-4596.705
-10088.369999999999,-11337.345,-21415.364999999998,-6032.025,330.525,-28348.335,-11119.095,-4582.17
-10077.029999999999,-11293.154999999999,-21382.065,-5979.195,429.79499999999996,-28285.92,-11092.77,-4593.51
-10080.99,-11291.58,-21384.855,-5987.565,457.83,-28265.535,-11101.32,-4607.37
-10087.515,-11326.994999999999,-21425.219999999998,-6010.74,459.405,-28243.079999999998,-11086.83,-4593.42
-10047.42,-11289.105,-21382.695,-6003.99,491.53499999999997,-28247.67,-11094.345,-4534.83
-10042.875,-11267.775,-21401.505,-6047.6849999999995,422.19,-28302.03,-11107.98,-4561.065
-10106.595,-11313.494999999999,-21427.155,-6039.179999999999,384.47999999999996,-28280.295,-11106.045,-4691.474999999999
-10125.9,-11344.005,-21405.329999999998,-5951.5199999999995,396.0,-28253.61,-11106.99,-4725.72
-10122.074999999999,-11291.715,-21356.505,-5940.855,383.03999999999996,-28281.96,-11115.81,-4690.98
-10091.565,-11299.23,-21370.5,-5993.099999999999,402.435,-28357.379999999997,-11126.564999999999,-4545.764999999999
-10069.38,-11341.755,-21440.024999999998,-6057.0,396.99,-28386.719999999998,-11157.21,-4496.804999999999
-10069.92,-11331.765,-21449.385,-6094.62,392.13,-28345.905,-11146.32,-4511.34
-10061.279999999999,-11306.295,-21432.645,-6065.37,365.84999999999997,-28338.795,-11154.779999999999,-4551.66
-10068.795,-11305.755,-21428.82,-6083.82,341.055,-28351.754999999997,-11180.789999999999,-4584.915
-10102.949999999999,-11340.314999999999,-21461.805,-6122.025,383.265,-28298.16,-11136.42,-4621.905
-10092.6,-11307.465,-21441.195,-6104.5199999999995,381.195,-28304.684999999998,-11117.564999999999,-4627.3949999999995
-10139.58,-11347.56,-21457.125,-6106.7699999999995,375.79499999999996,-28330.289999999997,-11098.89,-4644.99
-10174.859999999999,-11391.119999999999,-21482.82,-6085.17,339.57,-28379.07,-11078.01,-4636.44
-10108.26,-11363.13,-21455.145,-6043.545,319.455,-28354.86,-11062.98,-4571.415
-10065.645,-11337.119999999999,-21454.2,-6084.135,302.21999999999997,-28347.254999999997,-11092.859999999999,-4539.69
-10083.779999999999,-11374.02,-21530.79,-6223.86,308.15999999999997,-28340.73,-11144.654999999999,-4564.125
-10105.02,-11383.289999999999,-21567.645,-6316.74,326.925,-28322.864999999998,-11132.189999999999,-4581.99
-10112.85,-11381.445,-21600.989999999998,-6371.1449999999995,282.375,-28304.73,-11100.555,-4561.38
-10097.145,-11382.39,-21545.73,-6226.155,245.34,-28307.969999999998,-11097.09,-4550.13
-10104.255,-11353.545,-21435.344999999998,-6038.415,248.80499999999998,-28288.53,-11096.73,-4584.24
-10093.904999999999,-11336.31,-21416.085,-5981.264999999999,264.69,-28368.45,-11128.77,-4572.2699999999995
-10095.93,-11363.445,-21433.32,-5958.8099999999995,393.34499999999997,-28366.965,-11133.765,-4574.295
-10063.035,-11403.314999999999,-21503.655,-5993.1449999999995,447.435,-28323.405,-11108.475,-4530.24
-10043.055,-11291.31,-21456.495,-6092.01,355.68,-28347.704999999998,-11133.225,-4519.08
-10082.295,-11322.945,-21447.0,-6089.13,375.93,-28363.23,-11130.57,-4547.16
-10084.545,-11362.095,-21439.8,-6032.79,374.84999999999997,-28347.39,-11101.994999999999,-4551.48
-10117.98,-11353.77,-21456.09,-6141.465,297.63,-28388.385,-11126.385,-4591.08
-10107.404999999999,-11335.59,-21457.755,-6196.679999999999,325.485,-28398.015,-11160.225,-4593.735
-10073.16,-11322.314999999999,-21422.114999999998,-6098.715,390.555,-28371.329999999998,-11148.705,-4568.625
-10090.215,-11341.305,-21405.915,-5962.635,336.825,-28374.93,-11125.89,-4579.065
-10104.074999999999,-11328.164999999999,-21380.399999999998,-5911.695,306.45,-28393.965,-11115.539999999999,-4590.135
-10084.185,-11304.0,-21399.524999999998,-6008.625,411.435,-28334.655,-11109.015,-4581.0
-10076.13,-11296.439999999999,-21405.87,-6061.365,481.72499999999997,-28224.045,-11078.279999999999,-4584.105
-10064.88,-11278.305,-21411.225,-6059.969999999999,482.805,-28271.879999999997,-11093.58,-4583.205
-10072.529999999999,-11324.115,-21453.75,-6013.665,456.705,-28362.195,-11138.715,-4590.495
-10064.16,-11321.279999999999,-21405.555,-5965.965,386.145,-28448.37,-11170.17,-4568.13
-10087.56,-11316.824999999999,-21392.145,-6001.605,326.655,-28383.254999999997,-11146.455,-4584.51
-10129.725,-11354.939999999999,-21469.364999999998,-6161.985,187.515,-28372.14,-11128.32,-4627.08
-10119.285,-11339.279999999999,-21478.32,-6206.264999999999,224.54999999999998,-28388.655,-11132.46,-4659.165
-10093.545,-11274.119999999999,-21406.32,-6114.24,427.815,-28305.675,-11116.395,-4687.29
-10100.475,-11241.045,-21336.704999999998,-5970.6449999999995,518.76,-28253.52,-11105.55,-4704.705
-10141.83,-11246.805,-21313.485,-5879.925,520.56,-28239.075,-11135.654999999999,-4727.295
-10151.505,-11291.039999999999,-21350.79,-5883.57,440.955,-28365.434999999998,-11184.525,-4686.57
-10115.145,-11360.115,-21435.614999999998,-5986.215,407.7,-28355.129999999997,-11159.055,-4601.79
-10109.295,-11380.23,-21462.255,-6011.955,422.055,-28288.754999999997,-11132.189999999999,-4587.84
-10081.755,-11283.029999999999,-21385.305,-5999.58,399.555,-28300.815,-11129.039999999999,-4630.5
-10056.779999999999,-11242.664999999999,-21342.059999999998,-6003.315,411.47999999999996,-28295.19,-11098.484999999999,-4600.9349999999995
-10085.535,-11306.52,-21422.655,-6091.92,461.205,-28228.995,-11074.77,-4570.74
-10104.84,-11450.654999999999,-21544.29,-6160.815,431.685,-28296.18,-11082.734999999999,-4491.945
-10031.715,-11446.244999999999,-21610.485,-6208.155,259.46999999999997,-28372.545,-11095.244999999999,-4409.28
-10036.529999999999,-11300.715,-21437.46,-6062.625,331.155,-28345.32,-11158.65,-4469.849999999999
-10061.505,-11329.38,-21491.73,-6149.429999999999,326.88,-28360.35,-11131.064999999999,-4528.665
-10143.494999999999,-11382.705,-21532.14,-6212.88,274.5,-28384.829999999998,-11105.73,-4632.705
-10165.815,-11398.185,-21500.415,-6106.005,320.67,-28389.239999999998,-11126.88,-4648.455
-10117.44,-11391.615,-21491.145,-6055.92,300.51,-28385.774999999998,-11116.8,-4581.135
-10067.94,-11336.85,-21459.375,-6099.03,303.34499999999997,-28385.414999999997,-11120.715,-4517.6849999999995
-10043.73,-11304.675,-21418.155,-6055.245,426.41999999999996,-28355.535,-11128.365,-4517.865
-10062.225,-11325.06,-21426.66,-6034.995,427.40999999999997,-28351.89,-11123.189999999999,-4523.22
-10108.08,-11351.115,-21454.29,-6058.44,313.56,-28411.155,-11162.88,-4573.98
-10106.369999999999,-11339.73,-21434.579999999998,-6029.6849999999995,344.52,-28375.739999999998,-11158.064999999999,-4588.65
-10079.279999999999,-11323.619999999999,-21441.51,-6080.445,383.21999999999997,-28344.42,-11158.785,-4586.264999999999
-10057.365,-11305.26,-21471.57,-6199.11,303.65999999999997,-28423.98,-11188.17,-4577.264999999999
-10094.895,-11362.545,-21522.555,-6223.679999999999,241.10999999999999,-28451.745,-11173.859999999999,-4577.535
-10127.115,-11374.47,-21464.864999999998,-6030.405,390.735,-28366.605,-11106.63,-4568.58
-10115.82,-11342.295,-21394.665,-5912.955,497.43,-28266.93,-11073.51,-4584.51
-10108.574999999999,-11325.779999999999,-21398.67,-5962.41,456.93,-28270.62,-11117.744999999999,-4598.91
-10103.895,-11327.76,-21408.255,-5990.085,403.245,-28314.855,-11144.205,-4600.845
-10117.305,-11327.4,-21410.594999999998,-6047.594999999999,384.03,-28319.265,-11142.945,-4616.235
-10110.69,-11339.64,-21477.87,-6176.295,303.84,-28320.254999999997,-11123.64,-4609.889999999999
-10063.755,-11316.465,-21486.465,-6228.855,262.215,-28353.96,-11101.59,-4549.545
-10072.215,-11326.005,-21436.739999999998,-6138.764999999999,322.92,-28339.739999999998,-11080.935,-4554.36
-10084.32,-11349.314999999999,-21405.555,-6032.925,338.21999999999997,-28370.52,-11124.539999999999,-4568.804999999999
-10082.07,-11327.039999999999,-21410.774999999998,-5984.505,365.66999999999996,-28350.405,-11157.795,-4565.385
-10066.68,-11325.33,-21423.375,-6020.415,271.71,-28414.98,-11160.314999999999,-4559.76
-10089.09,-11345.13,-21458.34,-6069.915,268.92,-28435.905,-11177.82,-4600.8
-10118.699999999999,-11287.529999999999,-21363.57,-5967.315,400.005,-28384.829999999998,-11179.08,-4648.23
-10102.68,-11284.605,-21394.17,-6008.804999999999,442.89,-28325.789999999997,-11122.605,-4657.545
-10086.84,-11276.414999999999,-21395.114999999998,-6050.835,495.63,-28280.565,-11066.4,-4629.69
-10090.35,-11285.55,-21402.989999999998,-6034.41,515.655,-28267.785,-11083.725,-4624.695
-10091.115,-11289.42,-21423.239999999998,-6035.804999999999,432.405,-28330.92,-11111.13,-4625.01
-10092.555,-11319.66,-21467.745,-6097.59,348.705,-28371.51,-11137.5,-4587.885
-10124.595,-11433.015,-21563.19,-6230.25,264.78,-28407.239999999998,-11153.52,-4542.03
-10110.195,-11392.47,-21494.655,-6165.719999999999,359.72999999999996,-28339.829999999998,-11140.38,-4569.21
-10080.27,-11312.279999999999,-21428.37,-6078.24,446.35499999999996,-28262.25,-11090.43,-4586.67
-10114.109999999999,-11312.955,-21401.415,-5990.715,410.805,-28289.925,-11086.515,-4593.33
-10136.205,-11332.17,-21388.725,-5942.969999999999,370.34999999999997,-28400.579999999998,-11153.34,-4601.295
-10125.27,-11346.57,-21418.829999999998,-5973.12,328.995,-28482.03,-11199.645,-4607.91
-10082.475,-11298.689999999999,-21393.54,-5978.115,366.705,-28452.42,-11185.83,-4590.63
-10072.395,-11318.445,-21440.204999999998,-6025.7699999999995,393.03,-28391.399999999998,-11133.675,-4561.2
-10058.805,-11325.555,-21427.335,-6039.09,378.85499999999996,-28347.21,-11105.505,-4539.285
-10079.775,-11347.785,-21456.045,-6093.179999999999,363.51,-28323.045,-11135.699999999999,-4575.51
-10154.925,-11373.255,-21479.355,-6154.065,332.685,-28343.385,-11165.805,-4648.139999999999
-10149.39,-11352.24,-21466.755,-6137.865,326.25,-28296.225,-11119.095,-4623.615
-10085.49,-11360.205,-21489.48,-6116.04,349.245,-28309.815,-11108.295,-4556.5199999999995
-10063.215,-11398.635,-21488.895,-6040.889999999999,367.65,-28357.469999999998,-11117.07,-4546.44
-10058.265,-11308.904999999999,-21398.625,-5917.365,478.53,-28337.67,-11124.81,-4566.105
-10107.63,-11279.925,-21371.219999999998,-5986.3949999999995,443.835,-28339.289999999997,-11138.22,-4591.17
-10140.074999999999,-11331.99,-21442.005,-6175.304999999999,337.22999999999996,-28431.27,-11176.244999999999,-4604.67
-10116.494999999999,-11362.635,-21502.395,-6255.045,296.37,-28467.225,-11198.385,-4581.54
-10072.305,-11330.1,-21478.41,-6123.105,321.93,-28430.28,-11186.775,-4544.865
-10102.05,-11335.59,-21434.579999999998,-5984.37,348.57,-28372.815,-11176.199999999999,-4589.639999999999
-10116.135,-11368.98,-21456.989999999998,-5989.32,353.7,-28367.055,-11151.18,-4593.0599999999995
-10100.88,-11362.23,-21486.015,-6095.655,198.135,-28391.489999999998,-11119.68,-4575.51
-10082.925,-11334.24,-21479.489999999998,-6143.985,142.785,-28395.629999999997,-11110.23,-4593.87
-10105.875,-11340.72,-21478.725,-6121.575,342.0,-28340.01,-11125.89,-4626.224999999999
-10133.595,-11364.029999999999,-21453.57,-6069.105,491.35499999999996,-28302.344999999998,-11121.074999999999,-4605.929999999999
-10140.21,-11378.835,-21458.52,-6064.514999999999,414.27,-28360.17,-11150.55,-4584.599999999999
-10085.085,-11314.8,-21423.285,-6049.755,423.18,-28324.215,-11141.279999999999,-4545.224999999999
-10083.285,-11322.945,-21468.69,-6170.94,442.03499999999997,-28312.965,-11117.25,-4542.974999999999
-10093.41,-11358.494999999999,-21524.67,-6261.57,364.86,-28337.445,-11114.505,-4557.69
-10084.5,-11390.039999999999,-21540.059999999998,-6180.48,267.795,-28351.664999999997,-11119.904999999999,-4548.42
-10092.105,-11346.39,-21431.565,-5953.679999999999,338.085,-28335.78,-11109.24,-4565.07
-10082.295,-11304.404999999999,-21374.01,-5905.889999999999,406.62,-28315.754999999997,-11089.619999999999,-4556.745
-10112.76,-11306.564999999999,-21361.905,-5950.53,413.55,-28359.27,-11111.895,-4594.365
-10138.725,-11350.17,-21421.665,-6075.719999999999,338.76,-28456.605,-11170.35,-4621.95
-10117.664999999999,-11361.96,-21469.815,-6109.785,325.66499999999996,-28492.425,-11211.525,-4597.155
-10069.56,-11302.695,-21425.265,-6039.764999999999,365.805,-28424.34,-11194.74,-4557.15
-10070.055,-11286.404999999999,-21400.695,-6018.885,334.17,-28350.09,-11148.84,-4594.32
-10108.8,-11299.275,-21415.184999999998,-6074.19,339.21,-28340.73,-11126.475,-4629.0599999999995
-10104.345,-11316.375,-21445.739999999998,-6079.86,400.32,-28346.94,-11126.744999999999,-4632.84
-10063.619999999999,-11259.494999999999,-21345.21,-5992.605,432.135,-28344.105,-11137.365,-4603.095
-10042.83,-11249.865,-21362.219999999998,-6124.455,368.055,-28326.735,-11123.64,-4594.23
-10123.695,-11357.91,-21489.344999999998,-6263.955,285.57,-28304.235,-11132.01,-4648.7699999999995
-10169.1,-11373.164999999999,-21499.155,-6176.5199999999995,264.825,-28310.399999999998,-11125.98,-4644.405
-10137.24,-11363.67,-21444.75,-5961.51,372.10499999999996,-28367.145,-11126.385,-4604.804999999999
-10110.105,-11388.555,-21430.755,-5874.615,527.805,-28328.039999999997,-11119.5,-4581.405
-10165.14,-11346.84,-21405.915,-5965.965,484.155,-28294.92,-11144.88,-4687.335
-10145.654999999999,-11344.05,-21433.77,-6049.215,345.96,-28344.645,-11162.609999999999,-4684.905
-10093.14,-11350.484999999999,-21466.62,-6087.69,291.735,-28409.85,-11190.779999999999,-4591.035
-10058.22,-11328.885,-21480.57,-6155.505,280.89,-28417.68,-11193.885,-4549.139999999999
-10077.705,-11342.564999999999,-21526.065,-6227.37,316.26,-28369.89,-11160.27,-4554.315
-10094.355,-11382.93,-21553.29,-6196.365,358.38,-28399.815,-11146.23,-4508.6849999999995
-10107.27,-11346.93,-21446.594999999998,-6056.6849999999995,423.945,-28384.335,-11140.56,-4538.61
-10102.005,-11342.115,-21409.469999999998,-6008.76,375.84,-28380.015,-11121.84,-4597.29
-10125.945,-11325.734999999999,-21431.835,-6110.82,270.765,-28389.149999999998,-11139.615,-4638.6449999999995
-10153.35,-11342.97,-21446.954999999998,-6088.7699999999995,366.21,-28335.69,-11117.88,-4638.599999999999
-10167.975,-11359.619999999999,-21460.05,-6070.1849999999995,376.155,-28356.84,-11120.13,-4670.28
-10178.505,-11345.355,-21437.82,-5971.905,395.865,-28352.789999999997,-11183.085,-4746.6449999999995
-10165.23,-11321.505,-21386.385,-5952.014999999999,400.54499999999996,-28353.015,-11188.664999999999,-4696.155
-10090.619999999999,-11319.795,-21402.27,-5999.8949999999995,394.11,-28371.329999999998,-11155.859999999999,-4550.804999999999
-10039.545,-11367.494999999999,-21472.92,-6074.865,328.86,-28430.64,-11147.939999999999,-4399.965
-10052.234999999999,-11384.279999999999,-21528.36,-6181.965,234.54,-28439.325,-11132.775,-4442.49
-10089.81,-11383.695,-21554.82,-6222.375,286.875,-28399.77,-11139.255,-4542.255
-10092.285,-11324.385,-21472.29,-6125.264999999999,341.28,-28314.855,-11106.539999999999,-4613.58
-10084.725,-11277.72,-21393.135,-6009.48,323.37,-28293.614999999998,-11096.73,-4635.9
-10098.9,-11290.68,-21360.69,-6040.98,441.53999999999996,-28292.175,-11090.16,-4578.03
-10077.345,-11343.33,-21488.309999999998,-6303.78,369.945,-28376.1,-11121.48,-4494.78
-10086.119999999999,-11356.875,-21526.695,-6253.514999999999,310.185,-28451.61,-11155.365,-4528.845
-10078.965,-11341.71,-21452.535,-6010.695,342.0,-28422.315,-11164.365,-4555.08
-10084.859999999999,-11348.64,-21424.995,-5887.889999999999,398.655,-28385.01,-11164.095,-4575.735
-10126.26,-11371.455,-21491.19,-6067.215,308.15999999999997,-28391.76,-11151.72,-4600.98
-10131.255,-11386.484999999999,-21548.25,-6189.03,266.175,-28412.37,-11151.449999999999,-4584.599999999999
-10103.94,-11365.74,-21512.34,-6135.12,309.195,-28410.21,-11144.43,-4559.445
-10080.494999999999,-11275.109999999999,-21385.665,-6024.33,383.13,-28377.18,-11143.529999999999,-4593.554999999999
-10123.199999999999,-11315.385,-21394.44,-5990.8949999999995,432.405,-28325.969999999998,-11129.175,-4628.025
-10118.295,-11352.285,-21449.745,-6028.695,399.87,-28315.98,-11152.08,-4591.575
-10079.1,-11311.335,-21416.265,-6011.865,356.76,-28359.36,-11157.074999999999,-4534.29
-10060.74,-11274.39,-21367.755,-5975.37,413.055,-28377.855,-11172.689999999999,-4552.65
-10074.51,-11284.02,-21365.82,-5959.08,452.47499999999997,-28377.809999999998,-11190.734999999999,-4596.705
-10107.63,-11340.945,-21431.43,-6044.264999999999,402.34499999999997,-28371.42,-11177.145,-4627.845
-10109.88,-11315.07,-21442.815,-6114.554999999999,416.96999999999997,-28354.004999999997,-11162.789999999999,-4635.675
-10118.835,-11334.24,-21524.309999999998,-6292.665,313.11,-28364.535,-11153.97,-4639.545
-10168.515,-11352.465,-21529.17,-6255.719999999999,310.14,-28303.92,-11137.949999999999,-4713.48
-10180.305,-11363.4,-21462.03,-6034.545,413.685,-28261.17,-11118.105,-4719.195
-10147.32,-11331.945,-21411.63,-5967.585,358.2,-28355.129999999997,-11118.15,-4673.07
-10117.305,-11350.664999999999,-21431.565,-6058.215,283.59,-28455.66,-11143.755,-4580.325
-10122.705,-11381.22,-21513.555,-6184.08,264.42,-28460.25,-11154.6,-4586.715
-10182.105,-11348.955,-21494.43,-6140.205,401.175,-28306.89,-11128.77,-4699.125
-10156.635,-11353.23,-21435.57,-6023.115,502.38,-28237.545,-11091.779999999999,-4692.78
-10055.654999999999,-11266.92,-21347.37,-5944.59,476.23499999999996,-28345.86,-11121.21,-4560.12
-10066.59,-11290.32,-21397.635,-6040.17,311.805,-28471.094999999998,-11172.645,-4529.7
-10126.755,-11407.005,-21511.125,-6158.205,210.32999999999998,-28530.765,-11204.775,-4523.804999999999
-10048.545,-11355.93,-21497.895,-6144.03,299.115,-28472.67,-11171.654999999999,-4446.8099999999995
-10071.09,-11320.515,-21463.155,-6079.7699999999995,339.65999999999997,-28327.004999999997,-11109.33,-4538.655
-10136.789999999999,-11330.73,-21424.905,-6023.07,370.71,-28248.704999999998,-11096.189999999999,-4662.315
-10152.585,-11323.529999999999,-21414.42,-6041.925,408.465,-28282.815,-11140.38,-4704.345
-10147.275,-11342.835,-21532.68,-6223.635,356.445,-28344.059999999998,-11202.3,-4660.965
-10191.51,-11408.715,-21610.305,-6298.605,316.03499999999997,-28379.25,-11223.675,-4687.605
-10230.39,-11407.77,-21512.07,-6076.844999999999,399.825,-28354.004999999997,-11206.484999999999,-4769.73
-10188.09,-11384.279999999999,-21442.005,-6003.945,396.04499999999996,-28372.635,-11172.914999999999,-4731.615
-10105.47,-11325.465,-21410.28,-6040.44,361.89,-28363.95,-11127.824999999999,-4547.97
-10028.565,-11341.215,-21460.95,-6069.105,302.985,-28409.355,-11094.975,-4377.195
-10005.93,-11308.725,-21420.585,-6010.29,311.21999999999997,-28441.98,-11135.25,-4422.105
-10064.97,-11333.205,-21439.395,-5996.655,406.8,-28393.559999999998,-11111.76,-4497.75
-10078.515,-11365.695,-21519.315,-6075.045,373.40999999999997,-28408.23,-11118.824999999999,-4507.47
-10093.904999999999,-11337.795,-21471.21,-6095.205,365.895,-28345.77,-11108.88,-4560.12
-10133.73,-11368.845,-21516.344999999998,-6231.465,348.885,-28336.995,-11115.494999999999,-4624.965
-10131.345,-11362.68,-21489.975,-6202.98,289.84499999999997,-28446.75,-11162.52,-4623.389999999999
-10107.63,-11360.385,-21447.09,-6053.715,261.855,-28490.625,-11223.494999999999,-4587.12
-10127.835,-11354.4,-21412.62,-5977.08,334.08,-28425.555,-11238.57,-4622.67
-10123.695,-11330.189999999999,-21433.995,-6009.344999999999,399.33,-28359.405,-11232.09,-4628.88
-10113.164999999999,-11286.855,-21365.91,-5952.42,460.16999999999996,-28325.52,-11206.619999999999,-4625.82
-10057.994999999999,-11263.725,-21370.454999999998,-5971.139999999999,449.325,-28308.555,-11145.689999999999,-4559.22
-10055.52,-11334.689999999999,-21502.079999999998,-6094.035,383.76,-28308.555,-11078.865,-4508.595
-10094.805,-11386.529999999999,-21571.605,-6151.455,320.895,-28363.545,-11071.619999999999,-4534.74
-10094.355,-11401.74,-21556.98,-6130.125,315.71999999999997,-28415.204999999998,-11120.085,-4535.054999999999
-10081.484999999999,-11430.314999999999,-21617.505,-6135.389999999999,313.78499999999997,-28416.465,-11136.42,-4528.304999999999
-10112.445,-11382.48,-21624.165,-6216.66,293.805,-28410.57,-11122.875,-4560.03
-10101.824999999999,-11321.145,-21462.39,-6243.12,240.165,-28436.129999999997,-11138.895,-4569.84
-10082.925,-11276.55,-21376.934999999998,-6179.3099999999995,185.89499999999998,-28437.254999999997,-11154.195,-4579.0199999999995
-10107.539999999999,-11299.005,-21445.829999999998,-6085.844999999999,369.405,-28383.75,-11156.039999999999,-4610.25
-10109.205,-11326.994999999999,-21513.78,-6158.835,283.455,-28400.715,-11168.414999999999,-4617.855
-10136.744999999999,-11373.345,-21590.864999999998,-6227.37,162.855,-28432.8,-11163.734999999999,-4646.205
-10151.955,-11341.395,-21415.094999999998,-6028.469999999999,341.28,-28391.445,-11156.22,-4660.92
-10084.545,-11301.119999999999,-21327.975,-5910.389999999999,524.88,-28392.66,-11137.05,-4597.92
-10075.455,-11308.814999999999,-21402.045,-5994.405,379.08,-28415.475,-11115.99,-4579.965
-10085.67,-11287.26,-21399.614999999998,-6016.23,356.445,-28371.735,-11117.205,-4588.2
-10069.515,-11264.76,-21336.255,-5941.844999999999,482.805,-28302.614999999998,-11120.535,-4555.62
-10092.69,-11281.77,-21355.469999999998,-5952.195,496.84499999999997,-28289.07,-11116.89,-4593.375
-10096.785,-11272.545,-21364.425,-5950.9349999999995,473.98499999999996,-28299.555,-11113.154999999999,-4607.82
-10084.455,-11308.005,-21402.495,-5980.41,449.775,-28311.57,-11102.22,-4568.849999999999
-10119.24,-11356.965,-21517.92,-6142.094999999999,366.47999999999996,-28307.655,-11111.535,-4624.2
-10221.975,-11394.63,-21550.23,-6147.99,357.885,-28294.155,-11119.59,-4759.74
-10271.654999999999,-11384.369999999999,-21510.719999999998,-6090.885,341.055,-28358.37,-11151.225,-4840.245
-10222.785,-11345.984999999999,-21397.95,-6024.42,323.505,-28431.809999999998,-11171.699999999999,-4733.01
-10102.23,-11348.279999999999,-21462.075,-6160.545,274.455,-28446.795,-11170.98,-4530.87
-10046.07,-11376.404999999999,-21507.93,-6195.42,254.565,-28432.26,-11158.38,-4456.035
-10073.115,-11415.555,-21524.445,-6125.445,245.97,-28429.875,-11150.369999999999,-4510.9349999999995
-10110.914999999999,-11363.49,-21467.024999999998,-6036.3,327.10499999999996,-28398.42,-11138.67,-4587.75
-10081.484999999999,-11272.545,-21395.204999999998,-6025.905,424.89,-28367.594999999998,-11119.77,-4577.04
-10088.369999999999,-11293.65,-21472.065,-6191.325,392.4,-28322.684999999998,-11132.73,-4615.605
-10126.305,-11336.445,-21531.78,-6240.825,342.81,-28329.975,-11165.49,-4629.0599999999995
-10126.395,-11319.48,-21431.43,-6068.025,407.60999999999996,-28343.565,-11198.564999999999,-4643.054999999999
-10090.89,-11249.414999999999,-21298.32,-5872.815,511.10999999999996,-28279.664999999997,-11140.47,-4675.86
-10083.555,-11280.465,-21346.695,-5884.875,466.02,-28312.785,-11122.56,-4628.16
-10047.824999999999,-11266.064999999999,-21329.594999999998,-5894.82,425.835,-28392.66,-11114.369999999999,-4495.05
-10092.195,-11318.49,-21401.954999999998,-5998.635,368.055,-28413.36,-11072.88,-4498.38
-10167.029999999999,-11360.52,-21469.23,-6138.315,267.16499999999996,-28474.379999999997,-11128.59,-4639.005
-10195.02,-11409.57,-21528.765,-6177.51,266.03999999999996,-28489.454999999998,-11169.18,-4673.655
-10129.14,-11362.59,-21477.059999999998,-6104.205,287.59499999999997,-28469.295,-11185.02,-4595.355
-10131.48,-11369.97,-21450.42,-6037.605,300.78,-28402.695,-11166.164999999999,-4543.92
-10115.19,-11366.955,-21477.42,-6079.905,309.42,-28372.995,-11126.115,-4540.86
-10076.67,-11312.91,-21437.235,-6074.505,409.005,-28331.145,-11112.75,-4527.2699999999995
-10053.404999999999,-11296.17,-21435.75,-6084.179999999999,397.305,-28327.77,-11106.449999999999,-4529.295
-10088.369999999999,-11334.465,-21526.605,-6199.5599999999995,325.8,-28413.18,-11123.91,-4586.67
-10121.94,-11369.16,-21547.665,-6171.615,329.67,-28414.44,-11128.095,-4600.17
-10129.365,-11399.49,-21514.95,-6063.525,290.205,-28375.155,-11120.31,-4554.179999999999
-10089.675,-11362.455,-21469.995,-6019.74,309.735,-28370.475,-11152.08,-4518.99
-10094.49,-11355.435,-21490.695,-6128.054999999999,277.245,-28423.8,-11158.74,-4560.615
-10098.72,-11338.154999999999,-21518.1,-6228.855,293.445,-28460.475,-11150.414999999999,-4588.785
-10120.365,-11377.17,-21595.454999999998,-6247.17,356.175,-28417.454999999998,-11127.555,-4598.46
-10130.039999999999,-11370.195,-21497.13,-6166.17,379.84499999999997,-28369.754999999997,-11124.494999999999,-4590.495
-10097.369999999999,-11341.845,-21472.245,-6226.335,317.25,-28415.789999999997,-11148.57,-4566.465
-10087.065,-11332.484999999999,-21444.48,-6078.69,359.64,-28408.905,-11170.08,-4590.764999999999
-10081.8,-11294.01,-21383.55,-5909.535,448.245,-28323.405,-11145.914999999999,-4583.7
-10106.955,-11357.1,-21415.725,-5920.29,434.34,-28321.02,-11128.994999999999,-4560.795
-10111.365,-11377.619999999999,-21464.91,-6030.8099999999995,377.505,-28351.98,-11160.81,-4575.24
-10139.895,-11321.955,-21438.899999999998,-6083.505,339.16499999999996,-28382.579999999998,-11188.845,-4617.45
-10143.27,-11366.145,-21463.065,-6102.495,273.51,-28469.789999999997,-11205.314999999999,-4623.345
-10121.805,-11332.619999999999,-21418.649999999998,-6047.73,321.705,-28529.28,-11211.615,-4613.355
-10093.545,-11297.654999999999,-21416.04,-6082.245,358.78499999999997,-28474.965,-11150.145,-4579.83
-10088.19,-11308.32,-21458.565,-6092.82,360.85499999999996,-28352.52,-11110.32,-4581.179999999999
-10105.83,-11284.289999999999,-21394.575,-6002.054999999999,426.41999999999996,-28249.559999999998,-11068.38,-4629.014999999999
-10106.955,-11282.355,-21402.495,-6017.8949999999995,420.79499999999996,-28285.065,-11079.27,-4640.445
-10126.305,-11319.84,-21445.469999999998,-6070.1849999999995,385.245,-28345.14,-11128.455,-4624.65
-10128.105,-11324.07,-21389.175,-5994.315,348.79499999999996,-28402.965,-11142.72,-4575.0599999999995
-10129.005,-11362.455,-21426.434999999998,-5984.054999999999,353.385,-28397.789999999997,-11146.77,-4593.33
-10133.865,-11392.695,-21509.684999999998,-6102.2699999999995,301.905,-28408.32,-11140.425,-4575.33
-10101.914999999999,-11323.845,-21445.92,-6095.429999999999,345.015,-28386.315,-11144.205,-4563.315
-10087.785,-11315.295,-21476.114999999998,-6120.855,402.75,-28349.28,-11132.64,-4590.8099999999995
-10066.68,-11281.005,-21475.98,-6150.915,350.72999999999996,-28369.62,-11121.255,-4611.87
-10105.56,-11239.02,-21398.489999999998,-6090.615,355.59,-28346.265,-11116.8,-4738.5
-10222.154999999999,-11269.35,-21332.114999999998,-5974.38,431.055,-28282.815,-11126.88,-4873.365
-10239.345,-11343.195,-21402.315,-5984.639999999999,400.09499999999997,-28320.795,-11144.385,-4790.25
-10105.02,-11385.72,-21521.655,-6103.98,261.53999999999996,-28449.945,-11149.064999999999,-4527.2699999999995
-10092.96,-11410.38,-21538.215,-6126.12,237.195,-28447.965,-11113.38,-4439.655
-10068.57,-11395.395,-21465.855,-6059.79,353.745,-28365.344999999998,-11126.88,-4474.665
-10093.365,-11358.945,-21405.329999999998,-5986.17,451.84499999999997,-28323.855,-11133.18,-4571.595
-10126.845,-11335.994999999999,-21430.125,-6049.98,373.32,-28385.1,-11129.939999999999,-4602.014999999999
-10161.494999999999,-11353.814999999999,-21503.88,-6154.155,336.87,-28401.03,-11132.73,-4626.63
-10173.15,-11363.355,-21511.035,-6188.264999999999,322.11,-28396.305,-11145.645,-4634.19
-10092.734999999999,-11369.789999999999,-21548.835,-6240.465,207.855,-28470.239999999998,-11178.404999999999,-4517.415
-10088.865,-11381.984999999999,-21530.52,-6164.054999999999,206.595,-28456.695,-11171.34,-4508.595
-10106.685,-11363.49,-21456.54,-6033.735,399.87,-28390.14,-11150.82,-4543.695
-10084.815,-11353.59,-21472.515,-6056.19,442.53,-28347.84,-11126.34,-4527.0
-10093.005,-11329.02,-21451.545,-6089.175,394.78499999999997,-28326.735,-11123.234999999999,-4547.88
-10078.47,-11287.17,-21445.38,-6130.26,339.47999999999996,-28359.0,-11155.455,-4569.525
-10098.72,-11307.555,-21407.985,-6035.175,416.7,-28357.469999999998,-11138.31,-4590.764999999999
-10093.949999999999,-11323.395,-21432.645,-6050.16,435.73499999999996,-28364.445,-11129.31,-4563.63
-10138.14,-11349.945,-21486.915,-6082.965,427.14,-28357.289999999997,-11156.22,-4611.96
-10196.775,-11386.71,-21514.23,-6100.29,395.145,-28405.44,-11196.675,-4677.525
-10157.58,-11345.715,-21501.18,-6064.245,407.07,-28406.835,-11188.484999999999,-4686.84
-10092.105,-11341.89,-21435.03,-6012.855,401.805,-28358.01,-11118.779999999999,-4607.054999999999
-10071.675,-11303.775,-21445.965,-6064.245,316.26,-28410.254999999997,-11091.734999999999,-4542.705
-10094.265,-11277.765,-21428.594999999998,-6145.425,295.965,-28484.73,-11159.865,-4556.34
-10098.765,-11312.955,-21471.48,-6166.665,348.705,-28426.545,-11162.385,-4574.7
-10117.215,-11344.545,-21433.905,-6105.375,343.305,-28319.715,-11130.029999999999,-4569.12
-10125.404999999999,-11368.98,-21423.465,-6034.995,347.175,-28336.995,-11134.08,-4552.245
-10093.23,-11348.505,-21461.04,-6004.26,341.955,-28401.885,-11138.355,-4536.495
-10073.565,-11332.08,-21458.295,-6058.755,365.985,-28407.329999999998,-11145.734999999999,-4521.554999999999
-10123.515,-11342.789999999999,-21460.14,-6152.445,353.61,-28397.43,-11162.43,-4597.965
-10149.164999999999,-11333.25,-21477.555,-6155.55,339.34499999999997,-28384.92,-11169.539999999999,-4655.88
-10131.21,-11340.81,-21448.35,-6048.0,357.525,-28340.864999999998,-11145.375,-4624.514999999999
-10121.895,-11399.895,-21492.63,-6044.535,290.25,-28374.795,-11108.88,-4569.84
-10125.539999999999,-11364.525,-21486.6,-6109.245,312.84,-28386.809999999998,-11104.154999999999,-4584.24
-10099.35,-11290.23,-21429.719999999998,-6091.5599999999995,387.63,-28381.14,-11122.425,-4575.915
-10103.039999999999,-11301.074999999999,-21433.59,-6061.7699999999995,403.02,-28362.015,-11135.654999999999,-4579.335
-10114.74,-11328.255,-21418.92,-6038.19,313.425,-28401.344999999998,-11132.91,-4565.88
-10115.1,-11328.615,-21430.079999999998,-6055.11,262.62,-28424.7,-11140.83,-4587.705
-10115.955,-11291.67,-21410.55,-6008.985,290.385,-28430.055,-11173.814999999999,-4634.28
-10116.0,-11318.984999999999,-21431.79,-6027.3,307.08,-28439.46,-11206.71,-4650.885
-10088.414999999999,-11347.02,-21436.739999999998,-6030.45,399.645,-28425.42,-11188.529999999999,-4602.014999999999
-10101.824999999999,-11335.635,-21459.015,-6117.615,414.405,-28388.925,-11119.095,-4561.38
-10134.09,-11385.63,-21593.655,-6307.065,356.58,-28359.765,-11092.455,-4555.26
-10150.154999999999,-11402.64,-21619.395,-6357.78,280.03499999999997,-28394.19,-11142.675,-4576.365
-10168.02,-11380.77,-21494.7,-6140.115,300.51,-28365.3,-11165.265,-4639.635
-10163.115,-11336.67,-21394.485,-5950.44,333.765,-28389.645,-11189.115,-4643.01
-10093.904999999999,-11291.49,-21368.07,-5921.415,406.97999999999996,-28361.34,-11178.539999999999,-4561.965
-10045.89,-11252.115,-21341.295,-5899.7699999999995,497.34,-28294.11,-11119.14,-4546.215
-10095.48,-11260.439999999999,-21364.739999999998,-5926.1849999999995,516.8249999999999,-28275.075,-11084.355,-4641.345
-10148.085,-11326.59,-21425.445,-6021.764999999999,420.885,-28332.809999999998,-11111.445,-4686.66
-10194.39,-11431.305,-21535.29,-6109.83,367.91999999999996,-28368.989999999998,-11150.414999999999,-4639.32
-10128.69,-11430.63,-21546.405,-6125.04,389.88,-28337.085,-11135.654999999999,-4516.0199999999995
-10095.93,-11285.775,-21419.415,-6062.535,478.935,-28269.315,-11109.645,-4578.929999999999
-10132.109999999999,-11268.494999999999,-21403.485,-6078.285,464.98499999999996,-28267.785,-11135.295,-4692.24
-10122.57,-11279.609999999999,-21409.065,-6057.405,385.91999999999996,-28402.469999999998,-11218.77,-4703.04
-10121.94,-11303.46,-21423.645,-5991.705,411.34499999999997,-28403.19,-11173.545,-4635.45
-10069.244999999999,-11288.07,-21400.875,-5976.405,443.835,-28368.45,-11126.07,-4552.965
-10074.645,-11290.77,-21388.545,-6050.16,367.335,-28396.215,-11108.115,-4557.42
-10176.84,-11354.67,-21462.48,-6161.58,188.01,-28476.225,-11147.31,-4659.075
-10186.515,-11421.494999999999,-21515.489999999998,-6175.889999999999,209.745,-28448.684999999998,-11191.68,-4586.715
-10140.615,-11446.515,-21543.39,-6123.465,293.265,-28410.75,-11190.779999999999,-4546.575
-10147.545,-11419.38,-21530.88,-6089.04,381.87,-28357.515,-11160.0,-4592.655
-10130.13,-11360.52,-21505.59,-6146.73,393.255,-28335.96,-11136.015,-4576.59
-10079.324999999999,-11329.875,-21480.704999999998,-6155.235,372.555,-28350.45,-11120.984999999999,-4539.014999999999
-10130.67,-11299.59,-21424.77,-6055.065,392.66999999999996,-28347.84,-11110.32,-4647.195
-10197.359999999999,-11306.295,-21354.03,-5948.415,444.33,-28286.414999999997,-11102.49,-4740.84
-10255.23,-11449.755,-21549.329999999998,-6164.82,268.065,-28410.39,-11147.625,-4704.57
-10127.295,-11388.105,-21595.23,-6279.84,188.055,-28463.039999999997,-11172.42,-4558.995
-10079.505,-11298.689999999999,-21486.69,-6180.84,251.73,-28456.379999999997,-11172.465,-4548.105
-10056.555,-11369.52,-21543.39,-6116.04,308.78999999999996,-28449.539999999997,-11167.244999999999,-4446.315
-10028.654999999999,-11315.88,-21482.415,-6106.1849999999995,337.86,-28418.579999999998,-11148.345,-4464.8099999999995
-10067.175,-11277.449999999999,-21419.594999999998,-6086.25,338.66999999999996,-28377.765,-11143.845,-4573.575
-10096.83,-11314.395,-21420.585,-6062.264999999999,346.40999999999997,-28364.175,-11165.4,-4590.63
-10101.645,-11328.119999999999,-21454.605,-6147.179999999999,316.03499999999997,-28426.86,-11189.295,-4529.97
-10095.525,-11363.265,-21482.82,-6163.245,332.46,-28443.015,-11167.605,-4483.845
-10114.244999999999,-11350.89,-21467.88,-6068.34,374.13,-28401.344999999998,-11136.15,-4535.775
-10124.955,-11340.494999999999,-21450.105,-5982.57,386.82,-28390.23,-11106.63,-4572.09
-10139.895,-11393.414999999999,-21547.755,-6157.08,346.05,-28404.36,-11118.285,-4586.49
-10110.105,-11347.785,-21493.26,-6162.075,346.86,-28395.945,-11178.494999999999,-4572.855
-10088.46,-11358.72,-21520.395,-6082.74,361.62,-28365.344999999998,-11197.8,-4563.315
-10093.994999999999,-11296.305,-21407.715,-6015.105,386.955,-28345.545,-11175.21,-4578.885
-10081.17,-11248.74,-21311.235,-5942.295,458.37,-28313.504999999997,-11142.494999999999,-4574.295
-10080.765,-11290.095,-21362.219999999998,-5923.53,496.53,-28306.26,-11126.97,-4569.12
-10121.039999999999,-11336.715,-21432.239999999998,-5971.094999999999,416.47499999999997,-28351.664999999997,-11126.025,-4600.3949999999995
-10157.265,-11374.289999999999,-21477.465,-6050.79,361.755,-28395.809999999998,-11152.395,-4636.62
-10134.135,-11349.314999999999,-21444.03,-6072.03,393.3,-28387.754999999997,-11160.72,-4616.82
-10070.01,-11307.06,-21455.91,-6172.785,349.335,-28437.03,-11177.82,-4555.889999999999
-10089.765,-11321.369999999999,-21513.329999999998,-6231.78,286.65,-28505.655,-11200.635,-4576.86
-10131.66,-11407.14,-21554.73,-6189.389999999999,248.89499999999998,-28484.37,-11155.545,-4612.139999999999
-10176.435,-11345.939999999999,-21457.215,-6095.474999999999,272.52,-28382.445,-11139.705,-4668.12
-10157.94,-11292.029999999999,-21411.63,-6052.7699999999995,334.395,-28362.239999999998,-11154.689999999999,-4668.795
-10142.46,-11309.31,-21407.94,-5970.285,465.255,-28330.785,-11145.869999999999,-4670.28
-10148.49,-11319.3,-21446.774999999998,-6007.365,484.10999999999996,-28314.719999999998,-11124.855,-4657.275
-10147.41,-11342.07,-21446.774999999998,-6036.12,393.3,-28384.649999999998,-11140.335,-4636.17
-10171.845,-11350.71,-21432.96,-6034.005,347.58,-28434.465,-11187.765,-4678.38
-10127.925,-11310.435,-21431.07,-6095.25,427.5,-28357.695,-11172.33,-4650.12
-10108.44,-11257.605,-21404.25,-6128.55,391.185,-28332.495,-11150.189999999999,-4663.485
-10158.885,-11341.845,-21473.505,-6128.775,279.495,-28364.355,-11148.57,-4676.264999999999
-10142.955,-11405.564999999999,-21512.07,-6034.5,332.01,-28389.149999999998,-11112.48,-4591.17
-10173.51,-11388.51,-21477.149999999998,-6014.7,327.15,-28395.809999999998,-11129.22,-4590.63
-10136.654999999999,-11362.41,-21448.575,-6040.844999999999,328.905,-28406.34,-11162.115,-4540.7699999999995
-10104.84,-11344.095,-21431.655,-6037.335,401.31,-28390.14,-11157.795,-4524.12
-10075.005,-11343.869999999999,-21455.684999999998,-6073.155,358.335,-28377.36,-11141.73,-4460.804999999999
-10090.845,-11357.82,-21478.274999999998,-6102.179999999999,340.335,-28393.469999999998,-11139.615,-4487.04
-10114.425,-11371.275,-21522.015,-6153.48,339.075,-28387.215,-11134.755,-4541.985
-10080.494999999999,-11311.425,-21487.41,-6159.014999999999,360.63,-28353.555,-11151.72,-4536.585
-10106.955,-11354.939999999999,-21533.985,-6226.965,310.68,-28366.02,-11148.84,-4570.605
-10128.824999999999,-11352.51,-21498.57,-6173.73,269.46,-28397.07,-11145.42,-4617.315
-10138.545,-11312.775,-21428.774999999998,-6065.415,269.73,-28393.065,-11142.72,-4654.71
-10148.984999999999,-11343.24,-21450.149999999998,-6046.65,252.26999999999998,-28402.515,-11129.58,-4622.355
-10103.895,-11341.305,-21487.454999999998,-6120.179999999999,291.645,-28376.594999999998,-11101.32,-4540.95
-10094.85,-11290.275,-21370.545,-5968.17,506.655,-28312.875,-11131.74,-4577.22
-10140.795,-11352.779999999999,-21405.239999999998,-5925.96,564.2099999999999,-28267.469999999998,-11130.705,-4678.245
-10153.529999999999,-11384.145,-21465.315,-5963.849999999999,497.025,-28319.129999999997,-11132.369999999999,-4680.045
-10183.77,-11404.08,-21491.325,-6063.48,378.18,-28405.71,-11163.645,-4637.34
-10168.109999999999,-11432.43,-21599.37,-6238.215,253.07999999999998,-28443.149999999998,-11168.145,-4524.075
-10094.039999999999,-11311.38,-21469.995,-6230.429999999999,246.06,-28441.844999999998,-11171.789999999999,-4479.929999999999
-10098.855,-11324.564999999999,-21469.59,-6159.105,293.53499999999997,-28445.715,-11175.164999999999,-4519.755
-10098.359999999999,-11358.449999999999,-21502.125,-6026.76,375.615,-28363.094999999998,-11135.07,-4514.625
-10088.369999999999,-11352.779999999999,-21532.815,-6137.099999999999,334.97999999999996,-28349.055,-11146.23,-4534.5599999999995
-10105.695,-11366.91,-21532.32,-6174.585,323.72999999999996,-28411.469999999998,-11168.64,-4560.389999999999
-10088.055,-11263.14,-21350.79,-6036.75,407.34,-28397.879999999997,-11164.725,-4563.945
-10081.44,-11256.705,-21357.18,-6040.44,414.22499999999997,-28365.03,-11152.215,-4567.41
-10106.01,-11299.095,-21418.965,-6079.815,383.175,-28372.86,-11157.795,-4587.84
-10153.44,-11367.539999999999,-21495.825,-6098.8949999999995,333.675,-28391.985,-11148.885,-4602.554999999999
-10156.904999999999,-11376.449999999999,-21481.38,-6022.62,374.175,-28397.024999999998,-11154.195,-4610.835
-10133.73,-11321.055,-21402.045,-5943.69,386.235,-28434.87,-11174.445,-4623.525
-10109.565,-11305.35,-21400.739999999998,-6002.325,363.465,-28428.344999999998,-11151.9,-4598.054999999999
-10089.72,-11322.045,-21441.645,-6042.465,365.76,-28423.215,-11129.895,-4549.995
-10106.82,-11341.664999999999,-21478.815,-6089.445,385.065,-28404.539999999997,-11142.359999999999,-4580.73
-10133.73,-11313.225,-21451.094999999998,-6141.78,351.585,-28437.434999999998,-11170.215,-4636.845
-10121.175,-11273.895,-21390.12,-6064.695,344.835,-28442.114999999998,-11200.545,-4636.575
-10133.19,-11303.775,-21398.715,-5989.995,348.79499999999996,-28437.434999999998,-11183.76,-4615.47
-10132.92,-11323.98,-21407.265,-5972.219999999999,407.88,-28345.094999999998,-11123.82,-4597.2
-10138.14,-11317.77,-21397.815,-5962.139999999999,569.8349999999999,-28201.815,-11090.699999999999,-4635.179999999999
-10153.35,-11324.25,-21440.25,-6087.24,454.905,-28273.995,-11104.38,-4675.7699999999995
-10145.97,-11331.99,-21481.649999999998,-6163.335,338.985,-28388.565,-11145.645,-4676.535
-10110.869999999999,-11298.105,-21469.995,-6107.445,356.76,-28402.739999999998,-11169.99,-4613.804999999999
-10054.35,-11351.43,-21521.79,-6089.13,316.935,-28420.785,-11150.1,-4487.715
-10125.404999999999,-11391.84,-21489.21,-6079.23,267.21,-28442.789999999997,-11153.25,-4575.69
-10177.38,-11328.074999999999,-21417.66,-6021.405,361.26,-28377.629999999997,-11138.265,-4659.57
-10146.645,-11307.33,-21445.2,-6022.26,412.155,-28284.12,-11112.39,-4623.57
-10154.385,-11369.07,-21462.12,-6076.485,320.03999999999996,-28389.555,-11156.895,-4566.6449999999995
-10102.005,-11381.49,-21499.739999999998,-6111.179999999999,302.49,-28466.91,-11182.545,-4506.48
-10118.925,-11405.654999999999,-21539.07,-6165.945,315.945,-28433.745,-11153.654999999999,-4549.7699999999995
-10143.404999999999,-11371.005,-21503.475,-6195.554999999999,327.735,-28416.015,-11138.715,-4593.42
-10143.09,-11393.055,-21551.76,-6243.48,292.09499999999997,-28440.315,-11128.005,-4556.25
-10081.035,-11415.42,-21560.355,-6167.205,268.92,-28449.045,-11142.0,-4464.54
-10060.47,-11319.39,-21432.96,-6078.78,364.95,-28377.18,-11157.21,-4499.73
-10123.515,-11315.925,-21463.2,-6135.615,346.72499999999997,-28380.239999999998,-11213.82,-4607.865
-10167.57,-11344.994999999999,-21479.265,-6093.764999999999,352.08,-28372.68,-11217.33,-4661.639999999999
-10184.4,-11362.23,-21489.12,-6014.474999999999,399.78,-28423.305,-11175.029999999999,-4671.224999999999
-10157.625,-11303.865,-21409.739999999998,-6045.84,404.82,-28463.039999999997,-11167.515,-4648.455
-10128.33,-11310.705,-21402.045,-6064.695,359.235,-28435.68,-11151.314999999999,-4589.91
-10104.795,-11359.664999999999,-21483.495,-6143.13,221.80499999999998,-28432.53,-11106.404999999999,-4496.535
-10086.074999999999,-11359.439999999999,-21476.52,-6087.87,320.895,-28386.45,-11132.369999999999,-4508.37
-10123.515,-11332.215,-21440.61,-5997.915,450.495,-28341.765,-11148.119999999999,-4598.639999999999
-10154.16,-11348.955,-21475.035,-6024.78,428.715,-28306.664999999997,-11142.045,-4641.255
-10148.85,-11326.095,-21419.594999999998,-6011.19,424.16999999999996,-28322.19,-11114.505,-4629.15
-10142.82,-11321.865,-21459.69,-6077.835,409.77,-28343.655,-11117.744999999999,-4581.045
-10101.779999999999,-11332.664999999999,-21504.239999999998,-6149.88,338.66999999999996,-28389.42,-11130.255,-4516.74
-10086.525,-11360.744999999999,-21526.739999999998,-6208.2,218.7,-28426.59,-11145.734999999999,-4528.71
-10109.744999999999,-11336.67,-21442.5,-6030.2699999999995,333.675,-28382.445,-11140.38,-4570.29
-10119.96,-11341.755,-21472.785,-6069.465,376.91999999999996,-28335.015,-11119.32,-4567.545
-10131.119999999999,-11349.81,-21499.469999999998,-6195.105,352.485,-28341.539999999997,-11137.365,-4610.5199999999995
-10135.935,-11326.814999999999,-21513.285,-6132.51,398.655,-28356.164999999997,-11163.465,-4663.71
-10133.955,-11284.154999999999,-21382.29,-5914.304999999999,441.315,-28362.329999999998,-11170.664999999999,-4647.554999999999
-10098.9,-11265.705,-21299.579999999998,-5860.98,432.27,-28353.239999999998,-11160.539999999999,-4592.79
-10071.09,-11273.625,-21339.135,-5929.38,436.005,-28347.75,-11131.199999999999,-4540.679999999999
-10104.164999999999,-11325.33,-21390.885,-5971.815,430.425,-28357.2,-11138.13,-4559.715
-10088.505,-11335.994999999999,-21443.67,-6037.605,371.385,-28377.945,-11154.24,-4528.62
-10071.359999999999,-11333.34,-21469.23,-6069.195,351.81,-28380.69,-11142.765,-4511.79
-10125.135,-11367.494999999999,-21478.32,-6079.59,322.92,-28392.254999999997,-11147.4,-4564.304999999999
-10157.22,-11400.795,-21496.14,-6106.59,291.69,-28411.245,-11142.99,-4595.264999999999
-10150.605,-11344.545,-21474.045,-6150.15,291.51,-28462.094999999998,-11163.015,-4600.3949999999995
-10090.08,-11339.414999999999,-21521.43,-6240.0599999999995,277.02,-28453.5,-11148.164999999999,-4530.465
-10087.965,-11363.535,-21560.04,-6289.65,313.695,-28358.684999999998,-11128.859999999999,-4535.1449999999995
-10114.154999999999,-11347.38,-21510.719999999998,-6182.865,400.455,-28322.01,-11135.07,-4578.705
-10124.82,-11277.945,-21368.7,-5977.844999999999,430.875,-28352.114999999998,-11150.279999999999,-4635.945
-10141.695,-11326.635,-21432.195,-5981.94,340.245,-28388.565,-11147.49,-4653.09
-10170.99,-11321.82,-21402.719999999998,-5910.974999999999,476.685,-28360.89,-11150.324999999999,-4713.66
-10225.44,-11298.51,-21341.16,-5904.045,545.895,-28354.454999999998,-11151.494999999999,-4773.375
-10229.039999999999,-11334.824999999999,-21389.94,-6008.804999999999,430.10999999999996,-28371.51,-11188.035,-4740.48
-10159.605,-11336.355,-21431.745,-6036.075,331.38,-28370.52,-11153.115,-4611.465
-10061.91,-11336.265,-21466.53,-6059.205,287.59499999999997,-28436.94,-11141.64,-4454.28
-10095.435,-11331.945,-21469.364999999998,-6091.695,227.07,-28512.315,-11186.055,-4559.49
-10145.43,-11343.869999999999,-21467.295,-6155.415,221.535,-28449.405,-11168.505,-4599.09
-10114.065,-11412.765,-21593.925,-6373.3949999999995,118.035,-28436.625,-11146.904999999999,-4504.455
-10154.16,-11421.494999999999,-21615.3,-6395.264999999999,161.82,-28456.379999999997,-11166.93,-4509.945
-10117.8,-11397.285,-21577.364999999998,-6225.57,294.885,-28437.93,-11166.84,-4508.639999999999
-10106.865,-11333.295,-21441.105,-5965.605,427.905,-28422.899999999998,-11144.34,-4546.215
-10113.84,-11304.765,-21382.92,-5942.205,442.8,-28430.46,-11140.109999999999,-4570.74
-10114.965,-11317.5,-21412.079999999998,-6009.12,364.05,-28460.565,-11169.359999999999,-4573.889999999999
-10117.755,-11312.55,-21432.059999999998,-6064.92,278.145,-28425.105,-11181.645,-4581.72
-10130.715,-11338.244999999999,-21465.63,-6092.73,298.62,-28394.28,-11164.275,-4579.695
-10128.69,-11363.535,-21489.344999999998,-6099.165,384.57,-28389.239999999998,-11162.564999999999,-4554.36
-10105.605,-11359.98,-21473.145,-6068.115,421.875,-28407.42,-11189.564999999999,-4529.925
-10091.925,-11336.67,-21474.315,-6126.615,303.3,-28425.78,-11175.84,-4532.625
-10108.755,-11327.67,-21441.329999999998,-6074.19,339.34499999999997,-28408.905,-11151.314999999999,-4556.385
-10119.51,-11376.135,-21508.515,-6079.005,450.18,-28312.559999999998,-11090.564999999999,-4556.07
-10132.965,-11388.779999999999,-21584.204999999998,-6263.415,378.27,-28364.625,-11087.414999999999,-4562.82
-10125.63,-11355.525,-21557.835,-6284.295,362.835,-28414.89,-11143.935,-4571.505
-10113.84,-11330.369999999999,-21519.765,-6135.03,369.405,-28402.065,-11156.939999999999,-4566.465
-10119.105,-11327.805,-21444.885,-5985.99,386.685,-28354.32,-11147.22,-4574.474999999999
-10129.5,-11377.395,-21447.989999999998,-5966.594999999999,395.235,-28367.504999999997,-11142.404999999999,-4582.17
-10118.699999999999,-11374.064999999999,-21505.364999999998,-6072.389999999999,340.155,-28403.774999999998,-11157.255,-4576.005
-10126.44,-11371.994999999999,-21511.44,-6134.445,306.71999999999997,-28406.745,-11157.3,-4579.335
-10109.654999999999,-11303.595,-21456.54,-6162.84,349.83,-28379.655,-11153.97,-4584.96
-10109.115,-11333.205,-21494.655,-6197.8949999999995,276.795,-28403.28,-11163.914999999999,-4587.974999999999
-10099.08,-11266.244999999999,-21378.825,-6021.405,320.53499999999997,-28444.77,-11185.47,-4595.625
-10133.505,-11264.265,-21310.515,-5894.28,453.195,-28384.155,-11153.115,-4626.8099999999995
-10150.605,-11292.57,-21331.98,-5923.755,572.5799999999999,-28266.75,-11095.515,-4658.849999999999
-10167.345,-11330.279999999999,-21422.565,-6048.315,424.03499999999997,-28270.305,-11097.765,-4660.0199999999995
-10163.07,-11362.77,-21475.62,-6073.245,377.46,-28356.344999999998,-11166.84,-4663.845
-10133.64,-11363.49,-21485.52,-6120.135,324.675,-28388.61,-11193.48,-4635.72
-10096.244999999999,-11296.619999999999,-21439.079999999998,-6136.875,241.605,-28385.145,-11139.66,-4584.195
-10105.83,-11282.805,-21451.635,-6175.035,244.17,-28422.945,-11125.664999999999,-4585.724999999999
-10136.205,-11322.63,-21434.04,-6076.8,369.945,-28416.015,-11133.314999999999,-4560.389999999999
-10195.109999999999,-11305.529999999999,-21363.975,-5919.03,485.055,-28343.385,-11127.195,-4679.639999999999
-10210.32,-11294.955,-21357.09,-5881.455,513.855,-28327.14,-11148.75,-4751.505
-10189.08,-11307.689999999999,-21387.149999999998,-5966.55,514.125,-28359.629999999997,-11171.475,-4713.075
-10151.46,-11398.005,-21515.715,-6170.085,401.21999999999997,-28414.079999999998,-11159.595,-4566.825
-10117.664999999999,-11430.045,-21586.05,-6242.849999999999,282.51,-28483.605,-11171.115,-4479.57
-10066.904999999999,-11395.755,-21533.355,-6100.695,300.87,-28443.51,-11155.77,-4408.695
-10084.23,-11370.195,-21453.03,-5967.855,371.34,-28450.664999999997,-11168.324999999999,-4470.21
-10102.815,-11309.715,-21381.344999999998,-5933.7,482.58,-28387.125,-11181.689999999999,-4544.415
-10126.574999999999,-11351.205,-21442.815,-6035.49,365.13,-28365.93,-11157.795,-4578.255
-10143.765,-11373.885,-21499.11,-6133.995,264.69,-28380.6,-11157.93,-4617.855
-10112.175,-11309.039999999999,-21450.51,-6106.455,251.28,-28380.105,-11160.045,-4604.67
-10106.64,-11324.295,-21473.73,-6113.5199999999995,267.615,-28419.39,-11185.38,-4632.12
-10130.715,-11310.074999999999,-21452.399999999998,-6071.49,409.365,-28362.105,-11165.265,-4671.54
-10182.105,-11351.52,-21463.829999999998,-6070.365,436.72499999999997,-28362.645,-11140.154999999999,-4668.615
-10152.63,-11378.564999999999,-21481.29,-6103.62,380.745,-28382.535,-11138.355,-4544.73
-10110.555,-11373.21,-21481.92,-6106.905,381.06,-28380.69,-11114.279999999999,-4458.195
-10091.789999999999,-11369.654999999999,-21496.41,-6105.195,357.21,-28433.745,-11143.17,-4480.92
-10106.145,-11352.96,-21468.239999999998,-6080.58,337.32,-28487.07,-11200.095,-4519.755
-10096.335,-11353.949999999999,-21463.739999999998,-6071.175,376.46999999999997,-28469.745,-11200.14,-4540.05
-10094.13,-11301.84,-21451.005,-6071.67,417.555,-28342.53,-11134.619999999999,-4553.595
-10128.24,-11346.84,-21513.375,-6195.465,364.77,-28336.274999999998,-11110.05,-4568.13
-10152.404999999999,-11400.164999999999,-21563.505,-6300.855,292.72499999999997,-28389.42,-11130.705,-4568.715
-10128.779999999999,-11410.92,-21561.255,-6258.33,236.34,-28413.45,-11142.045,-4551.48
-10136.835,-11378.475,-21519.18,-6099.255,268.245,-28397.475,-11143.125,-4574.07
-10138.14,-11309.4,-21387.555,-5929.965,350.01,-28368.315,-11138.76,-4599.0
-10112.715,-11271.779999999999,-21335.355,-5912.73,391.635,-28347.344999999998,-11116.755,-4595.264999999999
-10106.324999999999,-11282.85,-21373.739999999998,-5957.28,433.03499999999997,-28344.059999999998,-11110.455,-4589.325
-10133.595,-11350.619999999999,-21485.565,-6088.7699999999995,355.54499999999996,-28413.855,-11149.74,-4579.245
-10143.27,-11390.22,-21550.23,-6201.09,344.565,-28412.28,-11152.935,-4564.665
-10115.414999999999,-11335.77,-21529.26,-6315.705,296.685,-28437.48,-11155.77,-4552.695
-10134.855,-11376.18,-21584.52,-6346.889999999999,203.57999999999998,-28505.114999999998,-11187.99,-4579.335
-10194.345,-11434.814999999999,-21603.6,-6208.605,188.1,-28523.204999999998,-11203.38,-4644.315
-10201.68,-11355.3,-21429.18,-5902.425,334.935,-28458.27,-11187.314999999999,-4694.49
-10164.96,-11321.189999999999,-21423.69,-5934.24,373.40999999999997,-28425.555,-11152.619999999999,-4695.21
-10138.14,-11299.59,-21401.594999999998,-6047.325,328.86,-28433.745,-11160.359999999999,-4635.045
-10159.289999999999,-11335.23,-21408.93,-6049.53,382.635,-28381.77,-11168.73,-4635.9
-10154.52,-11388.869999999999,-21492.135,-6096.15,412.695,-28404.989999999998,-11159.369999999999,-4581.945
-10058.805,-11357.145,-21444.66,-6039.179999999999,405.63,-28425.015,-11143.664999999999,-4444.11
-10061.82,-11323.755,-21428.19,-6003.54,419.4,-28381.59,-11141.955,-4479.165
-10094.445,-11337.39,-21477.915,-6032.34,376.83,-28361.07,-11137.5,-4535.46
-10119.824999999999,-11350.305,-21485.43,-6088.815,358.56,-28405.26,-11175.84,-4579.514999999999
-10153.71,-11327.67,-21431.114999999998,-6113.969999999999,364.22999999999996,-28420.515,-11209.455,-4624.83
-10138.904999999999,-11301.3,-21403.305,-6130.08,412.91999999999996,-28364.265,-11220.93,-4638.6449999999995
-10118.699999999999,-11276.234999999999,-21391.559999999998,-6033.735,442.62,-28275.795,-11164.23,-4650.84
-10151.73,-11329.83,-21416.04,-5966.865,397.44,-28343.295,-11113.605,-4659.03
-10155.69,-11299.23,-21380.399999999998,-5934.0599999999995,416.835,-28409.399999999998,-11089.08,-4643.91
-10180.98,-11304.225,-21401.954999999998,-5999.13,407.96999999999997,-28379.745,-11135.16,-4665.375
-10164.645,-11348.055,-21458.204999999998,-6070.275,421.695,-28345.004999999997,-11143.935,-4606.74
-10101.33,-11312.369999999999,-21438.855,-6122.16,448.91999999999996,-28355.445,-11131.02,-4540.41
-10064.565,-11331.585,-21480.48,-6206.76,353.115,-28441.26,-11172.015,-4463.1449999999995
-10103.805,-11351.07,-21485.43,-6125.4,320.985,-28390.05,-11156.67,-4504.23
-10158.57,-11387.43,-21519.45,-6072.795,308.115,-28382.895,-11149.02,-4590.045
-10132.56,-11326.59,-21431.52,-5998.139999999999,356.625,-28390.77,-11149.965,-4600.17
-10143.494999999999,-11359.439999999999,-21450.915,-6010.29,397.485,-28353.645,-11141.324999999999,-4599.63
-10168.605,-11356.47,-21444.614999999998,-6024.195,387.71999999999997,-28381.95,-11177.234999999999,-4641.48
-10171.755,-11345.31,-21434.895,-6047.82,354.51,-28420.785,-11189.295,-4628.97
-10151.279999999999,-11395.755,-21492.495,-6105.15,340.155,-28445.039999999997,-11173.859999999999,-4559.22
-10181.43,-11430.225,-21558.96,-6194.34,245.7,-28526.265,-11178.09,-4578.4349999999995
-10164.555,-11398.14,-21579.795,-6243.615,142.38,-28497.015,-11163.51,-4580.235
-10156.545,-11403.99,-21593.204999999998,-6306.84,88.56,-28498.725,-11170.98,-4588.965
-10134.81,-11362.725,-21507.704999999998,-6197.13,218.20499999999998,-28460.655,-11157.93,-4555.62
-10086.029999999999,-11310.57,-21414.645,-6008.535,415.08,-28354.23,-11119.32,-4528.44
-10111.59,-11316.465,-21438.09,-6037.29,452.29499999999996,-28338.12,-11125.484999999999,-4599.405
-10124.19,-11309.13,-21471.344999999998,-6125.8949999999995,417.87,-28383.21,-11140.154999999999,-4618.71
-10165.14,-11355.21,-21510.719999999998,-6144.57,412.515,-28422.045,-11147.31,-4590.72
-10159.56,-11398.77,-21512.7,-6077.16,348.97499999999997,-28471.14,-11167.785,-4556.385
-10137.285,-11391.84,-21490.965,-6035.49,339.97499999999997,-28407.914999999997,-11148.345,-4552.155
-10109.654999999999,-11408.265,-21512.25,-6114.014999999999,331.46999999999997,-28414.125,-11179.17,-4530.0599999999995
-10107.855,-11337.75,-21472.425,-6131.115,313.425,-28456.695,-11199.824999999999,-4564.3949999999995
-10144.44,-11313.27,-21424.635,-6053.085,359.19,-28419.434999999998,-11157.75,-4620.599999999999
-10159.335,-11308.5,-21403.44,-6012.0,437.49,-28393.379999999997,-11162.07,-4661.865
-10151.324999999999,-11365.56,-21456.719999999998,-6038.19,430.695,-28334.565,-11157.119999999999,-4646.565
-10110.42,-11323.98,-21464.055,-6136.425,327.06,-28424.475,-11188.35,-4577.22
-10085.805,-11350.664999999999,-21542.445,-6239.565,274.275,-28479.285,-11188.619999999999,-4503.87
-10130.67,-11385.18,-21535.02,-6105.69,388.08,-28416.195,-11175.255,-4542.885
-10145.025,-11318.445,-21383.864999999998,-5930.594999999999,468.135,-28320.164999999997,-11121.48,-4574.205
-10119.285,-11311.02,-21411.765,-6007.724999999999,387.945,-28332.495,-11082.645,-4561.74
-10116.63,-11305.17,-21417.48,-6103.98,383.31,-28375.739999999998,-11112.795,-4577.49
-10124.685,-11317.635,-21431.655,-6096.6449999999995,343.71,-28441.844999999998,-11152.305,-4603.095
-10161.09,-11333.654999999999,-21409.739999999998,-6015.014999999999,405.585,-28390.004999999997,-11163.42,-4659.4349999999995
-10173.779999999999,-11375.055,-21477.87,-6008.445,404.82,-28335.87,-11146.275,-4668.974999999999
-10184.895,-11386.08,-21474.899999999998,-6028.335,377.37,-28358.414999999997,-11144.205,-4647.78
-10111.365,-11305.529999999999,-21465.27,-6066.63,392.21999999999997,-28397.52,-11141.865,-4594.995
-10062.225,-11258.369999999999,-21434.805,-6128.19,378.0,-28409.039999999997,-11163.42,-4586.8949999999995
-10111.455,-11327.85,-21510.405,-6231.554999999999,287.46,-28455.614999999998,-11182.545,-4614.12
-10201.455,-11426.85,-21588.03,-6315.12,211.67999999999998,-28556.46,-11219.805,-4634.639999999999
-10197.63,-11376.135,-21507.48,-6189.615,230.67,-28621.754999999997,-11258.73,-4620.195
-10145.34,-11351.115,-21439.395,-6010.0199999999995,294.93,-28574.19,-11190.375,-4561.92
-10156.859999999999,-11450.52,-21499.605,-5999.715,308.07,-28465.965,-11141.279999999999,-4526.19
-10180.755,-11391.255,-21427.829999999998,-6004.08,360.36,-28370.204999999998,-11125.484999999999,-4563.135
-10146.914999999999,-11346.029999999999,-21449.34,-6063.12,367.155,-28325.07,-11112.029999999999,-4549.724999999999
-10107.945,-11315.34,-21444.39,-6035.3099999999995,456.57,-28360.395,-11170.215,-4553.505
-10148.265,-11295.449999999999,-21428.954999999998,-6076.844999999999,429.93,-28369.305,-11212.965,-4695.615
-10193.805,-11325.645,-21444.12,-6114.24,373.185,-28340.145,-11158.38,-4749.3
-10166.175,-11310.164999999999,-21409.155,-6057.495,386.505,-28344.465,-11150.01,-4666.7699999999995
-10090.529999999999,-11355.93,-21490.965,-6059.61,345.015,-28362.015,-11133.27,-4451.13
-10107.18,-11421.72,-21573.45,-6193.26,241.47,-28468.89,-11134.17,-4440.33
-10139.039999999999,-11362.455,-21518.954999999998,-6235.695,284.58,-28467.945,-11159.234999999999,-4581.945
-10143.675,-11304.63,-21432.42,-6145.83,360.04499999999996,-28384.469999999998,-11147.445,-4667.355
-10154.34,-11286.585,-21360.015,-5946.929999999999,444.91499999999996,-28333.844999999998,-11126.16,-4721.085
-10170.315,-11324.744999999999,-21435.344999999998,-6034.545,362.88,-28384.739999999998,-11135.609999999999,-4685.355
-10172.565,-11379.015,-21495.87,-6173.639999999999,293.49,-28392.12,-11160.045,-4662.54
-10138.725,-11407.994999999999,-21531.465,-6167.565,345.96,-28354.364999999998,-11137.635,-4569.84
-10102.635,-11378.88,-21517.38,-6187.95,364.72499999999997,-28354.95,-11105.775,-4477.05
-10132.244999999999,-11363.805,-21457.395,-6115.815,386.235,-28411.92,-11157.074999999999,-4521.825
-10161.404999999999,-11370.914999999999,-21428.46,-6077.115,382.905,-28424.879999999997,-11178.945,-4565.655
-10147.994999999999,-11371.545,-21465.27,-6046.605,354.69,-28435.41,-11168.1,-4549.7699999999995
-10141.605,-11437.289999999999,-21575.61,-6102.315,342.585,-28443.195,-11158.38,-4547.115
-10109.97,-11414.564999999999,-21576.329999999998,-6130.26,320.67,-28433.925,-11135.52,-4529.655
-10115.775,-11331.765,-21430.035,-6031.62,345.555,-28408.5,-11117.835,-4520.25
-10100.699999999999,-11321.414999999999,-21422.835,-6011.639999999999,392.13,-28396.17,-11122.785,-4546.53
-10111.455,-11266.02,-21381.93,-5998.365,418.85999999999996,-28382.309999999998,-11139.435,-4592.025
-10119.33,-11309.805,-21461.895,-6142.5,311.76,-28437.39,-11166.615,-4588.11
-10156.725,-11364.615,-21568.5,-6273.045,226.26,-28495.44,-11208.779999999999,-4617.99
-10205.595,-11361.824999999999,-21491.64,-6202.53,272.745,-28454.76,-11204.145,-4682.429999999999
-10171.755,-11342.52,-21460.77,-6125.715,296.28,-28414.079999999998,-11177.865,-4659.974999999999
-10112.355,-11322.045,-21441.645,-6062.219999999999,389.925,-28424.114999999998,-11138.67,-4564.62
-10110.33,-11374.064999999999,-21480.84,-6030.99,393.435,-28466.325,-11131.38,-4540.005
-10139.355,-11341.71,-21416.399999999998,-5964.929999999999,384.79499999999996,-28470.059999999998,-11155.14,-4575.87
-10132.965,-11337.345,-21398.67,-5985.855,346.77,-28476.09,-11164.32,-4551.165
-10122.84,-11352.6,-21446.01,-6040.844999999999,351.53999999999996,-28406.295,-11143.529999999999,-4532.715
-10142.685,-11350.215,-21463.335,-6074.594999999999,367.56,-28379.204999999998,-11162.07,-4561.605
-10154.205,-11365.064999999999,-21487.274999999998,-6165.09,325.485,-28393.2,-11168.189999999999,-4576.095
-10144.08,-11378.654999999999,-21555.989999999998,-6222.014999999999,255.42,-28435.454999999998,-11162.25,-4576.23
-10121.805,-11347.47,-21519.945,-6114.96,300.735,-28490.94,-11161.08,-4565.115
-10113.164999999999,-11314.305,-21401.19,-6002.01,389.43,-28465.559999999998,-11159.189999999999,-4557.24
-10136.52,-11330.865,-21412.26,-6023.205,398.88,-28410.614999999998,-11147.58,-4582.9349999999995
-10121.715,-11302.425,-21416.399999999998,-6068.429999999999,406.62,-28352.52,-11142.539999999999,-4598.46
-10109.025,-11298.06,-21418.02,-6080.49,406.62,-28403.37,-11175.21,-4599.09
-10113.074999999999,-11324.43,-21432.51,-6056.37,405.85499999999996,-28383.614999999998,-11155.14,-4580.955
-10108.8,-11310.84,-21401.415,-6009.344999999999,410.49,-28327.68,-11124.945,-4559.625
-10138.365,-11347.064999999999,-21438.719999999998,-6048.45,351.0,-28337.985,-11119.77,-4600.215
-10218.555,-11438.234999999999,-21541.995,-6125.849999999999,351.315,-28366.605,-11163.24,-4714.065
-10222.38,-11433.195,-21549.105,-6103.53,428.265,-28372.725,-11172.689999999999,-4778.46
-10214.82,-11316.914999999999,-21441.285,-6100.245,432.585,-28386.899999999998,-11163.734999999999,-4741.11
-10183.05,-11274.3,-21378.915,-6108.795,416.78999999999996,-28417.545,-11151.314999999999,-4642.514999999999
-10116.765,-11349.539999999999,-21523.59,-6222.24,308.025,-28466.64,-11157.255,-4514.445
-10126.755,-11417.58,-21598.695,-6244.11,264.33,-28474.605,-11164.635,-4495.005
-10158.66,-11388.195,-21513.465,-6153.57,266.085,-28471.23,-11169.63,-4538.97
-10163.565,-11347.605,-21427.065,-6003.36,351.63,-28397.34,-11151.359999999999,-4606.38
-10120.32,-11302.92,-21386.969999999998,-5942.474999999999,431.82,-28364.445,-11135.34,-4608.8099999999995
-10074.779999999999,-11321.64,-21429.225,-6008.985,464.58,-28368.18,-11129.175,-4536.855
-10096.335,-11325.869999999999,-21410.37,-6028.74,516.15,-28323.855,-11133.9,-4512.6449999999995
-10146.42,-11345.895,-21478.815,-6163.785,305.37,-28455.03,-11180.97,-4585.095
-10144.619999999999,-11347.244999999999,-21489.434999999998,-6148.125,224.91,-28538.954999999998,-11197.395,-4600.71
-10148.039999999999,-11355.39,-21489.84,-6174.495,214.10999999999999,-28518.39,-11151.765,-4581.135
-10157.94,-11394.81,-21537.675,-6231.825,194.715,-28521.18,-11150.189999999999,-4596.21
-10143.045,-11365.83,-21504.69,-6169.5,323.64,-28445.76,-11164.14,-4592.25
-10130.355,-11380.994999999999,-21508.38,-6085.62,363.78,-28392.614999999998,-11130.84,-4507.92
-10134.81,-11373.345,-21454.559999999998,-6018.795,350.865,-28427.94,-11143.755,-4501.485
-10136.699999999999,-11344.68,-21399.48,-5974.74,385.91999999999996,-28408.77,-11135.835,-4552.0199999999995
-10126.35,-11359.484999999999,-21475.89,-6111.36,365.895,-28406.835,-11141.64,-4564.9349999999995
-10121.175,-11330.1,-21465.585,-6123.6449999999995,400.72499999999997,-28397.114999999998,-11162.025,-4580.55
-10127.654999999999,-11298.914999999999,-21426.255,-6056.639999999999,430.46999999999997,-28356.254999999997,-11182.904999999999,-4601.5199999999995
-10120.275,-11325.51,-21439.844999999998,-6061.1849999999995,353.205,-28394.55,-11162.52,-4593.0599999999995
-10111.095,-11325.24,-21447.63,-6077.16,336.78,-28425.87,-11164.275,-4557.87
-10109.43,-11308.77,-21419.145,-6107.94,322.335,-28439.774999999998,-11164.545,-4536.9
-10149.975,-11365.605,-21472.739999999998,-6117.165,345.69,-28429.335,-11155.185,-4567.995
-10158.3,-11383.83,-21531.915,-6180.344999999999,364.14,-28379.655,-11133.72,-4584.465
-10193.445,-11444.039999999999,-21612.195,-6210.63,326.655,-28372.32,-11136.645,-4639.365
-10187.01,-11378.07,-21484.079999999998,-6038.639999999999,359.505,-28396.664999999997,-11169.99,-4672.98
-10179.765,-11371.635,-21388.545,-5912.73,444.33,-28393.11,-11163.914999999999,-4642.5599999999995
-10122.615,-11325.869999999999,-21402.765,-5989.7699999999995,407.835,-28419.614999999998,-11170.17,-4568.67
-10111.005,-11307.734999999999,-21450.78,-6064.065,360.135,-28406.879999999997,-11151.045,-4542.525
-10113.029999999999,-11357.595,-21498.39,-6115.59,307.755,-28393.469999999998,-11129.625,-4520.7
-10113.93,-11338.02,-21469.094999999998,-6127.0199999999995,295.46999999999997,-28428.03,-11129.039999999999,-4542.48
-10132.425,-11383.92,-21506.399999999998,-6167.474999999999,321.795,-28440.27,-11117.744999999999,-4567.455
-10149.255,-11354.76,-21520.844999999998,-6222.105,328.77,-28451.7,-11154.24,-4611.554999999999
-10157.4,-11319.164999999999,-21471.255,-6182.1449999999995,395.28,-28422.27,-11179.98,-4657.815
-10156.32,-11330.595,-21479.85,-6155.235,300.06,-28473.57,-11154.779999999999,-4663.08
-10168.92,-11324.88,-21432.465,-6056.054999999999,308.96999999999997,-28461.51,-11136.015,-4656.0599999999995
-10147.815,-11284.605,-21348.54,-5989.7699999999995,337.32,-28442.295,-11134.755,-4610.565
-10136.025,-11345.22,-21447.585,-6072.48,350.59499999999997,-28428.39,-11157.795,-4557.0599999999995
-10138.095,-11388.015,-21521.79,-6130.215,366.93,-28408.545,-11150.055,-4530.735
-10109.295,-11361.734999999999,-21504.195,-6093.315,391.68,-28407.239999999998,-11152.035,-4507.965
-10134.09,-11314.529999999999,-21437.145,-6013.035,447.34499999999997,-28337.355,-11131.965,-4599.045
-10195.92,-11277.855,-21390.39,-6013.035,415.62,-28427.039999999997,-11193.84,-4761.2699999999995
-10192.725,-11263.365,-21346.335,-5960.969999999999,464.84999999999997,-28391.219999999998,-11211.435,-4785.974999999999
-10166.085,-11282.939999999999,-21357.405,-5924.88,490.54499999999996,-28362.42,-11145.015,-4667.76
-10140.84,-11405.34,-21486.735,-6068.205,354.735,-28426.77,-11110.59,-4495.455
-10104.029999999999,-11382.3,-21489.39,-6113.88,348.97499999999997,-28437.48,-11153.789999999999,-4469.175
-10074.285,-11376.81,-21493.755,-6139.17,309.645,-28453.364999999998,-11180.43,-4450.7699999999995
-10069.38,-11334.15,-21450.329999999998,-6053.4,354.15,-28411.155,-11174.67,-4472.19
-10068.66,-11330.369999999999,-21425.625,-5988.69,388.03499999999997,-28396.215,-11122.605,-4511.565
-10123.515,-11358.9,-21470.579999999998,-6082.2,334.34999999999997,-28408.454999999998,-11124.494999999999,-4574.385
-10194.48,-11353.41,-21479.489999999998,-6163.605,329.175,-28438.155,-11161.529999999999,-4641.48
-10206.27,-11397.96,-21533.535,-6177.195,364.185,-28408.68,-11160.225,-4652.505
-10192.59,-11388.555,-21513.87,-6116.49,375.12,-28407.105,-11176.695,-4620.105
-10154.475,-11390.445,-21514.68,-6099.165,313.38,-28442.07,-11182.005,-4541.175
-10164.824999999999,-11374.425,-21472.155,-6078.195,334.395,-28454.219999999998,-11168.955,-4547.07
-10128.51,-11382.57,-21528.315,-6162.57,314.145,-28459.17,-11150.189999999999,-4524.03
-10126.125,-11431.035,-21611.204999999998,-6244.38,300.87,-28424.925,-11129.715,-4520.61
-10134.27,-11375.685,-21546.18,-6154.469999999999,367.56,-28375.469999999998,-11133.675,-4545.764999999999
-10127.699999999999,-11309.58,-21436.29,-6068.655,383.085,-28403.325,-11161.08,-4561.38
-10135.08,-11318.265,-21427.469999999998,-6059.429999999999,363.645,-28431.945,-11178.81,-4576.995
-10138.365,-11328.975,-21460.86,-6072.165,349.02,-28439.684999999998,-11167.785,-4582.889999999999
-10152.18,-11354.895,-21465.719999999998,-6139.755,314.145,-28460.61,-11160.945,-4588.5599999999995
-10152.585,-11353.814999999999,-21463.695,-6167.5199999999995,285.93,-28443.239999999998,-11130.975,-4582.755
-10140.57,-11345.67,-21484.215,-6167.16,261.495,-28451.114999999998,-11134.98,-4574.745
-10143.765,-11334.555,-21447.495,-6055.2,339.885,-28399.184999999998,-11142.494999999999,-4580.595
-10142.865,-11344.365,-21441.69,-6044.715,311.805,-28443.015,-11175.975,-4581.99
-10151.414999999999,-11368.439999999999,-21492.09,-6105.6449999999995,310.32,-28453.454999999998,-11175.255,-4590.36
-10133.775,-11335.994999999999,-21484.079999999998,-6164.639999999999,345.28499999999997,-28443.914999999997,-11178.765,-4577.085
-10149.615,-11344.545,-21464.774999999998,-6185.745,356.53499999999997,-28417.95,-11165.895,-4584.6449999999995
-10156.5,-11393.865,-21546.719999999998,-6196.815,408.555,-28377.945,-11130.255,-4578.21
-10155.69,-11417.49,-21553.469999999998,-6103.889999999999,382.86,-28370.114999999998,-11131.335,-4573.3949999999995
-10153.529999999999,-11363.805,-21498.795,-6094.125,326.15999999999997,-28367.594999999998,-11142.72,-4575.735
-10149.255,-11356.74,-21499.649999999998,-6122.61,372.87,-28385.64,-11137.14,-4581.179999999999
-10158.164999999999,-11380.41,-21485.114999999998,-6063.84,330.34499999999997,-28445.985,-11155.095,-4605.885
-10142.19,-11311.875,-21362.579999999998,-5911.0199999999995,388.84499999999997,-28468.215,-11191.77,-4603.905
-10128.33,-11321.189999999999,-21398.04,-5975.01,377.865,-28496.745,-11205.539999999999,-4588.38
-10128.779999999999,-11366.324999999999,-21462.704999999998,-6070.139999999999,369.945,-28422.855,-11200.41,-4569.4349999999995
-10118.835,-11324.34,-21451.68,-6108.165,399.15,-28377.27,-11197.35,-4559.264999999999
-10117.215,-11338.244999999999,-21486.465,-6171.974999999999,368.90999999999997,-28411.559999999998,-11145.465,-4556.115
-10136.565,-11283.75,-21397.184999999998,-6086.429999999999,404.46,-28397.43,-11115.045,-4592.429999999999
-10169.46,-11287.215,-21397.905,-5983.965,418.815,-28340.64,-11121.66,-4647.24
-10220.67,-11337.84,-21378.915,-5930.82,458.685,-28337.355,-11137.635,-4690.304999999999
-10181.699999999999,-11311.244999999999,-21407.399999999998,-5987.745,504.99,-28308.239999999998,-11151.765,-4688.415
-10139.265,-11258.189999999999,-21412.305,-6027.165,484.60499999999996,-28360.98,-11170.395,-4706.865
-10159.244999999999,-11234.97,-21374.64,-6078.42,436.40999999999997,-28399.545,-11183.175,-4776.615
-10204.92,-11352.734999999999,-21499.829999999998,-6196.86,375.3,-28385.82,-11160.404999999999,-4675.59
-10197.585,-11473.02,-21640.905,-6317.054999999999,237.375,-28448.91,-11160.99,-4508.37
-10161.72,-11488.185,-21628.98,-6168.69,234.26999999999998,-28476.045,-11163.555,-4482.224999999999
-10110.6,-11384.46,-21467.204999999998,-6007.32,288.22499999999997,-28500.39,-11172.24,-4502.115
-10106.91,-11314.664999999999,-21413.07,-6045.705,317.78999999999996,-28476.989999999998,-11161.529999999999,-4539.42
-10150.875,-11356.289999999999,-21472.065,-6085.215,327.24,-28443.105,-11144.835,-4545.224999999999
-10179.404999999999,-11399.265,-21529.665,-6156.135,277.515,-28441.17,-11140.56,-4570.47
-10170.539999999999,-11397.06,-21503.295,-6146.82,282.87,-28462.77,-11163.51,-4588.0199999999995
-10129.77,-11367.855,-21467.88,-6064.5599999999995,407.15999999999997,-28387.844999999998,-11136.645,-4559.13
-10123.289999999999,-11346.57,-21503.114999999998,-6142.995,354.33,-28371.555,-11145.105,-4529.385
-10141.154999999999,-11377.08,-21528.225,-6176.295,334.305,-28391.715,-11173.814999999999,-4540.815
-10154.43,-11362.41,-21486.105,-6115.7699999999995,357.615,-28439.73,-11195.369999999999,-4568.085
-10179.359999999999,-11410.65,-21538.665,-6155.55,268.965,-28535.445,-11218.725,-4584.285
-10198.17,-11402.234999999999,-21539.969999999998,-6158.429999999999,257.355,-28514.475,-11214.63,-4608.54
-10167.84,-11337.705,-21446.594999999998,-6054.255,282.735,-28441.664999999997,-11165.895,-4616.19
-10143.045,-11322.404999999999,-21421.215,-6054.705,316.84499999999997,-28408.23,-11142.404999999999,-4618.665
-10127.654999999999,-11330.865,-21467.114999999998,-6146.099999999999,356.625,-28394.594999999998,-11157.84,-4574.835
-10133.55,-11368.8,-21520.485,-6173.639999999999,375.885,-28453.905,-11185.83,-4540.995
-10168.244999999999,-11399.805,-21521.114999999998,-6162.57,327.375,-28495.44,-11180.97,-4551.075
-10158.435,-11435.984999999999,-21563.415,-6198.57,255.375,-28429.245,-11139.93,-4546.3949999999995
-10151.369999999999,-11375.82,-21489.434999999998,-6089.76,360.45,-28334.52,-11139.75,-4564.44
-10142.595,-11358.81,-21455.64,-6014.385,451.935,-28381.86,-11153.43,-4567.905
-10147.32,-11369.16,-21498.48,-6064.2,391.5,-28427.265,-11160.72,-4578.4349999999995
-10150.109999999999,-11361.645,-21489.3,-6083.6849999999995,365.715,-28431.0,-11182.185,-4585.23
-10150.02,-11333.744999999999,-21431.655,-6034.815,372.735,-28418.039999999997,-11213.055,-4597.245
-10142.145,-11303.505,-21398.265,-6002.55,373.635,-28399.23,-11196.494999999999,-4591.845
-10120.095,-11287.98,-21382.785,-6009.21,418.22999999999996,-28434.015,-11215.845,-4578.03
-10118.744999999999,-11287.71,-21377.204999999998,-6002.37,443.835,-28437.84,-11191.005,-4566.285
-10153.215,-11338.47,-21430.079999999998,-6032.565,427.68,-28385.594999999998,-11148.48,-4587.48
-10157.49,-11350.35,-21469.905,-6085.3949999999995,411.525,-28354.094999999998,-11132.055,-4608.179999999999
-10148.039999999999,-11316.15,-21459.239999999998,-6145.335,361.755,-28392.704999999998,-11155.32,-4627.98
-10133.414999999999,-11297.385,-21429.405,-6114.24,407.60999999999996,-28354.32,-11145.105,-4615.38
-10165.095,-11382.57,-21504.555,-6096.014999999999,387.63,-28359.855,-11128.365,-4617.72
-10196.279999999999,-11386.664999999999,-21474.765,-6056.82,327.69,-28430.774999999998,-11161.035,-4650.57
-10205.505,-11350.71,-21444.12,-6043.05,348.47999999999996,-28449.765,-11178.63,-4659.48
-10185.525,-11395.755,-21516.84,-6117.705,320.67,-28480.815,-11180.25,-4609.62
-10144.08,-11376.72,-21468.87,-6063.974999999999,365.66999999999996,-28443.42,-11175.93,-4558.005
-10083.465,-11314.71,-21441.42,-6004.08,502.78499999999997,-28345.68,-11159.46,-4535.82
-10151.19,-11370.42,-21499.965,-6131.745,316.395,-28411.515,-11151.63,-4624.785
-10174.365,-11380.185,-21490.335,-6167.969999999999,280.97999999999996,-28417.23,-11133.81,-4586.355
-10139.715,-11378.295,-21521.52,-6248.115,267.34499999999997,-28451.789999999997,-11146.14,-4500.99
-10138.545,-11393.595,-21557.07,-6321.554999999999,205.38,-28493.594999999998,-11201.039999999999,-4499.46
-10130.039999999999,-11346.3,-21476.655,-6147.675,304.335,-28491.93,-11206.215,-4537.575
-10134.18,-11348.279999999999,-21462.39,-6070.365,307.17,-28503.989999999998,-11209.545,-4567.005
-10154.43,-11370.555,-21485.835,-6012.405,351.585,-28481.715,-11198.295,-4590.8099999999995
-10168.289999999999,-11381.58,-21514.905,-6126.885,301.185,-28465.515,-11181.689999999999,-4593.87
-10153.845,-11365.425,-21477.555,-6137.505,314.72999999999996,-28412.864999999998,-11144.205,-4563.855
-10157.31,-11357.73,-21441.105,-6094.53,383.53499999999997,-28369.395,-11130.84,-4562.865
-10135.845,-11329.47,-21478.725,-6105.24,438.16499999999996,-28395.629999999997,-11150.685,-4557.554999999999
-10136.565,-11366.64,-21584.79,-6223.005,331.515,-28444.004999999997,-11167.74,-4557.78
-10130.58,-11369.43,-21535.92,-6188.849999999999,248.57999999999998,-28514.745,-11186.369999999999,-4561.0199999999995
-10155.645,-11366.685,-21495.69,-6130.575,283.59,-28474.469999999998,-11177.82,-4589.865
-10175.94,-11352.105,-21456.585,-6076.215,349.065,-28409.129999999997,-11153.88,-4615.74
-10178.279999999999,-11345.805,-21423.285,-6075.045,421.83,-28390.32,-11158.02,-4616.37
-10150.289999999999,-11353.14,-21462.975,-6066.719999999999,468.135,-28331.46,-11130.525,-4572.9
-10127.925,-11373.48,-21494.655,-6099.57,411.34499999999997,-28347.704999999998,-11123.82,-4539.599999999999
-10112.49,-11347.605,-21468.42,-6090.03,380.745,-28392.93,-11143.845,-4536.945
-10100.97,-11284.74,-21382.739999999998,-5986.17,403.78499999999997,-28400.039999999997,-11158.92,-4566.87
-10117.08,-11299.949999999999,-21403.26,-5993.235,431.775,-28383.434999999998,-11155.725,-4588.92
-10187.414999999999,-11366.279999999999,-21447.495,-6058.17,396.45,-28392.84,-11158.83,-4626.63
-10212.57,-11389.635,-21479.579999999998,-6084.36,342.135,-28441.125,-11181.42,-4643.415
-10182.869999999999,-11373.975,-21494.969999999998,-6094.3949999999995,291.24,-28498.454999999998,-11208.06,-4602.69
-10143.404999999999,-11374.02,-21510.855,-6148.665,272.925,-28490.085,-11208.375,-4573.3949999999995
-10157.58,-11394.765,-21535.469999999998,-6200.415,259.11,-28444.094999999998,-11204.73,-4602.105
-10159.335,-11314.619999999999,-21448.53,-6129.9,284.985,-28399.23,-11183.535,-4648.905
-10199.475,-11334.24,-21450.465,-6043.815,386.37,-28386.945,-11150.64,-4664.205
-10206.225,-11331.314999999999,-21420.945,-5980.95,478.97999999999996,-28371.6,-11130.119999999999,-4647.33
-10177.56,-11306.43,-21360.239999999998,-5939.594999999999,476.055,-28387.98,-11137.23,-4655.565
-10163.609999999999,-11323.08,-21402.765,-6000.57,423.53999999999996,-28400.579999999998,-11154.555,-4624.065
-10111.545,-11373.21,-21494.385,-6092.73,366.435,-28457.414999999997,-11158.289999999999,-4488.705
-10126.215,-11375.234999999999,-21491.19,-6129.315,352.485,-28458.36,-11154.869999999999,-4499.19
-10155.375,-11392.289999999999,-21517.155,-6171.525,267.75,-28505.879999999997,-11191.77,-4583.655
-10182.06,-11382.164999999999,-21513.195,-6145.29,323.37,-28435.23,-11186.955,-4678.38
-10215.945,-11319.525,-21395.34,-5998.905,466.38,-28341.18,-11165.355,-4722.03
-10166.895,-11321.82,-21442.815,-6033.915,438.65999999999997,-28392.48,-11166.074999999999,-4598.19
-10094.445,-11391.57,-21533.13,-6111.2699999999995,330.615,-28473.84,-11166.255,-4419.855
-10091.744999999999,-11355.93,-21461.94,-6071.085,324.045,-28474.335,-11189.34,-4444.11
-10129.815,-11381.805,-21506.085,-6113.655,274.68,-28466.055,-11174.4,-4510.215
-10148.67,-11362.814999999999,-21499.605,-6130.215,282.015,-28462.95,-11167.02,-4574.115
-10153.935,-11342.744999999999,-21463.02,-6112.844999999999,322.695,-28468.125,-11177.369999999999,-4664.429999999999
-10196.145,-11335.545,-21435.39,-6109.469999999999,405.81,-28404.495,-11170.619999999999,-4744.3949999999995
-10227.465,-11354.715,-21501.765,-6220.665,442.26,-28372.995,-11174.445,-4697.55
-10171.08,-11381.805,-21539.565,-6196.59,416.7,-28406.789999999997,-11167.605,-4558.724999999999
-10100.654999999999,-11381.13,-21529.125,-6147.405,322.875,-28457.145,-11161.17,-4418.235
-10115.91,-11385.135,-21525.3,-6121.844999999999,289.53,-28502.414999999997,-11176.515,-4466.07
-10147.725,-11378.744999999999,-21479.445,-6061.59,339.84,-28494.45,-11193.119999999999,-4538.97
-10141.785,-11366.279999999999,-21471.57,-6069.69,331.38,-28459.844999999998,-11189.654999999999,-4548.87
-10164.645,-11367.404999999999,-21478.14,-6092.865,317.61,-28461.195,-11191.455,-4572.179999999999
-10140.885,-11363.715,-21499.425,-6159.105,310.005,-28504.215,-11208.465,-4568.985
-10126.215,-11366.64,-21564.899999999998,-6323.355,212.89499999999998,-28592.28,-11223.404999999999,-4559.175
-10150.515,-11369.564999999999,-21589.065,-6347.115,223.965,-28528.649999999998,-11177.145,-4568.804999999999
-10188.315,-11401.154999999999,-21553.065,-6214.23,239.08499999999998,-28468.215,-11178.27,-4604.67
-10182.645,-11373.795,-21426.795,-5969.61,352.305,-28442.969999999998,-11190.51,-4603.545
-10152.18,-11343.914999999999,-21389.309999999998,-5911.605,435.645,-28408.094999999998,-11180.43,-4574.97
-10134.945,-11334.824999999999,-21442.005,-6029.054999999999,359.01,-28436.175,-11169.81,-4573.08
-10154.43,-11327.58,-21435.3,-6075.179999999999,396.135,-28372.5,-11160.72,-4600.575
-10168.289999999999,-11356.154999999999,-21472.695,-6156.63,363.28499999999997,-28366.11,-11149.56,-4609.17
-10169.55,-11361.734999999999,-21490.695,-6190.38,328.815,-28392.795,-11152.529999999999,-4601.07
-10177.695,-11388.375,-21565.44,-6215.13,245.51999999999998,-28478.969999999998,-11172.15,-4600.845
-10158.48,-11385.27,-21520.62,-6080.355,270.765,-28512.315,-11168.055,-4576.679999999999
-10120.545,-11343.33,-21454.38,-5992.605,365.53499999999997,-28496.835,-11169.72,-4547.655
-10124.324999999999,-11347.38,-21440.745,-5983.92,434.745,-28408.004999999997,-11158.515,-4555.125
-10149.615,-11347.109999999999,-21421.395,-6047.37,377.775,-28421.55,-11167.244999999999,-4559.445
-10155.824999999999,-11385.81,-21504.915,-6167.835,364.005,-28409.309999999998,-11159.955,-4556.115
-10141.56,-11363.039999999999,-21499.02,-6140.429999999999,419.31,-28389.51,-11161.305,-4559.49
-10139.31,-11330.865,-21464.325,-6097.7699999999995,346.40999999999997,-28452.375,-11175.029999999999,-4565.565
-10143.045,-11304.72,-21435.3,-6021.719999999999,370.03499999999997,-28453.184999999998,-11189.609999999999,-4583.5199999999995
-10171.484999999999,-11329.92,-21440.655,-6041.25,399.69,-28436.94,-11198.52,-4630.995
-10164.914999999999,-11328.975,-21478.41,-6118.514999999999,371.025,-28463.76,-11197.395,-4645.349999999999
-10160.19,-11316.15,-21457.98,-6099.57,405.495,-28427.445,-11160.945,-4650.12
-10183.275,-11338.515,-21448.44,-6082.425,465.21,-28384.785,-11141.279999999999,-4669.155
-10182.734999999999,-11331.359999999999,-21427.245,-6091.38,435.195,-28380.015,-11141.145,-4644.09
-10175.535,-11340.449999999999,-21452.76,-6104.07,360.675,-28414.26,-11173.275,-4602.51
-10094.67,-11335.5,-21466.079999999998,-6038.82,329.76,-28452.42,-11176.47,-4475.565
-10055.475,-11299.05,-21389.309999999998,-5953.815,402.705,-28401.21,-11138.625,-4456.3949999999995
-10104.84,-11342.88,-21395.655,-5990.804999999999,446.31,-28363.815,-11122.289999999999,-4581.63
-10215.0,-11420.82,-21506.67,-6069.87,414.04499999999996,-28343.835,-11107.35,-4720.724999999999
-10271.88,-11359.26,-21483.495,-6074.775,386.55,-28389.914999999997,-11148.39,-4760.054999999999
-10222.38,-11378.564999999999,-21476.385,-6068.88,354.41999999999996,-28456.559999999998,-11200.365,-4596.345
-10104.48,-11388.465,-21527.1,-6100.425,327.96,-28483.469999999998,-11230.154999999999,-4508.73
-10097.955,-11329.74,-21479.399999999998,-6077.205,362.7,-28432.26,-11183.22,-4567.05
-10173.42,-11284.38,-21352.094999999998,-6017.804999999999,371.115,-28435.094999999998,-11170.89,-4631.535
-10204.335,-11362.365,-21456.315,-6116.085,275.67,-28494.225,-11166.615,-4606.47
-10144.619999999999,-11355.795,-21486.87,-6186.78,315.85499999999996,-28498.68,-11182.994999999999,-4544.82
-10115.775,-11350.26,-21478.545,-6183.719999999999,357.435,-28457.28,-11162.205,-4509.585
-10124.01,-11371.185,-21513.78,-6147.224999999999,342.945,-28450.44,-11172.24,-4522.995
-10156.005,-11355.39,-21497.265,-6097.679999999999,336.375,-28452.375,-11192.895,-4573.98
-10182.465,-11355.885,-21472.605,-6084.54,332.28,-28469.655,-11229.615,-4603.32
-10162.035,-11379.195,-21500.64,-6079.05,344.205,-28463.129999999997,-11202.615,-4541.355
-10149.39,-11397.914999999999,-21502.17,-6114.33,313.02,-28465.335,-11177.955,-4534.0199999999995
-10151.73,-11336.939999999999,-21453.48,-6109.92,324.81,-28493.864999999998,-11198.34,-4580.505
-10139.31,-11322.539999999999,-21481.065,-6143.445,291.195,-28533.51,-11191.949999999999,-4582.44
-10180.305,-11367.18,-21515.625,-6166.17,303.795,-28540.26,-11190.6,-4596.3
-10196.91,-11387.115,-21504.69,-6099.66,376.60499999999996,-28417.5,-11166.255,-4605.525
-10169.145,-11363.085,-21460.815,-6052.7699999999995,358.245,-28403.19,-11170.439999999999,-4583.5199999999995
-10161.765,-11359.08,-21458.07,-6050.025,381.87,-28426.364999999998,-11178.494999999999,-4569.03
-10142.865,-11363.76,-21496.905,-6160.59,343.44,-28466.864999999998,-11178.18,-4541.67
-10143.63,-11373.39,-21540.239999999998,-6274.26,245.295,-28513.754999999997,-11190.105,-4539.69
-10152.225,-11397.914999999999,-21562.739999999998,-6284.429999999999,173.97,-28534.59,-11181.195,-4538.79
-10131.345,-11353.725,-21483.27,-6149.16,255.64499999999998,-28482.03,-11161.664999999999,-4534.245
-10128.465,-11344.005,-21471.21,-6047.865,361.755,-28423.98,-11169.27,-4543.965
-10153.529999999999,-11340.855,-21412.44,-5950.844999999999,442.755,-28408.59,-11175.39,-4572.179999999999
-10135.664999999999,-11318.895,-21403.755,-5961.15,464.66999999999996,-28385.55,-11148.48,-4559.13
-10134.315,-11328.39,-21438.36,-6051.915,388.34999999999997,-28406.43,-11134.215,-4553.595
-10145.07,-11347.154999999999,-21472.965,-6112.26,339.65999999999997,-28440.18,-11148.21,-4564.8
-10159.154999999999,-11380.904999999999,-21504.915,-6155.865,340.695,-28431.495,-11145.24,-4575.375
-10165.68,-11431.664999999999,-21568.77,-6216.57,382.72499999999997,-28428.795,-11151.494999999999,-4578.345
-10146.555,-11361.42,-21561.57,-6233.535,362.15999999999997,-28435.77,-11174.22,-4569.345
-10161.72,-11346.885,-21541.68,-6204.915,289.395,-28496.745,-11203.289999999999,-4582.125
-10149.93,-11366.055,-21493.755,-6097.005,330.75,-28513.62,-11188.529999999999,-4573.889999999999
-10126.44,-11379.15,-21489.165,-6161.264999999999,333.495,-28496.969999999998,-11166.3,-4550.67
-10146.779999999999,-11342.52,-21494.655,-6232.679999999999,331.335,-28440.765,-11167.56,-4570.5599999999995
-10161.18,-11316.33,-21449.925,-6136.335,326.61,-28434.87,-11191.635,-4602.0599999999995
-10197.585,-11361.24,-21405.645,-5905.98,426.96,-28420.2,-11202.119999999999,-4659.255
-10183.545,-11374.965,-21384.225,-5814.224999999999,465.57,-28405.89,-11186.865,-4662.0
-10154.295,-11377.215,-21429.945,-5946.389999999999,417.91499999999996,-28417.86,-11166.57,-4614.03
-10129.455,-11291.22,-21424.14,-6041.429999999999,369.85499999999996,-28441.664999999997,-11149.38,-4536.63
-10169.55,-11321.91,-21429.36,-6060.69,351.63,-28451.789999999997,-11164.859999999999,-4592.34
-10210.32,-11315.835,-21420.0,-6025.094999999999,403.10999999999996,-28463.985,-11187.9,-4725.224999999999
-10215.135,-11259.045,-21326.04,-5953.455,490.905,-28381.41,-11157.48,-4769.55
-10139.895,-11264.31,-21347.594999999998,-5973.03,469.03499999999997,-28347.93,-11132.73,-4654.26
-10079.19,-11305.215,-21418.605,-6022.665,401.445,-28338.84,-11120.625,-4503.24
-10071.225,-11319.57,-21453.434999999998,-6054.615,337.905,-28435.905,-11174.265,-4492.08
-10210.815,-11367.314999999999,-21473.145,-6074.639999999999,363.555,-28482.704999999998,-11189.789999999999,-4674.915
-10304.505,-11466.63,-21568.32,-6164.054999999999,313.515,-28532.745,-11208.42,-4718.97
-10252.26,-11415.96,-21566.88,-6202.575,316.71,-28500.704999999998,-11227.904999999999,-4651.0199999999995
-10126.35,-11351.43,-21478.5,-6146.415,328.185,-28502.954999999998,-11250.855,-4517.415
-10079.055,-11280.51,-21418.155,-6086.565,292.275,-28495.844999999998,-11248.92,-4589.73
-10161.27,-11305.529999999999,-21429.495,-6076.215,297.495,-28407.914999999997,-11171.07,-4725.63
-10178.369999999999,-11317.59,-21410.325,-6012.405,386.59499999999997,-28356.344999999998,-11132.1,-4682.385
-10211.22,-11392.83,-21482.19,-6072.615,350.59499999999997,-28458.989999999998,-11168.279999999999,-4552.514999999999
-10122.119999999999,-11403.359999999999,-21525.48,-6115.724999999999,298.215,-28531.53,-11159.73,-4389.75
-10108.305,-11354.265,-21463.245,-6048.495,431.955,-28414.844999999998,-11150.55,-4440.0599999999995
-10149.57,-11427.029999999999,-21529.934999999998,-6123.465,369.63,-28461.375,-11156.4,-4480.11
-10143.27,-11428.02,-21579.03,-6236.955,200.655,-28612.71,-11212.425,-4475.295
-10148.265,-11384.82,-21531.105,-6192.63,217.17,-28597.41,-11222.46,-4517.37
-10164.914999999999,-11406.824999999999,-21558.195,-6199.38,255.105,-28521.225,-11181.285,-4541.13
-10167.705,-11392.199999999999,-21528.585,-6127.965,395.72999999999996,-28362.42,-11126.385,-4551.615
-10168.02,-11394.404999999999,-21530.745,-6229.485,322.335,-28444.995,-11167.965,-4565.16
-10166.13,-11402.189999999999,-21576.42,-6271.605,361.66499999999996,-28481.445,-11189.115,-4565.205
-10154.07,-11386.17,-21623.579999999998,-6304.635,337.905,-28461.329999999998,-11186.1,-4559.445
-10146.69,-11369.699999999999,-21569.265,-6214.005,336.555,-28432.844999999998,-11166.885,-4558.95
-10136.205,-11352.24,-21481.29,-6139.3949999999995,333.585,-28444.77,-11164.14,-4557.24
-10152.18,-11348.64,-21432.465,-6038.325,371.925,-28447.695,-11173.859999999999,-4579.065
-10165.095,-11358.675,-21438.989999999998,-6001.514999999999,427.05,-28413.36,-11166.074999999999,-4588.11
-10159.605,-11381.22,-21498.48,-6060.465,429.885,-28405.934999999998,-11191.005,-4584.195
-10132.785,-11322.99,-21465.54,-6128.955,321.93,-28489.32,-11213.279999999999,-4568.58
-10147.23,-11367.449999999999,-21466.395,-6119.19,270.45,-28513.305,-11215.395,-4577.715
-10147.545,-11366.055,-21448.305,-6013.26,377.28,-28424.565,-11158.875,-4570.29
-10138.725,-11318.85,-21459.059999999998,-5998.995,376.60499999999996,-28422.629999999997,-11146.949999999999,-4562.865
-10148.039999999999,-11322.585,-21444.84,-6000.795,361.575,-28437.795,-11164.23,-4573.3949999999995
-10159.785,-11336.58,-21435.39,-6041.115,357.79499999999996,-28467.809999999998,-11164.77,-4582.3949999999995
-10151.234999999999,-11339.955,-21427.829999999998,-6083.19,367.38,-28481.445,-11167.154999999999,-4577.264999999999
-10144.215,-11390.939999999999,-21516.255,-6153.84,328.005,-28480.23,-11158.515,-4565.97
-10155.465,-11409.39,-21560.04,-6169.23,312.16499999999996,-28444.05,-11149.785,-4574.429999999999
-10175.805,-11354.715,-21444.975,-6078.014999999999,364.68,-28454.219999999998,-11147.939999999999,-4593.014999999999
-10164.914999999999,-11391.3,-21468.735,-6056.955,308.655,-28522.079999999998,-11144.654999999999,-4585.86
-10167.345,-11361.105,-21490.515,-6105.24,241.785,-28552.905,-11169.27,-4599.99
-10204.74,-11322.855,-21420.765,-6056.099999999999,325.62,-28499.399999999998,-11188.17,-4640.49
-10206.585,-11331.045,-21420.495,-6040.304999999999,375.525,-28440.765,-11189.34,-4659.4349999999995
-10167.84,-11322.494999999999,-21405.329999999998,-6003.495,451.84499999999997,-28399.59,-11200.859999999999,-4630.32
-10096.425,-11302.695,-21411.315,-6000.929999999999,453.645,-28429.829999999998,-11181.555,-4538.295
-10071.27,-11257.74,-21384.855,-6036.344999999999,366.705,-28534.14,-11188.395,-4484.385
-10134.945,-11327.984999999999,-21409.155,-6059.025,383.76,-28483.245,-11195.64,-4591.889999999999
-10209.285,-11353.32,-21452.265,-6082.83,403.46999999999997,-28402.785,-11207.205,-4724.82
-10222.47,-11338.695,-21450.645,-6058.98,436.95,-28342.844999999998,-11171.564999999999,-4723.065
-10177.695,-11363.355,-21475.485,-6070.455,415.395,-28350.629999999997,-11135.205,-4649.985
-10172.654999999999,-11321.55,-21451.32,-6108.48,400.32,-28376.504999999997,-11135.52,-4680.405
-10200.06,-11261.115,-21382.065,-6086.07,454.40999999999997,-28342.17,-11124.9,-4716.63
-10178.369999999999,-11307.555,-21404.204999999998,-6061.1849999999995,432.99,-28389.239999999998,-11136.914999999999,-4570.5599999999995
-10087.02,-11411.369999999999,-21548.925,-6136.29,280.62,-28499.175,-11160.09,-4371.93
-10068.795,-11381.67,-21496.95,-6095.25,275.84999999999997,-28515.555,-11178.945,-4411.035
-10163.205,-11444.445,-21569.265,-6217.875,250.01999999999998,-28554.21,-11228.67,-4546.44
-10218.015,-11409.345,-21581.774999999998,-6266.295,328.05,-28506.645,-11254.365,-4647.87
-10193.13,-11329.56,-21495.735,-6162.525,419.13,-28452.239999999998,-11233.619999999999,-4658.264999999999
-10168.56,-11367.314999999999,-21489.704999999998,-6088.7699999999995,371.34,-28471.905,-11185.289999999999,-4567.005
-10131.705,-11385.855,-21518.91,-6192.224999999999,328.5,-28431.18,-11105.775,-4504.095
-10150.74,-11393.46,-21568.905,-6289.245,305.235,-28449.855,-11130.255,-4525.155
-10161.494999999999,-11407.904999999999,-21579.885,-6225.255,340.83,-28469.61,-11174.939999999999,-4537.08
-10140.48,-11339.775,-21466.53,-6105.465,354.59999999999997,-28487.745,-11181.375,-4583.115
-10225.529999999999,-11373.615,-21482.774999999998,-6110.28,292.905,-28504.575,-11165.715,-4688.775
-10260.72,-11380.545,-21470.265,-6068.34,254.475,-28474.155,-11164.455,-4725.945
-10213.289999999999,-11389.41,-21469.32,-6040.844999999999,308.07,-28494.719999999998,-11179.215,-4588.514999999999
-10145.565,-11408.355,-21526.515,-6096.6449999999995,336.15,-28513.305,-11179.17,-4457.7
-10137.869999999999,-11396.34,-21530.114999999998,-6083.639999999999,354.015,-28477.89,-11160.99,-4470.57
-10146.465,-11373.119999999999,-21487.68,-6094.215,321.34499999999997,-28487.789999999997,-11163.555,-4512.6449999999995
-10148.49,-11347.695,-21447.495,-6150.69,279.765,-28470.645,-11184.795,-4543.47
-10153.8,-11360.97,-21503.25,-6219.495,171.945,-28516.23,-11221.289999999999,-4562.82
-10174.41,-11389.994999999999,-21544.425,-6194.5199999999995,240.12,-28519.785,-11202.615,-4582.215
-10157.94,-11376.359999999999,-21542.67,-6098.58,403.515,-28483.965,-11196.765,-4568.58
-10132.065,-11335.005,-21489.03,-6055.605,433.215,-28473.84,-11170.215,-4549.005
-10148.625,-11336.625,-21427.02,-6154.83,238.5,-28547.235,-11186.55,-4561.65
-10148.445,-11337.615,-21424.815,-6107.49,241.2,-28555.649999999998,-11198.475,-4561.83
-10158.39,-11361.24,-21509.19,-6095.969999999999,351.945,-28514.07,-11176.289999999999,-4566.42
-10171.484999999999,-11368.8,-21506.265,-6084.8099999999995,376.60499999999996,-28510.379999999997,-11176.47,-4583.655
-10150.289999999999,-11346.164999999999,-21470.895,-6071.94,365.49,-28539.09,-11189.744999999999,-4571.415
-10151.82,-11374.875,-21560.489999999998,-6116.804999999999,343.53,-28498.004999999997,-11194.965,-4573.215
-10156.32,-11399.445,-21550.23,-6126.57,414.405,-28396.62,-11190.42,-4582.349999999999
-10165.545,-11325.51,-21402.315,-6129.179999999999,418.905,-28400.129999999997,-11212.244999999999,-4594.995
-10147.32,-11300.939999999999,-21446.505,-6146.28,390.15,-28460.745,-11251.755,-4585.275
-10134.18,-11336.67,-21465.495,-6001.469999999999,435.59999999999997,-28431.315,-11223.045,-4566.51
-10137.195,-11342.97,-21412.665,-5931.719999999999,442.305,-28404.539999999997,-11171.97,-4560.12
-10144.89,-11371.545,-21431.204999999998,-5995.349999999999,376.335,-28398.69,-11100.465,-4547.88
-10139.715,-11412.449999999999,-21500.594999999998,-6044.985,364.40999999999997,-28428.975,-11120.445,-4544.19
-10152.855,-11381.895,-21472.965,-6055.83,355.905,-28474.245,-11151.72,-4562.865
-10152.855,-11293.244999999999,-21392.864999999998,-6041.61,377.46,-28465.155,-11152.664999999999,-4594.365
-10165.41,-11294.055,-21401.145,-6055.965,428.76,-28395.495,-11128.545,-4657.995
-10184.715,-11256.705,-21355.02,-5991.12,504.27,-28342.485,-11123.595,-4705.83
-10226.789999999999,-11272.14,-21364.92,-5984.82,475.155,-28357.695,-11142.63,-4733.639999999999
-10228.904999999999,-11360.52,-21457.665,-6041.655,355.995,-28464.48,-11182.275,-4677.03
-10188.9,-11360.295,-21470.355,-6121.215,303.885,-28511.414999999997,-11187.494999999999,-4622.13
-10141.425,-11335.14,-21453.12,-6158.205,353.88,-28458.315,-11159.189999999999,-4554.72
-10158.255,-11336.4,-21450.149999999998,-6113.565,391.275,-28397.385,-11147.085,-4552.155
-10163.744999999999,-11419.605,-21529.17,-6096.42,384.12,-28426.77,-11150.955,-4502.474999999999
-10156.59,-11379.465,-21501.675,-6064.2,386.28,-28444.905,-11165.715,-4570.335
-10168.965,-11328.57,-21439.215,-6044.58,355.635,-28451.43,-11162.654999999999,-4605.57
-10132.38,-11296.755,-21413.07,-6021.54,375.705,-28420.2,-11143.98,-4559.04
-10127.699999999999,-11330.055,-21449.88,-6052.635,385.335,-28409.129999999997,-11124.99,-4509.99
-10138.77,-11357.324999999999,-21474.315,-6097.59,327.735,-28448.594999999998,-11160.404999999999,-4519.44
-10174.32,-11423.97,-21545.864999999998,-6145.74,315.945,-28486.53,-11192.67,-4563.8099999999995
-10207.215,-11438.82,-21550.545,-6159.825,299.43,-28539.719999999998,-11207.97,-4586.445
-10196.19,-11385.09,-21507.57,-6125.49,311.085,-28517.895,-11209.59,-4590.8099999999995
-10162.845,-11372.715,-21496.094999999998,-6114.195,309.555,-28479.645,-11178.81,-4564.575
-10115.91,-11382.615,-21535.92,-6231.6449999999995,315.945,-28479.149999999998,-11144.205,-4520.5199999999995
-10117.08,-11399.715,-21599.55,-6388.11,182.385,-28580.309999999998,-11166.119999999999,-4504.59
-10189.755,-11424.689999999999,-21589.92,-6351.075,151.2,-28639.125,-11235.465,-4542.84
-10151.145,-11347.92,-21530.43,-6247.98,211.995,-28627.379999999997,-11257.875,-4560.795
-10168.695,-11334.105,-21505.77,-6153.344999999999,284.085,-28492.065,-11239.289999999999,-4608.9
-10163.789999999999,-11357.055,-21463.965,-6013.889999999999,374.53499999999997,-28382.219999999998,-11154.105,-4590.405
-10150.875,-11437.02,-21535.02,-6011.28,412.91999999999996,-28393.289999999997,-11120.805,-4540.32
-10156.365,-11383.199999999999,-21496.905,-6025.05,484.155,-28408.815,-11119.904999999999,-4533.075
-10174.095,-11337.119999999999,-21433.14,-6100.065,396.585,-28468.17,-11159.055,-4564.26
-10165.77,-11369.16,-21501.315,-6173.594999999999,318.33,-28497.87,-11205.09,-4571.865
-10181.925,-11358.27,-21466.665,-6108.525,327.42,-28489.86,-11185.425,-4585.679999999999
-10184.445,-11377.17,-21485.024999999998,-6080.13,363.24,-28474.829999999998,-11167.38,-4579.92
-10159.02,-11362.095,-21527.954999999998,-6099.705,383.13,-28455.57,-11166.164999999999,-4553.55
-10156.32,-11343.734999999999,-21477.329999999998,-6069.554999999999,354.41999999999996,-28453.815,-11168.64,-4557.87
-10155.96,-11350.395,-21462.57,-6071.58,314.235,-28447.469999999998,-11163.645,-4562.865
-10154.385,-11350.215,-21457.44,-6067.53,319.185,-28442.745,-11162.43,-4564.485
-10148.22,-11331.72,-21413.655,-6009.165,393.12,-28441.71,-11160.314999999999,-4563.405
-10148.22,-11340.494999999999,-21465.495,-6078.465,401.715,-28449.809999999998,-11157.029999999999,-4560.48
-10152.315,-11344.635,-21459.735,-6106.05,421.245,-28428.21,-11151.27,-4564.755
-10171.845,-11381.445,-21501.18,-6135.795,396.71999999999997,-28428.704999999998,-11155.32,-4576.679999999999
-10170.945,-11375.279999999999,-21506.67,-6113.115,315.945,-28464.48,-11179.619999999999,-4584.554999999999
-10159.38,-11341.26,-21435.165,-6059.295,305.325,-28487.475,-11199.555,-4598.595
-10172.475,-11335.725,-21413.7,-5997.465,376.11,-28481.219999999998,-11196.945,-4630.905
-10156.815,-11306.07,-21414.329999999998,-6004.3949999999995,396.27,-28479.059999999998,-11187.99,-4623.165
-10142.595,-11297.97,-21387.42,-6030.764999999999,441.675,-28425.375,-11147.715,-4585.139999999999
-10124.145,-11288.97,-21403.17,-6049.755,459.09,-28406.295,-11132.1,-4547.474999999999
-10162.305,-11308.904999999999,-21443.76,-6094.17,386.72999999999996,-28465.515,-11160.18,-4631.264999999999
-10225.98,-11355.119999999999,-21441.735,-6053.49,395.82,-28444.32,-11172.689999999999,-4731.345
-10171.395,-11381.039999999999,-21437.774999999998,-5974.29,444.10499999999996,-28387.035,-11168.189999999999,-4690.304999999999
-10131.57,-11293.064999999999,-21374.594999999998,-5995.125,421.83,-28397.475,-11174.4,-4618.44
-10173.15,-11315.295,-21426.344999999998,-6120.045,403.56,-28394.28,-11150.64,-4637.205
-10267.83,-11409.48,-21522.195,-6194.655,353.745,-28453.995,-11196.765,-4671.764999999999
-10234.305,-11389.994999999999,-21497.895,-6115.365,349.11,-28473.3,-11188.98,-4628.429999999999
-10182.779999999999,-11394.359999999999,-21508.245,-6064.965,342.71999999999997,-28471.59,-11145.195,-4534.92
-10142.955,-11395.845,-21501.989999999998,-6079.545,340.38,-28477.035,-11145.195,-4473.405
-10117.08,-11390.805,-21512.385,-6108.255,312.615,-28494.719999999998,-11132.73,-4456.889999999999
-10135.664999999999,-11383.154999999999,-21510.045,-6098.264999999999,326.745,-28485.0,-11158.74,-4528.17
-10148.13,-11362.77,-21491.864999999998,-6116.49,303.615,-28525.59,-11212.064999999999,-4529.97
-10126.44,-11327.76,-21452.985,-6114.195,294.615,-28558.89,-11230.74,-4510.71
-10122.48,-11331.855,-21462.66,-6133.41,267.34499999999997,-28594.62,-11247.57,-4503.24
-10143.945,-11345.76,-21461.13,-6090.389999999999,330.39,-28528.469999999998,-11197.395,-4524.389999999999
-10158.84,-11347.064999999999,-21456.09,-6043.7699999999995,408.195,-28418.85,-11122.74,-4557.33
-10192.68,-11367.494999999999,-21484.395,-6089.13,372.87,-28462.815,-11145.869999999999,-4621.815
-10172.744999999999,-11362.545,-21524.13,-6206.804999999999,324.81,-28492.379999999997,-11198.88,-4620.6449999999995
-10177.02,-11367.539999999999,-21535.829999999998,-6246.945,305.90999999999997,-28524.78,-11222.865,-4594.95
-10175.94,-11412.945,-21581.1,-6217.875,297.45,-28501.829999999998,-11204.1,-4558.005
-10191.914999999999,-11398.77,-21539.475,-6146.1449999999995,304.245,-28435.995,-11170.845,-4612.23
-10199.205,-11468.52,-21650.67,-6283.98,264.59999999999997,-28447.11,-11138.715,-4596.75
-10149.84,-11432.295,-21593.88,-6294.78,285.57,-28461.914999999997,-11120.984999999999,-4514.8949999999995
-10137.6,-11352.33,-21516.614999999998,-6262.065,280.84499999999997,-28487.789999999997,-11150.82,-4502.205
-10157.67,-11345.039999999999,-21513.465,-6209.955,324.45,-28467.765,-11168.46,-4550.67
-10183.994999999999,-11405.744999999999,-21549.195,-6166.8,287.955,-28458.045,-11169.18,-4562.28
-10208.25,-11426.984999999999,-21517.605,-6166.44,281.655,-28473.39,-11188.71,-4590.405
-10189.17,-11386.395,-21472.29,-6106.455,349.515,-28497.465,-11204.955,-4589.054999999999
-10156.635,-11353.994999999999,-21510.54,-6094.755,370.305,-28470.69,-11174.625,-4562.639999999999
-10170.81,-11333.654999999999,-21445.469999999998,-6001.29,341.28,-28504.89,-11178.539999999999,-4571.37
-10154.789999999999,-11322.765,-21403.8,-5950.844999999999,423.63,-28446.84,-11185.064999999999,-4562.775
-10150.74,-11342.789999999999,-21485.114999999998,-6106.59,361.62,-28462.14,-11186.234999999999,-4564.665
-10162.35,-11355.119999999999,-21508.605,-6150.195,346.05,-28464.3,-11189.88,-4572.36
-10170.675,-11353.365,-21435.165,-5996.88,419.21999999999997,-28470.285,-11181.015,-4580.054999999999
-10164.96,-11336.625,-21395.88,-5931.54,424.97999999999996,-28478.565,-11151.404999999999,-4572.09
-10176.93,-11354.895,-21421.755,-5974.245,411.75,-28456.469999999998,-11142.765,-4580.19
-10170.045,-11375.955,-21464.01,-6053.49,363.555,-28463.175,-11158.965,-4575.33
-10153.17,-11355.255,-21444.3,-6044.085,356.31,-28470.78,-11176.154999999999,-4567.5
-10146.51,-11332.619999999999,-21447.27,-6046.92,424.935,-28452.285,-11170.35,-4560.12
-10161.045,-11332.17,-21457.665,-6116.49,391.185,-28454.085,-11171.115,-4567.095
-10185.615,-11350.529999999999,-21482.864999999998,-6136.695,347.13,-28484.1,-11186.55,-4597.514999999999
-10197.765,-11387.205,-21489.48,-6094.215,386.46,-28491.795,-11204.955,-4644.36
-10177.244999999999,-11328.39,-21412.89,-5984.37,453.465,-28450.844999999998,-11215.439999999999,-4681.44
-10159.065,-11244.6,-21344.355,-5940.54,461.07,-28422.495,-11201.355,-4681.44
-10179.539999999999,-11307.33,-21386.295,-5966.73,436.005,-28416.555,-11157.255,-4675.1849999999995
-10194.525,-11365.92,-21470.94,-6075.315,359.01,-28460.385,-11155.23,-4632.075
-10206.494999999999,-11404.755,-21501.675,-6113.7,339.885,-28476.495,-11179.89,-4608.855
-10154.744999999999,-11347.695,-21470.085,-6117.344999999999,376.91999999999996,-28432.215,-11186.505,-4560.03
-10152.27,-11328.164999999999,-21454.649999999998,-6120.224999999999,362.15999999999997,-28443.42,-11197.125,-4566.735
-10178.865,-11344.68,-21458.79,-6095.88,339.47999999999996,-28454.67,-11174.67,-4610.295
-10164.69,-11366.595,-21474.18,-6070.455,332.055,-28471.004999999997,-11185.875,-4592.79
-10176.119999999999,-11360.43,-21474.585,-6053.49,368.59499999999997,-28468.575,-11175.885,-4598.775
-10206.765,-11383.785,-21505.77,-6104.025,353.385,-28435.635,-11126.25,-4592.295
-10220.535,-11412.494999999999,-21500.864999999998,-6127.245,361.395,-28422.405,-11155.32,-4575.0599999999995
-10102.23,-11385.945,-21498.3,-6143.8949999999995,365.76,-28438.649999999998,-11167.47,-4447.8
-10062.494999999999,-11348.145,-21531.375,-6153.795,348.65999999999997,-28473.03,-11175.57,-4441.95
-10114.154999999999,-11329.064999999999,-21493.62,-6120.675,298.17,-28551.465,-11197.26,-4489.335
-10194.39,-11418.119999999999,-21557.565,-6181.425,236.655,-28604.385,-11206.664999999999,-4555.98
-10230.615,-11497.455,-21629.114999999998,-6263.37,219.78,-28570.59,-11221.38,-4583.61
-10191.779999999999,-11425.05,-21550.59,-6248.5199999999995,285.16499999999996,-28524.375,-11197.755,-4573.44
-10178.145,-11336.58,-21473.73,-6190.38,340.74,-28500.93,-11174.445,-4575.105
-10174.815,-11392.965,-21571.965,-6245.1449999999995,254.60999999999999,-28532.43,-11175.525,-4567.455
-10180.17,-11412.18,-21591.495,-6216.255,298.125,-28529.73,-11187.135,-4559.13
-10181.34,-11382.525,-21556.44,-6233.804999999999,325.395,-28525.184999999998,-11194.605,-4560.57
-10187.955,-11395.439999999999,-21557.295,-6159.0599999999995,306.585,-28440.0,-11158.425,-4571.6849999999995
-10192.095,-11415.645,-21579.614999999998,-6115.815,248.355,-28445.94,-11154.33,-4587.255
-10179.27,-11359.574999999999,-21444.57,-6012.2699999999995,347.985,-28457.684999999998,-11174.445,-4588.514999999999
-10168.199999999999,-11337.3,-21423.645,-6022.44,344.96999999999997,-28488.105,-11178.855,-4581.315
-10162.529999999999,-11335.23,-21456.945,-6088.5,332.505,-28534.725,-11173.23,-4566.15
-10148.984999999999,-11337.48,-21493.8,-6136.875,399.78,-28484.145,-11181.06,-4555.755
-10160.685,-11356.74,-21531.96,-6186.0599999999995,429.3,-28396.575,-11145.6,-4558.995
-10167.93,-11362.14,-21453.3,-6079.59,401.21999999999997,-28426.274999999998,-11153.25,-4563.09
-10167.75,-11362.994999999999,-21426.84,-5966.19,395.19,-28443.239999999998,-11167.335,-4571.415
-10165.365,-11341.395,-21445.065,-5976.764999999999,399.375,-28441.754999999997,-11177.189999999999,-4575.33
-10165.635,-11357.145,-21455.19,-6051.195,355.68,-28470.059999999998,-11193.705,-4576.545
-10153.89,-11345.355,-21441.42,-6070.724999999999,353.07,-28481.039999999997,-11189.789999999999,-4568.445
-10157.94,-11340.494999999999,-21437.145,-6055.5599999999995,363.10499999999996,-28488.239999999998,-11179.17,-4571.865
-10167.57,-11389.275,-21508.605,-6112.62,413.325,-28448.954999999998,-11160.359999999999,-4570.514999999999
-10166.085,-11364.84,-21512.204999999998,-6180.21,385.335,-28439.73,-11159.234999999999,-4572.45
-10159.74,-11338.965,-21494.88,-6100.875,415.16999999999996,-28443.51,-11162.34,-4574.97
-10160.19,-11338.83,-21448.485,-5992.2,414.35999999999996,-28449.18,-11169.27,-4585.545
-10219.5,-11355.885,-21446.145,-6029.19,369.405,-28489.77,-11197.755,-4648.5
-10247.085,-11338.74,-21427.29,-6056.73,357.885,-28511.37,-11227.545,-4724.73
-10245.105,-11305.08,-21385.215,-5999.355,429.57,-28463.94,-11227.23,-4785.929999999999
-10186.244999999999,-11316.195,-21411.63,-5994.764999999999,451.48499999999996,-28406.385,-11175.029999999999,-4675.095
-10073.43,-11313.0,-21447.09,-6030.09,401.94,-28418.535,-11126.744999999999,-4493.474999999999
-10094.58,-11382.93,-21516.39,-6130.08,317.835,-28484.01,-11134.125,-4452.705
-10177.38,-11361.689999999999,-21465.09,-6127.65,382.005,-28451.655,-11162.564999999999,-4584.24
-10227.375,-11346.93,-21462.66,-6125.715,378.945,-28471.094999999998,-11192.67,-4703.49
-10227.555,-11322.404999999999,-21426.344999999998,-6062.3099999999995,395.865,-28480.094999999998,-11219.49,-4701.285
-10228.815,-11379.465,-21468.465,-6074.37,369.0,-28457.73,-11179.574999999999,-4608.09
-10161.27,-11432.97,-21552.344999999998,-6147.764999999999,314.46,-28470.149999999998,-11162.97,-4487.355
-10089.494999999999,-11415.824999999999,-21542.895,-6126.929999999999,348.47999999999996,-28480.094999999998,-11149.605,-4410.045
-10099.574999999999,-11315.115,-21459.51,-6049.889999999999,379.89,-28487.655,-11162.789999999999,-4509.36
-10136.97,-11276.414999999999,-21416.715,-6072.84,296.41499999999996,-28524.375,-11173.095,-4578.4349999999995
-10171.08,-11354.445,-21478.905,-6119.37,289.71,-28524.42,-11165.805,-4573.665
-10203.255,-11425.814999999999,-21559.68,-6228.764999999999,274.32,-28541.34,-11168.189999999999,-4553.6849999999995
-10222.515,-11436.119999999999,-21564.315,-6251.219999999999,275.13,-28534.545,-11182.185,-4565.925
-10210.455,-11433.869999999999,-21563.73,-6215.58,277.65,-28523.745,-11183.49,-4578.345
-10224.945,-11413.755,-21546.54,-6162.3,277.46999999999997,-28512.09,-11174.49,-4610.5199999999995
-10224.494999999999,-11394.18,-21496.86,-6059.205,343.305,-28469.969999999998,-11206.305,-4642.83
-10218.465,-11362.68,-21456.675,-6042.915,382.14,-28460.204999999998,-11229.885,-4660.155
-10181.34,-11352.779999999999,-21470.399999999998,-6075.99,325.71,-28490.985,-11213.865,-4604.13
-10138.32,-11358.0,-21498.12,-6092.639999999999,322.11,-28452.465,-11154.33,-4532.264999999999
-10166.49,-11406.734999999999,-21563.91,-6201.36,339.255,-28461.78,-11135.835,-4511.429999999999
-10134.09,-11382.435,-21540.149999999998,-6200.91,394.60499999999996,-28454.985,-11181.555,-4510.53
-10162.26,-11402.955,-21546.045,-6169.995,332.59499999999997,-28499.985,-11217.24,-4559.13
-10210.635,-11398.32,-21480.614999999998,-6073.74,305.59499999999997,-28555.469999999998,-11224.26,-4606.29
-10190.475,-11354.58,-21472.065,-6048.045,325.08,-28492.649999999998,-11167.74,-4591.98
-10181.34,-11356.92,-21508.92,-6178.41,322.83,-28473.57,-11144.43,-4585.23
-10170.27,-11354.085,-21498.075,-6195.375,369.27,-28467.18,-11166.57,-4559.22
-10161.675,-11377.755,-21526.695,-6163.29,381.28499999999997,-28461.825,-11190.869999999999,-4533.255
-10157.535,-11368.26,-21468.195,-6049.53,372.51,-28446.795,-11193.93,-4549.5
-10163.205,-11348.595,-21407.94,-5991.389999999999,378.36,-28471.725,-11198.385,-4565.88
-10159.38,-11350.935,-21452.265,-6053.58,396.22499999999997,-28466.145,-11175.84,-4557.915
-10166.175,-11378.295,-21528.135,-6140.835,314.09999999999997,-28479.96,-11157.39,-4555.08
-10175.85,-11384.82,-21510.765,-6103.8,296.46,-28515.329999999998,-11160.72,-4566.014999999999
-10169.234999999999,-11375.324999999999,-21514.05,-6163.605,331.46999999999997,-28528.289999999997,-11186.46,-4568.67
-10170.539999999999,-11356.83,-21542.579999999998,-6184.62,357.3,-28520.64,-11202.164999999999,-4576.679999999999
-10167.345,-11339.64,-21478.815,-6100.425,317.52,-28516.004999999997,-11201.039999999999,-4580.55
-10176.66,-11351.97,-21435.93,-6085.304999999999,274.77,-28513.44,-11195.775,-4592.115
-10164.6,-11356.335,-21462.614999999998,-6132.014999999999,312.075,-28483.065,-11181.779999999999,-4576.905
-10163.565,-11365.244999999999,-21506.805,-6143.804999999999,403.875,-28446.975,-11180.115,-4578.57
-10186.38,-11342.34,-21464.864999999998,-6063.57,441.945,-28466.28,-11206.17,-4643.28
-10224.99,-11314.755,-21396.78,-5979.69,468.71999999999997,-28401.524999999998,-11200.859999999999,-4745.5199999999995
-10258.515,-11336.805,-21413.655,-5995.575,463.275,-28371.059999999998,-11173.994999999999,-4789.889999999999
-10232.369999999999,-11358.404999999999,-21432.059999999998,-6031.71,413.23499999999996,-28394.684999999998,-11144.16,-4665.42
-10161.135,-11431.125,-21544.739999999998,-6155.19,282.015,-28491.704999999998,-11117.97,-4449.42
-10138.904999999999,-11457.765,-21582.405,-6191.1449999999995,260.325,-28557.539999999997,-11154.689999999999,-4432.365
-10152.09,-11343.465,-21463.469999999998,-6094.844999999999,347.21999999999997,-28517.489999999998,-11194.47,-4546.53
-10178.775,-11308.05,-21412.575,-6037.514999999999,345.78,-28495.17,-11205.63,-4619.925
-10187.685,-11349.045,-21454.065,-6033.96,387.09,-28441.53,-11186.145,-4641.705
-10152.404999999999,-11343.51,-21441.915,-6008.355,416.385,-28472.265,-11206.935,-4565.07
-10151.145,-11367.765,-21475.62,-6065.235,371.52,-28491.254999999997,-11196.314999999999,-4542.03
-10185.705,-11348.73,-21450.555,-6063.3,375.34499999999997,-28503.09,-11183.625,-4573.98
-10144.89,-11332.98,-21444.704999999998,-6048.855,401.625,-28461.645,-11167.74,-4529.745
-10170.9,-11385.81,-21486.915,-6076.215,372.59999999999997,-28473.344999999998,-11161.574999999999,-4560.03
-10237.859999999999,-11406.779999999999,-21491.82,-6069.78,420.84,-28439.684999999998,-11168.955,-4635.855
-10216.98,-11353.41,-21451.454999999998,-6051.87,400.275,-28483.289999999997,-11188.17,-4667.67
-10183.545,-11353.68,-21470.895,-6079.23,345.51,-28554.57,-11199.779999999999,-4599.315
-10168.515,-11394.27,-21526.065,-6132.014999999999,322.245,-28555.785,-11218.59,-4506.795
-10200.465,-11449.439999999999,-21558.239999999998,-6156.99,315.27,-28508.219999999998,-11218.32,-4536.179999999999
-10182.51,-11432.789999999999,-21545.64,-6150.87,308.025,-28486.62,-11203.83,-4542.12
-10145.07,-11370.869999999999,-21526.829999999998,-6156.179999999999,293.625,-28517.355,-11185.154999999999,-4513.005
-10165.32,-11378.07,-21522.105,-6148.08,327.555,-28533.105,-11198.34,-4542.389999999999
-10187.865,-11396.475,-21539.204999999998,-6185.385,307.34999999999997,-28575.405,-11220.84,-4576.365
-10165.095,-11347.335,-21500.37,-6219.405,200.88,-28588.995,-11225.654999999999,-4569.84
-10151.595,-11344.455,-21507.075,-6195.0599999999995,201.6,-28519.695,-11201.175,-4554.36
-10174.815,-11386.8,-21581.954999999998,-6249.33,325.84499999999997,-28470.78,-11169.63,-4568.04
-10178.955,-11379.42,-21577.23,-6307.605,341.235,-28505.745,-11194.695,-4588.29
-10193.895,-11390.039999999999,-21568.14,-6251.04,375.79499999999996,-28478.61,-11189.789999999999,-4608.09
-10207.08,-11389.994999999999,-21507.39,-6101.01,342.85499999999996,-28424.114999999998,-11169.18,-4609.485
-10199.654999999999,-11428.199999999999,-21514.905,-6038.054999999999,342.18,-28448.37,-11174.58,-4565.925
-10196.55,-11393.324999999999,-21485.655,-6013.44,401.31,-28468.215,-11193.074999999999,-4555.8
-10174.545,-11378.475,-21517.649999999998,-6131.79,379.62,-28483.695,-11193.66,-4556.07
-10174.23,-11389.095,-21559.5,-6273.135,300.195,-28501.469999999998,-11192.984999999999,-4566.0599999999995
-10175.895,-11360.925,-21549.51,-6222.42,333.63,-28492.065,-11200.859999999999,-4575.105
-10168.65,-11374.74,-21605.895,-6257.79,275.03999999999996,-28542.375,-11234.025,-4573.3949999999995
-10163.789999999999,-11357.955,-21504.015,-6137.82,265.14,-28581.39,-11241.855,-4570.425
-10149.48,-11360.43,-21388.454999999998,-6016.59,297.36,-28585.44,-11234.564999999999,-4549.815
-10150.38,-11332.619999999999,-21399.84,-6057.855,333.045,-28535.805,-11211.435,-4560.255
-10179.81,-11336.939999999999,-21461.94,-6132.87,343.215,-28468.934999999998,-11177.414999999999,-4580.19
-10185.3,-11391.39,-21513.645,-6081.615,361.97999999999996,-28472.535,-11172.824999999999,-4577.49
-10191.42,-11401.74,-21493.125,-6025.635,415.26,-28411.335,-11163.555,-4592.07
-10174.23,-11338.695,-21452.895,-6059.745,411.705,-28408.905,-11177.595,-4605.255
-10158.164999999999,-11309.895,-21442.5,-5994.315,433.34999999999997,-28429.065,-11188.845,-4615.245
-10195.605,-11321.055,-21390.704999999998,-5918.445,487.16999999999996,-28391.895,-11167.064999999999,-4626.72
-10212.074999999999,-11334.105,-21413.79,-5995.62,438.12,-28464.344999999998,-11196.404999999999,-4640.804999999999
-10235.835,-11389.275,-21518.64,-6120.855,381.69,-28525.184999999998,-11205.72,-4640.445
-10221.164999999999,-11397.779999999999,-21561.344999999998,-6194.925,333.09,-28543.68,-11208.465,-4612.005
-10205.055,-11365.695,-21516.075,-6144.525,347.985,-28507.364999999998,-11204.73,-4626.315
-10186.47,-11366.145,-21459.78,-6001.875,455.805,-28413.899999999998,-11158.02,-4609.98
-10171.44,-11352.914999999999,-21445.02,-5997.195,431.145,-28432.395,-11169.765,-4618.17
-10158.57,-11331.945,-21432.825,-6038.46,396.27,-28458.989999999998,-11181.105,-4550.3099999999995
-10132.02,-11371.365,-21465.54,-6089.445,348.255,-28490.94,-11186.505,-4422.555
-10116.539999999999,-11359.035,-21465.27,-6079.32,359.82,-28493.594999999998,-11194.875,-4462.83
-10179.539999999999,-11390.4,-21500.64,-6060.42,402.16499999999996,-28481.445,-11202.93,-4605.929999999999
-10251.81,-11349.494999999999,-21446.235,-6043.1849999999995,403.515,-28507.635,-11230.244999999999,-4715.415
-10236.914999999999,-11342.654999999999,-21453.885,-6063.705,387.18,-28514.43,-11235.15,-4684.86
-10179.72,-11340.945,-21472.605,-6090.48,377.55,-28495.215,-11221.965,-4581.9
