ch0,ch1,ch2,ch3,ch4,ch5,ch6,ch7
-10989.494999999999,-11540.025,-21884.445,-6229.844999999999,436.185,-29507.579999999998,-11493.945,-4329.135
-10972.845,-11535.119999999999,-21910.59,-6269.264999999999,387.09,-29538.09,-11490.39,-4315.724999999999
-10972.529999999999,-11543.265,-21949.965,-6379.155,285.705,-29579.715,-11487.24,-4311.63
-10983.465,-11556.18,-21963.78,-6425.775,274.14,-29561.805,-11486.52,-4315.365
-10982.475,-11567.609999999999,-21997.89,-6443.054999999999,306.045,-29551.004999999997,-11495.34,-4316.264999999999
-10993.77,-11590.02,-22004.504999999997,-6397.605,377.37,-29500.379999999997,-11470.005,-4327.425
-11021.445,-11558.25,-21965.489999999998,-6363.135,456.97499999999997,-29499.93,-11465.369999999999,-4368.69
-11017.755,-11535.615,-21931.065,-6358.23,410.895,-29527.559999999998,-11472.119999999999,-4415.58
-10976.984999999999,-11445.975,-21803.489999999998,-6230.115,374.53499999999997,-29557.305,-11491.785,-4441.365
-10937.654999999999,-11439.314999999999,-21820.23,-6245.955,445.905,-29507.355,-11488.365,-4412.25
-10996.154999999999,-11522.205,-21948.84,-6388.5599999999995,440.28,-29482.965,-11489.984999999999,-4436.28
-11075.535,-11639.97,-22112.684999999998,-6559.74,342.85499999999996,-29534.489999999998,-11508.119999999999,-4457.5199999999995
-11063.744999999999,-11585.564999999999,-21989.925,-6388.965,340.155,-29501.504999999997,-11518.154999999999,-4430.5199999999995
-10952.1,-11516.67,-21873.69,-6285.87,357.65999999999997,-29452.545,-11472.75,-4270.365
-10920.42,-11527.605,-21917.879999999997,-6334.605,332.41499999999996,-29528.19,-11489.445,-4234.815
-11018.744999999999,-11580.074999999999,-21975.3,-6377.264999999999,330.03,-29540.07,-11510.595,-4305.87
-11018.564999999999,-11560.814999999999,-21918.105,-6389.73,319.815,-29544.975,-11525.895,-4319.415
-11040.255,-11618.279999999999,-22007.79,-6443.37,272.835,-29547.855,-11511.675,-4383.315
-11054.654999999999,-11599.92,-21984.48,-6417.63,267.93,-29556.675,-11498.355,-4414.32
-11031.705,-11541.42,-21978.27,-6453.675,298.71,-29574.809999999998,-11518.335,-4392.045
-11008.619999999999,-11569.68,-21987.855,-6455.969999999999,373.005,-29564.73,-11520.539999999999,-4337.73
-11013.93,-11600.73,-22009.004999999997,-6470.82,346.995,-29549.114999999998,-11505.24,-4303.485
-10958.715,-11532.555,-21944.745,-6435.36,295.46999999999997,-29564.73,-11488.05,-4273.92
-10995.164999999999,-11591.505,-22000.86,-6433.514999999999,202.85999999999999,-29564.954999999998,-11475.494999999999,-4301.595
-11004.435,-11662.154999999999,-22095.495,-6473.07,153.585,-29579.985,-11493.63,-4292.19
-11052.359999999999,-11624.49,-22004.864999999998,-6304.635,396.495,-29508.03,-11505.285,-4377.195
-11016.494999999999,-11591.279999999999,-21947.535,-6303.465,416.78999999999996,-29528.19,-11485.08,-4311.224999999999
-11001.195,-11548.89,-21898.754999999997,-6268.724999999999,435.015,-29532.465,-11481.75,-4291.425
-10970.955,-11577.24,-21988.26,-6386.804999999999,313.56,-29545.065,-11468.475,-4239.495
-10991.52,-11600.595,-22035.285,-6395.04,338.84999999999997,-29497.364999999998,-11460.555,-4302.2699999999995
-10996.244999999999,-11578.23,-21981.239999999998,-6361.065,378.405,-29496.914999999997,-11461.949999999999,-4323.599999999999
-10961.865,-11527.515,-21936.87,-6396.165,350.505,-29558.114999999998,-11489.58,-4312.215
-10980.855,-11513.744999999999,-21931.065,-6428.61,331.11,-29587.41,-11514.689999999999,-4365.2699999999995
-11006.505,-11565.449999999999,-21977.684999999998,-6430.815,307.89,-29530.89,-11479.994999999999,-4355.505
-10995.074999999999,-11596.275,-22010.129999999997,-6423.3,256.905,-29528.64,-11473.289999999999,-4301.639999999999
-10929.555,-11554.02,-21988.754999999997,-6375.105,278.775,-29553.57,-11499.885,-4235.805
-10939.23,-11518.199999999999,-21908.969999999998,-6310.125,367.46999999999997,-29534.219999999998,-11493.449999999999,-4257.54
-10982.654999999999,-11590.38,-22014.0,-6455.655,402.79499999999996,-29486.879999999997,-11467.35,-4294.889999999999
-10976.49,-11565.855,-22007.655,-6533.505,363.59999999999997,-29525.805,-11490.615,-4306.95
-10981.484999999999,-11584.35,-22042.305,-6510.24,301.5,-29574.539999999997,-11505.824999999999,-4311.45
-10992.465,-11578.095,-21983.895,-6328.304999999999,375.93,-29510.37,-11481.119999999999,-4320.72
-10992.6,-11564.369999999999,-21908.34,-6317.28,373.05,-29497.32,-11481.57,-4321.26
-10990.845,-11536.965,-21968.82,-6450.255,342.675,-29541.914999999997,-11512.26,-4335.075
-11010.6,-11580.795,-21977.055,-6388.695,295.74,-29546.504999999997,-11519.145,-4349.07
-11030.039999999999,-11585.115,-21908.475,-6217.74,403.83,-29446.605,-11468.385,-4350.195
-11019.51,-11625.345,-22029.344999999998,-6314.49,428.49,-29454.75,-11439.539999999999,-4328.6849999999995
-10966.185,-11547.765,-22007.52,-6447.42,237.015,-29571.57,-11468.654999999999,-4306.995
-10951.515,-11524.5,-21924.18,-6334.335,368.41499999999996,-29504.789999999997,-11466.135,-4323.69
-10958.715,-11488.59,-21816.36,-6216.885,495.27,-29471.94,-11474.82,-4343.58
-11019.195,-11454.255,-21758.04,-6140.16,538.02,-29472.704999999998,-11492.865,-4421.385
-11025.765,-11478.285,-21868.92,-6317.19,405.71999999999997,-29533.995,-11529.945,-4494.465
-11024.595,-11532.689999999999,-21952.844999999998,-6397.695,366.75,-29515.545,-11528.279999999999,-4501.98
-11057.805,-11523.465,-21940.875,-6415.38,371.925,-29485.125,-11494.664999999999,-4497.345
-11031.435,-11559.015,-21924.135,-6367.5,340.335,-29527.829999999998,-11487.465,-4357.755
-11028.24,-11601.314999999999,-21968.55,-6390.179999999999,261.53999999999996,-29594.879999999997,-11511.18,-4327.695
-11062.98,-11623.77,-21986.82,-6371.594999999999,244.035,-29597.895,-11500.92,-4282.065
-11001.42,-11635.695,-22049.504999999997,-6461.099999999999,205.33499999999998,-29645.19,-11526.705,-4258.98
-11022.66,-11608.965,-22009.094999999998,-6423.389999999999,283.72499999999997,-29604.555,-11529.81,-4353.885
-11000.744999999999,-11521.215,-21892.68,-6277.41,414.63,-29540.114999999998,-11509.335,-4358.655
-10968.48,-11501.414999999999,-21899.835,-6355.26,392.76,-29525.715,-11482.605,-4308.12
-10930.14,-11503.529999999999,-21901.905,-6380.505,380.52,-29539.574999999997,-11484.855,-4223.745
-10914.164999999999,-11518.289999999999,-21933.899999999998,-6357.375,364.635,-29512.754999999997,-11450.97,-4198.32
-10959.164999999999,-11576.205,-21979.395,-6356.88,345.78,-29502.989999999998,-11436.255,-4238.955
-10976.445,-11597.895,-22003.02,-6410.79,292.68,-29497.949999999997,-11471.58,-4264.245
-11004.345,-11591.055,-21986.64,-6383.5199999999995,285.615,-29520.0,-11507.49,-4299.4349999999995
-11002.545,-11552.939999999999,-21929.175,-6343.155,357.21,-29557.574999999997,-11522.025,-4333.455
-10993.5,-11530.395,-21902.265,-6301.215,449.90999999999997,-29541.375,-11503.08,-4371.615
-11000.115,-11607.119999999999,-22040.864999999998,-6387.929999999999,372.28499999999997,-29522.114999999998,-11463.615,-4355.37
-10988.865,-11554.289999999999,-22002.75,-6443.19,308.78999999999996,-29498.445,-11456.055,-4342.005
-11007.855,-11551.185,-21936.015,-6372.224999999999,363.33,-29502.765,-11468.744999999999,-4321.845
-11010.734999999999,-11559.375,-21910.14,-6353.594999999999,332.775,-29553.93,-11492.73,-4321.665
-11035.619999999999,-11611.215,-22022.415,-6543.045,226.935,-29553.39,-11487.914999999999,-4362.345
-11003.58,-11642.22,-22120.739999999998,-6650.73,227.16,-29559.96,-11506.32,-4336.29
-11010.285,-11603.475,-22048.515,-6582.554999999999,285.255,-29579.535,-11508.93,-4329.405
-11061.945,-11618.595,-22020.57,-6551.37,263.47499999999997,-29586.105,-11496.51,-4362.57
-11064.689999999999,-11599.605,-22011.21,-6446.745,374.265,-29530.079999999998,-11493.81,-4412.43
-11022.57,-11550.015,-21928.77,-6313.59,420.705,-29513.34,-11510.505,-4413.6449999999995
-10920.51,-11500.515,-21883.77,-6219.54,441.09,-29488.32,-11485.845,-4280.175
-10913.805,-11515.41,-21950.864999999998,-6320.429999999999,323.09999999999997,-29531.789999999997,-11473.965,-4243.095
-10979.505,-11600.91,-21959.73,-6348.554999999999,303.435,-29566.8,-11469.914999999999,-4254.48
-11021.715,-11653.695,-22040.64,-6439.815,257.21999999999997,-29587.995,-11486.115,-4287.24
-11020.275,-11625.119999999999,-22068.54,-6468.389999999999,305.72999999999996,-29574.0,-11501.189999999999,-4303.53
-10990.8,-11517.435,-21949.469999999998,-6322.23,396.585,-29538.27,-11494.08,-4305.825
-10987.65,-11529.63,-21898.53,-6314.76,346.05,-29565.315,-11480.535,-4303.8
-10988.775,-11564.279999999999,-22004.415,-6488.73,196.01999999999998,-29672.82,-11506.59,-4307.58
-10987.695,-11563.965,-22018.545,-6475.1849999999995,267.435,-29637.315,-11503.529999999999,-4313.295
-10989.045,-11516.76,-21886.965,-6364.9349999999995,336.375,-29600.73,-11495.925,-4325.849999999999
-11047.68,-11608.92,-21979.395,-6371.325,327.645,-29533.004999999997,-11494.98,-4393.44
-11094.255,-11590.154999999999,-21941.82,-6313.455,347.265,-29477.114999999998,-11487.645,-4461.165
-11071.305,-11566.035,-21893.04,-6257.565,395.685,-29506.454999999998,-11513.25,-4470.389999999999
-11026.98,-11561.67,-21934.665,-6322.995,386.82,-29604.914999999997,-11549.025,-4402.71
-10971.045,-11489.67,-21865.95,-6262.83,433.575,-29590.785,-11523.824999999999,-4290.389999999999
-10977.164999999999,-11519.865,-21894.48,-6271.74,422.37,-29481.3,-11463.255,-4325.805
-11010.51,-11582.595,-21988.62,-6419.835,307.215,-29469.6,-11467.98,-4408.514999999999
-10974.6,-11502.675,-21897.405,-6305.804999999999,436.185,-29447.28,-11473.109999999999,-4382.415
-10934.595,-11393.82,-21787.695,-6220.3949999999995,503.775,-29422.215,-11458.89,-4341.6449999999995
-10965.33,-11444.939999999999,-21803.805,-6170.13,554.4449999999999,-29403.989999999998,-11448.945,-4333.68
-10997.145,-11523.555,-21871.395,-6250.094999999999,458.23499999999996,-29469.69,-11456.145,-4319.73
-11070.18,-11620.26,-21988.98,-6369.3,356.445,-29475.315,-11467.305,-4393.71
-11038.185,-11636.64,-22026.195,-6449.804999999999,272.61,-29559.105,-11516.85,-4335.795
-10969.74,-11555.595,-21971.565,-6444.315,310.59,-29586.96,-11536.695,-4301.595
-10975.725,-11570.67,-21956.579999999998,-6412.815,341.01,-29560.23,-11499.615,-4286.205
-10994.625,-11582.189999999999,-21972.149999999998,-6407.415,346.005,-29537.324999999997,-11470.14,-4300.92
-11013.255,-11604.914999999999,-22040.82,-6516.719999999999,283.995,-29544.434999999998,-11463.48,-4299.48
-11033.505,-11626.56,-22052.25,-6531.795,240.03,-29578.905,-11498.265,-4322.745
-11004.525,-11599.92,-22012.379999999997,-6439.995,270.315,-29585.835,-11505.465,-4279.545
-10980.359999999999,-11532.375,-21877.829999999998,-6214.275,395.28,-29532.329999999998,-11486.744999999999,-4278.33
-10988.55,-11569.68,-21950.594999999998,-6312.554999999999,321.075,-29569.77,-11484.72,-4264.47
-10996.154999999999,-11588.805,-21984.165,-6407.955,251.73,-29611.664999999997,-11505.51,-4272.48
-10998.945,-11579.175,-21967.065,-6397.695,298.08,-29553.164999999997,-11490.435,-4309.11
-10973.475,-11569.365,-21933.989999999998,-6368.849999999999,383.13,-29493.899999999998,-11456.414999999999,-4289.67
-10984.095,-11600.324999999999,-21972.329999999998,-6406.92,359.59499999999997,-29523.239999999998,-11458.529999999999,-4288.005
-10983.06,-11546.955,-21926.16,-6377.3099999999995,324.045,-29570.805,-11489.445,-4297.5
-10973.43,-11551.23,-21960.675,-6402.465,266.625,-29583.18,-11504.654999999999,-4306.95
-10975.994999999999,-11555.189999999999,-21954.105,-6399.99,237.78,-29567.295,-11500.289999999999,-4326.48
-10991.25,-11525.939999999999,-21930.03,-6373.08,284.445,-29553.074999999997,-11483.82,-4351.7699999999995
-10983.645,-11501.055,-21912.075,-6344.415,372.10499999999996,-29503.53,-11465.324999999999,-4346.28
-10995.48,-11539.215,-21929.85,-6388.469999999999,369.585,-29542.004999999997,-11481.119999999999,-4320.945
-11022.39,-11619.81,-22054.905,-6472.62,332.505,-29584.664999999997,-11497.32,-4317.21
-11034.855,-11653.154999999999,-22091.04,-6458.219999999999,312.705,-29567.699999999997,-11483.189999999999,-4323.915
-11034.99,-11620.215,-22015.079999999998,-6379.29,337.77,-29574.495,-11514.96,-4361.67
-11028.555,-11528.279999999999,-21929.715,-6371.91,330.435,-29557.71,-11534.265,-4395.42
-10995.435,-11544.75,-22023.945,-6497.775,317.61,-29518.335,-11496.105,-4354.92
-10994.939999999999,-11580.39,-22088.385,-6647.759999999999,282.87,-29562.164999999997,-11493.855,-4323.96
-10991.295,-11553.93,-21942.945,-6435.945,441.81,-29489.94,-11450.025,-4272.345
-10973.609999999999,-11551.904999999999,-21877.605,-6274.08,405.135,-29508.795,-11454.705,-4264.2
-10996.83,-11593.08,-21924.27,-6283.485,294.84,-29567.25,-11473.47,-4299.75
-10981.845,-11534.715,-21911.85,-6398.73,281.07,-29578.364999999998,-11489.49,-4302.675
-10989.09,-11548.755,-21975.93,-6490.889999999999,280.215,-29532.87,-11475.539999999999,-4309.92
-10990.98,-11556.045,-21984.3,-6414.255,320.445,-29536.605,-11482.064999999999,-4326.66
-10997.955,-11551.635,-21945.105,-6279.48,377.37,-29572.695,-11501.505,-4365.315
-10987.515,-11531.16,-21950.055,-6289.605,349.46999999999997,-29623.364999999998,-11517.75,-4377.6449999999995
-11008.529999999999,-11485.08,-21855.87,-6271.425,405.04499999999996,-29565.225,-11507.085,-4399.695
-11013.93,-11501.55,-21844.62,-6283.44,458.505,-29443.77,-11452.994999999999,-4396.05
-11056.859999999999,-11559.689999999999,-21924.675,-6374.205,415.03499999999997,-29423.879999999997,-11456.324999999999,-4411.3949999999995
-11039.895,-11529.81,-21927.735,-6385.275,408.78,-29515.23,-11530.484999999999,-4432.95
-10942.289999999999,-11504.43,-21887.82,-6294.69,386.59499999999997,-29559.329999999998,-11524.005,-4372.92
-10981.755,-11523.33,-21891.87,-6242.8949999999995,355.22999999999996,-29547.899999999998,-11489.58,-4426.65
-11056.14,-11514.689999999999,-21857.355,-6222.42,390.78,-29501.055,-11480.265,-4465.44
-11059.47,-11568.24,-21898.754999999997,-6251.804999999999,421.65,-29487.42,-11492.055,-4410.675
-10974.015,-11575.305,-21942.27,-6319.665,392.35499999999996,-29517.75,-11489.265,-4183.965
-10903.14,-11554.83,-21958.02,-6348.465,373.09499999999997,-29578.32,-11487.824999999999,-4124.835
-10998.539999999999,-11607.164999999999,-21997.079999999998,-6381.63,378.85499999999996,-29596.815,-11502.404999999999,-4300.245
-11055.465,-11618.55,-22006.62,-6435.99,340.065,-29540.295,-11500.244999999999,-4396.455
-11033.955,-11603.295,-22021.965,-6480.719999999999,249.795,-29554.065,-11507.265,-4340.79
-11005.74,-11600.01,-21995.774999999998,-6423.12,287.72999999999996,-29583.405,-11488.904999999999,-4243.365
-10953.225,-11576.564999999999,-21989.655,-6387.795,326.115,-29573.82,-11486.564999999999,-4232.97
-10998.855,-11602.89,-21958.29,-6330.195,365.53499999999997,-29521.8,-11477.07,-4319.055
-10978.199999999999,-11554.425,-21927.78,-6310.3949999999995,393.47999999999996,-29499.164999999997,-11459.88,-4273.83
-10965.465,-11531.699999999999,-21946.454999999998,-6368.804999999999,367.60499999999996,-29533.41,-11474.595,-4266.99
-10984.14,-11536.38,-21942.629999999997,-6411.599999999999,280.8,-29597.265,-11491.515,-4324.68
-10989.81,-11543.67,-21964.545,-6432.84,250.92,-29617.155,-11499.93,-4323.555
-11052.765,-11618.055,-22014.809999999998,-6404.94,292.14,-29591.954999999998,-11496.51,-4359.96
-11065.455,-11587.814999999999,-21974.04,-6342.795,380.43,-29539.215,-11486.16,-4408.29
-11084.939999999999,-11600.279999999999,-21987.585,-6394.005,340.46999999999997,-29538.09,-11481.885,-4478.445
-11085.074999999999,-11570.76,-21958.245,-6404.04,293.13,-29547.0,-11490.435,-4502.88
-11016.99,-11549.115,-21948.614999999998,-6340.5,318.195,-29602.53,-11514.105,-4376.43
-10959.345,-11539.755,-21923.415,-6348.6449999999995,308.565,-29655.135,-11514.96,-4252.905
-10944.404999999999,-11596.095,-22028.04,-6485.58,244.62,-29672.73,-11522.52,-4183.695
-10937.43,-11598.885,-22062.42,-6522.795,270.36,-29592.539999999997,-11511.765,-4223.115
-10982.43,-11544.119999999999,-22003.469999999998,-6512.804999999999,278.59499999999997,-29555.954999999998,-11498.265,-4349.115
-11038.994999999999,-11575.89,-22029.93,-6517.53,320.76,-29465.01,-11452.59,-4410.764999999999
-11035.574999999999,-11572.154999999999,-22039.245,-6482.79,351.135,-29485.215,-11471.4,-4393.215
-11005.064999999999,-11575.529999999999,-21964.364999999998,-6415.335,345.87,-29538.18,-11482.605,-4265.91
-10976.039999999999,-11601.945,-21981.6,-6369.66,298.62,-29527.649999999998,-11452.814999999999,-4210.695
-10989.135,-11608.515,-21968.954999999998,-6338.925,297.53999999999996,-29517.434999999998,-11455.38,-4258.62
-10981.35,-11597.085,-21947.579999999998,-6308.55,355.005,-29533.545,-11475.855,-4281.974999999999
-10983.015,-11509.38,-21837.6,-6194.295,467.145,-29514.42,-11492.73,-4305.51
-10994.715,-11541.15,-21873.375,-6263.594999999999,394.245,-29580.254999999997,-11501.685,-4319.775
-10982.16,-11526.84,-21910.184999999998,-6318.9,384.12,-29584.215,-11512.395,-4317.12
-10993.185,-11566.71,-21995.145,-6435.99,257.84999999999997,-29622.645,-11519.685,-4321.889999999999
-10988.279999999999,-11550.33,-21973.905,-6394.815,303.03,-29532.69,-11472.705,-4310.055
-10988.73,-11540.97,-21978.09,-6488.415,310.995,-29501.1,-11466.945,-4312.215
-10997.73,-11553.435,-22010.805,-6595.83,272.88,-29546.37,-11486.205,-4323.69
-11014.38,-11600.369999999999,-22052.745,-6565.59,261.585,-29573.28,-11488.814999999999,-4338.045
-11026.619999999999,-11605.68,-21987.855,-6362.73,356.085,-29528.46,-11485.529999999999,-4348.9349999999995
-11002.14,-11552.13,-21889.89,-6206.58,442.62,-29517.93,-11496.824999999999,-4341.555
-10988.865,-11494.484999999999,-21856.14,-6213.105,421.65,-29514.96,-11505.914999999999,-4357.08
-10994.85,-11492.324999999999,-21860.325,-6238.53,431.955,-29502.629999999997,-11470.41,-4361.625
-11015.414999999999,-11528.505,-21901.545,-6263.775,429.255,-29509.829999999998,-11468.115,-4385.34
-11037.42,-11543.49,-21911.219999999998,-6288.48,430.83,-29502.855,-11481.795,-4399.38
-11009.43,-11563.83,-21925.89,-6306.84,436.72499999999997,-29480.94,-11481.164999999999,-4371.345
-10963.664999999999,-11540.609999999999,-21932.1,-6334.11,394.56,-29547.539999999997,-11500.695,-4322.5199999999995
-10927.305,-11481.795,-21892.995,-6381.855,387.27,-29545.155,-11487.015,-4313.474999999999
-10955.97,-11455.02,-21893.445,-6405.57,395.055,-29519.55,-11481.75,-4417.2
-11074.5,-11490.029999999999,-21876.03,-6309.764999999999,428.805,-29444.399999999998,-11471.22,-4533.84
-11104.154999999999,-11527.244999999999,-21862.665,-6200.594999999999,415.08,-29427.254999999997,-11465.189999999999,-4514.67
-11059.74,-11594.52,-21947.355,-6288.885,347.94,-29500.02,-11471.265,-4378.905
-11038.095,-11627.414999999999,-21991.545,-6380.6849999999995,341.685,-29545.199999999997,-11489.984999999999,-4323.15
-11063.97,-11592.0,-21952.35,-6400.3949999999995,331.92,-29575.71,-11492.505,-4350.465
-11007.359999999999,-11592.314999999999,-21983.04,-6387.255,338.53499999999997,-29606.265,-11511.675,-4315.41
-10997.145,-11607.705,-22000.364999999998,-6365.115,328.905,-29630.879999999997,-11513.16,-4337.55
-10977.93,-11694.195,-22074.344999999998,-6417.224999999999,222.255,-29706.39,-11523.285,-4189.005
-10968.615,-11625.345,-22066.02,-6459.84,256.365,-29609.1,-11500.965,-4191.885
-11001.06,-11566.35,-22004.864999999998,-6435.54,305.59499999999997,-29549.835,-11481.885,-4290.885
-11013.029999999999,-11588.085,-22006.934999999998,-6456.42,256.14,-29619.449999999997,-11509.47,-4342.095
-11007.99,-11567.07,-21978.989999999998,-6432.884999999999,306.81,-29568.329999999998,-11506.77,-4329.855
-10989.855,-11559.33,-21997.62,-6419.205,349.11,-29511.09,-11494.215,-4311.63
-11011.545,-11517.93,-21908.565,-6377.219999999999,291.735,-29491.11,-11487.689999999999,-4372.38
-11057.355,-11576.97,-21970.215,-6429.6449999999995,230.625,-29504.16,-11498.895,-4408.92
-11059.244999999999,-11594.52,-22014.719999999998,-6470.099999999999,259.155,-29544.84,-11522.295,-4439.835
-11022.795,-11586.689999999999,-22003.065,-6494.13,296.28,-29562.66,-11475.72,-4347.855
-10979.279999999999,-11596.814999999999,-22061.43,-6509.205,234.45,-29606.579999999998,-11475.09,-4253.715
-10995.705,-11596.095,-22006.17,-6381.764999999999,337.5,-29597.535,-11505.06,-4256.73
-10987.38,-11609.64,-22004.415,-6373.755,372.33,-29616.704999999998,-11520.81,-4250.385
-10980.18,-11563.92,-21939.614999999998,-6373.349999999999,344.835,-29572.695,-11490.345,-4250.745
-11015.64,-11578.005,-21978.225,-6381.99,326.385,-29563.829999999998,-11479.005,-4309.2
-11017.98,-11587.814999999999,-22006.754999999997,-6394.23,321.12,-29584.754999999997,-11487.24,-4328.82
-10989.27,-11575.98,-21976.92,-6362.82,351.63,-29569.364999999998,-11486.789999999999,-4290.255
-10982.385,-11542.32,-21899.385,-6298.74,371.47499999999997,-29565.989999999998,-11509.965,-4296.555
-11004.164999999999,-11555.324999999999,-21934.44,-6324.12,382.185,-29564.64,-11512.17,-4320.764999999999
-10998.765,-11528.82,-21916.934999999998,-6350.175,383.265,-29517.795,-11472.84,-4318.11
-10998.09,-11548.529999999999,-21947.579999999998,-6410.115,366.84,-29529.18,-11478.15,-4320.2699999999995
-10976.895,-11511.855,-21914.504999999997,-6325.425,457.56,-29520.315,-11476.125,-4310.235
-10979.505,-11519.91,-21936.69,-6455.745,339.79499999999996,-29602.305,-11490.345,-4313.5199999999995
-10997.73,-11570.13,-22027.68,-6666.344999999999,247.23,-29609.01,-11489.85,-4325.805
-11010.105,-11645.145,-22146.704999999998,-6703.605,211.005,-29550.824999999997,-11475.539999999999,-4328.099999999999
-11025.945,-11607.93,-22058.684999999998,-6371.73,406.305,-29461.635,-11463.164999999999,-4353.84
-11026.215,-11547.72,-21873.239999999998,-6156.8099999999995,420.885,-29535.57,-11479.23,-4360.455
-11017.935,-11532.555,-21850.695,-6211.304999999999,364.09499999999997,-29571.48,-11483.01,-4347.8099999999995
-10999.845,-11516.76,-21873.915,-6282.135,363.33,-29572.965,-11494.619999999999,-4328.955
-10974.96,-11503.484999999999,-21871.53,-6250.1849999999995,417.91499999999996,-29534.129999999997,-11483.955,-4307.67
-10997.505,-11544.074999999999,-21922.065,-6286.005,403.78499999999997,-29534.219999999998,-11486.564999999999,-4326.3
-10995.705,-11546.055,-21933.629999999997,-6339.87,336.96,-29562.3,-11489.85,-4331.25
-11012.13,-11558.97,-21942.629999999997,-6350.264999999999,316.89,-29533.364999999998,-11478.42,-4363.47
-11004.119999999999,-11503.529999999999,-21901.14,-6318.09,380.15999999999997,-29498.535,-11471.49,-4391.595
-10993.68,-11468.88,-21848.265,-6247.304999999999,456.03,-29497.59,-11472.705,-4411.665
-11013.525,-11524.23,-21877.155,-6233.58,464.76,-29510.235,-11482.425,-4442.8949999999995
-11007.18,-11497.185,-21850.29,-6223.59,486.67499999999995,-29471.489999999998,-11465.189999999999,-4403.07
-10979.64,-11479.545,-21857.399999999998,-6254.955,457.10999999999996,-29482.92,-11468.34,-4371.57
-10998.539999999999,-11557.664999999999,-21940.245,-6307.695,409.995,-29511.765,-11475.72,-4379.445
-11043.99,-11559.555,-21963.285,-6373.71,344.115,-29572.695,-11506.05,-4451.94
-11110.275,-11563.289999999999,-21963.87,-6419.969999999999,276.255,-29625.84,-11534.13,-4478.49
-11088.9,-11621.654999999999,-21997.62,-6437.79,270.27,-29562.93,-11518.65,-4386.105
-10999.755,-11559.33,-21963.825,-6395.49,321.65999999999997,-29497.995,-11488.994999999999,-4333.095
-10967.67,-11573.955,-21987.135,-6415.29,313.78499999999997,-29527.469999999998,-11460.105,-4207.455
-10970.91,-11575.17,-21986.91,-6420.6449999999995,309.33,-29591.504999999997,-11483.595,-4227.705
-11022.255,-11573.91,-21976.605,-6381.99,368.59499999999997,-29551.995,-11508.795,-4343.264999999999
-11036.789999999999,-11606.265,-22037.489999999998,-6437.025,326.565,-29545.11,-11516.22,-4346.865
-11070.404999999999,-11621.699999999999,-22016.204999999998,-6456.0599999999995,265.32,-29580.795,-11517.795,-4366.755
-11061.72,-11666.205,-22060.079999999998,-6542.28,174.06,-29642.85,-11523.689999999999,-4279.455
-10991.385,-11704.23,-22134.78,-6539.804999999999,177.255,-29626.469999999998,-11501.775,-4177.305
-10969.064999999999,-11575.89,-21992.04,-6423.165,290.61,-29592.045,-11494.755,-4231.889999999999
-10971.045,-11533.095,-21920.579999999998,-6342.03,389.47499999999997,-29565.629999999997,-11476.98,-4265.595
-10984.68,-11575.439999999999,-21962.52,-6449.8949999999995,283.09499999999997,-29611.079999999998,-11483.145,-4280.355
-11020.68,-11654.595,-22055.579999999998,-6508.3949999999995,171.58499999999998,-29643.12,-11489.13,-4304.925
-11023.515,-11621.88,-22024.844999999998,-6438.0599999999995,275.445,-29615.219999999998,-11497.59,-4319.865
-10996.244999999999,-11560.455,-21982.77,-6362.054999999999,368.19,-29565.765,-11496.015,-4315.095
-10988.189999999999,-11521.395,-21937.815,-6321.375,443.15999999999997,-29532.824999999997,-11484.99,-4310.235
-11004.66,-11600.369999999999,-22040.594999999998,-6396.389999999999,347.13,-29617.829999999998,-11504.475,-4313.385
-11006.279999999999,-11577.33,-22005.18,-6377.8949999999995,276.57,-29657.879999999997,-11514.914999999999,-4323.78
-11008.574999999999,-11514.105,-21869.864999999998,-6311.07,331.02,-29607.66,-11511.81,-4336.875
-10987.064999999999,-11527.335,-21952.17,-6396.4349999999995,358.155,-29549.789999999997,-11480.445,-4314.78
-11007.09,-11548.664999999999,-21927.105,-6403.5,352.485,-29545.965,-11473.605,-4323.555
-11030.805,-11619.81,-22013.91,-6422.94,304.11,-29535.254999999997,-11467.395,-4334.94
-10987.064999999999,-11522.925,-21964.815,-6498.2699999999995,278.64,-29514.914999999997,-11464.109999999999,-4317.705
-10984.185,-11526.119999999999,-21987.719999999998,-6619.679999999999,302.58,-29517.66,-11460.96,-4313.79
-11000.43,-11562.345,-22043.114999999998,-6569.505,325.03499999999997,-29521.215,-11469.6,-4323.195
-10997.64,-11554.74,-21943.62,-6277.275,388.08,-29539.934999999998,-11474.73,-4315.23
-11009.835,-11601.404999999999,-21958.02,-6234.21,332.82,-29610.27,-11515.77,-4328.639999999999
-11005.965,-11561.895,-21957.12,-6321.105,321.885,-29583.315,-11507.85,-4350.69
-11029.32,-11556.765,-21947.265,-6324.929999999999,362.15999999999997,-29582.055,-11511.404999999999,-4411.98
-11053.215,-11546.055,-21944.655,-6330.465,417.41999999999996,-29641.274999999998,-11564.279999999999,-4526.415
-11125.71,-11519.91,-21869.01,-6315.12,440.145,-29639.25,-11584.439999999999,-4607.1449999999995
-11159.865,-11579.805,-21928.364999999998,-6397.11,427.32,-29459.024999999998,-11502.494999999999,-4584.285
-11044.71,-11494.08,-21850.515,-6316.155,478.08,-29315.114999999998,-11390.939999999999,-4409.505
-10952.91,-11520.18,-21873.51,-6252.885,390.51,-29478.69,-11423.835,-4241.5199999999995
-10928.609999999999,-11540.744999999999,-21901.68,-6238.665,332.59499999999997,-29551.545,-11467.98,-4249.305
-10971.63,-11581.02,-21919.635,-6262.695,380.61,-29521.26,-11463.705,-4286.655
-11022.48,-11565.675,-21917.745,-6314.219999999999,374.715,-29481.885,-11441.789999999999,-4286.565
-11033.145,-11545.244999999999,-21910.14,-6337.98,346.09499999999997,-29526.66,-11462.22,-4302.18
-11002.904999999999,-11543.49,-21930.48,-6328.17,365.35499999999996,-29564.73,-11509.335,-4336.29
-11020.05,-11537.189999999999,-21926.969999999998,-6325.335,361.305,-29560.41,-11517.074999999999,-4358.745
-11020.859999999999,-11556.765,-21948.21,-6358.5,337.635,-29584.215,-11511.0,-4339.17
-11047.77,-11536.335,-21911.76,-6326.19,375.39,-29582.19,-11521.574999999999,-4432.7699999999995
-11049.345,-11529.314999999999,-21902.94,-6302.474999999999,432.18,-29546.82,-11507.984999999999,-4457.295
-11002.814999999999,-11497.005,-21880.53,-6284.025,444.96,-29509.469999999998,-11495.25,-4435.47
-11008.98,-11507.895,-21886.649999999998,-6288.66,423.53999999999996,-29510.324999999997,-11484.09,-4401.72
-11134.395,-11580.39,-21941.145,-6338.565,410.445,-29495.789999999997,-11498.085,-4525.65
-11135.835,-11596.32,-21964.14,-6372.764999999999,368.82,-29529.989999999998,-11494.395,-4499.955
-11088.449999999999,-11654.189999999999,-22047.254999999997,-6453.63,294.65999999999997,-29587.184999999998,-11485.664999999999,-4333.5
-11022.84,-11689.154999999999,-22097.79,-6493.59,239.67,-29640.105,-11493.945,-4166.955
-10999.17,-11643.345,-22052.43,-6459.48,230.265,-29636.73,-11496.869999999999,-4188.33
-10930.32,-11600.595,-22037.309999999998,-6467.759999999999,227.97,-29636.145,-11480.895,-4141.62
-10952.369999999999,-11626.605,-22060.305,-6510.33,198.765,-29617.829999999998,-11467.439999999999,-4169.745
-10989.855,-11672.55,-22111.829999999998,-6562.62,202.725,-29611.844999999998,-11472.255,-4220.639999999999
-10993.14,-11604.42,-22056.66,-6497.594999999999,290.565,-29603.16,-11504.88,-4270.365
-10995.84,-11556.855,-21940.875,-6399.179999999999,319.185,-29575.035,-11508.029999999999,-4298.985
-11004.255,-11628.314999999999,-22081.5,-6473.25,204.92999999999998,-29597.445,-11493.9,-4301.775
-11006.595,-11611.619999999999,-22065.795,-6492.78,186.345,-29631.51,-11509.199999999999,-4316.445
-11044.395,-11733.75,-22187.43,-6544.62,278.955,-29612.699999999997,-11499.57,-4329.99
-11040.93,-11709.539999999999,-22229.64,-6608.61,279.99,-29627.864999999998,-11516.67,-4338.54
-10986.57,-11459.564999999999,-21928.14,-6451.605,294.705,-29646.405,-11551.904999999999,-4336.74
-11023.289999999999,-11531.115,-21945.239999999998,-6409.08,293.4,-29626.965,-11542.005,-4355.099999999999
-11006.1,-11591.01,-22114.215,-6521.445,264.96,-29659.59,-11525.13,-4331.205
-10984.095,-11550.914999999999,-22011.66,-6430.634999999999,352.53,-29615.489999999998,-11503.89,-4314.915
-11013.39,-11542.41,-21879.09,-6289.695,385.65,-29549.295,-11489.445,-4337.055
-11016.675,-11547.539999999999,-21869.954999999998,-6212.745,380.96999999999997,-29551.094999999998,-11496.645,-4343.264999999999
-11017.08,-11592.63,-21941.864999999998,-6295.7699999999995,362.925,-29563.155,-11506.455,-4339.215
-10980.27,-11532.645,-21970.98,-6390.945,340.155,-29604.555,-11520.72,-4313.745
-10979.73,-11479.23,-21897.855,-6413.8949999999995,338.175,-29629.89,-11530.439999999999,-4315.7699999999995
-10987.515,-11505.914999999999,-21921.93,-6412.455,294.615,-29608.11,-11500.47,-4319.865
-11021.445,-11568.465,-21946.094999999998,-6350.13,329.84999999999997,-29513.745,-11452.095,-4333.365
-11016.09,-11568.015,-21933.045,-6329.7,315.0,-29558.745,-11472.21,-4335.12
-11002.68,-11537.1,-21920.94,-6408.99,254.11499999999998,-29610.225,-11507.085,-4345.83
-10987.02,-11495.654999999999,-21890.655,-6377.625,328.77,-29565.135,-11515.949999999999,-4384.305
-10991.52,-11449.529999999999,-21826.035,-6216.48,481.185,-29482.829999999998,-11466.359999999999,-4431.599999999999
-11050.244999999999,-11488.725,-21854.879999999997,-6257.025,458.325,-29448.18,-11444.939999999999,-4485.24
-11080.395,-11517.255,-21882.195,-6303.554999999999,504.18,-29447.145,-11491.785,-4514.13
-11060.91,-11476.89,-21892.41,-6325.2,395.01,-29454.975,-11504.789999999999,-4602.69
-11134.529999999999,-11499.255,-21854.655,-6229.98,430.28999999999996,-29449.125,-11475.27,-4657.95
-11124.27,-11511.449999999999,-21842.594999999998,-6202.71,513.63,-29440.17,-11467.89,-4553.054999999999
-11086.02,-11647.619999999999,-21997.575,-6393.69,303.47999999999996,-29681.82,-11535.029999999999,-4267.08
-11020.05,-11704.994999999999,-22119.075,-6528.105,152.23499999999999,-29758.32,-11558.385,-4201.0199999999995
-11076.705,-11674.439999999999,-22045.995,-6419.07,296.145,-29592.27,-11527.74,-4399.965
-11066.22,-11649.555,-21999.329999999998,-6336.8099999999995,447.39,-29415.96,-11445.975,-4384.665
-10988.505,-11598.255,-21948.344999999998,-6346.755,390.10499999999996,-29417.039999999997,-11417.039999999999,-4276.755
-10970.145,-11599.965,-22035.105,-6465.465,303.12,-29550.42,-11463.66,-4234.005
-10972.845,-11595.914999999999,-22020.84,-6462.585,286.02,-29602.53,-11472.164999999999,-4159.755
-10996.425,-11723.535,-22171.995,-6643.44,88.2,-29680.02,-11493.449999999999,-4181.535
-11012.49,-11645.595,-22099.14,-6586.155,141.795,-29673.135,-11510.369999999999,-4237.74
-11011.095,-11522.744999999999,-21889.485,-6314.264999999999,414.71999999999997,-29517.93,-11477.744999999999,-4311.8099999999995
-11004.3,-11588.31,-21992.355,-6361.11,390.59999999999997,-29488.59,-11460.06,-4327.065
-11000.97,-11527.425,-21899.16,-6286.5,392.53499999999997,-29482.739999999998,-11463.795,-4316.264999999999
-10976.13,-11520.63,-21843.225,-6265.035,359.055,-29510.55,-11471.13,-4260.6449999999995
-10984.5,-11621.97,-21988.079999999998,-6415.469999999999,276.795,-29575.62,-11478.33,-4238.415
-10979.73,-11577.375,-21976.2,-6481.17,293.13,-29587.004999999997,-11473.74,-4260.915
-11008.619999999999,-11537.91,-21970.44,-6485.4,276.255,-29601.629999999997,-11494.89,-4314.599999999999
-11042.414999999999,-11549.835,-21953.745,-6364.44,352.53,-29531.024999999998,-11492.55,-4358.925
-11036.789999999999,-11542.77,-21943.125,-6315.389999999999,338.805,-29561.039999999997,-11506.32,-4368.6449999999995
-11029.68,-11513.744999999999,-21874.274999999998,-6285.915,341.37,-29586.87,-11513.16,-4370.22
-11020.32,-11590.965,-21980.385,-6380.505,303.12,-29640.914999999997,-11533.904999999999,-4335.48
-10967.58,-11561.31,-22021.605,-6442.2,293.21999999999997,-29650.364999999998,-11519.595,-4286.34
-10992.824999999999,-11562.84,-21980.7,-6405.795,355.68,-29579.399999999998,-11500.154999999999,-4310.775
-11025.99,-11614.455,-22034.52,-6494.445,329.895,-29536.739999999998,-11466.765,-4323.285
-11031.164999999999,-11572.695,-21983.67,-6522.84,326.78999999999996,-29516.67,-11462.039999999999,-4332.0599999999995
-11012.355,-11550.645,-22006.305,-6489.09,258.48,-29564.01,-11490.345,-4325.8949999999995
-11018.564999999999,-11571.074999999999,-22018.68,-6417.63,263.07,-29578.454999999998,-11511.765,-4335.165
-11003.13,-11546.055,-21924.405,-6318.36,305.01,-29559.69,-11491.92,-4325.805
-11012.939999999999,-11585.205,-21958.335,-6342.615,341.145,-29568.914999999997,-11488.814999999999,-4329.45
-11021.085,-11563.289999999999,-21930.66,-6329.115,365.085,-29609.504999999997,-11512.125,-4343.8949999999995
-11009.699999999999,-11544.029999999999,-21943.26,-6350.715,313.875,-29669.67,-11548.035,-4340.655
-10986.3,-11557.755,-22039.739999999998,-6518.205,198.63,-29723.579999999998,-11558.16,-4320.855
-10998.99,-11597.039999999999,-22180.86,-6571.035,259.425,-29668.5,-11559.96,-4319.505
-10999.529999999999,-11544.525,-22045.364999999998,-6423.344999999999,352.53,-29562.795,-11522.475,-4328.55
-11022.119999999999,-11541.869999999999,-21899.79,-6280.425,453.73499999999996,-29432.024999999998,-11457.09,-4380.165
-11048.939999999999,-11487.33,-21775.454999999998,-6151.23,512.55,-29416.995,-11445.795,-4467.014999999999
-11097.945,-11529.045,-21884.04,-6287.625,398.15999999999997,-29543.355,-11493.045,-4517.01
-11091.015,-11576.52,-21945.555,-6330.24,380.15999999999997,-29554.199999999997,-11485.529999999999,-4464.585
-11055.105,-11557.305,-21921.93,-6295.05,408.645,-29488.905,-11487.51,-4466.745
-10997.73,-11474.82,-21829.454999999998,-6219.99,468.71999999999997,-29435.085,-11485.664999999999,-4459.23
-10988.46,-11452.14,-21821.67,-6254.1449999999995,459.405,-29490.21,-11484.63,-4409.235
-11010.824999999999,-11591.414999999999,-21993.614999999998,-6395.49,340.155,-29577.914999999997,-11473.38,-4251.599999999999
-11045.835,-11668.77,-22060.754999999997,-6455.16,265.365,-29631.69,-11486.789999999999,-4223.5199999999995
-11052.18,-11673.09,-22093.469999999998,-6488.19,231.48,-29594.789999999997,-11476.215,-4273.74
-11084.039999999999,-11650.23,-22091.715,-6535.125,186.12,-29642.805,-11504.205,-4360.23
-11069.414999999999,-11594.07,-22010.67,-6442.83,296.685,-29646.09,-11522.205,-4361.94
-10977.705,-11525.58,-21912.48,-6343.92,369.405,-29604.465,-11502.855,-4250.07
-10938.195,-11521.89,-21900.915,-6298.38,360.27,-29550.87,-11478.195,-4228.38
-10965.015,-11533.77,-21937.004999999997,-6332.94,353.205,-29520.315,-11464.02,-4300.065
-10977.119999999999,-11535.615,-21969.54,-6405.165,343.26,-29568.239999999998,-11491.83,-4303.845
-11000.925,-11575.395,-21981.329999999998,-6426.09,354.91499999999996,-29569.41,-11500.154999999999,-4280.94
-11000.115,-11611.755,-22022.28,-6420.014999999999,330.435,-29590.379999999997,-11516.805,-4286.61
-11005.47,-11567.835,-21980.655,-6357.915,397.62,-29550.735,-11493.63,-4354.695
-11035.845,-11540.789999999999,-21923.145,-6311.79,459.35999999999996,-29492.55,-11458.35,-4396.139999999999
-11052.045,-11584.484999999999,-21999.059999999998,-6396.66,353.47499999999997,-29553.524999999998,-11478.555,-4389.885
-11074.23,-11587.095,-21990.329999999998,-6383.385,307.44,-29628.719999999998,-11521.439999999999,-4403.745
-11067.119999999999,-11593.529999999999,-21978.855,-6335.415,346.22999999999996,-29579.94,-11513.295,-4444.74
-11044.935,-11561.085,-21990.6,-6470.955,287.90999999999997,-29547.045,-11499.164999999999,-4400.505
-11070.675,-11599.74,-22059.989999999998,-6528.105,245.97,-29582.055,-11519.234999999999,-4388.264999999999
-11070.09,-11604.779999999999,-22074.39,-6510.825,193.005,-29664.809999999998,-11558.205,-4381.155
-11011.635,-11619.585,-22028.219999999998,-6437.5199999999995,209.97,-29679.3,-11533.185,-4282.0199999999995
-11016.765,-11644.02,-22014.36,-6471.2699999999995,266.76,-29631.105,-11503.395,-4278.014999999999
-11003.13,-11678.85,-22104.855,-6609.33,317.385,-29604.105,-11484.99,-4218.84
-10987.74,-11558.835,-22011.254999999997,-6483.554999999999,400.40999999999997,-29562.48,-11485.215,-4241.565
-10990.845,-11495.295,-21855.78,-6248.205,372.735,-29555.684999999998,-11495.07,-4275.315
-10989.404999999999,-11523.24,-21893.76,-6278.264999999999,282.24,-29617.875,-11519.145,-4301.505
-11007.99,-11581.244999999999,-21960.629999999997,-6397.29,259.245,-29647.754999999997,-11526.119999999999,-4302.855
-11016.99,-11607.029999999999,-22046.265,-6525.179999999999,182.20499999999998,-29682.315,-11522.789999999999,-4301.099999999999
-11014.064999999999,-11572.74,-22039.92,-6489.36,233.82,-29629.035,-11500.875,-4317.525
-11011.859999999999,-11567.07,-21981.645,-6355.844999999999,322.60499999999996,-29546.684999999998,-11489.31,-4327.155
-11034.855,-11617.605,-21978.809999999998,-6352.11,316.03499999999997,-29532.015,-11472.345,-4329.224999999999
-11019.914999999999,-11598.93,-21975.84,-6394.59,319.22999999999996,-29556.09,-11476.08,-4317.84
-10995.57,-11558.295,-21960.719999999998,-6331.995,393.885,-29581.469999999998,-11502.404999999999,-4313.97
-10991.654999999999,-11496.465,-21881.879999999997,-6252.48,403.46999999999997,-29591.504999999997,-11501.955,-4314.735
-10991.475,-11506.14,-21894.614999999998,-6341.04,354.96,-29631.059999999998,-11520.63,-4317.3
-11006.414999999999,-11534.939999999999,-21919.68,-6336.045,420.885,-29578.995,-11493.404999999999,-4326.12
-11014.875,-11554.695,-21950.19,-6330.6449999999995,404.72999999999996,-29519.1,-11467.35,-4331.474999999999
-11006.595,-11566.395,-21980.024999999998,-6369.165,297.945,-29587.995,-11487.42,-4334.13
-11015.414999999999,-11566.215,-21978.315,-6380.28,345.41999999999996,-29587.23,-11502.359999999999,-4350.599999999999
-11009.744999999999,-11534.67,-21937.32,-6383.969999999999,345.15,-29610.18,-11519.91,-4344.795
-11023.244999999999,-11516.175,-21911.67,-6339.87,383.21999999999997,-29534.175,-11505.105,-4356.675
-11058.3,-11578.68,-21969.675,-6355.889999999999,364.77,-29497.274999999998,-11474.82,-4368.014999999999
-11064.33,-11610.045,-22022.954999999998,-6417.945,303.3,-29588.219999999998,-11505.465,-4390.11
-11019.914999999999,-11595.689999999999,-22027.545,-6406.965,349.515,-29596.274999999998,-11511.63,-4355.73
-11021.715,-11579.85,-21986.145,-6363.945,399.78,-29591.55,-11514.015,-4397.8949999999995
-11035.664999999999,-11491.605,-21862.665,-6279.929999999999,447.39,-29554.739999999998,-11509.244999999999,-4442.4
-11023.244999999999,-11501.505,-21873.329999999998,-6273.764999999999,447.65999999999997,-29456.145,-11454.75,-4394.88
-11020.005,-11578.23,-21952.485,-6295.139999999999,437.98499999999996,-29399.76,-11425.994999999999,-4355.82
-11009.025,-11543.85,-21937.004999999997,-6303.554999999999,428.53499999999997,-29426.085,-11440.484999999999,-4395.599999999999
-11042.414999999999,-11488.725,-21886.785,-6342.525,418.365,-29460.735,-11454.255,-4448.16
-11139.75,-11604.24,-22033.53,-6475.995,319.185,-29541.149999999998,-11490.75,-4474.215
-11063.744999999999,-11597.265,-22014.719999999998,-6459.075,289.395,-29610.405,-11538.18,-4381.965
-11027.789999999999,-11563.83,-21967.739999999998,-6380.235,302.94,-29618.37,-11532.689999999999,-4347.54
-11046.33,-11611.529999999999,-21998.114999999998,-6406.65,247.635,-29625.93,-11503.845,-4303.575
-11015.279999999999,-11594.16,-22008.915,-6441.705,256.72499999999997,-29626.559999999998,-11516.58,-4305.014999999999
-11000.789999999999,-11600.64,-22041.315,-6456.285,274.815,-29652.57,-11528.189999999999,-4287.69
-11022.705,-11624.31,-22000.364999999998,-6404.625,311.175,-29678.039999999997,-11547.449999999999,-4329.135
-11072.97,-11552.895,-21934.395,-6360.705,321.93,-29696.309999999998,-11563.289999999999,-4429.3949999999995
-11072.07,-11608.47,-21997.98,-6402.735,278.90999999999997,-29600.864999999998,-11502.314999999999,-4333.365
-10975.095,-11631.015,-22061.655,-6481.665,225.26999999999998,-29563.785,-11449.664999999999,-4138.29
-10982.88,-11664.539999999999,-22116.51,-6571.575,209.51999999999998,-29621.655,-11492.685,-4199.94
-11007.63,-11642.805,-22052.79,-6467.58,375.12,-29547.0,-11499.615,-4289.535
-11003.895,-11523.195,-21933.809999999998,-6383.745,340.56,-29541.87,-11500.785,-4331.88
-11034.675,-11530.619999999999,-21955.14,-6382.3949999999995,238.005,-29636.28,-11536.38,-4382.865
-11048.805,-11586.645,-21987.765,-6387.03,305.055,-29667.015,-11547.539999999999,-4385.34
-11013.705,-11538.63,-21882.105,-6307.38,433.34999999999997,-29581.965,-11505.6,-4323.96
-10989.81,-11516.039999999999,-21893.399999999998,-6322.1849999999995,353.835,-29507.445,-11460.465,-4279.635
-11016.81,-11560.859999999999,-21980.879999999997,-6461.1449999999995,239.08499999999998,-29562.975,-11476.8,-4291.065
-11032.38,-11592.63,-22053.195,-6659.1449999999995,200.745,-29639.699999999997,-11505.33,-4308.03
-11015.369999999999,-11614.904999999999,-22094.91,-6657.165,253.62,-29556.945,-11483.505,-4291.74
-11018.115,-11620.664999999999,-22051.079999999998,-6451.74,375.21,-29482.875,-11457.045,-4329.54
-11025.585,-11602.755,-21993.165,-6254.1449999999995,449.01,-29510.37,-11478.105,-4346.6849999999995
-11027.475,-11564.865,-21931.2,-6328.304999999999,382.09499999999997,-29547.18,-11493.135,-4321.845
-11017.305,-11566.619999999999,-21969.27,-6466.995,329.35499999999996,-29569.77,-11490.615,-4291.65
-11000.295,-11602.98,-22082.219999999998,-6502.1849999999995,296.82,-29557.44,-11471.265,-4279.275
-11020.949999999999,-11642.625,-22078.035,-6467.8949999999995,226.035,-29567.295,-11462.265,-4305.735
-11015.279999999999,-11605.994999999999,-21985.92,-6345.719999999999,301.455,-29578.545,-11490.435,-4321.889999999999
-11000.475,-11479.455,-21868.155,-6255.495,432.135,-29538.405,-11505.869999999999,-4358.07
-11033.369999999999,-11456.55,-21837.239999999998,-6234.03,479.565,-29489.129999999997,-11512.35,-4455.72
-11086.154999999999,-11491.515,-21861.45,-6191.19,510.39,-29487.149999999998,-11531.97,-4530.51
-11093.939999999999,-11531.744999999999,-21910.905,-6278.849999999999,385.65,-29595.645,-11562.345,-4464.764999999999
-11022.39,-11559.869999999999,-21907.844999999998,-6310.304999999999,316.485,-29641.77,-11535.435,-4281.615
-10968.164999999999,-11582.055,-21951.495,-6321.24,394.02,-29572.245,-11488.904999999999,-4185.495
-10998.225,-11610.9,-22042.215,-6464.34,336.195,-29568.329999999998,-11485.8,-4247.415
-11007.404999999999,-11625.705,-22102.605,-6557.355,282.33,-29580.434999999998,-11471.76,-4269.33
-11009.34,-11572.47,-22013.28,-6533.099999999999,247.32,-29588.265,-11487.285,-4293.09
-11020.5,-11560.32,-21971.295,-6411.195,302.53499999999997,-29565.719999999998,-11500.515,-4326.57
-11044.8,-11607.48,-22029.704999999998,-6390.224999999999,318.59999999999997,-29591.19,-11501.82,-4368.6449999999995
-11050.02,-11567.744999999999,-21959.504999999997,-6314.445,373.68,-29593.62,-11526.705,-4413.105
-11062.574999999999,-11512.71,-21857.76,-6224.58,429.3,-29541.6,-11517.75,-4449.465
-11059.74,-11542.365,-21915.045,-6301.53,370.03499999999997,-29509.875,-11485.26,-4410.9
-11034.539999999999,-11581.83,-21991.77,-6382.44,330.84,-29529.945,-11479.095,-4338.36
-11010.914999999999,-11556.135,-21955.364999999998,-6350.04,373.09499999999997,-29538.945,-11474.865,-4329.8099999999995
-11043.404999999999,-11575.35,-21976.965,-6350.445,377.145,-29552.355,-11499.119999999999,-4377.96
-11056.68,-11555.055,-21904.92,-6289.29,412.65,-29531.385,-11503.98,-4411.485
-10958.67,-11488.365,-21865.905,-6303.195,388.305,-29548.53,-11486.699999999999,-4301.19
-10927.08,-11450.115,-21850.11,-6280.92,378.63,-29610.315,-11494.755,-4289.8949999999995
-10993.185,-11526.48,-21926.565,-6352.92,310.545,-29660.805,-11507.175,-4337.73
-11042.955,-11627.1,-21988.305,-6382.575,355.5,-29587.68,-11512.305,-4335.48
-11068.154999999999,-11685.195,-22111.335,-6505.74,332.505,-29489.985,-11485.755,-4309.38
-11035.395,-11593.619999999999,-22002.84,-6479.505,242.64,-29620.17,-11519.189999999999,-4276.08
-10993.545,-11571.3,-21996.54,-6435.9,234.26999999999998,-29670.524999999998,-11523.689999999999,-4282.605
-11079.945,-11612.025,-22008.825,-6378.929999999999,303.885,-29615.129999999997,-11524.859999999999,-4445.19
-11116.215,-11594.385,-21962.204999999998,-6328.17,375.57,-29574.09,-11526.029999999999,-4512.42
-11107.755,-11585.34,-21981.825,-6409.62,307.97999999999996,-29577.105,-11511.855,-4435.0199999999995
-11030.13,-11626.064999999999,-22005.27,-6433.38,283.005,-29544.344999999998,-11471.265,-4259.79
-11023.65,-11670.164999999999,-22066.965,-6481.53,273.51,-29582.324999999997,-11497.41,-4218.525
-11038.41,-11649.015,-22113.54,-6548.804999999999,244.935,-29632.905,-11530.395,-4279.455
-11030.31,-11587.904999999999,-22017.78,-6488.955,275.895,-29617.605,-11527.47,-4308.525
-11022.615,-11562.57,-21988.53,-6459.389999999999,253.755,-29619.405,-11517.029999999999,-4310.595
-11024.64,-11587.77,-21989.295,-6412.139999999999,305.41499999999996,-29637.449999999997,-11530.439999999999,-4304.745
-11013.84,-11564.865,-21944.745,-6341.58,357.885,-29613.914999999997,-11528.1,-4327.605
-11029.185,-11539.035,-21920.489999999998,-6334.74,424.03499999999997,-29541.465,-11505.285,-4383.315
-11035.935,-11517.39,-21935.655,-6420.87,399.015,-29534.265,-11501.145,-4411.3949999999995
-11047.949999999999,-11585.295,-22027.5,-6502.995,298.305,-29565.315,-11478.824999999999,-4360.7699999999995
-11049.885,-11652.93,-22112.325,-6513.389999999999,195.075,-29659.32,-11507.805,-4319.415
-11015.82,-11616.029999999999,-22019.489999999998,-6434.55,240.345,-29666.204999999998,-11494.484999999999,-4269.42
-11023.605,-11588.265,-21958.469999999998,-6349.23,407.52,-29526.57,-11471.535,-4288.905
-11010.33,-11559.105,-21954.285,-6304.635,456.16499999999996,-29455.379999999997,-11454.57,-4289.67
-10999.439999999999,-11591.73,-22029.795,-6417.224999999999,349.02,-29539.395,-11501.369999999999,-4287.105
-11001.645,-11547.494999999999,-21979.62,-6442.38,282.87,-29634.975,-11529.539999999999,-4303.305
-11014.605,-11540.97,-21943.844999999998,-6444.585,271.305,-29617.335,-11509.515,-4314.78
-11026.529999999999,-11567.835,-21965.579999999998,-6397.29,312.885,-29535.48,-11483.865,-4321.9349999999995
-11025.135,-11566.755,-21952.35,-6356.5199999999995,309.735,-29524.184999999998,-11481.66,-4326.57
-11020.365,-11563.965,-21923.37,-6293.115,302.4,-29623.59,-11520.99,-4339.845
-11020.185,-11628.945,-22017.015,-6369.255,296.145,-29671.515,-11529.404999999999,-4337.91
-11024.865,-11556.449999999999,-21980.61,-6406.785,299.835,-29612.745,-11499.885,-4345.065
-11019.15,-11532.869999999999,-21969.18,-6351.48,420.21,-29514.824999999997,-11476.664999999999,-4331.43
-10993.994999999999,-11533.949999999999,-21951.09,-6402.87,415.16999999999996,-29503.664999999997,-11469.914999999999,-4310.865
-11039.265,-11575.215,-22014.27,-6542.1449999999995,328.995,-29604.015,-11525.49,-4363.785
-11065.32,-11580.48,-22041.989999999998,-6469.065,354.10499999999996,-29569.815,-11524.455,-4422.87
-11071.484999999999,-11528.01,-21938.805,-6302.655,400.22999999999996,-29506.5,-11507.13,-4497.525
-11058.66,-11486.52,-21804.344999999998,-6156.224999999999,417.73499999999996,-29502.315,-11495.925,-4500.495
-11057.58,-11513.88,-21823.649999999998,-6214.905,398.78999999999996,-29514.015,-11478.555,-4447.665
-11039.58,-11567.34,-21895.829999999998,-6258.915,435.015,-29545.875,-11478.06,-4381.155
-11020.005,-11568.555,-21973.77,-6318.2699999999995,395.055,-29588.94,-11509.965,-4340.5199999999995
-10986.164999999999,-11598.48,-22014.0,-6377.264999999999,330.65999999999997,-29567.295,-11502.135,-4240.349999999999
-11005.965,-11632.814999999999,-22019.489999999998,-6428.969999999999,306.945,-29594.34,-11517.615,-4252.59
-11028.914999999999,-11555.55,-21968.594999999998,-6451.965,314.72999999999996,-29624.94,-11540.789999999999,-4311.99
-11036.744999999999,-11525.715,-21944.07,-6438.69,309.555,-29635.199999999997,-11550.555,-4362.21
-11077.65,-11571.345,-21935.61,-6355.44,370.08,-29569.995,-11528.145,-4388.715
-11077.38,-11693.205,-22074.704999999998,-6426.134999999999,307.03499999999997,-29597.67,-11510.82,-4304.34
-11025.135,-11655.945,-22075.875,-6487.469999999999,238.23,-29681.37,-11534.22,-4275.764999999999
-10998.135,-11529.675,-21927.555,-6352.83,358.245,-29605.5,-11516.67,-4282.425
-11013.119999999999,-11536.38,-21935.969999999998,-6334.11,365.21999999999997,-29578.004999999997,-11505.51,-4322.25
-11049.66,-11576.609999999999,-21972.69,-6367.365,365.445,-29578.949999999997,-11501.145,-4356.36
-11051.91,-11583.855,-21976.92,-6369.84,381.69,-29589.12,-11505.6,-4369.724999999999
-11032.74,-11569.814999999999,-21952.665,-6364.3949999999995,354.33,-29601.135,-11511.855,-4345.74
-11035.664999999999,-11561.31,-21944.835,-6347.5199999999995,312.885,-29574.989999999998,-11504.564999999999,-4353.03
-10987.38,-11558.385,-21975.614999999998,-6416.325,257.715,-29593.26,-11498.535,-4291.29
-10983.689999999999,-11569.05,-22005.315,-6430.905,314.19,-29587.995,-11494.89,-4287.014999999999
-10974.914999999999,-11537.505,-21947.805,-6414.03,388.08,-29600.19,-11498.625,-4264.155
-11029.185,-11609.145,-22028.67,-6494.355,317.52,-29637.405,-11515.904999999999,-4319.235
-11096.369999999999,-11664.359999999999,-22111.335,-6560.775,177.435,-29712.195,-11540.699999999999,-4386.24
-11088.63,-11585.654999999999,-21955.32,-6345.495,269.145,-29638.215,-11518.38,-4385.34
-11086.244999999999,-11623.904999999999,-22027.725,-6427.755,288.09,-29605.77,-11492.91,-4380.075
-11036.205,-11612.609999999999,-22030.829999999998,-6453.315,308.745,-29593.035,-11487.645,-4341.51
-11035.71,-11625.84,-22045.545,-6474.014999999999,270.585,-29655.675,-11529.18,-4346.73
-11050.74,-11602.035,-22009.86,-6416.82,300.645,-29631.735,-11525.31,-4341.51
-11022.615,-11604.195,-22036.23,-6439.32,304.425,-29596.995,-11493.045,-4274.1449999999995
-10991.789999999999,-11576.52,-22019.445,-6436.889999999999,350.325,-29559.015,-11475.945,-4262.445
-11012.31,-11570.67,-21963.015,-6391.259999999999,300.91499999999996,-29582.28,-11495.835,-4297.1849999999995
-11035.08,-11575.98,-21945.015,-6322.815,330.65999999999997,-29562.164999999997,-11501.955,-4317.12
-11017.574999999999,-11577.24,-21948.12,-6317.1449999999995,328.455,-29602.754999999997,-11536.605,-4301.73
-11000.97,-11549.115,-21935.52,-6345.99,357.255,-29614.995,-11536.92,-4299.075
-11012.265,-11543.939999999999,-21953.34,-6398.009999999999,337.545,-29595.285,-11515.005,-4312.17
-11028.914999999999,-11579.895,-21974.04,-6412.005,306.045,-29591.684999999998,-11503.8,-4328.82
-11034.81,-11563.154999999999,-21967.155,-6395.625,295.695,-29580.57,-11483.685,-4347.99
-11043.585,-11569.725,-21955.454999999998,-6343.469999999999,336.555,-29555.504999999997,-11476.215,-4372.065
-11041.965,-11570.895,-21998.79,-6415.469999999999,287.55,-29575.215,-11482.38,-4365.224999999999
-11048.984999999999,-11585.385,-22023.945,-6495.525,216.495,-29620.17,-11519.01,-4349.7
-11028.689999999999,-11603.115,-22035.195,-6444.45,308.295,-29587.184999999998,-11500.425,-4321.08
-10983.105,-11537.055,-21928.995,-6340.139999999999,435.33,-29546.324999999997,-11477.07,-4296.599999999999
-10993.14,-11456.46,-21830.265,-6362.28,383.085,-29600.73,-11520.0,-4373.639999999999
-11011.455,-11460.914999999999,-21856.454999999998,-6329.115,432.18,-29559.015,-11529.314999999999,-4433.13
-11015.189999999999,-11474.189999999999,-21853.079999999998,-6281.82,442.84499999999997,-29509.245,-11508.255,-4407.48
-11050.335,-11562.525,-21889.079999999998,-6276.465,391.95,-29561.579999999998,-11505.42,-4371.12
-11094.48,-11655.855,-21967.02,-6295.905,402.525,-29622.015,-11525.445,-4347.63
-11078.01,-11553.164999999999,-21928.364999999998,-6314.085,430.78499999999997,-29515.77,-11506.365,-4419.315
-11088.09,-11544.345,-21950.73,-6391.125,358.965,-29518.245,-11517.48,-4515.48
-11023.56,-11495.88,-21898.754999999997,-6390.36,326.43,-29552.535,-11508.029999999999,-4452.57
-11013.885,-11533.275,-21927.645,-6359.3099999999995,370.755,-29544.12,-11467.935,-4344.21
-11029.77,-11620.17,-21995.46,-6392.969999999999,312.03,-29564.864999999998,-11447.189999999999,-4200.705
-10995.119999999999,-11608.47,-21981.6,-6375.599999999999,308.88,-29582.46,-11470.23,-4189.905
-11046.645,-11604.195,-21981.059999999998,-6362.099999999999,362.655,-29574.0,-11499.525,-4333.68
-11060.01,-11578.365,-21938.94,-6315.48,402.705,-29533.41,-11489.49,-4366.98
-11028.33,-11600.414999999999,-21990.239999999998,-6389.415,317.295,-29563.829999999998,-11496.42,-4292.73
-11007.314999999999,-11597.67,-22029.21,-6434.82,297.135,-29596.86,-11498.13,-4277.79
-11028.105,-11592.18,-21988.079999999998,-6420.014999999999,332.90999999999997,-29590.829999999998,-11504.654999999999,-4359.69
-11020.59,-11639.97,-22035.645,-6456.15,316.125,-29591.235,-11513.07,-4326.389999999999
-11015.279999999999,-11632.275,-22070.114999999998,-6472.17,279.63,-29601.765,-11512.845,-4276.305
-11032.109999999999,-11576.385,-21969.405,-6381.945,280.89,-29643.975,-11533.814999999999,-4250.16
-11013.57,-11560.14,-21956.129999999997,-6380.46,282.33,-29644.739999999998,-11520.449999999999,-4265.19
-11047.455,-11622.6,-22031.64,-6441.12,258.48,-29637.539999999997,-11501.595,-4335.66
-11066.58,-11555.279999999999,-21959.64,-6379.11,299.295,-29611.44,-11505.375,-4407.03
-11081.115,-11550.96,-21932.954999999998,-6352.245,338.445,-29609.46,-11522.475,-4437.675
-11113.965,-11655.539999999999,-22043.295,-6405.03,384.435,-29601.809999999998,-11541.824999999999,-4414.32
-11065.275,-11654.955,-22061.07,-6487.38,293.13,-29670.344999999998,-11555.1,-4292.91
-10983.465,-11567.25,-21996.54,-6440.94,281.565,-29611.754999999997,-11516.715,-4237.065
-10997.505,-11598.84,-22040.46,-6445.53,294.255,-29573.954999999998,-11470.275,-4268.655
-11052.09,-11615.355,-22052.655,-6446.61,297.765,-29592.539999999997,-11494.529999999999,-4351.815
-11077.244999999999,-11572.83,-21990.195,-6409.755,317.565,-29609.91,-11533.365,-4424.264999999999
-11090.88,-11578.005,-21927.105,-6316.155,378.85499999999996,-29575.8,-11540.699999999999,-4446.764999999999
-11023.74,-11522.97,-21888.765,-6310.3949999999995,380.96999999999997,-29561.309999999998,-11512.08,-4335.345
-10967.67,-11554.56,-21968.73,-6429.87,265.5,-29619.539999999997,-11490.435,-4215.825
-11011.859999999999,-11624.445,-22046.04,-6451.29,312.885,-29609.64,-11491.199999999999,-4249.125
-11023.02,-11624.13,-22035.329999999998,-6455.34,258.39,-29622.914999999997,-11488.545,-4295.97
-11016.99,-11597.085,-22020.12,-6517.349999999999,205.785,-29660.085,-11511.539999999999,-4319.73
-11019.689999999999,-11571.705,-22002.39,-6523.245,180.225,-29642.445,-11516.039999999999,-4323.33
-11022.84,-11552.085,-22004.46,-6498.675,234.405,-29606.805,-11518.38,-4321.845
-11005.83,-11546.1,-21973.32,-6390.179999999999,361.71,-29562.254999999997,-11503.484999999999,-4299.03
-11018.789999999999,-11550.06,-21923.19,-6283.17,462.41999999999996,-29494.53,-11487.51,-4320.675
-11025.135,-11533.904999999999,-21906.315,-6245.37,510.255,-29509.02,-11490.029999999999,-4357.08
-11017.845,-11514.555,-21892.41,-6235.0199999999995,496.26,-29521.664999999997,-11493.18,-4371.795
-11024.595,-11532.465,-21933.18,-6355.9349999999995,352.215,-29566.44,-11516.265,-4385.16
-11049.93,-11557.395,-21947.805,-6381.09,339.705,-29576.745,-11507.265,-4379.94
-11072.115,-11600.82,-21977.64,-6392.5199999999995,339.075,-29567.61,-11473.605,-4359.78
-11055.6,-11623.14,-22044.915,-6405.03,336.51,-29544.93,-11455.154999999999,-4347.855
-11051.865,-11550.6,-21919.815,-6320.115,382.14,-29516.76,-11473.154999999999,-4423.095
-11058.48,-11496.96,-21854.024999999998,-6241.23,510.615,-29465.774999999998,-11494.215,-4469.94
-11045.52,-11489.76,-21847.23,-6276.51,483.39,-29479.094999999998,-11495.295,-4416.345
-11002.095,-11582.279999999999,-21970.079999999998,-6402.6449999999995,367.695,-29541.375,-11495.07,-4282.425
-11026.8,-11637.18,-22041.495,-6462.405,308.43,-29650.725,-11536.605,-4296.014999999999
-11052.945,-11642.715,-22038.344999999998,-6386.219999999999,372.825,-29609.324999999997,-11522.25,-4375.845
-11024.234999999999,-11564.865,-21954.42,-6345.719999999999,411.12,-29515.815,-11474.369999999999,-4347.2699999999995
-11033.505,-11583.494999999999,-21956.85,-6372.045,327.51,-29554.965,-11465.279999999999,-4242.825
-11027.699999999999,-11617.965,-21997.26,-6444.179999999999,218.51999999999998,-29670.57,-11517.164999999999,-4225.7699999999995
-11086.335,-11666.654999999999,-22112.73,-6444.045,263.96999999999997,-29693.25,-11578.275,-4393.62
-11141.189999999999,-11580.21,-22004.91,-6344.73,339.3,-29637.629999999997,-11597.49,-4580.099999999999
-11099.654999999999,-11449.484999999999,-21759.3,-6168.69,457.78499999999997,-29528.28,-11545.605,-4560.75
-11042.414999999999,-11611.845,-21984.75,-6441.03,278.28,-29566.035,-11526.93,-4368.014999999999
-10988.279999999999,-11654.73,-22034.879999999997,-6440.4,281.15999999999997,-29595.015,-11480.31,-4210.65
-10995.705,-11561.715,-21930.57,-6305.355,430.425,-29564.91,-11483.369999999999,-4285.98
-11040.615,-11536.515,-21963.285,-6402.554999999999,358.46999999999997,-29574.719999999998,-11495.07,-4401.99
-11108.52,-11635.244999999999,-22079.43,-6511.32,235.79999999999998,-29636.28,-11519.414999999999,-4421.745
-11067.39,-11576.34,-21999.465,-6446.205,232.29,-29721.42,-11569.68,-4370.94
-10997.055,-11502.99,-21896.37,-6358.679999999999,284.76,-29707.245,-11561.039999999999,-4290.48
-10986.119999999999,-11597.67,-21990.149999999998,-6436.889999999999,223.065,-29700.765,-11530.71,-4175.415
-11016.855,-11662.154999999999,-22100.489999999998,-6544.665,164.295,-29724.39,-11540.88,-4208.3099999999995
-11023.02,-11614.365,-22060.62,-6500.5199999999995,221.13,-29734.155,-11571.615,-4275.99
-11011.14,-11562.57,-21997.26,-6427.259999999999,341.37,-29594.475,-11519.73,-4295.61
-11037.285,-11610.494999999999,-22045.815,-6500.655,284.13,-29578.635,-11475.539999999999,-4287.69
-11071.529999999999,-11676.465,-22096.89,-6549.929999999999,188.055,-29603.43,-11482.199999999999,-4295.34
-11049.525,-11667.105,-22125.87,-6616.71,164.11499999999998,-29605.995,-11496.375,-4291.92
-11042.91,-11605.904999999999,-22038.344999999998,-6578.865,291.555,-29545.469999999998,-11471.58,-4314.195
-11022.255,-11529.09,-21885.254999999997,-6324.57,415.305,-29536.289999999997,-11473.515,-4314.6449999999995
-11021.85,-11578.545,-22013.954999999998,-6349.365,386.685,-29566.215,-11502.0,-4317.93
-11015.955,-11576.385,-22035.555,-6366.33,332.01,-29570.489999999998,-11495.744999999999,-4317.03
-11018.564999999999,-11584.395,-22074.39,-6466.545,313.78499999999997,-29562.39,-11487.42,-4316.94
-11047.5,-11592.765,-22069.89,-6570.405,291.825,-29609.055,-11522.34,-4354.29
-11040.525,-11602.664999999999,-22082.309999999998,-6566.13,348.12,-29606.985,-11515.14,-4350.915
-11052.09,-11613.285,-22025.34,-6439.23,352.26,-29625.03,-11525.535,-4362.705
-11058.57,-11657.34,-22127.04,-6496.065,279.99,-29663.91,-11541.914999999999,-4363.11
-11049.074999999999,-11533.59,-21978.0,-6418.889999999999,291.78,-29623.86,-11538.18,-4378.32
-11062.439999999999,-11561.984999999999,-21970.44,-6478.155,301.905,-29595.195,-11506.725,-4369.23
-11068.289999999999,-11657.43,-22162.14,-6535.44,311.67,-29554.92,-11482.605,-4402.08
-11061.0,-11624.715,-22092.12,-6505.155,281.745,-29597.039999999997,-11506.455,-4442.8949999999995
-11092.185,-11682.765,-22161.69,-6523.065,256.365,-29643.524999999998,-11557.484999999999,-4511.745
-11096.82,-11588.85,-21966.524999999998,-6372.405,395.41499999999996,-29522.969999999998,-11537.865,-4543.605
-11028.914999999999,-11545.38,-21876.165,-6376.139999999999,371.29499999999996,-29489.265,-11474.414999999999,-4411.665
-10969.289999999999,-11546.64,-21994.379999999997,-6529.094999999999,223.38,-29662.065,-11518.064999999999,-4285.44
-10959.164999999999,-11513.16,-22007.745,-6463.259999999999,336.87,-29701.664999999997,-11535.84,-4182.12
-11049.75,-11547.359999999999,-22003.379999999997,-6355.08,390.735,-29604.42,-11516.805,-4378.7699999999995
-11140.83,-11618.865,-21902.04,-6231.465,415.755,-29469.015,-11459.52,-4581.2699999999995
-11208.33,-11572.515,-21784.815,-6079.5,523.17,-29468.7,-11480.67,-4706.37
-11203.92,-11574.765,-21898.665,-6310.98,359.145,-29646.449999999997,-11546.234999999999,-4627.889999999999
-11131.875,-11575.89,-21974.67,-6433.155,242.82,-29733.344999999998,-11591.145,-4453.155
-10997.64,-11587.365,-22027.725,-6471.134999999999,214.155,-29714.129999999997,-11575.305,-4223.43
-10974.465,-11544.029999999999,-21941.01,-6379.29,235.26,-29712.87,-11560.68,-4177.17
-11009.88,-11591.865,-21952.53,-6308.054999999999,309.96,-29677.454999999998,-11528.505,-4192.065
-11007.449999999999,-11610.404999999999,-21974.94,-6353.37,288.71999999999997,-29635.469999999998,-11524.77,-4189.995
-11066.58,-11658.015,-22024.44,-6417.09,275.31,-29598.48,-11506.949999999999,-4258.3949999999995
-11035.619999999999,-11611.215,-21975.254999999997,-6374.79,332.46,-29576.07,-11506.41,-4280.49
-11031.48,-11608.605,-21991.14,-6360.48,361.62,-29583.09,-11493.314999999999,-4268.025
-11011.814999999999,-11589.39,-21980.43,-6358.23,358.46999999999997,-29635.559999999998,-11503.935,-4241.205
-10991.34,-11559.6,-21969.54,-6374.474999999999,287.41499999999996,-29652.885,-11515.23,-4258.62
-11054.025,-11572.154999999999,-21968.19,-6359.535,326.745,-29549.07,-11497.814999999999,-4358.34
-11100.6,-11607.795,-22001.04,-6448.995,265.995,-29534.805,-11487.779999999999,-4425.21
-11084.445,-11631.51,-22058.954999999998,-6476.49,248.13,-29571.344999999998,-11499.885,-4400.955
-11013.84,-11583.945,-22000.094999999998,-6387.344999999999,336.33,-29586.87,-11527.02,-4305.24
-11017.215,-11591.505,-22000.545,-6409.349999999999,322.965,-29642.805,-11538.404999999999,-4291.11
-11027.475,-11598.164999999999,-22020.12,-6452.099999999999,296.325,-29649.059999999998,-11527.875,-4316.085
-11040.119999999999,-11657.564999999999,-22097.565,-6486.12,272.295,-29675.52,-11510.865,-4316.04
-11066.805,-11703.15,-22142.07,-6480.54,252.63,-29663.684999999998,-11485.619999999999,-4312.035
-11027.295,-11646.539999999999,-22136.445,-6605.82,156.78,-29663.46,-11496.33,-4292.1449999999995
-10988.505,-11525.85,-21967.695,-6436.889999999999,312.705,-29579.219999999998,-11511.0,-4300.74
-11031.84,-11538.855,-21932.64,-6304.23,411.12,-29541.015,-11511.539999999999,-4339.8
-11033.414999999999,-11545.289999999999,-21907.44,-6271.83,408.59999999999997,-29569.004999999997,-11489.715,-4326.525
-11017.664999999999,-11525.22,-21885.704999999998,-6325.469999999999,374.13,-29582.414999999997,-11492.1,-4316.67
-11015.64,-11565.539999999999,-21977.73,-6456.195,271.17,-29621.835,-11503.664999999999,-4312.62
-11030.039999999999,-11603.744999999999,-22045.77,-6493.139999999999,253.98,-29634.885,-11525.625,-4328.73
-11030.625,-11558.654999999999,-21953.43,-6372.764999999999,329.58,-29621.789999999997,-11525.175,-4336.514999999999
-11042.145,-11590.289999999999,-21997.844999999998,-6397.83,331.245,-29605.32,-11504.744999999999,-4338.135
-11052.81,-11633.625,-22045.59,-6407.19,350.055,-29562.074999999997,-11478.015,-4338.63
-11025.945,-11567.025,-21973.32,-6346.215,411.75,-29535.57,-11460.105,-4324.23
-11020.14,-11515.814999999999,-21906.855,-6348.15,341.145,-29587.32,-11489.715,-4327.65
-11056.32,-11627.145,-22037.219999999998,-6445.889999999999,221.48999999999998,-29638.62,-11512.664999999999,-4344.48
-11032.064999999999,-11635.289999999999,-22051.71,-6482.565,189.765,-29675.879999999997,-11531.295,-4328.099999999999
-10995.255,-11608.56,-22067.864999999998,-6478.92,247.905,-29685.555,-11536.875,-4310.19
-11018.744999999999,-11566.98,-22069.53,-6463.259999999999,306.9,-29678.579999999998,-11537.955,-4324.995
-11062.08,-11661.795,-22069.17,-6401.565,349.38,-29678.175,-11545.515,-4347.405
-11026.89,-11588.715,-21990.915,-6373.53,408.51,-29594.925,-11532.465,-4332.195
-11022.029999999999,-11511.99,-21924.719999999998,-6366.195,409.995,-29552.355,-11522.07,-4329.945
-11029.994999999999,-11552.355,-21951.629999999997,-6373.125,348.21,-29523.42,-11501.82,-4330.349999999999
-11056.05,-11630.88,-22033.665,-6472.035,230.67,-29578.68,-11465.279999999999,-4335.389999999999
-11060.01,-11597.4,-22011.434999999998,-6506.865,187.695,-29739.149999999998,-11525.49,-4370.445
-11016.675,-11499.705,-21917.969999999998,-6421.23,284.53499999999997,-29732.76,-11553.345,-4391.415
-11034.855,-11429.73,-21816.18,-6337.485,408.87,-29566.44,-11507.58,-4472.865
-11111.31,-11470.5,-21873.69,-6361.469999999999,442.66499999999996,-29373.885,-11443.5,-4624.47
-11206.98,-11567.654999999999,-21987.495,-6411.105,355.905,-29419.065,-11460.15,-4762.035
-11156.355,-11519.91,-21864.329999999998,-6185.655,502.02,-29446.605,-11491.199999999999,-4661.505
-11158.875,-11598.435,-21920.579999999998,-6227.415,470.96999999999997,-29551.454999999998,-11551.814999999999,-4537.3949999999995
-11135.475,-11666.97,-22020.704999999998,-6380.775,289.26,-29670.524999999998,-11563.02,-4358.25
-10992.015,-11611.619999999999,-22023.855,-6467.49,197.28,-29727.045,-11539.98,-4149.045
-10892.07,-11551.005,-21965.895,-6428.745,244.935,-29673.539999999997,-11498.625,-4030.56
-10917.27,-11580.525,-22026.42,-6474.33,298.755,-29615.355,-11501.865,-4154.3099999999995
-11091.33,-11672.55,-22153.77,-6623.28,250.92,-29567.565,-11484.63,-4396.455
-11208.24,-11682.765,-22077.495,-6553.304999999999,288.63,-29562.93,-11499.119999999999,-4477.995
-11155.365,-11649.33,-22046.309999999998,-6495.57,326.745,-29630.745,-11553.93,-4405.7699999999995
-11056.32,-11631.06,-22049.28,-6471.224999999999,347.21999999999997,-29617.829999999998,-11533.59,-4316.22
-11026.395,-11668.59,-22094.64,-6436.215,295.83,-29612.114999999998,-11509.289999999999,-4236.75
-10986.75,-11598.615,-22021.92,-6412.634999999999,276.03,-29664.135,-11526.885,-4211.91
-11032.65,-11551.994999999999,-21926.07,-6300.54,376.91999999999996,-29611.44,-11507.58,-4345.29
-11057.67,-11549.654999999999,-21923.415,-6334.38,379.16999999999996,-29583.0,-11493.63,-4415.985
-11093.805,-11576.789999999999,-21950.37,-6385.41,345.96,-29583.855,-11497.455,-4445.639999999999
-11101.545,-11552.49,-21942.54,-6391.98,293.84999999999997,-29624.715,-11525.939999999999,-4440.51
-11100.555,-11617.92,-22055.715,-6494.04,213.57,-29704.184999999998,-11559.6,-4400.865
-11061.72,-11642.265,-22052.16,-6452.865,228.55499999999998,-29694.285,-11529.81,-4267.665
-10963.619999999999,-11618.685,-22050.495,-6454.035,242.28,-29667.42,-11511.539999999999,-4135.1849999999995
-10970.145,-11631.195,-22091.219999999998,-6472.304999999999,235.30499999999998,-29663.1,-11536.425,-4205.025
-10972.98,-11584.755,-21997.89,-6380.91,295.38,-29631.555,-11522.25,-4238.865
-11006.46,-11617.425,-21981.239999999998,-6320.429999999999,357.255,-29592.629999999997,-11512.395,-4286.79
-10989.404999999999,-11618.1,-22050.989999999998,-6431.3099999999995,282.91499999999996,-29612.114999999998,-11509.56,-4282.335
-11048.805,-11660.58,-22120.379999999997,-6572.384999999999,226.935,-29655.629999999997,-11515.59,-4311.18
-11062.845,-11636.595,-22093.065,-6467.535,352.16999999999996,-29618.46,-11512.8,-4328.955
-11032.785,-11569.77,-21997.62,-6371.01,377.685,-29594.745,-11506.23,-4323.15
-11014.92,-11587.635,-21954.375,-6395.219999999999,317.88,-29624.399999999998,-11498.58,-4312.3949999999995
-11017.755,-11503.17,-21873.42,-6411.87,354.96,-29625.704999999998,-11498.445,-4319.73
-11023.92,-11518.335,-21955.094999999998,-6519.69,277.695,-29665.62,-11519.189999999999,-4329.495
-11062.35,-11624.039999999999,-22119.03,-6551.19,244.17,-29632.77,-11519.414999999999,-4352.264999999999
-11045.699999999999,-11598.255,-22012.2,-6423.3,247.36499999999998,-29608.155,-11515.365,-4344.885
-11041.109999999999,-11550.869999999999,-21868.155,-6278.085,373.54499999999996,-29560.949999999997,-11510.64,-4343.8949999999995
-11042.01,-11569.725,-21942.45,-6342.255,410.31,-29565.719999999998,-11512.98,-4340.79
-11039.13,-11557.125,-21956.985,-6402.24,312.525,-29626.965,-11539.305,-4343.67
-11030.039999999999,-11539.664999999999,-21929.94,-6375.825,301.185,-29652.93,-11542.455,-4335.525
-11023.92,-11550.645,-21954.105,-6357.735,303.65999999999997,-29638.8,-11518.83,-4326.57
-11039.175,-11588.535,-21995.37,-6380.955,310.95,-29623.004999999997,-11513.609999999999,-4337.1449999999995
-11034.449999999999,-11590.289999999999,-22013.01,-6421.41,365.13,-29579.895,-11498.58,-4331.565
-11029.41,-11559.734999999999,-21985.02,-6433.74,324.135,-29628.045,-11509.695,-4336.155
-11046.869999999999,-11567.34,-21956.67,-6398.46,283.005,-29612.835,-11504.564999999999,-4351.545
-11039.535,-11597.49,-22024.754999999997,-6409.08,298.03499999999997,-29583.36,-11500.02,-4335.12
-11028.555,-11577.15,-21981.195,-6363.45,302.21999999999997,-29661.795,-11544.57,-4327.0199999999995
-11036.115,-11550.824999999999,-21911.399999999998,-6321.69,292.545,-29695.184999999998,-11560.59,-4338.09
-11029.5,-11539.664999999999,-21912.12,-6307.965,374.76,-29575.215,-11504.789999999999,-4337.1449999999995
-11036.205,-11544.39,-21927.78,-6338.7,351.04499999999996,-29509.829999999998,-11485.755,-4359.465
-11049.615,-11572.154999999999,-21965.715,-6371.955,347.03999999999996,-29565.629999999997,-11517.39,-4385.745
-11041.47,-11542.725,-21958.245,-6384.735,408.51,-29549.52,-11507.67,-4418.19
-11056.14,-11534.58,-21939.165,-6317.415,477.27,-29464.155,-11463.93,-4487.445
-11082.824999999999,-11483.955,-21848.715,-6265.17,482.94,-29459.385,-11474.91,-4569.389999999999
-11128.41,-11502.225,-21860.415,-6347.925,370.395,-29549.835,-11522.835,-4569.165
-11160.765,-11671.109999999999,-22087.665,-6569.009999999999,195.255,-29642.355,-11551.05,-4458.33
-11097.225,-11659.365,-22105.035,-6535.485,219.64499999999998,-29654.46,-11542.095,-4349.5199999999995
-11022.029999999999,-11619.675,-22045.725,-6412.995,288.22499999999997,-29635.649999999998,-11531.295,-4282.2
-11025.135,-11650.23,-22049.19,-6383.025,340.155,-29594.114999999998,-11512.439999999999,-4247.505
-10999.89,-11617.425,-22007.475,-6382.215,343.935,-29568.96,-11489.13,-4225.095
-11012.625,-11604.33,-21971.295,-6361.92,376.065,-29538.989999999998,-11502.539999999999,-4332.599999999999
-11002.994999999999,-11587.68,-21983.67,-6373.125,356.66999999999996,-29570.535,-11530.619999999999,-4365.495
-11056.41,-11659.275,-22072.004999999997,-6470.594999999999,263.655,-29626.92,-11528.414999999999,-4320.855
-11048.895,-11663.82,-22074.344999999998,-6495.344999999999,250.56,-29663.19,-11520.225,-4221.63
-11029.814999999999,-11624.355,-22042.934999999998,-6439.094999999999,298.44,-29691.36,-11530.484999999999,-4224.915
-11022.074999999999,-11603.97,-21982.905,-6405.165,292.05,-29657.879999999997,-11534.939999999999,-4260.15
-11026.71,-11633.715,-22012.379999999997,-6384.554999999999,324.27,-29587.05,-11510.64,-4272.705
-11052.404999999999,-11604.51,-22006.079999999998,-6415.38,331.515,-29592.045,-11505.734999999999,-4324.455
-11079.9,-11559.51,-21939.704999999998,-6393.87,317.7,-29599.245,-11501.505,-4360.545
-11049.255,-11575.8,-21977.055,-6366.6449999999995,332.72999999999996,-29553.39,-11477.97,-4338.63
-11030.939999999999,-11566.89,-22002.344999999998,-6430.7699999999995,315.585,-29578.725,-11495.52,-4330.62
-11067.705,-11613.105,-22054.635,-6458.04,322.28999999999996,-29608.155,-11525.355,-4369.095
-11107.439999999999,-11630.115,-22058.82,-6474.33,334.53,-29625.614999999998,-11548.8,-4429.62
-11070.945,-11557.35,-21934.98,-6376.635,350.41499999999996,-29654.19,-11549.115,-4381.785
-11020.095,-11528.775,-21912.39,-6372.2699999999995,249.435,-29688.614999999998,-11554.92,-4339.62
-11003.715,-11517.93,-21898.395,-6334.29,377.64,-29602.62,-11537.189999999999,-4312.485
-11036.564999999999,-11558.205,-21969.585,-6395.13,378.405,-29541.78,-11508.435,-4357.17
-11109.555,-11628.449999999999,-22020.975,-6443.46,285.03,-29504.565,-11488.635,-4408.155
-11061.539999999999,-11586.555,-21950.82,-6385.32,323.28,-29529.225,-11491.02,-4331.115
-11020.994999999999,-11590.965,-21987.09,-6402.33,306.53999999999996,-29590.155,-11486.699999999999,-4283.82
-11043.945,-11639.835,-22072.995,-6467.13,259.605,-29610.135,-11499.885,-4295.565
-11059.064999999999,-11627.46,-22048.695,-6464.88,291.375,-29600.864999999998,-11509.244999999999,-4303.755
-11044.17,-11584.305,-22005.045,-6486.075,282.465,-29626.785,-11527.605,-4328.235
-11039.039999999999,-11577.824999999999,-21987.045,-6467.715,299.655,-29622.914999999997,-11532.06,-4331.295
-11018.835,-11596.095,-22024.844999999998,-6427.08,305.505,-29605.815,-11511.99,-4292.099999999999
-11028.465,-11600.595,-22037.175,-6486.255,204.255,-29655.765,-11519.055,-4312.305
-11055.555,-11616.975,-22085.504999999997,-6591.285,140.265,-29693.295,-11531.07,-4340.565
-11052.0,-11601.045,-22058.82,-6557.085,179.775,-29680.829999999998,-11525.49,-4339.71
-11047.545,-11614.32,-22044.96,-6407.955,325.17,-29621.745,-11509.65,-4336.2
-11026.71,-11597.535,-21992.94,-6309.179999999999,390.96,-29575.844999999998,-11481.795,-4309.74
-11014.289999999999,-11502.72,-21832.245,-6221.969999999999,434.34,-29583.675,-11528.685,-4317.84
-11008.664999999999,-11503.08,-21870.899999999998,-6277.86,409.54499999999996,-29595.42,-11537.01,-4325.67
-11033.145,-11560.5,-21946.454999999998,-6355.889999999999,357.21,-29593.754999999997,-11523.645,-4335.66
-11031.75,-11562.39,-21968.504999999997,-6356.835,374.445,-29615.355,-11541.105,-4334.985
-11054.609999999999,-11569.949999999999,-21955.094999999998,-6339.87,382.455,-29619.27,-11529.539999999999,-4347.855
-11082.645,-11605.904999999999,-21976.829999999998,-6343.695,367.83,-29588.715,-11504.654999999999,-4394.43
-11060.145,-11590.515,-21970.62,-6331.005,387.71999999999997,-29549.114999999998,-11493.855,-4428.495
-11013.3,-11516.805,-21911.94,-6292.62,425.88,-29521.26,-11491.83,-4412.115
-11022.119999999999,-11498.31,-21898.934999999998,-6319.665,417.78,-29523.329999999998,-11516.22,-4428.8099999999995
-11060.414999999999,-11557.439999999999,-21946.86,-6404.8949999999995,332.82,-29575.395,-11529.27,-4436.639999999999
-11062.395,-11573.414999999999,-21951.27,-6399.045,308.025,-29606.399999999998,-11522.609999999999,-4377.735
-11050.695,-11679.57,-22028.94,-6430.815,310.95,-29667.465,-11543.13,-4294.215
-11032.335,-11692.755,-22124.879999999997,-6502.815,257.21999999999997,-29742.48,-11566.35,-4260.465
-11015.369999999999,-11535.885,-21969.54,-6389.099999999999,305.46,-29713.23,-11560.23,-4339.26
-11017.8,-11458.439999999999,-21851.504999999997,-6259.905,430.38,-29558.295,-11498.535,-4402.53
-11045.789999999999,-11490.164999999999,-21868.245,-6267.24,454.72499999999997,-29475.27,-11465.145,-4374.135
-11087.055,-11610.945,-21963.329999999998,-6338.34,375.39,-29555.28,-11480.76,-4293.99
-11079.404999999999,-11692.89,-22082.67,-6488.235,217.48499999999999,-29668.545,-11504.744999999999,-4246.155
-11064.42,-11667.824999999999,-22097.61,-6528.33,202.59,-29694.69,-11530.529999999999,-4281.66
-11077.109999999999,-11597.715,-22001.715,-6438.69,364.14,-29633.579999999998,-11524.814999999999,-4334.445
-11092.32,-11585.25,-21984.57,-6425.1449999999995,373.22999999999996,-29637.315,-11521.529999999999,-4391.415
-11099.789999999999,-11636.055,-22058.594999999998,-6488.415,197.23499999999999,-29685.149999999998,-11542.725,-4396.59
-11079.855,-11617.154999999999,-22065.975,-6498.9,158.13,-29694.87,-11564.775,-4379.58
-11033.73,-11572.289999999999,-21992.985,-6494.58,256.905,-29662.379999999997,-11556.404999999999,-4325.805
-11006.685,-11587.859999999999,-22026.195,-6558.66,305.055,-29611.754999999997,-11512.17,-4261.995
-10999.71,-11610.494999999999,-22077.45,-6570.585,273.735,-29614.274999999998,-11501.324999999999,-4250.565
-11062.125,-11625.93,-22082.85,-6479.91,233.95499999999998,-29615.805,-11505.555,-4364.639999999999
-11084.355,-11638.439999999999,-22080.239999999998,-6407.19,313.335,-29631.87,-11504.789999999999,-4380.389999999999
-11036.52,-11598.525,-22027.725,-6387.84,336.42,-29661.75,-11515.904999999999,-4326.3
-11008.98,-11549.564999999999,-21927.42,-6316.065,343.08,-29650.59,-11524.455,-4292.955
-11049.164999999999,-11550.734999999999,-21911.445,-6282.2699999999995,366.12,-29627.145,-11535.255,-4349.835
-11093.85,-11570.13,-21919.364999999998,-6309.224999999999,425.25,-29551.995,-11511.63,-4396.365
-11072.295,-11582.279999999999,-21965.129999999997,-6363.945,452.07,-29480.445,-11465.279999999999,-4350.15
-11064.869999999999,-11619.765,-22060.485,-6479.91,318.015,-29550.87,-11474.01,-4326.03
-11068.109999999999,-11686.32,-22120.695,-6471.585,215.1,-29614.995,-11493.359999999999,-4284.855
-11007.99,-11647.395,-22057.155,-6455.295,150.03,-29670.66,-11529.0,-4249.26
-10981.305,-11539.484999999999,-21933.765,-6428.205,267.3,-29623.14,-11513.07,-4256.37
-11006.64,-11534.31,-21910.95,-6328.53,440.09999999999997,-29570.175,-11495.205,-4289.22
-11034.18,-11559.914999999999,-21959.1,-6349.905,375.03,-29598.795,-11498.265,-4320.99
-11042.414999999999,-11612.52,-22038.12,-6420.105,275.49,-29632.32,-11512.755,-4336.47
-11047.725,-11569.095,-22000.32,-6415.74,279.135,-29680.379999999997,-11542.545,-4349.835
-11048.13,-11565.99,-21935.61,-6364.889999999999,298.26,-29710.98,-11537.46,-4341.15
-11032.65,-11570.715,-21955.5,-6366.554999999999,314.37,-29698.11,-11548.08,-4310.19
-11038.365,-11575.484999999999,-21952.62,-6354.224999999999,366.97499999999997,-29595.149999999998,-11523.24,-4302.315
-11053.484999999999,-11624.265,-22018.77,-6434.82,324.18,-29539.305,-11496.195,-4319.595
-11041.875,-11628.18,-22060.844999999998,-6481.8,296.46,-29578.14,-11503.529999999999,-4322.925
-11035.8,-11583.855,-22038.12,-6487.155,283.09499999999997,-29614.635,-11520.81,-4332.555
-11020.545,-11518.47,-21916.575,-6404.759999999999,296.37,-29625.164999999997,-11525.085,-4350.87
-11013.119999999999,-11493.135,-21890.7,-6322.995,367.245,-29592.405,-11524.05,-4399.83
-10995.705,-11482.02,-21891.87,-6243.255,430.74,-29545.965,-11516.939999999999,-4411.755
-11028.33,-11452.005,-21836.43,-6239.925,415.34999999999997,-29577.149999999998,-11527.154999999999,-4398.974999999999
-11084.805,-11540.025,-21895.92,-6296.355,382.95,-29601.495,-11535.345,-4402.53
-11126.115,-11604.914999999999,-21970.395,-6356.385,357.93,-29585.745,-11506.14,-4486.635
-11129.715,-11586.015,-22007.79,-6379.38,374.53499999999997,-29553.84,-11492.145,-4507.47
-11111.76,-11585.115,-21981.42,-6352.245,394.11,-29588.85,-11514.689999999999,-4427.775
-11098.8,-11649.555,-22029.254999999997,-6412.005,317.61,-29629.8,-11525.039999999999,-4326.075
-11099.43,-11662.92,-22046.175,-6433.065,307.755,-29651.039999999997,-11563.965,-4363.0199999999995
-11083.32,-11569.77,-21972.149999999998,-6393.735,401.84999999999997,-29583.989999999998,-11545.83,-4422.78
-11051.685,-11556.539999999999,-21964.5,-6416.865,411.65999999999997,-29564.28,-11509.335,-4345.2
-11079.18,-11630.205,-22047.57,-6502.86,301.68,-29605.364999999998,-11501.595,-4320.18
-11089.664999999999,-11692.98,-22093.2,-6498.45,269.82,-29637.315,-11520.404999999999,-4308.525
-11012.22,-11646.675,-22076.64,-6467.804999999999,238.85999999999999,-29711.024999999998,-11561.4,-4187.34
-10995.795,-11619.045,-22054.68,-6476.94,243.35999999999999,-29650.59,-11512.529999999999,-4203.315
-11033.775,-11564.369999999999,-21954.87,-6399.09,270.45,-29615.625,-11513.789999999999,-4321.665
-11058.525,-11552.939999999999,-21940.065,-6375.42,289.89,-29651.355,-11532.869999999999,-4377.24
-11073.869999999999,-11609.955,-21976.379999999997,-6364.17,330.57,-29644.559999999998,-11514.734999999999,-4339.71
-11033.955,-11614.859999999999,-21993.614999999998,-6355.53,353.385,-29639.565,-11498.715,-4261.995
-11017.26,-11565.27,-21962.024999999998,-6352.514999999999,356.76,-29631.914999999997,-11499.795,-4252.68
-11019.689999999999,-11542.59,-21950.864999999998,-6363.495,354.735,-29631.465,-11502.18,-4302.72
-11049.84,-11579.13,-21963.015,-6376.094999999999,327.24,-29654.145,-11516.49,-4353.3
-11066.039999999999,-11607.48,-22008.78,-6422.13,281.15999999999997,-29654.1,-11516.355,-4366.44
-11057.76,-11593.845,-22007.024999999998,-6421.094999999999,300.42,-29645.64,-11515.77,-4327.11
-11044.619999999999,-11613.869999999999,-22029.165,-6433.11,341.145,-29570.129999999997,-11501.055,-4286.115
-11040.705,-11567.564999999999,-21984.12,-6444.99,342.04499999999996,-29559.87,-11518.965,-4321.98
-11043.72,-11617.425,-22063.86,-6531.48,278.235,-29601.899999999998,-11521.08,-4301.6849999999995
-11046.555,-11646.18,-22097.969999999998,-6522.255,239.76,-29633.715,-11522.385,-4289.535
-11037.6,-11604.645,-22042.215,-6405.255,300.645,-29597.129999999997,-11498.175,-4294.8
-11042.73,-11600.775,-21996.135,-6393.87,293.985,-29593.305,-11497.41,-4312.3949999999995
-11037.465,-11603.43,-21983.895,-6403.094999999999,321.21,-29602.44,-11508.164999999999,-4316.58
-11026.89,-11561.13,-21942.315,-6346.575,365.66999999999996,-29616.48,-11524.455,-4318.29
-11051.82,-11576.789999999999,-21985.379999999997,-6408.405,261.045,-29639.114999999998,-11527.289999999999,-4332.78
-11047.635,-11578.59,-22007.295,-6440.94,240.795,-29617.829999999998,-11513.699999999999,-4329.8099999999995
-11035.035,-11574.314999999999,-21992.67,-6418.889999999999,301.09499999999997,-29620.125,-11504.789999999999,-4320.2699999999995
-11042.369999999999,-11565.314999999999,-21958.11,-6399.045,331.065,-29647.125,-11518.965,-4325.264999999999
-11048.939999999999,-11625.029999999999,-22063.725,-6408.495,331.56,-29676.6,-11552.445,-4330.485
-11035.17,-11584.215,-22005.855,-6392.565,310.635,-29667.645,-11548.71,-4322.07
-11046.015,-11607.164999999999,-22053.329999999998,-6538.545,238.995,-29656.934999999998,-11535.39,-4330.71
-11043.945,-11623.77,-22153.905,-6654.825,197.91,-29668.32,-11510.505,-4325.085
-11040.57,-11606.939999999999,-22120.829999999998,-6622.065,229.23,-29699.864999999998,-11534.895,-4328.505
-11056.41,-11588.039999999999,-22012.425,-6465.6449999999995,302.985,-29670.795,-11563.199999999999,-4342.68
-11053.035,-11530.484999999999,-21890.34,-6309.045,425.43,-29512.98,-11509.785,-4351.455
-11048.939999999999,-11540.025,-21881.25,-6301.3949999999995,378.27,-29579.985,-11526.074999999999,-4407.03
-11076.074999999999,-11510.01,-21870.36,-6271.605,406.935,-29603.07,-11534.265,-4497.57
-11122.83,-11464.38,-21806.055,-6182.415,391.59,-29581.379999999997,-11519.145,-4579.965
-11124.675,-11544.795,-21898.665,-6226.245,427.09499999999997,-29480.625,-11473.605,-4501.17
-11083.77,-11600.595,-21939.57,-6266.88,477.27,-29471.219999999998,-11493.81,-4413.69
-10992.195,-11531.699999999999,-21854.295,-6193.53,570.42,-29457.855,-11478.734999999999,-4275.99
-11004.119999999999,-11520.945,-21881.925,-6242.355,474.84,-29481.254999999997,-11470.23,-4254.75
-11083.14,-11548.845,-21916.305,-6310.889999999999,355.5,-29552.219999999998,-11513.925,-4378.95
-11084.265,-11581.965,-21964.995,-6364.8,347.31,-29580.48,-11521.71,-4377.96
-11093.939999999999,-11669.13,-22067.145,-6458.804999999999,284.085,-29645.19,-11521.845,-4266.405
-11002.41,-11621.88,-22035.42,-6448.7699999999995,270.09,-29687.129999999997,-11532.779999999999,-4166.19
-11044.98,-11606.715,-22017.015,-6436.08,277.92,-29654.594999999998,-11538.99,-4277.7
-11088.0,-11614.635,-22009.094999999998,-6421.905,291.15,-29637.809999999998,-11545.02,-4357.17
-11088.675,-11645.73,-22037.895,-6446.88,294.97499999999997,-29613.555,-11544.93,-4355.82
-11071.619999999999,-11678.31,-22077.09,-6494.355,248.13,-29673.27,-11569.32,-4333.1849999999995
-11046.914999999999,-11615.4,-22045.59,-6468.57,250.695,-29654.954999999998,-11568.42,-4349.88
-11034.945,-11583.18,-22020.165,-6429.78,293.84999999999997,-29613.42,-11517.705,-4335.66
-11022.615,-11571.3,-21991.815,-6413.715,313.38,-29637.045,-11504.34,-4284.224999999999
-11033.414999999999,-11565.99,-21974.399999999998,-6408.405,306.18,-29657.879999999997,-11521.484999999999,-4288.59
-11057.939999999999,-11577.6,-21961.62,-6376.724999999999,339.97499999999997,-29610.045,-11525.49,-4320.0
-11036.699999999999,-11586.869999999999,-21991.454999999998,-6391.71,361.395,-29575.89,-11511.855,-4288.095
-11043.585,-11572.605,-21985.559999999998,-6411.24,341.09999999999997,-29611.8,-11529.09,-4303.215
-11065.814999999999,-11616.615,-22042.665,-6480.179999999999,285.885,-29635.335,-11530.215,-4317.795
-11072.385,-11645.324999999999,-22109.265,-6572.115,228.42,-29645.594999999998,-11513.52,-4324.139999999999
-11103.795,-11671.83,-22131.36,-6522.705,269.46,-29637.989999999998,-11519.055,-4364.82
-11060.865,-11601.945,-22051.98,-6435.315,241.10999999999999,-29673.719999999998,-11524.41,-4344.03
-11051.234999999999,-11589.345,-21997.844999999998,-6395.085,238.095,-29686.815,-11521.215,-4327.425
-11029.994999999999,-11588.85,-21975.03,-6367.32,272.47499999999997,-29655.765,-11513.475,-4293.405
-11014.38,-11584.529999999999,-21991.41,-6422.175,277.46999999999997,-29621.16,-11500.02,-4272.345
-11015.055,-11579.445,-21986.235,-6410.745,319.185,-29636.82,-11520.675,-4296.78
-11021.805,-11591.369999999999,-22013.46,-6389.73,368.09999999999997,-29602.26,-11520.945,-4310.91
-11033.189999999999,-11592.404999999999,-21979.754999999997,-6321.465,423.945,-29538.945,-11493.9,-4315.86
-11055.24,-11632.725,-22055.399999999998,-6453.495,304.02,-29612.879999999997,-11504.07,-4325.805
-11056.14,-11638.98,-22081.274999999998,-6552.36,239.57999999999998,-29675.43,-11528.955,-4331.205
-11025.539999999999,-11596.32,-21995.82,-6454.844999999999,351.585,-29643.795,-11525.625,-4313.97
-11036.115,-11515.545,-21889.53,-6391.844999999999,290.745,-29686.59,-11570.355,-4333.23
-11046.015,-11582.64,-21970.62,-6373.98,289.26,-29675.25,-11555.865,-4340.295
-11069.595,-11562.345,-21989.745,-6434.594999999999,303.65999999999997,-29653.829999999998,-11525.85,-4336.514999999999
-11073.734999999999,-11643.074999999999,-22122.405,-6559.335,201.15,-29686.454999999998,-11536.064999999999,-4326.48
-11053.845,-11581.289999999999,-21997.26,-6428.7,221.13,-29669.445,-11540.564999999999,-4332.375
-11052.09,-11563.154999999999,-21946.635,-6357.105,316.17,-29587.905,-11524.23,-4335.705
-11051.01,-11579.939999999999,-21965.625,-6430.7699999999995,365.085,-29529.629999999997,-11497.994999999999,-4331.295
-11054.88,-11573.46,-21940.695,-6407.73,391.95,-29530.844999999998,-11493.404999999999,-4345.83
-11085.029999999999,-11571.029999999999,-21965.265,-6390.99,358.91999999999996,-29570.489999999998,-11506.904999999999,-4391.6849999999995
-11127.105,-11592.359999999999,-21989.43,-6360.929999999999,330.03,-29628.765,-11528.369999999999,-4415.355
-11117.52,-11644.965,-22069.305,-6430.995,312.84,-29624.129999999997,-11526.255,-4400.6849999999995
-11064.779999999999,-11565.27,-22005.855,-6381.99,358.11,-29578.364999999998,-11508.57,-4398.48
-11104.47,-11515.904999999999,-21909.015,-6263.099999999999,462.06,-29523.914999999997,-11515.455,-4569.21
-11116.845,-11483.189999999999,-21834.989999999998,-6213.69,500.445,-29491.289999999997,-11515.725,-4589.865
-11073.42,-11526.57,-21876.84,-6249.465,441.63,-29510.414999999997,-11468.654999999999,-4354.11
-11012.22,-11702.34,-22144.545,-6585.57,173.88,-29739.105,-11514.24,-4082.265
-10976.715,-11647.619999999999,-22121.684999999998,-6587.639999999999,184.185,-29737.844999999998,-11546.865,-4144.275
-11002.005,-11569.859999999999,-21961.8,-6391.125,310.545,-29625.795,-11535.345,-4250.655
-11033.234999999999,-11582.414999999999,-21973.545,-6386.49,294.705,-29621.565,-11542.949999999999,-4320.18
-11066.76,-11568.555,-21957.254999999997,-6361.74,281.78999999999996,-29664.539999999997,-11571.705,-4400.37
-11083.095,-11576.07,-21951.809999999998,-6327.99,365.76,-29600.73,-11544.525,-4436.19
-11067.75,-11615.58,-21998.475,-6417.224999999999,338.49,-29570.219999999998,-11491.47,-4399.92
-11086.199999999999,-11611.619999999999,-21994.02,-6417.764999999999,334.71,-29582.28,-11495.43,-4421.205
-11085.615,-11553.795,-21955.274999999998,-6325.245,379.395,-29569.545,-11493.045,-4417.47
-11094.885,-11609.055,-21992.985,-6387.03,308.7,-29614.59,-11520.63,-4336.38
-11088.855,-11711.52,-22150.215,-6588.54,128.20499999999998,-29726.28,-11545.695,-4205.88
-11065.545,-11680.199999999999,-22109.94,-6547.455,179.82,-29745.36,-11560.59,-4232.925
-11079.72,-11676.105,-22117.094999999998,-6526.304999999999,246.105,-29707.379999999997,-11549.16,-4323.51
-11088.0,-11649.869999999999,-22075.965,-6453.54,311.985,-29694.149999999998,-11563.289999999999,-4388.22
-11036.88,-11559.869999999999,-21930.975,-6302.429999999999,384.47999999999996,-29639.655,-11533.095,-4344.84
-11017.215,-11653.064999999999,-22109.265,-6455.205,198.0,-29703.51,-11540.43,-4236.525
-11042.775,-11663.505,-22100.94,-6486.03,181.845,-29723.219999999998,-11566.8,-4272.885
-11072.88,-11613.779999999999,-22038.524999999998,-6501.599999999999,235.755,-29673.899999999998,-11554.289999999999,-4352.085
-11071.664999999999,-11582.324999999999,-22014.719999999998,-6462.99,242.82,-29702.789999999997,-11564.369999999999,-4373.055
-11068.38,-11556.135,-22000.635,-6410.969999999999,330.03,-29702.16,-11566.484999999999,-4357.62
-11084.76,-11614.68,-22086.045,-6517.215,238.815,-29729.16,-11550.869999999999,-4343.805
-11071.845,-11592.63,-22021.695,-6482.474999999999,347.265,-29691.27,-11546.955,-4378.995
-11075.085,-11672.73,-22085.864999999998,-6534.09,291.06,-29664.989999999998,-11525.355,-4366.889999999999
-11096.865,-11669.67,-22163.445,-6638.13,94.455,-29719.98,-11540.52,-4377.555
-11077.02,-11612.025,-22164.48,-6678.855,-26.865,-29784.78,-11569.545,-4368.24
-11015.82,-11585.97,-22035.645,-6430.7699999999995,188.23499999999999,-29723.805,-11543.49,-4256.505
-11002.5,-11588.49,-22037.219999999998,-6421.1849999999995,247.995,-29631.914999999997,-11501.055,-4240.9349999999995
-11056.095,-11635.515,-22117.454999999998,-6455.655,296.37,-29536.695,-11458.845,-4276.035
-11066.13,-11649.734999999999,-22195.17,-6518.16,254.88,-29589.434999999998,-11478.824999999999,-4317.974999999999
-11065.859999999999,-11603.925,-22071.105,-6501.014999999999,217.26,-29658.015,-11520.9,-4348.889999999999
-11024.955,-11555.865,-21953.52,-6436.304999999999,299.205,-29637.18,-11512.574999999999,-4324.32
-11024.685,-11535.615,-21921.84,-6380.73,391.185,-29587.995,-11499.57,-4355.28
-11050.92,-11519.505,-21912.12,-6299.19,423.35999999999996,-29577.6,-11512.935,-4389.705
-11093.175,-11558.16,-21899.745,-6262.469999999999,452.60999999999996,-29529.27,-11506.365,-4406.22
-11124.09,-11628.135,-21962.565,-6356.115,344.205,-29602.98,-11521.17,-4386.014999999999
-11085.435,-11588.58,-21974.535,-6374.5199999999995,302.265,-29679.57,-11542.365,-4365.855
-11044.664999999999,-11557.439999999999,-21930.57,-6332.264999999999,333.09,-29691.629999999997,-11524.5,-4294.08
-11062.305,-11616.705,-21997.35,-6389.054999999999,302.805,-29724.614999999998,-11533.545,-4262.3099999999995
-11053.17,-11646.539999999999,-22062.329999999998,-6447.285,280.62,-29702.114999999998,-11543.355,-4257.045
-11032.695,-11602.395,-22019.535,-6411.014999999999,311.31,-29644.245,-11515.77,-4277.295
-11045.115,-11562.885,-21952.395,-6345.855,371.835,-29572.199999999997,-11508.345,-4342.59
-11062.125,-11547.63,-21936.915,-6331.094999999999,384.21,-29577.329999999998,-11507.355,-4385.565
-11078.64,-11540.564999999999,-21915.629999999997,-6303.375,402.075,-29609.504999999997,-11517.345,-4410.0
-11091.824999999999,-11592.494999999999,-21983.085,-6350.219999999999,364.905,-29639.835,-11541.06,-4410.9
-11044.845,-11604.375,-22034.204999999998,-6422.625,303.885,-29631.42,-11550.689999999999,-4358.205
-10999.845,-11529.72,-21932.19,-6358.815,384.34499999999997,-29599.695,-11519.145,-4259.7
-11016.99,-11550.96,-21964.184999999998,-6406.155,366.12,-29626.785,-11523.195,-4240.98
-11075.445,-11616.84,-22023.765,-6419.835,318.42,-29623.995,-11540.925,-4307.76
-11068.605,-11610.314999999999,-22023.719999999998,-6421.365,265.905,-29666.204999999998,-11545.92,-4327.785
-11067.885,-11600.369999999999,-22001.94,-6405.48,287.41499999999996,-29700.495,-11544.39,-4367.07
-11081.025,-11594.88,-21981.69,-6382.3949999999995,293.67,-29685.329999999998,-11540.744999999999,-4427.6849999999995
-11071.98,-11599.965,-21993.344999999998,-6432.075,291.78,-29635.605,-11518.109999999999,-4379.849999999999
-11027.07,-11617.199999999999,-22022.145,-6461.325,323.46,-29621.34,-11506.545,-4269.915
-11062.305,-11633.31,-22056.614999999998,-6519.15,217.48499999999999,-29645.37,-11514.015,-4286.205
-11075.58,-11605.635,-21998.204999999998,-6453.764999999999,195.255,-29612.789999999997,-11513.52,-4356.0
-11041.38,-11619.99,-22030.605,-6470.46,262.98,-29644.155,-11530.755,-4347.99
-11053.529999999999,-11580.39,-22072.23,-6569.82,234.495,-29690.414999999997,-11528.414999999999,-4322.205
-11082.195,-11606.265,-22088.655,-6553.9349999999995,247.5,-29682.36,-11524.904999999999,-4342.7699999999995
-11057.76,-11624.31,-22045.05,-6401.16,310.77,-29627.55,-11500.02,-4379.3099999999995
-11055.465,-11567.789999999999,-21914.37,-6293.025,410.4,-29574.449999999997,-11484.045,-4379.175
-11093.939999999999,-11597.67,-21965.535,-6389.46,376.38,-29576.385,-11500.289999999999,-4353.615
-11070.18,-11588.265,-22016.295,-6432.4349999999995,322.74,-29628.675,-11542.455,-4348.98
-11047.005,-11542.32,-21958.245,-6423.705,181.89,-29708.324999999997,-11566.755,-4356.72
-11059.199999999999,-11592.99,-22018.68,-6529.7699999999995,44.55,-29737.844999999998,-11564.91,-4317.93
-11079.9,-11636.145,-22060.89,-6486.57,165.6,-29684.835,-11537.1,-4273.38
-11054.654999999999,-11634.93,-22065.75,-6500.88,193.275,-29684.745,-11514.96,-4241.745
-11066.535,-11636.145,-22065.93,-6510.69,229.85999999999999,-29686.184999999998,-11520.99,-4278.105
-11086.064999999999,-11641.545,-22066.379999999997,-6479.054999999999,284.58,-29703.329999999998,-11546.055,-4319.55
-11057.715,-11598.345,-22001.579999999998,-6394.139999999999,298.66499999999996,-29658.555,-11542.005,-4306.815
-11023.154999999999,-11569.41,-21986.415,-6387.66,283.995,-29631.239999999998,-11522.609999999999,-4280.22
-11029.635,-11552.355,-21995.37,-6448.995,306.85499999999996,-29647.305,-11537.595,-4302.855
-11046.645,-11551.59,-21952.215,-6390.315,390.28499999999997,-29632.545,-11514.645,-4319.46
-11070.765,-11610.99,-22015.62,-6430.634999999999,319.815,-29647.8,-11507.175,-4331.925
-11067.074999999999,-11604.465,-22038.03,-6479.639999999999,296.72999999999996,-29635.065,-11517.255,-4332.014999999999
-11047.904999999999,-11585.07,-22036.815,-6556.094999999999,223.605,-29677.14,-11548.035,-4320.405
-11051.234999999999,-11589.75,-22040.28,-6478.29,319.455,-29630.43,-11536.064999999999,-4325.67
-11056.77,-11562.795,-21978.09,-6376.455,366.84,-29663.414999999997,-11543.22,-4349.07
-11062.215,-11580.705,-21998.204999999998,-6417.945,284.265,-29678.76,-11520.225,-4366.62
-11100.914999999999,-11601.945,-21987.719999999998,-6382.98,338.985,-29607.344999999998,-11508.705,-4422.42
-11085.48,-11597.085,-21976.11,-6314.355,433.755,-29575.215,-11513.609999999999,-4411.575
-11054.115,-11575.17,-21968.055,-6328.53,405.405,-29610.18,-11529.855,-4373.28
-11084.67,-11585.789999999999,-21962.969999999998,-6366.014999999999,350.41499999999996,-29633.805,-11557.89,-4412.835
-11151.404999999999,-11561.4,-21991.004999999997,-6432.929999999999,332.505,-29656.98,-11616.39,-4560.705
-11189.97,-11564.055,-21921.57,-6356.7,380.29499999999996,-29667.735,-11635.064999999999,-4607.19
-11133.314999999999,-11576.205,-21954.465,-6331.23,406.305,-29645.414999999997,-11597.67,-4470.389999999999
-11028.689999999999,-11595.195,-22046.129999999997,-6437.79,306.85499999999996,-29673.945,-11570.625,-4283.01
-10978.38,-11571.795,-21989.114999999998,-6350.8949999999995,363.555,-29564.774999999998,-11488.365,-4233.24
-11024.145,-11580.975,-21937.364999999998,-6286.23,404.82,-29539.305,-11495.789999999999,-4319.82
-11055.465,-11596.994999999999,-21974.579999999998,-6329.79,346.995,-29590.289999999997,-11499.48,-4322.34
-11053.08,-11594.25,-21991.14,-6401.295,285.65999999999997,-29635.335,-11502.314999999999,-4193.415
-11037.689999999999,-11662.02,-22094.235,-6510.465,183.42,-29715.66,-11537.46,-4165.74
-11062.71,-11652.39,-22125.239999999998,-6559.155,152.325,-29737.395,-11565.27,-4286.07
-11124.494999999999,-11737.26,-22206.87,-6677.19,140.22,-29750.715,-11585.295,-4329.405
-11101.635,-11708.55,-22181.399999999998,-6665.13,170.73,-29743.335,-11582.324999999999,-4301.82
-11033.505,-11622.24,-22056.704999999998,-6448.7699999999995,303.16499999999996,-29648.295,-11536.109999999999,-4280.58
-11046.6,-11612.564999999999,-21966.03,-6325.605,371.29499999999996,-29602.53,-11506.68,-4301.055
-11040.074999999999,-11551.14,-21933.585,-6333.12,357.03,-29628.18,-11518.65,-4301.37
-11032.47,-11522.34,-21951.809999999998,-6444.179999999999,204.165,-29719.8,-11557.484999999999,-4310.37
-11040.615,-11563.244999999999,-22010.445,-6502.95,177.075,-29736.945,-11532.96,-4298.805
-11063.744999999999,-11594.88,-21996.989999999998,-6431.445,251.91,-29723.175,-11512.529999999999,-4320.945
-11074.32,-11625.029999999999,-22050.809999999998,-6504.165,164.97,-29722.86,-11534.49,-4342.095
-11067.885,-11631.734999999999,-22122.629999999997,-6571.53,122.085,-29637.539999999997,-11533.05,-4334.49
-11072.654999999999,-11601.359999999999,-22021.875,-6429.599999999999,289.84499999999997,-29573.55,-11532.33,-4331.565
-11036.88,-11552.039999999999,-21974.715,-6471.224999999999,312.705,-29609.1,-11530.395,-4312.215
-11040.164999999999,-11569.994999999999,-21986.954999999998,-6467.8949999999995,329.03999999999996,-29602.485,-11508.885,-4309.0199999999995
-11054.52,-11581.605,-22001.895,-6428.384999999999,306.045,-29616.074999999997,-11522.07,-4323.555
-11068.47,-11574.855,-21963.329999999998,-6318.99,337.95,-29610.539999999997,-11531.564999999999,-4336.92
-11075.175,-11607.21,-21997.665,-6345.63,358.65,-29598.12,-11520.72,-4336.695
-11049.57,-11574.314999999999,-21993.39,-6407.505,326.025,-29617.605,-11534.4,-4325.4
-11054.925,-11586.42,-21987.629999999997,-6373.62,370.03499999999997,-29616.975,-11539.619999999999,-4330.845
-11055.645,-11607.21,-22072.815,-6428.925,353.15999999999997,-29620.754999999997,-11530.529999999999,-4324.23
-11083.904999999999,-11675.88,-22161.195,-6513.255,308.61,-29606.625,-11508.3,-4331.565
-11067.75,-11632.994999999999,-22093.155,-6602.759999999999,186.39,-29670.795,-11520.404999999999,-4329.8099999999995
-11069.775,-11637.045,-22113.225,-6563.5199999999995,260.01,-29647.754999999997,-11530.26,-4338.495
-11057.895,-11600.145,-22032.855,-6393.78,432.35999999999996,-29580.66,-11525.49,-4340.025
-11058.119999999999,-11546.189999999999,-21902.895,-6271.514999999999,418.905,-29578.14,-11526.705,-4350.014999999999
-11063.43,-11548.845,-21929.715,-6328.53,266.625,-29631.105,-11539.395,-4373.28
-11061.494999999999,-11528.775,-21912.12,-6358.455,263.34,-29645.864999999998,-11549.789999999999,-4406.67
-11066.49,-11538.09,-21947.715,-6398.55,306.9,-29645.1,-11550.51,-4419.045
-11091.24,-11590.785,-21977.864999999998,-6421.05,357.435,-29603.07,-11527.65,-4412.115
-11070.765,-11654.414999999999,-22047.614999999998,-6447.465,320.58,-29616.03,-11517.795,-4348.08
-11068.154999999999,-11627.189999999999,-22076.01,-6516.585,238.27499999999998,-29657.969999999998,-11535.255,-4332.15
-11084.355,-11545.064999999999,-21975.93,-6414.795,334.17,-29632.32,-11566.755,-4435.605
-11104.605,-11491.74,-21854.565,-6206.49,506.34,-29549.16,-11521.17,-4500.36
-11119.095,-11514.465,-21888.855,-6251.3099999999995,454.455,-29564.055,-11526.39,-4535.595
-11103.75,-11548.215,-21949.379999999997,-6339.0599999999995,369.81,-29601.585,-11540.789999999999,-4435.11
-11044.89,-11671.875,-22151.43,-6594.255,171.45,-29742.434999999998,-11558.564999999999,-4178.655
-11019.779999999999,-11681.324999999999,-22239.135,-6764.4,79.155,-29819.835,-11568.824999999999,-4188.465
-11063.34,-11620.755,-22102.695,-6668.1449999999995,168.57,-29782.485,-11563.785,-4316.085
-11119.05,-11634.255,-22044.555,-6499.08,302.085,-29666.52,-11532.869999999999,-4381.245
-11132.91,-11633.535,-22005.945,-6390.36,265.77,-29602.53,-11534.805,-4352.04
-11036.744999999999,-11590.785,-22032.045,-6410.429999999999,231.70499999999998,-29672.73,-11548.305,-4236.255
-11008.17,-11587.365,-21975.165,-6375.915,229.815,-29713.815,-11564.64,-4224.195
-11013.119999999999,-11616.66,-21993.165,-6399.9,234.35999999999999,-29706.885,-11566.619999999999,-4232.07
-11035.98,-11626.335,-22040.64,-6449.13,237.14999999999998,-29716.829999999998,-11554.02,-4245.705
-11060.775,-11589.57,-21981.149999999998,-6362.054999999999,307.8,-29692.754999999997,-11515.994999999999,-4291.92
-11066.13,-11611.395,-21987.315,-6351.885,338.175,-29677.454999999998,-11520.045,-4313.205
-11061.27,-11587.365,-22004.64,-6407.865,297.135,-29672.414999999997,-11547.945,-4329.2699999999995
-11040.57,-11553.75,-22000.004999999997,-6418.3949999999995,334.17,-29664.405,-11557.26,-4315.23
-11061.27,-11623.32,-22067.28,-6464.429999999999,262.305,-29739.914999999997,-11559.465,-4317.525
-11090.789999999999,-11726.369999999999,-22182.704999999998,-6585.84,157.85999999999999,-29729.25,-11559.42,-4330.665
-11064.779999999999,-11629.305,-22073.805,-6511.365,175.095,-29700.719999999998,-11568.24,-4331.79
-11078.369999999999,-11546.505,-21934.17,-6339.42,348.47999999999996,-29675.34,-11571.119999999999,-4370.3099999999995
-11076.57,-11553.345,-21939.84,-6345.2699999999995,352.08,-29681.82,-11551.994999999999,-4375.889999999999
-11064.33,-11544.615,-21946.995,-6404.535,248.80499999999998,-29690.28,-11537.01,-4363.83
-11063.34,-11569.365,-21960.09,-6399.63,276.93,-29644.245,-11524.32,-4332.555
-11021.805,-11584.08,-22024.89,-6475.95,256.455,-29636.324999999997,-11509.92,-4276.3949999999995
-11050.244999999999,-11638.89,-22143.239999999998,-6581.5199999999995,267.435,-29635.289999999997,-11518.244999999999,-4306.815
-11064.96,-11625.029999999999,-22110.614999999998,-6544.98,327.87,-29611.215,-11515.545,-4317.12
-11048.939999999999,-11580.345,-21995.145,-6442.469999999999,339.435,-29591.864999999998,-11498.625,-4305.6449999999995
-11041.02,-11586.015,-21968.64,-6367.679999999999,395.37,-29623.14,-11521.305,-4311.54
-11043.225,-11573.414999999999,-21990.329999999998,-6367.32,356.085,-29655.719999999998,-11530.26,-4314.915
-11041.244999999999,-11573.505,-21968.954999999998,-6342.929999999999,334.395,-29640.69,-11528.189999999999,-4318.155
-11056.994999999999,-11565.449999999999,-21989.52,-6394.59,271.215,-29645.19,-11536.74,-4357.08
-11075.355,-11578.545,-22008.645,-6436.53,249.03,-29664.18,-11547.449999999999,-4388.67
-11072.52,-11607.48,-21993.975,-6407.099999999999,310.72499999999997,-29638.98,-11535.029999999999,-4364.235
-11077.289999999999,-11596.59,-22001.805,-6340.7699999999995,379.485,-29624.85,-11513.654999999999,-4320.045
-11056.77,-11583.135,-21980.745,-6345.63,343.485,-29667.465,-11508.84,-4301.55
-11070.27,-11574.27,-22017.149999999998,-6445.889999999999,269.145,-29680.335,-11539.755,-4424.67
-11125.89,-11528.46,-21934.215,-6355.17,332.82,-29560.454999999998,-11527.965,-4546.17
-11150.189999999999,-11523.42,-21896.594999999998,-6349.005,350.09999999999997,-29505.914999999997,-11506.32,-4520.7
-11121.57,-11617.154999999999,-22029.93,-6480.315,274.995,-29666.789999999997,-11539.755,-4319.055
-10978.109999999999,-11640.105,-22115.34,-6574.32,197.23499999999999,-29805.524999999998,-11565.81,-4103.37
-10988.82,-11592.9,-22054.905,-6528.0599999999995,157.68,-29799.585,-11564.145,-4193.46
-11025.63,-11577.015,-22041.27,-6512.94,227.16,-29686.004999999997,-11532.645,-4274.1449999999995
-11068.335,-11608.064999999999,-22065.704999999998,-6453.2699999999995,355.995,-29622.69,-11541.6,-4333.5
-11066.445,-11604.24,-22005.585,-6346.755,391.635,-29612.745,-11536.92,-4343.13
-11073.869999999999,-11588.175,-21974.489999999998,-6327.63,394.065,-29587.004999999997,-11507.58,-4372.695
-11096.955,-11544.39,-21897.855,-6295.005,409.5,-29594.969999999998,-11520.27,-4416.885
-11084.31,-11553.84,-21951.765,-6360.165,329.445,-29670.48,-11554.605,-4398.255
-11069.055,-11589.66,-22011.39,-6400.62,276.615,-29686.86,-11545.289999999999,-4346.55
-11053.215,-11603.564999999999,-22032.045,-6423.795,274.545,-29695.14,-11553.39,-4307.805
-11132.369999999999,-11600.64,-22004.64,-6426.495,287.28,-29680.515,-11571.029999999999,-4431.42
-11192.895,-11628.72,-22054.905,-6456.78,301.14,-29669.445,-11606.49,-4592.115
-11178.045,-11636.055,-22132.215,-6508.035,306.27,-29648.789999999997,-11615.939999999999,-4621.32
-11143.755,-11626.515,-22092.614999999998,-6477.525,348.93,-29621.925,-11575.8,-4475.97
-11018.34,-11636.279999999999,-22014.0,-6441.884999999999,304.38,-29685.239999999998,-11534.22,-4145.985
-10901.654999999999,-11610.359999999999,-22035.059999999998,-6453.719999999999,262.34999999999997,-29750.219999999998,-11549.205,-3993.165
-10986.119999999999,-11580.795,-22001.805,-6414.615,258.57,-29770.065,-11562.48,-4160.88
-11032.47,-11605.904999999999,-22021.515,-6436.98,237.285,-29720.43,-11543.175,-4242.78
-11086.02,-11638.305,-21999.78,-6417.134999999999,300.91499999999996,-29660.76,-11522.564999999999,-4302.2699999999995
-11102.445,-11639.744999999999,-22044.78,-6400.755,319.09499999999997,-29683.89,-11497.455,-4355.955
-11075.67,-11574.945,-22019.895,-6479.1449999999995,175.5,-29785.364999999998,-11523.465,-4362.48
-11072.925,-11565.494999999999,-21991.364999999998,-6465.554999999999,176.31,-29731.5,-11537.145,-4359.915
-11047.455,-11569.77,-21981.015,-6405.75,273.375,-29595.735,-11512.529999999999,-4319.01
-11062.125,-11563.244999999999,-22000.86,-6421.23,360.135,-29551.725,-11501.775,-4326.48
-11060.73,-11597.13,-22018.77,-6418.17,365.76,-29642.175,-11520.0,-4294.44
-11042.82,-11595.375,-22003.469999999998,-6401.969999999999,351.585,-29661.03,-11528.73,-4263.795
-11048.58,-11600.414999999999,-22008.555,-6432.12,275.67,-29676.195,-11533.725,-4282.514999999999
-11065.14,-11644.425,-22095.18,-6520.32,214.92,-29690.46,-11548.08,-4300.695
-11096.234999999999,-11664.855,-22136.219999999998,-6572.655,189.09,-29698.289999999997,-11559.33,-4340.385
-11112.57,-11646.09,-22142.61,-6543.134999999999,221.57999999999998,-29714.355,-11586.42,-4394.205
-11128.365,-11655.045,-22104.0,-6455.295,280.26,-29691.539999999997,-11582.145,-4414.905
-11061.99,-11586.33,-22012.155,-6384.0599999999995,328.72499999999997,-29703.78,-11585.789999999999,-4360.005
-11025.765,-11515.814999999999,-21874.905,-6307.38,336.465,-29709.989999999998,-11561.895,-4299.84
-11035.98,-11572.064999999999,-21970.53,-6414.48,238.95,-29723.805,-11529.494999999999,-4260.599999999999
-11078.369999999999,-11661.435,-22077.629999999997,-6498.09,186.70499999999998,-29675.745,-11518.064999999999,-4305.915
-11077.335,-11609.955,-22035.015,-6493.724999999999,211.23,-29613.645,-11514.015,-4324.95
-11053.89,-11542.455,-21958.92,-6362.415,363.96,-29592.045,-11486.835,-4310.91
-11057.939999999999,-11585.07,-22024.754999999997,-6439.634999999999,324.09,-29642.625,-11503.26,-4317.525
-11073.869999999999,-11585.789999999999,-22002.254999999997,-6465.509999999999,304.425,-29654.19,-11522.654999999999,-4335.75
-11065.455,-11569.994999999999,-22007.024999999998,-6495.884999999999,316.08,-29645.504999999997,-11530.215,-4329.09
-11049.84,-11596.59,-22117.364999999998,-6591.465,301.86,-29662.965,-11542.859999999999,-4315.23
-11052.675,-11568.24,-22060.53,-6525.179999999999,316.755,-29675.969999999998,-11552.805,-4325.3099999999995
-11069.1,-11616.029999999999,-22029.795,-6406.2,251.95499999999998,-29697.344999999998,-11543.895,-4330.08
-11059.605,-11602.89,-21990.329999999998,-6392.07,233.37,-29715.074999999997,-11574.99,-4338.09
-11079.494999999999,-11547.135,-21902.805,-6347.295,302.085,-29648.43,-11563.74,-4360.5
-11062.529999999999,-11517.795,-21917.79,-6363.36,260.46,-29638.395,-11540.025,-4342.635
-11041.605,-11505.734999999999,-21922.605,-6304.995,385.56,-29649.78,-11540.295,-4342.005
-11063.88,-11563.83,-21980.565,-6313.7699999999995,437.66999999999996,-29662.289999999997,-11526.3,-4353.525
-11065.545,-11574.494999999999,-22034.07,-6407.639999999999,400.40999999999997,-29623.77,-11529.404999999999,-4354.92
-11108.97,-11663.73,-22125.465,-6455.205,377.90999999999997,-29579.175,-11526.029999999999,-4394.43
-11096.595,-11632.185,-22050.989999999998,-6459.615,319.59,-29598.885,-11535.029999999999,-4409.955
-11122.605,-11577.24,-21964.545,-6397.29,274.455,-29638.215,-11552.039999999999,-4482.315
-11114.189999999999,-11536.47,-21909.465,-6308.594999999999,378.71999999999997,-29611.215,-11532.195,-4475.79
-11059.244999999999,-11544.75,-21942.855,-6356.565,378.53999999999996,-29650.68,-11548.035,-4381.38
-11026.395,-11558.609999999999,-21983.985,-6444.179999999999,278.28,-29732.489999999998,-11555.55,-4318.065
-11070.359999999999,-11641.59,-22042.44,-6510.915,174.915,-29792.969999999998,-11569.949999999999,-4330.889999999999
-11094.255,-11566.619999999999,-21958.739999999998,-6393.24,322.065,-29687.579999999998,-11557.395,-4393.485
-11126.25,-11659.814999999999,-22079.43,-6431.445,366.03,-29554.245,-11513.88,-4335.84
-11120.939999999999,-11673.135,-22075.425,-6438.375,308.745,-29619.629999999997,-11526.57,-4237.2
-11025.404999999999,-11582.955,-22012.155,-6456.6449999999995,207.58499999999998,-29714.355,-11546.505,-4223.34
-11061.404999999999,-11541.6,-21954.465,-6402.15,287.90999999999997,-29699.145,-11541.375,-4342.905
-11108.025,-11580.525,-21991.905,-6403.86,312.16499999999996,-29660.265,-11541.06,-4424.04
-11139.119999999999,-11589.75,-22010.715,-6372.764999999999,357.03,-29597.67,-11548.484999999999,-4487.8949999999995
-11128.23,-11638.17,-22103.28,-6442.5599999999995,302.76,-29599.469999999998,-11539.664999999999,-4423.95
-11079.72,-11621.025,-22077.989999999998,-6477.389999999999,289.17,-29653.289999999997,-11557.08,-4322.565
-11082.51,-11640.06,-22051.305,-6473.5199999999995,237.42,-29703.914999999997,-11555.595,-4238.595
-11041.38,-11663.189999999999,-22132.079999999998,-6611.94,73.8,-29831.715,-11595.195,-4188.825
-11032.47,-11619.81,-22110.39,-6564.78,159.885,-29765.789999999997,-11581.515,-4247.595
-11052.765,-11583.225,-22038.344999999998,-6449.355,310.40999999999997,-29627.01,-11527.154999999999,-4308.3
-11074.05,-11584.439999999999,-21983.94,-6370.83,371.15999999999997,-29609.864999999998,-11509.605,-4341.555
-11066.039999999999,-11575.08,-22016.565,-6419.295,345.555,-29641.905,-11515.365,-4348.755
-11058.57,-11580.75,-22007.475,-6440.355,309.15,-29677.68,-11553.615,-4382.73
-11028.42,-11583.765,-22016.565,-6402.42,341.90999999999997,-29645.055,-11540.789999999999,-4303.26
-11049.57,-11598.164999999999,-21991.905,-6374.61,337.77,-29642.039999999997,-11534.85,-4276.755
-11104.064999999999,-11682.765,-22131.27,-6499.215,224.595,-29710.079999999998,-11570.715,-4307.8949999999995
-11109.6,-11666.205,-22138.245,-6551.415,169.73999999999998,-29727.27,-11581.92,-4334.49
-11063.43,-11572.244999999999,-22022.55,-6484.679999999999,243.26999999999998,-29709.36,-11579.895,-4338.495
-11061.99,-11576.34,-22024.305,-6431.759999999999,377.37,-29626.965,-11525.4,-4318.425
-11068.335,-11589.164999999999,-22010.129999999997,-6467.759999999999,324.675,-29649.375,-11518.605,-4302.945
-11065.994999999999,-11567.07,-21947.76,-6417.0,300.78,-29649.015,-11529.675,-4315.635
-11064.105,-11586.645,-21995.055,-6408.855,321.21,-29658.015,-11541.645,-4320.135
-11066.265,-11594.16,-22014.09,-6386.804999999999,334.395,-29663.37,-11541.869999999999,-4326.03
-11056.32,-11557.439999999999,-21969.135,-6371.054999999999,308.115,-29639.699999999997,-11521.215,-4320.18
-11069.55,-11587.365,-22026.645,-6426.2699999999995,264.28499999999997,-29657.43,-11529.72,-4328.1449999999995
-11077.74,-11596.59,-22038.075,-6462.179999999999,268.38,-29670.074999999997,-11540.07,-4338.9
-11091.779999999999,-11620.664999999999,-22085.19,-6544.62,267.65999999999997,-29676.914999999997,-11549.609999999999,-4351.23
-11071.98,-11591.73,-22068.855,-6511.05,293.895,-29653.289999999997,-11546.55,-4339.17
-11046.779999999999,-11571.029999999999,-22006.17,-6462.179999999999,265.275,-29669.445,-11545.154999999999,-4318.92
-11057.715,-11584.98,-22021.785,-6396.48,327.465,-29644.065,-11547.99,-4324.635
-11077.74,-11596.455,-22003.695,-6360.84,269.90999999999997,-29679.975,-11553.074999999999,-4335.12
-11088.225,-11683.439999999999,-22129.605,-6517.3949999999995,168.29999999999998,-29739.105,-11556.494999999999,-4333.635
-11048.13,-11555.324999999999,-21982.5,-6426.315,271.98,-29742.3,-11589.795,-4327.785
-11032.47,-11509.785,-21919.815,-6365.5199999999995,407.60999999999996,-29645.37,-11538.494999999999,-4315.455
-11019.779999999999,-11515.095,-21967.29,-6425.594999999999,391.77,-29620.485,-11509.064999999999,-4334.13
-11065.365,-11544.345,-21978.855,-6386.085,356.13,-29634.975,-11522.564999999999,-4427.19
-11107.305,-11580.93,-21962.61,-6304.724999999999,352.755,-29646.495,-11537.055,-4475.025
-11137.095,-11594.205,-21937.274999999998,-6303.0599999999995,367.335,-29661.885,-11574.539999999999,-4444.514999999999
-11086.74,-11614.904999999999,-22012.649999999998,-6364.44,342.18,-29674.125,-11569.59,-4315.41
-11070.494999999999,-11631.51,-22022.37,-6388.065,295.02,-29689.605,-11541.555,-4283.505
-11088.045,-11551.59,-21938.805,-6362.865,334.395,-29605.635,-11517.75,-4369.365
-11095.38,-11491.74,-21878.82,-6316.335,378.675,-29546.37,-11506.814999999999,-4441.545
-11156.22,-11594.699999999999,-21937.05,-6323.445,365.13,-29569.59,-11512.98,-4500.54
-11135.564999999999,-11588.31,-22033.62,-6456.554999999999,270.71999999999997,-29627.64,-11559.015,-4511.429999999999
-11123.505,-11531.115,-21941.774999999998,-6403.139999999999,305.01,-29605.545,-11578.77,-4502.07
-11100.015,-11568.869999999999,-21965.715,-6397.0199999999995,276.525,-29677.364999999998,-11589.255,-4409.55
-11052.449999999999,-11610.404999999999,-22022.46,-6410.115,332.055,-29670.39,-11570.76,-4210.065
-11026.26,-11615.58,-22056.524999999998,-6463.665,260.865,-29682.719999999998,-11538.63,-4165.83
-11021.805,-11645.82,-22109.94,-6525.764999999999,205.82999999999998,-29669.085,-11501.279999999999,-4182.885
-11065.545,-11617.83,-22071.105,-6505.785,254.25,-29700.315,-11531.07,-4294.62
-11080.17,-11600.73,-22037.895,-6484.59,298.485,-29719.98,-11552.445,-4329.764999999999
-11095.605,-11618.64,-22060.305,-6574.094999999999,225.405,-29729.385,-11568.195,-4315.23
-11092.095,-11653.515,-22096.26,-6594.255,172.89,-29688.03,-11554.335,-4264.245
-11064.869999999999,-11630.744999999999,-22088.879999999997,-6508.259999999999,203.89499999999998,-29691.0,-11547.9,-4257.2699999999995
-11099.16,-11665.395,-22113.135,-6478.0199999999995,238.005,-29704.454999999998,-11552.625,-4285.08
-11069.145,-11618.595,-22054.77,-6437.655,280.84499999999997,-29685.645,-11546.775,-4302.36
-11051.685,-11585.654999999999,-22020.975,-6436.3949999999995,259.92,-29692.98,-11560.32,-4323.69
-11049.345,-11594.88,-22016.295,-6380.505,299.295,-29661.254999999997,-11545.74,-4324.95
-11047.994999999999,-11561.939999999999,-21971.565,-6341.264999999999,351.18,-29661.93,-11538.855,-4311.0
-11072.295,-11582.955,-22001.219999999998,-6434.37,346.995,-29667.78,-11550.105,-4318.0199999999995
-11081.115,-11643.705,-22134.329999999998,-6559.38,221.535,-29702.204999999998,-11559.779999999999,-4332.195
-11104.65,-11645.82,-22133.295,-6520.995,190.35,-29668.094999999998,-11529.27,-4339.665
-11087.414999999999,-11635.02,-22124.16,-6642.99,140.535,-29697.84,-11534.175,-4329.405
-11101.32,-11657.205,-22203.495,-6694.74,201.285,-29736.18,-11556.135,-4342.815
-11066.805,-11591.955,-22099.725,-6556.455,260.145,-29701.125,-11542.185,-4322.7
-11073.96,-11588.58,-21992.579999999998,-6429.735,303.435,-29646.719999999998,-11525.805,-4329.18
-11076.21,-11599.02,-21979.125,-6308.054999999999,334.575,-29670.03,-11553.48,-4336.155
-11075.984999999999,-11616.93,-22023.719999999998,-6309.495,355.995,-29654.414999999997,-11545.92,-4333.23
-11053.755,-11564.955,-21999.51,-6395.445,344.88,-29665.079999999998,-11548.98,-4321.665
-11050.289999999999,-11543.535,-21934.305,-6368.4,359.59499999999997,-29640.195,-11537.865,-4320.8099999999995
-11068.65,-11562.57,-21981.87,-6402.78,359.055,-29627.954999999998,-11534.76,-4331.79
-11060.91,-11545.83,-21994.245,-6390.09,363.78,-29661.3,-11544.119999999999,-4328.415
-11066.22,-11576.744999999999,-22024.575,-6396.48,353.385,-29675.52,-11548.619999999999,-4327.38
-11082.645,-11626.02,-22071.735,-6437.34,306.99,-29683.26,-11553.705,-4333.95
-11072.16,-11630.475,-22124.07,-6557.355,226.30499999999998,-29714.67,-11563.56,-4333.815
-11059.92,-11538.494999999999,-21939.524999999998,-6396.48,335.96999999999997,-29685.015,-11566.439999999999,-4362.48
-11090.34,-11551.994999999999,-21928.454999999998,-6337.304999999999,374.805,-29646.855,-11553.48,-4408.38
-11088.855,-11536.335,-21922.379999999997,-6351.974999999999,360.85499999999996,-29641.004999999997,-11546.55,-4394.655
-11042.73,-11563.83,-21986.504999999997,-6427.304999999999,312.885,-29633.94,-11525.715,-4316.985
-11030.49,-11591.145,-22059.0,-6521.085,217.845,-29612.565,-11499.93,-4282.245
-11095.875,-11645.64,-22051.665,-6435.855,285.705,-29603.745,-11511.539999999999,-4381.155
-11167.785,-11556.314999999999,-21876.885,-6170.13,530.8199999999999,-29551.14,-11552.984999999999,-4608.99
-11251.89,-11458.89,-21800.879999999997,-6186.915,403.83,-29631.555,-11631.105,-4796.775
-11210.895,-11521.305,-21911.219999999998,-6330.69,285.21,-29702.835,-11637.045,-4672.035
-11135.654999999999,-11614.904999999999,-21990.42,-6393.195,301.22999999999996,-29704.545,-11575.98,-4367.295
-10943.145,-11638.529999999999,-22057.739999999998,-6471.9,240.48,-29750.805,-11527.064999999999,-3983.3999999999996
-10958.49,-11584.664999999999,-22037.805,-6461.775,271.62,-29659.815,-11500.965,-4121.415
-11055.285,-11585.475,-22035.149999999998,-6447.735,309.06,-29625.164999999997,-11515.005,-4306.68
-11105.279999999999,-11625.705,-22048.335,-6422.175,359.055,-29630.16,-11540.475,-4333.095
-11063.925,-11618.145,-22052.61,-6444.719999999999,313.02,-29697.48,-11567.475,-4252.23
-11043.765,-11604.105,-22044.87,-6486.974999999999,222.795,-29739.465,-11573.234999999999,-4197.78
-11071.845,-11624.039999999999,-22055.445,-6496.514999999999,242.05499999999998,-29737.53,-11594.43,-4255.245
-11096.279999999999,-11663.324999999999,-22108.004999999997,-6560.37,233.14499999999998,-29776.14,-11636.82,-4325.4
-11128.23,-11658.465,-22084.29,-6543.719999999999,186.435,-29761.739999999998,-11601.404999999999,-4365.045
-11143.215,-11733.615,-22219.649999999998,-6651.675,75.33,-29795.219999999998,-11583.855,-4364.505
-11096.189999999999,-11633.49,-22079.835,-6469.29,206.91,-29785.86,-11561.895,-4335.615
-11030.67,-11516.265,-21946.545,-6337.215,341.865,-29696.219999999998,-11518.38,-4267.665
-11058.975,-11577.24,-22026.059999999998,-6403.545,293.985,-29665.079999999998,-11511.314999999999,-4300.29
-11094.84,-11639.205,-22093.785,-6543.495,168.435,-29763.045,-11570.22,-4343.355
-11073.51,-11570.085,-21999.285,-6413.625,289.62,-29709.405,-11561.895,-4329.764999999999
-11062.529999999999,-11583.494999999999,-22026.015,-6448.59,319.635,-29655.945,-11541.015,-4324.23
-11091.645,-11646.945,-22102.875,-6488.054999999999,353.745,-29610.27,-11524.32,-4342.365
-11067.48,-11589.975,-22111.92,-6554.925,284.21999999999997,-29650.995,-11521.35,-4320.72
-11055.555,-11572.199999999999,-22056.03,-6522.075,233.37,-29678.805,-11532.689999999999,-4306.86
-11056.725,-11609.369999999999,-22072.815,-6546.24,158.31,-29697.12,-11527.289999999999,-4288.5
-11087.865,-11651.175,-22153.364999999998,-6669.945,76.815,-29726.19,-11531.07,-4318.425
-11122.425,-11683.395,-22212.945,-6637.365,141.75,-29704.59,-11534.445,-4352.715
-11088.63,-11599.38,-22087.62,-6559.695,207.135,-29722.68,-11558.654999999999,-4342.545
-11092.23,-11629.89,-22066.829999999998,-6436.71,311.445,-29655.495,-11521.125,-4333.1849999999995
-11087.55,-11626.02,-22031.73,-6414.48,333.135,-29667.645,-11550.24,-4341.42
-11047.68,-11567.385,-22010.489999999998,-6399.224999999999,327.10499999999996,-29712.375,-11570.805,-4323.735
-11068.74,-11622.465,-22070.835,-6485.715,251.95499999999998,-29731.815,-11551.545,-4322.295
-11079.765,-11619.045,-22076.864999999998,-6566.219999999999,163.71,-29778.704999999998,-11576.97,-4339.62
-11076.615,-11583.855,-22014.18,-6515.1449999999995,212.08499999999998,-29735.91,-11543.85,-4332.24
-11099.16,-11668.725,-22150.305,-6568.605,232.785,-29674.395,-11509.515,-4329.99
-11052.18,-11569.5,-22054.995,-6571.665,191.385,-29629.079999999998,-11497.904999999999,-4306.32
-11068.515,-11584.305,-22031.235,-6496.38,265.32,-29652.39,-11526.93,-4331.295
-11103.255,-11618.369999999999,-22023.719999999998,-6388.605,335.745,-29646.0,-11538.18,-4359.735
-11109.015,-11662.38,-22070.204999999998,-6417.945,309.645,-29669.085,-11542.77,-4356.224999999999
-11090.789999999999,-11599.064999999999,-22037.489999999998,-6389.82,272.61,-29721.015,-11592.539999999999,-4353.57
-11074.32,-11540.205,-21942.0,-6343.065,223.155,-29737.844999999998,-11601.18,-4348.305
-11090.789999999999,-11602.574999999999,-22003.469999999998,-6424.83,227.745,-29715.93,-11576.97,-4375.98
-11120.22,-11629.439999999999,-22106.879999999997,-6598.8,204.39,-29692.664999999997,-11550.195,-4398.21
-11132.055,-11602.755,-22068.18,-6543.9,269.955,-29699.91,-11566.664999999999,-4413.195
-11131.064999999999,-11598.84,-21983.579999999998,-6383.745,311.175,-29712.42,-11575.17,-4410.315
-11165.039999999999,-11598.21,-21975.254999999997,-6355.98,231.20999999999998,-29778.164999999997,-11612.609999999999,-4459.32
-11148.795,-11527.02,-21919.094999999998,-6336.945,316.755,-29711.789999999997,-11612.789999999999,-4492.665
-11122.515,-11554.83,-21949.739999999998,-6338.88,417.10499999999996,-29600.864999999998,-11539.619999999999,-4451.355
-11020.59,-11487.824999999999,-21908.565,-6301.889999999999,446.21999999999997,-29553.12,-11499.525,-4366.44
-10994.535,-11441.16,-21874.59,-6253.155,486.35999999999996,-29543.895,-11517.029999999999,-4395.825
-11037.195,-11432.97,-21850.515,-6259.094999999999,439.425,-29611.53,-11556.99,-4444.92
-11084.49,-11562.795,-21957.614999999998,-6350.355,380.025,-29699.64,-11585.835,-4332.735
-11109.51,-11652.164999999999,-22042.035,-6434.415,338.53499999999997,-29751.704999999998,-11592.72,-4263.525
-11103.255,-11718.99,-22186.26,-6639.03,113.625,-29833.199999999997,-11588.58,-4248.945
-11097.765,-11757.779999999999,-22257.855,-6694.2,78.075,-29761.02,-11532.285,-4234.139999999999
-11146.455,-11792.744999999999,-22307.129999999997,-6771.6449999999995,56.879999999999995,-29696.355,-11515.949999999999,-4284.405
-11081.52,-11700.63,-22242.645,-6708.33,115.92,-29737.395,-11541.24,-4277.745
-11088.404999999999,-11652.21,-22157.19,-6536.745,185.89499999999998,-29762.37,-11555.234999999999,-4312.53
-11097.18,-11590.154999999999,-22021.065,-6448.679999999999,196.47,-29740.545,-11561.939999999999,-4319.415
-11064.465,-11589.615,-22032.09,-6474.24,210.55499999999998,-29699.145,-11540.34,-4265.28
-11073.734999999999,-11638.529999999999,-22090.68,-6532.875,208.17,-29675.114999999998,-11528.505,-4272.345
-11090.88,-11665.845,-22132.079999999998,-6545.474999999999,238.32,-29688.66,-11545.83,-4305.42
-11063.564999999999,-11608.335,-22084.829999999998,-6566.445,219.06,-29809.844999999998,-11607.795,-4315.95
-11053.125,-11553.795,-21998.475,-6523.965,246.87,-29864.204999999998,-11627.145,-4323.599999999999
-11075.265,-11596.77,-22013.415,-6436.304999999999,286.695,-29736.539999999997,-11575.17,-4333.59
-11093.13,-11642.939999999999,-22149.765,-6514.335,197.95499999999998,-29623.094999999998,-11527.695,-4339.62
-11076.84,-11578.23,-22056.66,-6486.389999999999,232.82999999999998,-29622.149999999998,-11536.74,-4335.21
-11088.494999999999,-11621.025,-22019.625,-6447.915,328.68,-29590.02,-11518.02,-4334.085
-11093.49,-11685.555,-22139.28,-6590.79,288.71999999999997,-29660.039999999997,-11532.06,-4328.28
-11072.07,-11656.305,-22200.3,-6688.349999999999,135.405,-29724.57,-11545.109999999999,-4313.43
-11086.56,-11568.555,-22072.454999999998,-6542.28,141.345,-29711.835,-11539.125,-4335.615
-11107.395,-11586.195,-22015.754999999997,-6392.25,298.485,-29654.504999999997,-11542.095,-4348.08
-11116.395,-11643.57,-22026.78,-6322.365,370.84499999999997,-29648.024999999998,-11543.265,-4348.215
-11085.255,-11616.93,-22027.815,-6397.29,270.945,-29720.024999999998,-11572.83,-4337.595
-11092.365,-11586.33,-22026.69,-6456.554999999999,207.35999999999999,-29728.079999999998,-11579.22,-4355.82
-11100.105,-11604.914999999999,-22016.969999999998,-6414.075,250.01999999999998,-29687.895,-11548.664999999999,-4369.139999999999
-11109.555,-11648.654999999999,-22032.18,-6370.0199999999995,334.34999999999997,-29644.379999999997,-11542.59,-4389.389999999999
-11126.789999999999,-11616.255,-22081.094999999998,-6442.245,309.645,-29674.305,-11564.145,-4404.42
-11130.435,-11558.07,-21974.489999999998,-6385.59,339.255,-29642.039999999997,-11538.045,-4411.62
-11100.96,-11506.32,-21857.67,-6331.094999999999,368.46,-29590.199999999997,-11502.63,-4411.62
-11104.515,-11561.625,-21987.54,-6504.165,230.57999999999998,-29641.5,-11537.775,-4435.695
-11091.015,-11482.965,-21884.94,-6411.195,224.685,-29630.295,-11532.779999999999,-4481.415
-11134.26,-11544.029999999999,-22006.305,-6476.94,244.98,-29623.364999999998,-11560.095,-4540.995
-11119.904999999999,-11563.02,-21971.969999999998,-6307.514999999999,464.53499999999997,-29615.175,-11550.285,-4439.745
-11067.705,-11614.365,-22010.715,-6327.99,432.63,-29668.274999999998,-11570.805,-4278.69
-11030.939999999999,-11641.59,-22105.8,-6485.49,318.42,-29705.355,-11584.529999999999,-4229.099999999999
-11073.42,-11622.689999999999,-22089.285,-6507.719999999999,275.805,-29727.765,-11597.13,-4288.275
-11158.875,-11710.574999999999,-22192.695,-6611.445,190.35,-29774.07,-11593.439999999999,-4345.65
-11156.355,-11730.645,-22203.855,-6627.33,129.87,-29790.719999999998,-11615.355,-4384.889999999999
-11098.98,-11659.68,-22101.57,-6532.92,105.92999999999999,-29797.02,-11622.689999999999,-4295.565
-11033.73,-11575.619999999999,-22023.36,-6457.7699999999995,173.565,-29753.37,-11584.98,-4248.0
-11052.675,-11598.074999999999,-22062.42,-6546.78,213.61499999999998,-29729.52,-11535.164999999999,-4268.7
-11047.77,-11628.945,-22048.785,-6505.335,220.995,-29768.895,-11563.47,-4243.7699999999995
-11069.055,-11623.59,-22023.315,-6388.83,218.655,-29764.26,-11592.99,-4273.965
-11109.24,-11627.595,-22071.915,-6433.83,235.035,-29724.39,-11579.265,-4337.595
-11110.41,-11645.505,-22095.629999999997,-6454.71,334.26,-29680.245,-11583.18,-4370.13
-11097.72,-11587.949999999999,-22034.879999999997,-6433.065,388.62,-29697.12,-11571.93,-4367.88
-11080.619999999999,-11548.08,-21995.145,-6470.1449999999995,275.805,-29732.895,-11542.904999999999,-4336.47
-11085.525,-11598.164999999999,-22043.879999999997,-6463.259999999999,253.62,-29745.539999999997,-11542.275,-4305.285
-11080.89,-11588.805,-22009.14,-6389.01,331.92,-29635.965,-11531.205,-4303.755
-11079.855,-11586.465,-21989.114999999998,-6377.625,335.385,-29576.07,-11514.105,-4307.355
-11103.93,-11624.67,-22030.829999999998,-6426.945,249.435,-29688.03,-11566.619999999999,-4347.2699999999995
-11118.465,-11636.055,-22088.879999999997,-6517.71,193.005,-29755.44,-11602.439999999999,-4383.36
-11080.215,-11581.064999999999,-22075.559999999998,-6529.59,262.305,-29703.914999999997,-11595.15,-4378.68
-11081.789999999999,-11578.05,-22067.91,-6451.695,335.835,-29668.545,-11570.535,-4374.45
-11082.869999999999,-11572.47,-22027.95,-6423.255,289.17,-29642.94,-11535.164999999999,-4334.49
-11108.97,-11621.34,-22063.274999999998,-6504.795,206.01,-29709.719999999998,-11552.039999999999,-4331.115
-11073.824999999999,-11551.14,-21963.51,-6466.275,216.945,-29732.985,-11549.654999999999,-4331.34
-11059.47,-11566.664999999999,-21978.989999999998,-6470.37,220.67999999999998,-29699.46,-11526.029999999999,-4296.87
-11065.77,-11612.654999999999,-22048.155,-6454.575,274.32,-29639.07,-11516.715,-4284.2699999999995
-11078.64,-11635.47,-22079.295,-6464.61,266.445,-29632.59,-11529.27,-4310.82
-11074.77,-11609.279999999999,-22072.004999999997,-6483.554999999999,206.37,-29658.645,-11543.715,-4325.445
-11072.925,-11585.385,-22029.614999999998,-6454.215,221.355,-29696.219999999998,-11548.17,-4325.264999999999
-11096.865,-11634.885,-22030.739999999998,-6380.01,338.31,-29699.055,-11549.115,-4337.73
-11086.56,-11613.645,-22015.62,-6390.405,417.10499999999996,-29683.305,-11554.335,-4337.505
-11077.65,-11585.07,-22050.629999999997,-6472.575,308.295,-29687.67,-11558.16,-4335.615
-11094.525,-11629.755,-22055.175,-6455.79,235.79999999999998,-29683.664999999997,-11551.68,-4339.215
-11104.289999999999,-11621.744999999999,-22090.004999999997,-6561.0,239.67,-29693.879999999997,-11548.439999999999,-4342.23
-11076.975,-11640.42,-22175.954999999998,-6697.53,137.16,-29735.055,-11554.605,-4320.54
-11088.135,-11645.595,-22182.57,-6674.13,176.625,-29746.664999999997,-11571.57,-4335.255
-11080.17,-11565.585,-22010.129999999997,-6470.19,291.645,-29715.344999999998,-11575.08,-4342.139999999999
-11067.66,-11538.81,-21900.6,-6298.29,363.96,-29694.375,-11583.27,-4348.215
-11042.82,-11537.189999999999,-21917.79,-6226.74,396.18,-29655.989999999998,-11562.345,-4336.245
-11054.88,-11519.955,-21940.379999999997,-6273.36,385.335,-29648.385,-11555.1,-4365.54
-11148.93,-11526.75,-21918.239999999998,-6323.49,362.88,-29599.065,-11549.385,-4503.554999999999
-11187.675,-11537.279999999999,-21917.655,-6335.639999999999,374.445,-29579.625,-11547.27,-4607.955
-11182.365,-11553.39,-21938.175,-6374.07,400.635,-29568.645,-11539.439999999999,-4581.495
-11113.244999999999,-11622.24,-22060.17,-6525.45,386.505,-29594.789999999997,-11506.05,-4334.355
-11024.595,-11643.66,-22174.649999999998,-6647.175,210.015,-29708.414999999997,-11551.095,-4134.825
-11031.39,-11625.029999999999,-22117.545,-6477.21,199.935,-29743.335,-11567.88,-4222.755
-11069.73,-11569.77,-21996.945,-6329.205,307.215,-29687.399999999998,-11556.9,-4378.005
-11101.904999999999,-11493.135,-21874.59,-6253.2,422.23499999999996,-29650.364999999998,-11574.675,-4464.54
-11099.699999999999,-11530.8,-21903.434999999998,-6281.639999999999,406.53,-29700.539999999997,-11592.18,-4394.25
-11086.875,-11636.64,-22034.295,-6418.304999999999,237.95999999999998,-29818.844999999998,-11623.725,-4257.405
-11085.795,-11668.05,-22096.575,-6492.825,206.95499999999998,-29780.82,-11612.205,-4249.62
-11126.789999999999,-11653.605,-22089.87,-6472.889999999999,222.57,-29709.539999999997,-11588.22,-4355.055
-11171.16,-11651.265,-22073.579999999998,-6470.235,183.555,-29750.579999999998,-11596.545,-4457.655
-11134.664999999999,-11613.195,-22031.055,-6454.98,214.33499999999998,-29811.914999999997,-11599.965,-4410.8099999999995
-11099.744999999999,-11584.035,-22006.62,-6425.82,310.635,-29746.44,-11578.77,-4346.639999999999
-11071.845,-11615.805,-22077.855,-6495.705,274.32,-29645.01,-11533.77,-4250.16
-11056.005,-11652.029999999999,-22104.18,-6461.639999999999,299.78999999999996,-29621.204999999998,-11527.199999999999,-4240.349999999999
-11059.74,-11623.095,-22047.03,-6455.88,274.32,-29711.43,-11576.97,-4278.555
-11077.064999999999,-11635.154999999999,-22081.32,-6510.014999999999,192.87,-29774.295,-11605.635,-4282.695
-11058.975,-11600.324999999999,-22066.29,-6510.285,178.42499999999998,-29738.655,-11590.109999999999,-4273.74
-11076.93,-11611.664999999999,-22072.23,-6506.594999999999,274.95,-29680.965,-11562.93,-4308.389999999999
-11108.564999999999,-11658.15,-22134.78,-6542.415,276.75,-29721.285,-11553.57,-4329.135
-11105.82,-11666.43,-22147.245,-6580.215,162.945,-29799.855,-11592.855,-4333.095
-11102.175,-11664.359999999999,-22098.059999999998,-6459.525,245.97,-29745.18,-11578.275,-4332.599999999999
-11098.8,-11567.34,-21962.655,-6378.12,314.055,-29643.12,-11533.545,-4339.845
-11104.875,-11585.564999999999,-22015.89,-6490.8,239.94,-29652.66,-11530.529999999999,-4347.54
-11113.74,-11612.385,-22054.725,-6505.425,301.185,-29664.36,-11556.09,-4365.945
-11069.955,-11569.635,-22035.465,-6478.65,360.135,-29640.059999999998,-11538.539999999999,-4330.8
-11054.025,-11566.08,-22046.715,-6495.48,244.48499999999999,-29687.67,-11551.275,-4315.5
-11082.869999999999,-11620.98,-22127.129999999997,-6556.365,142.605,-29727.225,-11564.369999999999,-4339.755
-11101.14,-11611.98,-22064.579999999998,-6619.139999999999,113.22,-29729.295,-11563.74,-4347.2699999999995
-11089.89,-11583.494999999999,-22012.02,-6554.969999999999,203.08499999999998,-29725.649999999998,-11577.689999999999,-4346.19
-11069.82,-11581.335,-22052.655,-6502.634999999999,280.125,-29730.105,-11584.125,-4323.33
-11068.74,-11584.619999999999,-22074.84,-6421.995,305.775,-29759.76,-11586.105,-4322.79
-11101.814999999999,-11646.27,-22075.29,-6349.5,323.775,-29713.905,-11566.98,-4338.18
-11126.205,-11691.045,-22132.17,-6478.245,238.45499999999998,-29685.645,-11563.965,-4354.92
-11080.08,-11548.89,-21959.91,-6481.304999999999,270.405,-29686.725,-11567.97,-4348.98
-11105.55,-11566.08,-21904.965,-6366.69,325.97999999999996,-29701.53,-11567.475,-4379.264999999999
-11107.484999999999,-11570.58,-21948.48,-6312.69,345.33,-29710.35,-11573.73,-4381.785
-11084.58,-11564.865,-21960.0,-6305.58,349.83,-29706.3,-11564.189999999999,-4350.78
-11060.145,-11582.775,-22026.059999999998,-6388.74,363.195,-29669.535,-11539.71,-4321.26
-11084.039999999999,-11551.59,-21976.425,-6396.57,348.525,-29661.03,-11532.285,-4392.54
-11103.39,-11548.98,-21947.579999999998,-6333.21,357.255,-29661.84,-11538.404999999999,-4430.565
-11117.88,-11547.945,-21940.335,-6317.73,376.65,-29631.105,-11532.96,-4384.98
-11067.93,-11584.08,-21971.61,-6372.63,358.02,-29668.77,-11562.435,-4259.5199999999995
-11039.085,-11583.27,-22028.399999999998,-6458.715,297.45,-29692.395,-11568.824999999999,-4241.5199999999995
-11065.545,-11591.055,-22048.155,-6499.44,260.59499999999997,-29679.12,-11548.845,-4303.215
-11101.32,-11588.58,-22050.809999999998,-6474.915,322.425,-29635.559999999998,-11532.51,-4392.495
-11157.074999999999,-11614.904999999999,-22096.575,-6519.69,331.46999999999997,-29632.995,-11543.76,-4481.865
-11158.47,-11608.289999999999,-22038.03,-6459.389999999999,298.84499999999997,-29651.985,-11561.445,-4509.54
-11126.475,-11560.14,-21972.239999999998,-6358.41,319.40999999999997,-29721.105,-11594.25,-4499.55
-11086.289999999999,-11538.81,-21948.075,-6349.905,325.53,-29697.12,-11594.699999999999,-4433.715
-11093.984999999999,-11553.39,-21964.23,-6377.535,322.78499999999997,-29623.86,-11552.535,-4368.69
-11077.154999999999,-11626.92,-22045.68,-6466.23,224.505,-29712.914999999997,-11567.16,-4218.48
-11038.455,-11631.15,-22049.73,-6431.804999999999,218.20499999999998,-29784.78,-11593.215,-4166.055
-11093.175,-11585.564999999999,-22019.805,-6436.349999999999,260.505,-29766.87,-11597.535,-4295.835
-11128.32,-11584.484999999999,-21995.01,-6378.705,332.37,-29756.835,-11613.96,-4377.87
-11104.92,-11626.425,-22075.965,-6453.179999999999,264.33,-29788.11,-11610.359999999999,-4346.73
-11064.645,-11628.18,-22094.954999999998,-6503.219999999999,236.565,-29764.98,-11575.755,-4226.805
-11060.279999999999,-11638.89,-22095.0,-6507.63,254.79,-29701.754999999997,-11540.744999999999,-4212.2699999999995
-11100.779999999999,-11635.199999999999,-22082.085,-6460.605,293.985,-29686.949999999997,-11546.055,-4302.855
-11090.88,-11591.73,-22008.239999999998,-6382.755,302.265,-29704.995,-11552.939999999999,-4333.68
-11095.154999999999,-11580.3,-21954.735,-6363.405,304.11,-29715.48,-11571.75,-4359.51
-11089.71,-11565.045,-21982.995,-6441.84,278.37,-29715.795,-11575.035,-4363.875
-11074.77,-11573.595,-22047.344999999998,-6527.34,227.25,-29708.91,-11558.295,-4317.03
-11073.734999999999,-11613.375,-22108.77,-6530.4,207.67499999999998,-29701.754999999997,-11546.955,-4299.795
-11076.615,-11604.6,-22069.485,-6525.045,191.385,-29730.015,-11560.994999999999,-4301.055
-11084.85,-11597.76,-22034.61,-6441.48,320.53499999999997,-29698.155,-11560.814999999999,-4315.545
-11081.744999999999,-11580.93,-21998.655,-6385.005,349.965,-29682.27,-11561.22,-4321.845
-11097.225,-11627.775,-22058.91,-6441.165,261.27,-29711.07,-11569.5,-4327.245
-11090.925,-11579.31,-22003.515,-6425.639999999999,216.35999999999999,-29724.3,-11580.029999999999,-4333.995
-11090.205,-11564.055,-21977.415,-6407.73,226.89,-29718.765,-11581.605,-4336.5599999999995
-11094.795,-11627.369999999999,-22080.105,-6454.98,297.405,-29675.295,-11569.23,-4329.99
-11087.414999999999,-11632.68,-22096.934999999998,-6451.875,355.14,-29640.329999999998,-11556.09,-4321.8
-11074.095,-11550.824999999999,-21954.78,-6372.315,350.64,-29656.215,-11546.685,-4321.71
-11084.265,-11569.23,-22020.84,-6508.215,213.75,-29744.954999999998,-11557.89,-4330.845
-11089.845,-11615.175,-22075.739999999998,-6618.33,255.465,-29725.739999999998,-11570.895,-4333.68
-11090.07,-11617.47,-22066.92,-6524.955,354.78,-29667.465,-11564.505,-4333.7699999999995
-11071.439999999999,-11528.82,-21951.675,-6349.094999999999,407.7,-29629.62,-11559.914999999999,-4327.38
-11079.404999999999,-11580.57,-22025.07,-6336.495,319.59,-29682.405,-11577.465,-4331.5199999999995
-11083.455,-11587.23,-21993.12,-6369.389999999999,267.3,-29722.995,-11589.164999999999,-4336.47
-11097.404999999999,-11640.914999999999,-22041.945,-6417.719999999999,294.525,-29709.27,-11567.115,-4335.93
-11106.18,-11623.005,-22095.899999999998,-6533.6849999999995,201.06,-29726.37,-11547.855,-4338.72
-11105.82,-11616.345,-22074.165,-6527.88,193.45499999999998,-29720.655,-11565.0,-4345.65
-11078.324999999999,-11567.34,-22013.864999999998,-6420.33,287.90999999999997,-29695.14,-11585.835,-4336.92
-11096.865,-11565.314999999999,-22023.855,-6446.79,280.71,-29705.535,-11602.08,-4348.62
-11109.555,-11580.029999999999,-22031.055,-6465.599999999999,307.26,-29706.885,-11598.48,-4362.389999999999
-11107.395,-11567.97,-22008.059999999998,-6443.594999999999,328.005,-29688.48,-11585.205,-4388.445
-11123.414999999999,-11560.68,-21977.145,-6380.28,332.955,-29660.76,-11585.564999999999,-4436.37
-11112.345,-11558.789999999999,-21947.76,-6342.255,320.49,-29680.739999999998,-11600.55,-4426.965
-11093.31,-11574.99,-22005.719999999998,-6395.219999999999,303.03,-29647.8,-11571.119999999999,-4359.96
-11106.945,-11623.005,-22070.295,-6455.969999999999,297.315,-29593.934999999998,-11553.074999999999,-4348.485
-11151.99,-11649.779999999999,-22076.954999999998,-6437.7,298.215,-29655.045,-11578.949999999999,-4433.3099999999995
-11178.945,-11556.27,-21935.16,-6343.5599999999995,314.28,-29758.454999999998,-11630.97,-4500.675
-11134.664999999999,-11538.675,-21915.989999999998,-6297.705,359.145,-29776.32,-11644.605,-4451.04
-11088.0,-11511.494999999999,-21916.395,-6296.04,376.91999999999996,-29708.145,-11628.72,-4408.965
-11063.025,-11512.305,-21934.62,-6342.3,367.56,-29641.905,-11609.595,-4374.54
-11084.445,-11543.895,-21962.34,-6354.54,383.66999999999996,-29614.5,-11580.029999999999,-4396.68
-11115.404999999999,-11643.705,-22060.305,-6430.275,323.01,-29681.145,-11564.82,-4299.57
-11035.17,-11654.595,-22106.745,-6507.09,222.345,-29804.985,-11578.949999999999,-4127.58
-11050.875,-11639.654999999999,-22107.105,-6587.639999999999,121.41,-29904.704999999998,-11620.17,-4197.0599999999995
-11066.175,-11622.824999999999,-22119.57,-6646.679999999999,175.76999999999998,-29811.69,-11604.779999999999,-4250.43
-11073.195,-11607.525,-22107.329999999998,-6558.389999999999,350.325,-29599.649999999998,-11547.72,-4295.5199999999995
-11096.64,-11599.154999999999,-22045.95,-6425.054999999999,371.96999999999997,-29579.535,-11556.0,-4327.38
-11109.285,-11585.205,-21963.825,-6286.275,327.645,-29623.725,-11578.365,-4355.325
-11125.845,-11645.189999999999,-22058.01,-6437.88,259.065,-29677.86,-11589.84,-4356.045
-11098.17,-11639.699999999999,-22078.17,-6487.245,219.42,-29702.43,-11593.98,-4324.1849999999995
-11066.625,-11583.81,-22046.489999999998,-6503.355,185.445,-29712.015,-11582.865,-4278.69
-11096.279999999999,-11615.805,-22094.504999999997,-6616.9349999999995,114.705,-29769.795,-11618.685,-4283.37
-11103.255,-11605.77,-22057.965,-6511.95,270.45,-29742.3,-11620.215,-4305.0599999999995
-11085.164999999999,-11579.265,-22021.155,-6376.545,371.07,-29690.055,-11593.8,-4335.615
-11119.814999999999,-11594.654999999999,-22011.795,-6404.535,334.305,-29668.454999999998,-11589.57,-4415.94
-11190.015,-11661.705,-22073.085,-6417.405,311.265,-29680.065,-11596.14,-4482.224999999999
-11168.955,-11629.305,-22025.16,-6398.55,282.33,-29727.989999999998,-11597.895,-4437.179999999999
-11062.395,-11605.455,-22014.045,-6378.705,318.06,-29737.44,-11591.505,-4270.95
-11007.404999999999,-11564.414999999999,-21969.09,-6346.71,343.34999999999997,-29684.204999999998,-11569.005,-4194.9
-11092.41,-11659.455,-22161.105,-6536.429999999999,224.28,-29709.989999999998,-11587.77,-4281.12
-11102.805,-11621.609999999999,-22143.78,-6629.58,215.05499999999998,-29742.254999999997,-11609.82,-4328.1449999999995
-11092.14,-11638.8,-22229.28,-6811.83,111.46499999999999,-29774.25,-11628.045,-4340.7
-11089.935,-11582.865,-22060.215,-6554.745,256.72499999999997,-29703.645,-11594.609999999999,-4341.105
-11065.994999999999,-11531.115,-21930.57,-6299.73,365.31,-29704.815,-11594.34,-4301.775
-11074.904999999999,-11572.515,-22004.73,-6358.995,319.22999999999996,-29749.184999999998,-11620.845,-4300.695
-11130.119999999999,-11638.98,-22071.42,-6438.465,274.23,-29736.629999999997,-11621.16,-4342.545
-11097.27,-11610.9,-22051.079999999998,-6447.105,280.17,-29685.105,-11589.119999999999,-4320.45
-11056.77,-11547.0,-22001.895,-6445.485,274.59,-29693.43,-11597.939999999999,-4302.54
-11053.125,-11548.98,-21992.579999999998,-6423.57,328.77,-29689.649999999998,-11605.59,-4306.365
-11064.779999999999,-11580.57,-22044.329999999998,-6487.514999999999,275.4,-29697.12,-11593.26,-4310.775
-11095.38,-11593.98,-22041.09,-6428.205,305.145,-29663.504999999997,-11582.955,-4333.41
-11097.135,-11561.805,-21953.114999999998,-6301.62,406.755,-29667.105,-11597.58,-4343.715
-11092.68,-11576.295,-21979.395,-6372.945,345.41999999999996,-29763.045,-11619.314999999999,-4345.245
-11079.045,-11553.39,-21961.125,-6371.19,296.09999999999997,-29773.89,-11633.939999999999,-4344.48
-11071.305,-11528.73,-21946.86,-6330.87,324.135,-29736.585,-11622.105,-4332.15
-11082.015,-11580.029999999999,-22012.829999999998,-6402.0599999999995,291.24,-29681.145,-11589.164999999999,-4322.79
-11087.64,-11600.505,-22020.57,-6407.37,296.145,-29709.18,-11598.119999999999,-4322.7
-11098.935,-11570.715,-21999.465,-6408.855,296.685,-29770.02,-11637.72,-4349.115
-11103.119999999999,-11562.39,-21995.145,-6402.33,322.695,-29753.73,-11645.055,-4379.849999999999
-11135.115,-11581.695,-22011.03,-6413.219999999999,283.05,-29715.975,-11630.88,-4458.195
-11149.605,-11585.025,-21994.829999999998,-6360.84,348.93,-29627.82,-11597.715,-4488.165
-11132.82,-11581.425,-22027.905,-6428.474999999999,315.71999999999997,-29596.5,-11579.355,-4441.635
-11075.039999999999,-11545.02,-22009.14,-6455.34,300.555,-29632.545,-11576.07,-4340.745
-11091.105,-11615.4,-22082.715,-6491.655,265.32,-29649.195,-11580.75,-4333.23
-11104.064999999999,-11589.93,-22039.875,-6430.1849999999995,314.505,-29686.274999999998,-11611.529999999999,-4372.29
-11118.869999999999,-11584.035,-22008.465,-6413.67,305.55,-29766.42,-11639.07,-4441.139999999999
-11093.715,-11637.494999999999,-22038.975,-6399.224999999999,327.465,-29748.914999999997,-11603.115,-4403.205
-11112.75,-11629.215,-22026.6,-6417.045,368.41499999999996,-29623.949999999997,-11550.33,-4356.855
-11118.24,-11574.63,-21973.14,-6384.6449999999995,394.02,-29560.364999999998,-11567.34,-4361.535
-11105.865,-11585.295,-22034.79,-6460.425,214.245,-29721.735,-11633.039999999999,-4314.105
-11109.555,-11658.914999999999,-22127.489999999998,-6544.17,107.36999999999999,-29760.074999999997,-11632.32,-4269.195
-11101.005,-11672.145,-22163.04,-6556.365,121.99499999999999,-29756.969999999998,-11599.109999999999,-4253.849999999999
-11091.285,-11618.279999999999,-22085.64,-6498.63,242.86499999999998,-29739.914999999997,-11593.215,-4286.5199999999995
-11125.395,-11647.17,-22099.274999999998,-6407.505,380.745,-29724.614999999998,-11600.685,-4345.245
-11129.535,-11593.664999999999,-22018.815,-6429.69,284.085,-29765.43,-11642.805,-4368.69
-11104.965,-11611.08,-22042.44,-6489.8099999999995,166.68,-29806.379999999997,-11652.345,-4295.565
-11074.185,-11628.27,-22081.004999999997,-6583.005,140.57999999999998,-29758.454999999998,-11612.52,-4242.6449999999995
-11084.355,-11627.1,-22146.165,-6715.53,72.81,-29746.98,-11603.744999999999,-4287.465
-11116.215,-11645.91,-22207.725,-6717.105,109.935,-29743.515,-11626.154999999999,-4334.625
-11112.705,-11647.664999999999,-22163.579999999998,-6521.13,261.405,-29743.829999999998,-11626.154999999999,-4339.8
-11097.945,-11610.045,-22038.075,-6365.565,391.77,-29743.425,-11615.13,-4329.0
-11068.605,-11541.375,-21905.864999999998,-6343.74,382.86,-29756.114999999998,-11616.93,-4313.88
-11065.275,-11557.08,-21982.59,-6534.179999999999,269.09999999999997,-29754.989999999998,-11609.505,-4309.47
-11078.64,-11577.869999999999,-22028.94,-6581.925,254.745,-29746.664999999997,-11613.195,-4321.665
-11089.619999999999,-11585.699999999999,-22065.39,-6522.57,242.685,-29738.655,-11620.89,-4334.67
-11087.595,-11622.465,-22081.77,-6400.98,255.73499999999999,-29695.184999999998,-11584.305,-4322.474999999999
-11101.68,-11664.63,-22091.489999999998,-6394.139999999999,289.53,-29633.895,-11564.595,-4328.865
-11119.904999999999,-11606.22,-21996.765,-6329.969999999999,338.58,-29655.315,-11602.395,-4356.72
-11084.445,-11536.695,-21934.71,-6290.37,381.015,-29676.914999999997,-11613.105,-4336.0199999999995
-11074.365,-11531.925,-21929.355,-6306.344999999999,409.32,-29670.704999999998,-11606.939999999999,-4327.155
-11075.85,-11539.935,-21955.5,-6338.385,392.58,-29656.44,-11599.785,-4329.315
-11090.52,-11575.305,-22027.545,-6422.085,334.755,-29676.239999999998,-11595.24,-4335.12
-11099.564999999999,-11605.59,-22078.89,-6528.6449999999995,265.86,-29726.145,-11610.99,-4341.599999999999
-11086.92,-11573.055,-22029.344999999998,-6495.929999999999,292.635,-29753.64,-11624.4,-4340.205
-11076.57,-11537.055,-21957.39,-6397.965,316.89,-29742.164999999997,-11628.81,-4339.9349999999995
-11093.535,-11576.34,-22011.614999999998,-6404.8949999999995,269.685,-29772.585,-11638.89,-4355.775
-11096.414999999999,-11575.08,-21990.329999999998,-6352.29,334.305,-29716.739999999998,-11622.375,-4356.405
-11095.695,-11565.045,-21973.364999999998,-6351.389999999999,349.245,-29672.774999999998,-11608.515,-4346.055
-11085.705,-11576.25,-21993.03,-6361.92,343.62,-29638.305,-11589.48,-4326.84
-11086.244999999999,-11566.08,-21983.489999999998,-6351.705,346.40999999999997,-29653.695,-11587.814999999999,-4349.565
-11132.595,-11567.43,-21973.905,-6368.535,326.61,-29695.68,-11629.935,-4482.585
-11160.539999999999,-11537.73,-21959.504999999997,-6352.83,359.59499999999997,-29713.004999999997,-11655.765,-4586.804999999999
-11162.654999999999,-11504.295,-21911.94,-6300.945,406.16999999999996,-29670.84,-11630.025,-4583.745
-11122.38,-11542.32,-21933.045,-6282.855,462.375,-29540.699999999997,-11545.38,-4462.0199999999995
-11084.49,-11542.904999999999,-21954.42,-6362.73,368.325,-29519.37,-11514.42,-4369.365
-11111.76,-11594.654999999999,-22063.815,-6519.285,239.94,-29664.09,-11574.99,-4327.605
