ch0,ch1,ch2,ch3,ch4,ch5,ch6,ch7
-8878.32,-11089.529999999999,-20963.114999999998,-5487.615,784.845,-27478.844999999998,-12526.244999999999,-4601.925
-8874.81,-11087.775,-20968.155,-5481.585,798.8399999999999,-27498.87,-12526.38,-4599.63
-8880.119999999999,-11082.914999999999,-20958.704999999998,-5474.115,819.045,-27476.64,-12464.595,-4594.679999999999
-8883.359999999999,-11090.744999999999,-20972.79,-5491.844999999999,816.5699999999999,-27442.89,-12456.449999999999,-4585.1849999999995
-8904.69,-11118.15,-21001.094999999998,-5512.815,811.395,-27405.045,-12431.789999999999,-4600.71
-8926.605,-11131.65,-21010.68,-5517.179999999999,798.2099999999999,-27432.0,-12438.494999999999,-4626.045
-8940.555,-11132.865,-21014.91,-5524.065,784.305,-27475.92,-12471.345,-4643.1449999999995
-8945.595,-11141.1,-21024.675,-5533.065,777.78,-27477.495,-12485.115,-4648.1849999999995
-8952.885,-11156.939999999999,-21032.954999999998,-5535.2699999999995,772.56,-27484.92,-12490.244999999999,-4645.9349999999995
-8952.84,-11136.779999999999,-21021.3,-5524.38,770.67,-27493.245,-12484.98,-4645.3949999999995
-8967.06,-11117.609999999999,-20993.489999999998,-5513.8949999999995,752.04,-27517.32,-12483.045,-4653.63
-8970.93,-11127.555,-21003.255,-5523.344999999999,744.795,-27504.09,-12459.824999999999,-4651.065
-8953.83,-11105.82,-20982.915,-5487.344999999999,804.375,-27433.305,-12410.01,-4643.46
-8938.44,-11087.82,-20965.905,-5460.705,848.8349999999999,-27375.93,-12362.265,-4621.005
-8928.0,-11074.23,-20954.295,-5452.605,856.17,-27361.8,-12350.385,-4602.195
-8941.59,-11082.96,-20963.114999999998,-5467.365,830.52,-27371.07,-12347.145,-4611.6449999999995
-8943.119999999999,-11079.494999999999,-20957.579999999998,-5469.03,804.105,-27402.704999999998,-12392.46,-4612.095
-8962.38,-11095.154999999999,-20976.434999999998,-5481.63,776.295,-27426.555,-12420.81,-4628.025
-8979.119999999999,-11106.99,-20991.87,-5493.375,760.635,-27442.485,-12432.015,-4638.69
-8982.99,-11106.81,-20992.815,-5492.655,775.485,-27434.655,-12417.119999999999,-4633.425
-8988.345,-11115.539999999999,-21005.82,-5501.655,784.53,-27414.09,-12383.55,-4626.72
-8994.645,-11116.305,-21001.545,-5483.835,812.2049999999999,-27392.715,-12364.02,-4627.215
-8994.42,-11105.55,-20985.075,-5472.045,815.76,-27386.594999999998,-12356.189999999999,-4624.245
-8998.47,-11104.335,-20984.175,-5491.755,783.765,-27391.094999999998,-12362.49,-4627.035
-9002.789999999999,-11105.414999999999,-20995.02,-5502.69,791.1,-27383.265,-12362.039999999999,-4626.764999999999
-9016.154999999999,-11122.425,-21028.545,-5533.605,763.425,-27382.905,-12360.869999999999,-4631.13
-9026.505,-11128.994999999999,-21022.965,-5546.205,711.72,-27398.385,-12367.035,-4635.09
-9023.76,-11111.67,-20994.614999999998,-5512.23,735.03,-27399.329999999998,-12376.484999999999,-4632.84
-9026.64,-11102.895,-20990.969999999998,-5478.075,764.865,-27389.745,-12382.605,-4636.53
-9025.74,-11092.14,-20971.934999999998,-5448.87,817.56,-27370.485,-12376.89,-4635.09
-9030.465,-11088.404999999999,-20959.92,-5419.485,837.765,-27341.64,-12361.545,-4633.74
-9032.625,-11083.41,-20949.48,-5403.96,860.9399999999999,-27330.39,-12352.005,-4631.13
-9037.305,-11082.285,-20946.6,-5410.844999999999,854.01,-27330.39,-12361.41,-4640.67
-9040.185,-11077.289999999999,-20934.719999999998,-5402.655,857.16,-27310.274999999998,-12337.875,-4637.925
-9040.095,-11066.355,-20923.92,-5377.05,880.155,-27288.809999999998,-12316.814999999999,-4627.17
-9043.965,-11067.975,-20944.665,-5376.735,878.31,-27277.829999999998,-12307.77,-4615.245
-9039.96,-11070.585,-20946.42,-5382.585,873.045,-27261.135,-12297.914999999999,-4600.304999999999
-9055.529999999999,-11088.99,-20957.219999999998,-5418.0,840.06,-27283.905,-12331.98,-4616.1449999999995
-9067.904999999999,-11099.025,-20964.059999999998,-5433.03,821.475,-27298.17,-12349.125,-4628.655
-9072.81,-11086.154999999999,-20957.805,-5423.625,829.8449999999999,-27288.045,-12339.18,-4631.22
-9068.805,-11066.085,-20939.355,-5401.17,853.92,-27269.73,-12321.9,-4622.67
-9064.305,-11062.619999999999,-20952.855,-5389.65,867.105,-27245.655,-12271.635,-4606.605
-9066.914999999999,-11065.904999999999,-20944.89,-5377.59,875.295,-27227.789999999997,-12262.949999999999,-4605.525
-9077.4,-11070.494999999999,-20924.46,-5384.745,865.53,-27225.539999999997,-12270.465,-4612.455
-9080.865,-11069.685,-20929.95,-5408.91,844.605,-27238.68,-12282.345,-4612.139999999999
-9090.045,-11074.455,-20945.114999999998,-5422.05,831.3299999999999,-27248.895,-12310.154999999999,-4622.22
-9091.89,-11073.824999999999,-20943.045,-5414.94,831.78,-27239.355,-12322.574999999999,-4627.665
-9096.029999999999,-11071.619999999999,-20950.829999999998,-5416.92,830.655,-27227.07,-12303.9,-4640.264999999999
-9099.045,-11054.43,-20924.055,-5386.05,861.7049999999999,-27221.039999999997,-12328.064999999999,-4650.75
-9066.015,-11004.93,-20865.105,-5339.34,900.225,-27189.405,-12321.945,-4622.94
-9037.395,-10975.994999999999,-20841.344999999998,-5320.889999999999,913.05,-27173.07,-12307.005,-4582.665
-9035.369999999999,-10989.135,-20863.44,-5348.025,880.56,-27189.27,-12311.64,-4555.349999999999
-9090.494999999999,-11053.664999999999,-20932.02,-5400.945,832.995,-27196.695,-12303.539999999999,-4581.945
-9178.56,-11150.775,-21027.015,-5482.215,770.895,-27197.19,-12255.57,-4636.17
-9183.465,-11160.855,-21026.52,-5499.585,762.435,-27183.059999999998,-12226.095,-4621.724999999999
-9169.56,-11136.779999999999,-21006.18,-5475.915,784.665,-27151.155,-12244.41,-4622.22
-9172.035,-11141.055,-21015.945,-5467.139999999999,787.905,-27137.969999999998,-12230.1,-4630.7699999999995
-9172.935,-11138.625,-21019.32,-5474.115,776.8349999999999,-27141.48,-12228.119999999999,-4633.74
-9173.744999999999,-11115.945,-20992.184999999998,-5461.65,780.48,-27141.93,-12234.465,-4637.429999999999
-9171.27,-11112.255,-20986.559999999998,-5462.415,769.365,-27143.37,-12241.755,-4632.615
-9157.59,-11104.785,-20985.434999999998,-5465.385,777.42,-27132.48,-12244.545,-4620.78
-9153.135,-11110.365,-20987.505,-5481.855,774.81,-27127.664999999997,-12249.585,-4611.465
-9159.48,-11110.32,-20984.265,-5459.849999999999,795.51,-27123.614999999998,-12251.654999999999,-4619.655
-9166.365,-11095.605,-20969.684999999998,-5420.925,818.055,-27119.879999999997,-12254.22,-4632.165
-9178.38,-11099.115,-20977.649999999998,-5438.205,814.8149999999999,-27103.995,-12236.355,-4654.845
-9203.984999999999,-11113.244999999999,-20993.715,-5463.99,773.145,-27108.315,-12223.89,-4692.87
-9206.055,-11103.66,-20976.434999999998,-5450.085,787.545,-27098.864999999998,-12223.755,-4694.804999999999
-9185.67,-11080.664999999999,-20945.475,-5408.594999999999,851.13,-27077.489999999998,-12230.955,-4667.175
-9149.94,-11070.72,-20932.965,-5376.24,886.3199999999999,-27073.485,-12221.82,-4596.03
-9117.359999999999,-11067.66,-20939.04,-5377.724999999999,888.3,-27064.575,-12207.96,-4546.62
-9122.4,-11065.23,-20945.114999999998,-5397.615,859.68,-27062.954999999998,-12199.32,-4570.47
-9145.215,-11074.455,-20953.079999999998,-5414.8949999999995,825.255,-27062.91,-12196.08,-4600.98
-9160.605,-11082.734999999999,-20960.864999999998,-5414.445,809.775,-27052.829999999998,-12188.88,-4625.595
-9166.095,-11077.56,-20951.01,-5405.535,821.2049999999999,-27034.245,-12172.23,-4630.05
-9183.465,-11072.97,-20937.465,-5383.3949999999995,837.045,-27019.664999999997,-12166.154999999999,-4643.37
-9179.955,-11099.295,-20993.67,-5437.62,797.13,-27042.93,-12178.17,-4624.695
-9157.815,-11101.68,-21003.75,-5460.57,772.02,-27073.305,-12199.32,-4600.53
-9175.635,-11092.05,-20952.855,-5419.08,828.36,-27043.829999999998,-12192.345,-4639.724999999999
-9209.16,-11100.195,-20959.155,-5417.054999999999,847.5749999999999,-27019.89,-12179.654999999999,-4684.5
-9224.369999999999,-11078.91,-20938.005,-5396.4,855.63,-27018.585,-12174.615,-4714.38
-9208.035,-11082.779999999999,-20949.21,-5420.5199999999995,843.885,-27035.55,-12180.914999999999,-4678.29
-9210.869999999999,-11110.185,-20963.925,-5434.695,838.305,-27047.07,-12212.64,-4673.97
-9193.545,-11106.945,-20963.925,-5413.32,843.3449999999999,-27039.914999999997,-12235.32,-4649.849999999999
-9159.48,-11063.07,-20927.745,-5381.595,833.4449999999999,-27027.629999999997,-12236.085,-4620.42
-9150.57,-11038.904999999999,-20913.03,-5388.795,829.26,-27012.42,-12200.265,-4623.165
-9152.82,-11051.91,-20932.515,-5429.34,828.99,-27013.545,-12145.14,-4616.865
-9192.195,-11098.755,-20983.14,-5471.73,839.52,-27010.53,-12119.58,-4637.115
-9177.255,-11082.42,-20965.905,-5454.135,844.875,-26997.57,-12115.35,-4613.04
-9181.215,-11118.33,-20991.78,-5471.91,753.93,-27054.405,-12109.095,-4583.565
-9209.654999999999,-11183.67,-21069.135,-5529.33,691.785,-27102.555,-12105.72,-4579.47
-9208.395,-11189.744999999999,-21095.145,-5575.679999999999,671.5799999999999,-27101.385,-12096.855,-4579.29
-9210.105,-11181.914999999999,-21084.344999999998,-5573.79,682.9649999999999,-27099.675,-12113.775,-4591.755
-9180.135,-11123.414999999999,-21014.73,-5509.62,726.2099999999999,-27091.44,-12164.445,-4591.3949999999995
-9157.68,-11085.255,-20971.53,-5449.455,773.145,-27056.52,-12149.595,-4580.325
-9155.609999999999,-11069.595,-20939.399999999998,-5396.67,839.655,-27013.05,-12118.05,-4587.615
-9164.34,-11056.59,-20900.655,-5322.014999999999,928.395,-26985.329999999998,-12112.605,-4601.79
-9173.115,-11063.43,-20909.745,-5342.3099999999995,906.2099999999999,-26981.954999999998,-12107.564999999999,-4601.429999999999
-9171.045,-11069.595,-20935.125,-5398.065,847.395,-26977.274999999998,-12075.48,-4603.365
-9184.275,-11088.27,-20962.215,-5449.995,791.73,-27005.94,-12084.119999999999,-4620.69
-9189.494999999999,-11103.255,-20978.64,-5470.965,790.6949999999999,-27020.114999999998,-12106.98,-4615.785
-9171.18,-11079.855,-20955.329999999998,-5419.665,854.91,-26993.024999999998,-12097.89,-4604.67
-9182.07,-11098.619999999999,-20980.844999999998,-5454.719999999999,821.43,-26991.135,-12075.48,-4607.73
-9202.859999999999,-11128.994999999999,-21022.965,-5502.465,798.3,-26969.94,-12052.845,-4621.05
-9196.154999999999,-11125.215,-21031.065,-5527.889999999999,779.625,-26976.239999999998,-12051.359999999999,-4612.724999999999
-9180.404999999999,-11118.914999999999,-21045.285,-5565.96,689.895,-27006.344999999998,-12051.359999999999,-4597.2
-9194.58,-11159.369999999999,-21105.765,-5628.375,586.53,-27036.315,-12056.939999999999,-4602.465
-9205.02,-11172.015,-21114.855,-5627.745,608.5799999999999,-27037.89,-12061.71,-4608.72
-9216.63,-11150.055,-21049.515,-5513.13,756.405,-26982.495,-12056.445,-4627.889999999999
-9209.565,-11097.404999999999,-20943.405,-5382.135,876.87,-26950.004999999997,-12065.355,-4639.095
-9185.445,-11050.785,-20889.855,-5340.915,906.5699999999999,-26930.61,-12064.32,-4629.24
-9192.24,-11074.14,-20936.88,-5403.51,867.735,-26914.68,-12042.27,-4627.889999999999
-9202.32,-11098.439999999999,-20965.454999999998,-5425.92,838.0799999999999,-26914.59,-12023.189999999999,-4629.0599999999995
-9191.654999999999,-11089.529999999999,-20950.425,-5398.335,843.5699999999999,-26905.86,-12003.074999999999,-4614.48
-9182.205,-11077.02,-20931.255,-5367.69,843.7049999999999,-26903.61,-12004.56,-4605.615
-9180.225,-11065.14,-20913.344999999998,-5350.1849999999995,854.505,-26899.649999999998,-12011.49,-4608.315
-9176.039999999999,-11052.855,-20897.055,-5339.5199999999995,857.16,-26881.695,-12003.615,-4606.695
-9180.63,-11066.895,-20914.469999999998,-5362.83,843.66,-26882.774999999998,-12002.039999999999,-4610.5199999999995
-9191.34,-11087.369999999999,-20953.485,-5411.34,813.8249999999999,-26892.45,-12006.99,-4617.315
-9193.185,-11090.385,-20960.145,-5422.005,820.26,-26886.465,-12005.73,-4618.035
-9172.125,-11057.265,-20924.145,-5389.29,835.155,-26877.87,-12002.67,-4613.04
-9157.41,-11036.654999999999,-20897.774999999998,-5372.82,862.4699999999999,-26844.344999999998,-11973.914999999999,-4617.764999999999
-9169.199999999999,-11051.1,-20916.675,-5390.054999999999,870.03,-26810.594999999998,-11935.529999999999,-4630.5
-9207.765,-11069.189999999999,-20930.309999999998,-5382.764999999999,873.27,-26796.914999999997,-11935.215,-4663.26
-9239.895,-11092.68,-20954.43,-5418.045,830.0699999999999,-26818.605,-11962.215,-4689.72
-9231.66,-11102.535,-20969.145,-5458.1849999999995,760.41,-26865.36,-12020.355,-4685.4
-9205.74,-11076.84,-20936.88,-5433.389999999999,744.66,-26891.055,-12040.83,-4657.7699999999995
-9188.64,-11073.869999999999,-20930.535,-5430.69,738.405,-26892.225,-12019.05,-4624.965
-9216.99,-11069.189999999999,-20940.48,-5452.245,759.645,-26847.0,-11962.845,-4702.32
-9251.145,-11090.475,-20967.57,-5468.219999999999,815.805,-26804.204999999998,-11928.105,-4739.94
-9253.664999999999,-11096.369999999999,-20985.075,-5563.889999999999,750.15,-26854.785,-11975.805,-4710.105
-9218.88,-11155.68,-21074.94,-5714.594999999999,605.97,-26913.825,-12018.779999999999,-4603.455
-9186.255,-11168.1,-21102.48,-5696.37,644.895,-26889.254999999997,-12033.855,-4551.12
-9182.88,-11117.97,-21056.445,-5561.505,775.62,-26830.934999999998,-11977.335,-4559.715
-9237.69,-11165.76,-21049.425,-5483.565,760.9499999999999,-26854.92,-11944.395,-4566.105
-9227.609999999999,-11145.555,-20988.63,-5362.965,820.62,-26823.105,-11927.43,-4578.75
-9223.92,-11127.689999999999,-20984.535,-5402.16,816.795,-26805.6,-11903.895,-4599.945
-9194.22,-11096.55,-20953.844999999998,-5390.595,827.73,-26787.555,-11918.43,-4604.175
-9166.949999999999,-11056.77,-20920.815,-5394.825,825.93,-26775.629999999997,-11942.055,-4605.03
-9178.02,-11071.71,-20922.795,-5411.34,808.92,-26757.495,-11922.21,-4609.755
-9200.34,-11107.755,-20967.48,-5452.605,771.345,-26783.73,-11923.244999999999,-4614.615
-9261.225,-11140.02,-21014.1,-5484.69,763.425,-26871.075,-12008.34,-4682.25
-9283.904999999999,-11211.75,-21127.995,-5588.865,685.2149999999999,-26887.004999999997,-12023.279999999999,-4699.665
-9221.355,-11160.81,-21121.649999999998,-5554.62,768.285,-26817.75,-11993.445,-4637.474999999999
-9175.275,-11069.369999999999,-20931.434999999998,-5351.355,937.26,-26678.925,-11893.904999999999,-4577.804999999999
-9184.14,-11095.515,-20942.73,-5429.969999999999,785.745,-26727.704999999998,-11887.695,-4581.72
-9234.539999999999,-11189.475,-21069.63,-5548.7699999999995,746.4599999999999,-26743.32,-11912.58,-4627.755
-9226.26,-11182.095,-21063.015,-5490.54,816.525,-26729.28,-11964.42,-4633.605
-9205.965,-11089.755,-20912.265,-5378.445,880.02,-26681.039999999997,-11943.585,-4626.585
-9200.789999999999,-11131.289999999999,-21016.26,-5440.679999999999,814.4549999999999,-26646.93,-11846.609999999999,-4610.745
-9218.16,-11161.574999999999,-21115.215,-5509.665,769.185,-26709.57,-11852.145,-4614.929999999999
-9214.74,-11128.725,-21057.84,-5430.6449999999995,887.535,-26726.85,-11871.314999999999,-4619.5199999999995
-9213.39,-11111.535,-20992.635,-5466.24,848.025,-26712.18,-11897.73,-4626.99
-9248.67,-11141.279999999999,-21013.695,-5544.36,765.36,-26712.405,-11906.414999999999,-4655.429999999999
-9211.5,-11113.785,-21012.885,-5519.295,821.0699999999999,-26681.67,-11836.529999999999,-4639.635
-9236.789999999999,-11127.06,-21101.355,-5711.535,708.975,-26694.45,-11799.18,-4715.01
-9320.4,-11108.43,-21105.27,-5817.78,594.9449999999999,-26702.954999999998,-11811.195,-4883.535
-9336.779999999999,-11114.145,-21082.094999999998,-5679.54,714.87,-26637.795,-11831.895,-4889.79
-9284.58,-11117.07,-21021.704999999998,-5456.88,911.2049999999999,-26605.395,-11853.27,-4729.455
-9153.359999999999,-11043.539999999999,-20858.309999999998,-5236.0199999999995,965.745,-26662.094999999998,-11878.605,-4506.345
-9152.234999999999,-11065.365,-20875.32,-5314.455,804.555,-26768.565,-11935.845,-4538.88
-9243.945,-11131.47,-20964.6,-5423.085,750.015,-26765.145,-11928.555,-4657.095
-9249.255,-11175.48,-20991.015,-5406.12,739.53,-26837.82,-11931.21,-4652.82
-9205.289999999999,-11135.385,-21012.885,-5467.905,697.725,-26900.46,-11958.93,-4634.28
-9202.68,-11091.33,-21028.14,-5466.42,685.7099999999999,-26847.135,-11906.82,-4677.929999999999
-9237.24,-11114.55,-20970.405,-5404.455,788.31,-26670.329999999998,-11796.795,-4725.585
-9275.625,-11208.555,-21061.62,-5578.38,683.055,-26717.309999999998,-11811.555,-4706.955
-9253.08,-11099.205,-20995.695,-5518.8,759.285,-26739.945,-11834.234999999999,-4721.22
-9271.305,-11067.975,-20976.48,-5516.1449999999995,861.435,-26704.215,-11838.15,-4762.08
-9230.085,-11053.08,-20961.989999999998,-5515.38,907.38,-26679.105,-11840.939999999999,-4737.195
-9164.97,-11039.805,-20950.829999999998,-5433.389999999999,913.5899999999999,-26713.53,-11847.015,-4625.28
-9084.15,-11017.619999999999,-20889.18,-5361.795,858.375,-26801.774999999998,-11878.199999999999,-4501.98
-9124.154999999999,-11062.395,-20917.26,-5409.179999999999,757.4399999999999,-26865.945,-11895.795,-4520.295
-9249.119999999999,-11186.279999999999,-21040.649999999998,-5460.3,740.745,-26775.405,-11812.005,-4621.41
-9292.095,-11161.439999999999,-21001.815,-5365.44,892.305,-26657.774999999998,-11775.15,-4714.514999999999
-9279.494999999999,-11086.154999999999,-20914.649999999998,-5341.23,904.86,-26610.975,-11765.654999999999,-4764.78
-9349.83,-11150.595,-20996.415,-5499.09,691.0649999999999,-26744.76,-11816.64,-4842.585
-9341.01,-11168.505,-21023.055,-5483.565,753.165,-26737.739999999998,-11783.07,-4808.565
-9280.8,-11119.14,-20939.265,-5369.264999999999,854.28,-26717.895,-11764.395,-4725.405
-9200.115,-11110.904999999999,-20935.215,-5373.45,868.8149999999999,-26704.44,-11733.75,-4580.01
-9183.42,-11152.17,-21025.035,-5518.98,738.765,-26755.92,-11751.615,-4503.6449999999995
-9167.715,-11124.359999999999,-21025.17,-5562.405,708.795,-26738.055,-11750.535,-4510.08
-9202.994999999999,-11134.215,-21019.905,-5524.83,747.045,-26754.93,-11775.015,-4579.605
-9238.59,-11178.945,-21066.12,-5512.455,801.81,-26749.53,-11757.914999999999,-4624.155
-9225.945,-11164.904999999999,-21054.915,-5494.005,823.41,-26682.39,-11678.039999999999,-4615.47
-9177.119999999999,-11121.074999999999,-21016.98,-5444.955,839.745,-26675.73,-11663.64,-4589.505
-9151.92,-11036.97,-20905.739999999998,-5334.795,921.3299999999999,-26692.245,-11730.824999999999,-4579.47
-9138.779999999999,-11013.885,-20860.559999999998,-5317.335,923.355,-26726.219999999998,-11759.49,-4570.425
-9196.38,-11092.365,-20925.989999999998,-5362.695,871.0649999999999,-26744.715,-11737.215,-4608.54
-9232.289999999999,-11138.31,-20996.64,-5467.139999999999,806.535,-26769.42,-11689.875,-4624.92
-9226.89,-11166.255,-21043.665,-5603.715,747.9,-26778.825,-11694.824999999999,-4642.514999999999
-9213.57,-11140.965,-21027.015,-5574.285,759.9599999999999,-26746.875,-11716.515,-4662.2699999999995
-9207.0,-11101.904999999999,-21071.79,-5519.969999999999,749.0699999999999,-26717.805,-11669.715,-4648.5
-9171.63,-11086.154999999999,-21095.73,-5539.1849999999995,654.975,-26742.329999999998,-11621.744999999999,-4601.835
-9203.445,-11145.555,-21052.934999999998,-5561.955,602.145,-26767.395,-11566.89,-4592.565
-9283.23,-11266.92,-21203.145,-5716.08,572.4,-26800.965,-11494.71,-4618.755
-9294.3,-11287.484999999999,-21320.415,-5908.139999999999,505.125,-26858.34,-11539.664999999999,-4654.53
-9272.654999999999,-11269.71,-21319.559999999998,-5874.344999999999,501.34499999999997,-26882.46,-11563.47,-4663.889999999999
-9289.395,-11148.975,-20984.94,-5428.665,919.53,-26728.739999999998,-11533.095,-4687.47
-9240.57,-11074.14,-20785.995,-5171.804999999999,1023.9749999999999,-26697.69,-11519.145,-4644.0
-9208.17,-11081.564999999999,-20879.73,-5317.245,845.37,-26774.414999999997,-11531.654999999999,-4608.405
-9193.095,-11074.5,-21034.89,-5463.135,806.175,-26750.655,-11515.59,-4593.78
-9224.505,-11120.58,-21136.995,-5522.94,807.5699999999999,-26691.885,-11483.324999999999,-4622.13
-9234.27,-11122.02,-20989.395,-5422.094999999999,857.79,-26645.129999999997,-11446.515,-4651.74
-9266.895,-11166.119999999999,-20998.44,-5600.07,717.165,-26760.645,-11510.055,-4728.014999999999
-9294.345,-11158.56,-21020.579999999998,-5633.505,623.6999999999999,-26837.64,-11548.619999999999,-4766.58
-9263.699999999999,-11111.625,-20952.719999999998,-5472.54,717.435,-26809.065,-11525.22,-4693.7699999999995
-9148.904999999999,-11001.33,-20900.43,-5425.965,820.125,-26774.504999999997,-11503.35,-4582.98
-9081.855,-10925.369999999999,-20840.309999999998,-5436.179999999999,860.535,-26705.204999999998,-11439.359999999999,-4572.045
-9133.92,-10994.984999999999,-20939.579999999998,-5504.985,787.365,-26726.085,-11386.664999999999,-4634.955
-9217.26,-11030.085,-20870.91,-5396.849999999999,794.16,-26763.12,-11414.34,-4694.13
-9209.52,-11052.225,-20883.105,-5410.349999999999,682.3349999999999,-26806.23,-11415.375,-4654.845
-9281.52,-11149.38,-21060.989999999998,-5495.849999999999,751.9499999999999,-26735.265,-11373.21,-4728.42
-9355.365,-11208.824999999999,-21157.965,-5543.82,774.99,-26700.975,-11347.38,-4827.014999999999
-9352.845,-11157.21,-20994.21,-5486.219999999999,720.63,-26717.715,-11289.869999999999,-4784.22
-9281.16,-11096.01,-20913.48,-5446.9349999999995,679.4549999999999,-26783.28,-11286.81,-4680.63
-9298.395,-11139.39,-20981.745,-5484.69,714.24,-26765.594999999998,-11321.369999999999,-4748.355
-9294.21,-11081.295,-20900.79,-5347.125,895.68,-26655.344999999998,-11257.47,-4766.13
-9274.23,-11147.445,-20983.094999999998,-5427.224999999999,833.4449999999999,-26717.67,-11239.02,-4693.95
-9202.77,-11120.805,-21006.945,-5540.8949999999995,742.185,-26743.14,-11174.22,-4613.58
-9148.994999999999,-11102.805,-21003.48,-5546.61,716.805,-26721.315,-11068.154999999999,-4465.53
-9174.33,-11119.814999999999,-21004.739999999998,-5545.304999999999,682.605,-26688.015,-11052.18,-4482.405
-9193.5,-11091.51,-20954.25,-5449.7699999999995,800.685,-26670.285,-11124.675,-4556.07
-9216.045,-11132.955,-20956.77,-5455.304999999999,793.395,-26761.905,-11226.779999999999,-4587.389999999999
-9285.39,-11201.984999999999,-21079.89,-5598.45,716.355,-26851.725,-11250.225,-4644.224999999999
-9259.154999999999,-11111.039999999999,-21025.305,-5566.41,728.28,-26898.66,-11245.5,-4656.69
-9233.19,-11072.205,-20941.155,-5468.3099999999995,752.85,-26843.489999999998,-11188.8,-4628.835
-9212.22,-11144.16,-21044.7,-5577.615,663.525,-26855.28,-11107.395,-4579.514999999999
-9212.355,-11191.545,-21154.364999999998,-5744.474999999999,517.8149999999999,-26895.555,-11065.365,-4572.2699999999995
-9198.63,-11058.66,-21017.835,-5732.01,505.97999999999996,-26922.329999999998,-11093.265,-4596.795
-9265.815,-11152.935,-21086.055,-5577.21,713.655,-26839.53,-11076.164999999999,-4648.1849999999995
-9307.619999999999,-11187.494999999999,-21104.1,-5535.09,708.5699999999999,-26869.454999999998,-11087.46,-4677.3
-9317.205,-11230.109999999999,-21162.735,-5715.585,570.6,-26971.92,-11124.135,-4688.865
-9286.785,-11158.83,-21034.98,-5700.51,620.37,-26994.69,-11125.664999999999,-4677.75
-9277.38,-11143.89,-20975.13,-5597.054999999999,699.435,-26886.78,-11066.535,-4660.83
-9259.244999999999,-11097.404999999999,-20915.684999999998,-5307.255,972.495,-26733.239999999998,-10961.865,-4654.3949999999995
-9207.494999999999,-11042.82,-20931.48,-5315.175,875.25,-26757.989999999998,-10920.645,-4607.505
-9192.105,-11068.02,-21032.055,-5536.844999999999,683.9549999999999,-26867.34,-10968.119999999999,-4583.205
-9215.145,-11085.93,-21075.84,-5618.88,649.935,-26921.07,-11024.82,-4610.88
-9205.695,-11076.57,-20980.395,-5504.67,709.6949999999999,-26883.225,-10994.895,-4606.605
-9183.96,-11061.404999999999,-20912.85,-5572.3949999999995,599.355,-26889.164999999997,-10944.765,-4584.87
-9224.46,-11059.064999999999,-20895.03,-5482.44,695.385,-26883.27,-10948.59,-4624.425
-9219.914999999999,-11066.895,-20913.524999999998,-5364.36,842.535,-26822.565,-10887.074999999999,-4614.615
-9226.845,-11105.189999999999,-20956.545,-5443.83,808.875,-26794.395,-10841.715,-4615.29
-9223.605,-11095.425,-20930.985,-5459.085,823.41,-26790.84,-10807.154999999999,-4602.735
-9241.74,-11173.59,-21094.739999999998,-5649.929999999999,614.61,-26929.17,-10841.535,-4611.24
-9266.535,-11224.439999999999,-21163.68,-5638.545,542.385,-27002.565,-10916.64,-4656.014999999999
-9275.58,-11147.715,-21002.445,-5457.465,657.18,-26974.62,-10972.845,-4710.69
-9263.07,-11096.145,-20892.465,-5494.815,554.805,-27014.355,-10944.63,-4735.71
-9237.105,-11003.445,-20826.27,-5429.205,799.0649999999999,-26923.004999999997,-10844.55,-4779.72
-9276.164999999999,-10933.02,-20760.524999999998,-5293.485,1075.68,-26857.035,-10776.914999999999,-4851.99
-9269.865,-10993.59,-20851.2,-5354.1449999999995,973.2149999999999,-26796.42,-10706.265,-4772.429999999999
-9238.635,-11079.765,-20978.684999999998,-5608.125,676.62,-26888.219999999998,-10766.789999999999,-4681.3949999999995
-9266.175,-11177.189999999999,-21146.715,-5880.195,319.68,-27180.045,-10868.895,-4693.139999999999
-9328.455,-11237.175,-21187.844999999998,-5810.58,436.32,-27195.39,-10861.92,-4732.92
-9307.89,-11161.619999999999,-21009.42,-5493.69,708.795,-27014.535,-10775.925,-4690.9349999999995
-9221.535,-11050.02,-20874.329999999998,-5383.17,777.24,-26902.664999999997,-10705.41,-4630.59
-9192.69,-10987.425,-20837.475,-5358.554999999999,846.855,-26858.475,-10654.965,-4668.615
-9322.92,-11066.895,-20855.745,-5369.445,807.03,-26901.27,-10713.824999999999,-4777.47
-9300.375,-11068.605,-20867.67,-5329.889999999999,814.995,-26955.719999999998,-10761.66,-4748.715
-9202.949999999999,-11028.824999999999,-20867.265,-5354.595,855.36,-26932.995,-10707.66,-4640.49
-9159.795,-11106.18,-20984.67,-5520.465,721.98,-27000.18,-10687.949999999999,-4469.625
-9181.574999999999,-11156.85,-21054.195,-5629.545,505.26,-27124.875,-10741.455,-4449.014999999999
-9216.135,-11166.93,-21051.045,-5583.599999999999,568.8,-27060.66,-10697.49,-4511.925
-9214.065,-11164.545,-21062.07,-5623.0199999999995,639.405,-26972.73,-10649.025,-4534.425
-9240.48,-11145.6,-21037.995,-5596.65,682.245,-26977.77,-10701.945,-4628.295
-9275.49,-11084.22,-20904.885,-5381.82,872.4599999999999,-26905.68,-10671.345,-4668.389999999999
-9260.145,-11162.97,-21007.89,-5475.014999999999,744.48,-26947.079999999998,-10615.185,-4625.55
-9268.83,-11209.77,-21136.95,-5683.365,576.765,-26953.829999999998,-10622.97,-4631.355
-9233.279999999999,-11101.455,-21009.6,-5639.67,657.405,-26904.015,-10595.43,-4613.355
-9186.074999999999,-11104.47,-20950.739999999998,-5466.24,812.79,-26860.14,-10546.74,-4560.075
-9187.965,-11094.39,-20969.774999999998,-5428.98,765.5849999999999,-26911.079999999998,-10562.085,-4551.389999999999
-9194.445,-11031.615,-20934.495,-5529.285,606.42,-27014.265,-10576.125,-4575.96
-9218.205,-11096.1,-21028.725,-5512.139999999999,719.235,-26958.465,-10524.015,-4586.625
-9242.369999999999,-11116.305,-21071.655,-5472.315,829.89,-26929.53,-10520.414999999999,-4604.76
-9216.765,-11069.64,-20904.03,-5459.849999999999,766.755,-26957.565,-10523.205,-4599.45
-9196.289999999999,-11059.02,-20866.094999999998,-5490.945,619.155,-26993.114999999998,-10543.545,-4598.82
-9208.08,-11073.285,-20990.969999999998,-5635.304999999999,493.46999999999997,-27034.02,-10554.705,-4612.905
-9273.015,-11173.5,-21046.364999999998,-5628.78,670.4549999999999,-26984.52,-10531.529999999999,-4652.1449999999995
-9281.385,-11207.744999999999,-21023.145,-5510.429999999999,766.53,-26960.895,-10500.525,-4645.26
-9212.22,-11093.58,-20992.184999999998,-5524.785,629.1899999999999,-27060.434999999998,-10506.465,-4598.865
-9169.199999999999,-11008.439999999999,-20894.625,-5500.53,678.51,-27057.825,-10535.175,-4586.804999999999
-9184.949999999999,-10994.085,-20851.065,-5467.905,764.145,-27012.329999999998,-10554.615,-4611.69
-9237.51,-11141.775,-21041.01,-5552.505,648.72,-27035.954999999998,-10555.02,-4643.415
-9276.119999999999,-11159.189999999999,-21045.195,-5612.8949999999995,485.145,-27079.245,-10576.17,-4670.1449999999995
-9288.765,-11131.83,-20988.765,-5593.995,629.3249999999999,-27021.015,-10551.645,-4682.07
-9262.619999999999,-11086.38,-20953.395,-5552.099999999999,854.775,-26925.164999999997,-10461.105,-4649.67
-9226.755,-11106.855,-21008.385,-5541.255,826.245,-26914.905,-10407.285,-4607.37
-9233.595,-11151.63,-21126.149999999998,-5623.335,643.095,-27036.629999999997,-10428.75,-4612.365
-9284.49,-11189.835,-21089.25,-5602.275,597.06,-27058.32,-10463.22,-4659.705
-9246.195,-11131.92,-20983.364999999998,-5539.86,697.41,-26992.844999999998,-10460.115,-4633.11
-9207.81,-11015.595,-20897.19,-5415.344999999999,849.78,-26927.235,-10453.32,-4622.04
-9237.42,-11062.26,-20945.25,-5476.679999999999,781.155,-26913.465,-10419.435,-4651.785
-9241.515,-11098.71,-20970.45,-5620.094999999999,502.155,-27023.94,-10424.609999999999,-4664.655
-9233.595,-11093.895,-20995.425,-5605.92,511.78499999999997,-27046.44,-10440.045,-4650.929999999999
-9205.695,-11025.99,-20860.829999999998,-5409.495,741.42,-27036.27,-10423.395,-4623.929999999999
-9211.185,-11048.984999999999,-20868.614999999998,-5414.535,805.005,-27066.87,-10412.55,-4653.54
-9228.914999999999,-11005.65,-20838.735,-5402.429999999999,780.2099999999999,-27046.89,-10368.765,-4709.655
-9293.58,-11042.324999999999,-20875.59,-5429.25,772.3349999999999,-26968.86,-10345.545,-4784.175
-9338.625,-11144.564999999999,-20989.934999999998,-5568.57,603.135,-27001.664999999997,-10370.789999999999,-4756.32
-9243.945,-11051.189999999999,-20897.864999999998,-5508.719999999999,665.64,-26977.77,-10431.315,-4725.54
-9197.955,-11023.425,-20882.7,-5458.59,709.02,-26921.61,-10404.99,-4719.599999999999
-9253.215,-11044.08,-20863.17,-5356.349999999999,862.8299999999999,-26854.695,-10323.0,-4739.4
-9288.945,-11137.23,-20879.505,-5291.054999999999,948.4649999999999,-26867.745,-10331.595,-4666.23
-9246.465,-11121.39,-20911.905,-5375.79,850.005,-26971.515,-10373.895,-4518.2699999999995
-9177.48,-11079.314999999999,-20942.91,-5530.679999999999,653.0849999999999,-27063.989999999998,-10404.359999999999,-4460.445
-9145.935,-11036.025,-20928.78,-5618.025,551.0699999999999,-27032.309999999998,-10351.755,-4526.37
-9212.94,-11054.475,-20937.645,-5546.429999999999,666.225,-26895.735,-10290.195,-4661.865
-9268.515,-11093.4,-20916.63,-5378.04,896.0849999999999,-26797.32,-10240.244999999999,-4732.965
-9241.02,-11112.21,-20988.09,-5465.655,818.73,-26904.735,-10182.69,-4635.45
-9261.315,-11187.0,-21081.87,-5595.525,703.035,-26992.395,-10188.27,-4521.285
-9284.445,-11192.22,-21057.344999999998,-5637.105,580.995,-27123.57,-10313.46,-4533.705
-9250.02,-11176.244999999999,-21071.385,-5602.95,556.47,-27157.364999999998,-10352.295,-4555.08
-9221.175,-11121.84,-21057.03,-5657.445,495.405,-27148.5,-10283.31,-4553.6849999999995
-9192.96,-11032.785,-20882.43,-5487.66,674.595,-27025.289999999997,-10280.07,-4565.61
-9213.885,-11067.164999999999,-20884.23,-5379.615,886.3199999999999,-26903.879999999997,-10299.555,-4606.065
-9261.135,-11127.105,-21046.77,-5587.245,721.125,-26970.614999999998,-10302.119999999999,-4648.455
-9284.4,-11172.06,-21108.195,-5661.99,652.68,-27011.16,-10263.015,-4642.29
-9251.595,-11135.654999999999,-21031.739999999998,-5577.795,726.03,-27015.524999999998,-10236.465,-4598.46
-9223.515,-11125.484999999999,-20978.82,-5505.525,709.9649999999999,-27005.85,-10174.005,-4565.565
-9241.56,-11117.52,-20943.675,-5488.38,650.025,-27017.954999999998,-10175.49,-4584.554999999999
-9238.5,-11121.435,-20990.969999999998,-5552.46,594.36,-27035.954999999998,-10185.93,-4595.58
-9217.08,-11117.115,-21065.13,-5752.304999999999,531.27,-27099.09,-10202.895,-4585.23
-9227.789999999999,-11143.305,-21077.954999999998,-5732.73,566.235,-27064.71,-10190.97,-4589.28
-9216.404999999999,-11235.734999999999,-21162.195,-5589.855,661.4549999999999,-27021.239999999998,-10187.19,-4583.295
-9211.095,-11060.82,-20922.795,-5373.855,819.7199999999999,-26950.635,-10192.949999999999,-4604.94
-9237.375,-11029.77,-20879.954999999998,-5434.83,732.1949999999999,-27015.614999999998,-10236.33,-4636.889999999999
-9241.965,-11062.125,-20962.395,-5517.224999999999,747.9,-27034.515,-10239.795,-4639.05
-9250.02,-11055.015,-20905.875,-5463.495,824.265,-27009.719999999998,-10224.99,-4644.99
-9237.105,-11054.654999999999,-20862.855,-5472.585,682.11,-27041.265,-10201.994999999999,-4622.76
-9233.324999999999,-11089.215,-20944.665,-5523.389999999999,518.04,-27091.62,-10186.154999999999,-4596.21
-9234.72,-11105.685,-20986.965,-5560.605,525.78,-27093.375,-10187.145,-4607.595
-9263.07,-11188.664999999999,-21114.809999999998,-5948.73,292.32,-27163.125,-10232.865,-4652.865
-9293.895,-11190.914999999999,-21131.37,-5928.255,572.535,-27075.42,-10248.885,-4691.34
-9265.77,-11114.685,-21022.875,-5664.285,807.795,-26995.905,-10205.01,-4653.405
-9241.47,-11118.6,-20988.405,-5568.795,675.4499999999999,-26978.579999999998,-10111.005,-4596.21
-9236.744999999999,-11080.664999999999,-20892.645,-5370.929999999999,744.525,-26999.01,-10075.59,-4605.3
-9238.005,-11021.939999999999,-20813.489999999998,-5290.74,939.42,-26952.03,-10093.14,-4653.764999999999
-9238.545,-10944.404999999999,-20742.165,-5244.389999999999,975.915,-26934.39,-10133.279999999999,-4747.455
-9216.315,-10899.09,-20701.98,-5200.83,1007.4599999999999,-26922.96,-10163.295,-4759.245
-9196.109999999999,-10915.154999999999,-20733.344999999998,-5233.59,1010.88,-26909.954999999998,-10118.609999999999,-4692.735
-9220.275,-11012.445,-20833.559999999998,-5372.46,860.9399999999999,-26939.61,-10116.359999999999,-4645.125
-9224.505,-11058.3,-20911.364999999998,-5467.679999999999,712.485,-26984.655,-10087.47,-4645.304999999999
-9173.789999999999,-11057.22,-20956.274999999998,-5569.5599999999995,547.785,-27054.405,-10101.15,-4613.58
-9210.42,-11101.32,-20980.8,-5656.005,499.455,-27079.065,-10131.119999999999,-4666.139999999999
-9297.27,-11127.015,-21026.25,-5728.815,598.185,-27023.265,-10126.035,-4752.315
-9369.765,-11184.795,-21031.92,-5612.8949999999995,760.545,-26961.344999999998,-10163.07,-4761.855
-9334.755,-11197.17,-21029.219999999998,-5566.679999999999,843.7049999999999,-26893.754999999997,-10128.24,-4695.345
-9245.789999999999,-11042.82,-20859.885,-5409.09,817.56,-26985.69,-10076.715,-4627.98
-9177.48,-10997.64,-20834.684999999998,-5367.42,673.3349999999999,-27170.37,-10133.19,-4539.599999999999
-9220.23,-11088.945,-20955.375,-5510.34,530.1,-27180.09,-10141.83,-4555.98
-9287.685,-11211.39,-21078.45,-5674.139999999999,473.53499999999997,-27103.995,-10096.605,-4577.67
-9279.18,-11254.41,-21132.945,-5781.825,463.995,-27063.27,-10066.904999999999,-4531.545
-9259.695,-11212.154999999999,-21098.114999999998,-5632.965,685.755,-26994.735,-10008.63,-4503.78
-9206.19,-11114.279999999999,-20947.815,-5371.29,894.105,-26965.44,-9969.48,-4495.275
-9203.76,-11073.06,-20898.719999999998,-5341.679999999999,889.56,-26973.719999999998,-9978.164999999999,-4535.639999999999
-9228.869999999999,-11073.645,-20930.579999999998,-5447.16,718.155,-27014.355,-9994.904999999999,-4575.554999999999
-9229.994999999999,-11090.205,-20970.54,-5550.389999999999,614.25,-27042.975,-10000.619999999999,-4582.304999999999
-9261.9,-11210.085,-21093.03,-5602.95,705.42,-27017.37,-10015.965,-4621.005
-9270.72,-11204.685,-21075.48,-5641.29,718.65,-27035.055,-10051.74,-4671.0
-9280.35,-11110.455,-20985.704999999998,-5729.445,599.5799999999999,-27037.305,-10021.14,-4673.16
-9252.045,-11116.89,-21077.37,-5793.389999999999,503.59499999999997,-27077.489999999998,-10029.015,-4624.875
-9245.744999999999,-11132.055,-21033.899999999998,-5561.28,676.7099999999999,-27048.105,-10049.94,-4596.255
-9227.97,-11077.02,-20955.465,-5347.845,766.845,-27062.055,-10033.065,-4595.58
-9212.67,-11039.445,-20887.335,-5308.11,829.26,-27016.02,-10010.295,-4590.855
-9180.27,-11007.945,-20776.59,-5304.69,896.895,-26960.129999999997,-9982.71,-4560.974999999999
-9162.315,-10988.324999999999,-20762.055,-5315.04,877.4549999999999,-26934.164999999997,-9955.98,-4547.34
-9186.345,-11006.414999999999,-20835.27,-5435.505,785.295,-26957.655,-9949.23,-4567.32
-9220.68,-11097.72,-20980.305,-5672.474999999999,516.555,-27037.62,-9949.904999999999,-4587.12
-9257.265,-11137.05,-21090.87,-5730.84,373.005,-27089.145,-9982.755,-4623.03
-9275.13,-11155.994999999999,-21058.245,-5618.5199999999995,611.595,-27027.719999999998,-10003.68,-4650.84
-9282.24,-11147.22,-20994.885,-5575.365,728.3249999999999,-27040.545,-10021.77,-4661.37
-9232.965,-11054.16,-20907.36,-5531.8949999999995,662.535,-27163.89,-10054.484999999999,-4629.69
-9217.574999999999,-11033.1,-20894.13,-5521.724999999999,692.55,-27132.164999999997,-10063.44,-4623.525
-9227.97,-11061.585,-20918.79,-5475.24,743.22,-27067.094999999998,-10025.145,-4626.045
-9237.195,-11073.914999999999,-20932.02,-5494.724999999999,646.8299999999999,-27029.25,-10018.26,-4629.6449999999995
-9286.154999999999,-11170.439999999999,-21057.704999999998,-5618.61,499.32,-27061.739999999998,-9975.6,-4640.04
-9273.465,-11187.945,-21091.995,-5679.045,524.25,-27091.844999999998,-9923.085,-4604.76
-9228.824999999999,-11086.56,-20946.69,-5552.054999999999,757.845,-27020.16,-9955.845,-4595.76
-9194.355,-11008.664999999999,-20879.19,-5469.615,834.7049999999999,-26963.37,-9939.69,-4612.05
-9200.43,-10974.33,-20814.57,-5359.95,914.0849999999999,-26920.98,-9914.715,-4667.535
-9259.335,-11007.359999999999,-20794.995,-5247.495,1047.51,-26820.27,-9849.779999999999,-4708.71
-9272.789999999999,-11056.814999999999,-20834.415,-5319.72,956.6999999999999,-26897.94,-9870.885,-4681.08
-9177.795,-11068.56,-20883.915,-5383.71,759.78,-27021.69,-9944.145,-4564.26
-9150.029999999999,-11019.105,-20864.295,-5376.33,690.165,-27023.489999999998,-9963.27,-4576.32
-9192.555,-10976.58,-20792.79,-5352.795,797.0849999999999,-27003.78,-9998.73,-4673.205
-9221.355,-10968.345,-20800.8,-5390.955,789.48,-27002.879999999997,-10032.029999999999,-4779.855
-9294.66,-11107.71,-20904.12,-5430.599999999999,795.735,-26958.329999999998,-9967.23,-4795.74
-9395.505,-11177.82,-20968.02,-5464.349999999999,811.8449999999999,-26968.59,-9928.574999999999,-4798.575
-9349.605,-11151.81,-20987.91,-5571.495,642.465,-27079.11,-9891.855,-4697.55
-9269.865,-11182.59,-21099.645,-5812.29,395.09999999999997,-27156.6,-9824.67,-4535.415
-9230.895,-11186.279999999999,-21073.005,-5778.675,375.79499999999996,-27124.739999999998,-9874.44,-4482.9
-9238.635,-11212.425,-21055.815,-5584.41,662.67,-27037.71,-9913.095,-4544.955
-9264.69,-11120.4,-20982.555,-5545.125,712.755,-27057.87,-9900.18,-4649.264999999999
-9310.545,-11060.1,-20939.04,-5543.19,694.26,-27114.795,-9935.595,-4733.01
-9270.315,-11095.74,-20972.61,-5674.455,614.97,-27121.094999999998,-9923.085,-4619.115
-9205.199999999999,-11135.97,-21053.07,-5705.1449999999995,657.36,-27027.405,-9912.15,-4528.755
-9192.734999999999,-11141.324999999999,-21009.69,-5565.78,716.85,-27042.39,-9951.3,-4513.095
-9228.465,-11131.74,-20933.82,-5399.46,791.28,-27061.92,-9957.015,-4573.755
-9261.945,-11124.0,-21005.594999999998,-5463.54,743.7149999999999,-27051.03,-9917.82,-4632.84
-9233.145,-11119.14,-21075.975,-5586.705,644.535,-27080.82,-9872.64,-4585.635
-9237.285,-11107.395,-20997.945,-5627.745,520.0649999999999,-27146.204999999998,-9877.32,-4581.135
-9267.21,-11180.564999999999,-21042.945,-5650.065,570.1949999999999,-27140.445,-9873.539999999999,-4592.07
-9242.369999999999,-11127.285,-21028.905,-5695.155,536.985,-27232.289999999997,-9882.404999999999,-4572.72
-9217.71,-11074.185,-20934.315,-5597.955,600.12,-27182.745,-9848.43,-4559.445
-9233.865,-11067.345,-20841.66,-5375.835,834.2099999999999,-26938.53,-9813.69,-4584.554999999999
-9230.715,-11071.305,-20897.145,-5384.429999999999,922.77,-26890.649999999998,-9801.765,-4588.0199999999995
-9236.025,-11103.84,-21010.14,-5680.844999999999,731.8349999999999,-26981.19,-9816.164999999999,-4589.28
-9235.98,-11076.255,-20928.195,-5622.12,650.655,-27046.44,-9836.19,-4600.304999999999
-9233.595,-11078.369999999999,-20914.829999999998,-5506.785,596.79,-27061.245,-9839.699999999999,-4606.5599999999995
-9235.08,-11095.109999999999,-20931.03,-5477.355,603.27,-27074.07,-9842.039999999999,-4608.855
-9243.27,-11088.314999999999,-20941.245,-5501.969999999999,743.0849999999999,-27060.434999999998,-9864.539999999999,-4622.22
-9222.255,-11069.145,-20957.489999999998,-5580.675,560.97,-27110.52,-9861.21,-4605.255
-9233.955,-11131.425,-21049.92,-5697.0,357.12,-27096.03,-9813.734999999999,-4592.205
-9262.395,-11156.085,-21040.29,-5645.5199999999995,588.1949999999999,-27026.325,-9790.515,-4611.375
-9252.18,-11119.904999999999,-20995.245,-5460.165,856.17,-26991.09,-9787.32,-4611.014999999999
-9237.06,-11052.675,-20883.645,-5333.58,855.5849999999999,-27022.905,-9835.065,-4626.45
-9195.119999999999,-10977.57,-20751.12,-5289.84,901.8,-27004.905,-9842.58,-4614.12
-9164.205,-10987.064999999999,-20806.875,-5406.345,798.795,-27023.129999999997,-9812.34,-4580.91
-9200.115,-11008.574999999999,-20861.864999999998,-5506.469999999999,714.87,-27055.215,-9813.824999999999,-4605.03
-9226.755,-11084.715,-20942.91,-5490.8099999999995,753.93,-27048.69,-9813.42,-4616.6849999999995
-9264.465,-11140.83,-20991.51,-5523.4349999999995,727.3349999999999,-27079.739999999998,-9826.154999999999,-4656.195
-9238.59,-11093.039999999999,-20926.665,-5508.54,682.425,-27046.98,-9829.935,-4674.0599999999995
-9232.875,-11066.58,-20838.329999999998,-5362.5599999999995,750.915,-26990.954999999998,-9814.59,-4693.455
-9246.195,-11058.164999999999,-20878.739999999998,-5418.99,689.22,-27019.125,-9822.015,-4727.655
-9288.72,-11025.27,-20917.35,-5550.885,629.01,-27042.795,-9871.695,-4822.965
-9278.234999999999,-10979.955,-20802.69,-5386.86,854.5949999999999,-26961.39,-9839.07,-4818.735
-9271.755,-11091.914999999999,-20904.12,-5422.005,833.13,-27028.079999999998,-9807.525,-4635.405
-9270.585,-11258.414999999999,-21138.12,-5690.655,570.1949999999999,-27123.75,-9730.529999999999,-4484.115
-9238.994999999999,-11162.43,-21109.77,-5786.099999999999,530.3249999999999,-27109.575,-9685.26,-4531.41
-9203.265,-11037.105,-20929.094999999998,-5554.215,747.9449999999999,-26996.085,-9746.279999999999,-4555.62
-9219.96,-11021.984999999999,-20818.17,-5272.5599999999995,993.6899999999999,-26928.945,-9864.494999999999,-4636.08
-9254.654999999999,-11056.635,-20815.559999999998,-5277.51,939.1949999999999,-26964.225,-9861.48,-4667.445
-9229.365,-11019.42,-20842.92,-5360.625,812.8349999999999,-26989.425,-9807.525,-4685.804999999999
-9287.324999999999,-11113.56,-20968.515,-5521.905,629.595,-27053.55,-9740.115,-4747.95
-9282.33,-11097.27,-20971.71,-5560.29,561.3299999999999,-27096.57,-9735.39,-4752.855
-9296.145,-11101.545,-20943.405,-5551.29,587.52,-27142.605,-9750.465,-4682.34
-9214.92,-11127.96,-20988.045,-5537.88,711.63,-27166.905,-9768.42,-4470.84
-9183.195,-11153.88,-21060.0,-5640.12,578.97,-27215.19,-9810.404999999999,-4407.165
-9227.43,-11134.755,-21023.145,-5709.24,471.195,-27224.864999999998,-9850.635,-4529.745
-9247.23,-11219.85,-21194.46,-6021.405,314.41499999999996,-27290.745,-9897.66,-4574.7
-9297.765,-11263.5,-21242.88,-5968.53,433.395,-27200.61,-9836.19,-4617.63
-9293.94,-11150.279999999999,-21049.92,-5645.745,671.985,-27096.254999999997,-9765.135,-4656.6449999999995
-9302.715,-11148.705,-21069.405,-5692.005,653.76,-27057.96,-9726.164999999999,-4653.855
-9267.525,-11168.64,-21121.965,-5820.255,628.92,-27058.725,-9715.635,-4580.505
-9248.984999999999,-11111.445,-20973.239999999998,-5530.679999999999,719.235,-27127.035,-9748.98,-4573.889999999999
-9290.699999999999,-11127.42,-20932.02,-5394.285,744.3,-27057.195,-9711.81,-4615.514999999999
-9268.605,-11119.14,-20919.555,-5412.87,637.11,-27053.954999999998,-9686.205,-4607.505
-9234.63,-11097.09,-20864.385,-5314.86,842.49,-26915.76,-9657.63,-4589.6849999999995
-9212.94,-11112.48,-20852.82,-5291.19,1008.63,-26849.024999999998,-9662.895,-4568.804999999999
-9194.31,-11092.5,-20928.915,-5424.929999999999,798.03,-27005.039999999997,-9734.13,-4563.72
-9227.925,-11124.449999999999,-21109.14,-5630.715,582.5699999999999,-27127.305,-9773.955,-4598.325
-9260.279999999999,-11118.195,-21086.145,-5587.605,577.845,-27118.17,-9750.285,-4622.355
-9241.289999999999,-11044.845,-20873.43,-5422.455,741.735,-27043.92,-9702.855,-4621.7699999999995
-9250.244999999999,-11066.265,-20874.375,-5399.099999999999,790.65,-27011.879999999997,-9713.115,-4634.639999999999
-9253.755,-11070.63,-20821.005,-5370.03,784.8,-27019.575,-9744.615,-4638.375
-9270.27,-11137.814999999999,-20954.79,-5540.804999999999,619.02,-27067.094999999998,-9740.654999999999,-4633.155
-9260.865,-11138.22,-21015.719999999998,-5672.88,444.375,-27126.945,-9755.91,-4617.99
-9232.335,-11069.82,-20936.52,-5553.2699999999995,583.47,-27119.925,-9803.654999999999,-4621.995
-9253.08,-11105.775,-20991.375,-5574.554999999999,674.91,-27095.579999999998,-9778.904999999999,-4639.905
-9261.63,-11141.414999999999,-21058.065,-5754.33,430.91999999999996,-27211.05,-9776.34,-4632.165
-9256.77,-11124.539999999999,-21042.899999999998,-5848.605,331.335,-27250.649999999998,-9790.199999999999,-4628.655
-9210.285,-11055.105,-20898.0,-5574.42,562.86,-27078.03,-9707.805,-4584.014999999999
-9168.975,-11025.045,-20855.07,-5335.514999999999,1006.425,-26926.515,-9696.69,-4566.87
-9185.13,-10974.42,-20820.015,-5301.495,1054.0349999999999,-26955.899999999998,-9720.81,-4618.304999999999
-9225.404999999999,-11022.84,-20852.505,-5341.005,999.855,-26916.57,-9702.765,-4668.615
-9244.305,-11041.695,-20892.6,-5356.26,946.4399999999999,-26869.184999999998,-9650.565,-4670.1449999999995
-9209.34,-10984.814999999999,-20790.719999999998,-5281.065,907.605,-26901.585,-9650.565,-4632.3
-9172.845,-11006.324999999999,-20815.965,-5314.95,913.365,-26955.989999999998,-9675.494999999999,-4613.715
-9203.13,-11078.414999999999,-20889.945,-5430.554999999999,761.9399999999999,-27051.164999999997,-9686.07,-4599.045
-9293.805,-11181.914999999999,-21053.88,-5706.2699999999995,458.72999999999996,-27190.17,-9682.965,-4616.82
-9367.65,-11213.279999999999,-21108.42,-5813.82,426.96,-27188.145,-9691.695,-4706.325
-9348.3,-11200.365,-21090.105,-5747.445,504.495,-27155.7,-9727.92,-4715.639999999999
-9286.154999999999,-11145.285,-21032.145,-5645.205,632.025,-27082.305,-9729.765,-4681.71
-9221.895,-11003.939999999999,-20847.42,-5397.84,821.16,-27016.469999999998,-9712.845,-4635.764999999999
-9189.494999999999,-10950.164999999999,-20777.265,-5230.98,911.745,-26950.004999999997,-9659.654999999999,-4644.675
-9193.68,-11024.775,-20807.684999999998,-5304.915,859.86,-26995.274999999998,-9655.83,-4589.595
-9259.92,-11146.455,-20974.59,-5556.554999999999,689.175,-27098.504999999997,-9671.535,-4562.6849999999995
-9267.795,-11179.529999999999,-21026.34,-5588.01,659.43,-27113.219999999998,-9759.195,-4604.58
-9203.355,-11079.9,-20949.03,-5584.094999999999,632.88,-27095.76,-9710.595,-4581.2699999999995
-9193.005,-11050.425,-20949.795,-5615.55,569.52,-27057.059999999998,-9688.949999999999,-4581.855
-9229.41,-11141.73,-21052.17,-5677.965,562.635,-27058.23,-9737.505,-4613.8949999999995
-9280.484999999999,-11165.67,-21028.14,-5573.474999999999,695.5649999999999,-27089.864999999998,-9689.13,-4641.12
-9281.789999999999,-11083.14,-20914.515,-5430.375,809.91,-27097.469999999998,-9668.835,-4650.345
-9295.83,-11141.01,-20975.04,-5561.775,648.9449999999999,-27163.664999999997,-9655.289999999999,-4601.7
-9240.164999999999,-11164.814999999999,-21024.765,-5629.275,535.995,-27219.78,-9672.615,-4529.115
-9237.24,-11166.435,-21040.2,-5575.275,575.37,-27133.559999999998,-9641.925,-4553.1449999999995
-9240.66,-11126.789999999999,-21061.395,-5617.17,575.4599999999999,-27119.114999999998,-9635.984999999999,-4570.605
-9239.039999999999,-11135.475,-21063.329999999998,-5756.849999999999,500.625,-27131.805,-9636.48,-4556.205
-9275.58,-11202.615,-21132.855,-5763.33,544.5,-27114.39,-9644.22,-4586.715
-9251.955,-11065.77,-20887.965,-5417.46,882.3149999999999,-27025.739999999998,-9678.105,-4619.79
-9242.46,-11073.42,-20896.695,-5430.105,789.75,-27075.825,-9714.645,-4631.58
-9219.51,-11082.375,-20988.0,-5557.455,654.48,-27062.414999999997,-9678.869999999999,-4603.139999999999
-9232.425,-11095.02,-21059.55,-5599.844999999999,676.53,-27076.905,-9655.83,-4603.095
-9254.609999999999,-11101.59,-20979.63,-5635.215,520.1999999999999,-27186.21,-9654.84,-4612.139999999999
-9279.99,-11153.609999999999,-21036.78,-5769.135,349.46999999999997,-27272.7,-9684.404999999999,-4620.375
-9269.955,-11188.845,-21087.495,-5813.415,485.37,-27161.64,-9663.705,-4606.695
-9243.135,-11194.02,-21124.44,-5786.28,551.97,-27129.015,-9633.779999999999,-4583.16
-9276.57,-11134.305,-21006.899999999998,-5564.07,767.385,-27055.98,-9619.695,-4613.445
-9259.605,-11092.365,-20879.19,-5336.865,876.555,-27076.86,-9639.494999999999,-4626.315
-9280.215,-11114.955,-20934.945,-5440.7699999999995,609.615,-27195.254999999997,-9663.074999999999,-4652.01
-9285.975,-11171.385,-21094.92,-5599.98,564.12,-27183.42,-9642.105,-4648.815
-9282.645,-11161.89,-21001.725,-5477.985,734.895,-27082.8,-9617.31,-4636.889999999999
-9254.34,-11070.404999999999,-20871.405,-5397.3,864.63,-27007.965,-9628.92,-4620.014999999999
-9193.005,-11010.914999999999,-20817.585,-5435.054999999999,814.23,-27044.73,-9662.67,-4589.6849999999995
-9217.17,-11049.435,-20852.28,-5431.86,818.685,-27070.155,-9703.08,-4636.755
-9272.744999999999,-11054.654999999999,-20864.565,-5469.12,743.985,-27132.03,-9735.48,-4739.264999999999
-9257.085,-11022.795,-20881.755,-5475.96,762.885,-27073.035,-9651.69,-4774.995
-9221.13,-10957.949999999999,-20856.149999999998,-5416.469999999999,811.98,-26946.719999999998,-9614.699999999999,-4801.1849999999995
-9196.02,-10877.939999999999,-20728.215,-5324.13,810.045,-26941.815,-9644.535,-4771.08
-9203.31,-10982.97,-20773.17,-5340.0599999999995,795.87,-27007.065,-9634.455,-4586.49
-9152.145,-11063.654999999999,-20879.505,-5427.045,770.4,-27096.84,-9660.285,-4420.665
-9195.164999999999,-11042.145,-20891.295,-5452.469999999999,795.15,-27003.059999999998,-9576.765,-4577.49
-9248.715,-11064.105,-20909.43,-5496.705,774.9449999999999,-26981.504999999997,-9559.98,-4700.07
-9288.9,-11103.93,-20938.59,-5526.179999999999,647.685,-27082.575,-9601.74,-4681.62
-9288.315,-11131.02,-20970.27,-5571.405,559.8,-27188.594999999998,-9669.42,-4598.28
-9268.875,-11158.425,-21016.98,-5594.58,601.6949999999999,-27174.42,-9663.39,-4622.49
-9228.555,-11096.64,-20988.54,-5591.79,611.4599999999999,-27083.34,-9563.67,-4624.514999999999
-9322.74,-11154.15,-21023.505,-5652.99,592.785,-27094.14,-9564.029999999999,-4685.13
-9357.795,-11225.07,-21095.46,-5665.005,616.59,-27163.395,-9640.395,-4691.25
-9283.815,-11149.695,-20977.739999999998,-5515.0199999999995,674.9549999999999,-27207.18,-9706.23,-4645.215
-9308.52,-11129.58,-20959.245,-5539.139999999999,623.0699999999999,-27161.055,-9694.17,-4691.79
-9321.164999999999,-11235.015,-21123.495,-5723.235,519.885,-27162.629999999997,-9638.414999999999,-4675.1849999999995
-9261.27,-11162.295,-21126.239999999998,-5819.3099999999995,542.0699999999999,-27103.23,-9565.515,-4609.44
-9196.74,-11091.285,-21098.114999999998,-5950.304999999999,340.83,-27227.204999999998,-9603.315,-4536.99
-9205.74,-11134.125,-21047.399999999998,-5740.5599999999995,393.705,-27198.36,-9603.855,-4509.315
-9270.63,-11235.51,-21131.594999999998,-5487.075,726.2099999999999,-27117.09,-9599.76,-4553.415
-9269.369999999999,-11152.71,-21030.344999999998,-5447.5199999999995,738.045,-27173.204999999998,-9622.484999999999,-4570.155
-9220.365,-11112.84,-20951.325,-5628.69,552.06,-27217.754999999997,-9639.945,-4535.099999999999
-9234.855,-11148.39,-20994.165,-5607.045,600.48,-27072.719999999998,-9600.795,-4558.7699999999995
-9272.205,-11207.115,-21114.899999999998,-5735.835,432.405,-27078.614999999998,-9636.345,-4623.615
-9314.82,-11193.525,-21074.445,-5715.0,556.92,-27082.664999999997,-9667.17,-4679.37
-9308.115,-11106.27,-20889.63,-5531.4,701.73,-27108.45,-9589.994999999999,-4660.514999999999
-9215.505,-11077.605,-20954.07,-5529.87,670.68,-27181.575,-9535.77,-4569.66
-9248.67,-11181.015,-21149.055,-5747.76,493.83,-27273.735,-9622.845,-4587.705
-9280.305,-11163.33,-21007.395,-5568.84,663.435,-27169.785,-9595.89,-4620.195
-9267.885,-11078.595,-20873.34,-5408.594999999999,781.9649999999999,-27060.254999999997,-9565.515,-4624.514999999999
-9259.289999999999,-11071.89,-20952.315,-5401.665,751.41,-27085.094999999998,-9576.675,-4616.415
-9246.69,-11125.35,-21105.45,-5766.389999999999,461.88,-27196.695,-9567.0,-4591.845
-9228.105,-11104.74,-21066.704999999998,-5891.264999999999,361.935,-27251.414999999997,-9614.07,-4584.42
-9229.005,-11124.404999999999,-21099.915,-5773.365,544.005,-27155.879999999997,-9603.99,-4586.355
-9239.58,-11223.09,-21181.995,-5679.315,662.22,-27094.32,-9556.515,-4584.195
-9251.055,-11151.135,-21025.844999999998,-5498.91,690.03,-27065.61,-9570.69,-4600.53
-9241.289999999999,-11036.295,-20826.315,-5375.025,804.105,-27087.704999999998,-9632.744999999999,-4628.474999999999
-9186.975,-11004.48,-20770.515,-5333.355,846.0,-27068.399999999998,-9665.234999999999,-4606.425
-9145.125,-10945.215,-20773.844999999998,-5409.179999999999,683.55,-27098.235,-9632.025,-4568.715
-9188.055,-11007.494999999999,-20878.29,-5559.66,529.38,-27149.399999999998,-9630.72,-4598.19
-9256.14,-11106.09,-20956.23,-5670.495,599.985,-27147.329999999998,-9592.965,-4630.5
-9294.705,-11184.164999999999,-21003.704999999998,-5655.33,752.4,-27096.39,-9567.449999999999,-4648.905
-9325.574999999999,-11170.89,-21027.825,-5616.179999999999,792.855,-27050.039999999997,-9618.885,-4694.445
-9270.81,-11077.199999999999,-20916.899999999998,-5397.389999999999,827.73,-27023.219999999998,-9628.244999999999,-4681.304999999999
-9254.52,-11077.515,-20874.239999999998,-5325.389999999999,642.3299999999999,-27163.754999999997,-9648.99,-4678.965
-9271.664999999999,-11062.125,-20868.165,-5422.679999999999,444.69,-27210.42,-9580.05,-4685.94
-9253.215,-11028.779999999999,-20860.515,-5529.87,376.515,-27228.914999999997,-9537.48,-4683.735
-9171.855,-10971.045,-20843.055,-5617.844999999999,384.525,-27173.52,-9587.654999999999,-4646.745
-9114.57,-10901.52,-20724.524999999998,-5318.01,870.2099999999999,-26992.079999999998,-9664.47,-4602.24
-9050.715,-10792.529999999999,-20559.105,-4989.465,1308.375,-26842.905,-9617.67,-4506.929999999999
-9152.595,-10940.984999999999,-20727.54,-5215.005,1108.44,-26897.129999999997,-9537.39,-4551.929999999999
-9301.68,-11150.46,-21000.78,-5546.16,704.475,-27038.969999999998,-9512.234999999999,-4697.054999999999
-9393.164999999999,-11191.545,-21092.579999999998,-5743.665,435.87,-27122.67,-9502.965,-4857.705
-9435.6,-11192.49,-21054.555,-5701.724999999999,507.015,-27154.079999999998,-9500.49,-4903.695
-9370.125,-11174.939999999999,-21036.78,-5602.815,688.23,-27124.065,-9515.43,-4784.49
-9281.654999999999,-11229.795,-21137.265,-5688.045,507.555,-27187.559999999998,-9591.39,-4574.295
-9279.27,-11224.89,-21100.77,-5693.715,518.31,-27136.035,-9576.27,-4534.74
-9205.785,-11068.154999999999,-20894.13,-5520.69,688.275,-27085.004999999997,-9545.715,-4508.415
-9160.335,-11065.32,-20932.469999999998,-5521.59,637.245,-27057.87,-9502.199999999999,-4488.255
-9188.055,-11146.814999999999,-21081.87,-5665.679999999999,377.59499999999997,-27217.395,-9503.145,-4512.33
-9289.98,-11180.564999999999,-21089.25,-5802.84,267.525,-27308.295,-9543.06,-4606.245
-9292.455,-11224.71,-21112.829999999998,-5866.74,409.455,-27343.664999999997,-9598.455,-4613.445
-9220.68,-11226.42,-21093.84,-5683.005,719.1899999999999,-27165.42,-9572.49,-4529.745
-9193.005,-11160.855,-21090.78,-5668.29,616.545,-27162.765,-9503.82,-4483.215
-9219.42,-11065.994999999999,-21031.965,-5686.38,410.445,-27255.059999999998,-9579.69,-4574.655
-9248.31,-11027.97,-20897.64,-5559.615,499.72499999999997,-27159.704999999998,-9648.09,-4655.745
-9272.609999999999,-11090.564999999999,-20914.245,-5547.0599999999995,691.65,-27081.855,-9669.69,-4671.45
-9259.244999999999,-11110.41,-20889.045,-5363.639999999999,1049.895,-27022.14,-9632.385,-4637.429999999999
-9249.57,-11127.24,-20982.6,-5491.26,862.38,-27113.805,-9493.199999999999,-4585.005
-9281.07,-11165.715,-21076.065,-5655.014999999999,684.18,-27123.57,-9440.91,-4571.46
-9243.09,-11117.43,-21071.745,-5758.11,536.31,-27195.57,-9502.965,-4573.3949999999995
-9258.525,-11126.835,-21083.04,-5750.054999999999,390.96,-27222.614999999998,-9536.13,-4601.07
-9265.904999999999,-11142.765,-21124.934999999998,-5602.455,563.805,-27144.765,-9516.465,-4603.679999999999
-9273.69,-11157.255,-21035.16,-5521.23,696.3299999999999,-27066.239999999998,-9512.73,-4608.54
-9239.355,-11122.74,-20932.515,-5552.054999999999,632.655,-27074.07,-9533.295,-4593.915
-9240.975,-11068.605,-20886.39,-5557.365,695.385,-27118.395,-9557.414999999999,-4616.1449999999995
-9235.215,-11062.664999999999,-20867.85,-5459.58,821.475,-27107.684999999998,-9561.555,-4616.235
-9239.445,-11051.369999999999,-20894.715,-5492.07,767.3399999999999,-27128.969999999998,-9558.585,-4614.525
-9235.17,-11120.265,-20973.6,-5622.165,588.375,-27189.629999999997,-9555.48,-4601.115
-9250.065,-11145.105,-20996.37,-5605.425,403.60499999999996,-27225.809999999998,-9557.73,-4611.42
-9254.34,-11095.695,-20906.37,-5402.835,717.8399999999999,-27179.19,-9536.805,-4615.47
-9221.445,-11057.039999999999,-20880.54,-5419.125,720.63,-27168.39,-9529.56,-4593.6449999999995
-9236.16,-11057.13,-20930.13,-5532.165,634.41,-27120.195,-9548.82,-4610.385
-9255.824999999999,-11099.07,-20964.51,-5547.24,728.9549999999999,-27064.395,-9570.42,-4636.62
-9254.565,-11070.27,-20912.625,-5488.695,719.685,-27177.975,-9597.42,-4649.22
-9263.34,-11086.154999999999,-20949.795,-5575.455,641.79,-27207.09,-9602.595,-4655.5199999999995
-9265.365,-11124.72,-21010.14,-5652.045,617.625,-27151.379999999997,-9553.14,-4636.485
-9266.265,-11122.515,-20972.79,-5564.34,579.105,-27123.975,-9478.98,-4607.28
-9190.755,-11024.82,-20848.545,-5391.99,673.3349999999999,-27095.175,-9475.065,-4546.845
-9189.0,-10991.475,-20781.855,-5343.345,716.895,-27101.789999999997,-9522.494999999999,-4578.48
-9227.34,-11048.22,-20865.015,-5415.03,755.28,-27077.94,-9546.93,-4653.63
-9268.785,-11088.539999999999,-20899.215,-5455.44,720.4499999999999,-27056.7,-9543.375,-4723.65
-9282.869999999999,-11032.289999999999,-20868.255,-5482.215,679.41,-27084.375,-9589.77,-4742.91
-9269.595,-11075.895,-20913.614999999998,-5460.84,824.355,-27075.239999999998,-9564.84,-4674.735
-9231.525,-11081.52,-20905.245,-5408.594999999999,892.8449999999999,-27036.539999999997,-9469.17,-4624.875
-9233.46,-11026.845,-20889.135,-5444.639999999999,771.0749999999999,-27045.09,-9439.154999999999,-4714.605
-9236.52,-10980.09,-20813.04,-5386.41,786.3299999999999,-27043.11,-9525.33,-4746.96
-9234.539999999999,-11012.67,-20844.045,-5443.38,725.4,-27080.774999999998,-9576.99,-4604.3099999999995
-9260.1,-11207.475,-21064.094999999998,-5643.315,522.18,-27226.395,-9610.695,-4514.22
-9277.965,-11254.545,-21166.605,-5804.46,360.04499999999996,-27346.635,-9563.175,-4539.6449999999995
-9229.904999999999,-11140.38,-21036.105,-5709.33,410.31,-27295.875,-9482.22,-4540.815
-9200.205,-11042.55,-20908.575,-5514.344999999999,693.135,-27155.52,-9450.494999999999,-4549.41
-9191.205,-11002.77,-20845.62,-5406.12,829.98,-27089.325,-9427.59,-4496.445
-9176.13,-11057.265,-20942.19,-5627.205,442.08,-27304.92,-9613.17,-4493.745
-9220.275,-11109.779999999999,-21037.14,-5772.42,402.435,-27329.715,-9666.135,-4582.44
-9278.82,-11160.63,-21089.565,-5869.62,604.53,-27141.975,-9601.109999999999,-4632.705
-9317.88,-11249.145,-21197.295,-5878.304999999999,638.145,-27140.219999999998,-9567.585,-4650.12
-9296.73,-11179.89,-21122.37,-5667.03,625.005,-27138.42,-9472.41,-4611.554999999999
-9328.635,-11319.48,-21296.114999999998,-5861.745,215.28,-27286.515,-9440.685,-4598.37
-9327.24,-11315.97,-21274.29,-5959.304999999999,70.695,-27389.475,-9530.505,-4638.51
-9314.865,-11135.295,-20947.23,-5543.1449999999995,538.965,-27201.914999999997,-9534.51,-4666.995
-9278.82,-11067.615,-20859.57,-5416.245,917.865,-27076.14,-9523.305,-4630.275
-9223.515,-11064.015,-20954.79,-5521.545,850.23,-27073.844999999998,-9529.605,-4585.41
-9246.914999999999,-11116.17,-21060.585,-5647.41,700.785,-27079.379999999997,-9529.154999999999,-4599.54
-9275.715,-11112.705,-20993.94,-5587.695,606.015,-27159.21,-9505.89,-4612.365
-9287.73,-11129.67,-20976.21,-5538.33,570.375,-27212.219999999998,-9502.695,-4621.455
-9284.4,-11121.705,-20886.21,-5417.28,725.175,-27171.629999999997,-9516.33,-4635.764999999999
-9255.33,-11070.855,-20841.524999999998,-5423.58,689.895,-27149.039999999997,-9498.24,-4618.9349999999995
-9231.074999999999,-11105.414999999999,-20947.454999999998,-5542.695,612.675,-27158.85,-9504.63,-4600.304999999999
-9262.619999999999,-11154.06,-20991.825,-5576.804999999999,592.11,-27194.94,-9548.73,-4618.575
-9259.695,-11114.279999999999,-20915.64,-5449.1849999999995,671.13,-27154.844999999998,-9532.8,-4615.29
-9204.795,-11078.1,-20916.27,-5463.63,650.8349999999999,-27184.094999999998,-9552.6,-4578.03
-9217.125,-11032.47,-20857.59,-5479.92,668.25,-27142.965,-9548.145,-4592.97
-9250.515,-11112.345,-20934.855,-5495.804999999999,742.14,-27101.655,-9480.869999999999,-4613.8949999999995
-9269.234999999999,-11098.755,-20960.46,-5474.745,812.61,-27101.789999999997,-9501.795,-4642.0199999999995
-9270.765,-11029.635,-20869.739999999998,-5434.605,785.43,-27153.09,-9540.9,-4687.425
-9224.19,-10991.97,-20828.43,-5400.09,837.99,-27063.045,-9494.82,-4653.855
-9178.47,-10982.564999999999,-20815.515,-5407.514999999999,901.53,-26953.649999999998,-9456.525,-4590.72
-9281.07,-11104.515,-20916.405,-5518.844999999999,781.8299999999999,-26996.355,-9482.94,-4674.465
-9318.914999999999,-11073.51,-20914.065,-5520.51,716.985,-27068.085,-9568.305,-4785.66
-9371.025,-11068.515,-20938.005,-5557.094999999999,592.38,-27129.78,-9554.49,-4908.24
-9323.595,-11036.115,-20925.0,-5561.46,582.525,-27213.48,-9538.74,-4852.3949999999995
-9192.285,-10974.195,-20837.745,-5443.605,666.81,-27179.37,-9491.13,-4637.745
-9152.73,-10956.779999999999,-20773.89,-5310.54,869.535,-27055.664999999997,-9503.1,-4597.47
-9288.27,-10991.295,-20776.454999999998,-5278.724999999999,999.54,-27018.405,-9550.17,-4794.705
-9405.0,-11071.17,-20843.145,-5392.755,793.62,-27087.524999999998,-9539.595,-4845.554999999999
-9338.13,-11204.505,-21016.305,-5613.12,508.72499999999997,-27215.73,-9534.734999999999,-4545.09
-9129.42,-11269.664999999999,-21219.255,-5869.71,280.34999999999997,-27379.575,-9617.715,-4236.345
-9118.529999999999,-11147.895,-21131.954999999998,-5848.965,375.435,-27334.98,-9557.19,-4396.005
-9229.23,-11061.494999999999,-20905.605,-5609.34,680.805,-27158.355,-9494.595,-4640.49
-9268.154999999999,-11031.615,-20910.96,-5505.12,756.675,-27034.92,-9485.55,-4755.24
-9272.025,-11136.465,-21025.98,-5608.575,464.445,-27130.815,-9443.88,-4715.37
-9270.99,-11167.74,-21029.13,-5596.38,510.075,-27142.379999999997,-9487.529999999999,-4592.25
-9230.895,-11088.135,-20928.87,-5530.815,703.17,-27137.34,-9487.08,-4490.054999999999
-9272.925,-11231.73,-21126.059999999998,-5720.94,505.305,-27277.739999999998,-9497.789999999999,-4498.2
-9345.015,-11290.05,-21193.155,-5813.325,500.53499999999997,-27315.0,-9448.965,-4555.575
-9293.805,-11187.18,-21049.29,-5819.94,572.985,-27276.39,-9411.435,-4549.905
-9313.154999999999,-11313.449999999999,-21295.89,-6058.755,246.285,-27328.32,-9447.615,-4582.215
-9322.199999999999,-11280.645,-21273.03,-6048.585,10.754999999999999,-27434.024999999998,-9540.315,-4618.26
-9302.175,-11168.234999999999,-21097.8,-5781.33,217.07999999999998,-27383.715,-9561.42,-4634.1449999999995
-9286.875,-11149.02,-20982.645,-5560.83,604.7099999999999,-27164.07,-9523.08,-4637.07
-9286.83,-11177.955,-20941.245,-5415.795,902.025,-26970.84,-9498.375,-4631.445
-9302.85,-11163.105,-21006.0,-5448.33,921.87,-27039.105,-9481.14,-4631.58
-9265.815,-11156.625,-21050.19,-5544.2699999999995,777.78,-27170.19,-9509.265,-4601.565
-9234.675,-11034.135,-20871.135,-5437.62,826.425,-27168.434999999998,-9520.875,-4588.0199999999995
-9239.715,-11075.715,-20959.92,-5574.915,607.3199999999999,-27152.504999999997,-9471.195,-4587.345
-9215.82,-11052.675,-21009.825,-5552.37,582.525,-27104.085,-9453.42,-4585.32
-9213.48,-11034.63,-20946.645,-5376.42,780.39,-27031.004999999997,-9488.25,-4601.295
-9244.98,-11029.14,-20782.305,-5333.355,836.28,-27039.96,-9538.515,-4634.865
-9268.154999999999,-11075.355,-20842.29,-5497.83,795.015,-27150.344999999998,-9534.69,-4642.0199999999995
-9252.359999999999,-11100.465,-21002.309999999998,-5681.61,663.435,-27216.135,-9502.515,-4618.44
-9266.31,-11096.055,-20990.79,-5631.57,625.23,-27237.285,-9542.565,-4635.405
-9269.414999999999,-11099.744999999999,-20923.065,-5454.495,698.4449999999999,-27196.875,-9558.359999999999,-4640.445
-9233.234999999999,-11038.365,-20829.555,-5376.825,698.0849999999999,-27123.704999999998,-9561.42,-4624.11
-9213.345,-11058.255,-20902.094999999998,-5522.804999999999,571.5,-27139.05,-9513.855,-4597.0199999999995
-9231.975,-11103.029999999999,-20987.73,-5645.655,517.185,-27151.739999999998,-9445.14,-4590.8099999999995
-9245.25,-11111.445,-20960.37,-5541.344999999999,633.24,-27184.995,-9450.09,-4597.92
-9270.27,-11139.029999999999,-20960.325,-5465.565,791.685,-27149.489999999998,-9462.555,-4617.99
-9268.695,-11141.414999999999,-20987.325,-5511.42,727.1999999999999,-27113.895,-9474.3,-4627.62
-9276.93,-11086.695,-20905.92,-5442.705,708.255,-27105.48,-9454.949999999999,-4641.165
-9271.395,-11105.865,-20967.57,-5504.8949999999995,696.735,-27138.375,-9474.57,-4638.78
-9214.65,-11071.89,-20887.29,-5433.615,796.185,-27079.515,-9457.695,-4597.155
-9095.355,-10909.98,-20736.765,-5333.715,754.56,-27042.344999999998,-9459.72,-4532.715
-9127.08,-10902.42,-20755.44,-5400.855,628.56,-27093.51,-9526.59,-4589.955
-9294.029999999999,-11095.74,-20939.579999999998,-5578.469999999999,573.345,-27194.895,-9568.215,-4733.28
-9435.42,-11293.515,-21102.84,-5676.615,640.62,-27205.11,-9495.045,-4822.83
-9423.81,-11222.1,-21048.12,-5657.985,630.09,-27158.895,-9442.484999999999,-4815.045
-9370.26,-11173.545,-21055.545,-5668.514999999999,603.54,-27135.09,-9478.35,-4795.965
-9301.185,-11059.289999999999,-20921.715,-5546.429999999999,712.305,-27069.12,-9447.345,-4679.37
-9234.585,-11034.27,-20860.739999999998,-5504.715,745.11,-26995.41,-9425.16,-4550.8949999999995
-9117.855,-11030.76,-20897.82,-5572.665,646.245,-27106.515,-9518.76,-4448.88
-9201.33,-11057.22,-20932.38,-5579.415,650.655,-27125.055,-9559.215,-4564.889999999999
-9261.72,-11106.27,-20969.37,-5522.8949999999995,746.415,-27147.87,-9541.98,-4642.0199999999995
-9318.105,-11154.96,-20980.26,-5453.865,740.295,-27162.585,-9479.385,-4682.205
-9320.715,-11204.685,-21052.395,-5538.105,638.055,-27142.605,-9419.039999999999,-4637.88
-9309.24,-11197.08,-21063.555,-5640.75,570.915,-27175.14,-9449.955,-4581.2699999999995
-9334.035,-11218.994999999999,-21059.864999999998,-5644.304999999999,583.155,-27234.27,-9456.525,-4574.385
-9261.18,-11164.68,-21076.38,-5695.38,456.79499999999996,-27301.77,-9509.31,-4573.889999999999
-9206.279999999999,-11123.91,-21061.934999999998,-5742.99,275.445,-27329.039999999997,-9495.359999999999,-4540.815
-9248.49,-11110.095,-21028.815,-5747.264999999999,287.19,-27214.02,-9439.875,-4588.605
-9271.89,-11148.525,-21066.614999999998,-5722.605,552.645,-27092.925,-9391.095,-4606.74
-9272.07,-11125.574999999999,-21031.065,-5693.8949999999995,676.8,-27119.655,-9445.32,-4602.69
-9263.699999999999,-11143.845,-21032.19,-5644.62,725.4,-27147.69,-9490.859999999999,-4592.385
-9282.42,-11134.17,-20991.6,-5642.594999999999,525.24,-27271.89,-9534.465,-4602.96
-9304.02,-11133.18,-20936.969999999998,-5469.929999999999,619.02,-27192.285,-9508.68,-4631.985
-9285.164999999999,-11143.529999999999,-20998.485,-5506.0199999999995,643.41,-27146.879999999997,-9465.21,-4613.49
-9252.855,-11116.215,-20971.844999999998,-5510.835,709.8299999999999,-27122.129999999997,-9463.32,-4597.38
-9261.675,-11119.77,-20995.965,-5482.17,787.23,-27121.004999999997,-9460.89,-4611.195
-9257.355,-11072.97,-20945.25,-5476.679999999999,770.13,-27125.28,-9448.154999999999,-4617.54
-9267.3,-11080.98,-20921.13,-5650.605,543.87,-27195.03,-9492.164999999999,-4641.165
-9331.605,-11203.47,-21079.485,-5742.2699999999995,432.53999999999996,-27213.57,-9546.21,-4692.465
-9301.455,-11179.439999999999,-21137.085,-5709.375,620.145,-27173.475,-9516.645,-4657.365
-9270.63,-11152.395,-21068.55,-5640.21,696.285,-27164.879999999997,-9476.775,-4623.21
-9242.91,-11126.205,-20942.28,-5523.12,750.285,-27119.789999999997,-9429.074999999999,-4586.355
-9248.445,-11077.605,-20919.915,-5522.219999999999,726.525,-27108.765,-9438.885,-4586.085
-9246.869999999999,-11120.85,-21042.63,-5629.005,621.405,-27104.85,-9437.535,-4587.57
-9247.815,-11142.225,-20996.505,-5558.264999999999,623.2049999999999,-27136.215,-9434.835,-4592.07
-9208.755,-11072.07,-20859.57,-5369.175,783.405,-27194.535,-9475.92,-4593.78
-9170.369999999999,-10938.42,-20770.469999999998,-5365.665,823.005,-27140.445,-9532.619999999999,-4596.974999999999
-9199.17,-10945.35,-20770.785,-5459.175,691.3349999999999,-27116.145,-9576.09,-4635.764999999999
-9283.859999999999,-11110.095,-20944.215,-5619.78,522.3149999999999,-27159.344999999998,-9557.055,-4671.945
-9296.955,-11149.02,-21000.329999999998,-5651.865,528.7049999999999,-27182.475,-9505.574999999999,-4679.955
-9253.755,-11001.24,-20840.94,-5374.08,813.8249999999999,-27087.795,-9421.38,-4716.99
-9316.8,-11018.475,-20836.215,-5371.875,770.805,-27047.565,-9366.21,-4796.55
-9366.48,-11113.695,-20949.48,-5505.974999999999,646.56,-27073.395,-9380.97,-4835.7
-9306.855,-11089.439999999999,-20915.594999999998,-5445.045,773.01,-27156.42,-9444.869999999999,-4707.72
-9188.46,-11005.244999999999,-20813.355,-5327.1449999999995,893.16,-27192.105,-9442.395,-4538.925
-9181.89,-10981.664999999999,-20809.305,-5421.6449999999995,810.405,-27099.719999999998,-9417.195,-4524.345
-9194.67,-11034.045,-20879.864999999998,-5517.945,722.43,-27093.735,-9438.345,-4517.505
-9224.279999999999,-11126.52,-21010.005,-5633.82,573.345,-27195.57,-9470.699999999999,-4520.25
-9326.07,-11236.14,-21100.905,-5653.349999999999,565.02,-27279.09,-9568.395,-4641.974999999999
-9394.154999999999,-11279.88,-21117.195,-5648.355,566.9549999999999,-27222.075,-9531.494999999999,-4714.605
-9359.73,-11236.545,-21125.385,-5699.969999999999,483.435,-27241.605,-9522.539999999999,-4709.7
-9392.49,-11191.77,-21025.395,-5600.07,509.21999999999997,-27272.655,-9538.92,-4774.05
-9404.595,-11213.505,-21054.42,-5664.69,431.055,-27321.57,-9589.994999999999,-4794.165
-9345.779999999999,-11183.31,-21015.585,-5639.13,500.715,-27180.765,-9532.529999999999,-4714.74
-9229.68,-11171.744999999999,-21073.995,-5665.724999999999,625.77,-27086.129999999997,-9404.414999999999,-4506.12
-9175.68,-11122.154999999999,-21013.649999999998,-5543.82,831.735,-27059.175,-9300.96,-4450.23
-9196.92,-11035.71,-20888.55,-5452.605,803.925,-27125.37,-9340.38,-4580.82
-9266.895,-11080.125,-20950.605,-5605.83,520.155,-27241.02,-9449.73,-4652.82
-9337.095,-11215.755,-21131.594999999998,-5868.99,264.28499999999997,-27355.68,-9499.23,-4631.04
-9362.205,-11310.255,-21310.92,-5974.29,268.78499999999997,-27365.489999999998,-9526.005,-4583.429999999999
-9282.465,-11194.064999999999,-21129.84,-5722.514999999999,598.14,-27243.495,-9470.789999999999,-4555.3949999999995
-9258.029999999999,-11158.02,-21031.425,-5682.51,644.76,-27204.164999999997,-9449.955,-4563.675
-9235.89,-11136.555,-21019.59,-5656.5,588.8249999999999,-27192.555,-9442.98,-4569.885
-9258.66,-11180.07,-21043.35,-5615.054999999999,595.755,-27115.2,-9426.645,-4587.66
-9319.994999999999,-11225.475,-21058.739999999998,-5616.36,679.86,-27032.85,-9441.63,-4638.465
-9302.67,-11130.345,-20974.815,-5589.045,677.0699999999999,-27013.004999999997,-9432.675,-4635.72
-9273.42,-11103.84,-20960.505,-5448.554999999999,726.12,-27160.245,-9417.914999999999,-4617.315
-9256.59,-11131.154999999999,-21040.425,-5448.599999999999,696.24,-27253.89,-9440.369999999999,-4604.58
-9266.445,-11106.99,-20966.445,-5516.054999999999,614.61,-27237.015,-9473.535,-4620.69
-9254.52,-11103.39,-20942.28,-5626.3949999999995,407.07,-27266.535,-9510.21,-4621.815
-9254.43,-11124.404999999999,-21071.16,-5844.87,131.98499999999999,-27327.69,-9543.15,-4619.34
-9248.535,-11080.08,-20912.94,-5683.59,432.315,-27160.965,-9486.27,-4617.179999999999
-9284.895,-11145.555,-20964.465,-5624.594999999999,747.81,-27052.695,-9466.515,-4642.38
-9283.545,-11093.31,-20920.59,-5495.445,933.39,-27125.414999999997,-9468.404999999999,-4635.945
-9256.545,-11091.779999999999,-20866.364999999998,-5315.715,954.63,-27110.25,-9424.08,-4604.49
-9240.119999999999,-11131.335,-20954.07,-5439.285,850.05,-27111.555,-9440.324999999999,-4593.15
-9252.404999999999,-11074.904999999999,-20966.04,-5597.91,724.41,-27130.905,-9532.574999999999,-4644.09
-9276.975,-11051.145,-20916.495,-5534.505,657.27,-27184.14,-9589.41,-4688.639999999999
-9264.555,-11059.74,-20906.01,-5498.099999999999,552.42,-27236.969999999998,-9550.619999999999,-4673.07
-9228.69,-11024.414999999999,-20811.78,-5339.655,721.62,-27103.59,-9376.695,-4610.97
-9286.425,-11152.439999999999,-20968.695,-5479.965,715.9499999999999,-27096.344999999998,-9320.94,-4620.599999999999
-9289.529999999999,-11129.355,-20939.67,-5472.405,792.27,-27052.965,-9375.21,-4652.775
-9250.47,-11008.98,-20864.114999999998,-5554.575,769.5899999999999,-27047.655,-9411.615,-4710.825
-9240.705,-10998.494999999999,-20889.54,-5603.715,741.285,-27031.77,-9417.779999999999,-4744.53
-9219.24,-10998.494999999999,-20897.864999999998,-5505.705,776.2049999999999,-27015.344999999998,-9393.029999999999,-4698.99
-9271.664999999999,-11043.449999999999,-20879.64,-5368.7699999999995,735.7049999999999,-27053.28,-9460.619999999999,-4741.695
-9321.705,-11062.484999999999,-20842.785,-5373.945,724.23,-27106.92,-9477.494999999999,-4726.485
-9274.859999999999,-11117.07,-20930.579999999998,-5495.085,685.935,-27195.48,-9495.135,-4567.905
-9222.074999999999,-11191.14,-21049.245,-5641.335,447.435,-27307.664999999997,-9515.925,-4457.745
-9267.119999999999,-11183.49,-21033.45,-5622.165,504.04499999999996,-27272.295,-9473.22,-4571.099999999999
-9345.645,-11223.314999999999,-21048.21,-5613.75,558.675,-27238.004999999997,-9437.715,-4679.054999999999
-9352.98,-11224.35,-21106.8,-5657.94,535.365,-27246.239999999998,-9461.97,-4711.7699999999995
-9292.455,-11168.64,-21042.945,-5633.325,591.885,-27193.545,-9384.615,-4619.385
-9298.215,-11125.89,-20937.555,-5524.605,709.47,-27107.145,-9391.635,-4595.4
-9211.59,-11078.55,-20937.329999999998,-5609.07,569.6999999999999,-27136.305,-9426.195,-4510.304999999999
-9206.955,-11096.91,-21026.385,-5800.455,426.69,-27227.295,-9463.32,-4541.085
-9267.705,-11137.904999999999,-21057.3,-5773.905,558.99,-27252.765,-9475.02,-4619.429999999999
-9279.0,-11115.675,-20970.495,-5558.804999999999,786.1949999999999,-27159.975,-9429.39,-4633.065
-9314.91,-11223.27,-21074.579999999998,-5569.605,728.9549999999999,-27149.535,-9445.365,-4605.165
-9335.609999999999,-11230.425,-21092.895,-5563.755,699.435,-27189.27,-9503.955,-4605.66
-9294.164999999999,-11173.68,-21039.48,-5535.63,631.0799999999999,-27199.754999999997,-9468.18,-4599.99
-9278.1,-11178.045,-21045.555,-5596.38,547.8299999999999,-27221.67,-9437.31,-4591.349999999999
-9293.49,-11173.5,-21081.059999999998,-5697.585,534.51,-27236.879999999997,-9441.18,-4603.005
-9283.23,-11177.865,-21134.024999999998,-5790.42,478.125,-27236.925,-9410.445,-4600.485
-9281.744999999999,-11178.9,-21120.84,-5849.19,398.43,-27229.995,-9405.99,-4611.42
-9300.285,-11219.355,-21082.77,-5690.34,571.23,-27175.545,-9434.295,-4628.16
-9299.43,-11130.255,-20945.969999999998,-5418.315,799.245,-27127.754999999997,-9439.965,-4637.7
-9262.305,-11071.845,-20893.094999999998,-5415.57,729.045,-27185.94,-9469.35,-4621.59
-9259.515,-11111.355,-20946.78,-5516.955,595.485,-27181.53,-9458.955,-4605.615
-9274.859999999999,-11104.92,-20933.37,-5627.565,329.03999999999996,-27255.51,-9454.68,-4624.605
-9302.445,-11157.164999999999,-21072.149999999998,-5814.405,233.54999999999998,-27323.145,-9469.529999999999,-4658.4
-9316.845,-11170.619999999999,-21079.62,-5686.29,586.8,-27214.515,-9469.395,-4667.849999999999
-9282.465,-11114.865,-20929.68,-5406.389999999999,895.86,-27154.215,-9468.72,-4626.405
-9225.404999999999,-11061.9,-20943.405,-5433.795,852.12,-27163.53,-9434.654999999999,-4578.03
-9252.315,-11096.279999999999,-21015.945,-5591.88,645.3,-27239.489999999998,-9458.055,-4609.3949999999995
-9291.105,-11140.47,-20969.594999999998,-5587.5599999999995,620.415,-27203.129999999997,-9448.515,-4634.235
-9294.57,-11146.77,-20954.79,-5537.79,671.715,-27166.454999999998,-9453.914999999999,-4640.58
-9292.14,-11148.93,-21007.89,-5578.29,672.66,-27201.329999999998,-9464.31,-4631.13
-9301.77,-11171.835,-21086.82,-5668.29,550.26,-27252.539999999997,-9466.56,-4623.525
-9262.619999999999,-11119.095,-20995.695,-5573.565,584.4599999999999,-27246.6,-9449.46,-4611.554999999999
-9253.664999999999,-11099.88,-20909.024999999998,-5478.885,691.47,-27148.094999999998,-9424.035,-4613.085
-9243.675,-11068.65,-20838.645,-5427.719999999999,705.15,-27107.594999999998,-9456.885,-4629.554999999999
-9266.49,-11086.02,-20902.094999999998,-5537.115,719.685,-27096.704999999998,-9496.26,-4672.62
-9290.25,-11066.085,-20949.3,-5600.115,708.345,-27096.48,-9468.18,-4697.37
-9229.59,-10981.529999999999,-20829.015,-5407.38,821.385,-27062.055,-9357.615,-4645.349999999999
-9270.18,-11009.25,-20811.645,-5343.615,786.87,-27063.135,-9377.82,-4729.679999999999
-9296.324999999999,-11123.82,-20934.315,-5454.495,731.79,-27112.364999999998,-9423.09,-4757.67
-9289.98,-11139.3,-20956.454999999998,-5487.12,715.185,-27171.629999999997,-9465.795,-4686.795
-9310.23,-11109.195,-20955.329999999998,-5537.745,591.525,-27180.315,-9476.64,-4706.595
-9344.205,-11132.279999999999,-20988.63,-5612.535,436.09499999999997,-27201.105,-9432.18,-4759.11
-9352.89,-11158.244999999999,-21007.8,-5646.78,475.60499999999996,-27230.94,-9430.605,-4707.945
-9301.59,-11205.449999999999,-21078.989999999998,-5715.45,622.7099999999999,-27232.92,-9427.05,-4501.304999999999
-9270.675,-11204.324999999999,-21120.84,-5792.58,563.4,-27274.004999999997,-9410.94,-4484.205
-9265.815,-11194.92,-21119.67,-5787.855,477.405,-27228.015,-9444.555,-4577.985
-9231.705,-11106.27,-21000.015,-5625.719999999999,688.005,-27126.809999999998,-9438.255,-4609.8
-9250.65,-11061.18,-20925.945,-5503.094999999999,727.74,-27139.14,-9426.465,-4650.66
-9317.34,-11152.98,-20970.719999999998,-5535.0,580.4549999999999,-27183.42,-9392.85,-4658.58
-9323.369999999999,-11142.27,-20951.415,-5547.69,519.48,-27209.7,-9397.44,-4617.54
-9291.33,-11155.59,-20981.7,-5509.844999999999,658.755,-27167.895,-9411.795,-4619.97
-9323.505,-11209.635,-21072.96,-5575.365,702.675,-27136.98,-9427.14,-4681.44
-9306.0,-11155.095,-21008.969999999998,-5596.605,649.125,-27231.03,-9467.91,-4656.33
-9307.08,-11181.105,-21056.535,-5658.929999999999,611.01,-27240.75,-9495.765,-4590.045
-9275.445,-11166.84,-21068.055,-5741.099999999999,517.86,-27276.12,-9503.82,-4560.255
-9262.89,-11177.865,-21094.605,-5797.98,349.065,-27295.605,-9488.699999999999,-4573.8
-9303.975,-11252.205,-21127.995,-5723.55,386.37,-27304.379999999997,-9443.789999999999,-4613.264999999999
-9293.49,-11140.064999999999,-21002.579999999998,-5535.09,717.7049999999999,-27181.125,-9425.295,-4616.1449999999995
-9261.0,-11074.32,-20911.77,-5438.474999999999,815.0849999999999,-27104.445,-9416.25,-4586.8949999999995
-9324.315,-11156.13,-21031.739999999998,-5606.82,645.255,-27149.129999999997,-9442.619999999999,-4641.075
-9352.619999999999,-11210.445,-21094.245,-5737.455,505.26,-27241.605,-9513.945,-4687.335
-9308.925,-11203.92,-21084.704999999998,-5679.179999999999,526.095,-27225.719999999998,-9520.02,-4661.054999999999
-9252.449999999999,-11127.015,-20968.965,-5539.815,672.435,-27166.454999999998,-9461.475,-4597.605
-9250.65,-11082.015,-20950.649999999998,-5526.2699999999995,716.4449999999999,-27168.12,-9392.13,-4580.415
-9287.64,-11103.48,-20948.535,-5586.255,611.685,-27223.02,-9382.77,-4615.47
-9287.19,-11112.39,-20974.77,-5613.4349999999995,584.55,-27236.34,-9430.65,-4625.28
-9303.21,-11153.205,-21037.905,-5606.19,603.27,-27221.805,-9463.095,-4642.065
-9290.34,-11123.369999999999,-20969.64,-5488.0199999999995,680.22,-27152.864999999998,-9439.065,-4637.474999999999
-9272.565,-11140.92,-20965.905,-5556.69,536.49,-27161.414999999997,-9442.484999999999,-4627.304999999999
-9280.215,-11155.05,-21023.28,-5680.17,463.40999999999997,-27216.18,-9465.164999999999,-4631.8949999999995
-9327.824999999999,-11169.9,-21052.215,-5711.804999999999,604.17,-27206.73,-9451.845,-4664.97
-9315.404999999999,-11177.865,-21070.395,-5718.69,749.745,-27134.684999999998,-9413.865,-4641.389999999999
-9294.029999999999,-11136.465,-21007.305,-5683.365,712.89,-27124.559999999998,-9404.279999999999,-4629.33
-9288.494999999999,-11119.814999999999,-21004.605,-5683.41,623.925,-27148.004999999997,-9437.58,-4635.09
-9265.545,-11140.965,-21031.2,-5574.87,673.38,-27146.655,-9458.955,-4628.61
-9231.029999999999,-11077.785,-20924.82,-5413.365,756.0,-27030.555,-9399.06,-4614.929999999999
-9197.82,-10958.715,-20770.11,-5282.099999999999,809.55,-26997.434999999998,-9387.045,-4608.405
-9218.97,-11024.414999999999,-20825.82,-5358.15,773.55,-27092.475,-9408.24,-4585.95
-9281.34,-11129.22,-20966.94,-5550.255,651.3299999999999,-27156.6,-9385.605,-4583.205
-9289.619999999999,-11160.81,-20995.469999999998,-5591.07,573.435,-27222.704999999998,-9399.69,-4596.84
-9293.67,-11180.654999999999,-21058.515,-5633.955,455.625,-27273.465,-9463.545,-4681.035
-9373.59,-11126.97,-20983.77,-5607.315,473.49,-27241.065,-9474.84,-4844.429999999999
-9345.69,-11051.189999999999,-20868.704999999998,-5461.83,741.51,-27106.695,-9394.83,-4870.3949999999995
-9324.27,-11053.17,-20858.265,-5380.514999999999,917.01,-27006.93,-9385.965,-4806.09
-9295.785,-11147.085,-20973.78,-5535.495,606.78,-27255.195,-9479.475,-4582.845
-9379.619999999999,-11280.06,-21128.175,-5756.849999999999,375.3,-27369.719999999998,-9554.13,-4598.054999999999
-9417.33,-11304.72,-21148.065,-5799.014999999999,486.63,-27289.71,-9531.315,-4691.565
-9312.93,-11172.24,-21048.344999999998,-5712.795,616.3199999999999,-27167.985,-9417.015,-4671.45
-9262.44,-11102.039999999999,-21028.094999999998,-5708.115,513.405,-27181.485,-9361.664999999999,-4601.025
-9246.285,-11124.945,-21055.23,-5740.335,396.45,-27243.045,-9412.154999999999,-4579.514999999999
-9336.24,-11249.82,-21142.62,-5735.115,435.28499999999997,-27286.11,-9475.065,-4624.335
-9342.315,-11263.32,-21184.605,-5758.74,508.77,-27290.295,-9475.02,-4633.695
-9324.945,-11165.715,-21088.035,-5737.275,604.35,-27185.399999999998,-9499.59,-4674.195
-9280.26,-11104.335,-20920.86,-5562.179999999999,714.1949999999999,-27115.965,-9472.859999999999,-4648.365
-9251.19,-11147.039999999999,-21046.094999999998,-5650.92,647.01,-27208.17,-9434.925,-4554.855
-9272.25,-11173.994999999999,-21017.25,-5573.295,598.86,-27254.7,-9408.96,-4512.195
-9267.164999999999,-11133.539999999999,-20928.239999999998,-5431.5,709.8299999999999,-27172.305,-9383.535,-4559.264999999999
-9261.765,-11100.33,-20938.364999999998,-5486.175,724.545,-27141.795,-9416.565,-4603.005
-9314.01,-11133.314999999999,-21019.32,-5671.215,594.9,-27203.625,-9457.965,-4667.085
-9367.65,-11196.359999999999,-21072.645,-5782.1849999999995,507.28499999999997,-27251.414999999997,-9446.625,-4700.565
-9359.955,-11226.42,-21097.305,-5750.955,513.9449999999999,-27256.59,-9453.6,-4657.679999999999
-9317.789999999999,-11217.869999999999,-21104.864999999998,-5650.74,544.185,-27216.855,-9427.545,-4594.32
-9278.46,-11146.77,-20985.165,-5544.2699999999995,506.29499999999996,-27211.815,-9393.615,-4586.355
-9275.984999999999,-11132.279999999999,-21023.145,-5691.51,370.03499999999997,-27261.27,-9444.015,-4620.195
-9290.07,-11190.555,-21105.989999999998,-5717.969999999999,503.28,-27192.6,-9431.55,-4630.41
-9314.324999999999,-11172.24,-21020.625,-5528.16,797.355,-27158.94,-9453.33,-4660.47
-9310.77,-11126.07,-20936.295,-5481.9,703.17,-27222.975,-9455.22,-4657.905
-9303.029999999999,-11105.775,-20931.93,-5498.505,636.75,-27227.745,-9470.115,-4657.545
-9326.385,-11163.15,-20978.864999999998,-5521.679999999999,657.9449999999999,-27167.489999999998,-9454.859999999999,-4670.099999999999
-9329.175,-11184.39,-21048.344999999998,-5644.44,640.4399999999999,-27167.805,-9454.77,-4662.315
-9287.64,-11132.865,-21028.32,-5601.735,728.01,-27126.719999999998,-9439.965,-4627.349999999999
-9285.84,-11131.244999999999,-21026.204999999998,-5587.245,669.6899999999999,-27171.945,-9446.67,-4637.429999999999
-9275.175,-11121.345,-20986.02,-5555.925,655.92,-27169.829999999998,-9400.77,-4616.6849999999995
-9254.654999999999,-11117.34,-20936.925,-5495.67,704.88,-27134.684999999998,-9395.055,-4606.065
-9268.83,-11123.505,-20950.965,-5526.8099999999995,696.51,-27124.739999999998,-9372.69,-4642.155
-9275.94,-11051.595,-20919.42,-5573.79,603.81,-27139.184999999998,-9352.26,-4693.724999999999
-9325.664999999999,-11100.195,-20974.905,-5645.745,554.4449999999999,-27195.254999999997,-9377.369999999999,-4745.97
-9370.484999999999,-11211.57,-21120.524999999998,-5800.1849999999995,442.26,-27288.765,-9452.205,-4751.595
-9405.09,-11236.5,-21142.215,-5779.44,407.745,-27310.23,-9512.1,-4736.474999999999
-9347.85,-11116.89,-20931.885,-5461.425,732.555,-27176.805,-9474.119999999999,-4718.88
-9250.38,-11031.39,-20833.155,-5312.925,922.86,-27108.765,-9422.055,-4637.295
-9229.23,-11087.189999999999,-20908.079999999998,-5466.195,755.3249999999999,-27150.48,-9393.39,-4526.639999999999
-9234.63,-11126.07,-20988.945,-5622.929999999999,591.03,-27188.64,-9390.824999999999,-4533.389999999999
-9265.635,-11137.365,-21018.69,-5682.375,501.435,-27210.87,-9417.015,-4592.655
-9292.635,-11147.895,-21009.239999999998,-5668.514999999999,515.88,-27226.934999999998,-9421.65,-4615.83
-9315.045,-11159.46,-21033.675,-5637.599999999999,573.7049999999999,-27220.995,-9395.73,-4632.84
-9265.635,-11071.439999999999,-20914.605,-5492.25,661.77,-27165.42,-9410.4,-4616.639999999999
-9252.945,-11129.67,-20931.434999999998,-5454.855,710.3249999999999,-27177.93,-9469.574999999999,-4605.4349999999995
-9235.484999999999,-11115.945,-20981.204999999998,-5565.87,696.4649999999999,-27192.6,-9501.029999999999,-4588.0199999999995
-9293.58,-11139.795,-21038.895,-5652.764999999999,673.785,-27183.914999999997,-9487.44,-4592.205
-9339.255,-11212.92,-21082.815,-5688.09,545.085,-27226.215,-9431.279999999999,-4629.42
-9363.51,-11219.49,-21063.465,-5639.13,515.835,-27241.829999999998,-9442.529999999999,-4676.8949999999995
-9353.43,-11256.84,-21112.02,-5628.69,546.345,-27287.64,-9423.404999999999,-4647.24
-9310.23,-11210.22,-21089.969999999998,-5657.175,556.875,-27306.765,-9406.44,-4603.545
-9256.77,-11097.675,-20998.17,-5636.07,519.75,-27231.164999999997,-9385.47,-4574.115
-9291.33,-11097.314999999999,-20983.454999999998,-5617.62,582.93,-27095.445,-9360.72,-4638.0599999999995
-9373.14,-11183.355,-21072.105,-5649.57,695.025,-27085.995,-9393.84,-4757.715
-9426.555,-11204.595,-21072.78,-5690.07,633.555,-27208.98,-9423.404999999999,-4817.7
-9409.14,-11228.49,-21109.05,-5713.065,553.68,-27288.27,-9446.67,-4745.655
-9316.845,-11257.38,-21189.87,-5774.219999999999,484.28999999999996,-27290.879999999997,-9438.164999999999,-4565.16
-9277.47,-11212.74,-21086.235,-5800.545,437.35499999999996,-27247.23,-9440.145,-4510.44
-9260.279999999999,-11152.08,-21023.954999999998,-5703.344999999999,519.66,-27172.305,-9407.609999999999,-4550.715
-9296.865,-11206.215,-21174.3,-5821.245,461.25,-27160.469999999998,-9380.699999999999,-4577.715
-9310.185,-11189.34,-21121.11,-5673.105,566.145,-27261.629999999997,-9421.83,-4608.72
-9303.029999999999,-11132.865,-20981.204999999998,-5493.6449999999995,648.405,-27295.605,-9446.31,-4627.575
-9298.755,-11105.189999999999,-20886.21,-5461.065,621.135,-27276.03,-9410.94,-4626.045
-9272.205,-11064.015,-20882.745,-5461.65,618.0749999999999,-27250.155,-9391.815,-4610.205
-9265.455,-11089.305,-20927.114999999998,-5521.724999999999,627.5699999999999,-27221.67,-9387.045,-4602.51
-9298.35,-11149.605,-21001.59,-5619.6449999999995,602.8199999999999,-27208.215,-9419.58,-4626.855
-9324.359999999999,-11178.675,-21110.805,-5739.929999999999,410.085,-27281.879999999997,-9485.19,-4662.72
-9332.55,-11194.515,-21122.505,-5764.905,364.09499999999997,-27267.344999999998,-9458.145,-4671.495
-9328.59,-11175.029999999999,-20982.149999999998,-5581.8,624.78,-27183.105,-9487.08,-4683.105
-9308.88,-11142.494999999999,-20952.63,-5483.79,773.505,-27138.195,-9485.055,-4675.139999999999
-9296.46,-11123.595,-20989.665,-5543.955,630.495,-27233.64,-9461.475,-4654.035
-9301.994999999999,-11105.955,-20963.7,-5614.605,465.47999999999996,-27255.6,-9432.765,-4655.07
-9303.93,-11191.365,-21100.68,-5770.44,385.065,-27219.195,-9389.835,-4658.264999999999
-9281.25,-11213.324999999999,-21143.475,-5717.25,617.22,-27188.91,-9369.63,-4632.795
-9216.045,-11013.029999999999,-20878.739999999998,-5461.605,926.3249999999999,-27135.18,-9385.065,-4604.715
-9246.24,-10992.645,-20804.76,-5442.929999999999,801.855,-27187.155,-9441.539999999999,-4631.804999999999
-9277.74,-11060.279999999999,-20882.925,-5467.815,750.4649999999999,-27204.524999999998,-9438.255,-4665.33
-9323.865,-11074.23,-20912.715,-5459.175,771.93,-27202.004999999997,-9428.265,-4791.915
-9397.619999999999,-11105.324999999999,-20957.399999999998,-5537.79,701.685,-27174.645,-9406.755,-4864.59
-9446.039999999999,-11214.765,-21073.905,-5729.445,459.81,-27225.135,-9428.265,-4818.24
-9348.255,-11253.51,-21134.43,-5797.17,392.265,-27301.995,-9434.205,-4581.72
-9284.535,-11184.164999999999,-21046.23,-5653.62,579.15,-27215.864999999998,-9405.18,-4529.835
-9257.67,-11108.16,-20968.515,-5487.03,775.305,-27119.52,-9362.88,-4549.679999999999
-9245.52,-11073.105,-20887.245,-5396.715,715.275,-27142.065,-9337.095,-4622.67
-9320.58,-11103.029999999999,-20909.565,-5452.92,657.81,-27169.515,-9371.654999999999,-4785.75
-9415.035,-11154.689999999999,-20973.195,-5520.51,682.65,-27161.594999999998,-9415.17,-4839.03
-9414.63,-11182.455,-21021.614999999998,-5597.099999999999,649.89,-27198.629999999997,-9472.455,-4795.425
-9279.9,-11164.23,-21040.29,-5662.62,539.865,-27291.239999999998,-9417.779999999999,-4562.865
-9201.779999999999,-11112.93,-20974.184999999998,-5607.63,556.245,-27284.445,-9400.59,-4430.925
-9213.57,-11116.664999999999,-20987.37,-5635.3949999999995,521.46,-27255.914999999997,-9453.555,-4486.815
-9324.765,-11206.395,-21082.815,-5712.48,440.72999999999996,-27298.26,-9534.285,-4650.705
-9345.375,-11197.574999999999,-21095.37,-5715.764999999999,469.305,-27237.285,-9525.375,-4739.22
-9313.154999999999,-11165.13,-21050.73,-5617.125,573.2099999999999,-27171.899999999998,-9463.545,-4694.4
-9280.484999999999,-11109.015,-20952.719999999998,-5586.48,614.43,-27251.145,-9465.795,-4601.835
-9283.59,-11179.845,-21062.114999999998,-5703.344999999999,550.62,-27302.265,-9376.154999999999,-4543.2
-9331.92,-11254.095,-21155.895,-5799.195,401.13,-27310.815,-9378.045,-4550.8949999999995
-9386.865,-11271.645,-21119.445,-5734.44,381.91499999999996,-27269.73,-9408.69,-4620.69
-9394.47,-11287.215,-21188.114999999998,-5795.82,457.78499999999997,-27262.125,-9423.18,-4645.3949999999995
-9350.055,-11254.05,-21194.594999999998,-5790.96,540.3149999999999,-27306.135,-9422.505,-4629.6449999999995
-9307.845,-11206.664999999999,-21099.555,-5678.099999999999,611.01,-27304.739999999998,-9385.83,-4604.04
-9322.515,-11184.48,-21039.93,-5671.71,526.4549999999999,-27351.855,-9401.715,-4632.75
-9302.535,-11159.55,-21049.245,-5659.785,456.075,-27379.844999999998,-9413.73,-4618.755
-9310.05,-11151.0,-21051.675,-5667.84,491.94,-27328.14,-9444.33,-4637.565
-9317.609999999999,-11179.529999999999,-21084.434999999998,-5634.675,669.375,-27184.41,-9421.154999999999,-4641.929999999999
-9300.779999999999,-11182.68,-21095.055,-5702.94,628.965,-27135.855,-9395.865,-4627.665
-9320.67,-11170.035,-21033.045,-5717.025,568.935,-27127.485,-9388.845,-4648.995
-9323.64,-11157.435,-21007.17,-5669.865,606.87,-27126.629999999997,-9372.33,-4648.32
-9292.635,-11126.52,-21009.645,-5617.53,606.555,-27216.315,-9395.865,-4625.235
-9296.1,-11166.57,-21096.45,-5692.455,473.895,-27248.265,-9412.83,-4618.889999999999
-9303.525,-11176.335,-21049.065,-5621.04,509.17499999999995,-27247.14,-9396.315,-4621.32
-9303.435,-11127.195,-20960.82,-5583.554999999999,641.52,-27198.899999999998,-9407.34,-4631.715
-9313.965,-11145.285,-21025.079999999998,-5629.5,662.22,-27140.175,-9410.445,-4643.325
-9322.244999999999,-11173.095,-21041.145,-5651.46,604.035,-27211.905,-9444.24,-4659.12
-9323.369999999999,-11218.455,-21059.774999999998,-5646.42,549.72,-27276.66,-9464.67,-4667.445
-9317.07,-11195.64,-21038.67,-5654.61,509.13,-27244.079999999998,-9457.065,-4666.635
-9315.63,-11132.01,-21028.454999999998,-5702.67,526.3199999999999,-27232.065,-9453.33,-4660.47
-9302.535,-11122.425,-21029.895,-5663.025,624.645,-27187.605,-9425.52,-4638.87
-9288.27,-11112.57,-20955.105,-5498.235,683.55,-27124.649999999998,-9376.065,-4626.63
-9300.465,-11112.705,-20918.114999999998,-5432.085,681.525,-27155.07,-9383.22,-4676.445
-9332.369999999999,-11092.77,-20886.66,-5436.675,700.74,-27195.12,-9434.654999999999,-4741.785
-9320.94,-11111.355,-20962.17,-5507.28,655.56,-27185.625,-9449.234999999999,-4718.025
-9211.14,-11017.305,-20901.015,-5479.695,688.4549999999999,-27157.23,-9386.145,-4585.095
-9165.33,-10988.01,-20857.725,-5443.965,754.605,-27130.364999999998,-9358.335,-4543.245
-9306.315,-11072.609999999999,-20880.719999999998,-5452.92,783.0,-27143.504999999997,-9393.525,-4700.429999999999
-9378.855,-11157.795,-20989.125,-5591.969999999999,684.63,-27231.164999999997,-9499.545,-4761.405
-9375.029999999999,-11192.49,-21026.655,-5635.26,569.6999999999999,-27234.18,-9451.619999999999,-4702.679999999999
-9332.46,-11180.295,-21051.585,-5623.83,547.92,-27192.735,-9373.095,-4690.17
-9296.414999999999,-11058.255,-20907.405,-5522.8949999999995,582.0749999999999,-27185.445,-9391.68,-4740.03
-9323.055,-11076.255,-20917.89,-5552.235,559.305,-27296.325,-9430.425,-4730.58
-9324.72,-11204.685,-21081.015,-5697.719999999999,490.815,-27349.245,-9474.119999999999,-4636.17
-9370.935,-11272.814999999999,-21141.899999999998,-5701.1849999999995,564.03,-27280.98,-9473.175,-4681.8
-9309.465,-11179.89,-21026.07,-5565.87,721.89,-27108.629999999997,-9342.09,-4641.48
-9305.234999999999,-11178.539999999999,-21020.399999999998,-5584.23,664.38,-27114.614999999998,-9294.75,-4588.29
-9401.039999999999,-11242.484999999999,-21090.329999999998,-5716.304999999999,467.46,-27257.985,-9393.525,-4635.855
-9360.449999999999,-11294.189999999999,-21200.76,-5840.1449999999995,370.97999999999996,-27369.495,-9477.27,-4573.304999999999
-9322.065,-11268.855,-21165.795,-5809.815,343.755,-27376.289999999997,-9486.585,-4558.23
-9350.369999999999,-11233.305,-21100.68,-5771.61,383.31,-27324.315,-9458.234999999999,-4606.38
-9368.55,-11293.335,-21217.59,-5877.09,316.755,-27351.629999999997,-9455.805,-4631.175
-9358.244999999999,-11259.494999999999,-21181.274999999998,-5827.995,399.91499999999996,-27341.954999999998,-9459.045,-4644.045
-9324.72,-11174.58,-21022.245,-5636.5199999999995,584.01,-27268.065,-9444.33,-4628.07
-9307.529999999999,-11180.88,-21061.17,-5575.41,701.91,-27203.129999999997,-9392.31,-4604.94
-9289.8,-11167.244999999999,-21090.825,-5629.545,606.15,-27202.364999999998,-9405.359999999999,-4617.8099999999995
-9288.81,-11167.695,-21118.545,-5765.94,499.59,-27261.719999999998,-9451.8,-4636.845
-9307.619999999999,-11141.145,-21062.565,-5744.16,558.27,-27205.829999999998,-9405.63,-4628.655
-9319.095,-11193.48,-21074.715,-5770.035,544.545,-27138.285,-9321.074999999999,-4610.34
-9333.855,-11191.814999999999,-21062.43,-5780.07,486.35999999999996,-27205.02,-9357.615,-4630.545
-9346.32,-11172.015,-21015.0,-5627.88,623.16,-27188.145,-9392.039999999999,-4655.7
-9311.94,-11140.56,-20976.12,-5498.91,678.645,-27221.895,-9407.654999999999,-4641.165
-9286.47,-11118.33,-20941.11,-5458.635,674.4599999999999,-27223.02,-9406.529999999999,-4621.679999999999
-9285.93,-11185.74,-21031.29,-5542.695,643.86,-27207.855,-9390.779999999999,-4612.139999999999
-9285.164999999999,-11135.295,-20980.89,-5561.955,645.885,-27186.66,-9371.88,-4611.24
-9280.035,-11164.59,-21040.065,-5625.99,508.32,-27237.645,-9375.795,-4604.985
-9320.175,-11165.085,-21041.325,-5678.37,413.72999999999996,-27326.789999999997,-9428.13,-4645.889999999999
-9344.07,-11175.164999999999,-21054.735,-5674.23,553.41,-27258.254999999997,-9432.945,-4669.514999999999
-9329.49,-11163.555,-21003.075,-5581.349999999999,680.9399999999999,-27215.145,-9417.96,-4649.085
-9314.64,-11149.289999999999,-20964.555,-5552.91,657.63,-27202.454999999998,-9407.565,-4632.03
-9311.805,-11145.555,-21007.44,-5662.53,481.32,-27296.55,-9420.3,-4638.0599999999995
-9313.065,-11182.994999999999,-21078.27,-5714.594999999999,446.66999999999996,-27288.495,-9403.109999999999,-4635.405
-9321.57,-11198.43,-21090.465,-5687.82,519.3,-27177.03,-9380.565,-4642.83
-9323.505,-11140.74,-20993.219999999998,-5659.83,574.515,-27140.625,-9407.97,-4668.03
-9313.289999999999,-11072.88,-20910.239999999998,-5591.565,658.89,-27161.055,-9446.715,-4700.655
-9387.135,-11112.3,-20928.195,-5508.2699999999995,690.975,-27192.375,-9475.154999999999,-4833.495
-9431.145,-11127.734999999999,-20933.82,-5488.514999999999,687.285,-27222.795,-9495.404999999999,-4907.97
-9381.24,-11119.859999999999,-20934.405,-5502.554999999999,692.73,-27219.329999999998,-9472.14,-4808.61
-9317.97,-11172.375,-21030.03,-5585.8949999999995,641.295,-27223.515,-9395.055,-4586.58
-9269.865,-11143.215,-21021.66,-5628.78,569.52,-27221.399999999998,-9379.935,-4610.745
-9273.33,-11082.015,-20955.375,-5554.8,669.555,-27101.295,-9363.24,-4718.835
-9278.82,-11094.21,-20987.01,-5626.8,622.17,-27101.114999999998,-9316.035,-4642.605
-9293.039999999999,-11156.625,-21059.73,-5723.955,520.11,-27253.62,-9389.97,-4535.415
-9265.095,-11153.744999999999,-21013.065,-5625.855,514.62,-27341.055,-9435.869999999999,-4493.295
-9358.289999999999,-11210.805,-21080.969999999998,-5691.6449999999995,501.84,-27332.864999999998,-9427.185,-4704.929999999999
-9391.815,-11212.109999999999,-21063.149999999998,-5613.795,665.775,-27176.625,-9390.015,-4777.74
-9326.744999999999,-11132.189999999999,-20961.989999999998,-5513.445,697.9499999999999,-27126.18,-9363.645,-4680.315
-9259.02,-11186.91,-21026.204999999998,-5577.48,585.9449999999999,-27206.37,-9364.095,-4505.355
-9296.505,-11167.064999999999,-21057.165,-5663.34,531.855,-27263.879999999997,-9468.99,-4606.245
-9390.779999999999,-11164.68,-21039.524999999998,-5695.785,552.375,-27311.805,-9511.92,-4775.22
-9369.449999999999,-11145.06,-21022.515,-5639.4,646.515,-27236.07,-9440.055,-4755.465
-9313.244999999999,-11127.24,-21005.415,-5641.065,602.9549999999999,-27202.59,-9420.57,-4635.405
-9295.965,-11209.23,-21102.03,-5758.83,456.47999999999996,-27299.204999999998,-9437.175,-4526.235
-9327.914999999999,-11260.439999999999,-21163.32,-5760.45,420.615,-27263.925,-9432.135,-4564.125
-9316.89,-11251.98,-21150.63,-5729.264999999999,427.05,-27260.864999999998,-9429.435,-4592.25
-9350.865,-11257.244999999999,-21117.465,-5726.429999999999,455.13,-27308.07,-9411.074999999999,-4637.745
-9391.14,-11300.715,-21184.29,-5796.945,461.655,-27384.704999999998,-9395.234999999999,-4678.155
-9356.805,-11235.96,-21155.309999999998,-5752.3949999999995,460.03499999999997,-27341.73,-9396.72,-4651.38
-9334.71,-11204.189999999999,-21104.55,-5704.245,481.14,-27241.605,-9351.315,-4612.7699999999995
-9296.64,-11199.824999999999,-21095.37,-5772.69,451.62,-27245.024999999998,-9352.35,-4571.55
-9312.435,-11192.13,-21106.215,-5814.315,468.27,-27251.504999999997,-9382.23,-4605.389999999999
-9324.045,-11154.465,-21032.37,-5626.26,656.775,-27212.309999999998,-9384.029999999999,-4638.105
-9318.195,-11148.39,-20946.42,-5456.07,680.895,-27214.965,-9387.045,-4640.58
-9329.355,-11145.42,-20957.67,-5513.219999999999,541.71,-27275.129999999997,-9438.21,-4658.3099999999995
-9306.765,-11151.045,-21036.42,-5628.915,505.935,-27275.76,-9445.59,-4636.035
-9318.195,-11188.845,-21111.03,-5706.9,502.695,-27234.855,-9402.705,-4626.63
-9335.52,-11206.755,-21116.34,-5753.7,549.765,-27205.245,-9387.99,-4637.835
-9336.555,-11194.289999999999,-21065.895,-5732.19,592.3349999999999,-27231.614999999998,-9389.34,-4646.565
-9315.494999999999,-11136.42,-21001.905,-5671.53,604.26,-27220.454999999998,-9395.64,-4648.365
-9313.785,-11131.109999999999,-20980.395,-5585.8949999999995,616.68,-27238.14,-9414.945,-4655.655
-9322.83,-11197.529999999999,-21075.57,-5620.23,601.74,-27218.34,-9392.13,-4651.155
-9331.02,-11186.055,-21078.315,-5711.985,435.28499999999997,-27254.295,-9382.77,-4652.73
-9340.74,-11158.515,-21014.235,-5665.1849999999995,524.43,-27251.055,-9391.05,-4664.34
-9321.119999999999,-11143.035,-20993.805,-5614.469999999999,617.9399999999999,-27268.289999999997,-9402.57,-4645.26
-9308.88,-11180.789999999999,-21073.545,-5638.275,555.885,-27293.085,-9421.695,-4624.425
-9310.904999999999,-11165.445,-21032.73,-5636.429999999999,436.22999999999996,-27281.969999999998,-9393.93,-4617.495
-9314.865,-11154.375,-20993.94,-5589.855,471.33,-27303.66,-9433.215,-4641.84
-9293.76,-11128.275,-20970.719999999998,-5545.44,612.855,-27295.02,-9481.815,-4648.545
-9278.369999999999,-11076.705,-20924.28,-5540.13,679.8149999999999,-27279.09,-9494.324999999999,-4650.57
-9292.545,-11084.625,-20928.69,-5529.465,699.12,-27229.05,-9460.484999999999,-4681.349999999999
-9310.095,-11103.119999999999,-20938.68,-5536.215,658.8,-27221.265,-9437.039999999999,-4706.865
-9340.47,-11139.525,-21004.965,-5561.235,671.985,-27175.95,-9362.475,-4726.755
-9408.105,-11208.15,-21092.445,-5615.865,614.79,-27139.68,-9349.785,-4806.9
-9410.715,-11243.43,-21146.445,-5754.735,480.06,-27198.405,-9362.789999999999,-4762.44
-9300.914999999999,-11093.895,-20916.63,-5613.12,553.275,-27187.695,-9384.75,-4651.245
-9293.67,-11090.205,-20955.195,-5591.429999999999,581.535,-27119.969999999998,-9344.385,-4651.875
-9354.869999999999,-11144.609999999999,-20991.645,-5614.514999999999,632.115,-27073.17,-9297.945,-4702.545
-9367.199999999999,-11194.515,-21018.735,-5643.36,657.405,-27151.155,-9349.154999999999,-4625.19
-9344.07,-11277.135,-21177.765,-5832.2699999999995,401.66999999999996,-27341.46,-9444.105,-4554.99
-9353.205,-11292.75,-21181.77,-5778.719999999999,389.43,-27388.62,-9472.455,-4596.075
-9395.82,-11312.369999999999,-21154.14,-5643.09,545.085,-27292.23,-9431.145,-4670.82
-9379.35,-11248.56,-21135.285,-5680.304999999999,576.27,-27316.754999999997,-9455.039999999999,-4688.235
-9286.965,-11096.595,-20992.364999999998,-5641.514999999999,591.12,-27249.704999999998,-9444.015,-4650.165
-9257.805,-11063.654999999999,-20902.995,-5510.565,676.17,-27162.405,-9379.035,-4652.955
-9253.574999999999,-10997.82,-20860.695,-5428.44,764.64,-27100.98,-9349.244999999999,-4685.58
-9283.815,-11077.109999999999,-20950.02,-5561.505,575.505,-27233.235,-9391.904999999999,-4681.035
-9308.25,-11190.689999999999,-21113.505,-5763.915,326.52,-27403.875,-9461.52,-4608.764999999999
-9397.305,-11283.074999999999,-21130.245,-5767.83,374.58,-27407.07,-9477.494999999999,-4631.04
-9327.69,-11240.955,-21120.03,-5692.05,635.4449999999999,-27244.62,-9405.72,-4604.67
-9295.785,-11120.715,-20961.225,-5554.889999999999,750.42,-27115.289999999997,-9345.375,-4616.55
-9327.645,-11177.55,-21035.655,-5674.995,536.76,-27210.735,-9368.369999999999,-4609.215
-9386.595,-11283.3,-21196.485,-5844.78,397.395,-27312.434999999998,-9431.414999999999,-4636.26
-9368.73,-11260.395,-21165.39,-5746.724999999999,490.635,-27286.965,-9429.885,-4638.285
-9329.49,-11186.73,-21083.579999999998,-5688.495,540.81,-27269.1,-9380.475,-4647.0599999999995
-9394.02,-11228.4,-21108.465,-5739.705,458.325,-27275.895,-9341.145,-4689.045
-9386.595,-11223.09,-21103.38,-5730.255,387.09,-27333.135,-9397.845,-4665.24
-9312.795,-11174.67,-21058.875,-5684.04,464.625,-27371.879999999997,-9438.57,-4605.57
-9288.9,-11214.09,-21087.675,-5712.929999999999,526.3199999999999,-27311.579999999998,-9415.619999999999,-4563.764999999999
-9294.525,-11187.945,-21089.114999999998,-5805.405,438.65999999999997,-27292.86,-9397.71,-4589.91
-9326.475,-11179.305,-21074.445,-5767.065,516.96,-27159.93,-9376.154999999999,-4639.545
-9363.734999999999,-11229.255,-21109.95,-5724.764999999999,486.81,-27213.795,-9401.22,-4678.605
-9351.135,-11187.99,-21052.079999999998,-5607.405,519.885,-27317.969999999998,-9452.744999999999,-4683.15
-9359.19,-11184.48,-21056.489999999998,-5564.34,605.475,-27268.559999999998,-9414.315,-4688.82
-9362.295,-11197.89,-21129.255,-5725.304999999999,568.215,-27236.52,-9385.244999999999,-4687.065
-9323.01,-11173.994999999999,-21130.02,-5786.55,522.0,-27239.489999999998,-9408.33,-4657.59
-9304.92,-11193.705,-21073.95,-5642.28,578.61,-27213.93,-9354.24,-4602.96
-9255.824999999999,-11110.994999999999,-20891.475,-5437.889999999999,602.4599999999999,-27187.695,-9317.789999999999,-4566.915
-9291.15,-11092.59,-20901.105,-5473.9349999999995,560.385,-27194.535,-9353.565,-4636.08
-9320.445,-11119.14,-21006.54,-5647.5,510.79499999999996,-27237.239999999998,-9413.369999999999,-4684.679999999999
-9368.955,-11164.05,-21038.67,-5673.014999999999,601.38,-27239.489999999998,-9444.195,-4741.155
-9370.08,-11160.539999999999,-20991.465,-5580.45,680.4,-27245.655,-9410.4,-4727.474999999999
-9378.99,-11184.164999999999,-21029.579999999998,-5668.695,630.9449999999999,-27236.385,-9401.715,-4697.325
-9360.72,-11239.154999999999,-21093.434999999998,-5732.775,566.8199999999999,-27260.73,-9423.585,-4617.72
-9318.015,-11234.789999999999,-21157.29,-5731.065,527.625,-27293.625,-9448.02,-4591.8
-9301.455,-11158.965,-20998.8,-5546.5199999999995,631.395,-27228.195,-9427.23,-4627.17
-9271.529999999999,-11090.699999999999,-20948.445,-5502.69,683.3249999999999,-27190.125,-9391.32,-4633.245
-9242.055,-11061.945,-20947.274999999998,-5553.315,645.615,-27177.12,-9343.215,-4623.075
-9260.55,-11091.824999999999,-20979.0,-5641.155,563.13,-27195.795,-9351.63,-4638.69
-9324.045,-11157.705,-21058.02,-5737.635,487.62,-27261.945,-9413.865,-4669.875
-9399.51,-11170.305,-21017.475,-5689.035,488.205,-27261.045,-9432.045,-4705.38
-9413.46,-11217.105,-21063.735,-5676.57,451.08,-27299.475,-9435.555,-4720.139999999999
-9400.68,-11213.01,-21037.005,-5576.49,605.16,-27220.905,-9398.925,-4731.389999999999
-9399.015,-11217.555,-21036.105,-5568.165,628.245,-27170.864999999998,-9385.065,-4744.98
-9373.904999999999,-11184.21,-21035.43,-5605.83,609.48,-27237.645,-9452.07,-4765.7699999999995
-9291.96,-11139.48,-21035.655,-5647.365,577.35,-27289.754999999997,-9444.195,-4668.525
-9243.72,-11070.99,-20962.665,-5587.0199999999995,615.87,-27245.52,-9371.654999999999,-4603.005
-9273.105,-11113.154999999999,-21000.195,-5607.495,585.27,-27199.305,-9350.279999999999,-4594.365
-9344.565,-11181.24,-21030.434999999998,-5573.295,595.935,-27181.575,-9360.045,-4669.335
-9384.57,-11224.439999999999,-21081.555,-5670.405,516.24,-27218.07,-9367.74,-4671.54
-9344.43,-11215.845,-21099.555,-5728.455,448.60499999999996,-27234.719999999998,-9345.555,-4617.45
-9386.145,-11302.515,-21244.68,-5891.67,324.135,-27295.739999999998,-9345.555,-4609.44
-9351.27,-11211.615,-21151.53,-5833.62,362.07,-27330.57,-9359.91,-4615.38
-9311.31,-11155.275,-21057.03,-5711.535,439.38,-27314.19,-9427.32,-4624.92
-9310.994999999999,-11194.289999999999,-21055.995,-5623.965,553.095,-27216.945,-9472.275,-4617.8099999999995
-9294.3,-11163.24,-21024.09,-5621.67,617.4449999999999,-27228.465,-9489.195,-4589.6849999999995
-9367.74,-11208.51,-21082.454999999998,-5717.07,558.9449999999999,-27327.87,-9500.039999999999,-4675.1849999999995
-9398.52,-11244.914999999999,-21127.32,-5785.38,458.055,-27405.675,-9497.43,-4705.5599999999995
-9341.19,-11209.994999999999,-21109.454999999998,-5703.389999999999,552.15,-27297.495,-9366.345,-4620.15
-9336.555,-11249.055,-21146.13,-5709.014999999999,510.885,-27272.114999999998,-9333.27,-4590.179999999999
-9356.76,-11253.24,-21122.28,-5707.08,478.66499999999996,-27244.079999999998,-9356.85,-4627.62
-9337.14,-11204.73,-21129.12,-5729.985,464.58,-27237.69,-9354.015,-4642.245
-9357.705,-11198.52,-21132.63,-5808.105,462.465,-27272.879999999997,-9387.9,-4681.62
-9371.16,-11238.345,-21115.215,-5756.849999999999,583.11,-27280.8,-9401.94,-4687.83
-9307.529999999999,-11188.439999999999,-21006.405,-5592.24,620.01,-27300.329999999998,-9401.22,-4632.21
-9297.945,-11159.91,-21035.114999999998,-5645.295,543.735,-27316.844999999998,-9431.73,-4625.505
-9330.48,-11142.765,-21036.78,-5683.005,513.18,-27254.295,-9414.359999999999,-4646.205
-9341.64,-11151.045,-21007.665,-5596.695,636.12,-27140.895,-9381.42,-4645.215
-9353.295,-11199.869999999999,-21073.05,-5609.025,603.5849999999999,-27133.605,-9329.85,-4638.78
-9347.805,-11219.13,-21089.024999999998,-5655.69,537.345,-27192.645,-9319.455,-4636.485
-9319.68,-11202.074999999999,-21134.295,-5795.955,424.71,-27257.805,-9359.73,-4639.23
-9335.97,-11160.27,-21062.565,-5791.05,363.96,-27294.795,-9391.005,-4656.42
-9353.654999999999,-11166.074999999999,-21026.655,-5701.679999999999,459.585,-27293.579999999998,-9422.505,-4666.095
-9374.265,-11201.805,-21042.18,-5650.74,510.255,-27271.664999999997,-9414.045,-4678.29
-9387.045,-11187.675,-21067.335,-5622.929999999999,586.125,-27229.184999999998,-9411.795,-4720.724999999999
-9361.529999999999,-11138.895,-21018.059999999998,-5587.245,631.485,-27222.39,-9433.755,-4762.755
-9310.59,-11125.395,-21040.425,-5642.28,501.84,-27214.92,-9402.885,-4716.495
-9300.555,-11128.14,-21028.454999999998,-5642.594999999999,463.22999999999996,-27194.94,-9365.895,-4658.804999999999
-9327.42,-11148.255,-20988.27,-5612.264999999999,599.13,-27194.579999999998,-9338.13,-4621.545
-9327.869999999999,-11160.99,-21005.91,-5608.665,670.995,-27243.629999999997,-9375.93,-4619.295
-9291.555,-11110.949999999999,-20974.41,-5555.474999999999,667.845,-27221.129999999997,-9376.38,-4617.9
-9283.365,-11109.195,-20963.43,-5554.215,626.5799999999999,-27203.579999999998,-9372.645,-4670.73
-9339.345,-11147.22,-21007.89,-5579.865,620.37,-27198.989999999998,-9377.73,-4752.63
-9382.949999999999,-11195.1,-21044.7,-5620.59,621.72,-27201.555,-9422.955,-4741.245
-9418.365,-11265.255,-21140.19,-5734.26,531.9449999999999,-27269.414999999997,-9460.8,-4675.455
-9402.074999999999,-11249.91,-21076.515,-5668.335,607.905,-27227.969999999998,-9428.94,-4656.195
-9290.295,-11134.439999999999,-21002.579999999998,-5618.79,622.98,-27178.155,-9385.605,-4607.37
-9258.57,-11082.51,-20969.774999999998,-5606.55,593.73,-27191.34,-9365.67,-4579.11
-9325.035,-11161.395,-21031.02,-5645.295,560.8349999999999,-27258.93,-9394.695,-4642.785
-9345.42,-11184.93,-21068.505,-5659.965,510.34499999999997,-27248.76,-9377.19,-4707.09
-9346.994999999999,-11150.234999999999,-21007.395,-5547.105,620.28,-27168.704999999998,-9375.029999999999,-4737.554999999999
-9316.845,-11150.82,-20974.995,-5503.1849999999995,714.9599999999999,-27165.42,-9397.619999999999,-4641.48
-9330.615,-11196.9,-21068.325,-5692.95,527.715,-27330.614999999998,-9428.895,-4577.264999999999
-9331.605,-11246.039999999999,-21149.1,-5830.514999999999,387.945,-27381.735,-9410.984999999999,-4554.675
-9360.494999999999,-11278.574999999999,-21180.735,-5778.9,346.05,-27302.805,-9391.994999999999,-4624.0199999999995
-9413.82,-11290.814999999999,-21197.969999999998,-5779.035,342.0,-27311.085,-9388.71,-4678.38
-9413.369999999999,-11277.314999999999,-21152.655,-5750.28,481.14,-27253.62,-9342.135,-4666.1849999999995
-9395.82,-11240.64,-21137.355,-5757.615,523.485,-27228.87,-9362.52,-4689.36
-9368.505,-11234.205,-21205.755,-5837.94,454.77,-27252.135,-9360.9,-4684.095
-9341.01,-11176.965,-21130.245,-5766.705,461.96999999999997,-27274.815,-9358.244999999999,-4659.885
-9337.365,-11184.57,-21078.495,-5775.705,337.22999999999996,-27348.524999999998,-9386.505,-4636.26
-9365.22,-11248.965,-21163.59,-5806.575,396.53999999999996,-27327.6,-9418.859999999999,-4692.87
-9378.765,-11197.529999999999,-21066.03,-5621.04,631.98,-27214.695,-9435.195,-4742.19
-9328.59,-11140.064999999999,-20928.555,-5533.245,679.86,-27205.965,-9436.365,-4648.139999999999
-9301.095,-11200.05,-21101.579999999998,-5721.705,523.53,-27286.695,-9385.47,-4553.01
-9328.68,-11205.99,-21126.375,-5782.679999999999,432.63,-27342.18,-9385.47,-4594.545
-9335.475,-11208.015,-21077.28,-5755.7699999999995,481.995,-27329.399999999998,-9371.835,-4596.12
-9331.74,-11218.545,-21096.09,-5798.969999999999,514.17,-27286.515,-9385.74,-4607.46
-9302.13,-11168.73,-21114.405,-5878.844999999999,409.185,-27284.985,-9401.265,-4612.455
-9311.445,-11155.635,-21108.51,-5822.054999999999,406.71,-27279.0,-9394.335,-4629.51
-9349.335,-11218.455,-21157.38,-5797.26,381.28499999999997,-27281.204999999998,-9423.99,-4666.905
-9375.255,-11274.21,-21206.07,-5723.415,414.63,-27266.445,-9455.715,-4690.8
-9354.914999999999,-11137.23,-20992.77,-5501.205,647.01,-27211.905,-9439.47,-4686.255
-9311.265,-11106.675,-20966.715,-5497.695,695.115,-27196.515,-9369.315,-4623.12
-9298.035,-11092.32,-20891.114999999998,-5490.45,663.255,-27196.605,-9334.664999999999,-4612.815
-9342.449999999999,-11147.85,-20972.88,-5525.099999999999,682.6949999999999,-27170.82,-9328.14,-4661.595
-9342.675,-11163.06,-21017.16,-5560.965,715.3199999999999,-27146.835,-9334.845,-4670.865
-9323.414999999999,-11158.425,-20995.2,-5588.775,598.545,-27218.969999999998,-9361.305,-4642.5599999999995
-9339.164999999999,-11188.845,-21015.405,-5615.91,514.98,-27206.64,-9342.855,-4648.32
-9380.565,-11193.345,-21032.64,-5592.96,611.235,-27155.114999999998,-9333.27,-4734.45
-9359.91,-11144.205,-20997.495,-5557.86,677.8349999999999,-27196.02,-9375.705,-4777.83
-9312.66,-11041.74,-20896.469999999998,-5485.5,717.885,-27175.5,-9392.715,-4738.679999999999
-9327.465,-11083.23,-20928.42,-5513.13,682.29,-27148.905,-9376.74,-4704.3
-9408.33,-11166.93,-21018.059999999998,-5624.73,588.06,-27185.175,-9403.02,-4757.13
-9387.539999999999,-11211.119999999999,-21071.295,-5699.655,502.515,-27236.925,-9405.72,-4722.48
-9305.595,-11204.82,-21130.695,-5743.53,454.54499999999996,-27298.35,-9361.89,-4661.28
-9300.645,-11142.63,-21045.059999999998,-5635.8,579.06,-27248.715,-9332.414999999999,-4681.665
-9365.625,-11170.215,-21057.21,-5682.375,421.335,-27339.03,-9396.9,-4667.849999999999
-9386.414999999999,-11224.89,-21120.48,-5841.315,191.60999999999999,-27448.829999999998,-9482.76,-4660.29
-9339.48,-11154.015,-21059.864999999998,-5730.03,464.76,-27324.495,-9530.055,-4673.5199999999995
-9284.76,-11065.365,-20969.235,-5551.38,786.15,-27170.82,-9489.645,-4646.97
-9300.824999999999,-11169.765,-21023.774999999998,-5606.775,758.295,-27150.704999999998,-9394.92,-4545.36
-9291.195,-11225.25,-21078.945,-5706.495,588.78,-27242.864999999998,-9319.32,-4482.855
-9408.779999999999,-11304.18,-21238.785,-5853.465,423.35999999999996,-27358.559999999998,-9347.265,-4641.525
-9451.08,-11298.734999999999,-21207.105,-5884.38,418.5,-27333.09,-9354.779999999999,-4700.79
-9425.34,-11322.9,-21286.395,-6058.349999999999,358.46999999999997,-27320.579999999998,-9403.289999999999,-4675.455
-9341.369999999999,-11296.89,-21270.735,-5995.304999999999,398.15999999999997,-27291.329999999998,-9402.164999999999,-4600.304999999999
-9337.005,-11206.529999999999,-21124.17,-5724.09,517.725,-27281.745,-9427.23,-4644.585
-9360.63,-11210.22,-21114.045,-5675.3099999999995,496.935,-27382.725,-9461.25,-4670.91
-9438.705,-11284.92,-21170.204999999998,-5731.065,344.7,-27422.91,-9409.5,-4720.455
-9420.164999999999,-11217.779999999999,-21057.84,-5629.679999999999,404.41499999999996,-27332.19,-9338.445,-4707.9
-9367.47,-11236.14,-21118.32,-5688.0,532.8,-27275.985,-9340.199999999999,-4617.315
-9300.465,-11179.395,-21102.93,-5718.78,558.405,-27248.039999999997,-9338.039999999999,-4576.724999999999
-9295.154999999999,-11187.585,-21108.915,-5756.58,563.4449999999999,-27213.254999999997,-9327.69,-4571.955
-9304.515,-11174.13,-21021.48,-5643.495,679.41,-27126.495,-9342.63,-4589.415
-9309.555,-11145.195,-21007.35,-5672.565,544.05,-27244.664999999997,-9398.565,-4615.74
-9344.925,-11229.57,-21125.024999999998,-5760.945,448.46999999999997,-27289.215,-9408.285,-4641.705
-9351.945,-11214.99,-21128.579999999998,-5798.25,434.29499999999996,-27282.42,-9399.869999999999,-4648.905
-9352.305,-11214.135,-21146.895,-5867.91,376.91999999999996,-27362.43,-9405.359999999999,-4665.195
-9334.215,-11192.805,-21111.03,-5864.264999999999,431.28,-27322.379999999997,-9404.369999999999,-4670.55
-9343.619999999999,-11176.83,-21069.855,-5741.099999999999,528.03,-27233.774999999998,-9376.154999999999,-4671.2699999999995
-9369.045,-11229.525,-21121.065,-5679.36,519.345,-27254.655,-9384.84,-4667.04
-9299.025,-11133.81,-21031.02,-5675.445,473.445,-27304.065,-9415.395,-4617.2699999999995
-9284.13,-11105.505,-21016.17,-5707.98,478.26,-27294.614999999998,-9402.119999999999,-4609.889999999999
-9319.5,-11102.4,-20973.239999999998,-5654.25,588.51,-27239.715,-9405.18,-4652.73
-9314.279999999999,-11105.91,-20956.41,-5536.26,589.77,-27229.454999999998,-9386.1,-4651.38
-9349.425,-11157.48,-20998.844999999998,-5491.889999999999,551.0699999999999,-27227.024999999998,-9379.35,-4664.5199999999995
-9367.65,-11200.545,-21068.82,-5640.4349999999995,449.23499999999996,-27274.725,-9381.555,-4663.08
-9365.984999999999,-11239.515,-21130.965,-5742.405,457.38,-27237.825,-9331.335,-4706.1449999999995
-9384.57,-11131.02,-21023.1,-5646.285,660.1949999999999,-27154.62,-9310.904999999999,-4804.74
-9369.765,-11088.18,-20962.125,-5598.09,755.28,-27090.135,-9278.055,-4776.929999999999
-9278.369999999999,-11032.109999999999,-20888.145,-5507.415,782.1899999999999,-27131.399999999998,-9290.205,-4647.42
-9255.465,-11097.225,-20946.059999999998,-5485.275,724.3199999999999,-27183.105,-9353.789999999999,-4575.33
-9339.48,-11194.695,-21054.6,-5538.33,600.255,-27200.565,-9375.119999999999,-4644.63
-9427.859999999999,-11247.84,-21094.29,-5639.445,535.77,-27243.855,-9387.765,-4715.054999999999
-9419.085,-11197.619999999999,-21054.735,-5670.09,573.12,-27252.18,-9426.6,-4787.1449999999995
-9369.404999999999,-11163.645,-21028.59,-5666.67,607.095,-27230.85,-9407.07,-4756.95
-9340.47,-11240.279999999999,-21165.84,-5834.655,401.53499999999997,-27327.015,-9443.97,-4634.82
-9404.55,-11324.88,-21228.03,-5840.054999999999,381.87,-27396.405,-9467.505,-4644.54
-9417.42,-11232.404999999999,-21126.239999999998,-5780.205,493.695,-27365.85,-9420.615,-4738.724999999999
-9357.48,-11158.83,-21064.77,-5735.7,581.49,-27261.0,-9384.255,-4671.72
-9313.244999999999,-11141.145,-21033.18,-5664.87,527.31,-27261.809999999998,-9401.175,-4577.445
-9260.685,-11127.195,-21003.075,-5629.32,561.15,-27262.754999999997,-9409.005,-4510.98
-9268.02,-11140.74,-21018.915,-5622.57,563.5799999999999,-27279.585,-9369.315,-4550.04
-9307.17,-11153.34,-21037.86,-5611.815,563.22,-27252.405,-9296.505,-4615.83
-9332.234999999999,-11178.314999999999,-21089.114999999998,-5717.25,473.58,-27240.164999999997,-9264.51,-4630.7699999999995
-9411.029999999999,-11286.27,-21186.045,-5802.66,399.06,-27262.17,-9285.795,-4664.205
-9412.154999999999,-11272.275,-21206.52,-5796.36,438.255,-27291.555,-9379.574999999999,-4710.69
-9377.279999999999,-11185.785,-21058.425,-5671.755,535.635,-27259.245,-9394.38,-4695.48
-9406.89,-11240.145,-21140.37,-5821.83,445.275,-27312.614999999998,-9425.16,-4707.315
-9420.795,-11259.09,-21201.48,-5866.5599999999995,450.495,-27307.664999999997,-9409.455,-4741.155
-9385.425,-11261.654999999999,-21147.93,-5747.715,480.73499999999996,-27284.129999999997,-9376.605,-4690.845
-9364.14,-11248.154999999999,-21140.145,-5725.349999999999,407.60999999999996,-27308.114999999998,-9376.92,-4651.785
-9385.605,-11249.73,-21162.915,-5735.5199999999995,433.53,-27322.92,-9379.98,-4634.505
-9338.31,-11256.84,-21225.78,-5889.195,377.09999999999997,-27397.754999999997,-9421.515,-4592.07
-9376.92,-11274.615,-21296.745,-6005.88,366.47999999999996,-27396.989999999998,-9436.365,-4643.28
-9381.33,-11285.145,-21277.395,-5910.344999999999,406.89,-27329.895,-9413.955,-4660.74
-9376.47,-11202.39,-21029.265,-5657.849999999999,552.87,-27217.53,-9385.425,-4672.349999999999
-9348.795,-11124.27,-20886.12,-5404.455,693.9449999999999,-27222.614999999998,-9393.795,-4657.455
-9319.23,-11124.314999999999,-20917.215,-5438.88,611.28,-27279.675,-9396.72,-4621.545
-9326.97,-11141.595,-20941.695,-5456.79,671.31,-27199.215,-9355.59,-4616.91
-9335.115,-11161.395,-21000.69,-5624.28,501.255,-27254.925,-9368.01,-4628.07
-9327.6,-11204.055,-21121.739999999998,-5788.71,313.245,-27310.59,-9363.734999999999,-4620.6449999999995
-9321.119999999999,-11182.904999999999,-21124.035,-5839.965,306.27,-27361.62,-9369.27,-4620.014999999999
-9335.205,-11182.814999999999,-21141.989999999998,-5808.33,478.395,-27328.364999999998,-9392.175,-4644.855
-9338.445,-11174.715,-21050.19,-5610.87,622.935,-27244.844999999998,-9362.88,-4648.905
-9342.585,-11155.095,-20994.93,-5546.835,674.145,-27188.504999999997,-9327.33,-4649.804999999999
-9350.414999999999,-11168.505,-21053.88,-5670.54,545.76,-27279.09,-9370.305,-4668.3
-9390.24,-11189.52,-21068.37,-5680.44,506.60999999999996,-27319.815,-9418.23,-4724.415
-9382.14,-11160.225,-21009.555,-5606.1449999999995,560.0699999999999,-27291.105,-9432.315,-4740.525
-9371.43,-11155.23,-21006.045,-5569.38,624.735,-27254.34,-9419.13,-4765.86
-9295.289999999999,-11075.895,-20956.184999999998,-5527.71,667.845,-27223.92,-9364.455,-4679.595
-9222.705,-11051.955,-20915.73,-5491.3949999999995,726.345,-27141.75,-9287.46,-4563.945
-9303.93,-11120.67,-20974.545,-5574.51,643.14,-27149.985,-9329.895,-4661.1449999999995
-9403.92,-11121.975,-20993.355,-5661.8099999999995,596.16,-27161.19,-9375.3,-4825.26
-9497.88,-11236.545,-21083.04,-5738.76,507.645,-27209.25,-9433.484999999999,-4862.295
-9391.545,-11219.039999999999,-21109.32,-5728.995,408.51,-27298.17,-9446.49,-4713.66
-9273.824999999999,-11125.755,-21005.954999999998,-5590.575,498.06,-27314.01,-9424.215,-4600.98
-9290.97,-11199.33,-21060.765,-5608.304999999999,577.935,-27292.815,-9300.779999999999,-4535.37
-9391.455,-11230.695,-21130.065,-5764.365,515.61,-27278.235,-9282.42,-4653.179999999999
-9374.94,-11214.72,-21117.149999999998,-5731.965,555.5699999999999,-27183.6,-9295.065,-4669.605
-9393.435,-11235.465,-21154.905,-5806.125,405.63,-27256.14,-9339.3,-4692.465
-9445.32,-11303.82,-21237.12,-5926.094999999999,304.2,-27383.85,-9456.48,-4684.275
-9422.82,-11275.695,-21173.67,-5786.1449999999995,454.68,-27345.465,-9484.785,-4691.7
-9375.164999999999,-11207.744999999999,-21118.815,-5719.23,549.36,-27312.93,-9438.66,-4661.955
-9325.44,-11169.404999999999,-21042.809999999998,-5630.8949999999995,585.045,-27245.925,-9361.35,-4595.355
-9317.88,-11212.83,-21122.01,-5736.105,436.40999999999997,-27281.52,-9346.23,-4548.735
-9345.24,-11233.71,-21136.905,-5779.755,391.40999999999997,-27331.92,-9337.994999999999,-4587.705
-9328.275,-11209.23,-21147.434999999998,-5877.63,327.735,-27393.614999999998,-9354.69,-4589.28
-9332.82,-11220.57,-21177.225,-5938.335,394.38,-27351.27,-9352.755,-4619.97
-9368.685,-11190.869999999999,-21114.36,-5803.514999999999,528.345,-27303.66,-9373.5,-4689.0
-9387.945,-11164.904999999999,-21006.989999999998,-5538.78,636.885,-27274.815,-9457.695,-4735.665
-9380.565,-11200.635,-21052.89,-5580.9,462.195,-27310.545,-9479.43,-4676.085
-9343.755,-11237.625,-21156.75,-5811.57,301.635,-27357.704999999998,-9443.789999999999,-4621.545
-9335.609999999999,-11195.55,-21072.465,-5770.349999999999,513.54,-27251.46,-9359.324999999999,-4636.755
-9362.789999999999,-11159.91,-21017.925,-5673.24,665.505,-27250.739999999998,-9351.359999999999,-4675.32
-9364.59,-11184.39,-21029.219999999998,-5595.3,674.37,-27217.575,-9331.74,-4668.21
-9322.56,-11172.779999999999,-21038.265,-5606.73,603.81,-27232.379999999997,-9307.305,-4592.474999999999
-9283.994999999999,-11189.744999999999,-21106.755,-5724.764999999999,507.195,-27221.625,-9275.49,-4535.054999999999
-9349.92,-11266.74,-21217.41,-5802.389999999999,438.885,-27224.145,-9304.065,-4592.385
-9389.025,-11205.494999999999,-21058.425,-5637.6449999999995,491.265,-27251.73,-9371.654999999999,-4669.155
-9382.815,-11178.945,-21013.92,-5569.965,592.56,-27261.989999999998,-9401.31,-4683.554999999999
-9354.69,-11178.675,-21034.305,-5585.76,582.39,-27268.875,-9394.785,-4656.599999999999
-9337.365,-11185.83,-21071.25,-5672.745,449.28,-27296.64,-9397.44,-4645.44
-9322.109999999999,-11170.71,-21075.795,-5706.045,453.28499999999997,-27300.78,-9379.98,-4628.115
-9331.74,-11147.445,-21034.44,-5681.385,518.895,-27305.37,-9334.44,-4631.355
-9357.84,-11177.82,-21071.565,-5735.88,458.145,-27369.09,-9373.14,-4652.19
-9372.285,-11199.6,-21075.165,-5682.6449999999995,547.47,-27295.605,-9409.994999999999,-4675.679999999999
-9378.494999999999,-11203.605,-21064.094999999998,-5671.889999999999,602.55,-27208.844999999998,-9378.539999999999,-4681.17
-9364.859999999999,-11198.52,-21090.87,-5760.36,518.355,-27236.61,-9350.1,-4669.155
-9356.805,-11235.555,-21178.17,-5848.74,346.86,-27289.62,-9346.41,-4649.445
-9403.47,-11246.805,-21147.84,-5815.17,281.15999999999997,-27319.59,-9377.01,-4682.88
-9400.545,-11231.46,-21151.62,-5773.455,458.01,-27290.7,-9406.755,-4723.47
-9335.609999999999,-11126.52,-21028.14,-5648.49,653.49,-27253.17,-9382.904999999999,-4714.65
-9294.93,-11073.465,-20912.13,-5538.735,686.79,-27179.91,-9336.195,-4680.99
-9306.135,-11123.505,-20980.305,-5507.415,676.935,-27211.95,-9329.49,-4707.179999999999
-9393.164999999999,-11188.08,-21049.739999999998,-5532.344999999999,631.35,-27299.295,-9431.595,-4838.085
-9387.135,-11151.0,-21031.515,-5585.13,642.735,-27288.135,-9459.404999999999,-4840.245
-9387.72,-11142.675,-20985.75,-5650.965,590.76,-27277.515,-9391.005,-4642.29
-9296.505,-11150.955,-21008.34,-5664.6449999999995,577.665,-27230.085,-9252.09,-4529.5199999999995
-9327.914999999999,-11122.83,-20986.2,-5613.615,572.355,-27209.789999999997,-9225.72,-4615.965
-9380.205,-11162.654999999999,-21011.13,-5617.26,510.705,-27242.28,-9340.38,-4670.054999999999
-9391.005,-11226.51,-21098.745,-5698.62,431.28,-27259.289999999997,-9415.98,-4667.58
-9366.345,-11253.779999999999,-21168.495,-5800.815,323.775,-27380.879999999997,-9430.515,-4577.175
-9383.13,-11304.945,-21173.805,-5788.62,339.03,-27388.079999999998,-9459.63,-4582.665
-9399.465,-11270.654999999999,-21131.46,-5745.33,451.53,-27320.355,-9436.77,-4666.23
-9410.22,-11286.045,-21172.545,-5795.28,507.28499999999997,-27290.745,-9402.074999999999,-4695.165
-9372.69,-11289.015,-21201.93,-5842.17,499.815,-27317.475,-9405.63,-4648.724999999999
-9360.045,-11210.265,-21123.54,-5765.445,472.995,-27332.414999999997,-9373.994999999999,-4611.014999999999
-9322.965,-11175.57,-21044.969999999998,-5624.594999999999,486.35999999999996,-27299.61,-9346.455,-4585.905
-9338.625,-11147.4,-21006.809999999998,-5593.545,486.35999999999996,-27280.079999999998,-9317.295,-4657.5
-9382.949999999999,-11167.38,-21063.465,-5663.79,465.705,-27299.34,-9334.44,-4793.264999999999
-9347.355,-11109.465,-21028.23,-5642.054999999999,604.845,-27207.809999999998,-9374.895,-4781.745
-9286.38,-11097.539999999999,-20955.375,-5588.865,652.095,-27201.69,-9377.055,-4624.965
-9233.279999999999,-11137.23,-21044.34,-5739.3,552.645,-27232.379999999997,-9356.67,-4489.11
-9302.039999999999,-11157.345,-21118.635,-5859.45,428.98499999999996,-27289.079999999998,-9325.305,-4544.235
-9403.515,-11334.779999999999,-21291.48,-5973.705,333.135,-27372.195,-9324.765,-4593.6449999999995
-9461.295,-11406.06,-21357.54,-5955.705,298.17,-27428.355,-9347.94,-4673.205
-9447.66,-11330.324999999999,-21282.075,-5923.08,390.59999999999997,-27398.475,-9364.095,-4694.3099999999995
-9390.42,-11232.855,-21166.829999999998,-5797.9349999999995,481.005,-27346.004999999997,-9355.859999999999,-4667.445
-9355.68,-11191.455,-21038.489999999998,-5586.165,564.03,-27326.655,-9410.265,-4645.889999999999
-9361.305,-11175.345,-20958.524999999998,-5539.23,538.875,-27300.69,-9365.13,-4650.84
-9372.779999999999,-11197.439999999999,-21023.684999999998,-5634.09,517.14,-27251.504999999997,-9331.83,-4638.87
-9345.42,-11179.935,-21059.82,-5751.45,447.705,-27262.215,-9375.21,-4624.425
-9350.145,-11179.755,-21068.145,-5806.62,457.02,-27296.64,-9403.425,-4644.405
-9362.295,-11205.765,-21094.695,-5677.5599999999995,589.23,-27251.01,-9362.654999999999,-4647.51
-9343.44,-11187.359999999999,-21088.98,-5682.014999999999,484.42499999999995,-27273.105,-9359.505,-4637.79
-9330.705,-11168.595,-21077.19,-5714.415,371.7,-27281.204999999998,-9368.73,-4651.83
-9329.445,-11185.109999999999,-21131.64,-5802.705,346.005,-27307.35,-9394.605,-4666.59
-9351.9,-11197.305,-21083.535,-5674.23,568.53,-27228.375,-9386.414999999999,-4684.1849999999995
-9351.539999999999,-11147.85,-20933.055,-5467.455,683.055,-27202.184999999998,-9384.345,-4669.875
-9317.025,-11107.89,-20916.945,-5485.139999999999,685.62,-27181.305,-9391.185,-4663.53
-9315.539999999999,-11086.425,-20940.03,-5503.59,659.61,-27221.489999999998,-9401.355,-4709.655
-9362.07,-11092.68,-20944.575,-5547.105,651.1949999999999,-27231.66,-9349.515,-4762.53
-9424.35,-11232.359999999999,-21099.105,-5676.75,610.155,-27259.289999999997,-9347.895,-4751.82
-9416.565,-11287.395,-21199.905,-5812.695,495.71999999999997,-27331.02,-9353.699999999999,-4659.974999999999
-9358.199999999999,-11286.359999999999,-21223.844999999998,-5815.17,460.48499999999996,-27308.745,-9306.494999999999,-4619.115
-9407.925,-11250.9,-21106.215,-5676.3,521.1,-27271.17,-9354.24,-4722.345
-9388.845,-11119.41,-20927.925,-5480.415,694.8,-27187.245,-9422.46,-4753.53
-9334.35,-11089.98,-20913.48,-5496.165,677.5649999999999,-27218.52,-9421.83,-4673.385
-9317.34,-11138.805,-21011.985,-5597.505,570.9599999999999,-27248.76,-9336.69,-4635.72
-9362.565,-11230.74,-21102.03,-5733.54,411.705,-27342.765,-9319.275,-4635.179999999999
-9393.975,-11242.484999999999,-21121.245,-5743.26,464.35499999999996,-27340.2,-9324.63,-4643.91
-9359.145,-11210.13,-21105.315,-5715.315,544.41,-27291.105,-9347.355,-4639.41
-9375.795,-11272.949999999999,-21170.295,-5752.035,479.655,-27292.905,-9312.975,-4633.29
-9372.555,-11215.755,-21079.755,-5701.365,461.88,-27287.55,-9344.925,-4635.09
-9372.869999999999,-11166.029999999999,-21046.995,-5715.63,499.68,-27298.844999999998,-9390.69,-4673.429999999999
-9337.05,-11170.755,-21101.579999999998,-5793.21,501.65999999999997,-27287.73,-9424.71,-4670.054999999999
-9324.945,-11192.355,-21133.8,-5862.014999999999,403.60499999999996,-27307.395,-9416.205,-4635.045
-9337.14,-11217.465,-21147.57,-5839.83,352.08,-27330.12,-9358.605,-4592.429999999999
-9344.25,-11152.755,-21020.579999999998,-5604.66,545.355,-27287.325,-9369.63,-4644.179999999999
-9387.765,-11206.439999999999,-21053.52,-5538.87,624.3299999999999,-27294.164999999997,-9368.73,-4716.09
-9411.84,-11232.314999999999,-21092.985,-5684.49,414.85499999999996,-27406.44,-9430.109999999999,-4714.245
-9410.13,-11273.939999999999,-21214.125,-5914.26,143.91,-27513.45,-9480.285,-4704.615
-9495.855,-11313.09,-21186.989999999998,-5856.705,270.9,-27411.254999999997,-9472.095,-4814.865
-9451.305,-11287.8,-21158.954999999998,-5720.49,593.505,-27235.664999999997,-9346.05,-4709.115
-9379.17,-11293.605,-21155.219999999998,-5719.23,622.26,-27290.52,-9332.279999999999,-4555.889999999999
-9327.555,-11264.039999999999,-21155.04,-5783.8949999999995,379.53,-27388.079999999998,-9386.595,-4536.2699999999995
-9339.119999999999,-11230.695,-21091.725,-5754.33,406.16999999999996,-27287.55,-9341.955,-4590.224999999999
-9309.69,-11160.045,-21086.415,-5844.014999999999,472.455,-27233.91,-9277.74,-4580.595
-9302.355,-11119.59,-21056.94,-5800.275,547.785,-27226.485,-9306.0,-4589.6849999999995
-9373.365,-11238.39,-21135.735,-5700.0599999999995,572.76,-27266.76,-9320.22,-4640.445
-9393.93,-11232.045,-21076.155,-5576.849999999999,593.8199999999999,-27263.07,-9356.715,-4673.025
-9368.279999999999,-11199.06,-21028.23,-5548.7699999999995,610.47,-27269.145,-9422.1,-4664.745
-9338.49,-11176.515,-21082.41,-5737.635,470.60999999999996,-27317.565,-9397.08,-4634.1449999999995
-9337.68,-11170.395,-21107.43,-5831.37,408.41999999999996,-27370.53,-9374.13,-4626.54
-9346.859999999999,-11198.295,-21130.11,-5763.78,500.805,-27347.895,-9325.89,-4625.19
-9355.904999999999,-11222.595,-21130.469999999998,-5800.005,486.945,-27315.045,-9321.074999999999,-4636.62
-9360.945,-11234.654999999999,-21204.225,-5862.554999999999,402.435,-27315.09,-9351.99,-4653.0
-9364.68,-11237.445,-21229.829999999998,-5867.955,351.04499999999996,-27335.969999999998,-9363.42,-4653.945
-9369.135,-11251.755,-21135.78,-5771.61,350.37,-27333.945,-9374.22,-4654.08
-9346.59,-11204.775,-21034.98,-5612.625,464.17499999999995,-27346.004999999997,-9398.565,-4661.415
-9348.93,-11101.23,-20920.545,-5488.29,662.535,-27250.245,-9396.09,-4700.79
-9349.154999999999,-11109.195,-20896.065,-5418.045,743.805,-27132.164999999997,-9338.67,-4698.945
-9304.92,-11083.545,-20899.35,-5429.16,700.11,-27119.789999999997,-9315.945,-4639.005
-9318.105,-11092.68,-20911.635,-5452.514999999999,705.555,-27178.649999999998,-9338.67,-4635.9
-9370.89,-11171.744999999999,-21019.995,-5561.865,576.27,-27256.14,-9371.34,-4681.3949999999995
-9383.13,-11195.505,-21071.52,-5699.474999999999,365.265,-27347.309999999998,-9400.59,-4683.0599999999995
-9391.14,-11246.939999999999,-21145.094999999998,-5808.554999999999,392.175,-27312.75,-9351.404999999999,-4691.835
-9382.5,-11203.605,-21099.915,-5760.945,546.435,-27225.855,-9320.67,-4708.755
-9353.07,-11125.35,-20999.16,-5625.8099999999995,652.995,-27167.85,-9301.005,-4710.33
-9298.619999999999,-11096.369999999999,-20964.239999999998,-5579.415,636.165,-27207.629999999997,-9325.26,-4625.235
-9299.609999999999,-11080.98,-20937.69,-5515.155,639.495,-27248.76,-9387.9,-4650.389999999999
-9376.695,-11123.64,-20972.34,-5545.08,615.3299999999999,-27267.75,-9395.145,-4740.615
-9416.52,-11284.154999999999,-21130.92,-5684.67,459.18,-27312.21,-9382.59,-4683.915
-9413.01,-11332.664999999999,-21199.094999999998,-5800.275,361.44,-27381.105,-9398.475,-4646.115
-9449.505,-11244.869999999999,-21139.425,-5874.929999999999,427.905,-27362.879999999997,-9405.539999999999,-4733.46
-9453.42,-11228.22,-21120.704999999998,-5816.5199999999995,550.98,-27262.44,-9342.81,-4752.2699999999995
-9386.414999999999,-11264.265,-21216.69,-5859.495,428.31,-27306.495,-9353.52,-4653.495
-9323.82,-11239.515,-21148.515,-5712.525,462.87,-27304.829999999998,-9361.755,-4543.29
-9280.664999999999,-11115.539999999999,-20965.005,-5510.07,628.47,-27204.84,-9295.74,-4586.22
-9376.965,-11116.755,-20949.39,-5505.389999999999,633.735,-27174.239999999998,-9301.005,-4799.295
-9417.51,-11130.615,-20994.66,-5609.295,513.585,-27242.954999999998,-9346.815,-4855.455
-9414.449999999999,-11226.015,-21121.92,-5751.99,435.33,-27298.664999999997,-9367.335,-4726.08
-9347.265,-11356.56,-21275.73,-5873.8949999999995,351.27,-27339.84,-9322.695,-4416.03
-9320.13,-11268.675,-21229.515,-5821.92,433.53,-27330.795,-9350.055,-4477.7699999999995
-9368.73,-11254.814999999999,-21162.015,-5783.94,482.58,-27333.809999999998,-9394.92,-4622.04
-9396.18,-11254.77,-21173.715,-5859.495,433.48499999999996,-27382.05,-9398.295,-4651.245
-9394.47,-11232.404999999999,-21145.725,-5931.179999999999,417.96,-27351.45,-9382.545,-4632.075
-9351.539999999999,-11214.81,-21151.844999999998,-5943.915,390.195,-27337.004999999997,-9363.465,-4608.945
-9354.24,-11208.824999999999,-21121.605,-5734.98,447.47999999999996,-27338.355,-9369.18,-4623.165
-9366.84,-11196.9,-21042.135,-5599.575,431.955,-27360.405,-9356.984999999999,-4629.014999999999
-9402.615,-11251.755,-21103.11,-5719.455,439.335,-27329.76,-9342.449999999999,-4654.71
-9373.23,-11239.154999999999,-21138.03,-5749.38,574.155,-27217.575,-9316.305,-4636.485
-9345.869999999999,-11196.855,-21075.39,-5628.105,614.925,-27182.52,-9298.664999999999,-4617.0
-9353.88,-11171.07,-20985.255,-5592.15,594.81,-27221.085,-9317.835,-4631.985
-9344.115,-11172.645,-21047.489999999998,-5640.255,533.2049999999999,-27258.614999999998,-9324.045,-4623.929999999999
-9328.185,-11160.945,-21043.755,-5653.304999999999,514.0799999999999,-27277.605,-9352.755,-4619.565
-9344.88,-11175.975,-21074.625,-5716.889999999999,496.53,-27303.66,-9385.605,-4640.085
-9357.119999999999,-11203.965,-21129.795,-5844.96,428.58,-27386.954999999998,-9406.529999999999,-4653.945
-9349.425,-11187.0,-21118.094999999998,-5764.1849999999995,551.295,-27355.184999999998,-9370.89,-4648.7699999999995
-9381.06,-11206.305,-21094.515,-5707.44,514.17,-27285.21,-9342.315,-4671.945
-9383.715,-11224.305,-21093.524999999998,-5695.514999999999,449.72999999999996,-27244.35,-9393.39,-4686.615
-9379.305,-11171.564999999999,-21047.219999999998,-5670.9,465.435,-27280.664999999997,-9479.34,-4714.83
-9376.065,-11179.08,-21069.719999999998,-5669.19,524.43,-27267.75,-9440.01,-4710.915
-9326.565,-11153.43,-21032.864999999998,-5604.84,593.505,-27234.36,-9331.965,-4636.17
-9327.779999999999,-11230.83,-21123.27,-5718.465,444.465,-27275.085,-9238.904999999999,-4573.98
-9364.635,-11208.015,-21133.755,-5784.075,450.765,-27251.28,-9247.904999999999,-4630.23
-9339.57,-11117.52,-21006.945,-5683.139999999999,509.085,-27228.239999999998,-9319.32,-4685.355
-9364.859999999999,-11121.84,-20969.415,-5616.315,561.87,-27197.37,-9331.244999999999,-4708.62
-9378.9,-11190.824999999999,-21034.44,-5590.62,552.96,-27277.425,-9356.984999999999,-4679.505
-9380.115,-11191.455,-21031.2,-5528.565,651.51,-27262.485,-9321.3,-4676.175
-9362.475,-11175.525,-21030.975,-5547.87,619.785,-27231.614999999998,-9298.215,-4679.235
-9378.135,-11173.14,-21021.84,-5627.79,554.04,-27257.535,-9362.789999999999,-4720.365
-9448.74,-11188.529999999999,-21030.344999999998,-5611.1849999999995,641.2049999999999,-27244.844999999998,-9391.095,-4845.825
-9482.4,-11227.32,-21060.27,-5637.195,622.17,-27260.055,-9399.465,-4821.525
-9389.385,-11189.925,-21077.864999999998,-5726.34,488.60999999999996,-27325.485,-9406.484999999999,-4677.4349999999995
-9370.17,-11227.365,-21126.239999999998,-5766.615,401.085,-27371.204999999998,-9453.33,-4621.005
-9356.039999999999,-11216.925,-21102.614999999998,-5738.3099999999995,375.12,-27388.664999999997,-9466.38,-4630.139999999999
-9265.14,-11176.74,-21055.364999999998,-5685.885,332.37,-27431.954999999998,-9434.025,-4542.255
-9322.83,-11200.5,-21093.48,-5756.3099999999995,353.385,-27389.114999999998,-9362.88,-4545.675
-9386.414999999999,-11303.369999999999,-21182.265,-5745.105,516.78,-27257.579999999998,-9297.315,-4566.15
-9346.32,-11213.91,-21092.715,-5680.44,584.28,-27190.44,-9291.734999999999,-4605.974999999999
-9361.26,-11140.695,-21044.07,-5662.17,571.77,-27224.235,-9306.09,-4700.565
-9412.425,-11196.449999999999,-21080.43,-5677.38,557.8199999999999,-27250.289999999997,-9286.695,-4734.045
-9432.63,-11272.365,-21137.895,-5716.17,529.965,-27262.844999999998,-9273.465,-4686.345
-9393.255,-11266.56,-21181.41,-5809.95,452.52,-27249.84,-9275.805,-4625.19
-9386.685,-11226.869999999999,-21139.065,-5810.58,449.325,-27272.34,-9341.505,-4626.045
-9344.16,-11153.16,-21048.93,-5723.415,547.6949999999999,-27288.809999999998,-9385.02,-4595.67
-9314.1,-11161.395,-21077.82,-5803.65,397.08,-27324.45,-9345.69,-4568.3099999999995
-9376.65,-11263.005,-21205.44,-5983.2,211.85999999999999,-27353.52,-9333.045,-4611.554999999999
-9421.47,-11321.279999999999,-21340.079999999998,-6130.08,126.27,-27406.934999999998,-9396.09,-4674.014999999999
-9464.67,-11351.07,-21338.82,-5959.3949999999995,320.58,-27404.774999999998,-9403.244999999999,-4712.58
-9412.92,-11251.664999999999,-21168.315,-5680.08,541.035,-27374.039999999997,-9394.47,-4664.7
-9342.27,-11165.67,-21009.329999999998,-5571.855,539.3249999999999,-27368.504999999997,-9378.045,-4608.764999999999
-9358.38,-11196.404999999999,-21011.219999999998,-5583.915,534.78,-27324.495,-9364.68,-4621.679999999999
-9371.52,-11197.755,-21056.805,-5633.415,527.085,-27274.094999999998,-9335.43,-4636.349999999999
-9348.164999999999,-11166.029999999999,-21051.45,-5645.655,515.61,-27271.395,-9347.13,-4636.98
-9333.539999999999,-11162.789999999999,-21033.63,-5601.24,568.485,-27252.36,-9353.925,-4643.82
-9335.744999999999,-11146.14,-21015.989999999998,-5576.535,691.11,-27197.46,-9326.34,-4654.9349999999995
-9331.74,-11156.265,-21009.149999999998,-5634.224999999999,707.85,-27146.969999999998,-9270.404999999999,-4638.465
-9400.095,-11262.465,-21204.945,-5902.514999999999,454.95,-27249.164999999997,-9312.255,-4661.054999999999
-9431.01,-11318.22,-21295.215,-6058.755,282.24,-27380.114999999998,-9412.92,-4670.19
-9402.84,-11263.635,-21179.565,-5798.205,432.945,-27368.235,-9458.145,-4687.2
-9366.705,-11222.595,-21031.785,-5468.8949999999995,596.0699999999999,-27301.5,-9378.225,-4656.15
-9375.975,-11194.83,-20986.829999999998,-5486.04,536.9399999999999,-27293.985,-9335.295,-4649.985
-9379.619999999999,-11213.055,-21059.505,-5663.07,455.31,-27305.19,-9318.375,-4645.035
-9352.619999999999,-11263.14,-21160.53,-5718.6449999999995,468.0,-27307.305,-9339.66,-4624.155
-9378.63,-11164.77,-21059.954999999998,-5710.86,478.71,-27295.379999999997,-9388.484999999999,-4665.69
-9379.17,-11164.994999999999,-21059.82,-5740.965,501.435,-27278.594999999998,-9389.789999999999,-4685.715
-9356.895,-11148.435,-21031.965,-5692.905,591.93,-27251.64,-9350.595,-4693.635
-9382.68,-11127.33,-21009.69,-5642.955,673.245,-27206.19,-9337.365,-4737.24
-9396.09,-11113.83,-20985.57,-5698.485,582.435,-27232.289999999997,-9313.38,-4760.099999999999
-9385.605,-11132.91,-21020.985,-5670.45,553.905,-27225.315,-9324.494999999999,-4804.83
-9379.619999999999,-11145.42,-21032.415,-5619.15,535.14,-27218.295,-9351.765,-4783.23
-9391.365,-11170.89,-21022.469999999998,-5602.5,467.145,-27290.925,-9355.815,-4690.44
-9336.195,-11196.72,-21040.785,-5604.255,538.335,-27294.84,-9297.81,-4485.33
-9263.654999999999,-11191.095,-21060.63,-5644.844999999999,531.9449999999999,-27343.485,-9310.68,-4419.045
-9277.695,-11149.74,-21022.38,-5635.98,590.4,-27292.545,-9346.275,-4549.635
-9343.395,-11149.154999999999,-21058.425,-5715.224999999999,552.78,-27274.004999999997,-9350.369999999999,-4688.73
-9405.045,-11178.27,-21070.575,-5717.88,549.63,-27301.05,-9357.029999999999,-4756.905
-9481.23,-11277.63,-21161.204999999998,-5772.69,443.115,-27361.844999999998,-9333.855,-4773.78
-9541.305,-11353.77,-21257.37,-5878.485,366.255,-27410.355,-9395.82,-4796.28
-9442.035,-11324.07,-21225.375,-5807.745,422.90999999999997,-27385.11,-9394.92,-4662.135
-9350.279999999999,-11228.715,-21114.809999999998,-5709.599999999999,401.58,-27399.195,-9357.615,-4562.865
-9319.185,-11211.39,-21087.045,-5721.615,368.37,-27429.93,-9401.31,-4540.455
-9362.205,-11229.795,-21130.38,-5773.724999999999,447.21,-27333.09,-9387.359999999999,-4613.49
-9375.21,-11209.14,-21094.425,-5752.44,581.715,-27265.32,-9351.675,-4637.97
-9311.265,-11191.77,-21138.614999999998,-5834.115,472.54499999999996,-27301.59,-9321.75,-4577.535
-9328.455,-11220.345,-21159.045,-5855.8949999999995,372.87,-27318.6,-9309.69,-4563.855
-9372.555,-11204.1,-21047.94,-5645.474999999999,523.215,-27300.329999999998,-9338.13,-4615.875
-9381.645,-11238.57,-21096.45,-5686.065,566.865,-27277.739999999998,-9349.154999999999,-4651.29
-9387.045,-11268.72,-21212.505,-5924.88,481.005,-27291.914999999997,-9332.055,-4667.04
-9392.85,-11267.279999999999,-21325.184999999998,-6212.969999999999,332.09999999999997,-27336.239999999998,-9333.765,-4644.855
-9411.48,-11288.744999999999,-21385.665,-6285.554999999999,238.27499999999998,-27381.239999999998,-9350.73,-4648.1849999999995
-9418.994999999999,-11290.59,-21265.515,-5917.05,330.34499999999997,-27363.51,-9346.59,-4655.5199999999995
-9418.5,-11259.945,-21087.855,-5563.44,458.865,-27346.905,-9348.119999999999,-4656.78
-9373.095,-11169.045,-20909.745,-5334.57,562.635,-27303.164999999997,-9328.545,-4642.875
-9373.275,-11175.435,-20985.84,-5515.38,595.305,-27282.735,-9325.8,-4644.855
