ch0,ch1,ch2,ch3,ch4,ch5,ch6,ch7
-10294.65,-11366.505,-21562.065,-6240.0599999999995,411.885,-28493.954999999998,-10178.279999999999,-4595.445
-10321.289999999999,-11419.064999999999,-21671.55,-6363.675,313.335,-28523.07,-10158.705,-4602.105
-10303.74,-11415.645,-21590.055,-6195.69,346.59,-28502.774999999998,-10156.095,-4587.255
-10209.195,-11296.529999999999,-21408.48,-5955.48,476.90999999999997,-28443.465,-10158.84,-4559.264999999999
-10272.555,-11244.015,-21338.055,-5904.09,554.9399999999999,-28422.315,-10212.705,-4666.86
-10363.904999999999,-11298.779999999999,-21393.855,-5991.12,502.515,-28409.039999999997,-10226.88,-4738.365
-10398.42,-11435.175,-21521.43,-6113.79,384.97499999999997,-28478.52,-10243.125,-4690.98
-10284.119999999999,-11450.654999999999,-21632.579999999998,-6263.19,319.275,-28572.885,-10278.18,-4514.8949999999995
-10208.07,-11361.285,-21569.219999999998,-6239.295,342.765,-28522.35,-10191.779999999999,-4437.945
-10255.68,-11374.335,-21542.76,-6216.075,286.335,-28522.98,-10203.75,-4535.73
-10272.779999999999,-11400.75,-21605.535,-6347.205,277.335,-28534.23,-10161.945,-4503.78
-10261.664999999999,-11401.92,-21624.255,-6421.365,277.78499999999997,-28590.57,-10149.93,-4479.075
-10238.445,-11386.755,-21642.075,-6416.415,255.69,-28605.42,-10145.835,-4475.88
-10244.34,-11350.664999999999,-21575.61,-6280.965,349.155,-28497.465,-10125.99,-4537.17
-10263.015,-11373.435,-21630.555,-6405.929999999999,286.38,-28510.379999999997,-10153.574999999999,-4536.72
-10296.9,-11456.73,-21770.145,-6528.375,181.62,-28577.745,-10169.865,-4502.429999999999
-10347.525,-11513.43,-21741.84,-6292.304999999999,231.03,-28596.78,-10209.195,-4499.82
-10290.195,-11437.335,-21499.11,-5907.42,390.555,-28573.695,-10218.824999999999,-4470.075
-10303.244999999999,-11385.945,-21422.79,-5945.49,327.10499999999996,-28626.57,-10221.525,-4518.63
-10290.555,-11413.35,-21566.925,-6193.575,257.985,-28624.32,-10224.945,-4502.5199999999995
-10246.005,-11425.994999999999,-21694.77,-6457.5,222.885,-28617.885,-10225.17,-4457.925
-10252.89,-11424.24,-21662.594999999998,-6360.57,291.465,-28612.575,-10254.24,-4501.71
-10297.89,-11434.5,-21542.805,-6036.255,362.47499999999997,-28565.684999999998,-10288.305,-4567.095
-10276.38,-11415.51,-21472.649999999998,-5890.139999999999,363.51,-28575.135,-10289.654999999999,-4554.045
-10265.895,-11383.695,-21457.215,-5958.09,379.485,-28558.62,-10221.93,-4523.22
-10239.615,-11339.595,-21446.46,-6033.51,395.90999999999997,-28558.485,-10134.765,-4475.025
-10233.359999999999,-11323.71,-21455.37,-6032.655,442.48499999999996,-28508.399999999998,-10089.0,-4453.785
-10261.529999999999,-11369.43,-21507.57,-6090.795,375.34499999999997,-28524.285,-10141.109999999999,-4493.25
-10277.145,-11369.475,-21494.925,-6090.929999999999,348.525,-28538.414999999997,-10185.39,-4529.61
-10265.535,-11339.279999999999,-21463.829999999998,-6051.105,405.495,-28531.62,-10208.565,-4528.98
-10258.83,-11358.225,-21508.649999999998,-6121.98,340.78499999999997,-28581.704999999998,-10220.67,-4520.025
-10277.775,-11385.045,-21565.485,-6182.28,320.67,-28563.12,-10188.045,-4526.46
-10283.715,-11395.305,-21568.32,-6183.36,337.905,-28498.05,-10144.935,-4524.615
-10286.55,-11422.529999999999,-21621.915,-6256.62,299.205,-28516.905,-10124.414999999999,-4519.8
-10275.345,-11398.005,-21615.57,-6307.83,294.75,-28536.03,-10164.285,-4522.679999999999
-10265.355,-11367.99,-21559.32,-6241.094999999999,380.47499999999997,-28511.55,-10181.744999999999,-4528.304999999999
-10282.68,-11392.92,-21551.715,-6153.615,412.335,-28490.625,-10192.904999999999,-4552.0199999999995
-10292.175,-11406.105,-21542.625,-6147.495,354.555,-28519.92,-10208.744999999999,-4562.1449999999995
-10290.15,-11401.289999999999,-21571.02,-6138.63,320.94,-28548.135,-10194.21,-4548.87
-10283.445,-11387.07,-21550.68,-6120.54,337.14,-28522.664999999997,-10133.19,-4527.8099999999995
-10282.41,-11394.404999999999,-21522.059999999998,-6092.37,392.21999999999997,-28484.504999999997,-10109.744999999999,-4519.215
-10252.44,-11331.0,-21435.48,-5998.365,489.645,-28474.605,-10159.695,-4538.7
-10257.345,-11321.055,-21461.085,-6054.12,438.84,-28496.655,-10155.285,-4571.01
-10284.66,-11357.865,-21521.114999999998,-6125.985,361.935,-28519.289999999997,-10145.88,-4592.5199999999995
-10316.16,-11424.734999999999,-21588.255,-6217.74,272.15999999999997,-28550.295,-10178.73,-4574.61
-10326.869999999999,-11418.705,-21578.265,-6271.469999999999,198.945,-28610.864999999998,-10256.22,-4561.92
-10320.435,-11379.015,-21547.53,-6190.2,258.39,-28589.129999999997,-10297.215,-4595.94
-10297.44,-11320.875,-21459.915,-6054.12,464.715,-28499.085,-10277.865,-4652.73
-10255.185,-11301.345,-21473.37,-6097.59,497.115,-28469.024999999998,-10214.369999999999,-4638.735
-10213.965,-11338.47,-21541.05,-6229.349999999999,380.655,-28505.565,-10177.289999999999,-4508.054999999999
-10261.845,-11428.289999999999,-21653.415,-6405.57,259.605,-28559.43,-10144.305,-4504.59
-10316.295,-11447.055,-21681.315,-6329.115,286.46999999999997,-28527.66,-10102.14,-4551.615
-10303.289999999999,-11400.255,-21576.059999999998,-6131.295,304.38,-28544.94,-10140.885,-4499.19
-10262.744999999999,-11412.314999999999,-21527.325,-6056.28,307.575,-28598.265,-10178.82,-4424.804999999999
-10213.47,-11379.555,-21540.915,-6077.07,408.465,-28563.03,-10165.725,-4415.264999999999
-10205.73,-11355.029999999999,-21528.045,-6093.54,427.905,-28521.045,-10137.645,-4447.035
-10265.13,-11375.145,-21531.87,-6138.045,358.245,-28545.885,-10148.715,-4498.514999999999
-10294.02,-11390.4,-21575.34,-6238.844999999999,305.145,-28560.69,-10164.24,-4513.365
-10290.645,-11388.869999999999,-21563.64,-6226.92,328.815,-28559.879999999997,-10167.164999999999,-4515.885
-10294.92,-11400.885,-21544.469999999998,-6141.375,348.97499999999997,-28578.105,-10189.26,-4529.745
-10302.48,-11388.24,-21497.579999999998,-6076.755,357.705,-28559.43,-10208.115,-4572.405
-10310.805,-11391.435,-21526.469999999998,-6149.205,379.66499999999996,-28537.289999999997,-10194.615,-4576.23
-10284.975,-11381.85,-21545.954999999998,-6153.974999999999,421.46999999999997,-28482.524999999998,-10147.77,-4533.075
-10197.855,-11343.779999999999,-21532.05,-6158.5199999999995,363.15,-28501.649999999998,-10137.6,-4445.955
-10219.949999999999,-11365.064999999999,-21578.805,-6222.915,318.735,-28504.8,-10143.99,-4475.25
-10290.195,-11414.385,-21628.44,-6306.57,296.82,-28535.85,-10198.619999999999,-4544.595
-10309.725,-11433.689999999999,-21598.785,-6214.23,349.60499999999996,-28563.75,-10205.865,-4563.179999999999
-10305.765,-11376.99,-21503.52,-6060.195,370.71,-28564.605,-10185.345,-4570.0199999999995
-10279.619999999999,-11337.345,-21444.12,-6002.82,408.96,-28527.12,-10190.205,-4555.3949999999995
-10242.72,-11324.789999999999,-21437.55,-6003.945,422.055,-28512.27,-10167.029999999999,-4516.29
-10235.25,-11345.265,-21482.28,-6102.315,363.015,-28525.725,-10165.815,-4492.215
-10264.23,-11385.404999999999,-21549.329999999998,-6150.735,369.63,-28504.62,-10217.654999999999,-4507.514999999999
-10277.46,-11405.385,-21587.355,-6192.945,338.085,-28523.7,-10194.84,-4497.929999999999
-10256.984999999999,-11382.705,-21542.715,-6178.995,362.925,-28528.245,-10170.18,-4480.695
-10259.279999999999,-11365.38,-21504.555,-6216.165,334.62,-28553.535,-10154.835,-4493.88
-10283.265,-11410.38,-21572.82,-6244.514999999999,234.045,-28589.399999999998,-10165.68,-4519.44
-10289.88,-11443.185,-21602.655,-6200.594999999999,205.73999999999998,-28639.215,-10215.359999999999,-4535.28
-10304.865,-11416.68,-21556.62,-6122.565,333.9,-28535.175,-10217.97,-4559.355
-10301.535,-11388.779999999999,-21525.39,-6093.179999999999,385.065,-28494.765,-10196.595,-4553.955
-10268.775,-11367.18,-21508.739999999998,-6105.105,375.885,-28498.14,-10171.71,-4520.115
-10265.94,-11372.939999999999,-21531.735,-6143.67,409.14,-28496.43,-10141.605,-4509.2699999999995
-10251.72,-11360.925,-21545.954999999998,-6183.179999999999,359.09999999999997,-28569.465,-10145.97,-4491.224999999999
-10264.59,-11374.515,-21578.94,-6291.945,251.86499999999998,-28590.84,-10159.154999999999,-4511.5199999999995
-10283.31,-11395.035,-21605.805,-6345.45,227.295,-28596.96,-10155.645,-4537.304999999999
-10294.47,-11445.525,-21694.184999999998,-6284.34,267.435,-28596.285,-10167.074999999999,-4544.82
-10292.94,-11400.39,-21589.605,-6186.96,305.19,-28603.844999999998,-10171.89,-4550.715
-10299.42,-11416.904999999999,-21652.02,-6357.69,302.085,-28581.84,-10161.765,-4574.835
-10314.09,-11348.145,-21554.954999999998,-6321.69,378.945,-28483.2,-10183.815,-4658.04
-10335.375,-11330.595,-21476.07,-6187.59,440.59499999999997,-28421.28,-10163.88,-4691.16
-10329.705,-11371.994999999999,-21512.925,-6107.49,465.93,-28417.32,-10137.06,-4616.82
-10285.695,-11405.07,-21557.655,-6119.865,353.385,-28506.059999999998,-10133.82,-4486.095
-10273.41,-11401.92,-21602.655,-6142.139999999999,340.695,-28577.07,-10196.595,-4477.545
-10272.734999999999,-11362.185,-21504.87,-6051.6449999999995,379.125,-28581.03,-10232.055,-4549.005
-10268.055,-11383.74,-21514.86,-6075.405,339.75,-28571.94,-10193.265,-4526.01
-10236.645,-11387.385,-21522.239999999998,-6066.45,334.44,-28566.855,-10158.48,-4439.97
-10220.984999999999,-11383.109999999999,-21524.309999999998,-6105.33,325.26,-28558.53,-10153.215,-4440.285
-10269.63,-11403.494999999999,-21555.63,-6130.125,333.85499999999996,-28518.344999999998,-10139.67,-4505.715
-10276.289999999999,-11417.58,-21592.395,-6242.67,338.21999999999997,-28509.975,-10176.615,-4508.054999999999
-10252.935,-11413.395,-21635.954999999998,-6300.764999999999,387.27,-28536.075,-10210.77,-4507.83
-10271.654999999999,-11348.775,-21536.145,-6197.49,402.03,-28557.899999999998,-10210.68,-4560.075
-10322.865,-11383.875,-21540.195,-6141.465,351.945,-28575.0,-10192.365,-4602.105
-10334.07,-11432.789999999999,-21567.195,-6091.74,323.01,-28565.01,-10145.07,-4585.005
-10288.035,-11401.154999999999,-21535.155,-6079.5,324.585,-28530.899999999998,-10157.805,-4536.315
-10261.89,-11376.63,-21540.105,-6136.514999999999,363.51,-28495.844999999998,-10167.255,-4515.075
-10333.08,-11397.734999999999,-21533.535,-6151.905,406.305,-28504.305,-10182.105,-4579.29
-10286.73,-11332.26,-21476.475,-6143.8949999999995,400.77,-28544.67,-10208.609999999999,-4581.945
-10231.965,-11305.98,-21460.905,-6116.085,386.235,-28478.024999999998,-10157.895,-4575.69
-10267.47,-11336.22,-21488.219999999998,-6105.105,414.45,-28417.184999999998,-10102.994999999999,-4578.615
-10349.91,-11386.08,-21525.66,-6090.615,456.435,-28450.754999999997,-10106.775,-4608.72
-10329.074999999999,-11454.119999999999,-21623.715,-6223.86,283.545,-28627.469999999998,-10176.615,-4538.385
-10295.055,-11396.025,-21555.045,-6167.61,282.735,-28648.215,-10197.945,-4542.57
-10293.525,-11355.615,-21535.469999999998,-6152.13,311.985,-28604.114999999998,-10251.045,-4595.04
-10315.664999999999,-11372.895,-21547.98,-6142.365,356.805,-28561.995,-10223.595,-4613.625
-10314.135,-11389.365,-21519.18,-6084.54,454.72499999999997,-28497.195,-10175.715,-4567.815
-10275.84,-11396.744999999999,-21525.344999999998,-6138.2699999999995,409.635,-28514.61,-10160.01,-4485.915
-10222.38,-11390.49,-21602.7,-6315.57,279.585,-28534.815,-10131.66,-4405.995
-10238.895,-11414.295,-21659.445,-6413.49,211.67999999999998,-28588.094999999998,-10134.539999999999,-4376.43
-10256.94,-11435.939999999999,-21644.954999999998,-6343.065,186.66,-28651.23,-10164.195,-4412.115
-10291.904999999999,-11435.4,-21593.114999999998,-6182.775,242.37,-28610.145,-10167.93,-4489.965
-10296.494999999999,-11452.32,-21592.8,-6185.07,278.82,-28565.91,-10167.57,-4507.065
-10293.57,-11436.119999999999,-21562.965,-6118.695,338.35499999999996,-28568.43,-10214.955,-4519.53
-10285.02,-11392.38,-21522.825,-6072.525,396.585,-28544.625,-10227.51,-4524.84
-10280.789999999999,-11387.925,-21550.14,-6081.84,403.10999999999996,-28513.98,-10198.71,-4521.51
-10276.56,-11393.73,-21616.469999999998,-6230.429999999999,345.195,-28513.485,-10145.565,-4510.575
-10275.119999999999,-11445.525,-21698.55,-6343.514999999999,301.5,-28514.43,-10085.22,-4484.925
-10278.0,-11402.91,-21607.11,-6287.49,338.49,-28529.414999999997,-10129.77,-4505.49
-10276.065,-11386.619999999999,-21587.489999999998,-6225.66,369.135,-28507.635,-10134.135,-4515.4349999999995
-10288.305,-11402.279999999999,-21564.405,-6199.695,292.635,-28603.62,-10147.095,-4530.69
-10284.255,-11362.77,-21477.015,-6135.344999999999,334.935,-28589.985,-10163.744999999999,-4540.41
-10255.904999999999,-11344.5,-21498.704999999998,-6175.755,348.16499999999996,-28564.785,-10217.88,-4521.554999999999
-10251.9,-11359.08,-21560.219999999998,-6203.07,352.305,-28516.5,-10204.244999999999,-4515.165
-10269.72,-11376.045,-21587.67,-6220.71,300.28499999999997,-28494.989999999998,-10140.029999999999,-4522.635
-10282.095,-11393.685,-21580.38,-6147.495,340.155,-28451.43,-10087.02,-4521.195
-10302.705,-11413.395,-21542.715,-6080.4,367.83,-28477.305,-10097.414999999999,-4535.505
-10279.395,-11396.43,-21520.44,-6100.695,395.55,-28548.495,-10144.664999999999,-4522.23
-10268.369999999999,-11382.48,-21510.945,-6107.67,380.835,-28551.239999999998,-10173.285,-4521.51
-10273.095,-11356.65,-21501.989999999998,-6110.28,382.5,-28533.825,-10200.51,-4529.88
-10283.22,-11384.865,-21532.905,-6161.715,328.77,-28537.245,-10199.654999999999,-4539.014999999999
-10264.68,-11379.51,-21523.905,-6109.155,371.78999999999996,-28512.36,-10172.565,-4531.724999999999
-10264.23,-11407.185,-21594.015,-6079.59,412.155,-28475.73,-10141.74,-4531.095
-10268.685,-11354.805,-21499.469999999998,-6134.219999999999,378.405,-28507.23,-10135.305,-4540.995
-10258.065,-11352.105,-21500.01,-6156.54,373.32,-28531.17,-10156.994999999999,-4539.465
-10257.93,-11324.295,-21516.57,-6140.5199999999995,390.195,-28523.34,-10168.109999999999,-4553.099999999999
-10310.445,-11327.175,-21462.704999999998,-6061.724999999999,399.73499999999996,-28515.6,-10168.74,-4636.98
-10339.785,-11352.015,-21486.96,-6078.554999999999,412.245,-28477.53,-10151.955,-4701.78
-10353.869999999999,-11326.77,-21439.26,-6075.675,486.99,-28430.64,-10152.585,-4717.98
-10376.145,-11408.49,-21579.165,-6280.74,381.015,-28476.315,-10141.515,-4619.97
-10334.295,-11455.289999999999,-21678.524999999998,-6379.83,256.40999999999997,-28565.145,-10200.914999999999,-4570.0199999999995
-10275.029999999999,-11408.22,-21615.39,-6239.61,302.58,-28536.93,-10182.645,-4521.69
-10205.505,-11374.965,-21527.415,-6129.09,266.31,-28579.454999999998,-10153.17,-4398.48
-10241.505,-11405.07,-21565.395,-6180.344999999999,248.715,-28586.745,-10148.895,-4455.54
-10293.795,-11428.02,-21594.059999999998,-6183.2699999999995,351.405,-28568.204999999998,-10145.789999999999,-4520.34
-10304.73,-11413.125,-21587.355,-6144.389999999999,386.37,-28529.91,-10142.369999999999,-4525.514999999999
-10286.865,-11373.255,-21517.875,-6067.889999999999,382.40999999999997,-28530.405,-10156.635,-4551.075
-10312.47,-11386.484999999999,-21527.145,-6103.844999999999,380.43,-28537.875,-10198.44,-4587.075
-10309.545,-11409.164999999999,-21567.78,-6227.01,335.78999999999996,-28581.614999999998,-10220.49,-4535.37
-10305.225,-11432.654999999999,-21652.245,-6393.195,262.44,-28624.094999999998,-10228.095,-4504.365
-10305.494999999999,-11457.359999999999,-21712.995,-6412.1849999999995,193.635,-28627.695,-10210.185,-4513.7699999999995
-10267.065,-11387.07,-21577.364999999998,-6181.74,275.53499999999997,-28547.55,-10146.555,-4524.255
-10237.455,-11326.904999999999,-21447.989999999998,-6015.285,474.97499999999997,-28427.715,-10054.529999999999,-4495.679999999999
-10254.645,-11371.365,-21545.774999999998,-6129.99,452.15999999999997,-28431.855,-10051.47,-4485.87
-10260.404999999999,-11408.13,-21612.69,-6229.844999999999,311.625,-28532.61,-10131.164999999999,-4453.695
-10273.14,-11408.445,-21575.024999999998,-6215.67,324.85499999999996,-28557.675,-10174.095,-4472.1449999999995
-10298.16,-11428.02,-21612.42,-6303.87,296.055,-28538.774999999998,-10179.27,-4513.815
-10293.795,-11405.385,-21550.23,-6225.12,314.055,-28514.43,-10182.015,-4511.295
-10295.055,-11401.875,-21545.28,-6142.815,372.33,-28531.395,-10174.365,-4523.3099999999995
-10278.9,-11389.365,-21517.11,-6072.974999999999,394.2,-28522.44,-10122.21,-4513.05
-10257.75,-11413.395,-21586.454999999998,-6132.105,349.46999999999997,-28555.379999999997,-10130.22,-4490.639999999999
-10238.22,-11366.1,-21536.774999999998,-6127.065,342.945,-28556.28,-10177.109999999999,-4488.345
-10241.865,-11382.66,-21551.67,-6217.83,355.09499999999997,-28498.32,-10159.244999999999,-4491.54
-10292.715,-11439.449999999999,-21608.28,-6277.679999999999,295.875,-28500.84,-10150.515,-4535.19
-10305.09,-11374.425,-21534.165,-6157.215,345.465,-28497.645,-10153.845,-4560.389999999999
-10304.73,-11378.52,-21523.05,-6053.219999999999,385.965,-28517.625,-10152.449999999999,-4565.16
-10290.24,-11388.06,-21558.015,-6113.205,334.84499999999997,-28535.175,-10152.494999999999,-4536.945
-10280.205,-11396.609999999999,-21585.329999999998,-6210.855,275.49,-28555.245,-10176.57,-4516.29
-10275.705,-11367.494999999999,-21532.14,-6138.63,387.945,-28530.495,-10192.05,-4523.445
-10280.789999999999,-11385.9,-21573.719999999998,-6197.67,399.91499999999996,-28540.71,-10169.145,-4525.335
-10306.845,-11429.505,-21628.98,-6267.0599999999995,300.78,-28605.87,-10181.295,-4544.639999999999
-10301.445,-11402.324999999999,-21580.065,-6138.9,376.695,-28541.295,-10165.14,-4542.705
-10275.93,-11397.24,-21571.425,-6127.155,386.90999999999997,-28486.844999999998,-10125.945,-4511.429999999999
-10262.205,-11404.89,-21593.204999999998,-6214.7699999999995,302.895,-28503.45,-10117.215,-4501.17
-10245.33,-11369.744999999999,-21554.73,-6219.855,325.03499999999997,-28509.57,-10122.615,-4502.025
-10252.484999999999,-11338.109999999999,-21482.864999999998,-6124.635,390.69,-28481.76,-10134.855,-4548.195
-10300.095,-11299.23,-21445.649999999998,-6053.219999999999,424.26,-28464.614999999998,-10168.244999999999,-4654.98
-10353.33,-11333.97,-21478.454999999998,-6137.865,418.995,-28476.315,-10171.664999999999,-4721.94
-10361.835,-11397.645,-21565.035,-6209.639999999999,401.31,-28495.035,-10158.164999999999,-4675.455
-10329.39,-11438.505,-21608.82,-6208.065,342.945,-28534.364999999998,-10165.5,-4530.6449999999995
-10252.08,-11403.765,-21513.735,-6052.139999999999,343.305,-28556.28,-10182.555,-4429.889999999999
-10223.64,-11359.35,-21481.605,-6041.745,400.22999999999996,-28507.995,-10177.695,-4447.845
-10232.19,-11374.83,-21535.065,-6079.545,388.485,-28513.035,-10137.69,-4461.48
-10297.529999999999,-11382.029999999999,-21526.605,-6062.94,399.96,-28488.375,-10099.755,-4559.4
-10314.045,-11361.869999999999,-21479.579999999998,-6032.565,428.66999999999996,-28482.84,-10148.984999999999,-4662.99
-10318.859999999999,-11313.72,-21440.295,-6026.849999999999,455.895,-28474.605,-10155.33,-4706.1449999999995
-10326.555,-11330.055,-21450.149999999998,-6064.065,424.34999999999997,-28500.66,-10167.164999999999,-4642.245
-10260.855,-11391.84,-21542.715,-6154.695,322.875,-28521.539999999997,-10161.72,-4453.875
-10224.225,-11413.664999999999,-21596.175,-6218.82,255.64499999999998,-28513.395,-10137.69,-4375.62
-10212.615,-11352.195,-21554.415,-6242.264999999999,299.07,-28508.94,-10116.494999999999,-4409.37
-10234.484999999999,-11370.779999999999,-21572.91,-6244.469999999999,361.03499999999997,-28501.11,-10110.465,-4453.335
-10309.32,-11437.515,-21619.125,-6197.445,376.46999999999997,-28534.32,-10160.279999999999,-4526.955
-10362.869999999999,-11457.81,-21608.37,-6151.23,361.935,-28552.184999999998,-10186.92,-4583.205
-10380.24,-11430.945,-21611.61,-6221.07,319.05,-28602.629999999997,-10217.925,-4654.08
-10360.305,-11426.445,-21628.035,-6270.03,312.03,-28632.51,-10212.029999999999,-4669.514999999999
-10295.505,-11399.895,-21559.905,-6215.04,319.455,-28644.84,-10208.34,-4547.385
-10289.925,-11373.119999999999,-21524.309999999998,-6178.545,283.545,-28675.664999999997,-10225.619999999999,-4479.48
-10267.38,-11431.035,-21589.29,-6193.3949999999995,248.48999999999998,-28642.77,-10192.904999999999,-4422.825
-10268.19,-11420.595,-21591.18,-6163.469999999999,295.065,-28489.725,-10119.914999999999,-4460.355
-10233.63,-11389.32,-21558.059999999998,-6142.32,309.555,-28436.265,-10069.244999999999,-4424.445
-10244.115,-11404.619999999999,-21611.835,-6245.37,293.35499999999996,-28479.149999999998,-10077.255,-4433.94
-10265.67,-11408.625,-21671.37,-6396.21,341.145,-28494.18,-10107.09,-4475.385
-10283.85,-11424.24,-21668.805,-6386.8949999999995,419.895,-28450.125,-10085.895,-4489.5599999999995
-10291.635,-11446.244999999999,-21615.75,-6229.575,412.78499999999997,-28452.96,-10108.35,-4504.005
-10283.67,-11428.92,-21593.024999999998,-6133.005,374.21999999999997,-28516.32,-10152.225,-4507.514999999999
-10280.789999999999,-11420.369999999999,-21600.855,-6159.554999999999,293.35499999999996,-28572.48,-10176.615,-4513.41
-10268.865,-11385.81,-21531.78,-6117.12,287.09999999999997,-28550.879999999997,-10159.965,-4507.38
-10259.505,-11336.4,-21467.295,-6130.575,345.06,-28545.39,-10144.755,-4503.554999999999
-10270.17,-11369.97,-21529.755,-6167.969999999999,365.445,-28527.12,-10134.315,-4510.98
-10281.824999999999,-11379.195,-21550.77,-6097.275,377.59499999999997,-28523.114999999998,-10134.63,-4523.58
-10278.359999999999,-11347.02,-21469.995,-6032.61,383.895,-28530.27,-10148.58,-4525.74
-10280.699999999999,-11403.9,-21579.344999999998,-6123.96,376.91999999999996,-28512.09,-10138.815,-4518.0
-10282.32,-11404.305,-21594.87,-6181.245,366.65999999999997,-28499.535,-10129.815,-4517.37
-10277.055,-11354.58,-21498.93,-6120.675,424.305,-28504.89,-10129.365,-4521.915
-10277.505,-11365.38,-21514.41,-6139.665,386.685,-28509.93,-10131.255,-4524.75
-10283.445,-11381.805,-21560.085,-6172.245,353.745,-28524.105,-10137.779999999999,-4526.235
-10282.32,-11392.425,-21577.905,-6192.99,308.78999999999996,-28542.735,-10161.09,-4519.8
-10273.32,-11382.435,-21547.26,-6178.32,280.62,-28542.6,-10155.869999999999,-4510.8
-10272.6,-11387.475,-21567.915,-6247.755,264.87,-28556.954999999998,-10140.39,-4516.29
-10279.08,-11397.015,-21610.079999999998,-6246.764999999999,357.84,-28504.26,-10132.425,-4526.1449999999995
-10293.3,-11390.22,-21589.065,-6182.865,350.59499999999997,-28500.614999999998,-10150.335,-4545.72
-10291.095,-11375.234999999999,-21523.14,-6087.42,384.3,-28514.07,-10175.445,-4560.705
-10296.045,-11353.814999999999,-21487.32,-6046.92,423.04499999999996,-28515.329999999998,-10187.46,-4603.365
-10306.845,-11333.789999999999,-21444.03,-5996.295,430.065,-28524.645,-10174.77,-4626.54
-10311.3,-11346.795,-21450.059999999998,-6007.1849999999995,461.29499999999996,-28469.34,-10131.705,-4619.655
-10264.859999999999,-11363.039999999999,-21471.704999999998,-6050.115,437.94,-28446.075,-10110.33,-4510.304999999999
-10250.55,-11356.695,-21505.905,-6114.195,393.39,-28489.004999999997,-10110.105,-4478.264999999999
-10248.57,-11340.99,-21512.835,-6126.885,402.705,-28495.62,-10110.645,-4500.72
-10268.865,-11336.625,-21493.485,-6090.4349999999995,448.83,-28485.495,-10119.195,-4561.11
-10294.605,-11366.369999999999,-21513.015,-6105.24,447.75,-28486.215,-10134.945,-4577.67
-10296.945,-11375.279999999999,-21530.745,-6172.0199999999995,365.085,-28529.46,-10171.17,-4541.4
-10309.41,-11407.05,-21575.52,-6205.635,300.87,-28559.52,-10173.645,-4571.505
-10374.84,-11416.545,-21572.91,-6169.86,343.575,-28560.465,-10160.73,-4638.78
-10329.705,-11423.43,-21566.969999999998,-6167.565,373.86,-28544.265,-10150.74,-4541.715
-10288.89,-11409.615,-21579.57,-6205.455,325.395,-28567.844999999998,-10173.015,-4497.75
-10285.74,-11417.355,-21583.89,-6197.355,316.755,-28589.76,-10169.369999999999,-4453.065
-10263.69,-11402.685,-21589.29,-6228.315,274.59,-28603.44,-10167.39,-4447.665
-10278.315,-11415.51,-21613.995,-6294.105,261.0,-28612.844999999998,-10196.685,-4492.845
-10288.845,-11420.189999999999,-21609.675,-6274.889999999999,319.995,-28573.065,-10183.59,-4524.66
-10263.195,-11406.195,-21565.665,-6161.355,309.91499999999996,-28559.61,-10152.99,-4490.639999999999
-10229.039999999999,-11370.33,-21541.59,-6086.07,348.705,-28568.745,-10128.06,-4447.665
-10292.715,-11389.14,-21531.375,-6120.855,373.365,-28527.434999999998,-10120.59,-4519.215
-10319.895,-11431.574999999999,-21579.39,-6186.285,321.93,-28549.215,-10150.425,-4541.49
-10287.63,-11407.32,-21551.67,-6146.505,374.715,-28501.515,-10133.145,-4500.99
-10265.22,-11381.67,-21557.61,-6187.275,389.34,-28495.35,-10145.744999999999,-4466.97
-10286.775,-11388.465,-21595.094999999998,-6281.1449999999995,317.88,-28559.879999999997,-10179.315,-4524.795
-10302.255,-11428.695,-21614.355,-6261.75,320.985,-28549.89,-10165.904999999999,-4558.23
-10285.244999999999,-11418.48,-21635.235,-6187.094999999999,339.255,-28512.18,-10124.01,-4531.365
-10275.885,-11413.305,-21654.225,-6149.969999999999,363.96,-28516.32,-10116.765,-4491.54
-10258.695,-11361.33,-21532.23,-6148.304999999999,306.945,-28556.1,-10131.66,-4483.215
-10269.09,-11377.935,-21518.82,-6164.73,271.84499999999997,-28549.62,-10131.164999999999,-4504.095
-10282.23,-11378.07,-21520.62,-6135.84,325.935,-28524.735,-10146.869999999999,-4517.37
-10292.265,-11402.234999999999,-21572.145,-6137.415,410.895,-28506.42,-10151.64,-4509.179999999999
-10293.705,-11412.675,-21578.355,-6092.099999999999,451.03499999999997,-28514.655,-10151.145,-4513.7699999999995
-10279.529999999999,-11369.115,-21504.735,-6112.08,390.33,-28524.914999999997,-10128.779999999999,-4495.59
-10273.365,-11373.57,-21537.27,-6222.014999999999,308.07,-28575.27,-10149.119999999999,-4497.929999999999
-10281.375,-11398.635,-21585.42,-6266.295,285.34499999999997,-28585.305,-10172.115,-4510.349999999999
-10290.779999999999,-11404.98,-21602.114999999998,-6222.6449999999995,278.28,-28577.024999999998,-10182.375,-4516.0199999999995
-10275.435,-11410.02,-21581.864999999998,-6162.389999999999,337.455,-28516.77,-10151.685,-4506.255
-10263.105,-11397.33,-21562.02,-6144.885,400.85999999999996,-28479.239999999998,-10127.925,-4498.47
-10290.195,-11391.57,-21550.364999999998,-6175.575,359.685,-28520.504999999997,-10135.664999999999,-4523.8949999999995
-10303.515,-11374.785,-21504.645,-6122.969999999999,378.36,-28574.37,-10166.445,-4540.7699999999995
-10288.755,-11375.189999999999,-21531.645,-6119.46,396.85499999999996,-28565.145,-10158.119999999999,-4529.745
-10294.244999999999,-11377.17,-21539.07,-6181.155,397.16999999999996,-28533.555,-10138.14,-4536.0
-10271.43,-11365.289999999999,-21542.445,-6169.365,442.48499999999996,-28489.004999999997,-10127.34,-4524.255
-10282.904999999999,-11376.045,-21532.905,-6101.415,404.325,-28521.045,-10168.92,-4542.929999999999
-10312.965,-11401.38,-21563.28,-6131.88,344.88,-28592.1,-10217.25,-4573.3949999999995
-10309.545,-11380.455,-21544.649999999998,-6152.8949999999995,400.185,-28555.379999999997,-10210.185,-4584.87
-10299.15,-11357.955,-21547.665,-6247.755,385.02,-28540.44,-10206.315,-4611.69
-10319.355,-11346.21,-21546.45,-6248.16,344.655,-28518.704999999998,-10193.13,-4672.17
-10340.055,-11349.63,-21507.12,-6113.925,450.81,-28439.325,-10116.315,-4668.4349999999995
-10356.39,-11382.885,-21469.545,-5994.8099999999995,465.255,-28464.614999999998,-10130.49,-4593.105
-10341.9,-11473.02,-21603.015,-6153.03,257.805,-28623.465,-10195.92,-4493.79
-10321.785,-11468.025,-21619.17,-6172.83,279.36,-28547.82,-10144.125,-4540.905
-10296.045,-11393.055,-21561.165,-6138.63,314.685,-28515.69,-10153.17,-4562.865
-10271.295,-11363.4,-21520.98,-6098.219999999999,383.94,-28494.45,-10136.025,-4497.929999999999
-10272.33,-11395.439999999999,-21558.78,-6217.65,316.53,-28526.085,-10096.965,-4440.78
-10268.414999999999,-11413.439999999999,-21597.165,-6284.7,286.56,-28564.695,-10122.029999999999,-4446.945
-10292.67,-11423.564999999999,-21600.405,-6235.335,296.865,-28558.26,-10153.71,-4497.389999999999
-10291.32,-11400.57,-21543.84,-6114.195,340.245,-28567.934999999998,-10158.345,-4497.929999999999
-10252.845,-11395.529999999999,-21556.71,-6097.724999999999,366.97499999999997,-28539.495,-10123.695,-4446.179999999999
-10234.98,-11348.505,-21517.875,-6124.05,363.10499999999996,-28532.745,-10153.71,-4466.205
-10305.18,-11388.195,-21546.855,-6145.29,393.615,-28508.129999999997,-10149.795,-4563.315
-10356.164999999999,-11427.705,-21628.98,-6228.585,344.29499999999996,-28516.815,-10147.275,-4644.224999999999
-10336.545,-11377.755,-21574.53,-6267.465,293.35499999999996,-28528.875,-10162.484999999999,-4615.29
-10308.33,-11378.654999999999,-21567.555,-6263.775,296.59499999999997,-28556.414999999997,-10175.984999999999,-4549.7699999999995
-10259.685,-11364.975,-21517.02,-6127.785,332.41499999999996,-28556.28,-10179.675,-4496.67
-10247.94,-11363.31,-21489.344999999998,-6023.79,373.22999999999996,-28538.684999999998,-10166.49,-4485.87
-10312.244999999999,-11387.654999999999,-21512.565,-6035.219999999999,417.78,-28521.855,-10158.164999999999,-4553.505
-10343.97,-11467.439999999999,-21641.445,-6209.955,354.195,-28581.84,-10182.015,-4524.795
-10311.119999999999,-11494.619999999999,-21734.37,-6423.389999999999,290.15999999999997,-28602.09,-10155.105,-4463.865
-10253.654999999999,-11442.015,-21708.945,-6466.005,340.46999999999997,-28548.18,-10142.865,-4453.92
-10224.675,-11410.515,-21647.114999999998,-6285.554999999999,399.06,-28548.989999999998,-10155.06,-4423.365
-10268.73,-11366.46,-21521.88,-6008.8949999999995,424.755,-28552.364999999998,-10172.295,-4476.24
-10296.404999999999,-11363.355,-21456.495,-5940.179999999999,363.28499999999997,-28584.18,-10207.845,-4528.349999999999
-10304.055,-11385.494999999999,-21485.52,-6025.455,365.58,-28562.175,-10172.34,-4534.514999999999
-10299.824999999999,-11392.515,-21525.795,-6110.6849999999995,366.93,-28560.69,-10184.039999999999,-4530.014999999999
-10285.515,-11403.72,-21557.745,-6123.105,390.10499999999996,-28535.489999999998,-10138.365,-4503.24
-10291.994999999999,-11405.34,-21564.225,-6126.974999999999,396.9,-28501.155,-10087.965,-4492.9349999999995
-10274.58,-11384.865,-21552.39,-6172.11,401.625,-28506.375,-10127.835,-4495.05
-10287.63,-11438.505,-21618.45,-6266.429999999999,397.395,-28508.94,-10097.145,-4499.325
-10286.369999999999,-11383.74,-21596.265,-6422.04,315.36,-28511.594999999998,-10078.965,-4505.264999999999
-10296.99,-11384.64,-21637.079999999998,-6407.955,165.555,-28551.015,-10122.57,-4532.49
-10315.035,-11418.119999999999,-21645.405,-6242.3099999999995,205.56,-28563.075,-10154.789999999999,-4551.255
-10314.63,-11406.465,-21560.309999999998,-6064.74,297.85499999999996,-28573.739999999998,-10185.119999999999,-4561.83
-10311.39,-11394.765,-21528.36,-6087.51,298.03499999999997,-28555.02,-10159.515,-4552.514999999999
-10299.734999999999,-11373.119999999999,-21521.925,-6082.5599999999995,365.66999999999996,-28551.195,-10148.039999999999,-4544.595
-10312.425,-11394.0,-21554.415,-6102.405,431.23499999999996,-28594.62,-10191.06,-4550.49
-10300.545,-11416.275,-21613.545,-6200.55,357.255,-28630.44,-10194.029999999999,-4530.15
-10284.074999999999,-11378.97,-21563.73,-6145.155,411.03,-28530.539999999997,-10172.925,-4533.03
-10304.775,-11354.715,-21493.26,-6091.92,517.77,-28404.09,-10151.369999999999,-4586.849999999999
-10316.43,-11363.625,-21530.34,-6174.99,447.47999999999996,-28426.725,-10161.72,-4611.69
-10285.02,-11353.635,-21538.215,-6178.59,332.775,-28505.7,-10141.199999999999,-4549.95
-10243.08,-11365.109999999999,-21505.094999999998,-6067.304999999999,375.79499999999996,-28513.305,-10093.32,-4432.139999999999
-10254.015,-11371.23,-21489.66,-5996.655,468.585,-28505.969999999998,-10099.125,-4441.995
-10306.664999999999,-11414.115,-21575.25,-6138.99,333.135,-28572.48,-10149.029999999999,-4510.3949999999995
-10300.455,-11387.88,-21559.14,-6166.889999999999,260.82,-28606.725,-10172.789999999999,-4541.94
-10258.154999999999,-11360.115,-21540.78,-6147.09,382.185,-28516.14,-10144.935,-4510.26
-10232.595,-11357.595,-21561.39,-6232.95,409.77,-28492.605,-10125.945,-4472.639999999999
-10288.484999999999,-11390.13,-21597.03,-6321.24,365.625,-28518.975,-10130.13,-4516.11
-10308.555,-11402.82,-21610.53,-6241.139999999999,342.81,-28539.315,-10161.404999999999,-4559.445
-10352.295,-11420.55,-21591.989999999998,-6123.96,333.405,-28576.215,-10213.515,-4629.78
-10362.42,-11404.035,-21542.715,-6093.63,346.09499999999997,-28610.55,-10245.779999999999,-4670.82
-10314.81,-11364.84,-21531.059999999998,-6166.575,327.735,-28583.594999999998,-10201.23,-4636.665
-10293.615,-11367.045,-21575.79,-6283.304999999999,293.35499999999996,-28491.254999999997,-10114.289999999999,-4591.8
-10332.449999999999,-11396.34,-21583.844999999998,-6334.425,370.08,-28448.145,-10079.145,-4591.53
-10315.17,-11415.689999999999,-21594.015,-6223.59,384.57,-28509.524999999998,-10101.33,-4500.585
-10244.385,-11434.185,-21577.77,-6034.679999999999,371.835,-28562.805,-10132.695,-4369.68
-10232.324999999999,-11423.07,-21543.075,-5990.715,360.04499999999996,-28578.51,-10150.065,-4374.36
-10262.115,-11424.779999999999,-21544.829999999998,-6074.865,368.59499999999997,-28542.69,-10137.285,-4438.304999999999
-10311.795,-11498.355,-21655.62,-6168.42,344.43,-28528.965,-10146.6,-4503.554999999999
-10329.84,-11390.895,-21559.41,-6137.639999999999,356.31,-28535.715,-10168.695,-4562.415
-10323.945,-11352.24,-21495.915,-6107.13,404.55,-28516.41,-10145.205,-4588.83
-10313.369999999999,-11364.84,-21495.915,-6119.415,397.66499999999996,-28514.52,-10124.369999999999,-4583.88
-10324.035,-11398.005,-21541.05,-6126.48,378.675,-28523.969999999998,-10113.39,-4599.0
-10342.89,-11423.744999999999,-21597.885,-6194.969999999999,352.26,-28527.254999999997,-10108.215,-4570.065
-10320.615,-11409.3,-21610.26,-6246.405,334.17,-28544.715,-10147.32,-4525.514999999999
-10267.605,-11400.75,-21610.8,-6260.715,280.305,-28547.01,-10165.77,-4485.554999999999
-10279.17,-11385.81,-21584.43,-6215.535,237.42,-28587.645,-10207.17,-4552.38
-10335.33,-11377.619999999999,-21553.559999999998,-6171.389999999999,305.82,-28595.745,-10230.93,-4651.38
-10310.355,-11364.029999999999,-21506.94,-6132.599999999999,378.405,-28570.32,-10191.33,-4579.155
-10261.484999999999,-11386.439999999999,-21556.755,-6216.255,316.17,-28533.239999999998,-10114.38,-4426.11
-10261.35,-11442.42,-21673.215,-6332.175,161.73,-28556.414999999997,-10090.755,-4386.555
-10320.39,-11454.975,-21595.454999999998,-6180.75,212.76,-28638.0,-10165.41,-4490.639999999999
-10308.285,-11410.38,-21522.465,-6109.965,302.35499999999996,-28698.75,-10219.904999999999,-4522.995
-10295.1,-11402.055,-21568.545,-6164.01,368.505,-28661.219999999998,-10206.404999999999,-4523.985
-10242.404999999999,-11356.74,-21539.43,-6118.245,499.32,-28519.695,-10188.72,-4473.9
-10234.35,-11352.645,-21538.35,-6094.44,490.59,-28449.629999999997,-10135.89,-4451.804999999999
-10285.244999999999,-11391.255,-21543.975,-6138.54,385.155,-28505.43,-10120.859999999999,-4488.255
-10303.605,-11413.17,-21573.225,-6192.945,350.46,-28518.75,-10079.055,-4494.465
-10300.77,-11428.154999999999,-21633.48,-6314.3099999999995,364.68,-28512.629999999997,-10112.13,-4498.155
-10286.865,-11426.13,-21685.41,-6417.855,341.865,-28517.445,-10132.154999999999,-4497.03
-10291.68,-11419.244999999999,-21673.125,-6362.55,332.775,-28513.305,-10121.265,-4507.335
-10284.164999999999,-11373.615,-21532.41,-6104.88,361.125,-28503.27,-10127.385,-4516.92
-10292.13,-11379.914999999999,-21506.985,-6030.405,372.06,-28503.135,-10136.115,-4534.2
-10301.535,-11376.27,-21532.995,-6088.995,358.56,-28509.48,-10132.38,-4545.99
-10314.18,-11376.045,-21544.559999999998,-6172.065,341.82,-28529.1,-10135.08,-4567.455
-10304.595,-11384.73,-21567.69,-6190.695,405.18,-28506.105,-10131.57,-4548.96
-10295.865,-11396.205,-21578.13,-6167.835,421.695,-28510.425,-10148.445,-4532.4
-10278.18,-11382.164999999999,-21515.445,-6061.365,458.23499999999996,-28496.789999999997,-10161.675,-4490.865
-10265.445,-11378.97,-21494.88,-6035.49,429.12,-28487.61,-10157.039999999999,-4497.75
-10283.94,-11383.289999999999,-21561.165,-6159.24,272.43,-28567.53,-10151.73,-4548.33
-10326.869999999999,-11375.01,-21545.864999999998,-6172.335,282.15,-28569.51,-10142.055,-4609.215
-10359.494999999999,-11399.715,-21553.469999999998,-6147.9,331.335,-28543.454999999998,-10182.195,-4648.05
-10370.97,-11439.855,-21592.575,-6215.58,290.25,-28554.614999999998,-10170.09,-4593.87
-10270.215,-11414.16,-21576.645,-6180.389999999999,336.06,-28569.735,-10152.09,-4444.74
-10228.005,-11399.31,-21568.77,-6113.115,444.465,-28525.59,-10132.02,-4424.804999999999
-10291.14,-11401.74,-21570.84,-6133.455,389.07,-28517.489999999998,-10148.805,-4526.054999999999
-10336.365,-11403.81,-21553.515,-6115.1849999999995,334.8,-28522.754999999997,-10143.135,-4587.3
-10315.395,-11387.744999999999,-21543.704999999998,-6102.09,316.71,-28518.614999999998,-10109.654999999999,-4569.03
-10285.695,-11409.435,-21555.54,-6150.33,271.215,-28535.895,-10112.58,-4513.995
-10291.545,-11408.715,-21583.53,-6183.405,338.35499999999996,-28520.325,-10118.699999999999,-4533.48
-10290.734999999999,-11280.824999999999,-21455.055,-6105.0599999999995,486.18,-28484.235,-10122.255,-4644.045
-10299.015,-11324.925,-21534.165,-6221.474999999999,464.21999999999997,-28441.89,-10119.24,-4654.44
-10367.1,-11418.705,-21601.755,-6208.65,439.02,-28496.07,-10138.23,-4600.3949999999995
-10339.065,-11469.645,-21648.105,-6226.605,306.85499999999996,-28599.93,-10200.645,-4495.32
-10281.914999999999,-11404.89,-21570.84,-6204.465,277.515,-28624.184999999998,-10204.244999999999,-4493.07
-10297.845,-11389.904999999999,-21582.225,-6320.115,327.465,-28559.835,-10146.465,-4503.465
-10280.654999999999,-11407.725,-21618.899999999998,-6309.99,338.085,-28559.879999999997,-10140.345,-4440.87
-10296.99,-11439.99,-21642.21,-6201.09,320.985,-28572.39,-10150.56,-4485.42
-10342.845,-11405.654999999999,-21559.905,-6080.94,347.715,-28558.844999999998,-10172.789999999999,-4618.9349999999995
-10311.885,-11356.92,-21519.045,-6123.42,355.72499999999997,-28524.87,-10181.34,-4637.115
-10264.545,-11329.65,-21494.43,-6191.1449999999995,354.015,-28516.68,-10151.91,-4536.09
-10226.97,-11363.805,-21542.895,-6145.065,356.445,-28547.82,-10118.835,-4369.41
-10252.619999999999,-11401.154999999999,-21564.495,-6138.719999999999,303.615,-28593.539999999997,-10137.33,-4391.19
-10292.895,-11429.865,-21588.39,-6170.535,256.905,-28608.57,-10132.02,-4435.29
-10284.074999999999,-11416.725,-21590.37,-6181.695,333.495,-28578.555,-10119.869999999999,-4439.745
-10285.02,-11413.305,-21580.649999999998,-6167.34,345.06,-28558.125,-10133.234999999999,-4469.4
-10303.289999999999,-11423.475,-21578.175,-6146.55,375.885,-28511.414999999997,-10137.645,-4497.389999999999
-10296.404999999999,-11400.164999999999,-21576.195,-6141.87,354.51,-28512.675,-10133.55,-4500.36
-10318.095,-11436.255,-21614.895,-6192.405,297.585,-28527.48,-10134.945,-4518.09
-10315.98,-11419.38,-21590.055,-6192.36,320.625,-28533.6,-10126.035,-4521.554999999999
-10316.295,-11424.285,-21590.28,-6226.605,324.315,-28545.254999999997,-10117.935,-4522.905
-10329.435,-11458.439999999999,-21645.855,-6281.054999999999,316.26,-28555.92,-10130.445,-4535.37
-10305.539999999999,-11431.574999999999,-21626.055,-6177.599999999999,402.65999999999997,-28527.48,-10126.755,-4518.99
-10273.185,-11377.395,-21520.844999999998,-6061.724999999999,447.84,-28532.969999999998,-10147.59,-4501.845
-10273.994999999999,-11348.1,-21506.085,-6087.33,390.465,-28545.704999999998,-10143.585,-4505.13
-10283.58,-11365.785,-21516.75,-6107.94,344.385,-28529.055,-10118.115,-4510.8
-10290.33,-11392.83,-21579.795,-6166.485,326.07,-28532.43,-10126.98,-4515.03
-10305.539999999999,-11405.88,-21627.855,-6300.945,336.87,-28539.629999999997,-10144.215,-4527.855
-10288.935,-11425.814999999999,-21642.93,-6432.48,288.36,-28540.664999999997,-10147.095,-4510.035
-10266.029999999999,-11425.32,-21636.719999999998,-6344.28,292.455,-28528.785,-10129.32,-4487.355
-10296.449999999999,-11402.865,-21560.13,-6064.514999999999,420.255,-28527.39,-10126.44,-4510.845
-10286.01,-11387.295,-21554.774999999998,-6040.08,425.88,-28564.245,-10150.289999999999,-4512.915
-10282.68,-11407.41,-21695.85,-6358.905,207.58499999999998,-28592.954999999998,-10159.02,-4513.23
-10323.09,-11478.15,-21864.915,-6701.49,69.795,-28606.094999999998,-10169.145,-4548.42
-10351.305,-11456.82,-21735.36,-6525.99,230.08499999999998,-28566.585,-10156.455,-4589.235
-10333.035,-11369.34,-21528.765,-6120.585,327.06,-28528.155,-10161.72,-4615.11
-10305.855,-11303.64,-21377.475,-5798.745,461.88,-28430.325,-10124.01,-4629.6449999999995
-10250.414999999999,-11243.744999999999,-21327.93,-5883.525,551.655,-28331.594999999998,-10049.039999999999,-4605.615
-10267.244999999999,-11280.33,-21462.93,-6176.5199999999995,405.45,-28476.539999999997,-10118.115,-4576.455
-10299.375,-11376.09,-21590.55,-6280.605,244.755,-28619.954999999998,-10188.539999999999,-4510.755
-10341.63,-11428.83,-21565.17,-6111.315,191.385,-28675.754999999997,-10222.02,-4542.165
-10365.93,-11411.64,-21493.755,-6063.66,237.105,-28641.015,-10229.49,-4617.945
-10316.07,-11382.885,-21517.875,-6147.63,232.605,-28571.039999999997,-10177.785,-4599.855
-10271.699999999999,-11363.67,-21520.485,-6091.785,396.09,-28524.69,-10139.49,-4527.63
-10257.119999999999,-11348.055,-21484.485,-6003.945,508.22999999999996,-28458.225,-10119.42,-4460.715
-10311.525,-11426.31,-21546.675,-6083.82,420.97499999999997,-28519.829999999998,-10154.565,-4488.885
-10354.005,-11449.574999999999,-21576.239999999998,-6140.205,344.29499999999996,-28614.059999999998,-10137.465,-4544.325
-10329.615,-11424.734999999999,-21594.105,-6175.665,345.96,-28595.34,-10113.93,-4522.724999999999
-10330.605,-11408.445,-21551.805,-6111.045,427.275,-28547.28,-10105.154999999999,-4545.315
-10271.115,-11372.984999999999,-21512.204999999998,-6035.625,533.115,-28431.405,-10095.345,-4499.099999999999
-10193.445,-11306.744999999999,-21477.96,-6028.514999999999,528.93,-28414.215,-10110.645,-4416.57
-10223.324999999999,-11375.1,-21543.344999999998,-6099.12,437.21999999999997,-28462.68,-10089.27,-4409.37
-10301.85,-11441.654999999999,-21628.844999999998,-6219.045,337.005,-28501.469999999998,-10083.914999999999,-4489.155
-10339.83,-11434.32,-21634.605,-6339.6449999999995,295.92,-28519.875,-10115.01,-4555.485
-10338.84,-11429.595,-21682.035,-6469.29,276.615,-28579.815,-10161.765,-4513.32
-10260.63,-11431.619999999999,-21712.59,-6442.65,175.76999999999998,-28660.59,-10183.5,-4407.165
-10266.345,-11460.645,-21721.05,-6342.48,74.61,-28648.035,-10189.395,-4435.514999999999
-10286.73,-11420.279999999999,-21601.98,-6251.804999999999,138.64499999999998,-28598.94,-10158.3,-4477.095
-10280.205,-11409.074999999999,-21621.555,-6329.655,240.48,-28566.855,-10104.029999999999,-4476.195
-10273.5,-11364.615,-21532.005,-6224.58,326.61,-28533.42,-10082.52,-4494.87
-10308.195,-11416.05,-21581.954999999998,-6168.599999999999,335.835,-28547.64,-10131.029999999999,-4531.7699999999995
-10332.494999999999,-11432.43,-21608.73,-6164.37,338.085,-28561.32,-10179.315,-4554.315
-10292.535,-11419.515,-21582.855,-6154.469999999999,414.71999999999997,-28508.805,-10157.76,-4509.36
-10279.215,-11387.789999999999,-21564.63,-6190.605,365.13,-28518.795,-10149.615,-4490.235
-10288.17,-11373.93,-21546.27,-6130.665,345.33,-28500.704999999998,-10110.779999999999,-4489.83
-10292.58,-11407.904999999999,-21576.239999999998,-6124.455,264.735,-28515.465,-10114.244999999999,-4500.45
-10303.289999999999,-11378.835,-21512.79,-6046.245,410.805,-28457.73,-10107.765,-4517.505
-10293.66,-11358.27,-21489.57,-6026.804999999999,495.585,-28446.704999999998,-10098.27,-4511.295
-10286.055,-11372.039999999999,-21520.844999999998,-6067.304999999999,507.96,-28452.465,-10092.645,-4504.815
-10284.93,-11372.939999999999,-21541.68,-6142.679999999999,440.685,-28488.329999999998,-10083.779999999999,-4500.63
-10304.775,-11398.365,-21604.59,-6247.575,300.195,-28527.57,-10127.295,-4522.7699999999995
-10299.734999999999,-11390.535,-21585.105,-6193.17,348.79499999999996,-28522.53,-10161.315,-4533.389999999999
-10291.545,-11401.425,-21583.53,-6156.315,397.755,-28490.219999999998,-10128.105,-4523.445
-10276.515,-11352.645,-21561.39,-6129.8099999999995,407.96999999999997,-28497.87,-10129.14,-4534.65
-10280.07,-11368.215,-21571.38,-6247.53,337.32,-28536.57,-10100.115,-4544.054999999999
-10332.18,-11439.18,-21655.89,-6402.0599999999995,316.34999999999997,-28518.704999999998,-10107.539999999999,-4599.045
-10363.005,-11358.945,-21558.555,-6265.035,368.59499999999997,-28497.914999999997,-10144.395,-4648.815
-10362.645,-11359.664999999999,-21521.655,-6089.58,347.21999999999997,-28480.545,-10121.265,-4660.695
-10370.744999999999,-11416.814999999999,-21607.695,-6246.945,216.945,-28532.61,-10129.005,-4665.195
-10294.965,-11401.74,-21656.745,-6506.775,89.00999999999999,-28581.075,-10128.555,-4522.41
-10306.44,-11448.404999999999,-21739.14,-6561.719999999999,62.73,-28626.075,-10164.15,-4476.42
-10334.34,-11497.23,-21736.71,-6351.03,57.464999999999996,-28653.84,-10198.305,-4501.26
-10313.279999999999,-11412.494999999999,-21572.055,-6177.014999999999,128.475,-28642.545,-10213.83,-4527.63
-10280.925,-11354.085,-21435.57,-5927.085,426.06,-28569.239999999998,-10164.15,-4494.014999999999
-10237.77,-11342.835,-21408.39,-5853.24,567.9449999999999,-28531.575,-10124.324999999999,-4451.355
-10232.595,-11312.279999999999,-21423.195,-5913.495,496.79999999999995,-28527.164999999997,-10139.13,-4517.82
-10254.914999999999,-11341.08,-21493.98,-6036.525,420.75,-28556.864999999998,-10158.93,-4528.304999999999
-10277.55,-11380.77,-21571.38,-6161.67,391.455,-28540.71,-10176.255,-4494.87
-10303.83,-11426.085,-21631.004999999997,-6248.385,331.335,-28512.629999999997,-10148.58,-4471.92
-10287.72,-11428.289999999999,-21631.86,-6234.929999999999,313.28999999999996,-28524.285,-10097.234999999999,-4462.425
-10344.914999999999,-11439.404999999999,-21596.489999999998,-6200.415,425.29499999999996,-28472.489999999998,-10078.065,-4527.72
-10334.654999999999,-11417.355,-21551.805,-6149.385,526.545,-28450.44,-10102.859999999999,-4526.775
-10263.69,-11348.369999999999,-21505.545,-6082.155,455.805,-28464.75,-10133.324999999999,-4517.595
-10214.145,-11291.939999999999,-21458.88,-6069.465,411.12,-28480.094999999998,-10103.13,-4493.34
-10228.095,-11311.109999999999,-21489.48,-6117.525,408.555,-28474.92,-10076.67,-4493.34
-10379.205,-11432.115,-21575.385,-6133.005,401.21999999999997,-28430.73,-10035.855,-4626.09
-10403.324999999999,-11445.345,-21571.11,-6070.5,432.85499999999996,-28418.175,-10067.94,-4672.845
-10323.99,-11395.98,-21582.54,-6103.755,379.53,-28528.289999999997,-10161.09,-4561.0199999999995
-10297.664999999999,-11418.119999999999,-21620.565,-6168.69,329.76,-28577.16,-10219.59,-4459.365
-10268.82,-11397.51,-21568.454999999998,-6166.485,320.985,-28549.89,-10189.125,-4455.585
-10279.44,-11377.98,-21521.7,-6169.23,331.60499999999996,-28511.19,-10122.255,-4524.974999999999
-10251.539999999999,-11398.859999999999,-21595.995,-6282.99,264.825,-28507.995,-10076.4,-4493.34
-10283.445,-11447.64,-21659.67,-6278.085,270.63,-28520.01,-10098.539999999999,-4538.115
-10358.505,-11370.015,-21532.905,-6186.51,325.485,-28532.789999999997,-10162.574999999999,-4609.845
-10395.225,-11438.145,-21601.079999999998,-6238.44,285.34499999999997,-28590.795,-10221.119999999999,-4602.465
-10347.345,-11446.289999999999,-21608.73,-6238.889999999999,287.59499999999997,-28595.565,-10193.175,-4532.264999999999
-10294.289999999999,-11435.895,-21652.965,-6296.445,204.57,-28595.565,-10108.664999999999,-4435.785
-10229.895,-11426.355,-21704.265,-6412.139999999999,94.67999999999999,-28621.844999999998,-10058.67,-4358.25
-10249.605,-11432.295,-21706.065,-6441.389999999999,132.03,-28548.765,-10080.99,-4420.215
-10294.154999999999,-11412.675,-21633.704999999998,-6369.165,170.1,-28500.164999999997,-10098.539999999999,-4480.245
-10321.47,-11402.46,-21549.195,-6165.63,305.01,-28489.545,-10105.47,-4520.745
-10314.63,-11401.154999999999,-21550.545,-6089.264999999999,374.895,-28542.105,-10120.365,-4516.74
-10311.75,-11394.765,-21501.405,-5984.054999999999,444.645,-28532.655,-10091.97,-4502.07
-10291.005,-11373.255,-21516.075,-6077.969999999999,412.2,-28543.004999999997,-10108.44,-4485.014999999999
-10266.84,-11354.13,-21554.415,-6151.455,417.465,-28506.555,-10127.52,-4482.45
-10264.14,-11349.359999999999,-21538.755,-6220.9349999999995,417.555,-28471.454999999998,-10119.779999999999,-4483.889999999999
-10279.529999999999,-11372.265,-21578.579999999998,-6365.205,360.85499999999996,-28462.094999999998,-10092.15,-4492.17
-10307.97,-11418.39,-21671.28,-6454.62,170.73,-28546.379999999997,-10109.475,-4519.9349999999995
-10332.72,-11455.56,-21687.344999999998,-6354.99,76.185,-28600.379999999997,-10139.85,-4544.865
-10329.39,-11419.154999999999,-21568.364999999998,-6112.17,259.965,-28645.065,-10180.89,-4550.445
-10318.68,-11392.154999999999,-21509.684999999998,-6015.42,399.195,-28587.329999999998,-10162.08,-4545.45
-10304.595,-11374.154999999999,-21492.765,-5991.57,468.765,-28488.825,-10115.73,-4534.38
-10294.695,-11369.16,-21531.645,-6043.59,396.85499999999996,-28463.76,-10132.02,-4540.59
-10296.494999999999,-11395.664999999999,-21623.13,-6240.6449999999995,389.43,-28461.645,-10106.505,-4526.82
-10274.22,-11387.115,-21643.11,-6321.465,422.64,-28489.635,-10087.65,-4497.57
-10266.345,-11357.55,-21607.11,-6205.815,413.955,-28519.829999999998,-10109.205,-4496.355
-10270.125,-11326.994999999999,-21464.864999999998,-6023.655,430.46999999999997,-28479.78,-10102.095,-4512.825
-10275.345,-11375.91,-21527.325,-6259.7699999999995,282.10499999999996,-28443.195,-10081.619999999999,-4504.275
-10301.13,-11448.494999999999,-21712.95,-6478.425,205.515,-28456.515,-10117.305,-4565.5199999999995
-10352.52,-11392.74,-21635.954999999998,-6346.98,337.09499999999997,-28505.34,-10161.63,-4697.415
-10401.39,-11354.4,-21533.219999999998,-6115.724999999999,371.565,-28612.62,-10192.14,-4775.264999999999
-10393.199999999999,-11378.34,-21504.42,-6112.755,233.73,-28658.34,-10229.49,-4732.695
-10320.84,-11383.695,-21533.355,-6081.389999999999,296.46,-28672.695,-10223.145,-4605.03
-10334.52,-11393.279999999999,-21525.21,-5992.29,428.58,-28577.789999999997,-10239.795,-4601.025
-10303.154999999999,-11393.324999999999,-21548.385,-6083.55,526.635,-28453.635,-10206.945,-4532.535
-10330.65,-11479.814999999999,-21646.35,-6266.5199999999995,312.65999999999997,-28497.329999999998,-10121.49,-4466.565
-10337.715,-11463.345,-21603.105,-6245.639999999999,198.35999999999999,-28519.02,-10070.414999999999,-4475.925
-10292.445,-11361.105,-21568.05,-6312.195,220.85999999999999,-28523.114999999998,-10037.115,-4520.474999999999
-10294.109999999999,-11369.88,-21613.995,-6385.005,283.905,-28542.015,-10035.27,-4539.105
-10355.355,-11470.455,-21728.07,-6473.34,155.43,-28610.28,-10093.949999999999,-4555.26
-10362.33,-11492.01,-21695.67,-6402.42,155.295,-28648.89,-10155.69,-4519.98
-10250.324999999999,-11374.154999999999,-21587.805,-6209.865,321.16499999999996,-28611.765,-10173.734999999999,-4459.86
-10224.675,-11326.14,-21480.03,-6012.54,414.18,-28553.129999999997,-10139.49,-4443.165
-10318.59,-11385.99,-21500.325,-5990.49,392.175,-28509.344999999998,-10067.805,-4502.61
-10394.55,-11525.265,-21690.18,-6151.455,321.3,-28519.739999999998,-10069.695,-4525.695
-10352.654999999999,-11499.615,-21684.78,-6118.29,346.77,-28540.395,-10131.435,-4501.889999999999
-10285.875,-11396.385,-21557.88,-6070.995,347.58,-28536.704999999998,-10113.84,-4472.054999999999
-10312.289999999999,-11394.99,-21547.98,-6206.535,303.795,-28569.69,-10145.88,-4541.94
-10351.529999999999,-11432.564999999999,-21634.829999999998,-6363.764999999999,66.42,-28585.215,-10189.619999999999,-4602.33
-10333.08,-11454.164999999999,-21646.53,-6340.139999999999,-17.325,-28582.559999999998,-10229.445,-4526.054999999999
-10307.475,-11492.595,-21685.004999999997,-6345.179999999999,105.795,-28531.17,-10218.465,-4470.885
-10292.355,-11425.77,-21585.915,-6126.929999999999,463.09499999999997,-28577.204999999998,-10123.785,-4490.37
-10300.32,-11386.71,-21546.855,-6045.705,523.485,-28521.765,-10006.695,-4490.639999999999
-10315.44,-11377.8,-21530.79,-6081.795,484.56,-28551.69,-10059.84,-4513.41
-10305.765,-11394.18,-21552.434999999998,-6155.505,435.06,-28566.945,-10101.645,-4509.99
-10278.09,-11396.205,-21582.315,-6213.915,438.93,-28498.094999999998,-10070.19,-4469.22
-10211.265,-11307.914999999999,-21561.03,-6278.8949999999995,441.71999999999997,-28457.325,-10115.73,-4426.065
-10240.695,-11361.734999999999,-21617.055,-6317.82,352.44,-28452.87,-10105.92,-4456.53
-10265.13,-11379.779999999999,-21635.504999999997,-6302.79,250.245,-28497.69,-10086.029999999999,-4474.845
-10295.145,-11394.855,-21601.215,-6245.594999999999,287.955,-28477.844999999998,-10084.77,-4498.83
-10317.105,-11406.734999999999,-21555.495,-6118.065,397.34999999999997,-28434.105,-10083.06,-4520.205
-10285.695,-11360.609999999999,-21496.274999999998,-6027.255,493.65,-28410.93,-10068.93,-4500.8099999999995
-10283.445,-11384.369999999999,-21573.765,-6141.42,367.425,-28522.8,-10098.494999999999,-4504.005
-10294.065,-11390.805,-21578.895,-6188.715,226.53,-28587.555,-10135.44,-4514.67
-10300.455,-11394.314999999999,-21532.23,-6138.945,165.06,-28631.52,-10175.355,-4525.335
-10305.045,-11379.195,-21542.355,-6206.94,113.895,-28570.23,-10156.455,-4535.505
-10316.97,-11416.77,-21646.26,-6366.014999999999,158.22,-28476.09,-10117.529999999999,-4557.465
-10298.43,-11396.609999999999,-21694.094999999998,-6497.19,85.545,-28489.635,-10100.835,-4574.115
-10312.875,-11364.39,-21737.43,-6628.679999999999,23.849999999999998,-28601.684999999998,-10129.77,-4603.815
-10342.89,-11401.695,-21697.2,-6414.84,215.28,-28613.16,-10150.515,-4614.57
-10351.89,-11400.57,-21516.75,-5978.07,469.16999999999996,-28477.53,-10122.885,-4614.525
-10284.39,-11278.8,-21363.3,-5886.405,546.5699999999999,-28473.39,-10090.845,-4589.054999999999
-10360.574999999999,-11367.18,-21511.934999999998,-6164.37,367.515,-28539.629999999997,-10155.555,-4643.099999999999
-10374.93,-11441.295,-21566.43,-6082.29,430.515,-28552.14,-10157.445,-4568.49
-10275.255,-11408.805,-21512.024999999998,-5955.84,367.28999999999996,-28551.059999999998,-10058.67,-4419.0
-10234.26,-11369.16,-21525.255,-6115.365,312.435,-28540.305,-10094.805,-4393.215
-10255.095,-11354.895,-21532.14,-6125.445,467.64,-28442.835,-10105.875,-4497.03
-10293.21,-11342.564999999999,-21515.355,-6067.17,495.35999999999996,-28390.995,-10098.315,-4574.34
-10337.4,-11389.14,-21566.79,-6191.37,185.535,-28504.575,-10143.404999999999,-4596.345
-10360.35,-11376.765,-21550.184999999998,-6257.5199999999995,186.255,-28545.93,-10184.355,-4656.69
-10397.07,-11381.13,-21508.515,-6103.485,488.565,-28533.42,-10171.44,-4668.255
-10323.315,-11401.74,-21539.25,-6046.38,568.395,-28552.995,-10155.645,-4534.335
-10240.425,-11411.775,-21569.085,-6064.38,526.41,-28462.364999999998,-10073.52,-4394.7
-10220.039999999999,-11381.175,-21541.32,-6126.75,448.2,-28516.14,-10062.675,-4355.595
-10247.265,-11334.914999999999,-21513.285,-6131.969999999999,420.885,-28501.379999999997,-10058.49,-4426.785
-10318.005,-11425.949999999999,-21617.055,-6196.7699999999995,343.26,-28513.754999999997,-10106.91,-4521.42
-10353.779999999999,-11453.715,-21658.725,-6208.5599999999995,337.68,-28537.515,-10136.115,-4575.735
-10344.105,-11387.34,-21594.105,-6241.95,326.61,-28546.515,-10134.315,-4574.025
-10369.755,-11452.949999999999,-21699.045,-6405.525,235.035,-28572.3,-10111.77,-4564.17
-10350.404999999999,-11520.855,-21748.68,-6402.42,188.595,-28573.02,-10039.815,-4472.595
-10273.365,-11423.07,-21586.364999999998,-6194.34,226.935,-28563.84,-10088.055,-4420.215
-10277.055,-11372.22,-21504.375,-6052.7699999999995,212.89499999999998,-28573.289999999997,-10122.975,-4481.505
-10299.69,-11371.41,-21514.68,-6066.719999999999,365.53499999999997,-28532.879999999997,-10117.845,-4537.665
-10335.465,-11411.055,-21574.53,-6129.315,399.41999999999996,-28506.239999999998,-10136.654999999999,-4578.929999999999
-10339.605,-11389.994999999999,-21560.489999999998,-6165.45,308.655,-28491.344999999998,-10113.029999999999,-4570.92
-10330.38,-11405.115,-21571.515,-6174.2699999999995,285.21,-28518.48,-10118.295,-4531.275
-10336.59,-11448.585,-21620.34,-6226.92,225.17999999999998,-28615.635,-10156.77,-4510.845
-10312.154999999999,-11411.189999999999,-21579.704999999998,-6174.179999999999,293.13,-28639.395,-10211.085,-4516.0199999999995
-10278.315,-11361.645,-21531.555,-6131.429999999999,292.455,-28611.045,-10158.705,-4493.7
-10274.805,-11392.02,-21582.0,-6299.6849999999995,70.83,-28587.69,-10008.765,-4468.7699999999995
-10292.94,-11443.41,-21741.57,-6599.34,-67.905,-28592.325,-10045.215,-4495.275
-10303.109999999999,-11445.3,-21764.204999999998,-6562.755,175.32,-28466.37,-10073.97,-4510.98
-10303.065,-11384.595,-21671.73,-6338.385,310.09499999999997,-28425.149999999998,-10066.14,-4512.42
-10292.039999999999,-11391.119999999999,-21666.375,-6339.825,77.715,-28557.855,-10062.585,-4479.615
-10338.345,-11463.57,-21683.52,-6390.764999999999,129.87,-28653.66,-10108.8,-4534.47
-10317.06,-11418.39,-21581.594999999998,-6291.405,463.185,-28536.48,-10102.994999999999,-4542.57
-10274.67,-11327.355,-21475.35,-6224.94,519.345,-28450.53,-10110.195,-4509.764999999999
-10261.755,-11325.15,-21479.04,-6043.7699999999995,568.53,-28511.73,-10123.785,-4490.955
-10298.025,-11396.34,-21575.475,-5969.88,509.58,-28528.739999999998,-10118.295,-4494.42
-10338.345,-11426.49,-21609.765,-6034.95,412.56,-28536.344999999998,-10132.109999999999,-4526.639999999999
-10328.67,-11411.369999999999,-21621.015,-6212.745,279.135,-28584.945,-10143.765,-4539.33
-10309.815,-11383.244999999999,-21574.215,-6265.215,229.45499999999998,-28626.795,-10156.23,-4533.12
-10307.835,-11386.26,-21533.445,-6058.53,358.65,-28584.405,-10147.859999999999,-4535.235
-10263.69,-11363.039999999999,-21473.594999999998,-5926.455,496.97999999999996,-28472.67,-10050.795,-4509.99
-10231.38,-11275.83,-21395.25,-6042.42,509.265,-28445.579999999998,-10055.205,-4531.005
-10269.404999999999,-11277.27,-21483.855,-6266.88,446.35499999999996,-28441.844999999998,-10056.51,-4564.485
-10322.82,-11393.73,-21633.12,-6414.66,276.97499999999997,-28521.765,-10096.065,-4557.15
-10332.404999999999,-11443.365,-21673.98,-6340.365,310.32,-28604.789999999997,-10170.945,-4523.58
-10306.935,-11398.41,-21577.815,-6103.349999999999,306.27,-28604.114999999998,-10166.535,-4504.815
-10313.505,-11383.244999999999,-21534.885,-6072.885,146.60999999999999,-28577.745,-10113.21,-4501.71
-10312.785,-11361.33,-21516.66,-6100.245,126.36,-28567.305,-10084.725,-4548.78
-10308.015,-11378.789999999999,-21616.875,-6325.83,111.06,-28550.34,-10110.779999999999,-4598.73
-10319.49,-11435.175,-21700.44,-6445.44,197.28,-28429.11,-10129.455,-4560.885
-10390.77,-11496.96,-21723.57,-6406.875,256.545,-28455.48,-10149.75,-4549.679999999999
-10358.775,-11414.744999999999,-21536.055,-6050.205,508.275,-28497.42,-10138.5,-4536.54
-10302.795,-11322.945,-21406.41,-5868.63,491.84999999999997,-28563.48,-10063.98,-4552.065
-10341.27,-11353.32,-21468.87,-6060.0599999999995,380.25,-28521.18,-10031.67,-4579.785
-10318.095,-11350.619999999999,-21498.57,-6148.665,505.97999999999996,-28473.434999999998,-10065.24,-4549.005
-10258.695,-11365.244999999999,-21571.29,-6202.71,444.06,-28467.945,-10071.765,-4467.735
-10247.58,-11367.314999999999,-21537.315,-6041.88,420.705,-28496.565,-10073.789999999999,-4463.19
-10249.38,-11344.005,-21481.829999999998,-6013.26,389.29499999999996,-28541.43,-10069.695,-4478.3099999999995
-10287.945,-11376.359999999999,-21540.015,-6113.34,355.005,-28526.579999999998,-10067.85,-4489.83
-10313.324999999999,-11389.77,-21587.219999999998,-6181.5599999999995,390.41999999999996,-28490.985,-10099.215,-4530.42
-10339.199999999999,-11419.83,-21643.02,-6301.844999999999,329.085,-28478.969999999998,-10134.539999999999,-4628.79
-10416.69,-11469.645,-21692.204999999998,-6343.469999999999,330.97499999999997,-28512.585,-10162.17,-4698.54
-10374.164999999999,-11446.335,-21623.715,-6215.76,293.84999999999997,-28635.84,-10168.47,-4560.03
-10306.845,-11482.785,-21644.055,-6167.34,181.62,-28676.385,-10138.5,-4420.08
-10255.41,-11388.779999999999,-21558.555,-6161.355,108.63,-28619.73,-10088.82,-4387.86
-10315.305,-11403.765,-21561.48,-6207.21,245.42999999999998,-28552.364999999998,-10064.43,-4481.415
-10350.0,-11450.16,-21610.755,-6140.61,454.635,-28501.92,-10052.73,-4558.41
-10292.67,-11345.13,-21501.719999999998,-6073.155,356.13,-28542.69,-10076.4,-4536.8099999999995
-10287.09,-11363.445,-21532.274999999998,-6180.255,200.7,-28581.164999999997,-10081.26,-4490.1449999999995
-10348.695,-11456.865,-21629.024999999998,-6229.485,297.495,-28593.405,-10130.31,-4520.79
-10302.164999999999,-11395.26,-21581.46,-6174.045,341.59499999999997,-28604.655,-10187.46,-4476.825
-10289.115,-11402.91,-21615.12,-6308.639999999999,155.97,-28617.704999999998,-10155.33,-4456.304999999999
-10296.99,-11437.515,-21699.405,-6413.219999999999,78.435,-28620.36,-10102.14,-4459.365
-10314.72,-11468.744999999999,-21760.92,-6432.48,161.37,-28591.965,-10053.855,-4475.474999999999
-10318.185,-11409.345,-21640.364999999998,-6275.07,425.655,-28532.475,-10072.529999999999,-4518.63
-10318.32,-11371.545,-21587.489999999998,-6259.365,413.46,-28512.765,-10103.039999999999,-4537.8
-10296.359999999999,-11388.465,-21646.395,-6391.3949999999995,244.07999999999998,-28575.675,-10118.295,-4500.495
-10310.715,-11436.66,-21709.305,-6549.165,61.47,-28603.215,-10114.56,-4498.155
-10305.855,-11403.494999999999,-21668.355,-6568.2,17.82,-28656.09,-10127.205,-4508.775
-10336.68,-11462.265,-21784.905,-6509.429999999999,158.355,-28579.77,-10122.615,-4533.615
-10327.05,-11433.015,-21639.645,-6161.13,332.055,-28515.825,-10112.265,-4522.995
-10283.625,-11359.395,-21423.42,-5923.125,90.85499999999999,-28604.925,-10169.82,-4503.105
-10289.565,-11355.705,-21480.524999999998,-6111.945,55.125,-28609.829999999998,-10172.115,-4519.98
-10314.9,-11375.414999999999,-21514.32,-6026.264999999999,546.975,-28469.43,-10124.55,-4531.095
-10276.605,-11342.295,-21423.015,-5796.045,780.975,-28489.14,-10085.085,-4493.385
-10290.195,-11345.49,-21446.145,-5912.91,579.465,-28472.175,-10016.505,-4492.845
-10300.095,-11364.255,-21507.03,-6074.955,291.735,-28519.289999999997,-10056.375,-4506.84
-10300.32,-11376.135,-21553.29,-6243.615,95.445,-28551.555,-10079.91,-4507.695
-10324.08,-11435.67,-21677.67,-6448.23,137.16,-28492.289999999997,-10059.21,-4522.095
-10344.869999999999,-11434.77,-21672.135,-6330.69,450.18,-28369.844999999998,-10049.039999999999,-4551.345
-10310.49,-11338.695,-21478.364999999998,-6053.219999999999,619.38,-28421.19,-10095.029999999999,-4568.49
-10295.19,-11347.244999999999,-21501.405,-6048.0,560.25,-28438.515,-10116.315,-4575.78
-10258.515,-11358.09,-21503.88,-5971.41,550.395,-28510.965,-10097.775,-4507.695
-10287.855,-11362.005,-21499.469999999998,-5979.51,523.035,-28479.87,-10048.095,-4466.205
-10319.445,-11375.595,-21503.565,-6025.995,446.53499999999997,-28468.754999999997,-10033.965,-4513.995
-10286.91,-11348.46,-21512.61,-6108.615,399.10499999999996,-28464.344999999998,-10050.255,-4543.065
-10273.365,-11358.765,-21517.605,-6076.485,482.66999999999996,-28396.8,-10053.72,-4582.3949999999995
-10286.955,-11338.83,-21474.855,-6023.745,456.21,-28412.1,-10071.63,-4629.195
-10355.94,-11348.01,-21522.87,-6190.38,220.5,-28510.965,-10081.305,-4644.09
-10407.824999999999,-11443.859999999999,-21664.215,-6356.115,177.03,-28529.055,-10072.395,-4599.45
-10362.105,-11466.314999999999,-21732.03,-6402.735,294.12,-28496.655,-10068.21,-4533.615
-10394.775,-11476.845,-21725.504999999997,-6415.065,343.66499999999996,-28566.719999999998,-10121.175,-4586.8949999999995
-10420.74,-11488.545,-21685.5,-6351.525,276.21,-28661.895,-10180.125,-4626.045
-10367.234999999999,-11416.455,-21552.48,-6235.065,174.73499999999999,-28674.18,-10187.91,-4577.985
-10308.645,-11401.515,-21558.105,-6177.105,155.745,-28665.989999999998,-10160.279999999999,-4470.389999999999
-10270.71,-11406.779999999999,-21588.255,-6143.985,219.42,-28590.704999999998,-10100.654999999999,-4426.155
-10279.305,-11440.439999999999,-21667.364999999998,-6304.905,216.495,-28589.535,-10077.84,-4467.285
-10305.449999999999,-11400.119999999999,-21608.55,-6281.639999999999,291.51,-28615.995,-10118.34,-4516.92
-10295.775,-11359.98,-21540.375,-6198.165,487.395,-28557.765,-10111.725,-4464.945
-10287.539999999999,-11382.345,-21650.445,-6459.84,273.15,-28536.3,-10073.609999999999,-4460.264999999999
-10309.41,-11444.76,-21757.364999999998,-6652.304999999999,-54.989999999999995,-28631.34,-10143.315,-4481.19
-10300.725,-11441.295,-21645.899999999998,-6357.87,-8.594999999999999,-28608.12,-10154.07,-4459.455
-10330.425,-11440.619999999999,-21544.245,-5988.105,309.87,-28503.315,-10131.795,-4515.525
-10320.705,-11396.609999999999,-21493.89,-5891.58,392.53499999999997,-28556.864999999998,-10125.18,-4537.755
-10361.789999999999,-11462.445,-21666.78,-6332.085,116.82,-28650.645,-10095.93,-4577.49
-10431.045,-11546.64,-21826.215,-6645.0599999999995,38.835,-28576.35,-10049.85,-4623.525
-10385.955,-11495.25,-21704.94,-6325.38,335.7,-28538.235,-10081.755,-4540.545
-10310.67,-11412.27,-21528.405,-5986.889999999999,475.46999999999997,-28550.879999999997,-10116.585,-4479.84
-10282.949999999999,-11349.765,-21461.489999999998,-5939.415,509.53499999999997,-28517.445,-10090.305,-4477.139999999999
-10250.82,-11321.505,-21444.39,-5984.054999999999,518.355,-28564.92,-10097.55,-4449.87
-10237.455,-11309.265,-21460.905,-5979.87,496.395,-28578.329999999998,-10116.72,-4445.46
-10277.414999999999,-11361.734999999999,-21557.79,-6147.09,376.245,-28586.385,-10114.605,-4482.675
-10297.484999999999,-11371.23,-21548.745,-6200.054999999999,417.69,-28548.765,-10124.955,-4511.88
-10293.074999999999,-11362.5,-21534.434999999998,-6178.365,379.44,-28541.565,-10105.92,-4507.695
-10282.365,-11363.67,-21534.255,-6149.205,256.05,-28505.879999999997,-10046.115,-4485.105
-10285.965,-11379.105,-21562.065,-6152.085,253.98,-28487.789999999997,-10038.24,-4480.92
-10289.205,-11389.814999999999,-21605.625,-6197.535,333.53999999999996,-28537.739999999998,-10084.365,-4486.545
-10312.065,-11415.645,-21619.395,-6223.7699999999995,383.985,-28494.809999999998,-10075.77,-4508.46
-10321.289999999999,-11443.14,-21608.774999999998,-6217.65,335.565,-28503.315,-10076.625,-4519.575
-10281.555,-11416.32,-21619.62,-6260.355,191.51999999999998,-28593.629999999997,-10053.945,-4488.21
-10258.965,-11347.425,-21567.329999999998,-6277.139999999999,249.03,-28543.95,-10055.43,-4483.98
-10308.51,-11387.52,-21550.905,-6132.24,472.77,-28455.975,-10078.47,-4556.97
-10341.855,-11399.445,-21495.555,-6005.429999999999,541.26,-28460.204999999998,-10077.345,-4595.49
-10358.955,-11320.199999999999,-21438.585,-6050.34,439.965,-28542.914999999997,-10105.965,-4626.36
-10344.465,-11337.795,-21491.37,-6097.23,428.76,-28493.19,-10076.85,-4593.42
-10304.595,-11392.289999999999,-21624.524999999998,-6258.014999999999,294.03,-28482.39,-10055.789999999999,-4559.4
-10276.199999999999,-11405.564999999999,-21686.265,-6437.07,98.325,-28534.545,-10063.26,-4512.87
-10334.925,-11479.41,-21750.75,-6400.8,90.72,-28556.055,-10097.505,-4584.014999999999
-10414.17,-11438.595,-21554.325,-6106.995,373.995,-28561.23,-10116.539999999999,-4675.545
-10384.695,-11365.695,-21473.46,-6075.0,391.77,-28597.905,-10112.67,-4613.49
-10395.225,-11425.814999999999,-21551.04,-6096.599999999999,332.01,-28659.015,-10100.25,-4555.17
-10273.41,-11369.205,-21496.59,-6024.78,392.4,-28657.035,-10078.515,-4429.485
-10265.58,-11400.93,-21584.07,-6173.505,215.595,-28614.465,-10079.055,-4383.405
-10283.94,-11419.38,-21617.505,-6209.865,277.965,-28576.17,-10101.24,-4392.675
-10282.904999999999,-11409.84,-21566.745,-6176.925,404.41499999999996,-28561.725,-10096.244999999999,-4418.325
-10306.215,-11403.045,-21568.545,-6186.78,409.68,-28601.82,-10128.555,-4470.705
-10305.585,-11391.975,-21573.719999999998,-6197.13,398.925,-28573.605,-10131.39,-4505.264999999999
-10281.645,-11345.805,-21524.445,-6158.429999999999,371.205,-28548.495,-10105.83,-4491.72
-10245.96,-11313.72,-21459.555,-6099.48,356.985,-28570.995,-10087.289999999999,-4472.73
-10263.914999999999,-11342.744999999999,-21513.87,-6147.45,306.53999999999996,-28602.495,-10064.25,-4499.46
-10319.355,-11375.189999999999,-21554.1,-6160.905,337.14,-28527.57,-10061.73,-4576.995
-10409.265,-11437.605,-21595.815,-6197.219999999999,331.56,-28509.795,-10098.99,-4660.514999999999
-10383.975,-11412.045,-21604.05,-6253.0199999999995,328.68,-28576.664999999997,-10166.039999999999,-4646.16
-10397.43,-11408.445,-21608.594999999998,-6307.2,295.38,-28627.469999999998,-10188.539999999999,-4693.995
-10355.58,-11408.22,-21616.739999999998,-6240.0599999999995,271.53,-28620.405,-10156.859999999999,-4656.465
-10374.48,-11435.355,-21652.335,-6258.15,195.255,-28618.829999999998,-10118.565,-4605.165
-10352.07,-11497.05,-21702.239999999998,-6324.075,120.96,-28672.605,-10073.654999999999,-4435.155
-10254.105,-11389.095,-21582.585,-6254.82,220.635,-28639.17,-10084.859999999999,-4355.73
-10284.525,-11425.455,-21647.79,-6334.965,105.255,-28638.989999999998,-10092.375,-4413.195
-10351.8,-11508.885,-21769.02,-6339.6449999999995,175.45499999999998,-28553.94,-10082.52,-4492.485
-10332.315,-11480.715,-21683.43,-6191.01,438.34499999999997,-28437.48,-10053.27,-4457.835
-10278.09,-11450.115,-21605.67,-6232.59,421.83,-28532.07,-10046.97,-4407.974999999999
-10283.85,-11436.795,-21646.89,-6318.315,227.11499999999998,-28569.465,-10051.02,-4426.875
-10314.27,-11396.07,-21597.66,-6227.1449999999995,223.38,-28578.059999999998,-10089.539999999999,-4485.69
-10316.34,-11390.13,-21540.78,-6148.62,337.545,-28571.489999999998,-10112.715,-4508.37
-10312.605,-11405.475,-21590.774999999998,-6240.465,386.41499999999996,-28551.825,-10104.48,-4510.755
-10313.685,-11384.73,-21618.675,-6274.665,444.73499999999996,-28486.575,-10082.699999999999,-4521.69
-10289.205,-11344.365,-21535.515,-6106.275,515.61,-28504.844999999998,-10049.85,-4509.54
-10275.84,-11353.5,-21567.465,-6240.15,324.135,-28525.77,-10050.48,-4487.355
-10328.895,-11436.57,-21695.985,-6411.105,144.63,-28559.16,-10077.795,-4517.505
-10352.295,-11446.244999999999,-21641.489999999998,-6262.245,290.655,-28503.09,-10051.38,-4525.47
-10352.52,-11475.404999999999,-21636.899999999998,-6127.155,457.78499999999997,-28506.69,-10050.164999999999,-4524.66
-10319.31,-11386.755,-21544.965,-6161.04,291.78,-28625.355,-10100.52,-4535.865
-10330.289999999999,-11383.965,-21494.07,-6061.32,289.8,-28629.809999999998,-10136.295,-4568.445
-10350.81,-11384.145,-21501.045,-6056.865,240.885,-28667.655,-10128.914999999999,-4578.615
-10331.19,-11376.09,-21526.649999999998,-6115.32,345.69,-28581.704999999998,-10097.055,-4548.554999999999
-10322.145,-11364.525,-21506.805,-6064.065,511.155,-28490.94,-10101.105,-4539.285
-10312.965,-11360.115,-21502.53,-6046.245,507.015,-28472.535,-10103.355,-4531.905
-10311.48,-11382.21,-21538.934999999998,-6070.05,444.06,-28500.12,-10082.07,-4508.595
-10311.39,-11369.43,-21532.094999999998,-6091.245,382.59,-28547.55,-10096.65,-4527.63
-10302.795,-11346.705,-21514.184999999998,-6089.085,386.865,-28548.405,-10087.515,-4558.95
-10306.17,-11352.914999999999,-21534.885,-6123.554999999999,359.505,-28562.219999999998,-10074.555,-4562.505
-10351.98,-11388.24,-21566.969999999998,-6197.13,262.44,-28570.68,-10090.98,-4581.945
-10373.175,-11436.48,-21625.739999999998,-6335.1449999999995,-45.449999999999996,-28592.504999999997,-10087.02,-4567.679999999999
-10372.859999999999,-11466.045,-21681.855,-6416.82,-2.475,-28558.035,-10086.164999999999,-4574.565
-10342.574999999999,-11382.84,-21568.95,-6233.04,481.5,-28463.895,-10053.494999999999,-4575.69
-10298.88,-11362.994999999999,-21513.555,-6026.985,612.09,-28579.184999999998,-10069.965,-4477.139999999999
-10256.265,-11397.33,-21548.969999999998,-6047.415,463.32,-28588.364999999998,-10071.855,-4376.7
-10245.69,-11392.92,-21559.094999999998,-6097.815,395.72999999999996,-28591.695,-10074.105,-4410.72
-10317.779999999999,-11387.744999999999,-21540.42,-6113.969999999999,374.715,-28565.46,-10062.27,-4508.775
-10318.994999999999,-11390.445,-21561.03,-6180.75,298.97999999999996,-28609.469999999998,-10088.1,-4501.44
-10331.82,-11402.955,-21559.545,-6193.62,283.77,-28576.98,-10095.074999999999,-4489.47
-10319.94,-11416.635,-21572.415,-6186.915,311.805,-28558.53,-10072.755,-4455.99
-10311.705,-11427.255,-21645.135,-6303.554999999999,308.61,-28558.215,-10065.824999999999,-4450.7699999999995
-10279.845,-11392.695,-21640.545,-6339.554999999999,331.02,-28567.305,-10049.58,-4452.165
-10293.795,-11426.715,-21722.219999999998,-6397.92,281.655,-28614.239999999998,-10088.324999999999,-4502.07
-10328.22,-11401.65,-21660.48,-6314.715,283.09499999999997,-28642.905,-10152.315,-4558.679999999999
-10357.154999999999,-11410.92,-21580.649999999998,-6167.969999999999,355.995,-28583.145,-10155.6,-4581.179999999999
-10347.615,-11386.305,-21498.12,-6094.53,353.025,-28591.065,-10160.055,-4568.3099999999995
-10337.445,-11390.895,-21531.42,-6098.76,287.055,-28552.364999999998,-10049.895,-4520.7
-10341.765,-11447.775,-21668.895,-6227.1449999999995,139.45499999999998,-28600.695,-10028.654999999999,-4488.075
-10311.57,-11420.46,-21687.84,-6412.995,58.5,-28651.77,-10064.07,-4461.4349999999995
-10297.305,-11394.539999999999,-21642.39,-6387.929999999999,224.54999999999998,-28574.91,-10125.045,-4483.17
-10276.289999999999,-11386.664999999999,-21616.965,-6266.5199999999995,435.10499999999996,-28534.184999999998,-10158.345,-4486.545
-10259.865,-11365.38,-21571.739999999998,-6194.88,383.21999999999997,-28585.395,-10164.465,-4480.5599999999995
-10280.52,-11338.74,-21528.989999999998,-6065.91,419.76,-28524.87,-10110.06,-4514.94
-10311.615,-11356.965,-21472.965,-5985.405,469.755,-28481.625,-10018.574999999999,-4514.49
-10344.15,-11400.255,-21498.434999999998,-6023.88,407.52,-28490.715,-9989.324999999999,-4494.15
-10331.145,-11431.755,-21608.684999999998,-6181.0199999999995,258.3,-28582.379999999997,-10022.355,-4466.115
-10316.295,-11458.664999999999,-21694.68,-6395.49,163.62,-28625.355,-10091.88,-4483.889999999999
-10339.605,-11454.885,-21711.78,-6601.365,147.825,-28623.015,-10080.72,-4514.13
-10333.845,-11400.21,-21623.715,-6404.49,294.435,-28520.91,-10043.46,-4522.23
-10332.539999999999,-11412.404999999999,-21559.364999999998,-6070.59,423.0,-28501.559999999998,-10052.685,-4529.429999999999
-10350.72,-11394.765,-21475.53,-5856.705,461.60999999999996,-28539.945,-10072.98,-4576.815
-10363.904999999999,-11429.955,-21555.495,-6033.0599999999995,327.555,-28555.965,-10069.47,-4570.065
-10375.74,-11457.27,-21643.829999999998,-6252.84,118.30499999999999,-28618.155,-10088.865,-4556.25
-10317.24,-11411.505,-21662.864999999998,-6336.045,208.215,-28627.02,-10121.355,-4478.8949999999995
-10263.6,-11385.09,-21624.57,-6265.215,402.075,-28626.03,-10107.539999999999,-4440.6449999999995
-10323.9,-11431.89,-21586.77,-6226.2,360.9,-28584.855,-10087.244999999999,-4553.415
-10365.615,-11363.085,-21507.434999999998,-6151.5,352.71,-28566.629999999997,-10105.47,-4620.87
-10357.92,-11357.1,-21548.88,-6116.76,367.83,-28547.504999999997,-10104.435,-4598.054999999999
-10319.039999999999,-11403.99,-21609.585,-6198.21,343.53,-28541.925,-10085.13,-4500.72
-10283.039999999999,-11406.195,-21592.035,-6204.285,377.59499999999997,-28576.664999999997,-10086.255,-4427.595
-10323.18,-11376.045,-21515.94,-6120.99,390.555,-28580.805,-10072.574999999999,-4501.62
-10347.029999999999,-11391.615,-21566.07,-6165.945,314.59499999999997,-28588.454999999998,-10084.095,-4549.005
-10341.135,-11412.765,-21605.625,-6186.51,319.365,-28586.879999999997,-10090.89,-4524.525
-10346.805,-11430.27,-21584.295,-6140.07,354.28499999999997,-28571.715,-10106.82,-4503.554999999999
-10379.34,-11436.164999999999,-21577.364999999998,-6114.51,369.63,-28529.864999999998,-10090.8,-4551.57
-10367.369999999999,-11407.23,-21563.19,-6162.615,347.31,-28564.155,-10078.47,-4583.025
-10300.904999999999,-11363.67,-21534.975,-6168.285,431.46,-28532.52,-10083.869999999999,-4534.514999999999
-10248.525,-11338.199999999999,-21508.965,-6143.04,393.12,-28512.225,-10058.4,-4472.1449999999995
-10278.9,-11386.17,-21583.26,-6199.695,232.01999999999998,-28618.785,-10073.115,-4501.485
-10343.699999999999,-11400.029999999999,-21567.42,-6179.4,231.66,-28672.245,-10116.27,-4588.65
-10352.475,-11416.32,-21566.07,-6150.0599999999995,317.34,-28644.075,-10160.73,-4576.995
-10315.305,-11367.675,-21529.26,-6112.44,407.835,-28573.11,-10166.984999999999,-4521.6449999999995
-10271.115,-11342.744999999999,-21499.155,-6098.94,419.98499999999996,-28532.655,-10091.565,-4461.75
-10236.6,-11401.83,-21591.045,-6226.785,324.0,-28572.075,-10049.265,-4427.19
-10297.08,-11449.89,-21693.285,-6319.9349999999995,279.36,-28567.035,-10054.89,-4451.58
-10384.965,-11459.564999999999,-21670.335,-6334.514999999999,208.62,-28613.879999999997,-10077.93,-4473.2699999999995
-10361.609999999999,-11455.154999999999,-21626.19,-6158.835,315.53999999999996,-28602.0,-10091.565,-4491.45
-10350.765,-11393.189999999999,-21520.395,-6058.755,414.71999999999997,-28567.8,-10092.06,-4542.615
-10316.025,-11373.75,-21532.5,-6215.76,305.46,-28625.309999999998,-10138.005,-4552.605
-10344.285,-11420.82,-21630.195,-6398.46,272.835,-28582.065,-10096.92,-4541.67
-10370.475,-11430.314999999999,-21678.93,-6377.535,254.97,-28554.93,-10064.025,-4510.215
-10351.529999999999,-11425.68,-21623.309999999998,-6218.594999999999,171.35999999999999,-28588.14,-10081.305,-4520.295
-10361.43,-11437.02,-21596.94,-6182.82,137.16,-28592.37,-10094.039999999999,-4542.12
-10324.8,-11431.98,-21620.7,-6196.455,342.36,-28546.829999999998,-10073.789999999999,-4472.639999999999
-10298.744999999999,-11425.635,-21618.719999999998,-6191.46,416.88,-28562.579999999998,-10101.465,-4446.2699999999995
-10304.64,-11407.23,-21584.835,-6165.585,359.145,-28561.32,-10089.945,-4473.045
-10348.065,-11434.095,-21655.35,-6237.764999999999,257.76,-28591.2,-10064.744999999999,-4514.715
-10357.83,-11432.609999999999,-21596.489999999998,-6195.599999999999,303.57,-28597.094999999998,-10071.99,-4532.849999999999
-10329.66,-11398.32,-21549.645,-6133.995,331.92,-28552.725,-10046.475,-4504.59
-10307.16,-11382.029999999999,-21579.21,-6224.76,307.62,-28532.16,-10061.73,-4484.474999999999
-10315.8,-11402.865,-21623.715,-6276.825,335.835,-28553.355,-10090.755,-4502.79
-10366.605,-11432.295,-21632.715,-6300.135,300.10499999999996,-28601.37,-10108.44,-4569.03
-10391.355,-11438.865,-21660.254999999997,-6343.11,212.13,-28630.035,-10123.38,-4602.6449999999995
-10374.48,-11435.895,-21686.219999999998,-6325.155,205.01999999999998,-28576.98,-10123.244999999999,-4582.215
-10308.555,-11374.74,-21583.079999999998,-6272.415,295.155,-28556.864999999998,-10108.755,-4507.155
-10336.23,-11366.64,-21569.715,-6195.24,419.53499999999997,-28604.655,-10130.94,-4561.335
-10352.295,-11371.32,-21563.82,-6098.355,453.24,-28582.605,-10115.91,-4606.605
-10353.914999999999,-11382.795,-21494.61,-6003.0,364.72499999999997,-28547.414999999997,-10061.055,-4567.724999999999
-10273.59,-11384.46,-21512.79,-6084.2699999999995,278.505,-28636.469999999998,-10069.065,-4420.17
-10266.885,-11394.27,-21581.55,-6196.455,276.12,-28666.8,-10122.975,-4461.4349999999995
-10324.44,-11409.615,-21606.93,-6168.0599999999995,348.65999999999997,-28589.76,-10122.119999999999,-4567.7699999999995
-10344.51,-11384.64,-21551.94,-6133.455,386.72999999999996,-28539.225,-10096.515,-4548.87
-10295.279999999999,-11376.945,-21550.364999999998,-6251.715,260.01,-28556.954999999998,-10073.699999999999,-4418.6849999999995
-10296.0,-11398.859999999999,-21589.965,-6288.48,239.08499999999998,-28574.684999999998,-10061.505,-4423.95
-10357.47,-11455.47,-21639.78,-6231.87,358.83,-28507.14,-10038.824999999999,-4496.264999999999
-10318.994999999999,-11412.404999999999,-21597.434999999998,-6181.65,303.435,-28561.68,-10065.15,-4485.554999999999
-10339.335,-11390.175,-21586.364999999998,-6197.715,240.03,-28609.379999999997,-10092.6,-4558.724999999999
-10376.19,-11424.779999999999,-21604.094999999998,-6216.885,368.505,-28547.055,-10099.26,-4642.47
-10355.355,-11373.255,-21524.265,-6120.045,482.49,-28505.655,-10105.65,-4649.58
-10323.81,-11360.88,-21504.329999999998,-6072.615,460.575,-28472.94,-10075.68,-4589.01
-10329.21,-11359.845,-21546.405,-6229.3949999999995,234.17999999999998,-28539.045,-10068.705,-4536.45
-10407.15,-11411.414999999999,-21656.25,-6347.565,167.355,-28613.295,-10107.404999999999,-4590.99
-10436.58,-11498.445,-21718.844999999998,-6301.575,288.81,-28572.57,-10110.465,-4604.804999999999
-10373.984999999999,-11478.779999999999,-21615.255,-6187.545,323.505,-28577.34,-10115.865,-4489.2
-10336.05,-11461.904999999999,-21609.495,-6225.84,225.63,-28570.905,-10110.869999999999,-4449.42
-10338.84,-11474.505,-21669.614999999998,-6255.63,235.17,-28579.905,-10083.42,-4462.92
-10335.734999999999,-11422.89,-21601.44,-6208.605,288.0,-28616.265,-10078.109999999999,-4502.79
-10353.69,-11414.654999999999,-21573.09,-6125.04,372.51,-28613.879999999997,-10078.83,-4538.88
-10295.279999999999,-11402.865,-21603.555,-6175.62,407.655,-28599.795,-10087.92,-4436.505
-10290.465,-11408.355,-21616.739999999998,-6264.405,360.675,-28573.155,-10089.945,-4418.46
-10318.095,-11409.57,-21571.515,-6226.425,347.84999999999997,-28541.34,-10065.779999999999,-4443.84
-10320.345,-11419.244999999999,-21595.77,-6201.224999999999,328.77,-28555.065,-10088.19,-4464.54
-10321.38,-11398.41,-21579.075,-6132.78,320.21999999999997,-28571.625,-10126.755,-4512.78
-10306.17,-11339.234999999999,-21512.07,-6059.07,351.765,-28566.405,-10131.57,-4545.179999999999
-10289.835,-11311.289999999999,-21492.405,-6112.575,315.85499999999996,-28563.93,-10130.22,-4555.665
-10295.55,-11392.289999999999,-21594.78,-6281.73,269.235,-28560.015,-10113.615,-4516.155
-10364.22,-11493.765,-21768.3,-6414.525,255.195,-28552.59,-10049.49,-4506.389999999999
-10358.865,-11467.215,-21758.895,-6406.965,242.82,-28650.555,-10071.72,-4465.845
-10328.94,-11441.52,-21693.69,-6325.29,234.72,-28658.61,-10100.789999999999,-4460.04
-10335.69,-11415.195,-21514.545,-6128.054999999999,203.17499999999998,-28693.98,-10151.414999999999,-4502.429999999999
-10324.71,-11388.15,-21492.045,-6114.87,174.73499999999999,-28692.719999999998,-10147.904999999999,-4510.035
-10319.805,-11387.564999999999,-21578.895,-6244.785,274.905,-28579.59,-10091.654999999999,-4509.405
-10326.06,-11401.515,-21599.73,-6236.37,407.655,-28507.32,-10062.045,-4515.57
-10336.994999999999,-11417.265,-21623.535,-6247.08,306.81,-28576.71,-10086.119999999999,-4518.179999999999
-10296.63,-11390.939999999999,-21587.67,-6142.679999999999,320.085,-28626.254999999997,-10094.13,-4473.09
-10297.935,-11350.529999999999,-21518.1,-6141.42,369.81,-28651.364999999998,-10116.0,-4474.44
-10311.029999999999,-11376.72,-21565.98,-6246.63,376.60499999999996,-28642.725,-10091.654999999999,-4486.455
-10338.164999999999,-11425.949999999999,-21647.024999999998,-6341.8949999999995,256.815,-28705.14,-10114.605,-4507.74
-10325.34,-11414.295,-21604.995,-6275.655,266.31,-28691.1,-10115.055,-4505.085
-10332.09,-11424.195,-21600.27,-6235.92,296.505,-28620.495,-10089.585,-4508.955
-10351.35,-11420.01,-21594.105,-6159.465,282.825,-28628.504999999997,-10102.904999999999,-4525.425
-10350.765,-11416.814999999999,-21581.055,-6098.49,325.935,-28467.539999999997,-10039.41,-4520.61
-10348.515,-11409.029999999999,-21559.23,-6107.94,343.485,-28441.395,-10050.3,-4524.929999999999
-10336.365,-11403.0,-21583.934999999998,-6200.054999999999,307.935,-28506.465,-10055.654999999999,-4518.675
-10339.695,-11399.13,-21598.515,-6300.2699999999995,271.485,-28596.329999999998,-10071.494999999999,-4529.16
-10329.119999999999,-11405.385,-21636.945,-6389.91,190.70999999999998,-28627.245,-10100.295,-4539.105
-10328.94,-11421.27,-21687.704999999998,-6319.17,226.035,-28589.625,-10129.185,-4554.54
-10325.295,-11386.98,-21605.219999999998,-6135.255,403.335,-28508.309999999998,-10138.365,-4562.505
-10364.984999999999,-11427.3,-21569.085,-6080.715,358.155,-28582.289999999997,-10096.154999999999,-4591.575
-10374.84,-11473.515,-21595.905,-6170.49,243.0,-28636.02,-10076.49,-4564.349999999999
-10378.98,-11421.045,-21654.135,-6354.764999999999,162.67499999999998,-28668.825,-10121.22,-4598.415
-10428.435,-11396.07,-21630.195,-6315.48,257.355,-28609.829999999998,-10142.505,-4676.04
-10408.725,-11400.255,-21545.594999999998,-6153.615,376.28999999999996,-28523.879999999997,-10152.765,-4662.675
-10421.369999999999,-11503.439999999999,-21635.91,-6245.37,272.655,-28552.815,-10117.08,-4639.41
-10376.82,-11525.039999999999,-21677.175,-6310.62,50.894999999999996,-28668.555,-10085.039999999999,-4485.51
-10288.08,-11415.51,-21575.114999999998,-6171.389999999999,158.805,-28711.664999999997,-10103.895,-4362.12
-10258.785,-11392.335,-21579.57,-6159.87,280.84499999999997,-28683.135,-10111.545,-4365.495
-10275.75,-11368.619999999999,-21552.795,-6137.054999999999,377.37,-28600.379999999997,-10098.315,-4423.1849999999995
-10331.595,-11410.83,-21605.13,-6245.594999999999,377.46,-28563.075,-10086.75,-4495.095
-10333.89,-11365.92,-21571.2,-6240.78,477.405,-28523.475,-10070.414999999999,-4511.5199999999995
-10344.105,-11349.675,-21533.985,-6161.355,495.9,-28476.18,-10069.199999999999,-4570.74
-10322.145,-11312.414999999999,-21447.675,-5962.05,524.2049999999999,-28428.254999999997,-10042.875,-4570.065
-10311.39,-11330.1,-21462.03,-5975.415,478.16999999999996,-28480.364999999998,-10056.42,-4520.205
-10324.98,-11399.085,-21567.42,-6196.455,326.7,-28579.364999999998,-10097.595,-4467.014999999999
-10341.945,-11469.375,-21696.84,-6347.07,235.98,-28601.414999999997,-10099.574999999999,-4457.385
-10375.02,-11462.22,-21696.03,-6351.21,212.76,-28605.87,-10103.805,-4519.98
-10423.845,-11476.26,-21673.079999999998,-6373.304999999999,181.48499999999999,-28634.265,-10127.205,-4593.42
-10421.46,-11491.47,-21661.065,-6260.76,215.86499999999998,-28663.289999999997,-10139.58,-4572.495
-10334.475,-11460.15,-21640.184999999998,-6173.955,266.265,-28635.84,-10131.39,-4473.99
-10308.6,-11414.835,-21592.079999999998,-6227.639999999999,270.63,-28597.14,-10091.565,-4464.945
-10316.52,-11397.465,-21621.105,-6241.7699999999995,369.04499999999996,-28501.02,-10062.81,-4515.974999999999
-10334.025,-11412.314999999999,-21681.225,-6253.83,446.175,-28481.219999999998,-10073.295,-4548.915
-10368.27,-11408.58,-21623.715,-6262.5599999999995,343.71,-28519.785,-10070.73,-4567.815
-10371.869999999999,-11437.244999999999,-21627.135,-6290.955,242.95499999999998,-28605.555,-10075.23,-4499.325
-10330.965,-11420.73,-21628.079999999998,-6363.179999999999,182.20499999999998,-28694.789999999997,-10104.885,-4466.7
-10310.895,-11386.395,-21585.645,-6269.625,252.135,-28631.565,-10104.48,-4463.1449999999995
-10300.904999999999,-11390.22,-21570.075,-6169.41,219.55499999999998,-28583.73,-10116.225,-4452.885
-10322.73,-11403.449999999999,-21556.079999999998,-6136.065,207.945,-28606.815,-10129.635,-4477.32
-10321.965,-11400.164999999999,-21558.195,-6165.179999999999,283.09499999999997,-28573.245,-10093.095,-4484.97
-10302.795,-11352.96,-21492.0,-6075.99,384.12,-28555.739999999998,-10083.105,-4480.74
-10324.484999999999,-11386.439999999999,-21541.545,-6184.889999999999,363.33,-28551.6,-10080.449999999999,-4498.38
-10344.51,-11415.105,-21590.64,-6294.6449999999995,342.71999999999997,-28609.065,-10133.91,-4523.849999999999
-10337.535,-11401.83,-21616.155,-6299.28,324.85499999999996,-28588.59,-10140.75,-4524.615
-10308.779999999999,-11385.945,-21606.21,-6226.469999999999,284.35499999999996,-28574.414999999997,-10098.404999999999,-4499.235
-10301.715,-11395.664999999999,-21608.145,-6154.605,214.01999999999998,-28601.145,-10092.375,-4488.48
-10337.265,-11429.955,-21610.26,-6164.054999999999,211.005,-28630.62,-10070.414999999999,-4506.389999999999
-10347.48,-11426.13,-21566.52,-6149.34,332.055,-28620.719999999998,-10092.42,-4520.16
-10363.095,-11405.744999999999,-21546.855,-6090.75,466.38,-28543.05,-10082.205,-4556.025
-10433.34,-11459.34,-21580.829999999998,-6126.84,357.75,-28575.765,-10108.44,-4675.05
-10458.765,-11441.295,-21626.91,-6282.36,263.78999999999996,-28634.175,-10149.615,-4731.165
-10403.955,-11396.564999999999,-21649.32,-6429.195,186.75,-28683.899999999998,-10156.68,-4617.72
-10256.715,-11365.515,-21645.945,-6380.594999999999,238.5,-28649.52,-10121.13,-4369.59
-10267.605,-11410.83,-21625.38,-6274.125,280.62,-28632.87,-10121.039999999999,-4392.99
-10328.085,-11419.38,-21557.655,-6167.34,294.47999999999996,-28633.32,-10125.72,-4536.45
-10366.38,-11380.23,-21542.76,-6168.465,305.72999999999996,-28601.01,-10096.335,-4624.47
-10361.744999999999,-11327.85,-21479.04,-6073.92,425.565,-28479.51,-10060.154999999999,-4637.7
-10364.265,-11350.439999999999,-21462.03,-6041.565,402.47999999999996,-28443.105,-10007.64,-4544.73
-10295.685,-11397.33,-21542.355,-6094.889999999999,386.82,-28478.61,-10017.404999999999,-4403.88
-10292.4,-11390.085,-21551.985,-6093.63,445.995,-28481.579999999998,-10038.779999999999,-4427.28
-10340.64,-11422.395,-21605.219999999998,-6192.585,343.66499999999996,-28560.645,-10084.05,-4496.804999999999
-10374.48,-11455.515,-21668.489999999998,-6253.65,270.63,-28586.969999999998,-10100.744999999999,-4541.04
-10378.935,-11449.305,-21680.46,-6355.98,135.855,-28603.664999999997,-10084.77,-4517.19
-10371.465,-11470.814999999999,-21717.989999999998,-6497.28,-2.34,-28711.89,-10121.039999999999,-4462.875
-10351.8,-11454.164999999999,-21700.53,-6391.9349999999995,184.45499999999998,-28665.18,-10130.67,-4490.46
-10333.44,-11384.279999999999,-21544.695,-6131.34,482.31,-28555.829999999998,-10124.055,-4520.5199999999995
-10332.855,-11382.21,-21537.765,-6102.224999999999,459.81,-28546.289999999997,-10116.225,-4509.63
-10324.26,-11392.244999999999,-21577.995,-6217.92,328.005,-28587.96,-10105.92,-4477.32
-10339.199999999999,-11450.205,-21673.35,-6334.965,214.01999999999998,-28642.995,-10139.085,-4476.375
-10324.619999999999,-11395.395,-21583.17,-6175.575,264.735,-28599.885,-10150.965,-4504.005
-10356.48,-11354.085,-21511.395,-6057.719999999999,401.76,-28528.695,-10141.56,-4602.375
-10421.73,-11394.404999999999,-21530.295,-6101.594999999999,455.49,-28469.34,-10111.635,-4670.325
-10403.19,-11417.22,-21584.475,-6163.469999999999,419.175,-28542.42,-10134.539999999999,-4619.429999999999
-10338.21,-11416.365,-21592.665,-6148.53,372.28499999999997,-28616.445,-10145.789999999999,-4501.98
-10293.21,-11403.314999999999,-21567.555,-6167.205,274.23,-28661.535,-10110.645,-4428.315
-10341.765,-11424.105,-21579.165,-6174.945,251.54999999999998,-28704.69,-10111.365,-4486.995
-10335.734999999999,-11446.83,-21639.149999999998,-6255.764999999999,224.95499999999998,-28698.48,-10085.49,-4441.7699999999995
-10296.045,-11436.029999999999,-21677.489999999998,-6428.295,108.72,-28682.19,-10093.23,-4413.735
-10319.039999999999,-11442.285,-21723.75,-6528.599999999999,92.42999999999999,-28581.12,-10073.115,-4459.545
-10353.6,-11466.63,-21742.695,-6480.764999999999,185.22,-28516.14,-10033.785,-4513.095
-10390.949999999999,-11438.955,-21610.89,-6295.635,335.295,-28522.98,-10048.77,-4579.514999999999
-10351.619999999999,-11351.654999999999,-21482.325,-6079.724999999999,457.91999999999996,-28518.39,-10054.529999999999,-4584.735
-10351.26,-11399.265,-21571.29,-6084.63,360.27,-28530.315,-10064.97,-4535.28
-10322.145,-11399.895,-21568.184999999998,-6072.885,343.53,-28583.73,-10107.09,-4478.58
-10341.539999999999,-11434.725,-21681.315,-6297.389999999999,272.07,-28619.1,-10111.859999999999,-4489.965
-10327.77,-11468.025,-21761.415,-6333.389999999999,259.335,-28588.635,-10081.89,-4461.345
-10352.34,-11422.305,-21594.149999999998,-6160.455,298.84499999999997,-28603.62,-10094.13,-4510.62
-10370.115,-11394.18,-21483.135,-6087.825,366.255,-28635.164999999997,-10132.244999999999,-4562.235
-10347.705,-11382.84,-21532.454999999998,-6109.965,349.695,-28600.289999999997,-10124.145,-4547.115
-10342.755,-11422.845,-21592.844999999998,-6184.215,310.185,-28585.079999999998,-10113.48,-4516.74
-10343.34,-11414.34,-21586.274999999998,-6251.445,275.805,-28618.289999999997,-10124.865,-4498.605
-10351.08,-11389.635,-21596.355,-6337.215,269.235,-28603.44,-10151.55,-4522.86
-10359.99,-11410.38,-21676.004999999997,-6440.175,201.105,-28582.02,-10116.494999999999,-4520.5199999999995
-10324.71,-11439.63,-21690.18,-6378.48,263.7,-28547.28,-10084.545,-4466.655
-10293.435,-11415.734999999999,-21619.98,-6148.889999999999,392.985,-28535.76,-10102.365,-4460.49
-10315.71,-11386.08,-21532.995,-6047.415,395.325,-28527.84,-10108.17,-4518.99
-10341.315,-11366.189999999999,-21482.28,-6058.215,331.155,-28535.76,-10087.965,-4535.1449999999995
-10310.355,-11335.23,-21500.28,-6098.8949999999995,324.71999999999997,-28578.105,-10103.805,-4502.07
-10311.21,-11346.255,-21527.055,-6127.514999999999,314.28,-28621.98,-10141.83,-4513.41
-10395.359999999999,-11425.005,-21601.17,-6235.74,271.26,-28607.489999999998,-10123.199999999999,-4597.92
-10477.17,-11474.369999999999,-21638.295,-6247.71,309.195,-28586.295,-10108.98,-4665.24
-10429.83,-11448.585,-21626.82,-6223.455,328.995,-28561.905,-10098.539999999999,-4606.875
-10347.57,-11411.55,-21615.93,-6272.1449999999995,285.47999999999996,-28560.285,-10088.01,-4515.165
-10276.02,-11375.01,-21584.79,-6347.07,312.435,-28532.879999999997,-10051.02,-4418.37
-10244.699999999999,-11373.164999999999,-21645.719999999998,-6417.54,223.2,-28556.19,-10053.945,-4415.8949999999995
-10316.16,-11423.43,-21643.065,-6224.264999999999,266.94,-28575.719999999998,-10079.369999999999,-4496.445
-10394.369999999999,-11447.64,-21583.035,-6109.92,319.905,-28597.995,-10112.445,-4599.855
-10411.02,-11422.71,-21572.19,-6152.264999999999,352.08,-28590.3,-10119.105,-4617.585
-10374.705,-11399.13,-21617.82,-6226.245,372.91499999999996,-28621.53,-10115.55,-4549.32
-10368.18,-11443.365,-21687.3,-6361.605,177.57,-28731.87,-10173.105,-4508.955
-10344.734999999999,-11463.435,-21680.82,-6353.415,159.75,-28681.11,-10186.47,-4483.44
-10311.93,-11410.785,-21575.925,-6150.69,385.875,-28497.555,-10124.369999999999,-4457.07
-10273.77,-11353.095,-21491.864999999998,-6046.74,424.71,-28535.715,-10103.58,-4410.99
-10276.83,-11340.18,-21483.18,-6131.61,397.97999999999996,-28568.969999999998,-10096.154999999999,-4433.715
-10333.89,-11426.715,-21622.995,-6333.4349999999995,277.78499999999997,-28618.695,-10072.89,-4459.139999999999
-10389.779999999999,-11490.164999999999,-21704.445,-6366.105,125.685,-28651.454999999998,-10082.789999999999,-4506.12
-10357.965,-11437.83,-21628.665,-6313.455,147.64499999999998,-28648.844999999998,-10103.58,-4502.115
-10347.119999999999,-11421.765,-21612.6,-6257.61,238.095,-28604.745,-10086.93,-4499.82
-10351.305,-11462.22,-21676.95,-6240.195,252.58499999999998,-28629.585,-10091.789999999999,-4494.6449999999995
-10342.89,-11409.39,-21548.969999999998,-6027.66,441.495,-28551.239999999998,-10091.295,-4491.2699999999995
-10342.529999999999,-11403.494999999999,-21566.295,-6105.96,407.78999999999996,-28537.515,-10089.494999999999,-4501.17
-10335.42,-11400.705,-21571.92,-6153.344999999999,377.72999999999996,-28538.954999999998,-10084.185,-4493.835
-10322.19,-11371.545,-21539.745,-6117.21,417.87,-28520.594999999998,-10091.654999999999,-4490.28
-10318.725,-11364.75,-21534.66,-6154.065,345.78,-28546.875,-10092.645,-4492.215
-10317.105,-11408.805,-21591.0,-6178.95,346.995,-28514.745,-10061.82,-4479.66
-10321.83,-11442.914999999999,-21675.465,-6349.679999999999,184.23,-28594.26,-10071.225,-4479.795
-10335.51,-11428.515,-21738.375,-6534.8099999999995,47.97,-28667.024999999998,-10099.305,-4496.58
-10342.26,-11427.84,-21762.945,-6483.6449999999995,130.995,-28652.94,-10110.195,-4520.835
-10370.835,-11423.654999999999,-21619.575,-6173.37,352.53,-28561.5,-10092.195,-4549.7699999999995
-10376.955,-11378.16,-21500.594999999998,-6069.51,382.185,-28511.504999999997,-10099.574999999999,-4557.42
-10370.654999999999,-11392.02,-21507.3,-6123.195,390.24,-28535.535,-10134.09,-4541.445
-10355.58,-11428.244999999999,-21562.38,-6217.83,351.18,-28574.64,-10131.885,-4516.74
-10334.43,-11432.34,-21634.29,-6254.46,256.72499999999997,-28599.84,-10105.515,-4510.62
-10348.65,-11377.845,-21561.524999999998,-6111.8099999999995,342.81,-28554.39,-10102.545,-4556.61
-10361.34,-11361.6,-21482.28,-6040.62,446.895,-28520.19,-10093.949999999999,-4574.88
-10355.85,-11405.475,-21538.53,-6106.7699999999995,408.06,-28512.18,-10060.244999999999,-4543.47
-10334.205,-11408.13,-21575.43,-6140.34,382.54499999999996,-28524.825,-10058.715,-4494.15
-10300.815,-11325.42,-21509.28,-6121.844999999999,415.71,-28542.329999999998,-10080.99,-4499.73
-10335.824999999999,-11313.675,-21496.725,-6177.375,430.10999999999996,-28578.105,-10100.16,-4578.974999999999
-10375.605,-11352.914999999999,-21535.965,-6230.79,379.305,-28562.219999999998,-10098.27,-4611.465
-10414.44,-11415.689999999999,-21633.12,-6354.764999999999,200.97,-28564.739999999998,-10091.789999999999,-4614.255
-10399.68,-11443.41,-21672.045,-6351.795,186.345,-28605.285,-10121.805,-4567.139999999999
-10350.855,-11436.345,-21670.739999999998,-6259.094999999999,320.84999999999997,-28607.219999999998,-10141.605,-4539.599999999999
-10336.77,-11400.164999999999,-21584.745,-6122.025,324.53999999999996,-28645.515,-10126.619999999999,-4562.82
-10324.98,-11405.43,-21562.965,-6121.26,279.585,-28641.195,-10135.755,-4480.83
-10314.404999999999,-11403.72,-21545.954999999998,-6163.245,321.34499999999997,-28550.655,-10119.779999999999,-4449.554999999999
-10355.67,-11429.01,-21568.23,-6208.469999999999,327.96,-28549.305,-10098.045,-4526.325
-10434.105,-11439.765,-21619.125,-6299.01,268.83,-28555.739999999998,-10104.57,-4622.22
-10394.369999999999,-11432.654999999999,-21647.16,-6313.365,202.5,-28596.645,-10098.81,-4576.365
-10357.47,-11409.885,-21640.004999999997,-6354.54,213.92999999999998,-28636.245,-10105.38,-4523.715
-10320.255,-11414.564999999999,-21644.594999999998,-6311.295,319.22999999999996,-28604.34,-10139.715,-4436.865
-10324.305,-11445.75,-21656.295,-6288.57,300.06,-28611.09,-10172.43,-4408.65
-10362.6,-11476.484999999999,-21662.954999999998,-6219.224999999999,282.42,-28587.015,-10139.22,-4434.795
-10322.1,-11427.705,-21622.995,-6161.3099999999995,305.90999999999997,-28571.129999999997,-10077.84,-4427.415
-10317.779999999999,-11395.935,-21596.76,-6190.514999999999,349.515,-28521.0,-10030.949999999999,-4457.429999999999
-10353.015,-11441.88,-21651.03,-6233.49,323.865,-28543.184999999998,-10040.039999999999,-4507.0199999999995
-10372.05,-11468.475,-21696.84,-6300.585,193.41,-28638.945,-10065.15,-4515.345
-10345.59,-11432.654999999999,-21654.719999999998,-6349.815,152.37,-28615.23,-10071.404999999999,-4494.33
-10315.529999999999,-11409.525,-21651.03,-6333.885,201.78,-28618.785,-10083.33,-4470.84
-10321.47,-11387.205,-21572.73,-6200.91,400.995,-28551.914999999997,-10090.484999999999,-4483.71
-10352.385,-11411.324999999999,-21578.67,-6205.995,404.055,-28564.515,-10085.76,-4477.41
-10359.135,-11416.545,-21569.355,-6174.764999999999,315.27,-28609.605,-10102.14,-4490.19
-10350.404999999999,-11418.345,-21588.165,-6220.98,323.37,-28578.645,-10095.48,-4499.82
-10351.619999999999,-11429.955,-21663.045,-6378.21,238.095,-28617.344999999998,-10108.215,-4507.47
-10362.015,-11430.81,-21645.405,-6290.46,230.76,-28641.825,-10128.555,-4519.575
-10357.74,-11409.885,-21587.985,-6230.565,211.185,-28648.53,-10118.925,-4517.1449999999995
-10365.93,-11445.48,-21686.895,-6354.135,144.35999999999999,-28639.125,-10099.98,-4518.045
-10361.205,-11443.725,-21702.239999999998,-6372.54,148.005,-28575.539999999997,-10074.51,-4519.71
-10352.025,-11429.279999999999,-21634.965,-6253.74,210.95999999999998,-28521.765,-10054.305,-4516.92
-10358.73,-11444.355,-21667.95,-6292.3949999999995,249.66,-28497.555,-10057.994999999999,-4510.62
-10326.015,-11355.84,-21539.34,-6203.969999999999,401.085,-28570.364999999998,-10127.43,-4506.705
-10338.705,-11357.82,-21506.13,-6122.61,447.57,-28606.14,-10143.72,-4530.915
-10349.73,-11417.085,-21577.95,-6106.23,476.90999999999997,-28582.829999999998,-10119.465,-4533.48
-10360.035,-11426.175,-21650.265,-6180.75,375.03,-28601.55,-10114.47,-4531.7699999999995
-10355.445,-11425.814999999999,-21676.815,-6251.8949999999995,271.395,-28641.465,-10119.195,-4514.535
-10349.55,-11427.3,-21591.135,-6186.42,274.86,-28622.879999999997,-10117.305,-4517.73
-10357.47,-11442.06,-21504.78,-6093.45,364.5,-28520.325,-10068.255,-4521.15
-10331.865,-11383.064999999999,-21506.94,-6073.2,401.805,-28497.375,-10065.51,-4513.005
-10335.869999999999,-11302.605,-21449.745,-6037.38,420.615,-28542.105,-10089.72,-4565.925
-10361.16,-11290.904999999999,-21453.39,-6077.07,470.60999999999996,-28494.45,-10109.744999999999,-4663.845
-10397.07,-11335.77,-21485.295,-6106.005,512.595,-28485.539999999997,-10153.305,-4672.3949999999995
-10392.705,-11394.27,-21552.12,-6154.74,376.65,-28557.719999999998,-10169.775,-4609.17
-10387.17,-11412.135,-21561.03,-6139.26,289.26,-28596.914999999997,-10135.215,-4574.61
-10374.39,-11363.49,-21504.42,-6083.37,404.55,-28553.579999999998,-10075.815,-4609.44
-10350.855,-11327.49,-21486.42,-6081.84,418.275,-28532.52,-10028.88,-4623.929999999999
-10352.295,-11348.73,-21510.54,-6153.48,341.505,-28573.605,-10056.015,-4570.38
-10312.695,-11446.244999999999,-21642.93,-6298.514999999999,184.68,-28694.295,-10123.965,-4348.17
-10266.975,-11457.99,-21696.614999999998,-6337.98,132.66,-28827.855,-10193.265,-4284.99
-10313.91,-11474.145,-21681.54,-6295.094999999999,170.37,-28752.12,-10157.85,-4366.755
-10362.779999999999,-11491.515,-21683.745,-6297.84,215.1,-28615.86,-10096.47,-4434.03
-10355.805,-11462.355,-21679.649999999998,-6301.3949999999995,278.46,-28519.739999999998,-10053.765,-4461.389999999999
-10359.63,-11463.255,-21670.829999999998,-6277.95,304.065,-28544.985,-10051.154999999999,-4482.315
-10364.58,-11446.875,-21641.67,-6261.615,298.215,-28584.315,-10094.805,-4490.73
-10368.27,-11458.439999999999,-21654.54,-6292.98,255.375,-28628.73,-10134.404999999999,-4496.22
-10366.875,-11470.41,-21714.795,-6391.53,165.06,-28661.985,-10140.164999999999,-4508.505
-10372.545,-11436.93,-21692.61,-6447.554999999999,164.385,-28639.53,-10116.045,-4518.764999999999
-10386.315,-11453.805,-21686.85,-6473.16,79.47,-28604.655,-10076.895,-4524.12
-10399.5,-11519.145,-21792.555,-6508.62,-3.0149999999999997,-28605.645,-10077.255,-4527.09
-10380.42,-11494.8,-21730.635,-6378.705,124.19999999999999,-28606.995,-10108.98,-4517.054999999999
-10363.904999999999,-11441.34,-21650.399999999998,-6212.429999999999,406.935,-28580.085,-10124.595,-4514.264999999999
-10320.39,-11382.3,-21638.475,-6328.889999999999,483.885,-28552.32,-10087.695,-4480.5599999999995
-10333.98,-11426.895,-21733.649999999998,-6463.755,349.11,-28563.75,-10083.015,-4488.615
-10372.05,-11432.07,-21670.29,-6232.724999999999,382.09499999999997,-28550.024999999998,-10077.705,-4514.445
-10374.48,-11435.039999999999,-21556.755,-6001.38,335.96999999999997,-28595.34,-10097.82,-4518.45
-10336.005,-11349.27,-21403.44,-5994.405,280.44,-28637.64,-10117.664999999999,-4506.57
-10320.164999999999,-11333.744999999999,-21461.715,-6118.38,301.14,-28612.215,-10101.51,-4501.215
-10357.695,-11384.1,-21530.79,-6146.955,365.13,-28572.795,-10081.305,-4545.63
-10390.23,-11438.414999999999,-21606.75,-6258.375,254.34,-28619.28,-10088.279999999999,-4581.495
-10387.935,-11438.279999999999,-21663.54,-6288.84,210.915,-28738.664999999997,-10134.945,-4590.855
-10331.1,-11392.605,-21676.32,-6345.495,156.73499999999999,-28788.254999999997,-10172.52,-4539.915
-10337.355,-11407.904999999999,-21678.075,-6315.929999999999,193.45499999999998,-28648.17,-10133.82,-4535.1449999999995
-10332.63,-11394.539999999999,-21608.1,-6139.26,479.88,-28410.795,-10060.515,-4499.1449999999995
-10341.99,-11384.145,-21523.184999999998,-6071.715,446.53499999999997,-28554.03,-10080.765,-4495.59
-10399.095,-11389.59,-21529.215,-6198.21,288.22499999999997,-28600.469999999998,-10124.505,-4591.304999999999
-10430.46,-11378.88,-21557.295,-6208.65,246.915,-28573.245,-10131.345,-4704.165
-10434.51,-11390.939999999999,-21570.434999999998,-6151.094999999999,370.395,-28492.289999999997,-10097.595,-4684.23
-10397.43,-11415.6,-21570.39,-6156.179999999999,414.71999999999997,-28519.515,-10118.789999999999,-4583.565
-10365.795,-11424.555,-21573.27,-6162.48,443.835,-28509.39,-10135.98,-4520.79
-10276.785,-11357.01,-21516.795,-6069.195,455.085,-28514.475,-10093.545,-4430.7
-10293.119999999999,-11378.115,-21534.03,-6062.58,441.85499999999996,-28494.855,-10042.515,-4412.565
-10335.96,-11444.49,-21608.325,-6222.599999999999,247.32,-28589.039999999997,-10054.08,-4396.635
-10332.0,-11437.74,-21633.344999999998,-6266.5199999999995,249.57,-28626.39,-10063.44,-4425.705
-10319.94,-11412.945,-21629.565,-6228.315,328.40999999999997,-28596.555,-10074.195,-4470.84
-10357.47,-11426.805,-21616.875,-6233.04,360.81,-28573.559999999998,-10082.789999999999,-4523.67
-10352.43,-11409.255,-21647.745,-6333.4349999999995,288.85499999999996,-28562.489999999998,-10090.755,-4544.73
-10353.06,-11377.8,-21596.04,-6231.375,337.32,-28535.67,-10103.4,-4593.554999999999
-10365.705,-11381.175,-21586.635,-6221.745,364.68,-28548.719999999998,-10094.22,-4621.32
-10413.315,-11367.945,-21572.82,-6255.495,344.96999999999997,-28594.71,-10120.815,-4630.59
-10415.07,-11464.425,-21703.635,-6350.715,220.995,-28656.945,-10175.49,-4512.915
-10336.545,-11472.615,-21702.239999999998,-6268.815,174.06,-28727.28,-10171.395,-4405.095
-10400.22,-11497.59,-21663.719999999998,-6241.905,123.345,-28731.149999999998,-10139.445,-4490.1449999999995
-10416.105,-11495.609999999999,-21637.62,-6327.405,164.34,-28680.524999999998,-10128.6,-4533.66
-10328.85,-11423.88,-21616.605,-6419.79,249.975,-28650.42,-10144.035,-4452.165
-10303.154999999999,-11420.865,-21700.035,-6464.16,225.045,-28645.379999999997,-10112.94,-4413.33
-10295.279999999999,-11401.109999999999,-21668.355,-6342.84,209.83499999999998,-28633.995,-10085.4,-4409.055
-10359.945,-11472.164999999999,-21666.329999999998,-6258.825,172.35,-28648.305,-10115.955,-4476.285
-10399.77,-11493.359999999999,-21647.43,-6187.7699999999995,248.67,-28658.925,-10119.105,-4519.845
-10383.164999999999,-11439.18,-21564.719999999998,-6146.82,353.745,-28576.305,-10098.18,-4514.264999999999
-10367.279999999999,-11416.32,-21567.78,-6167.7,299.115,-28563.704999999998,-10095.255,-4517.37
-10374.93,-11430.18,-21590.235,-6176.205,220.995,-28567.395,-10091.744999999999,-4533.389999999999
-10366.83,-11438.01,-21626.055,-6227.28,236.20499999999998,-28585.35,-10072.71,-4525.785
-10380.195,-11473.38,-21711.375,-6356.115,255.64499999999998,-28555.739999999998,-10069.425,-4527.945
-10365.345,-11443.185,-21628.44,-6225.255,425.52,-28554.12,-10115.55,-4509.675
-10334.565,-11392.695,-21558.195,-6173.6849999999995,366.79499999999996,-28601.82,-10139.715,-4491.045
-10371.24,-11412.81,-21573.855,-6194.025,297.495,-28593.539999999997,-10132.695,-4529.7
-10362.06,-11414.88,-21616.11,-6167.565,304.155,-28590.93,-10125.359999999999,-4521.105
-10359.539999999999,-11448.404999999999,-21677.895,-6181.0199999999995,290.385,-28582.289999999997,-10092.555,-4505.58
-10374.795,-11451.869999999999,-21639.6,-6253.155,196.785,-28601.145,-10047.555,-4504.95
-10359.72,-11429.865,-21586.77,-6261.615,193.45499999999998,-28615.23,-10039.859999999999,-4495.86
-10354.5,-11416.77,-21619.26,-6282.585,254.16,-28652.715,-10112.085,-4506.974999999999
-10344.42,-11380.77,-21588.524999999998,-6283.215,304.065,-28654.559999999998,-10129.5,-4509.585
-10354.815,-11415.06,-21627.315,-6340.139999999999,313.78499999999997,-28599.344999999998,-10106.46,-4512.915
-10370.43,-11430.855,-21640.59,-6315.974999999999,274.185,-28588.59,-10110.779999999999,-4524.21
-10342.529999999999,-11411.324999999999,-21596.355,-6164.19,268.11,-28584.989999999998,-10096.74,-4496.625
-10306.26,-11393.73,-21552.12,-6045.75,383.53499999999997,-28537.11,-10055.295,-4463.639999999999
-10323.494999999999,-11380.635,-21518.82,-6053.715,491.895,-28488.87,-10070.505,-4484.25
-10318.23,-11327.58,-21492.585,-6105.554999999999,430.56,-28520.414999999997,-10113.48,-4489.47
-10325.25,-11347.109999999999,-21541.184999999998,-6218.235,363.195,-28560.329999999998,-10134.27,-4506.66
-10321.47,-11351.43,-21542.04,-6242.264999999999,373.95,-28539.315,-10105.02,-4516.245
-10345.23,-11368.8,-21568.86,-6231.87,318.96,-28542.69,-10077.21,-4549.05
-10358.865,-11377.215,-21567.239999999998,-6151.545,359.46,-28520.594999999998,-10083.195,-4583.79
-10346.715,-11370.105,-21562.739999999998,-6107.264999999999,435.10499999999996,-28494.495,-10088.055,-4614.929999999999
-10377.27,-11381.939999999999,-21585.69,-6184.844999999999,421.83,-28527.885,-10121.625,-4648.545
-10380.6,-11368.619999999999,-21528.0,-6195.15,378.315,-28561.635,-10142.46,-4613.445
-10388.205,-11392.47,-21555.675,-6185.25,298.485,-28520.64,-10068.029999999999,-4612.7699999999995
-10416.914999999999,-11389.455,-21558.915,-6201.855,272.025,-28492.829999999998,-10052.505,-4607.235
-10465.02,-11438.145,-21611.565,-6224.94,262.395,-28558.575,-10082.654999999999,-4602.915
-10462.545,-11507.355,-21682.17,-6237.405,259.83,-28685.43,-10133.414999999999,-4587.075
-10355.58,-11484.314999999999,-21663.0,-6289.245,243.98999999999998,-28698.614999999998,-10122.164999999999,-4436.595
-10312.335,-11476.305,-21666.78,-6387.705,241.42499999999998,-28682.235,-10111.994999999999,-4335.795
-10323.359999999999,-11445.029999999999,-21653.864999999998,-6350.4,209.07,-28675.44,-10131.705,-4362.48
-10385.19,-11473.199999999999,-21633.795,-6193.125,237.87,-28608.704999999998,-10123.74,-4476.87
-10384.244999999999,-11456.505,-21590.64,-6123.69,271.485,-28622.655,-10111.275,-4497.795
-10385.91,-11454.525,-21635.64,-6231.78,213.255,-28684.215,-10120.14,-4509.495
-10390.904999999999,-11461.904999999999,-21660.165,-6289.38,199.62,-28721.25,-10138.949999999999,-4515.389999999999
-10377.855,-11445.57,-21656.204999999998,-6302.295,271.26,-28622.024999999998,-10100.565,-4503.6449999999995
-10334.115,-11415.689999999999,-21654.989999999998,-6374.34,275.53499999999997,-28571.76,-10104.615,-4481.37
-10311.795,-11422.17,-21689.504999999997,-6406.29,267.03,-28593.18,-10098.494999999999,-4451.535
-10358.595,-11444.31,-21650.579999999998,-6269.94,305.64,-28542.239999999998,-10064.43,-4473.09
-10381.14,-11454.21,-21618.765,-6136.83,284.35499999999996,-28571.085,-10053.855,-4486.815
-10361.97,-11429.055,-21613.364999999998,-6141.87,276.57,-28618.649999999998,-10102.14,-4494.24
-10374.93,-11425.77,-21598.155,-6222.87,265.815,-28622.655,-10119.465,-4523.085
-10382.13,-11430.449999999999,-21592.844999999998,-6221.79,318.24,-28589.445,-10104.435,-4535.19
-10369.305,-11434.05,-21655.395,-6259.905,328.545,-28562.76,-10101.869999999999,-4511.745
-10344.105,-11424.15,-21697.155,-6314.13,290.385,-28569.195,-10096.02,-4482.945
-10342.08,-11438.73,-21743.82,-6407.46,170.775,-28636.559999999998,-10116.18,-4484.429999999999
-10335.24,-11403.314999999999,-21648.465,-6330.33,202.185,-28617.39,-10130.13,-4486.7699999999995
-10347.84,-11400.3,-21546.225,-6138.045,358.335,-28542.105,-10099.17,-4497.389999999999
-10348.335,-11394.27,-21524.219999999998,-6121.26,349.60499999999996,-28583.1,-10097.055,-4496.67
-10351.619999999999,-11415.195,-21581.594999999998,-6212.745,315.9,-28603.395,-10098.675,-4498.065
-10350.315,-11411.145,-21597.704999999998,-6234.255,333.945,-28566.135,-10084.365,-4497.57
-10383.164999999999,-11465.1,-21678.57,-6363.179999999999,198.72,-28582.785,-10089.765,-4516.65
-10382.265,-11469.42,-21701.745,-6477.389999999999,95.895,-28606.95,-10096.92,-4518.0
-10374.615,-11449.08,-21652.965,-6318.585,284.13,-28539.855,-10081.305,-4515.389999999999
-10358.369999999999,-11403.945,-21561.165,-6095.16,425.565,-28573.065,-10083.96,-4507.92
-10339.875,-11376.09,-21505.23,-6067.3949999999995,373.72499999999997,-28623.87,-10105.47,-4498.065
-10343.52,-11412.225,-21573.765,-6149.88,349.875,-28637.954999999998,-10113.074999999999,-4496.8949999999995
-10344.6,-11407.77,-21563.46,-6166.8,391.68,-28604.879999999997,-10104.48,-4498.5599999999995
-10338.84,-11405.25,-21593.655,-6238.98,329.53499999999997,-28575.719999999998,-10106.775,-4497.885
-10334.115,-11394.9,-21631.454999999998,-6278.849999999999,289.84499999999997,-28578.195,-10102.095,-4505.94
-10342.845,-11368.395,-21586.59,-6219.54,339.57,-28560.059999999998,-10087.065,-4531.1849999999995
-10338.705,-11330.145,-21500.055,-6112.215,396.135,-28505.969999999998,-10057.365,-4555.889999999999
-10357.74,-11326.095,-21460.545,-6061.1849999999995,419.58,-28513.485,-10076.49,-4592.115
-10375.47,-11364.705,-21486.195,-6040.889999999999,422.955,-28544.895,-10093.23,-4580.28
-10390.185,-11400.255,-21545.82,-6120.2699999999995,378.405,-28552.77,-10115.01,-4571.01
-10433.34,-11423.744999999999,-21581.37,-6182.37,318.59999999999997,-28580.85,-10158.3,-4610.835
-10473.074999999999,-11425.05,-21561.57,-6160.1849999999995,292.77,-28600.469999999998,-10190.43,-4710.6449999999995
-10418.265,-11350.845,-21508.739999999998,-6101.099999999999,355.68,-28560.78,-10147.005,-4733.955
-10325.25,-11353.814999999999,-21510.855,-6101.955,413.72999999999996,-28534.59,-10065.734999999999,-4521.78
-10238.805,-11397.51,-21590.1,-6203.88,320.21999999999997,-28618.649999999998,-10047.51,-4285.53
-10334.654999999999,-11470.14,-21651.075,-6281.6849999999995,297.71999999999997,-28646.954999999998,-10092.24,-4378.86
-10385.595,-11443.365,-21637.98,-6311.565,301.185,-28646.91,-10118.07,-4521.42
-10398.375,-11425.23,-21622.23,-6281.82,305.59499999999997,-28611.945,-10113.885,-4530.195
-10366.515,-11409.885,-21613.68,-6266.07,275.76,-28601.19,-10123.74,-4488.929999999999
-10325.25,-11434.59,-21632.895,-6263.55,225.26999999999998,-28622.114999999998,-10158.705,-4429.53
-10362.24,-11452.68,-21657.69,-6276.33,203.31,-28649.745,-10165.635,-4478.04
-10372.994999999999,-11446.965,-21639.015,-6259.094999999999,182.43,-28676.295,-10160.685,-4488.57
-10349.64,-11444.085,-21650.67,-6300.179999999999,133.785,-28688.219999999998,-10109.654999999999,-4455.945
-10363.815,-11459.88,-21669.12,-6313.679999999999,149.67,-28649.565,-10083.824999999999,-4449.15
-10366.38,-11460.105,-21650.579999999998,-6256.485,249.885,-28587.555,-10068.615,-4468.095
-10368.359999999999,-11445.029999999999,-21632.985,-6230.205,328.995,-28522.664999999997,-10057.904999999999,-4490.55
-10378.44,-11442.869999999999,-21638.925,-6273.9,316.71,-28581.75,-10089.72,-4507.2
-10380.015,-11459.789999999999,-21675.645,-6273.0,342.53999999999996,-28600.92,-10107.81,-4514.715
-10365.345,-11421.9,-21597.93,-6170.04,388.44,-28564.065,-10088.279999999999,-4498.965
-10367.145,-11427.119999999999,-21612.285,-6204.554999999999,332.64,-28557.045,-10075.185,-4501.665
-10373.445,-11452.635,-21702.915,-6293.745,293.625,-28593.45,-10084.095,-4501.755
-10383.975,-11464.965,-21707.594999999998,-6307.469999999999,301.72499999999997,-28588.68,-10067.039999999999,-4502.88
-10394.279999999999,-11480.31,-21698.055,-6327.315,260.055,-28585.8,-10074.285,-4514.8949999999995
-10362.869999999999,-11420.73,-21647.879999999997,-6371.054999999999,145.07999999999998,-28612.44,-10094.039999999999,-4503.42
-10384.244999999999,-11454.345,-21686.67,-6403.724999999999,125.505,-28620.405,-10094.805,-4516.514999999999
-10382.535,-11441.97,-21614.13,-6312.375,315.81,-28588.23,-10075.635,-4512.78
-10355.895,-11412.09,-21630.105,-6388.5599999999995,289.08,-28649.25,-10092.105,-4499.054999999999
-10353.285,-11406.375,-21652.469999999998,-6317.01,269.46,-28626.57,-10094.355,-4501.17
-10358.55,-11416.68,-21607.965,-6212.16,233.64,-28625.489999999998,-10109.34,-4509.54
-10359.72,-11401.02,-21562.92,-6220.71,185.98499999999999,-28627.739999999998,-10117.125,-4515.255
-10369.17,-11431.08,-21565.8,-6176.115,333.18,-28572.93,-10101.375,-4516.92
-10357.02,-11413.35,-21519.36,-6016.365,442.26,-28583.145,-10100.205,-4507.29
-10353.015,-11349.99,-21505.41,-6059.07,407.835,-28613.655,-10108.935,-4507.38
-10348.83,-11360.88,-21533.355,-6136.335,380.205,-28600.695,-10104.3,-4502.61
-10361.07,-11404.305,-21576.735,-6205.275,338.58,-28579.004999999997,-10082.34,-4505.445
-10367.73,-11441.025,-21643.695,-6251.715,311.715,-28583.73,-10067.265,-4503.42
-10367.1,-11417.355,-21588.704999999998,-6162.255,341.28,-28592.55,-10094.039999999999,-4510.62
-10356.75,-11387.789999999999,-21548.114999999998,-6136.469999999999,344.565,-28588.14,-10094.355,-4505.76
-10359.99,-11409.029999999999,-21573.18,-6178.5,327.96,-28588.68,-10089.494999999999,-4503.69
-10351.44,-11416.23,-21589.11,-6185.745,329.895,-28606.184999999998,-10088.369999999999,-4498.0199999999995
-10348.47,-11394.72,-21558.69,-6160.23,313.155,-28622.565,-10093.994999999999,-4499.325
-10356.345,-11385.99,-21572.594999999998,-6186.87,305.01,-28607.715,-10096.425,-4514.355
-10375.92,-11395.395,-21567.87,-6182.37,333.99,-28570.364999999998,-10090.89,-4538.205
-10381.5,-11393.279999999999,-21556.305,-6159.42,368.37,-28550.655,-10082.88,-4549.41
-10362.96,-11400.164999999999,-21593.25,-6208.155,340.56,-28558.754999999997,-10077.255,-4523.804999999999
-10334.925,-11388.645,-21590.684999999998,-6273.495,304.74,-28569.239999999998,-10077.795,-4504.32
-10339.38,-11367.359999999999,-21560.85,-6244.514999999999,313.65,-28569.015,-10078.289999999999,-4533.03
-10370.609999999999,-11407.095,-21619.71,-6262.5599999999995,285.705,-28587.195,-10086.074999999999,-4563.405
-10437.48,-11462.939999999999,-21672.045,-6311.5199999999995,157.095,-28628.414999999997,-10086.75,-4592.025
-10476.0,-11457.404999999999,-21625.965,-6290.91,102.06,-28669.95,-10131.029999999999,-4625.6849999999995
-10446.795,-11466.27,-21636.18,-6255.2699999999995,241.64999999999998,-28681.245,-10172.609999999999,-4605.885
-10396.125,-11433.42,-21605.489999999998,-6172.514999999999,379.53,-28614.195,-10149.029999999999,-4561.92
-10341.9,-11419.65,-21590.82,-6171.48,358.28999999999996,-28596.645,-10077.795,-4436.595
-10320.795,-11460.6,-21650.04,-6260.94,245.83499999999998,-28653.075,-10080.225,-4369.905
-10364.76,-11480.445,-21683.655,-6330.6449999999995,176.265,-28660.32,-10097.595,-4453.29
-10350.09,-11459.115,-21683.835,-6359.085,200.7,-28645.469999999998,-10086.255,-4444.155
-10351.529999999999,-11431.619999999999,-21636.135,-6311.07,294.435,-28632.105,-10089.72,-4452.57
-10353.734999999999,-11429.414999999999,-21649.184999999998,-6311.88,302.13,-28665.989999999998,-10121.445,-4474.755
-10342.125,-11412.855,-21631.364999999998,-6253.065,271.17,-28688.129999999997,-10144.125,-4486.679999999999
-10364.85,-11427.39,-21633.614999999998,-6244.92,212.04,-28722.825,-10165.275,-4519.08
-10351.755,-11401.875,-21586.364999999998,-6177.915,367.2,-28579.86,-10134.18,-4508.1449999999995
-10344.69,-11396.43,-21569.805,-6200.639999999999,429.75,-28488.465,-10071.18,-4480.785
-10347.975,-11418.84,-21650.489999999998,-6363.675,278.325,-28610.594999999998,-10082.34,-4491.54
-10361.205,-11452.814999999999,-21756.87,-6552.99,182.43,-28654.245,-10087.289999999999,-4497.885
-10391.85,-11457.72,-21763.98,-6522.525,198.405,-28643.085,-10104.345,-4511.5199999999995
-10395.765,-11461.32,-21684.42,-6259.139999999999,328.185,-28586.925,-10093.59,-4511.88
-10406.115,-11460.51,-21592.17,-6078.15,285.03,-28660.86,-10105.289999999999,-4538.07
-10424.97,-11472.795,-21670.245,-6244.2,258.615,-28688.039999999997,-10115.279999999999,-4572.2699999999995
-10388.789999999999,-11443.365,-21678.84,-6368.8949999999995,273.06,-28680.885,-10109.88,-4556.565
-10363.23,-11433.015,-21643.875,-6374.115,187.605,-28715.129999999997,-10129.59,-4532.804999999999
-10367.55,-11394.359999999999,-21554.415,-6287.085,137.43,-28741.59,-10171.619999999999,-4535.415
-10360.17,-11374.02,-21498.03,-6098.58,273.645,-28618.875,-10133.055,-4502.655
-10351.89,-11400.119999999999,-21523.59,-6058.125,398.835,-28540.395,-10082.205,-4460.985
-10352.205,-11434.814999999999,-21582.54,-6117.885,376.875,-28604.25,-10130.22,-4474.889999999999
-10367.279999999999,-11431.17,-21597.704999999998,-6148.17,359.82,-28611.45,-10143.225,-4504.41
-10380.6,-11392.92,-21563.055,-6167.07,363.41999999999996,-28604.16,-10147.77,-4543.5599999999995
-10382.13,-11377.98,-21553.515,-6181.965,348.79499999999996,-28580.085,-10120.949999999999,-4567.995
-10393.289999999999,-11418.84,-21599.415,-6199.29,341.59499999999997,-28558.17,-10098.63,-4565.115
-10381.68,-11422.619999999999,-21589.02,-6175.17,379.395,-28584.945,-10103.49,-4515.255
-10361.34,-11401.02,-21563.46,-6152.264999999999,378.85499999999996,-28652.67,-10114.154999999999,-4472.505
-10352.34,-11398.23,-21575.114999999998,-6176.969999999999,325.935,-28677.465,-10130.895,-4468.365
-10362.24,-11409.119999999999,-21593.07,-6197.4,314.37,-28658.34,-10136.475,-4498.92
-10398.105,-11433.555,-21625.649999999998,-6230.969999999999,302.35499999999996,-28642.68,-10138.859999999999,-4547.115
-10390.68,-11399.175,-21576.78,-6195.78,331.02,-28604.925,-10130.355,-4564.8
-10385.64,-11352.645,-21519.855,-6125.849999999999,397.44,-28549.26,-10113.345,-4644.45
-10411.289999999999,-11377.664999999999,-21541.5,-6115.005,404.46,-28537.92,-10111.815,-4676.22
-10459.125,-11440.529999999999,-21605.265,-6209.28,312.255,-28587.239999999998,-10143.99,-4664.79
-10474.74,-11531.16,-21735.315,-6369.03,141.70499999999998,-28721.114999999998,-10198.17,-4579.92
-10374.21,-11479.77,-21712.23,-6381.36,93.195,-28790.82,-10224.18,-4498.74
-10414.89,-11480.4,-21672.585,-6348.599999999999,145.07999999999998,-28735.245,-10191.06,-4506.57
-10360.574999999999,-11508.074999999999,-21692.835,-6342.255,237.32999999999998,-28714.545,-10181.925,-4377.78
-10320.525,-11478.42,-21697.29,-6315.255,335.61,-28679.895,-10144.845,-4378.905
-10363.994999999999,-11448.99,-21674.295,-6319.844999999999,296.55,-28654.289999999997,-10151.19,-4487.13
-10368.539999999999,-11435.715,-21663.54,-6313.365,276.3,-28650.78,-10152.99,-4514.13
-10354.23,-11411.324999999999,-21645.54,-6318.945,274.68,-28647.09,-10141.695,-4473.495
-10359.225,-11422.125,-21586.725,-6208.875,286.155,-28650.329999999998,-10143.18,-4429.17
-10387.08,-11467.35,-21595.545,-6184.304999999999,251.45999999999998,-28650.555,-10147.815,-4461.389999999999
-10391.355,-11501.414999999999,-21674.835,-6262.83,221.67,-28678.23,-10170.945,-4496.13
-10372.545,-11469.42,-21670.335,-6279.48,229.995,-28721.475,-10188.18,-4491.764999999999
-10352.88,-11410.425,-21617.19,-6250.455,278.55,-28684.125,-10180.125,-4470.345
-10363.32,-11419.064999999999,-21602.565,-6248.205,306.9,-28700.594999999998,-10197.27,-4489.74
-10367.955,-11411.505,-21613.23,-6275.565,396.63,-28667.295,-10172.34,-4504.455
-10371.69,-11396.115,-21606.93,-6292.3949999999995,376.60499999999996,-28638.18,-10169.505,-4509.315
-10384.154999999999,-11415.734999999999,-21601.755,-6207.48,292.14,-28628.414999999997,-10170.449999999999,-4517.505
-10387.98,-11445.93,-21602.204999999998,-6149.655,288.405,-28638.36,-10156.275,-4503.96
-10367.414999999999,-11417.31,-21603.285,-6189.75,273.96,-28679.895,-10176.074999999999,-4496.4
-10358.82,-11420.64,-21667.995,-6257.79,274.635,-28686.645,-10193.895,-4498.11
-10370.43,-11417.715,-21613.14,-6262.469999999999,266.265,-28658.475,-10183.23,-4515.255
-10393.965,-11436.39,-21616.38,-6288.075,228.78,-28652.039999999997,-10163.205,-4543.155
-10412.505,-11429.595,-21617.505,-6299.415,215.86499999999998,-28678.86,-10190.34,-4575.69
-10407.42,-11441.52,-21601.395,-6232.23,282.825,-28668.87,-10215.539999999999,-4570.74
-10388.25,-11451.33,-21619.44,-6183.764999999999,360.405,-28658.565,-10205.595,-4509.495
-10364.58,-11419.875,-21609.18,-6189.75,382.09499999999997,-28666.305,-10201.77,-4477.59
-10380.33,-11426.939999999999,-21629.52,-6251.985,289.08,-28649.789999999997,-10193.895,-4504.365
-10364.94,-11426.355,-21639.195,-6302.969999999999,208.89,-28652.309999999998,-10175.445,-4480.605
-10363.095,-11451.375,-21667.545,-6353.91,257.03999999999996,-28626.885,-10170.99,-4478.04
-10388.385,-11450.744999999999,-21699.945,-6396.929999999999,287.72999999999996,-28661.175,-10221.345,-4533.165
-10387.619999999999,-11421.855,-21678.84,-6382.98,311.085,-28689.344999999998,-10253.205,-4593.24
-10385.73,-11381.939999999999,-21645.495,-6279.929999999999,348.39,-28614.914999999997,-10211.67,-4641.165
-10390.185,-11312.82,-21488.219999999998,-6100.875,344.385,-28555.829999999998,-10177.83,-4662.2699999999995
-10382.94,-11358.99,-21452.579999999998,-6073.5599999999995,268.245,-28600.829999999998,-10149.885,-4603.365
-10446.39,-11541.015,-21696.48,-6291.63,199.845,-28745.19,-10194.615,-4532.264999999999
-10441.26,-11540.654999999999,-21744.45,-6354.135,231.435,-28783.035,-10254.555,-4528.755
-10405.17,-11470.32,-21642.434999999998,-6293.969999999999,297.045,-28755.36,-10268.324999999999,-4496.4
-10362.824999999999,-11399.13,-21590.82,-6221.205,339.34499999999997,-28733.445,-10258.65,-4483.755
-10368.9,-11369.925,-21550.68,-6148.17,332.865,-28746.989999999998,-10263.645,-4526.1449999999995
-10402.785,-11433.869999999999,-21586.59,-6168.465,297.36,-28714.725,-10243.035,-4543.11
-10432.305,-11479.365,-21648.329999999998,-6246.09,328.14,-28617.03,-10190.654999999999,-4547.565
-10383.84,-11480.58,-21679.469999999998,-6266.88,298.71,-28622.34,-10187.369999999999,-4465.215
-10367.369999999999,-11466.404999999999,-21667.725,-6285.014999999999,233.14499999999998,-28680.57,-10227.105,-4458.554999999999
-10415.699999999999,-11456.955,-21634.155,-6213.465,246.78,-28699.065,-10237.185,-4534.38
-10410.255,-11449.395,-21616.245,-6214.05,262.62,-28721.204999999998,-10257.255,-4518.945
-10378.755,-11440.755,-21625.245,-6242.715,258.16499999999996,-28737.27,-10271.789999999999,-4477.59
-10389.06,-11450.97,-21635.954999999998,-6248.655,288.135,-28690.559999999998,-10240.965,-4482.54
-10355.22,-11412.81,-21600.675,-6215.49,302.35499999999996,-28685.925,-10259.505,-4469.67
-10344.6,-11378.295,-21577.364999999998,-6188.49,332.325,-28680.614999999998,-10232.505,-4491.179999999999
-10386.539999999999,-11398.859999999999,-21579.795,-6184.844999999999,328.32,-28701.855,-10254.465,-4546.575
-10426.59,-11456.865,-21623.085,-6236.28,284.805,-28705.725,-10283.49,-4550.625
-10385.01,-11445.93,-21627.0,-6244.695,304.60499999999996,-28649.52,-10273.904999999999,-4490.099999999999
-10329.39,-11410.83,-21603.149999999998,-6202.53,369.85499999999996,-28578.87,-10215.0,-4429.3949999999995
-10347.885,-11436.029999999999,-21647.114999999998,-6258.735,278.955,-28633.23,-10207.664999999999,-4456.845
-10376.055,-11438.82,-21642.3,-6256.17,268.605,-28666.844999999998,-10228.455,-4485.195
-10416.105,-11473.289999999999,-21672.54,-6282.719999999999,259.605,-28675.754999999997,-10235.744999999999,-4520.205
-10411.38,-11471.039999999999,-21693.375,-6332.94,194.13,-28695.914999999997,-10248.93,-4524.255
-10399.185,-11466.855,-21723.254999999997,-6385.545,150.29999999999998,-28764.405,-10313.369999999999,-4532.67
-10384.515,-11462.76,-21709.8,-6348.96,250.10999999999999,-28714.364999999998,-10309.365,-4519.98
-10362.33,-11430.675,-21651.93,-6287.8949999999995,327.91499999999996,-28617.704999999998,-10234.305,-4485.285
-10380.869999999999,-11437.47,-21662.145,-6358.32,268.155,-28651.5,-10252.935,-4509.179999999999
-10411.154999999999,-11453.895,-21665.79,-6461.55,255.73499999999999,-28646.28,-10246.275,-4536.09
-10407.645,-11444.535,-21672.719999999998,-6433.065,271.03499999999997,-28659.825,-10257.975,-4551.48
-10401.84,-11451.15,-21721.004999999997,-6327.224999999999,294.65999999999997,-28638.629999999997,-10260.135,-4553.775
-10386.27,-11438.64,-21661.515,-6296.13,294.75,-28617.975,-10247.355,-4526.955
-10386.99,-11443.23,-21631.725,-6328.62,286.335,-28658.204999999998,-10271.385,-4509.224999999999
-10372.185,-11431.98,-21593.295,-6230.474999999999,280.34999999999997,-28717.065,-10291.77,-4491.2699999999995
-10363.23,-11416.814999999999,-21548.969999999998,-6072.255,296.955,-28676.655,-10273.904999999999,-4515.389999999999
-10390.904999999999,-11408.13,-21552.434999999998,-6084.945,310.635,-28655.414999999997,-10293.93,-4567.095
-10424.25,-11438.55,-21635.55,-6165.54,337.22999999999996,-28650.645,-10291.994999999999,-4599.2699999999995
-10440.045,-11406.645,-21570.344999999998,-6123.915,409.905,-28618.469999999998,-10274.039999999999,-4647.42
-10424.385,-11381.265,-21508.559999999998,-6091.155,410.445,-28592.82,-10251.404999999999,-4659.615
-10394.324999999999,-11453.715,-21593.7,-6154.155,327.735,-28623.285,-10218.69,-4567.59
-10432.125,-11497.68,-21660.57,-6235.38,268.46999999999997,-28703.745,-10235.115,-4495.365
-10356.93,-11423.789999999999,-21618.54,-6306.75,253.935,-28763.414999999997,-10282.59,-4377.96
-10297.71,-11392.65,-21600.63,-6275.205,292.32,-28750.59,-10321.875,-4378.995
-10316.97,-11381.445,-21587.895,-6229.215,267.795,-28742.67,-10295.91,-4435.695
-10371.734999999999,-11414.43,-21591.719999999998,-6202.485,232.10999999999999,-28716.48,-10308.914999999999,-4498.29
-10447.515,-11465.865,-21634.829999999998,-6223.905,274.275,-28688.039999999997,-10319.265,-4575.42
-10456.47,-11458.574999999999,-21625.605,-6222.285,327.24,-28615.5,-10295.414999999999,-4616.955
-10388.654999999999,-11389.59,-21564.45,-6189.705,312.57,-28608.03,-10284.119999999999,-4553.865
-10368.449999999999,-11426.445,-21619.125,-6269.67,192.78,-28683.36,-10306.035,-4487.3099999999995
-10373.4,-11459.25,-21664.98,-6304.139999999999,200.60999999999999,-28696.094999999998,-10324.17,-4484.295
-10402.38,-11489.895,-21697.155,-6314.49,231.255,-28691.01,-10303.244999999999,-4518.179999999999
-10406.744999999999,-11461.005,-21656.655,-6236.55,328.72499999999997,-28665.135,-10274.445,-4539.915
-10405.89,-11411.505,-21589.155,-6181.92,367.74,-28663.965,-10244.97,-4554.315
-10355.58,-11365.244999999999,-21550.454999999998,-6174.8099999999995,364.815,-28651.59,-10255.635,-4515.885
-10338.255,-11379.869999999999,-21575.204999999998,-6189.525,345.33,-28659.78,-10267.56,-4484.97
-10405.395,-11440.8,-21622.995,-6251.219999999999,278.01,-28697.535,-10320.93,-4524.66
-10431.315,-11434.904999999999,-21617.73,-6252.255,269.90999999999997,-28679.175,-10331.685,-4582.8
-10456.38,-11458.529999999999,-21637.44,-6264.09,226.30499999999998,-28575.45,-10287.855,-4612.7699999999995
-10407.06,-11451.465,-21634.605,-6325.29,96.705,-28641.059999999998,-10289.43,-4514.67
-10358.73,-11443.994999999999,-21651.39,-6342.12,156.195,-28657.575,-10278.72,-4449.69
-10388.835,-11509.38,-21722.445,-6331.95,278.82,-28681.515,-10264.859999999999,-4437.63
-10398.06,-11481.93,-21669.57,-6226.605,403.695,-28693.934999999998,-10287.72,-4466.205
-10362.69,-11440.89,-21639.42,-6286.365,344.15999999999997,-28702.844999999998,-10278.045,-4448.88
-10387.35,-11476.664999999999,-21714.93,-6456.15,201.825,-28741.815,-10280.205,-4473.945
-10393.02,-11455.154999999999,-21711.105,-6442.965,242.595,-28715.76,-10286.324999999999,-4485.915
-10376.369999999999,-11464.47,-21713.265,-6363.0,242.01,-28714.32,-10311.39,-4478.8949999999995
-10373.535,-11474.91,-21713.579999999998,-6338.565,216.54,-28716.524999999998,-10311.48,-4480.74
-10388.385,-11461.5,-21713.489999999998,-6404.13,240.92999999999998,-28702.079999999998,-10303.875,-4503.285
-10378.395,-11421.314999999999,-21621.915,-6306.389999999999,260.235,-28676.789999999997,-10287.494999999999,-4509.855
-10386.18,-11461.365,-21635.594999999998,-6180.57,299.07,-28660.77,-10273.14,-4506.345
-10393.199999999999,-11450.385,-21611.295,-6210.585,333.45,-28695.87,-10304.46,-4512.554999999999
-10389.869999999999,-11408.939999999999,-21639.239999999998,-6296.13,337.40999999999997,-28704.825,-10308.33,-4511.88
-10397.07,-11448.855,-21696.57,-6270.795,267.65999999999997,-28673.73,-10293.3,-4513.32
-10395.72,-11464.605,-21673.98,-6195.42,266.625,-28613.34,-10261.08,-4509.63
-10398.645,-11461.185,-21663.629999999997,-6243.48,295.11,-28625.265,-10255.635,-4511.115
-10400.85,-11475.404999999999,-21710.745,-6332.219999999999,221.57999999999998,-28688.175,-10295.82,-4520.61
-10393.65,-11451.824999999999,-21649.905,-6325.83,171.35999999999999,-28708.965,-10341.359999999999,-4525.5599999999995
-10375.605,-11400.615,-21598.29,-6261.75,247.905,-28625.67,-10295.055,-4510.3949999999995
-10391.355,-11414.025,-21533.489999999998,-6110.19,395.235,-28564.289999999997,-10234.664999999999,-4511.655
-10382.49,-11407.545,-21537.45,-6097.905,365.35499999999996,-28596.645,-10242.18,-4506.4349999999995
-10380.465,-11375.91,-21520.305,-6149.429999999999,342.81,-28628.864999999998,-10263.555,-4515.525
-10394.279999999999,-11421.27,-21598.335,-6229.755,313.46999999999997,-28651.14,-10260.9,-4524.345
-10392.885,-11427.119999999999,-21629.114999999998,-6277.679999999999,265.905,-28683.899999999998,-10301.085,-4527.945
-10388.43,-11419.38,-21618.855,-6236.55,266.94,-28691.684999999998,-10344.51,-4528.665
-10392.84,-11390.445,-21566.52,-6180.974999999999,265.23,-28656.989999999998,-10345.185,-4562.639999999999
-10406.43,-11365.289999999999,-21551.67,-6191.73,234.945,-28618.605,-10332.855,-4635.99
-10435.32,-11371.725,-21531.51,-6214.41,327.375,-28612.035,-10342.845,-4699.485
-10432.484999999999,-11410.154999999999,-21593.79,-6271.74,382.455,-28636.92,-10330.515,-4664.34
-10431.494999999999,-11451.51,-21642.344999999998,-6284.655,289.97999999999996,-28686.914999999997,-10288.35,-4556.34
-10392.705,-11409.435,-21575.655,-6184.62,323.64,-28644.434999999998,-10244.205,-4529.115
-10376.865,-11383.289999999999,-21558.195,-6133.635,397.26,-28612.305,-10220.085,-4507.65
-10375.92,-11420.279999999999,-21596.805,-6165.54,373.455,-28630.575,-10256.535,-4512.375
-10385.685,-11431.755,-21574.575,-6161.985,334.8,-28641.78,-10268.91,-4477.139999999999
-10331.595,-11437.109999999999,-21627.27,-6246.09,283.995,-28683.135,-10241.19,-4380.165
-10301.67,-11433.645,-21647.565,-6249.825,323.145,-28630.844999999998,-10255.095,-4399.74
-10356.345,-11442.06,-21623.985,-6224.849999999999,370.485,-28599.524999999998,-10267.154999999999,-4484.385
-10458.675,-11450.385,-21605.219999999998,-6275.385,345.24,-28597.23,-10284.795,-4546.53
-10436.49,-11488.32,-21707.415,-6391.215,165.195,-28710.225,-10310.715,-4496.8949999999995
-10427.49,-11472.255,-21718.44,-6338.205,167.85,-28728.899999999998,-10339.74,-4574.97
-10467.81,-11442.555,-21629.475,-6191.054999999999,297.045,-28634.94,-10317.06,-4698.2699999999995
-10461.51,-11435.939999999999,-21615.66,-6233.445,274.86,-28638.36,-10313.955,-4672.889999999999
-10451.925,-11485.395,-21688.695,-6349.365,140.98499999999999,-28722.239999999998,-10311.93,-4538.79
-10377.404999999999,-11522.34,-21751.875,-6395.445,116.82,-28759.274999999998,-10288.44,-4349.5199999999995
-10343.565,-11472.255,-21702.42,-6338.295,272.52,-28709.594999999998,-10260.404999999999,-4354.38
-10356.48,-11441.115,-21673.125,-6346.44,311.445,-28688.805,-10264.455,-4428.63
-10389.779999999999,-11446.515,-21673.665,-6347.34,273.105,-28669.41,-10295.955,-4499.955
-10408.949999999999,-11462.22,-21676.95,-6301.035,262.485,-28628.64,-10300.095,-4534.605
-10418.85,-11471.939999999999,-21651.254999999997,-6214.094999999999,279.81,-28623.96,-10286.64,-4528.845
-10381.05,-11473.83,-21691.26,-6319.71,183.78,-28721.385,-10306.215,-4481.595
-10351.395,-11421.99,-21619.98,-6249.96,222.435,-28750.725,-10299.555,-4455.36
-10350.404999999999,-11398.814999999999,-21601.665,-6266.61,252.855,-28704.465,-10270.17,-4452.795
-10382.265,-11432.564999999999,-21654.27,-6394.094999999999,330.75,-28639.98,-10265.265,-4484.5199999999995
-10382.58,-11452.725,-21710.385,-6440.759999999999,297.27,-28647.405,-10271.025,-4487.58
-10375.38,-11439.9,-21675.6,-6262.065,260.28,-28672.785,-10266.119999999999,-4490.19
-10397.925,-11425.23,-21596.94,-6118.065,263.15999999999997,-28719.0,-10300.545,-4526.37
-10423.71,-11444.76,-21596.579999999998,-6143.355,236.475,-28730.969999999998,-10335.465,-4559.58
-10418.85,-11502.63,-21762.315,-6363.585,215.64,-28670.129999999997,-10329.255,-4555.3949999999995
-10404.27,-11468.654999999999,-21733.785,-6407.594999999999,243.495,-28606.5,-10285.065,-4523.58
-10371.33,-11415.33,-21626.64,-6247.125,333.27,-28596.645,-10260.09,-4482.179999999999
-10357.605,-11397.779999999999,-21581.145,-6184.08,301.32,-28650.825,-10266.164999999999,-4480.38
-10371.42,-11400.57,-21571.02,-6297.57,253.575,-28661.309999999998,-10253.789999999999,-4487.67
-10376.279999999999,-11423.97,-21637.215,-6287.3099999999995,283.40999999999997,-28660.815,-10251.404999999999,-4489.47
-10377.27,-11418.255,-21577.725,-6140.969999999999,371.96999999999997,-28641.78,-10272.24,-4503.6449999999995
-10394.414999999999,-11406.914999999999,-21531.015,-6083.91,365.265,-28661.715,-10286.19,-4522.59
-10390.005,-11437.154999999999,-21587.535,-6153.48,304.83,-28683.765,-10295.234999999999,-4511.745
-10360.395,-11401.605,-21646.44,-6279.389999999999,285.615,-28654.245,-10289.295,-4488.615
-10376.279999999999,-11425.095,-21696.075,-6302.565,309.15,-28641.239999999998,-10291.095,-4511.835
-10388.789999999999,-11483.685,-21657.329999999998,-6187.005,373.635,-28631.745,-10274.625,-4533.974999999999
-10384.244999999999,-11368.125,-21519.54,-6088.005,407.925,-28569.329999999998,-10251.585,-4591.889999999999
-10374.93,-11277.27,-21448.305,-6108.165,433.97999999999996,-28515.015,-10250.369999999999,-4676.67
-10391.445,-11300.49,-21489.03,-6180.165,456.93,-28478.879999999997,-10232.595,-4674.915
-10446.795,-11398.994999999999,-21609.855,-6332.67,274.86,-28603.44,-10295.145,-4601.205
-10454.895,-11501.414999999999,-21706.739999999998,-6388.74,92.835,-28751.625,-10330.515,-4480.38
-10409.715,-11514.24,-21703.004999999997,-6320.79,102.735,-28835.01,-10351.98,-4452.389999999999
-10400.805,-11489.67,-21668.399999999998,-6233.715,257.985,-28741.14,-10280.744999999999,-4482.764999999999
-10415.16,-11445.93,-21626.91,-6229.53,338.31,-28598.895,-10216.17,-4530.0599999999995
-10426.32,-11431.619999999999,-21652.965,-6312.375,349.425,-28581.704999999998,-10295.19,-4593.599999999999
-10454.13,-11452.68,-21693.555,-6349.905,295.92,-28626.704999999998,-10320.435,-4694.04
-10428.074999999999,-11432.385,-21636.945,-6250.995,277.38,-28641.059999999998,-10315.8,-4684.7699999999995
-10414.664999999999,-11388.105,-21537.405,-6084.99,392.66999999999996,-28623.015,-10290.15,-4649.13
-10420.199999999999,-11409.705,-21597.57,-6192.945,382.455,-28597.5,-10246.14,-4592.88
-10442.88,-11424.285,-21638.295,-6323.355,347.085,-28552.23,-10236.69,-4585.905
-10478.97,-11483.369999999999,-21677.76,-6313.815,322.65,-28618.02,-10263.869999999999,-4541.58
-10383.93,-11475.539999999999,-21653.91,-6292.17,200.025,-28717.92,-10289.97,-4391.46
-10320.255,-11538.855,-21802.364999999998,-6573.195,-55.08,-28878.254999999997,-10323.404999999999,-4236.93
-10331.46,-11560.904999999999,-21922.02,-6837.3,-61.65,-28837.575,-10314.72,-4289.264999999999
-10392.57,-11522.654999999999,-21849.39,-6593.49,224.95499999999998,-28677.6,-10269.675,-4429.755
-10406.115,-11451.375,-21640.094999999998,-6186.78,339.39,-28664.325,-10295.055,-4502.5199999999995
-10426.59,-11455.244999999999,-21553.335,-5998.995,363.69,-28707.66,-10348.47,-4550.985
-10429.289999999999,-11476.08,-21624.66,-6132.6449999999995,290.565,-28727.055,-10337.535,-4554.764999999999
-10385.414999999999,-11411.189999999999,-21577.905,-6170.49,234.405,-28704.645,-10303.244999999999,-4520.25
-10387.215,-11440.484999999999,-21626.91,-6243.21,230.98499999999999,-28624.95,-10289.97,-4498.965
-10415.52,-11453.67,-21649.77,-6335.865,269.325,-28618.515,-10288.08,-4530.24
-10393.02,-11428.92,-21606.255,-6213.42,439.245,-28619.1,-10294.47,-4518.405
-10341.315,-11371.904999999999,-21542.489999999998,-6115.59,404.145,-28665.629999999997,-10287.539999999999,-4450.545
-10329.795,-11388.6,-21602.43,-6224.085,209.475,-28693.53,-10262.789999999999,-4428.09
-10340.91,-11401.875,-21598.92,-6172.605,332.46,-28622.385,-10233.315,-4449.915
-10377.0,-11424.105,-21594.555,-6191.955,371.655,-28611.539999999997,-10225.755,-4480.605
-10394.595,-11442.779999999999,-21633.12,-6271.425,281.655,-28672.829999999998,-10241.505,-4499.505
-10377.18,-11420.685,-21638.61,-6241.005,275.21999999999997,-28664.594999999998,-10251.945,-4495.995
-10385.145,-11405.475,-21610.305,-6218.46,307.125,-28659.329999999998,-10265.625,-4504.995
-10391.4,-11425.095,-21653.145,-6296.264999999999,295.425,-28640.024999999998,-10266.435,-4510.889999999999
-10391.76,-11469.015,-21736.305,-6480.36,263.385,-28628.414999999997,-10257.435,-4508.37
-10392.93,-11439.449999999999,-21678.434999999998,-6413.67,275.49,-28627.379999999997,-10252.44,-4511.205
-10375.47,-11383.695,-21551.445,-6180.84,342.81,-28609.379999999997,-10246.365,-4502.34
-10364.355,-11393.279999999999,-21555.45,-6025.995,397.305,-28602.585,-10257.21,-4492.17
-10373.445,-11401.56,-21632.85,-6214.275,371.925,-28609.379999999997,-10272.824999999999,-4498.2
-10399.32,-11462.039999999999,-21760.29,-6460.155,233.01,-28655.594999999998,-10270.35,-4515.795
-10400.355,-11492.414999999999,-21756.78,-6386.535,233.19,-28643.895,-10255.275,-4516.065
-10390.05,-11457.99,-21700.079999999998,-6304.094999999999,273.24,-28621.89,-10260.99,-4507.74
-10390.5,-11438.369999999999,-21707.415,-6413.445,164.11499999999998,-28688.355,-10284.255,-4504.905
-10399.545,-11472.21,-21770.28,-6467.04,20.7,-28766.745,-10280.52,-4512.375
-10414.305,-11473.289999999999,-21722.219999999998,-6376.455,78.57,-28786.454999999998,-10309.725,-4531.7699999999995
-10395.99,-11415.15,-21579.39,-6277.41,225.17999999999998,-28656.36,-10297.845,-4528.304999999999
-10373.445,-11392.289999999999,-21635.594999999998,-6520.365,195.795,-28644.704999999998,-10276.965,-4511.34
-10394.73,-11440.395,-21756.915,-6677.009999999999,159.21,-28661.309999999998,-10260.315,-4525.965
-10457.19,-11506.859999999999,-21743.1,-6398.28,362.25,-28605.69,-10269.135,-4608.315
-10460.16,-11426.85,-21501.989999999998,-5962.7699999999995,463.68,-28625.805,-10325.025,-4689.405
-10411.695,-11306.835,-21437.864999999998,-6077.025,477.85499999999996,-28580.535,-10318.5,-4693.815
-10393.02,-11335.095,-21542.04,-6201.2699999999995,443.78999999999996,-28586.07,-10300.68,-4629.6449999999995
-10397.744999999999,-11407.455,-21564.045,-6052.05,378.18,-28616.175,-10269.494999999999,-4530.51
-10421.865,-11502.494999999999,-21592.079999999998,-6037.065,360.04499999999996,-28638.09,-10231.785,-4539.735
-10461.465,-11454.39,-21628.44,-6260.264999999999,414.945,-28582.289999999997,-10236.645,-4719.33
-10540.529999999999,-11440.71,-21655.26,-6400.62,251.05499999999998,-28677.285,-10293.705,-4743.855
-10497.06,-11510.279999999999,-21705.704999999998,-6311.79,194.89499999999998,-28708.289999999997,-10314.585,-4503.15
-10344.96,-11489.805,-21692.204999999998,-6189.344999999999,221.85,-28743.03,-10320.48,-4281.255
-10251.855,-11417.805,-21618.765,-6165.495,268.875,-28700.864999999998,-10285.47,-4253.04
-10369.89,-11455.92,-21661.739999999998,-6244.92,208.62,-28741.95,-10280.43,-4426.875
-10437.705,-11465.55,-21636.0,-6239.07,242.95499999999998,-28697.175,-10274.22,-4519.3949999999995
-10396.8,-11423.789999999999,-21587.805,-6171.48,332.28,-28636.649999999998,-10292.58,-4501.98
-10388.789999999999,-11430.494999999999,-21610.665,-6178.1849999999995,351.53999999999996,-28653.795,-10317.869999999999,-4501.755
-10378.305,-11420.64,-21583.44,-6179.355,351.71999999999997,-28638.045,-10245.105,-4467.825
-10377.045,-11413.89,-21572.73,-6169.365,370.395,-28600.379999999997,-10182.015,-4455.2699999999995
-10389.824999999999,-11433.33,-21603.69,-6185.5199999999995,374.53499999999997,-28580.489999999998,-10185.84,-4468.7699999999995
-10361.88,-11413.664999999999,-21614.445,-6221.79,326.655,-28613.61,-10283.67,-4494.0599999999995
-10363.77,-11408.49,-21620.655,-6244.11,282.465,-28646.864999999998,-10336.455,-4521.6449999999995
-10372.5,-11375.505,-21569.895,-6199.785,325.215,-28633.004999999997,-10330.02,-4554.09
-10452.33,-11398.365,-21582.225,-6197.445,306.27,-28621.575,-10314.404999999999,-4678.47
-10468.845,-11396.52,-21573.855,-6194.07,211.59,-28646.325,-10270.664999999999,-4709.745
-10502.414999999999,-11476.574999999999,-21688.335,-6336.719999999999,70.425,-28725.254999999997,-10234.08,-4628.7
-10375.154999999999,-11499.975,-21774.555,-6471.63,97.60499999999999,-28766.879999999997,-10251.359999999999,-4363.425
-10330.289999999999,-11517.39,-21865.454999999998,-6627.554999999999,218.295,-28681.11,-10240.154999999999,-4311.54
-10374.57,-11524.814999999999,-21935.114999999998,-6760.44,226.575,-28627.605,-10217.654999999999,-4399.83
-10387.935,-11483.145,-21784.59,-6534.855,233.54999999999998,-28639.664999999997,-10217.16,-4446.54
-10398.375,-11452.14,-21602.565,-6212.925,242.01,-28700.28,-10257.255,-4482.09
-10399.41,-11422.529999999999,-21502.395,-5978.34,354.10499999999996,-28638.539999999997,-10261.619999999999,-4498.965
-10396.125,-11443.725,-21582.405,-6112.17,363.10499999999996,-28582.515,-10238.984999999999,-4492.665
-10407.33,-11495.34,-21743.055,-6397.38,213.29999999999998,-28648.754999999997,-10252.529999999999,-4502.655
-10406.925,-11497.545,-21817.17,-6506.639999999999,181.98,-28686.69,-10258.38,-4505.8949999999995
-10408.185,-11460.375,-21737.204999999998,-6387.705,296.055,-28655.954999999998,-10253.52,-4511.07
-10392.39,-11423.295,-21613.364999999998,-6344.639999999999,335.52,-28648.8,-10263.195,-4507.065
-10380.824999999999,-11460.914999999999,-21735.09,-6537.599999999999,244.98,-28625.895,-10248.3,-4493.205
-10397.835,-11480.445,-21771.09,-6474.105,158.48999999999998,-28637.684999999998,-10247.22,-4503.69
-10401.39,-11440.529999999999,-21635.594999999998,-6258.014999999999,99.405,-28702.754999999997,-10282.904999999999,-4517.955
-10385.324999999999,-11403.225,-21512.745,-6061.815,126.13499999999999,-28760.129999999997,-10302.48,-4514.985
-10387.26,-11400.39,-21569.489999999998,-6160.005,238.635,-28702.305,-10275.84,-4510.845
-10395.765,-11421.945,-21634.29,-6256.53,360.9,-28641.825,-10263.69,-4518.855
-10403.55,-11434.275,-21608.505,-6178.094999999999,478.34999999999997,-28572.434999999998,-10246.725,-4524.48
-10388.16,-11425.365,-21562.829999999998,-6072.389999999999,429.21,-28593.765,-10244.654999999999,-4510.26
-10403.145,-11426.039999999999,-21589.245,-6166.53,323.505,-28609.605,-10240.74,-4514.94
