ch0,ch1,ch2,ch3,ch4,ch5,ch6,ch7
-9774.855,-11285.414999999999,-21287.34,-5886.045,600.2099999999999,-27910.44,-11224.845,-4587.345
-9763.289999999999,-11253.645,-21244.32,-5843.385,613.5749999999999,-27774.945,-11152.305,-4591.08
-9759.555,-11235.645,-21217.05,-5783.13,645.66,-27787.68,-11146.41,-4592.295
-9733.095,-11219.67,-21189.78,-5778.045,627.03,-27942.93,-11182.365,-4563.72
-9737.595,-11265.074999999999,-21226.86,-5858.91,432.315,-27931.364999999998,-11159.595,-4552.695
-9760.68,-11309.31,-21338.73,-6127.065,98.91,-28063.44,-11187.765,-4577.3099999999995
-9786.779999999999,-11287.26,-21324.735,-6189.344999999999,140.22,-28068.84,-11184.93,-4604.04
-9804.105,-11326.68,-21404.969999999998,-6199.469999999999,286.245,-27939.239999999998,-11175.435,-4624.5599999999995
-9796.365,-11273.22,-21310.965,-5914.08,533.52,-27809.684999999998,-11180.295,-4641.615
-9831.24,-11324.295,-21299.265,-5875.83,402.885,-27769.86,-11170.845,-4664.205
-9800.01,-11344.725,-21354.3,-5937.12,429.435,-27848.024999999998,-11180.475,-4631.58
-9777.96,-11300.939999999999,-21276.315,-5889.69,623.8349999999999,-27831.329999999998,-11163.689999999999,-4598.91
-9724.32,-11202.345,-21169.755,-5826.87,493.91999999999996,-27990.27,-11111.895,-4536.63
-9707.175,-11186.01,-21163.635,-5858.1449999999995,230.89499999999998,-28062.719999999998,-11118.06,-4538.115
-9768.375,-11264.22,-21205.125,-5847.12,356.03999999999996,-27968.219999999998,-11129.805,-4615.38
-9765.359999999999,-11252.654999999999,-21179.565,-5739.255,763.56,-27848.34,-11125.619999999999,-4618.8
-9737.145,-11200.545,-21160.844999999998,-5689.3949999999995,864.135,-27768.555,-11076.029999999999,-4578.389999999999
-9751.05,-11209.455,-21197.295,-5807.835,748.845,-27766.305,-11064.33,-4611.465
-9805.23,-11222.82,-21209.895,-5880.375,621.765,-27780.84,-11057.31,-4707.36
-9813.869999999999,-11220.57,-21212.1,-5879.745,502.245,-27851.399999999998,-11076.57,-4741.83
-9737.055,-11194.064999999999,-21153.69,-5773.59,492.16499999999996,-27921.645,-11116.845,-4636.304999999999
-9667.17,-11220.84,-21176.415,-5754.69,519.885,-27939.239999999998,-11131.74,-4484.34
-9758.744999999999,-11261.115,-21205.215,-5779.349999999999,576.9449999999999,-27899.19,-11111.715,-4581.405
-9760.095,-11209.68,-21164.355,-5740.695,627.48,-27819.765,-11101.635,-4633.065
-9847.98,-11256.48,-21221.73,-5849.46,552.24,-27856.079999999998,-11108.654999999999,-4734.224999999999
-9861.074999999999,-11298.015,-21287.88,-5969.025,443.29499999999996,-27911.204999999998,-11100.33,-4706.955
-9803.88,-11304.539999999999,-21310.29,-5993.19,357.79499999999996,-27967.14,-11077.74,-4593.599999999999
-9760.005,-11334.645,-21358.755,-6029.865,312.47999999999996,-28031.399999999998,-11095.83,-4499.054999999999
-9728.55,-11291.039999999999,-21309.524999999998,-5935.86,400.22999999999996,-27995.94,-11087.955,-4501.9349999999995
-9750.285,-11288.07,-21291.3,-5893.245,386.01,-27995.489999999998,-11104.335,-4553.639999999999
-9806.895,-11376.27,-21373.02,-6064.155,127.30499999999999,-28084.905,-11134.619999999999,-4594.86
-9819.494999999999,-11349.27,-21326.13,-6075.99,108.49499999999999,-27971.64,-11134.619999999999,-4647.96
-9847.215,-11329.064999999999,-21338.82,-6103.62,153.98999999999998,-27897.524999999998,-11153.654999999999,-4708.889999999999
-9841.14,-11387.115,-21463.92,-6288.03,290.15999999999997,-28029.78,-11132.82,-4698.495
-9771.029999999999,-11328.885,-21432.149999999998,-6275.745,365.03999999999996,-28161.18,-11152.664999999999,-4600.889999999999
-9692.145,-11187.27,-21217.77,-5922.405,584.235,-27988.289999999997,-11083.635,-4495.1849999999995
-9692.055,-11183.22,-21143.34,-5642.19,807.165,-27760.23,-10997.685,-4489.155
-9736.83,-11230.244999999999,-21158.82,-5724.495,612.18,-27806.895,-10990.35,-4520.295
-9749.295,-11282.58,-21217.23,-5751.495,494.90999999999997,-27897.075,-11024.145,-4529.205
-9758.789999999999,-11335.05,-21312.36,-5864.445,356.445,-28043.504999999997,-11079.404999999999,-4543.245
-9780.93,-11286.09,-21294.495,-5933.34,380.925,-27967.995,-11062.89,-4579.5599999999995
-9788.265,-11270.43,-21276.719999999998,-5867.46,553.995,-27873.539999999997,-11024.73,-4592.565
-9741.779999999999,-11269.98,-21254.13,-5729.804999999999,713.16,-27899.01,-11006.279999999999,-4548.105
-9731.205,-11193.074999999999,-21137.219999999998,-5790.0599999999995,652.365,-27890.414999999997,-10986.255,-4549.455
-9747.72,-11220.029999999999,-21197.43,-5926.905,553.005,-27894.87,-10996.515,-4566.78
-9753.39,-11271.42,-21292.739999999998,-5956.2,519.84,-27882.585,-11003.49,-4568.58
-9766.619999999999,-11271.42,-21241.35,-5817.33,518.625,-27918.045,-11019.555,-4585.815
-9753.48,-11227.005,-21156.39,-5737.724999999999,531.4499999999999,-27893.34,-11014.74,-4585.23
-9739.215,-11253.824999999999,-21245.67,-5862.33,440.19,-27933.03,-10997.865,-4568.715
-9752.49,-11272.68,-21291.795,-6019.92,196.065,-28013.94,-11006.505,-4576.275
-9756.945,-11253.869999999999,-21310.785,-6127.245,127.035,-28030.995,-11027.25,-4590.764999999999
-9789.705,-11297.654999999999,-21355.38,-6081.885,408.645,-27943.155,-11021.85,-4612.455
-9753.119999999999,-11245.904999999999,-21268.8,-6029.594999999999,518.085,-27951.57,-11032.965,-4594.365
-9757.395,-11281.68,-21344.625,-6081.48,350.775,-27958.77,-11024.73,-4604.13
-9818.055,-11361.869999999999,-21412.305,-6003.8099999999995,364.275,-27910.17,-11018.744999999999,-4648.365
-9803.295,-11283.975,-21193.785,-5661.99,665.8199999999999,-27876.69,-11021.895,-4646.655
-9737.64,-11207.205,-21056.76,-5519.5199999999995,784.0799999999999,-27897.75,-11009.115,-4582.304999999999
-9774.045,-11282.355,-21175.065,-5646.014999999999,749.16,-27807.57,-10973.07,-4615.47
-9802.71,-11275.289999999999,-21213.719999999998,-5792.8949999999995,589.5,-27869.94,-10978.74,-4633.74
-9799.065,-11226.869999999999,-21212.01,-5879.655,444.28499999999997,-28001.34,-11033.91,-4645.304999999999
-9794.34,-11250.539999999999,-21188.114999999998,-5812.514999999999,505.08,-27961.559999999998,-11044.574999999999,-4681.62
-9778.365,-11252.52,-21245.309999999998,-5874.795,415.66499999999996,-27975.69,-11010.24,-4687.92
-9751.005,-11185.244999999999,-21199.32,-5889.195,424.755,-27903.645,-10933.289999999999,-4621.86
-9773.73,-11232.945,-21226.23,-5926.7699999999995,469.71,-27897.975,-10921.77,-4568.76
-9810.765,-11332.529999999999,-21337.785,-5984.6849999999995,364.185,-27911.295,-10950.029999999999,-4571.82
-9821.654999999999,-11341.08,-21350.114999999998,-6003.54,288.45,-27932.579999999998,-11011.994999999999,-4616.28
-9822.645,-11333.744999999999,-21358.665,-5931.09,503.37,-27894.645,-10982.295,-4661.415
-9746.685,-11246.85,-21290.489999999998,-5930.28,530.91,-28003.995,-11011.635,-4627.215
-9739.35,-11223.81,-21239.954999999998,-5872.545,551.745,-27936.045,-10972.619999999999,-4594.7699999999995
-9782.145,-11266.38,-21224.745,-5833.575,571.905,-27868.95,-10934.595,-4601.7
-9808.47,-11294.685,-21247.065,-5863.635,510.29999999999995,-27956.52,-10987.47,-4653.224999999999
-9792.72,-11239.47,-21141.18,-5722.425,600.48,-27915.39,-10991.654999999999,-4625.235
-9667.529999999999,-11184.255,-21161.34,-5782.32,555.93,-27931.14,-10962.675,-4461.03
-9660.96,-11222.369999999999,-21236.219999999998,-5875.38,490.185,-27934.245,-10920.15,-4425.66
-9743.67,-11315.115,-21316.68,-5957.82,446.805,-27930.105,-10917.18,-4513.23
-9779.984999999999,-11299.68,-21298.364999999998,-5965.92,474.885,-27920.52,-10910.475,-4579.83
-9821.609999999999,-11317.23,-21324.555,-5959.485,514.665,-27891.855,-10911.465,-4642.245
-9808.425,-11353.32,-21406.32,-5966.775,476.59499999999997,-27949.23,-10945.89,-4625.6849999999995
-9770.31,-11299.994999999999,-21341.88,-5979.15,370.97999999999996,-28032.12,-10979.865,-4554.179999999999
-9778.949999999999,-11322.27,-21308.715,-5963.804999999999,334.395,-28040.625,-11002.994999999999,-4564.08
-9804.465,-11362.005,-21369.96,-5999.3099999999995,312.93,-28004.535,-10972.08,-4628.115
-9833.265,-11288.654999999999,-21262.14,-5947.74,369.04499999999996,-27977.129999999997,-10950.93,-4681.304999999999
-9799.695,-11234.609999999999,-21243.42,-5905.215,416.43,-27960.75,-10947.914999999999,-4664.5199999999995
-9791.19,-11327.58,-21401.505,-6051.465,383.03999999999996,-27979.335,-10972.35,-4603.995
-9786.33,-11337.57,-21379.41,-6138.63,366.79499999999996,-28062.539999999997,-11007.404999999999,-4548.6449999999995
-9797.13,-11319.435,-21321.54,-6046.2,415.755,-28146.914999999997,-11034.045,-4572.315
-9747.404999999999,-11270.97,-21271.41,-5866.0199999999995,409.85999999999996,-28102.004999999997,-10984.005,-4552.38
-9763.289999999999,-11317.14,-21304.035,-5907.87,196.245,-28072.8,-10974.555,-4564.665
-9787.59,-11350.89,-21345.84,-6054.974999999999,157.68,-27946.754999999997,-10932.48,-4584.195
-9781.47,-11313.18,-21367.35,-6084.764999999999,386.64,-27866.52,-10917.539999999999,-4590.135
-9744.119999999999,-11203.289999999999,-21194.1,-5843.429999999999,617.895,-27972.989999999998,-10933.244999999999,-4576.365
-9740.925,-11189.475,-21147.93,-5815.62,564.885,-27976.905,-10932.975,-4576.095
-9799.92,-11298.779999999999,-21276.945,-5899.59,450.63,-27931.32,-10911.105,-4608.54
-9809.73,-11303.595,-21265.065,-5818.275,541.0799999999999,-27966.239999999998,-10935.945,-4627.71
-9785.925,-11243.789999999999,-21205.44,-5797.3949999999995,583.47,-27978.164999999997,-10959.93,-4618.44
-9804.105,-11268.09,-21243.6,-5880.554999999999,525.645,-27918.675,-10937.97,-4630.86
-9779.49,-11294.369999999999,-21292.875,-5918.804999999999,503.90999999999997,-27892.35,-10935.359999999999,-4614.3
-9727.83,-11202.435,-21201.03,-5828.58,573.84,-27855.09,-10890.945,-4598.415
-9711.539999999999,-11184.795,-21184.92,-5795.775,544.05,-27837.495,-10783.08,-4573.3949999999995
-9695.52,-11149.199999999999,-21113.594999999998,-5774.04,437.76,-27907.469999999998,-10845.135,-4578.345
-9706.005,-11134.395,-21075.795,-5749.5599999999995,491.445,-27883.35,-10899.585,-4587.12
-9775.305,-11236.994999999999,-21212.82,-5867.955,558.0,-27847.754999999997,-10882.89,-4623.615
-9848.25,-11333.699999999999,-21308.355,-5958.405,528.345,-27944.145,-10922.939999999999,-4663.53
-9834.39,-11399.625,-21440.745,-6086.429999999999,369.135,-28126.215,-10970.595,-4678.11
-9867.645,-11385.494999999999,-21434.535,-6066.63,336.645,-28071.899999999998,-10944.9,-4690.665
-9842.22,-11333.25,-21302.91,-5887.98,469.215,-27920.43,-10898.279999999999,-4622.264999999999
-9774.27,-11265.84,-21207.69,-5798.385,525.015,-27877.995,-10889.1,-4586.804999999999
-9793.8,-11270.25,-21211.29,-5811.48,503.28,-27969.57,-10965.015,-4651.74
-9790.965,-11226.285,-21204.18,-5877.0,553.68,-27950.265,-10972.395,-4699.665
-9807.255,-11272.23,-21279.51,-5978.79,478.89,-27944.28,-10926.63,-4643.955
-9773.73,-11347.109999999999,-21381.795,-6076.035,286.065,-28027.215,-10871.865,-4526.415
-9765.404999999999,-11294.595,-21285.719999999998,-5900.4,422.01,-27973.305,-10841.67,-4564.26
-9759.555,-11259.675,-21249.045,-5833.98,469.03499999999997,-27934.425,-10848.869999999999,-4603.995
-9812.565,-11265.705,-21261.51,-5921.775,336.06,-28000.844999999998,-10904.22,-4666.23
-9798.435,-11277.404999999999,-21240.899999999998,-5855.67,381.015,-28016.37,-10948.814999999999,-4612.32
-9781.065,-11366.055,-21363.84,-5930.235,401.805,-28131.524999999998,-10986.39,-4573.755
-9790.289999999999,-11328.3,-21330.045,-5922.945,428.625,-28098.629999999997,-10941.93,-4560.389999999999
-9792.449999999999,-11277.99,-21235.23,-5889.735,549.765,-27998.19,-10889.595,-4585.23
-9802.89,-11254.32,-21241.665,-5960.969999999999,493.245,-27977.445,-10879.92,-4617.405
-9756.9,-11259.359999999999,-21317.265,-6037.514999999999,369.585,-28016.145,-10931.49,-4583.295
-9778.994999999999,-11302.064999999999,-21348.765,-6021.405,395.775,-27994.14,-10961.82,-4588.38
-9791.595,-11352.465,-21400.2,-6090.344999999999,271.03499999999997,-28009.8,-10885.365,-4567.86
-9794.97,-11346.93,-21427.38,-6133.05,125.91,-28109.52,-10832.984999999999,-4561.875
-9789.705,-11355.48,-21400.515,-6070.455,167.76,-28169.28,-10902.42,-4586.264999999999
-9797.85,-11289.914999999999,-21243.195,-5861.745,481.95,-28008.045,-10918.35,-4599.675
-9747.494999999999,-11186.414999999999,-21130.02,-5714.73,716.9399999999999,-27902.07,-10874.385,-4561.155
-9753.21,-11239.515,-21218.355,-5785.0199999999995,706.41,-27856.89,-10853.955,-4568.49
-9804.779999999999,-11316.555,-21314.204999999998,-5925.915,539.9549999999999,-27817.965,-10837.664999999999,-4634.865
-9887.805,-11384.369999999999,-21376.17,-6069.42,403.245,-27894.465,-10871.865,-4707.54
-9878.895,-11372.939999999999,-21346.29,-6030.99,454.14,-27953.37,-10902.195,-4693.905
-9794.88,-11282.265,-21227.579999999998,-5871.6449999999995,503.055,-27979.155,-10900.215,-4566.42
-9713.205,-11241.225,-21190.454999999998,-5830.785,427.32,-28026.719999999998,-10892.699999999999,-4487.94
-9723.375,-11245.14,-21224.295,-5877.405,395.28,-28005.795,-10862.73,-4511.655
-9754.335,-11325.555,-21396.329999999998,-6034.995,374.58,-27995.85,-10842.615,-4544.865
-9779.76,-11300.67,-21358.53,-5998.139999999999,432.81,-28003.094999999998,-10886.22,-4594.86
-9763.335,-11225.205,-21191.265,-5788.3949999999995,577.17,-27978.3,-10905.84,-4601.655
-9772.244999999999,-11214.855,-21149.1,-5736.735,594.855,-27984.285,-10900.98,-4605.389999999999
-9805.23,-11276.82,-21244.545,-5880.69,501.75,-27961.155,-10869.57,-4628.97
-9816.57,-11340.449999999999,-21365.055,-6028.514999999999,411.12,-27946.53,-10868.039999999999,-4630.724999999999
-9809.279999999999,-11336.805,-21329.864999999998,-5943.78,482.21999999999997,-27901.754999999997,-10854.359999999999,-4608.63
-9804.015,-11277.18,-21217.094999999998,-5792.804999999999,581.67,-27887.805,-10809.18,-4607.91
-9753.705,-11188.08,-21128.265,-5756.13,537.21,-27915.84,-10820.835,-4585.32
-9736.65,-11199.914999999999,-21159.315,-5782.5,511.38,-27906.66,-10815.525,-4567.815
-9722.34,-11207.34,-21196.395,-5804.28,546.21,-27891.225,-10806.795,-4583.474999999999
-9726.029999999999,-11205.9,-21175.875,-5793.48,509.35499999999996,-27898.515,-10818.72,-4606.92
-9720.585,-11266.02,-21299.579999999998,-5964.75,290.52,-27982.53,-10835.055,-4580.054999999999
-9782.64,-11359.035,-21417.165,-6102.495,270.63,-28030.995,-10856.609999999999,-4557.105
-9794.295,-11315.789999999999,-21330.989999999998,-6016.365,391.995,-28019.969999999998,-10880.414999999999,-4571.19
-9794.205,-11313.63,-21327.84,-5986.53,257.76,-28078.785,-10896.074999999999,-4586.94
-9802.035,-11321.324999999999,-21320.774999999998,-5979.375,234.35999999999999,-28096.289999999997,-10893.285,-4613.94
-9834.525,-11324.34,-21345.39,-6061.905,323.145,-28049.265,-10875.555,-4636.349999999999
-9814.994999999999,-11329.289999999999,-21364.695,-6029.46,473.76,-28003.86,-10903.814999999999,-4612.905
-9805.545,-11274.119999999999,-21275.37,-5967.719999999999,471.33,-28062.539999999997,-10931.039999999999,-4620.69
-9851.984999999999,-11303.865,-21277.71,-5960.835,496.215,-28012.364999999998,-10890.63,-4667.04
-9840.869999999999,-11356.785,-21384.27,-6111.63,418.54499999999996,-27878.895,-10854.72,-4646.655
-9788.265,-11316.96,-21362.04,-6098.804999999999,355.14,-27883.44,-10850.625,-4617.9
-9799.425,-11304.855,-21273.434999999998,-5893.245,522.135,-27941.76,-10859.4,-4651.38
-9804.555,-11265.615,-21202.829999999998,-5679.495,663.93,-27862.2,-10790.055,-4672.98
-9835.244999999999,-11207.699999999999,-21134.16,-5694.48,509.895,-27890.414999999997,-10764.18,-4700.34
-9853.244999999999,-11296.619999999999,-21292.245,-5944.815,251.45999999999998,-28028.789999999997,-10868.13,-4691.429999999999
-9812.744999999999,-11299.725,-21335.805,-5934.15,425.43,-27990.45,-10866.779999999999,-4610.97
-9751.68,-11320.74,-21327.66,-5972.445,512.145,-27980.864999999998,-10847.43,-4479.75
-9723.42,-11276.369999999999,-21262.41,-5862.69,596.5649999999999,-27916.289999999997,-10808.279999999999,-4482.9
-9742.815,-11253.42,-21235.364999999998,-5852.88,546.12,-27937.305,-10797.345,-4527.54
-9728.955,-11227.77,-21206.024999999998,-5826.69,518.85,-27985.995,-10822.635,-4521.554999999999
-9760.635,-11243.115,-21184.469999999998,-5805.63,498.51,-27964.575,-10821.015,-4566.014999999999
-9746.64,-11240.955,-21222.585,-5828.8949999999995,489.06,-27930.329999999998,-10824.84,-4571.595
-9755.505,-11280.96,-21237.75,-5822.955,496.26,-27895.094999999998,-10818.09,-4573.9349999999995
-9812.205,-11288.744999999999,-21244.545,-5913.855,469.26,-27927.18,-10831.455,-4629.51
-9824.805,-11306.16,-21293.91,-6011.865,436.85999999999996,-27967.635,-10837.71,-4651.695
-9836.055,-11289.869999999999,-21269.34,-5927.445,512.145,-27945.989999999998,-10828.755,-4691.7
-9887.625,-11344.455,-21276.719999999998,-5805.179999999999,565.74,-27906.885,-10825.695,-4758.075
-9910.935,-11294.595,-21230.235,-5768.28,541.035,-27909.225,-10836.99,-4767.525
-9875.295,-11307.869999999999,-21266.954999999998,-5888.745,432.405,-27976.14,-10870.064999999999,-4662.045
-9717.795,-11310.885,-21346.335,-6035.3099999999995,248.625,-28069.965,-10847.52,-4468.095
-9675.494999999999,-11255.445,-21292.155,-6009.3,250.92,-28042.695,-10817.55,-4491.54
-9733.365,-11260.215,-21276.63,-5951.5199999999995,355.09499999999997,-28014.12,-10825.92,-4583.655
-9783.855,-11322.045,-21313.575,-5938.785,492.705,-27936.989999999998,-10821.105,-4596.4349999999995
-9814.14,-11325.51,-21308.895,-5902.0199999999995,542.97,-27905.76,-10836.18,-4577.8949999999995
-9790.02,-11257.695,-21236.94,-5865.974999999999,512.865,-27962.73,-10866.33,-4609.889999999999
-9796.725,-11232.72,-21194.864999999998,-5860.844999999999,542.97,-27961.289999999997,-10831.095,-4710.96
-9832.815,-11228.535,-21223.89,-5932.62,446.21999999999997,-27954.539999999997,-10793.205,-4754.565
-9825.57,-11246.355,-21234.105,-5941.125,345.465,-28002.239999999998,-10817.55,-4683.69
-9739.44,-11278.619999999999,-21290.67,-5865.03,534.105,-27956.52,-10818.72,-4494.15
-9681.615,-11248.74,-21334.995,-5931.99,483.435,-28048.59,-10848.195,-4438.845
-9719.73,-11251.935,-21325.59,-5971.005,458.055,-28066.05,-10871.82,-4525.695
-9762.255,-11273.49,-21280.815,-5962.5,484.91999999999996,-27989.91,-10826.145,-4559.58
-9825.84,-11378.609999999999,-21349.755,-6014.07,405.675,-27939.78,-10794.779999999999,-4579.92
-9805.725,-11336.625,-21302.64,-5951.88,459.585,-27937.26,-10768.14,-4543.38
-9773.01,-11257.02,-21206.52,-5807.655,533.835,-27885.329999999998,-10791.135,-4562.595
-9796.05,-11334.375,-21367.395,-5972.625,322.695,-27946.844999999998,-10827.72,-4596.705
-9821.43,-11342.07,-21424.005,-6129.179999999999,322.11,-27977.85,-10861.335,-4607.955
-9824.85,-11367.225,-21433.545,-6153.525,408.59999999999997,-27988.559999999998,-10864.125,-4607.595
-9790.515,-11318.22,-21389.445,-6108.12,405.71999999999997,-28048.77,-10816.425,-4573.8
-9808.83,-11326.095,-21307.005,-5902.38,448.02,-28054.17,-10806.93,-4594.275
-9796.949999999999,-11312.189999999999,-21224.43,-5727.42,514.305,-27997.605,-10789.605,-4596.885
-9811.44,-11325.689999999999,-21278.7,-5816.655,444.51,-28027.395,-10783.755,-4603.275
-9801.225,-11267.324999999999,-21259.44,-5896.125,441.35999999999996,-27989.73,-10805.895,-4601.474999999999
-9797.13,-11268.945,-21203.19,-5820.615,528.3,-27929.16,-10795.77,-4598.415
-9793.755,-11284.695,-21256.695,-5866.5599999999995,544.4549999999999,-27919.305,-10802.88,-4597.245
-9809.595,-11314.215,-21314.7,-5986.125,379.755,-27979.335,-10820.654999999999,-4613.04
-9803.115,-11296.35,-21303.719999999998,-5980.05,265.635,-28046.969999999998,-10831.904999999999,-4614.389999999999
-9817.109999999999,-11286.225,-21280.41,-5946.974999999999,314.235,-28005.344999999998,-10828.529999999999,-4625.099999999999
-9824.67,-11292.75,-21235.95,-5868.54,485.09999999999997,-27933.434999999998,-10817.64,-4632.345
-9803.52,-11281.455,-21218.355,-5785.83,587.295,-27927.855,-10790.1,-4614.929999999999
-9769.32,-11257.154999999999,-21215.34,-5795.01,561.51,-27924.48,-10760.715,-4579.695
-9751.32,-11242.935,-21225.239999999998,-5849.594999999999,478.34999999999997,-27972.18,-10795.23,-4573.62
-9785.744999999999,-11259.314999999999,-21239.325,-5896.44,443.88,-28048.59,-10825.92,-4613.355
-9812.654999999999,-11309.355,-21276.18,-5907.915,450.71999999999997,-28035.0,-10822.68,-4640.8949999999995
-9815.265,-11290.23,-21255.795,-5895.585,469.48499999999996,-27987.03,-10859.85,-4651.0199999999995
-9795.779999999999,-11306.475,-21329.954999999998,-5945.94,455.445,-27936.09,-10808.1,-4612.23
-9749.97,-11263.68,-21262.184999999998,-5873.94,492.65999999999997,-27867.96,-10753.56,-4558.545
-9766.664999999999,-11270.385,-21244.545,-5884.11,455.13,-27924.704999999998,-10761.3,-4572.36
-9807.93,-11263.455,-21246.39,-5921.19,462.28499999999997,-27963.09,-10778.13,-4626.179999999999
-9853.109999999999,-11272.365,-21243.915,-5899.05,508.77,-27976.364999999998,-10808.775,-4676.04
-9821.07,-11286.09,-21257.37,-5875.605,480.06,-28006.2,-10820.835,-4639.95
-9719.145,-11237.175,-21232.89,-5842.035,474.525,-27975.285,-10789.965,-4550.715
-9723.285,-11201.175,-21177.495,-5776.83,578.115,-27849.015,-10739.88,-4621.365
-9790.38,-11255.895,-21218.04,-5806.44,625.4549999999999,-27795.195,-10704.24,-4691.655
-9841.994999999999,-11309.939999999999,-21345.84,-6004.17,513.9449999999999,-27921.015,-10803.6,-4660.425
-9848.52,-11412.585,-21493.844999999998,-6185.205,260.82,-28126.079999999998,-10900.845,-4587.389999999999
-9843.48,-11412.539999999999,-21454.38,-6077.25,194.17499999999998,-28181.969999999998,-10914.57,-4581.045
-9805.68,-11269.98,-21240.27,-5866.5599999999995,354.10499999999996,-28083.87,-10850.4,-4616.054999999999
-9816.57,-11280.555,-21227.085,-5893.38,413.145,-27922.68,-10792.215,-4646.115
-9831.24,-11309.76,-21279.915,-5931.675,530.865,-27861.48,-10782.855,-4671.405
-9781.65,-11228.085,-21246.614999999998,-5941.9349999999995,420.21,-27994.454999999998,-10798.74,-4610.835
-9760.095,-11291.76,-21323.925,-5956.425,363.33,-28051.605,-10779.795,-4519.8
-9816.93,-11375.82,-21370.05,-6001.514999999999,380.07,-28049.625,-10751.039999999999,-4562.73
-9869.4,-11416.365,-21449.43,-6205.32,302.76,-28093.274999999998,-10778.445,-4639.32
-9828.945,-11315.115,-21362.579999999998,-6109.514999999999,417.15,-28043.235,-10817.505,-4625.595
-9763.74,-11279.07,-21335.94,-6059.07,483.12,-27932.085,-10773.18,-4543.155
-9808.065,-11304.539999999999,-21366.0,-6112.889999999999,299.115,-27973.215,-10793.115,-4599.36
-9839.88,-11360.025,-21406.995,-6008.264999999999,280.34999999999997,-27996.254999999997,-10834.38,-4640.76
-9833.039999999999,-11308.23,-21237.39,-5818.59,473.31,-27981.135,-10816.83,-4640.445
-9778.14,-11273.265,-21185.73,-5763.6449999999995,549.585,-28013.219999999998,-10787.805,-4565.115
-9735.705,-11256.119999999999,-21238.11,-5822.19,481.68,-27998.954999999998,-10769.039999999999,-4515.21
-9742.635,-11266.244999999999,-21310.38,-5940.495,362.25,-27961.875,-10763.324999999999,-4527.2699999999995
-9775.755,-11270.789999999999,-21284.235,-5919.12,406.03499999999997,-27965.16,-10800.765,-4567.365
-9806.13,-11291.49,-21258.809999999998,-5871.15,546.12,-27903.465,-10772.91,-4587.66
-9829.44,-11342.43,-21261.69,-5820.885,621.225,-27934.289999999997,-10775.699999999999,-4602.554999999999
-9802.89,-11338.154999999999,-21295.35,-5812.695,539.28,-28000.664999999997,-10786.5,-4588.11
-9780.21,-11325.015,-21353.489999999998,-5888.61,471.555,-27971.82,-10778.13,-4576.095
-9800.055,-11276.055,-21286.17,-5902.875,476.37,-27906.614999999998,-10754.46,-4592.5199999999995
-9824.355,-11333.115,-21304.079999999998,-5964.12,409.09499999999997,-27947.565,-10756.529999999999,-4608.72
-9819.81,-11338.92,-21321.855,-5971.41,425.07,-27969.344999999998,-10766.07,-4611.33
-9793.529999999999,-11293.064999999999,-21280.364999999998,-5947.425,456.3,-27983.969999999998,-10780.244999999999,-4605.03
-9773.775,-11272.32,-21283.335,-5953.005,338.66999999999996,-27981.405,-10781.505,-4595.49
-9762.795,-11241.81,-21231.989999999998,-5888.205,245.97,-28013.94,-10783.26,-4613.804999999999
-9825.84,-11267.955,-21254.489999999998,-5887.844999999999,362.925,-27983.475,-10778.94,-4688.01
-9869.94,-11248.65,-21178.17,-5798.16,635.175,-27896.445,-10773.81,-4723.065
-9821.295,-11257.289999999999,-21202.649999999998,-5785.875,687.87,-27939.105,-10790.055,-4639.41
-9819.045,-11265.164999999999,-21230.55,-5872.455,537.3,-27976.184999999998,-10808.775,-4647.24
-9877.23,-11279.475,-21256.29,-5928.255,485.145,-27981.989999999998,-10788.615,-4754.655
-9927.9,-11305.08,-21282.48,-5928.525,494.01,-27950.039999999997,-10804.5,-4859.505
-9911.925,-11330.369999999999,-21302.145,-5891.355,512.055,-27917.91,-10813.904999999999,-4808.5199999999995
-9830.07,-11319.029999999999,-21296.07,-5926.32,449.90999999999997,-27981.315,-10819.26,-4588.605
-9738.9,-11298.645,-21308.219999999998,-6006.195,413.01,-28026.719999999998,-10822.095,-4455.2699999999995
-9735.164999999999,-11273.895,-21286.44,-5988.96,420.435,-27981.629999999997,-10776.645,-4480.29
-9746.369999999999,-11264.31,-21261.329999999998,-5908.545,435.06,-27939.015,-10719.63,-4529.5199999999995
-9744.255,-11261.385,-21222.0,-5823.224999999999,456.21,-27910.17,-10690.83,-4545.2699999999995
-9734.265,-11242.574999999999,-21271.59,-5929.514999999999,461.565,-27942.57,-10741.365,-4608.8099999999995
-9765.72,-11250.72,-21297.195,-6055.065,421.875,-28058.355,-10801.215,-4642.2
-9782.91,-11275.154999999999,-21259.395,-5932.755,477.405,-28093.77,-10797.795,-4590.63
-9814.005,-11337.48,-21288.555,-5833.575,475.245,-28015.92,-10751.445,-4504.095
-9804.15,-11333.789999999999,-21296.34,-5922.719999999999,408.28499999999997,-27932.489999999998,-10729.215,-4490.1449999999995
-9829.755,-11366.73,-21376.844999999998,-6036.344999999999,345.28499999999997,-27961.605,-10750.59,-4571.639999999999
-9840.645,-11398.68,-21441.51,-6022.889999999999,318.06,-28032.12,-10776.645,-4617.99
-9828.315,-11329.605,-21295.26,-5902.469999999999,352.84499999999997,-28033.245,-10768.32,-4632.929999999999
-9835.965,-11306.025,-21289.68,-5923.62,406.97999999999996,-28017.36,-10792.395,-4656.465
-9874.619999999999,-11284.47,-21243.059999999998,-5870.16,520.785,-27958.905,-10787.715,-4691.745
-9860.85,-11270.97,-21232.079999999998,-5912.19,470.07,-27994.32,-10780.244999999999,-4688.595
-9823.815,-11323.125,-21304.575,-5963.219999999999,465.12,-27966.105,-10759.005,-4589.505
-9754.83,-11322.09,-21345.344999999998,-5968.889999999999,446.805,-27938.25,-10731.375,-4484.115
-9771.345,-11291.58,-21272.579999999998,-5908.139999999999,405.315,-27963.675,-10732.23,-4529.16
-9786.465,-11297.295,-21276.27,-5915.835,400.68,-27996.795,-10751.445,-4577.67
-9777.734999999999,-11306.699999999999,-21296.835,-5879.205,551.385,-27965.204999999998,-10770.21,-4568.76
-9804.015,-11314.215,-21319.649999999998,-5932.17,460.935,-28060.695,-10816.83,-4588.38
-9832.77,-11320.02,-21316.454999999998,-5966.73,399.69,-28038.6,-10801.664999999999,-4613.085
-9831.015,-11308.59,-21294.899999999998,-5961.915,452.655,-27951.03,-10788.84,-4624.245
-9807.795,-11293.425,-21310.11,-5970.554999999999,446.625,-27969.614999999998,-10791.0,-4613.67
-9815.715,-11325.51,-21394.71,-6005.07,386.145,-27967.364999999998,-10768.005,-4612.095
-9807.525,-11302.65,-21391.469999999998,-6000.4349999999995,393.93,-28021.14,-10760.13,-4608.045
-9814.275,-11292.164999999999,-21307.77,-5935.455,437.53499999999997,-28036.305,-10766.789999999999,-4615.65
-9816.48,-11301.255,-21233.295,-5862.69,463.77,-27983.024999999998,-10747.755,-4610.97
-9817.02,-11347.695,-21325.14,-5940.36,450.22499999999997,-28016.504999999997,-10748.205,-4597.605
-9799.83,-11281.545,-21272.04,-5901.12,451.34999999999997,-28013.039999999997,-10786.59,-4592.97
-9777.06,-11265.48,-21236.265,-5895.2699999999995,407.025,-28017.18,-10786.23,-4579.38
-9783.315,-11294.1,-21266.594999999998,-5947.38,455.21999999999997,-27987.93,-10779.3,-4585.679999999999
-9793.619999999999,-11294.685,-21312.809999999998,-5969.115,459.405,-27984.195,-10790.324999999999,-4598.55
-9797.895,-11287.574999999999,-21302.505,-5949.9,391.86,-27997.785,-10792.529999999999,-4606.65
-9772.065,-11301.029999999999,-21288.105,-5862.87,441.405,-27904.05,-10729.98,-4581.855
-9766.755,-11233.125,-21194.37,-5816.115,472.905,-27867.195,-10702.395,-4604.76
-9786.42,-11200.185,-21158.55,-5800.635,543.105,-27926.19,-10757.88,-4676.67
-9797.265,-11211.75,-21183.524999999998,-5809.59,567.9,-27928.35,-10763.64,-4695.57
-9819.449999999999,-11262.914999999999,-21271.094999999998,-5919.389999999999,428.4,-27980.055,-10757.295,-4655.79
-9830.88,-11350.305,-21334.86,-5963.49,380.88,-28010.34,-10758.42,-4587.525
-9827.73,-11289.555,-21326.535,-5967.179999999999,391.635,-28013.94,-10760.22,-4666.95
-9906.975,-11257.65,-21287.88,-5916.014999999999,457.425,-28008.27,-10807.83,-4859.054999999999
-9931.095,-11281.814999999999,-21250.395,-5861.88,509.625,-27975.465,-10822.904999999999,-4870.8
-9888.525,-11297.564999999999,-21206.655,-5846.49,499.54499999999996,-27980.864999999998,-10789.335,-4706.955
-9814.23,-11304.494999999999,-21262.094999999998,-5944.32,395.955,-27952.335,-10763.369999999999,-4589.46
-9845.64,-11312.324999999999,-21271.094999999998,-5939.01,425.15999999999997,-27873.765,-10750.365,-4629.33
-9817.425,-11342.115,-21279.195,-5871.465,519.03,-27911.024999999998,-10741.635,-4541.849999999999
-9700.289999999999,-11249.73,-21227.715,-5830.5599999999995,504.85499999999996,-28033.335,-10759.32,-4449.51
-9684.585,-11232.045,-21270.015,-5982.075,321.97499999999997,-28019.835,-10720.215,-4443.165
-9777.105,-11355.119999999999,-21399.344999999998,-6105.195,298.97999999999996,-27993.87,-10717.74,-4505.625
-9815.265,-11326.095,-21323.475,-5985.719999999999,472.5,-27973.125,-10733.22,-4578.12
-9801.045,-11275.244999999999,-21242.43,-5906.745,538.02,-28024.875,-10775.88,-4582.62
-9837.945,-11352.105,-21347.37,-5995.71,457.245,-28016.19,-10784.52,-4597.83
-9879.21,-11459.07,-21506.13,-6039.764999999999,389.61,-28032.524999999998,-10783.35,-4593.915
-9881.369999999999,-11407.859999999999,-21428.145,-5966.865,426.195,-28023.66,-10810.305,-4626.495
-9878.984999999999,-11346.48,-21290.715,-5898.915,443.835,-28001.295,-10801.71,-4653.72
-9832.77,-11339.685,-21265.739999999998,-5900.535,409.72499999999997,-28014.524999999998,-10761.48,-4625.19
-9811.17,-11354.58,-21384.855,-6059.34,274.68,-28068.3,-10742.805,-4606.245
-9818.64,-11368.395,-21426.66,-6104.16,305.90999999999997,-28062.405,-10710.045,-4593.15
-9790.695,-11287.845,-21315.915,-6004.98,435.10499999999996,-28026.855,-10747.845,-4564.26
-9776.295,-11236.814999999999,-21250.844999999998,-5933.295,451.97999999999996,-28002.285,-10795.275,-4556.5199999999995
-9768.42,-11252.07,-21269.25,-5924.429999999999,372.555,-28027.44,-10778.039999999999,-4563.675
-9781.335,-11292.795,-21296.565,-5937.84,391.32,-28026.405,-10785.42,-4581.405
-9815.984999999999,-11298.645,-21265.425,-5879.88,536.715,-27974.7,-10764.449999999999,-4604.67
-9823.185,-11323.529999999999,-21350.565,-5909.445,573.165,-27948.375,-10740.015,-4599.2699999999995
-9814.994999999999,-11303.414999999999,-21365.415,-6004.9349999999995,386.235,-28001.879999999997,-10746.315,-4597.92
-9806.355,-11277.314999999999,-21233.43,-5916.599999999999,344.25,-27985.86,-10733.85,-4595.985
-9805.904999999999,-11297.205,-21244.094999999998,-5854.679999999999,486.04499999999996,-27926.864999999998,-10720.529999999999,-4592.5199999999995
-9808.47,-11296.89,-21254.895,-5857.0199999999995,564.7049999999999,-27890.774999999998,-10714.815,-4594.95
-9806.175,-11307.195,-21295.079999999998,-5910.12,449.59499999999997,-27953.954999999998,-10726.244999999999,-4593.33
-9800.279999999999,-11298.555,-21291.344999999998,-5918.355,423.63,-27973.934999999998,-10724.715,-4591.755
-9818.64,-11265.525,-21209.895,-5894.28,426.91499999999996,-27979.875,-10727.82,-4610.79
-9818.01,-11292.705,-21315.87,-5936.264999999999,396.36,-27959.579999999998,-10730.97,-4615.38
-9828.09,-11327.445,-21363.975,-5989.005,310.77,-28002.555,-10760.805,-4629.33
-9828.99,-11326.904999999999,-21334.005,-6009.03,355.455,-28017.27,-10784.654999999999,-4634.1449999999995
-9816.615,-11293.289999999999,-21332.79,-6043.23,457.60499999999996,-27979.515,-10797.119999999999,-4626.045
-9812.385,-11291.895,-21329.37,-6117.21,452.655,-27978.48,-10792.215,-4620.195
-9818.955,-11301.525,-21302.055,-6039.54,486.09,-27966.69,-10769.805,-4635.09
-9814.095,-11272.23,-21285.36,-5887.3949999999995,510.885,-27958.905,-10770.615,-4656.33
-9847.89,-11293.605,-21240.765,-5804.325,416.88,-28041.344999999998,-10778.175,-4714.83
-9920.07,-11374.335,-21290.04,-5837.715,445.09499999999997,-28010.925,-10730.25,-4789.889999999999
-9890.55,-11306.205,-21243.465,-5786.639999999999,573.84,-27934.785,-10722.465,-4777.875
-9880.38,-11279.88,-21240.0,-5866.92,500.98499999999996,-27909.809999999998,-10713.555,-4714.245
-9837.945,-11342.88,-21356.864999999998,-6065.775,254.07,-28061.82,-10769.175,-4602.014999999999
-9815.984999999999,-11271.6,-21307.545,-5992.965,316.71,-28076.805,-10815.119999999999,-4625.1449999999995
-9748.26,-11229.3,-21232.665,-5845.815,492.84,-27963.045,-10803.69,-4606.605
-9782.19,-11266.064999999999,-21237.344999999998,-5860.26,426.465,-27961.335,-10756.305,-4596.57
-9783.675,-11305.845,-21314.655,-5985.045,384.255,-28001.655,-10739.115,-4500.585
-9754.38,-11319.39,-21339.945,-5995.665,458.90999999999997,-28034.19,-10723.77,-4481.55
-9788.625,-11315.25,-21297.42,-5920.605,558.5849999999999,-27946.215,-10662.39,-4516.155
-9874.08,-11376.404999999999,-21360.555,-5985.675,431.23499999999996,-28014.975,-10737.27,-4583.429999999999
-9867.33,-11378.025,-21376.44,-5970.6449999999995,363.735,-28078.785,-10822.455,-4612.7699999999995
-9880.605,-11406.015,-21451.094999999998,-6036.3,352.53,-28090.664999999997,-10802.385,-4664.115
-9882.09,-11367.225,-21354.795,-5989.995,457.695,-28030.14,-10765.35,-4664.25
-9816.029999999999,-11285.01,-21238.469999999998,-5892.255,483.21,-27961.289999999997,-10716.029999999999,-4605.929999999999
-9766.215,-11273.49,-21234.6,-5865.525,455.98499999999996,-27926.414999999997,-10680.119999999999,-4533.12
-9742.32,-11257.74,-21232.44,-5862.285,426.51,-27991.395,-10702.89,-4509.764999999999
-9747.72,-11261.025,-21256.11,-5923.665,408.91499999999996,-28044.629999999997,-10755.494999999999,-4534.605
-9757.89,-11263.095,-21271.59,-5910.075,483.705,-28024.02,-10740.42,-4542.075
-9768.555,-11247.435,-21279.645,-5914.304999999999,497.385,-28011.87,-10724.535,-4561.245
-9764.91,-11249.73,-21312.315,-5913.36,470.07,-28007.19,-10732.185,-4571.505
-9808.65,-11308.365,-21320.19,-5934.96,405.495,-27927.945,-10699.154999999999,-4589.37
-9843.119999999999,-11362.994999999999,-21383.46,-6118.514999999999,248.80499999999998,-27945.585,-10719.09,-4617.945
-9843.345,-11368.08,-21423.87,-6220.98,152.28,-28017.315,-10753.065,-4631.67
-9865.755,-11387.205,-21424.14,-6135.795,278.685,-27974.204999999998,-10760.58,-4660.5599999999995
-9833.265,-11303.01,-21334.364999999998,-6018.57,392.985,-27969.614999999998,-10736.505,-4644.945
-9832.41,-11284.83,-21274.245,-5965.29,430.78499999999997,-28010.07,-10721.789999999999,-4630.724999999999
-9851.355,-11324.835,-21312.54,-5962.23,422.775,-28022.625,-10758.06,-4629.87
-9860.715,-11355.705,-21296.835,-5872.7699999999995,482.53499999999997,-27995.76,-10751.535,-4621.275
-9830.654999999999,-11320.605,-21249.045,-5784.165,552.645,-27962.73,-10719.855,-4595.535
-9791.145,-11277.225,-21298.32,-5868.585,497.07,-27992.789999999997,-10733.085,-4577.849999999999
-9821.385,-11325.869999999999,-21403.98,-5978.655,429.03,-27996.075,-10699.56,-4598.1449999999995
-9819.494999999999,-11326.23,-21393.63,-6068.565,383.445,-27996.704999999998,-10710.315,-4598.235
-9806.039999999999,-11288.205,-21318.795,-6105.6449999999995,418.14,-27986.219999999998,-10726.47,-4600.08
-9849.195,-11325.824999999999,-21322.89,-6093.315,445.68,-28000.305,-10743.525,-4635.54
-9854.279999999999,-11333.385,-21332.34,-5993.505,423.63,-28046.789999999997,-10774.89,-4645.3949999999995
-9819.675,-11293.965,-21285.18,-5846.625,390.645,-28058.535,-10774.8,-4608.495
-9778.455,-11257.109999999999,-21208.5,-5797.665,361.08,-28057.68,-10789.38,-4573.035
-9802.529999999999,-11273.625,-21190.5,-5813.955,485.505,-27951.075,-10740.779999999999,-4598.46
-9809.64,-11297.835,-21269.295,-5877.495,484.65,-27976.815,-10750.005,-4606.155
-9824.984999999999,-11328.48,-21346.11,-5979.6449999999995,405.18,-28047.6,-10796.265,-4661.1449999999995
-9881.19,-11342.295,-21435.03,-6039.99,359.55,-28010.745,-10805.715,-4786.514999999999
-9885.015,-11319.705,-21422.475,-6041.385,302.805,-28028.295,-10814.805,-4813.245
-9870.66,-11264.85,-21234.69,-5919.66,405.53999999999996,-28013.129999999997,-10808.955,-4726.845
-9825.93,-11265.39,-21182.355,-5852.88,525.735,-28013.355,-10807.605,-4601.7
-9838.035,-11231.369999999999,-21206.204999999998,-5850.54,551.925,-27961.515,-10758.69,-4736.205
-9925.74,-11354.265,-21342.329999999998,-5949.9,501.03,-27909.719999999998,-10707.525,-4843.08
-9899.055,-11409.39,-21412.844999999998,-6079.32,255.73499999999999,-28004.355,-10690.92,-4737.42
-9865.619999999999,-11359.71,-21351.915,-6028.0199999999995,285.84,-28041.704999999998,-10693.619999999999,-4580.054999999999
-9787.14,-11257.154999999999,-21256.92,-5884.2,503.59499999999997,-28001.655,-10672.74,-4534.5599999999995
-9751.59,-11219.085,-21163.005,-5799.78,543.735,-27966.42,-10679.445,-4480.514999999999
-9736.289999999999,-11290.859999999999,-21223.575,-5818.365,576.63,-27933.075,-10746.63,-4430.5199999999995
-9713.565,-11275.199999999999,-21302.37,-5888.5199999999995,556.425,-27891.18,-10753.605,-4507.155
-9766.395,-11262.15,-21262.77,-5858.1449999999995,536.265,-27900.989999999998,-10766.88,-4586.13
-9783.27,-11230.605,-21176.91,-5782.679999999999,539.775,-27911.655,-10745.505,-4617.0
-9776.34,-11198.835,-21199.23,-5882.3099999999995,443.29499999999996,-28009.035,-10739.925,-4643.73
-9803.115,-11193.705,-21153.51,-5800.05,549.585,-27960.885,-10702.98,-4683.014999999999
-9974.925,-11419.65,-21377.52,-5970.78,404.955,-28015.829999999998,-10698.525,-4746.735
-10000.755,-11548.574999999999,-21537.09,-6155.73,229.635,-28091.565,-10744.154999999999,-4654.98
-9908.595,-11456.865,-21467.969999999998,-6164.19,236.475,-28085.85,-10745.82,-4607.865
-9818.055,-11356.695,-21428.82,-6179.58,196.33499999999998,-28095.75,-10734.615,-4572.764999999999
-9834.39,-11337.705,-21356.82,-6023.07,336.06,-28048.68,-10711.98,-4588.065
-9836.01,-11353.5,-21344.805,-5928.795,455.58,-28057.274999999998,-10731.375,-4565.205
-9747.045,-11329.965,-21357.045,-5987.745,387.81,-28093.004999999997,-10768.59,-4481.82
-9767.744999999999,-11302.965,-21335.04,-5927.219999999999,465.75,-27974.114999999998,-10744.154999999999,-4519.755
-9790.965,-11251.215,-21240.765,-5848.83,548.235,-27943.469999999998,-10753.199999999999,-4572.045
-9834.164999999999,-11300.445,-21263.355,-5998.365,357.97499999999997,-28061.504999999997,-10756.44,-4600.755
-9843.93,-11358.72,-21365.73,-6109.514999999999,284.13,-28024.605,-10706.265,-4594.095
-9810.539999999999,-11326.68,-21390.885,-6130.98,167.89499999999998,-28055.16,-10749.779999999999,-4580.28
-9817.875,-11306.564999999999,-21387.149999999998,-6089.715,251.685,-28003.77,-10732.41,-4599.179999999999
-9833.039999999999,-11339.279999999999,-21454.829999999998,-6093.0,446.21999999999997,-27936.315,-10691.82,-4604.355
-9823.904999999999,-11352.33,-21517.829999999998,-6155.594999999999,464.445,-27975.87,-10701.0,-4596.84
-9815.895,-11360.205,-21535.649999999998,-6230.745,406.71,-27932.265,-10689.705,-4585.679999999999
-9827.19,-11339.64,-21387.96,-6116.535,380.88,-27974.745,-10702.935,-4594.365
-9819.539999999999,-11329.92,-21368.43,-5993.865,334.08,-28104.254999999997,-10750.455,-4601.205
-9835.154999999999,-11362.275,-21364.739999999998,-5946.795,344.78999999999996,-28125.495,-10770.39,-4621.59
-9846.09,-11342.744999999999,-21281.489999999998,-5956.5599999999995,373.275,-27988.155,-10730.115,-4625.01
-9832.59,-11304.765,-21315.105,-5958.855,416.15999999999997,-27952.515,-10720.305,-4612.455
-9817.515,-11267.55,-21193.155,-5763.96,530.64,-27965.114999999998,-10718.82,-4607.82
-9790.244999999999,-11231.189999999999,-21136.77,-5824.17,485.19,-28011.059999999998,-10720.26,-4592.97
-9809.19,-11258.279999999999,-21238.425,-5984.325,429.12,-28008.585,-10720.305,-4608.45
-9809.595,-11263.635,-21271.545,-5962.86,446.31,-28011.375,-10729.664999999999,-4611.51
-9809.865,-11274.795,-21262.68,-5868.135,398.835,-28048.995,-10752.93,-4612.5
-9821.88,-11294.055,-21233.835,-5854.679999999999,315.81,-28106.055,-10767.42,-4621.365
-9814.23,-11293.02,-21217.094999999998,-5826.87,466.245,-28030.004999999997,-10781.369999999999,-4620.465
-9818.55,-11312.369999999999,-21265.065,-5835.78,547.56,-27942.12,-10781.055,-4630.59
-9874.529999999999,-11355.119999999999,-21335.13,-5993.28,390.10499999999996,-27924.57,-10745.19,-4672.3949999999995
-9896.49,-11361.914999999999,-21316.364999999998,-5977.62,446.35499999999996,-27853.065,-10702.35,-4702.815
-9841.455,-11250.494999999999,-21246.255,-5856.255,529.56,-27873.405,-10700.324999999999,-4697.19
-9869.49,-11262.869999999999,-21229.875,-5876.1449999999995,275.13,-28038.015,-10684.395,-4727.115
-9844.38,-11272.635,-21240.27,-5892.929999999999,283.005,-28023.48,-10654.605,-4711.32
-9774.09,-11273.355,-21238.29,-5851.125,535.86,-28019.789999999997,-10724.85,-4608.09
-9711.99,-11218.365,-21200.309999999998,-5781.465,681.12,-27909.989999999998,-10725.345,-4581.945
-9806.94,-11157.029999999999,-21119.265,-5704.245,726.48,-27804.329999999998,-10682.865,-4770.54
-9842.58,-11147.76,-21109.545,-5711.13,689.0849999999999,-27812.7,-10676.835,-4778.73
-9807.119999999999,-11204.82,-21168.585,-5811.255,583.605,-27892.754999999997,-10690.83,-4592.7
-9802.71,-11339.46,-21327.704999999998,-5989.5,465.39,-27984.825,-10718.145,-4500.675
-9861.615,-11393.73,-21395.43,-6029.505,457.83,-28002.78,-10732.05,-4563.2699999999995
-9841.365,-11385.314999999999,-21384.675,-6015.78,395.28,-28077.614999999998,-10772.01,-4522.995
-9787.725,-11355.93,-21353.579999999998,-5994.764999999999,367.11,-28090.53,-10758.779999999999,-4460.49
-9737.73,-11305.89,-21336.704999999998,-6001.74,306.99,-28083.51,-10741.41,-4445.91
-9803.654999999999,-11317.275,-21311.19,-5969.115,357.93,-28023.12,-10737.585,-4553.82
-9890.324999999999,-11403.855,-21364.425,-5985.405,402.435,-28032.57,-10741.23,-4636.44
-9885.6,-11425.68,-21429.135,-6034.545,346.185,-28046.114999999998,-10777.635,-4641.345
-9863.64,-11373.21,-21400.649999999998,-6069.51,306.53999999999996,-28066.68,-10782.855,-4622.715
-9847.17,-11327.535,-21302.954999999998,-5945.985,422.145,-28001.16,-10698.57,-4593.6449999999995
-9807.255,-11312.234999999999,-21325.41,-5959.215,403.425,-28006.739999999998,-10662.029999999999,-4562.415
-9816.57,-11358.045,-21426.03,-6066.405,292.68,-28077.344999999998,-10671.75,-4566.465
-9830.565,-11368.35,-21447.54,-6159.87,243.58499999999998,-28052.774999999998,-10688.355,-4591.575
-9843.164999999999,-11388.645,-21480.12,-6200.505,269.685,-27985.725,-10677.69,-4601.79
-9846.315,-11354.939999999999,-21388.364999999998,-6115.545,377.685,-27966.51,-10681.199999999999,-4611.24
-9828.765,-11316.015,-21383.28,-6136.74,375.435,-28011.69,-10705.095,-4608.495
-9813.824999999999,-11320.695,-21390.39,-6092.639999999999,295.38,-28048.635,-10710.855,-4592.835
-9825.164999999999,-11323.035,-21326.085,-5965.29,326.88,-28020.69,-10717.875,-4608.585
-9828.72,-11322.27,-21302.954999999998,-5868.8099999999995,482.445,-28016.28,-10727.234999999999,-4613.445
-9809.64,-11331.585,-21339.63,-5920.065,490.455,-28068.12,-10732.32,-4596.66
-9828.404999999999,-11259.945,-21206.07,-5912.19,452.115,-28023.03,-10724.13,-4620.375
-9820.935,-11279.25,-21281.445,-6049.9349999999995,363.69,-28014.344999999998,-10699.65,-4609.215
-9824.265,-11346.21,-21439.98,-6192.719999999999,310.32,-28042.965,-10693.44,-4604.985
-9843.345,-11356.47,-21437.235,-6096.105,295.65,-28051.559999999998,-10718.414999999999,-4617.45
-9827.595,-11314.305,-21365.19,-6025.815,269.73,-28025.594999999998,-10740.015,-4604.804999999999
-9833.94,-11303.865,-21226.23,-5860.08,392.35499999999996,-27949.32,-10734.525,-4616.955
-9813.33,-11238.75,-21112.739999999998,-5691.42,669.15,-27928.89,-10724.94,-4613.355
-9799.065,-11269.574999999999,-21242.024999999998,-5808.285,533.385,-28036.44,-10750.725,-4599.36
-9811.17,-11321.73,-21286.89,-5886.945,443.43,-28021.905,-10741.545,-4606.695
-9829.529999999999,-11292.525,-21313.755,-5981.804999999999,455.895,-27971.145,-10720.44,-4628.205
-9848.88,-11329.695,-21341.79,-5966.639999999999,447.885,-27960.39,-10696.365,-4642.065
-9787.725,-11203.109999999999,-21142.305,-5778.99,523.26,-27913.454999999998,-10694.609999999999,-4601.5199999999995
-9755.955,-11211.39,-21205.98,-5852.835,426.69,-27946.485,-10709.82,-4571.01
-9812.52,-11245.365,-21286.305,-5950.62,466.335,-27995.715,-10744.92,-4679.595
-9902.654999999999,-11265.48,-21258.495,-5946.48,485.41499999999996,-28070.954999999998,-10730.699999999999,-4807.17
-9949.095,-11360.385,-21310.11,-5937.929999999999,366.885,-28066.77,-10686.465,-4821.885
-9886.77,-11352.869999999999,-21281.579999999998,-5848.83,432.53999999999996,-27982.844999999998,-10686.6,-4653.045
-9783.63,-11368.17,-21308.265,-5861.07,443.60999999999996,-27928.44,-10694.025,-4488.48
-9864.63,-11268.0,-21231.0,-5842.71,531.585,-27884.52,-10717.335,-4737.78
-9949.59,-11250.404999999999,-21183.66,-5788.9349999999995,634.005,-27844.739999999998,-10751.085,-4917.87
-9872.324999999999,-11231.055,-21147.75,-5721.12,713.3399999999999,-27861.164999999997,-10802.475,-4795.514999999999
-9755.82,-11251.08,-21220.739999999998,-5850.315,517.8149999999999,-28015.965,-10839.42,-4489.785
-9729.18,-11305.664999999999,-21304.755,-5997.15,269.19,-28151.46,-10761.84,-4351.095
-9727.83,-11351.295,-21369.69,-6065.099999999999,186.75,-28195.11,-10663.47,-4383.18
-9761.039999999999,-11340.99,-21367.755,-6048.45,285.885,-28120.905,-10638.539999999999,-4463.054999999999
-9819.539999999999,-11326.095,-21344.625,-6039.495,370.62,-28031.309999999998,-10656.18,-4554.315
-9878.85,-11379.869999999999,-21403.53,-6089.985,328.05,-27956.25,-10663.38,-4635.045
-9884.565,-11373.3,-21407.265,-6089.4,306.675,-27989.594999999998,-10682.73,-4669.605
-9886.5,-11394.72,-21398.76,-6054.21,321.3,-28040.445,-10713.779999999999,-4659.885
-9834.21,-11395.439999999999,-21446.64,-6055.83,300.645,-28015.11,-10715.895,-4574.79
-9826.695,-11319.164999999999,-21295.665,-5943.599999999999,426.78,-27976.5,-10729.305,-4565.655
-9837.18,-11325.645,-21265.11,-5879.745,530.685,-27980.414999999997,-10743.164999999999,-4611.69
-9821.609999999999,-11259.72,-21253.454999999998,-5874.57,486.945,-28075.23,-10746.404999999999,-4614.66
-9821.07,-11271.51,-21292.38,-5984.28,386.235,-28059.614999999998,-10731.914999999999,-4601.5199999999995
-9814.14,-11319.615,-21394.98,-6079.23,413.19,-27970.92,-10684.305,-4572.675
-9821.925,-11335.859999999999,-21358.98,-6034.95,414.53999999999996,-27939.105,-10645.875,-4577.22
-9823.32,-11357.279999999999,-21411.675,-6154.065,212.4,-28075.184999999998,-10672.875,-4569.165
-9841.5,-11379.195,-21451.005,-6156.405,214.155,-28109.07,-10694.43,-4582.349999999999
-9832.949999999999,-11367.045,-21439.53,-6144.255,258.21,-28124.235,-10711.845,-4576.59
-9849.734999999999,-11354.039999999999,-21379.364999999998,-6156.99,-10.485,-28177.965,-10745.82,-4607.054999999999
-9861.3,-11421.72,-21441.69,-6192.54,-282.825,-28191.465,-10737.27,-4625.595
-9864.404999999999,-11409.93,-21443.805,-6153.974999999999,16.2,-28099.62,-10725.93,-4628.97
-9876.69,-11362.095,-21343.094999999998,-5952.51,556.0649999999999,-27868.454999999998,-10696.185,-4631.625
-9785.295,-11223.314999999999,-21126.329999999998,-5682.195,912.915,-27871.739999999998,-10669.14,-4568.445
-9800.145,-11251.35,-21215.34,-5835.51,657.72,-27988.245,-10677.734999999999,-4575.735
-9828.045,-11338.65,-21360.645,-6020.1449999999995,476.37,-28019.295,-10704.33,-4597.92
-9852.345,-11346.84,-21386.52,-6058.9349999999995,329.985,-28041.12,-10746.99,-4632.705
-9839.565,-11269.305,-21237.165,-5840.594999999999,412.965,-27959.355,-10728.27,-4634.91
-9808.02,-11298.645,-21300.614999999998,-5872.545,451.03499999999997,-27923.489999999998,-10674.09,-4589.73
-9837.135,-11331.81,-21346.335,-5951.295,441.85499999999996,-27972.629999999997,-10671.48,-4611.465
-9819.539999999999,-11322.675,-21365.28,-6088.7699999999995,263.295,-28170.315,-10743.615,-4625.73
-9824.175,-11282.535,-21321.495,-6073.83,59.265,-28149.84,-10737.945,-4651.785
-9875.295,-11313.404999999999,-21327.344999999998,-6125.3099999999995,-100.395,-27948.42,-10683.855,-4725.54
-9939.914999999999,-11340.585,-21336.48,-6129.2699999999995,106.875,-27820.215,-10687.32,-4823.19
-9932.805,-11313.0,-21275.505,-5970.24,318.555,-27916.02,-10719.63,-4824.0
-9892.17,-11252.744999999999,-21158.954999999998,-5776.469999999999,450.18,-28091.114999999998,-10776.195,-4776.165
-9823.005,-11323.439999999999,-21301.785,-5882.445,616.995,-28036.8,-10807.92,-4667.804999999999
-9796.815,-11209.635,-21177.54,-5771.115,828.0,-27939.059999999998,-10770.119999999999,-4613.13
-9777.645,-11219.445,-21137.219999999998,-5705.91,814.905,-27988.289999999997,-10700.91,-4506.345
-9814.41,-11263.365,-21221.684999999998,-5803.0199999999995,644.535,-27999.989999999998,-10653.975,-4562.82
-9847.125,-11267.324999999999,-21232.755,-5825.429999999999,565.785,-28002.015,-10693.755,-4698.045
-9877.32,-11304.404999999999,-21265.155,-5865.255,469.16999999999996,-27990.405,-10717.02,-4724.054999999999
-9882.72,-11344.859999999999,-21304.44,-5910.48,490.5,-27948.239999999998,-10738.845,-4640.715
-9824.445,-11356.289999999999,-21326.895,-5907.69,518.265,-27988.379999999997,-10709.505,-4550.58
-9749.52,-11238.39,-21220.739999999998,-5798.205,573.345,-28005.3,-10677.465,-4524.66
-9728.775,-11141.73,-21105.989999999998,-5730.389999999999,562.995,-27916.155,-10593.045,-4572.764999999999
-9769.994999999999,-11179.755,-21156.12,-5826.375,478.62,-27924.93,-10620.449999999999,-4612.095
-9802.619999999999,-11304.539999999999,-21287.43,-5931.045,451.08,-28009.98,-10699.605,-4517.595
-9837.945,-11372.265,-21367.305,-5995.349999999999,424.62,-28087.155,-10761.795,-4535.55
-9876.15,-11376.09,-21370.14,-6015.014999999999,402.57,-28032.614999999998,-10781.82,-4624.695
-9842.76,-11347.605,-21363.434999999998,-6004.3949999999995,374.31,-28075.364999999998,-10809.945,-4604.264999999999
-9834.119999999999,-11339.82,-21371.175,-6035.264999999999,224.37,-28189.98,-10814.265,-4579.2
-9859.59,-11403.135,-21462.48,-6171.389999999999,-15.165,-28258.245,-10785.24,-4586.804999999999
-9893.295,-11478.6,-21557.88,-6296.4,-34.83,-28132.92,-10708.56,-4602.554999999999
-9916.785,-11455.965,-21464.415,-6129.855,371.205,-27942.164999999997,-10649.925,-4604.13
-9853.605,-11348.145,-21332.024999999998,-5870.565,698.805,-27919.89,-10687.23,-4588.47
-9832.455,-11318.939999999999,-21318.12,-5904.09,569.43,-27945.495,-10685.115,-4613.3099999999995
-9853.199999999999,-11335.635,-21357.315,-5968.08,483.075,-27967.68,-10680.885,-4634.28
-9837.135,-11397.914999999999,-21456.855,-6091.605,381.645,-27976.725,-10662.705,-4587.795
-9831.06,-11336.805,-21337.875,-5995.3949999999995,356.13,-27989.954999999998,-10666.664999999999,-4579.605
-9819.539999999999,-11288.385,-21266.954999999998,-5940.45,283.32,-28048.454999999998,-10684.8,-4587.57
-9806.13,-11259.494999999999,-21253.905,-6038.505,180.98999999999998,-28078.695,-10691.82,-4584.33
-9823.05,-11291.13,-21351.915,-6199.92,204.345,-28021.905,-10675.17,-4597.425
-9838.17,-11346.39,-21469.59,-6277.815,162.585,-28009.215,-10691.279999999999,-4607.639999999999
-9857.925,-11397.734999999999,-21533.85,-6249.014999999999,-4.185,-27989.19,-10694.295,-4620.825
-9861.975,-11392.38,-21499.739999999998,-6199.469999999999,126.36,-28021.364999999998,-10700.865,-4626.764999999999
-9874.664999999999,-11380.859999999999,-21495.555,-6270.525,466.60499999999996,-27921.825,-10708.605,-4640.49
-9833.895,-11355.975,-21502.26,-6120.764999999999,628.11,-28019.789999999997,-10724.445,-4608.855
-9793.215,-11260.215,-21336.84,-5843.16,603.405,-28109.835,-10741.545,-4584.87
-9810.27,-11257.92,-21163.995,-5659.695,570.015,-28041.39,-10719.404999999999,-4595.804999999999
-9798.029999999999,-11240.73,-21104.55,-5656.005,423.04499999999996,-28067.175,-10708.92,-4589.325
-9782.64,-11210.625,-21089.34,-5709.33,312.57,-28090.035,-10711.305,-4582.889999999999
-9800.865,-11268.0,-21236.13,-5996.5199999999995,235.53,-28157.355,-10729.98,-4589.82
-9825.93,-11303.64,-21299.445,-6109.11,302.265,-28099.395,-10723.23,-4605.21
-9826.244999999999,-11338.02,-21385.575,-6083.054999999999,265.77,-28008.495,-10694.295,-4602.554999999999
-9821.115,-11321.234999999999,-21348.045,-5921.6849999999995,296.235,-27925.965,-10671.795,-4599.855
-9818.505,-11310.57,-21266.954999999998,-5874.165,441.27,-27878.265,-10670.58,-4603.139999999999
-9833.805,-11295.045,-21263.895,-5877.495,649.98,-27882.045,-10682.324999999999,-4620.42
-9829.215,-11243.025,-21209.805,-5815.125,606.51,-27932.175,-10679.265,-4616.054999999999
-9840.015,-11270.744999999999,-21202.92,-5841.405,443.835,-28027.395,-10747.08,-4642.83
-9882.72,-11331.045,-21280.5,-5879.474999999999,492.65999999999997,-28022.94,-10816.289999999999,-4735.304999999999
-9837.99,-11193.84,-21130.11,-5665.59,819.63,-27992.925,-10783.215,-4730.715
-9817.695,-11169.225,-21115.934999999998,-5721.84,738.99,-27926.28,-10721.88,-4699.349999999999
-9811.17,-11275.154999999999,-21246.614999999998,-5831.82,578.5649999999999,-27882.899999999998,-10655.955,-4670.55
-9832.185,-11290.32,-21280.95,-5849.235,531.09,-27886.95,-10618.38,-4678.38
-9872.82,-11292.795,-21273.704999999998,-5956.38,360.765,-28011.329999999998,-10674.63,-4639.905
-9871.83,-11355.48,-21352.41,-6026.49,320.715,-28016.055,-10666.215,-4607.46
-9867.015,-11314.305,-21314.25,-6002.594999999999,229.185,-27993.645,-10675.529999999999,-4673.115
-9832.59,-11273.039999999999,-21255.03,-5935.995,298.71,-27933.164999999997,-10648.845,-4664.565
-9843.48,-11392.74,-21378.87,-6053.219999999999,322.92,-28013.355,-10707.164999999999,-4566.42
-9828.765,-11322.99,-21299.399999999998,-5898.825,586.17,-27997.965,-10707.074999999999,-4574.565
-9810.18,-11263.545,-21223.755,-5814.495,540.585,-27964.079999999998,-10676.115,-4591.98
-9858.42,-11310.48,-21306.96,-5971.005,275.445,-28077.704999999998,-10690.92,-4621.275
-9816.75,-11299.59,-21328.829999999998,-6101.37,122.175,-28171.44,-10759.23,-4564.62
-9771.795,-11309.49,-21366.719999999998,-6102.54,190.17,-28118.789999999997,-10809.494999999999,-4519.71
-9793.935,-11348.64,-21385.575,-6070.005,377.55,-27961.155,-10706.13,-4517.1449999999995
-9846.99,-11385.675,-21424.364999999998,-6193.215,303.34499999999997,-28029.555,-10657.89,-4538.25
-9859.545,-11400.029999999999,-21468.915,-6185.34,254.655,-28113.48,-10665.18,-4564.665
-9871.02,-11405.34,-21502.44,-6157.665,418.455,-28094.94,-10713.105,-4605.705
-9832.05,-11326.545,-21312.045,-5927.219999999999,560.25,-28086.885,-10745.01,-4583.655
-9825.525,-11307.375,-21270.015,-5928.795,463.54499999999996,-28026.0,-10718.414999999999,-4575.42
-9838.035,-11334.06,-21340.44,-5966.865,455.895,-27941.175,-10699.695,-4584.735
-9838.305,-11334.824999999999,-21361.77,-6003.135,443.43,-27965.25,-10697.85,-4595.58
-9825.75,-11340.09,-21409.605,-5985.855,391.005,-28101.87,-10708.154999999999,-4586.264999999999
-9823.994999999999,-11355.345,-21398.76,-5998.41,218.83499999999998,-28159.245,-10712.34,-4584.24
-9839.295,-11343.375,-21318.12,-5996.429999999999,177.345,-28122.344999999998,-10695.33,-4601.474999999999
-9849.015,-11330.82,-21366.855,-6075.495,268.02,-28028.114999999998,-10689.21,-4614.165
-9834.48,-11272.185,-21313.035,-6057.99,497.60999999999996,-27931.14,-10664.595,-4602.51
-9820.98,-11272.994999999999,-21288.329999999998,-6049.53,451.48499999999996,-28018.305,-10687.815,-4593.195
-9833.13,-11318.58,-21323.79,-6017.085,272.61,-28103.039999999997,-10710.539999999999,-4603.275
-9851.4,-11337.39,-21267.045,-5859.764999999999,301.185,-28013.445,-10690.605,-4618.485
-9854.19,-11342.564999999999,-21260.52,-5887.3949999999995,136.48499999999999,-28068.57,-10705.095,-4625.55
-9867.869999999999,-11389.455,-21410.505,-6099.615,22.41,-28080.315,-10704.195,-4632.03
-9864.945,-11347.02,-21417.255,-6149.79,215.54999999999998,-27975.465,-10694.295,-4635.2699999999995
-9834.164999999999,-11272.59,-21253.68,-5899.094999999999,717.66,-27911.34,-10690.965,-4618.9349999999995
-9814.41,-11280.465,-21231.855,-5756.58,872.01,-27973.305,-10695.69,-4592.655
-9777.914999999999,-11244.375,-21207.735,-5761.53,697.5,-28028.475,-10702.845,-4568.22
-9774.135,-11176.335,-21135.195,-5792.264999999999,588.645,-28010.204999999998,-10710.449999999999,-4581.63
-9813.24,-11256.84,-21258.945,-5913.405,570.015,-28038.015,-10726.244999999999,-4625.415
-9843.84,-11318.715,-21411.405,-6126.615,448.245,-28061.46,-10741.455,-4667.715
-9874.17,-11331.9,-21442.545,-6214.679999999999,192.6,-28073.204999999998,-10746.27,-4716.045
-9857.52,-11252.925,-21298.364999999998,-5984.505,362.205,-28015.289999999997,-10680.029999999999,-4710.33
-9817.965,-11209.949999999999,-21171.015,-5843.34,268.605,-28052.46,-10641.015,-4653.2699999999995
-9835.515,-11226.24,-21119.579999999998,-5723.639999999999,342.81,-28000.079999999998,-10639.395,-4632.885
-9856.98,-11308.5,-21223.26,-5794.38,568.98,-27904.094999999998,-10634.265,-4635.0
-9891.045,-11297.025,-21216.375,-5750.639999999999,746.3249999999999,-27867.69,-10617.975,-4739.264999999999
-9917.82,-11326.949999999999,-21274.605,-5890.905,518.67,-27970.739999999998,-10679.49,-4801.86
-9869.445,-11345.939999999999,-21364.29,-6065.37,303.93,-28090.215,-10733.625,-4683.6449999999995
-9800.19,-11287.26,-21294.63,-6008.355,380.78999999999996,-28122.48,-10728.359999999999,-4554.99
-9750.824999999999,-11261.43,-21265.469999999998,-5911.514999999999,432.405,-28023.57,-10736.505,-4570.605
-9826.83,-11204.189999999999,-21170.34,-5805.315,404.41499999999996,-27910.71,-10693.98,-4756.815
-9891.09,-11302.289999999999,-21289.274999999998,-5960.7,254.83499999999998,-28012.68,-10729.484999999999,-4697.55
-9864.27,-11435.58,-21474.27,-6124.32,333.36,-28134.405,-10758.285,-4458.465
-9807.57,-11361.42,-21393.719999999998,-6096.78,390.195,-28131.48,-10742.22,-4452.21
-9845.685,-11316.105,-21345.434999999998,-6023.88,431.59499999999997,-27992.024999999998,-10696.635,-4609.485
-9851.67,-11333.609999999999,-21319.065,-5897.16,537.435,-27971.774999999998,-10649.205,-4590.224999999999
-9829.574999999999,-11350.664999999999,-21302.594999999998,-5863.5,602.28,-27972.045,-10689.93,-4546.035
-9826.199999999999,-11374.244999999999,-21376.35,-5989.139999999999,360.22499999999997,-28086.164999999997,-10743.21,-4556.5199999999995
-9844.515,-11368.125,-21414.87,-6109.29,172.755,-28138.004999999997,-10735.515,-4571.099999999999
-9860.445,-11359.215,-21375.765,-6122.655,223.38,-28126.71,-10707.66,-4587.84
-9820.17,-11346.57,-21362.535,-6111.0,197.73,-28184.535,-10685.654999999999,-4535.73
-9839.789999999999,-11341.664999999999,-21344.355,-6000.389999999999,270.405,-28092.329999999998,-10691.145,-4557.465
-9838.755,-11324.295,-21282.255,-5822.099999999999,591.93,-27961.245,-10677.869999999999,-4576.095
-9800.324999999999,-11315.97,-21298.77,-5888.07,439.91999999999996,-28045.079999999998,-10691.505,-4554.9
-9794.609999999999,-11313.63,-21375.045,-6097.815,93.06,-28167.39,-10721.654999999999,-4569.84
-9833.895,-11324.97,-21335.895,-5981.985,331.46999999999997,-28059.254999999997,-10715.085,-4608.72
-9848.52,-11316.869999999999,-21318.614999999998,-5898.375,624.1949999999999,-27947.565,-10692.765,-4617.54
-9861.705,-11329.47,-21376.26,-6081.795,457.2,-27911.07,-10672.289999999999,-4627.9349999999995
-9869.039999999999,-11354.895,-21424.545,-6215.985,330.65999999999997,-27901.215,-10643.13,-4623.345
-9834.84,-11306.564999999999,-21319.829999999998,-6025.545,518.085,-27959.535,-10657.89,-4600.98
-9811.619999999999,-11278.935,-21242.7,-5904.224999999999,413.46,-28099.215,-10726.335,-4593.78
-9824.13,-11296.439999999999,-21237.03,-5773.59,469.305,-28017.09,-10731.33,-4606.83
-9829.755,-11296.529999999999,-21258.585,-5740.245,612.225,-27957.285,-10672.154999999999,-4602.465
-9803.295,-11272.904999999999,-21264.704999999998,-5887.304999999999,516.42,-27989.504999999997,-10646.414999999999,-4582.889999999999
-9825.39,-11287.664999999999,-21274.515,-5947.965,459.27,-28028.745,-10642.77,-4595.8949999999995
-9859.275,-11321.775,-21326.985,-6020.82,328.09499999999997,-28074.51,-10656.045,-4614.57
-9873.18,-11369.025,-21415.995,-6084.719999999999,326.96999999999997,-28039.05,-10659.33,-4627.62
-9858.645,-11367.99,-21448.8,-6184.485,211.995,-27983.07,-10685.16,-4616.28
-9846.359999999999,-11353.859999999999,-21352.545,-6049.125,256.77,-27943.965,-10743.615,-4610.79
-9821.52,-11317.545,-21251.114999999998,-5823.224999999999,464.58,-27968.489999999998,-10725.255,-4602.96
-9795.33,-11213.64,-21148.559999999998,-5708.25,626.355,-28110.239999999998,-10731.24,-4587.12
-9794.205,-11244.195,-21215.43,-5918.219999999999,457.91999999999996,-28117.485,-10717.02,-4579.605
-9793.125,-11316.195,-21363.48,-6101.82,224.1,-28183.094999999998,-10718.955,-4574.385
-9834.3,-11317.005,-21361.905,-6117.57,183.825,-28199.969999999998,-10741.32,-4621.545
-9847.305,-11306.385,-21345.66,-6066.855,294.03,-28039.905,-10728.359999999999,-4657.05
-9864.09,-11261.564999999999,-21247.245,-5896.889999999999,521.01,-27964.664999999997,-10734.255,-4689.945
-9849.33,-11274.795,-21230.73,-5857.425,257.67,-28013.625,-10711.98,-4680.764999999999
-9839.789999999999,-11250.72,-21224.925,-5877.315,237.32999999999998,-28035.989999999998,-10699.695,-4675.005
-9874.215,-11250.765,-21191.715,-5799.375,619.47,-27887.715,-10691.64,-4734.72
-9847.8,-11235.824999999999,-21200.76,-5779.08,709.875,-27864.675,-10673.595,-4698.09
-9935.145,-11346.93,-21364.739999999998,-6035.445,283.22999999999996,-27965.7,-10698.029999999999,-4744.17
-10011.914999999999,-11436.39,-21453.075,-6122.565,318.10499999999996,-27947.295,-10728.945,-4827.33
-9920.654999999999,-11353.994999999999,-21359.204999999998,-5930.37,655.92,-27900.809999999998,-10698.615,-4746.285
-9781.244999999999,-11261.43,-21233.925,-5768.594999999999,753.255,-27983.565,-10636.74,-4519.665
-9758.115,-11315.52,-21295.485,-5911.74,510.435,-28030.094999999998,-10581.345,-4441.724999999999
-9749.88,-11263.455,-21265.065,-5901.21,451.305,-27978.48,-10634.13,-4486.7699999999995
-9802.215,-11248.695,-21219.255,-5845.275,425.385,-27978.03,-10737.27,-4556.295
-9833.49,-11336.445,-21328.739999999998,-5957.054999999999,288.18,-28085.715,-10754.279999999999,-4554.675
-9832.994999999999,-11414.654999999999,-21421.8,-6053.76,210.73499999999999,-28152.18,-10708.02,-4533.974999999999
-9836.234999999999,-11368.619999999999,-21371.579999999998,-6017.3099999999995,330.97499999999997,-28081.8,-10679.625,-4579.38
-9829.44,-11291.4,-21281.715,-5988.51,402.03,-28093.905,-10685.52,-4594.7699999999995
-9868.994999999999,-11359.98,-21377.565,-6135.795,309.78,-28199.789999999997,-10708.02,-4603.32
-9865.845,-11364.255,-21394.395,-6115.275,327.06,-28066.77,-10695.555,-4608.945
-9833.895,-11282.4,-21301.155,-5976.179999999999,421.91999999999996,-27982.53,-10712.205,-4627.755
-9816.885,-11278.439999999999,-21284.82,-5891.219999999999,529.335,-27991.98,-10717.244999999999,-4625.639999999999
-9839.88,-11318.58,-21352.23,-5917.545,471.96,-28061.864999999998,-10708.875,-4595.49
-9859.185,-11370.33,-21398.489999999998,-6005.61,361.03499999999997,-28072.844999999998,-10710.855,-4591.845
-9861.345,-11399.13,-21467.655,-6106.32,282.33,-28133.01,-10711.08,-4585.139999999999
-9880.065,-11426.49,-21546.315,-6282.45,162.855,-28105.875,-10672.74,-4573.665
-9828.72,-11319.975,-21398.67,-6144.57,352.84499999999997,-28003.95,-10677.914999999999,-4560.389999999999
-9804.779999999999,-11304.63,-21377.61,-6059.925,531.045,-28000.664999999997,-10690.335,-4565.565
-9826.92,-11309.58,-21293.415,-5985.224999999999,493.91999999999996,-28013.085,-10691.955,-4594.86
-9872.73,-11298.689999999999,-21216.645,-5888.79,391.72499999999997,-28003.32,-10701.99,-4641.615
-9861.93,-11297.025,-21265.469999999998,-5880.42,207.405,-28043.1,-10701.315,-4633.2
-9864.404999999999,-11357.82,-21367.89,-6004.08,114.66,-28056.87,-10672.244999999999,-4617.179999999999
-9866.565,-11374.515,-21395.114999999998,-6059.34,212.4,-28021.14,-10659.105,-4614.795
-9852.255,-11336.85,-21334.274999999998,-5947.965,461.15999999999997,-28041.03,-10684.664999999999,-4609.845
-9825.39,-11290.455,-21262.094999999998,-5827.86,545.31,-28121.265,-10709.505,-4593.96
-9840.645,-11304.494999999999,-21296.52,-5940.764999999999,488.565,-28005.254999999997,-10686.6,-4607.73
-9848.34,-11303.595,-21312.045,-5991.165,346.68,-27958.184999999998,-10684.89,-4616.595
-9837.539999999999,-11302.244999999999,-21298.545,-5915.025,378.135,-27960.704999999998,-10674.27,-4609.17
-9863.82,-11332.755,-21328.829999999998,-5988.195,403.65,-27990.539999999997,-10701.27,-4628.07
-9876.869999999999,-11343.779999999999,-21345.704999999998,-6011.1449999999995,394.60499999999996,-28099.754999999997,-10730.835,-4634.235
-9823.904999999999,-11282.715,-21254.715,-5832.585,552.105,-28186.965,-10750.545,-4595.804999999999
-9812.88,-11305.305,-21254.805,-5844.78,520.02,-28068.03,-10712.97,-4585.1849999999995
-9825.074999999999,-11297.205,-21267.27,-5865.12,483.21,-28022.535,-10699.289999999999,-4604.22
-9830.25,-11296.845,-21302.145,-5924.79,451.935,-28044.045,-10696.59,-4609.845
-9818.145,-11248.92,-21268.44,-5951.655,465.57,-28013.76,-10687.14,-4609.304999999999
-9840.914999999999,-11288.16,-21288.149999999998,-5969.07,287.59499999999997,-28051.245,-10671.93,-4644.045
-9891.315,-11264.805,-21248.73,-5922.045,277.46999999999997,-28048.41,-10703.565,-4763.655
-9930.105,-11280.51,-21237.84,-5862.0599999999995,486.9,-27939.015,-10713.42,-4878.63
-9910.17,-11246.715,-21182.76,-5759.235,675.045,-27901.215,-10711.71,-4840.83
-9812.744999999999,-11235.015,-21223.17,-5863.1849999999995,304.155,-27969.434999999998,-10669.5,-4610.16
-9789.84,-11307.555,-21357.765,-6047.054999999999,243.225,-28033.245,-10692.585,-4534.965
-9883.664999999999,-11332.845,-21378.285,-6050.88,571.14,-27940.68,-10683.27,-4660.514999999999
-9892.305,-11333.295,-21338.864999999998,-5946.4349999999995,665.235,-27992.789999999997,-10635.164999999999,-4631.085
-9876.914999999999,-11349.09,-21358.44,-6049.44,416.745,-28083.645,-10694.699999999999,-4601.79
-9794.475,-11357.505,-21372.344999999998,-6023.34,376.65,-28113.524999999998,-10723.455,-4492.44
-9792.539999999999,-11292.705,-21292.065,-5892.929999999999,470.52,-28053.765,-10710.945,-4504.59
-9803.97,-11296.574999999999,-21278.475,-5890.455,442.08,-28033.425,-10682.19,-4520.835
-9765.225,-11268.27,-21272.535,-5905.8,340.065,-28080.225,-10672.289999999999,-4497.345
-9792.945,-11271.6,-21281.445,-5924.025,438.885,-28040.445,-10703.97,-4561.514999999999
-9826.154999999999,-11288.295,-21310.02,-5956.335,485.41499999999996,-28012.59,-10726.47,-4630.32
-9873.18,-11266.289999999999,-21241.62,-5923.53,404.685,-28078.829999999998,-10742.535,-4678.74
-9893.475,-11355.164999999999,-21314.969999999998,-5972.8949999999995,327.195,-28133.64,-10710.135,-4644.405
-9861.074999999999,-11494.89,-21552.795,-6312.105,97.515,-28205.684999999998,-10722.6,-4528.44
-9839.744999999999,-11408.58,-21515.805,-6346.62,128.51999999999998,-28167.21,-10717.154999999999,-4528.08
-9859.095,-11399.175,-21410.55,-6056.415,391.22999999999996,-28027.17,-10671.66,-4580.46
-9873.99,-11392.38,-21375.809999999998,-5883.389999999999,535.5,-27988.92,-10666.215,-4601.61
-9890.82,-11374.74,-21371.13,-5950.035,437.84999999999997,-28032.21,-10702.215,-4624.065
-9891.045,-11390.265,-21383.91,-6013.125,266.4,-28053.09,-10691.414999999999,-4628.655
-9845.369999999999,-11323.08,-21373.739999999998,-6003.945,160.965,-28074.239999999998,-10666.26,-4599.45
-9868.005,-11321.685,-21346.29,-6114.825,113.085,-28010.024999999998,-10660.095,-4616.6849999999995
-9875.97,-11331.81,-21379.905,-6113.79,324.495,-27964.53,-10671.345,-4625.37
-9814.815,-11260.574999999999,-21285.719999999998,-5880.24,601.965,-28017.719999999998,-10684.664999999999,-4583.34
-9813.105,-11275.83,-21318.344999999998,-5968.575,556.245,-28035.225,-10713.96,-4588.29
-9824.31,-11295.9,-21331.755,-6012.54,564.2099999999999,-28085.355,-10729.529999999999,-4604.22
-9802.125,-11246.58,-21240.765,-5882.445,589.275,-28004.535,-10697.895,-4590.09
-9815.49,-11255.445,-21176.864999999998,-5716.98,504.585,-28020.059999999998,-10689.164999999999,-4600.26
-9836.64,-11281.59,-21204.27,-5764.094999999999,443.52,-28024.965,-10658.25,-4600.44
-9835.605,-11275.92,-21260.295,-5883.255,452.96999999999997,-28075.364999999998,-10686.555,-4592.79
-9848.43,-11323.755,-21346.92,-5956.92,398.96999999999997,-28079.774999999998,-10697.625,-4593.375
-9853.605,-11336.58,-21333.059999999998,-5935.139999999999,324.85499999999996,-28072.44,-10691.279999999999,-4600.755
-9849.734999999999,-11343.555,-21331.53,-5949.135,262.125,-28114.155,-10688.715,-4603.275
-9859.77,-11312.46,-21286.844999999998,-6020.01,197.01,-28130.715,-10712.205,-4622.13
-9872.279999999999,-11339.82,-21354.614999999998,-6094.304999999999,247.185,-27967.364999999998,-10684.17,-4630.995
-9895.005,-11377.35,-21406.364999999998,-6163.83,259.155,-27842.805,-10673.324999999999,-4648.995
-9882.18,-11348.505,-21347.01,-6041.295,333.36,-27963.585,-10713.734999999999,-4648.455
-9831.555,-11265.21,-21217.23,-5775.389999999999,538.335,-28113.164999999997,-10760.85,-4617.495
-9815.175,-11267.234999999999,-21248.28,-5828.355,417.33,-28139.039999999997,-10767.645,-4597.785
-9832.68,-11308.814999999999,-21322.44,-6003.9,198.09,-28143.629999999997,-10717.83,-4592.97
-9880.785,-11353.005,-21360.69,-6052.23,360.405,-28096.92,-10682.865,-4623.615
-9851.85,-11306.16,-21287.565,-5886.45,706.095,-28019.114999999998,-10669.815,-4609.035
-9837.045,-11283.029999999999,-21254.309999999998,-5823.09,627.165,-27988.965,-10673.73,-4604.625
-9843.93,-11288.88,-21279.149999999998,-5913.135,466.155,-27988.289999999997,-10677.69,-4618.8
-9858.869999999999,-11320.965,-21321.18,-5970.285,294.57,-27967.364999999998,-10649.97,-4628.07
-9809.414999999999,-11281.5,-21291.704999999998,-5935.275,208.48499999999999,-28096.695,-10673.145,-4597.065
-9793.529999999999,-11282.895,-21270.735,-5917.724999999999,279.18,-28058.535,-10659.779999999999,-4576.365
-9783.81,-11250.494999999999,-21245.985,-5906.25,432.585,-27912.329999999998,-10666.619999999999,-4596.3
-9838.935,-11233.529999999999,-21249.855,-5949.585,434.29499999999996,-27854.73,-10702.529999999999,-4721.175
-9894.06,-11248.425,-21229.38,-5832.719999999999,577.845,-27930.555,-10712.52,-4844.07
-9944.19,-11347.965,-21272.04,-5792.4,689.4449999999999,-28020.96,-10698.345,-4801.635
-9890.73,-11275.244999999999,-21234.239999999998,-5793.344999999999,730.53,-28075.32,-10694.565,-4640.58
-9785.475,-11286.135,-21282.84,-5904.09,489.78,-28163.925,-10713.869999999999,-4477.635
-9796.41,-11340.585,-21372.255,-6032.205,221.98499999999999,-28193.309999999998,-10712.205,-4496.8949999999995
-9852.75,-11306.88,-21309.614999999998,-5986.3949999999995,314.82,-28097.37,-10715.715,-4616.639999999999
-9872.279999999999,-11269.125,-21249.809999999998,-5845.815,615.8249999999999,-27943.245,-10665.99,-4694.04
-9881.64,-11292.795,-21268.44,-5874.705,538.1999999999999,-28010.34,-10662.975,-4648.095
-9889.74,-11393.414999999999,-21394.44,-6021.764999999999,351.36,-28074.914999999997,-10683.539999999999,-4566.465
-9860.175,-11440.395,-21445.785,-6079.32,269.01,-28118.114999999998,-10705.095,-4496.3099999999995
-9834.435,-11381.445,-21402.045,-6050.07,296.90999999999997,-28037.745,-10660.545,-4490.415
-9860.85,-11353.68,-21376.53,-6056.46,221.04,-27992.969999999998,-10657.845,-4563.764999999999
-9899.82,-11362.725,-21383.594999999998,-6084.179999999999,280.395,-28007.594999999998,-10690.154999999999,-4657.7699999999995
-9884.34,-11335.59,-21385.53,-6076.665,367.46999999999997,-28137.465,-10741.005,-4686.345
-9842.175,-11273.535,-21310.695,-5980.635,367.02,-28165.905,-10738.89,-4641.165
-9851.805,-11323.755,-21355.245,-6009.075,364.005,-28047.825,-10703.115,-4598.054999999999
-9835.47,-11312.1,-21308.399999999998,-5877.945,581.4,-27948.87,-10689.435,-4559.849999999999
-9836.82,-11296.664999999999,-21263.895,-5854.635,523.26,-28018.754999999997,-10673.955,-4566.014999999999
-9851.13,-11351.295,-21321.585,-5910.795,498.73499999999996,-28027.844999999998,-10678.994999999999,-4579.74
-9866.34,-11361.779999999999,-21351.105,-5972.13,443.96999999999997,-28021.68,-10684.395,-4601.474999999999
-9861.48,-11353.994999999999,-21381.66,-6037.875,252.17999999999998,-28108.17,-10663.74,-4597.695
-9836.55,-11334.96,-21398.489999999998,-6161.04,156.465,-28156.545,-10688.94,-4582.53
-9851.895,-11340.765,-21380.76,-6152.715,168.435,-28076.129999999997,-10710.855,-4604.3099999999995
-9867.465,-11344.904999999999,-21364.02,-6053.355,158.17499999999998,-27978.795,-10690.605,-4614.12
-9874.215,-11352.375,-21369.915,-6040.035,258.57,-28010.745,-10680.57,-4614.66
-9884.43,-11394.045,-21480.165,-6145.965,334.89,-27997.92,-10690.875,-4622.175
-9832.095,-11322.585,-21374.64,-5990.13,479.025,-28057.14,-10719.09,-4596.84
-9839.43,-11297.07,-21300.344999999998,-5887.62,615.9599999999999,-28016.864999999998,-10718.505,-4609.755
-9844.56,-11284.83,-21263.805,-5901.4349999999995,601.38,-28037.07,-10715.895,-4613.49
-9831.33,-11319.615,-21300.03,-5934.0599999999995,496.97999999999996,-28037.475,-10701.315,-4600.215
-9816.84,-11301.66,-21265.559999999998,-5917.32,495.405,-28044.09,-10682.234999999999,-4583.835
-9839.43,-11292.435,-21303.765,-5973.12,405.9,-28035.945,-10664.145,-4596.345
-9869.85,-11349.09,-21362.85,-6055.83,285.705,-28053.045,-10667.115,-4620.195
-9854.1,-11365.289999999999,-21410.594999999998,-6078.24,241.01999999999998,-28024.515,-10659.869999999999,-4615.695
-9847.89,-11260.08,-21268.35,-6017.445,216.945,-28106.954999999998,-10717.695,-4631.58
-9858.33,-11290.23,-21293.82,-6009.974999999999,313.2,-28084.68,-10713.015,-4631.4
-9834.66,-11287.529999999999,-21276.27,-5886.945,449.41499999999996,-28082.024999999998,-10674.404999999999,-4592.97
-9867.869999999999,-11317.23,-21274.605,-5846.8949999999995,580.095,-27990.405,-10672.154999999999,-4604.8949999999995
-9871.47,-11304.0,-21262.184999999998,-5817.51,568.485,-28054.26,-10691.055,-4614.345
-9858.869999999999,-11296.89,-21287.52,-5927.13,426.73499999999996,-28102.23,-10711.44,-4633.11
-9822.824999999999,-11257.83,-21247.92,-5887.755,447.435,-28052.864999999998,-10718.91,-4615.38
-9755.685,-11183.984999999999,-21165.165,-5784.389999999999,519.5699999999999,-27985.905,-10713.375,-4549.679999999999
-9725.355,-11153.205,-21131.28,-5756.264999999999,497.88,-27990.045,-10698.39,-4569.075
-9818.955,-11192.085,-21183.48,-5835.69,405.405,-28011.914999999997,-10724.265,-4713.4349999999995
-9926.234999999999,-11243.115,-21223.035,-5852.5199999999995,515.385,-27985.77,-10709.505,-4808.745
-9962.64,-11324.88,-21280.68,-5849.415,591.93,-28033.245,-10703.295,-4760.955
-9906.3,-11389.68,-21366.765,-5953.995,501.615,-28009.26,-10695.6,-4622.175
-9850.725,-11350.98,-21361.05,-5974.29,466.83,-27962.235,-10610.55,-4631.8949999999995
-9886.455,-11287.08,-21288.78,-5907.465,507.375,-27986.265,-10633.14,-4716.315
-9878.67,-11303.685,-21284.864999999998,-5900.49,493.10999999999996,-28084.23,-10706.445,-4620.014999999999
-9849.465,-11373.615,-21358.755,-5987.88,368.82,-28109.52,-10723.68,-4509.9
-9865.484999999999,-11361.015,-21335.309999999998,-5953.905,405.81,-28008.27,-10699.65,-4537.485
-9842.22,-11358.045,-21359.655,-5989.32,382.995,-28044.225,-10705.005,-4513.815
-9817.289999999999,-11353.32,-21386.295,-6011.6849999999995,376.425,-28050.524999999998,-10668.465,-4494.735
-9840.195,-11366.91,-21403.8,-6029.505,350.055,-28056.555,-10684.44,-4543.245
-9898.875,-11380.545,-21395.07,-6056.37,281.15999999999997,-28076.67,-10731.555,-4623.57
-9896.13,-11354.715,-21365.055,-6113.969999999999,61.47,-28093.14,-10727.82,-4624.29
-9875.43,-11393.505,-21428.1,-6190.065,-28.08,-28105.649999999998,-10683.99,-4602.825
-9863.505,-11427.885,-21444.39,-6079.05,334.03499999999997,-28026.539999999997,-10641.555,-4578.389999999999
-9813.645,-11304.585,-21305.204999999998,-5909.264999999999,507.06,-28020.6,-10664.1,-4553.639999999999
-9817.199999999999,-11297.295,-21323.79,-6000.974999999999,398.925,-28002.329999999998,-10660.365,-4570.425
-9839.654999999999,-11278.574999999999,-21326.76,-6017.219999999999,476.46,-28029.96,-10665.045,-4594.815
-9851.49,-11296.529999999999,-21351.105,-6042.51,463.905,-28061.73,-10666.44,-4597.83
-9886.32,-11393.46,-21465.225,-6123.78,340.60499999999996,-28106.64,-10692.27,-4618.62
-9842.805,-11349.314999999999,-21408.704999999998,-6055.2,346.68,-28147.364999999998,-10717.965,-4608.855
-9865.17,-11330.73,-21384.315,-6049.215,293.76,-28176.39,-10708.289999999999,-4620.195
-9872.595,-11352.869999999999,-21317.85,-6023.5199999999995,344.745,-28096.289999999997,-10682.055,-4620.825
-9847.26,-11310.705,-21293.64,-5929.92,505.395,-27951.614999999998,-10662.795,-4635.675
-9830.205,-11210.039999999999,-21187.71,-5798.07,637.92,-27984.914999999997,-10690.154999999999,-4632.974999999999
-9848.025,-11267.775,-21240.719999999998,-5826.554999999999,555.3,-28025.954999999998,-10701.539999999999,-4599.54
-9859.77,-11352.375,-21356.415,-5940.54,381.825,-28134.405,-10718.955,-4571.099999999999
-9840.914999999999,-11302.605,-21319.065,-5972.49,392.31,-28084.274999999998,-10703.744999999999,-4567.365
-9841.815,-11302.38,-21322.395,-6016.094999999999,390.10499999999996,-28044.495,-10694.115,-4590.764999999999
-9878.76,-11343.015,-21347.73,-6028.74,302.58,-28072.62,-10731.105,-4630.365
-9863.64,-11352.195,-21362.445,-5998.005,252.26999999999998,-28157.76,-10752.57,-4619.429999999999
-9862.065,-11359.89,-21367.035,-5999.715,286.38,-28068.66,-10713.51,-4614.345
-9846.315,-11296.8,-21308.94,-5960.205,411.97499999999997,-28012.14,-10704.375,-4612.1849999999995
-9834.21,-11248.289999999999,-21242.25,-5862.69,545.805,-28002.87,-10696.455,-4599.2699999999995
-9809.64,-11268.045,-21262.77,-5911.92,442.125,-28034.91,-10665.63,-4576.995
-9820.755,-11291.805,-21334.86,-6079.139999999999,187.605,-28049.265,-10647.18,-4598.415
-9850.994999999999,-11311.38,-21377.835,-6144.3,59.849999999999994,-27937.664999999997,-10583.82,-4612.23
-9879.795,-11334.015,-21368.61,-6045.795,298.305,-27911.745,-10625.715,-4630.679999999999
-9892.89,-11326.05,-21294.719999999998,-5856.03,668.8349999999999,-27994.004999999997,-10707.21,-4658.3099999999995
-9902.385,-11303.414999999999,-21225.51,-5746.905,720.5849999999999,-28121.76,-10778.715,-4689.63
-9902.97,-11307.33,-21253.094999999998,-5828.804999999999,568.305,-28076.805,-10763.73,-4667.264999999999
-9885.96,-11309.535,-21270.42,-5855.3099999999995,531.045,-28027.44,-10710.72,-4665.69
-9878.49,-11294.865,-21265.965,-5882.219999999999,498.645,-28042.739999999998,-10693.17,-4676.94
-9904.095,-11307.96,-21289.094999999998,-5922.405,478.575,-28045.89,-10674.945,-4668.075
-9924.84,-11336.085,-21326.399999999998,-5958.495,459.22499999999997,-28056.149999999998,-10681.65,-4683.195
-9873.63,-11342.34,-21341.024999999998,-5940.675,442.03499999999997,-28015.02,-10678.455,-4679.865
-9818.775,-11243.475,-21261.915,-5899.32,363.645,-28021.815,-10647.539999999999,-4659.389999999999
-9797.85,-11302.47,-21307.05,-5955.57,267.84,-28080.989999999998,-10635.029999999999,-4574.295
-9790.47,-11340.404999999999,-21374.325,-6017.94,345.645,-28032.57,-10635.3,-4518.09
-9873.585,-11282.445,-21284.46,-5908.365,576.18,-27891.989999999998,-10663.56,-4619.745
-9876.6,-11292.164999999999,-21271.725,-5898.599999999999,515.61,-27995.715,-10747.484999999999,-4627.62
-9837.225,-11290.5,-21284.684999999998,-5961.33,331.60499999999996,-28161.899999999998,-10809.585,-4567.86
-9847.08,-11323.8,-21331.934999999998,-6050.655,213.345,-28203.57,-10756.484999999999,-4547.745
-9830.88,-11328.975,-21352.995,-5974.2,365.03999999999996,-28126.53,-10673.91,-4568.94
-9875.609999999999,-11320.289999999999,-21343.905,-5952.6449999999995,461.88,-28055.204999999998,-10630.664999999999,-4627.71
-9888.39,-11336.4,-21372.885,-5979.195,506.565,-28059.975,-10667.115,-4607.28
-9853.244999999999,-11351.925,-21390.165,-6001.155,409.09499999999997,-28088.91,-10669.68,-4532.264999999999
-9818.414999999999,-11325.6,-21374.415,-6057.585,229.41,-28160.19,-10678.365,-4520.7
-9829.89,-11341.395,-21375.765,-6069.105,231.75,-28123.515,-10675.98,-4540.86
-9847.845,-11294.055,-21275.37,-5945.76,378.63,-28067.94,-10709.55,-4599.855
-9858.6,-11261.385,-21276.989999999998,-5979.87,373.59,-28047.195,-10716.975,-4653.9
-9889.02,-11342.385,-21429.675,-6215.355,234.81,-28027.305,-10707.21,-4655.474999999999
-9946.35,-11442.555,-21525.48,-6358.995,187.875,-27958.77,-10674.855,-4654.755
-9908.055,-11429.1,-21452.67,-6165.855,326.15999999999997,-27967.094999999998,-10651.23,-4576.23
-9876.24,-11361.015,-21353.489999999998,-5972.264999999999,335.205,-28150.2,-10664.775,-4577.4
-9882.945,-11351.43,-21338.954999999998,-5882.085,441.27,-28132.425,-10696.949999999999,-4604.355
-9856.8,-11312.505,-21332.565,-5884.92,503.055,-28110.329999999998,-10721.97,-4596.615
-9855.27,-11351.789999999999,-21400.2,-5926.7699999999995,518.085,-28095.57,-10717.109999999999,-4599.945
-9852.164999999999,-11326.814999999999,-21318.255,-5913.54,405.71999999999997,-28069.379999999997,-10710.81,-4606.605
-9849.06,-11295.855,-21276.45,-5892.12,385.60499999999996,-28067.895,-10703.88,-4606.065
-9853.02,-11329.74,-21353.805,-5985.315,415.16999999999996,-28059.434999999998,-10689.164999999999,-4604.4
-9839.88,-11328.029999999999,-21359.204999999998,-5954.67,462.41999999999996,-28079.28,-10670.355,-4585.679999999999
-9839.565,-11258.73,-21246.255,-5865.389999999999,463.905,-28112.129999999997,-10672.154999999999,-4587.705
-9887.49,-11320.064999999999,-21269.79,-5859.0,487.16999999999996,-28030.635,-10664.414999999999,-4619.97
-9861.029999999999,-11334.689999999999,-21355.155,-5980.905,412.83,-28060.605,-10686.645,-4601.79
-9830.16,-11280.6,-21306.735,-6008.94,371.43,-28105.649999999998,-10701.99,-4581.045
-9836.595,-11269.89,-21267.899999999998,-5928.21,418.85999999999996,-28124.774999999998,-10709.414999999999,-4591.215
-9848.52,-11289.645,-21314.43,-5957.639999999999,446.265,-28081.664999999997,-10709.505,-4605.3
-9863.685,-11332.8,-21382.29,-6016.1849999999995,395.865,-28065.555,-10693.215,-4613.58
-9856.08,-11308.77,-21336.165,-5958.045,364.905,-28061.73,-10663.154999999999,-4608.54
-9858.06,-11326.68,-21342.195,-5984.099999999999,296.46,-28096.92,-10666.529999999999,-4606.74
-9864.27,-11311.38,-21318.12,-6017.264999999999,313.695,-28064.565,-10677.33,-4605.615
-9879.615,-11332.484999999999,-21365.864999999998,-6078.24,216.26999999999998,-28028.43,-10688.039999999999,-4618.349999999999
-9885.015,-11339.145,-21368.745,-6078.42,190.125,-28091.295,-10712.385,-4646.7
-9879.84,-11290.185,-21314.79,-5998.905,367.38,-28078.739999999998,-10702.215,-4709.474999999999
-9911.744999999999,-11277.18,-21309.66,-5951.5199999999995,451.71,-28065.555,-10672.289999999999,-4806.63
-9914.715,-11290.095,-21342.105,-5967.315,413.37,-27967.995,-10670.445,-4851.495
-9891.945,-11304.225,-21286.215,-5899.455,531.18,-27932.579999999998,-10713.51,-4742.01
-9838.305,-11299.77,-21264.795,-5826.465,678.735,-27967.815,-10744.47,-4582.53
-9782.324999999999,-11225.025,-21171.87,-5727.15,618.2099999999999,-28074.285,-10774.529999999999,-4520.115
-9792.18,-11248.154999999999,-21226.905,-5831.82,501.12,-28071.585,-10695.645,-4492.845
-9829.664999999999,-11338.289999999999,-21340.53,-5978.565,435.375,-28075.41,-10658.654999999999,-4492.26
-9826.875,-11334.734999999999,-21371.219999999998,-6017.535,419.66999999999996,-28070.774999999998,-10643.715,-4506.705
-9895.05,-11371.859999999999,-21367.665,-5980.005,396.765,-28048.184999999998,-10617.525,-4597.245
-9883.619999999999,-11353.545,-21346.245,-5931.63,418.22999999999996,-28044.989999999998,-10674.449999999999,-4653.2699999999995
-9891.855,-11295.18,-21283.2,-5906.16,460.395,-28040.445,-10690.83,-4669.29
-9856.574999999999,-11317.32,-21334.545,-5956.2,386.09999999999997,-28112.489999999998,-10743.795,-4583.655
-9825.84,-11304.314999999999,-21334.23,-5996.07,314.01,-28167.254999999997,-10764.539999999999,-4539.105
-9880.515,-11355.705,-21335.535,-6002.55,327.195,-28159.605,-10722.465,-4561.695
-9899.279999999999,-11412.945,-21406.005,-6062.49,316.84499999999997,-28127.925,-10671.795,-4565.295
-9866.34,-11374.965,-21424.005,-6078.105,346.995,-28083.645,-10665.09,-4565.205
-9867.15,-11347.02,-21380.625,-6021.99,398.745,-28058.355,-10672.199999999999,-4608.09
-9879.75,-11311.74,-21362.265,-6068.295,326.25,-28060.02,-10676.565,-4633.0199999999995
-9859.815,-11291.445,-21352.905,-6072.705,245.34,-28123.2,-10691.865,-4602.599999999999
-9847.755,-11325.869999999999,-21373.965,-6039.99,272.61,-28141.065,-10694.52,-4578.705
-9853.875,-11355.345,-21358.665,-6007.455,370.16999999999996,-28071.945,-10672.74,-4572.315
-9830.295,-11310.029999999999,-21344.489999999998,-5972.625,480.51,-27981.719999999998,-10649.565,-4574.97
-9831.42,-11281.994999999999,-21295.53,-5954.04,384.65999999999997,-28007.19,-10653.57,-4578.075
-9869.715,-11331.945,-21344.76,-6025.635,341.46,-28026.719999999998,-10679.984999999999,-4599.9
-9924.029999999999,-11438.55,-21524.309999999998,-6181.74,383.13,-28017.855,-10672.38,-4627.485
-9903.645,-11396.295,-21475.755,-6147.855,300.24,-28082.295,-10676.835,-4615.965
-9872.46,-11308.05,-21352.14,-6108.165,270.765,-28139.129999999997,-10714.815,-4617.179999999999
-9861.119999999999,-11303.595,-21320.73,-5982.795,423.63,-28089.945,-10710.494999999999,-4612.679999999999
-9856.395,-11300.535,-21288.329999999998,-5891.175,485.28,-28040.579999999998,-10695.96,-4607.955
-9869.265,-11321.91,-21322.35,-5925.42,420.705,-28044.495,-10697.715,-4616.1449999999995
-9854.505,-11291.535,-21305.07,-5905.44,412.83,-28103.985,-10713.42,-4612.005
-9848.699999999999,-11293.199999999999,-21350.745,-6042.195,272.745,-28138.41,-10723.455,-4610.5199999999995
-9869.265,-11353.275,-21450.465,-6098.804999999999,295.11,-28141.649999999998,-10720.845,-4614.345
-9864.675,-11380.05,-21489.255,-6096.599999999999,265.905,-28157.67,-10707.3,-4600.665
-9866.52,-11330.91,-21417.975,-6155.91,-68.67,-28221.344999999998,-10724.67,-4614.03
-9904.815,-11373.57,-21482.1,-6236.1449999999995,-26.595,-28161.36,-10731.375,-4639.23
-9899.279999999999,-11339.955,-21284.774999999998,-5885.054999999999,647.415,-27991.53,-10706.039999999999,-4633.92
-9851.984999999999,-11269.125,-21153.059999999998,-5665.59,919.2149999999999,-28008.27,-10709.595,-4603.275
-9845.145,-11294.414999999999,-21232.755,-5799.465,621.81,-28091.07,-10714.859999999999,-4596.84
-9855.99,-11299.05,-21288.555,-5881.815,504.315,-28022.219999999998,-10688.175,-4606.875
-9855.18,-11308.725,-21321.405,-5923.26,454.54499999999996,-28046.745,-10703.654999999999,-4631.58
-9865.17,-11285.73,-21266.235,-5837.49,567.675,-27967.86,-10682.64,-4663.44
-9835.38,-11193.435,-21159.495,-5774.985,613.98,-27925.2,-10644.48,-4648.545
-9822.69,-11203.199999999999,-21202.29,-5840.955,483.255,-28015.965,-10659.779999999999,-4619.97
-9884.789999999999,-11270.97,-21244.635,-5866.065,453.06,-28012.77,-10684.755,-4690.845
-9930.734999999999,-11299.23,-21257.415,-5882.4,485.23499999999996,-27972.855,-10697.625,-4769.054999999999
-9928.574999999999,-11319.48,-21287.655,-5897.429999999999,501.34499999999997,-28021.68,-10716.84,-4703.67
-9834.705,-11306.25,-21323.114999999998,-5978.205,353.43,-28172.43,-10737.765,-4524.389999999999
-9796.14,-11353.725,-21408.93,-6028.2,313.02,-28121.355,-10726.965,-4488.795
-9830.744999999999,-11315.025,-21365.19,-5971.679999999999,438.255,-27995.355,-10672.38,-4603.365
-9848.43,-11235.96,-21220.605,-5855.219999999999,540.18,-27914.67,-10642.32,-4676.13
-9839.16,-11205.72,-21222.809999999998,-5899.32,454.815,-27933.885,-10626.795,-4692.87
-9849.42,-11274.84,-21316.32,-6019.065,354.28499999999997,-28038.78,-10645.154999999999,-4630.815
-9858.734999999999,-11347.785,-21414.6,-6112.98,282.10499999999996,-28178.37,-10714.005,-4562.595
-9924.074999999999,-11438.279999999999,-21469.995,-6125.715,257.175,-28241.46,-10791.315,-4540.59
-9913.77,-11413.98,-21415.815,-6080.175,262.03499999999997,-28154.789999999997,-10767.555,-4557.375
-9932.175,-11431.845,-21462.84,-6141.599999999999,215.685,-28113.03,-10711.89,-4611.87
-9920.654999999999,-11421.09,-21464.864999999998,-6113.969999999999,332.19,-28141.695,-10682.595,-4590.945
-9874.755,-11359.845,-21386.114999999998,-6046.695,380.15999999999997,-28114.379999999997,-10663.02,-4562.639999999999
-9878.94,-11359.035,-21379.77,-6008.13,376.02,-28059.524999999998,-10642.275,-4586.445
-9892.17,-11375.369999999999,-21394.215,-6009.57,328.365,-28128.555,-10679.13,-4616.415
-9879.525,-11318.13,-21318.795,-5945.264999999999,386.37,-28109.879999999997,-10715.039999999999,-4629.599999999999
-9840.06,-11281.859999999999,-21309.524999999998,-5992.74,338.94,-28089.18,-10714.68,-4600.71
-9796.994999999999,-11230.335,-21287.16,-5999.085,331.11,-28065.6,-10688.49,-4579.65
-9819.09,-11235.06,-21260.655,-5903.82,430.965,-27984.735,-10657.574999999999,-4592.16
-9850.185,-11280.645,-21270.78,-5883.3,446.98499999999996,-28082.7,-10712.789999999999,-4585.095
-9855.765,-11280.689999999999,-21276.495,-5911.29,446.53499999999997,-28117.395,-10695.555,-4578.66
-9860.175,-11321.145,-21360.059999999998,-5970.915,466.78499999999997,-28098.719999999998,-10678.545,-4566.465
-9870.795,-11344.32,-21409.065,-6015.735,434.835,-28080.495,-10691.73,-4571.28
-9879.66,-11331.539999999999,-21391.245,-5988.24,430.56,-28030.454999999998,-10708.154999999999,-4609.215
-9894.465,-11348.955,-21395.52,-6069.195,289.44,-28071.989999999998,-10714.68,-4623.84
-9913.455,-11364.164999999999,-21368.969999999998,-6052.59,333.315,-28065.465,-10725.074999999999,-4639.7699999999995
-9899.595,-11383.74,-21373.2,-6017.625,402.65999999999997,-28090.98,-10722.42,-4614.4349999999995
-9882.99,-11359.305,-21371.67,-5975.865,454.32,-28053.629999999997,-10696.275,-4598.955
-9863.234999999999,-11311.289999999999,-21351.645,-5960.79,454.22999999999996,-28041.164999999997,-10682.369999999999,-4592.25
-9855.765,-11304.539999999999,-21326.94,-5944.32,465.47999999999996,-28017.989999999998,-10665.9,-4594.23
-9856.44,-11315.025,-21326.535,-5998.59,440.28,-28038.239999999998,-10681.244999999999,-4596.165
-9861.84,-11328.795,-21303.09,-5967.99,423.81,-28078.245,-10708.154999999999,-4598.82
-9839.925,-11279.025,-21297.015,-5915.115,408.465,-28127.385,-10724.355,-4587.48
-9861.795,-11284.289999999999,-21311.91,-5935.7699999999995,412.28999999999996,-28040.85,-10690.38,-4597.47
-9885.015,-11317.185,-21334.454999999998,-5980.815,355.86,-28024.785,-10681.199999999999,-4614.84
-9899.279999999999,-11348.055,-21386.52,-6049.08,384.705,-28048.545,-10710.449999999999,-4629.014999999999
-9871.289999999999,-11339.865,-21389.67,-6005.429999999999,459.81,-28099.62,-10732.815,-4609.215
-9876.645,-11320.289999999999,-21350.565,-5958.855,401.265,-28106.46,-10732.725,-4617.09
-9887.265,-11316.42,-21285.27,-5922.09,413.64,-28087.515,-10704.195,-4616.505
-9862.56,-11319.75,-21318.075,-5933.16,411.79499999999996,-28035.719999999998,-10660.23,-4583.835
-9857.34,-11290.23,-21322.53,-5956.245,434.52,-27995.175,-10675.35,-4593.014999999999
-9872.685,-11346.074999999999,-21427.785,-6085.215,328.185,-28060.02,-10732.455,-4617.315
-9878.445,-11359.395,-21435.57,-6088.995,249.75,-28140.434999999998,-10744.56,-4624.38
-9878.85,-11312.73,-21312.27,-5994.764999999999,179.505,-28229.715,-10742.58,-4627.845
-9872.64,-11268.539999999999,-21252.69,-5952.915,257.355,-28231.2,-10755.81,-4635.675
-9887.895,-11328.029999999999,-21319.965,-5945.804999999999,452.15999999999997,-28115.325,-10738.08,-4635.72
-9849.42,-11258.865,-21261.375,-5841.405,647.865,-27943.469999999998,-10708.065,-4611.825
-9850.635,-11235.195,-21207.239999999998,-5829.525,611.64,-27914.76,-10701.0,-4631.264999999999
-9856.619999999999,-11264.715,-21247.965,-5869.26,510.39,-28040.489999999998,-10709.324999999999,-4636.98
-9892.44,-11265.525,-21264.93,-5900.355,449.505,-28097.64,-10706.715,-4676.849999999999
-9925.335,-11313.494999999999,-21314.835,-5963.04,390.465,-28112.67,-10701.18,-4692.15
-9949.859999999999,-11351.52,-21370.32,-6002.73,405.27,-28030.635,-10669.14,-4678.695
-9870.705,-11294.55,-21305.07,-5947.469999999999,413.55,-28059.12,-10705.994999999999,-4620.51
-9884.97,-11303.595,-21301.29,-5933.835,423.85499999999996,-28051.605,-10733.039999999999,-4643.054999999999
-9826.785,-11324.744999999999,-21388.86,-6071.8949999999995,338.715,-28020.059999999998,-10713.105,-4537.665
-9823.14,-11369.744999999999,-21413.655,-6078.825,316.935,-28036.079999999998,-10723.23,-4504.86
-9847.619999999999,-11365.74,-21384.765,-6037.83,371.25,-28075.995,-10755.855,-4497.12
-9849.105,-11309.265,-21346.02,-6005.969999999999,450.81,-28097.19,-10749.195,-4545.495
-9865.08,-11327.535,-21380.715,-6080.804999999999,355.22999999999996,-28051.785,-10704.33,-4590.72
-9887.355,-11337.615,-21377.114999999998,-6068.5199999999995,333.045,-28028.475,-10689.615,-4624.11
-9870.255,-11334.015,-21369.059999999998,-6002.1449999999995,352.08,-28065.465,-10710.63,-4619.745
-9891.99,-11359.935,-21391.515,-6002.505,358.245,-28111.95,-10727.145,-4627.98
-9946.98,-11373.93,-21401.145,-6067.889999999999,330.93,-28130.579999999998,-10757.654999999999,-4648.59
-9935.324999999999,-11351.115,-21388.14,-6055.83,325.215,-28106.1,-10749.015,-4641.84
-9904.455,-11388.15,-21456.765,-6164.235,87.75,-28146.78,-10704.105,-4598.054999999999
-9892.215,-11397.465,-21485.295,-6255.99,27.224999999999998,-28236.239999999998,-10704.645,-4574.07
-9914.984999999999,-11377.71,-21446.235,-6195.825,255.105,-28185.84,-10729.484999999999,-4632.615
-9873.72,-11246.58,-21235.905,-5833.844999999999,617.67,-28046.969999999998,-10715.805,-4631.8949999999995
-9839.88,-11212.244999999999,-21174.165,-5685.57,676.0799999999999,-28035.09,-10707.074999999999,-4597.245
-9852.39,-11254.32,-21247.29,-5786.91,578.475,-28058.94,-10710.765,-4603.095
-9884.925,-11325.869999999999,-21368.295,-5939.82,478.305,-28082.655,-10721.34,-4636.44
-9926.505,-11360.744999999999,-21362.13,-5983.605,420.93,-28052.19,-10732.859999999999,-4693.545
-9937.574999999999,-11341.619999999999,-21280.815,-5900.4,492.65999999999997,-28001.295,-10731.69,-4686.4349999999995
-9891.404999999999,-11310.75,-21330.09,-5963.804999999999,427.59,-28047.465,-10744.38,-4644.764999999999
-9852.029999999999,-11352.375,-21428.954999999998,-6063.21,283.68,-28144.62,-10747.215,-4539.465
-9837.855,-11348.279999999999,-21376.395,-6024.554999999999,361.89,-28117.395,-10729.035,-4485.51
-9847.125,-11375.414999999999,-21400.469999999998,-6022.53,447.57,-28084.184999999998,-10714.455,-4517.37
-9863.955,-11364.255,-21415.32,-6091.245,370.62,-28127.295,-10742.58,-4554.72
-9885.33,-11307.33,-21322.17,-6014.295,375.65999999999997,-28131.885,-10762.83,-4592.565
-9890.64,-11315.025,-21285.945,-5968.62,374.58,-28117.53,-10776.6,-4609.3949999999995
-9909.539999999999,-11343.96,-21370.68,-6032.88,291.87,-28109.52,-10777.005,-4636.44
-9919.619999999999,-11392.02,-21486.78,-6101.1449999999995,295.78499999999997,-28120.41,-10765.574999999999,-4647.6449999999995
-9910.08,-11367.855,-21423.915,-6040.08,394.56,-28095.075,-10735.154999999999,-4643.639999999999
-9893.654999999999,-11316.105,-21340.98,-5994.945,382.635,-28106.055,-10739.43,-4629.33
-9908.82,-11319.705,-21347.055,-6039.63,217.26,-28142.55,-10778.85,-4643.054999999999
-9917.1,-11343.645,-21379.23,-6056.325,170.23499999999999,-28144.395,-10807.47,-4640.94
-9887.49,-11347.965,-21342.239999999998,-5952.465,385.965,-28074.69,-10780.154999999999,-4603.95
-9845.505,-11266.199999999999,-21224.43,-5822.28,556.245,-28115.1,-10784.609999999999,-4588.425
-9801.539999999999,-11188.89,-21173.175,-5805.0,557.37,-28056.914999999997,-10746.539999999999,-4563.764999999999
-9807.435,-11231.73,-21234.149999999998,-5864.804999999999,496.215,-28045.89,-10705.859999999999,-4571.91
-9838.664999999999,-11250.63,-21268.755,-5896.71,482.805,-28060.245,-10731.42,-4617.09
-9867.555,-11289.105,-21288.51,-5901.84,479.60999999999996,-28053.405,-10732.005,-4627.3949999999995
-9907.74,-11378.115,-21360.915,-5940.09,456.255,-28046.925,-10704.24,-4632.03
-9898.244999999999,-11345.445,-21383.505,-6039.719999999999,346.995,-28115.414999999997,-10750.949999999999,-4608.405
-9855.675,-11293.965,-21373.02,-6055.469999999999,314.145,-28147.41,-10791.81,-4581.8099999999995
-9865.619999999999,-11274.074999999999,-21315.285,-5953.679999999999,379.26,-28099.35,-10758.105,-4625.955
-9886.725,-11289.555,-21310.245,-5957.01,323.82,-28082.475,-10734.074999999999,-4699.53
-9928.35,-11333.07,-21330.315,-5995.304999999999,342.9,-28050.57,-10704.69,-4705.065
-9905.22,-11395.529999999999,-21392.46,-6030.36,370.34999999999997,-28097.954999999998,-10719.315,-4600.125
-9853.875,-11375.01,-21367.485,-5980.545,413.955,-28092.465,-10738.574999999999,-4486.05
-9851.22,-11345.76,-21358.395,-5983.245,411.79499999999996,-28119.51,-10756.529999999999,-4537.08
-9916.335,-11315.07,-21319.38,-5965.965,427.635,-28118.385,-10781.369999999999,-4690.3949999999995
-9910.44,-11301.029999999999,-21293.594999999998,-5925.465,462.555,-28081.754999999997,-10792.755,-4695.974999999999
-9910.08,-11304.9,-21322.215,-5978.385,376.91999999999996,-28133.01,-10787.355,-4627.889999999999
-9913.14,-11374.289999999999,-21410.325,-6054.84,289.08,-28140.704999999998,-10756.71,-4581.855
-9918.945,-11382.074999999999,-21420.585,-6097.005,283.68,-28144.215,-10770.119999999999,-4622.58
-9894.645,-11358.539999999999,-21418.155,-6097.545,251.82,-28156.68,-10752.93,-4625.37
-9895.455,-11323.845,-21366.495,-6055.92,209.79,-28110.465,-10689.029999999999,-4593.554999999999
-9890.955,-11380.185,-21456.405,-6186.87,152.595,-28061.594999999998,-10678.59,-4541.22
-9887.94,-11422.89,-21581.864999999998,-6325.065,81.045,-28116.27,-10742.984999999999,-4561.965
-9885.555,-11352.779999999999,-21458.52,-6152.3099999999995,162.35999999999999,-28263.059999999998,-10793.16,-4622.264999999999
-9930.779999999999,-11350.26,-21433.725,-6117.57,270.045,-28253.16,-10809.63,-4683.465
-9916.109999999999,-11277.585,-21234.555,-5840.594999999999,620.145,-28166.76,-10814.58,-4669.92
-9874.215,-11282.22,-21243.239999999998,-5778.315,701.235,-27992.969999999998,-10758.779999999999,-4583.385
-9854.73,-11312.685,-21299.94,-5876.639999999999,547.02,-28009.17,-10739.115,-4529.79
-9874.125,-11319.525,-21308.309999999998,-5890.86,510.79499999999996,-28021.815,-10732.994999999999,-4566.599999999999
-9879.975,-11344.5,-21404.52,-6037.0199999999995,420.34499999999997,-28080.45,-10742.895,-4580.639999999999
-9873.18,-11362.994999999999,-21452.265,-6078.24,391.68,-28075.004999999997,-10729.664999999999,-4574.835
-9876.645,-11349.449999999999,-21372.704999999998,-5998.41,396.09,-28054.754999999997,-10722.015,-4579.38
-9872.505,-11302.74,-21275.73,-5903.099999999999,406.84499999999997,-28069.379999999997,-10742.58,-4592.5199999999995
-9870.93,-11291.805,-21311.774999999998,-5994.99,327.555,-28124.055,-10774.574999999999,-4608.945
-9897.705,-11326.23,-21351.78,-6023.205,336.645,-28101.51,-10767.914999999999,-4635.54
-9908.64,-11320.109999999999,-21323.114999999998,-5956.065,419.445,-28045.98,-10757.52,-4643.415
-9886.365,-11319.3,-21335.94,-5941.44,447.075,-28068.434999999998,-10772.414999999999,-4610.25
-9888.164999999999,-11342.789999999999,-21364.245,-5989.7699999999995,385.78499999999997,-28106.684999999998,-10786.365,-4588.0199999999995
-9874.44,-11332.35,-21380.265,-6040.98,310.40999999999997,-28133.28,-10768.545,-4583.16
-9863.505,-11302.38,-21373.739999999998,-6045.255,350.72999999999996,-28112.715,-10769.49,-4592.07
-9884.609999999999,-11335.14,-21350.024999999998,-5955.84,458.59499999999997,-28051.065,-10754.369999999999,-4602.51
-9875.475,-11372.31,-21342.645,-5915.61,477.67499999999995,-28078.425,-10767.195,-4594.545
-9856.619999999999,-11321.775,-21423.69,-6103.3949999999995,351.71999999999997,-28152.945,-10805.355,-4595.445
-9875.565,-11301.57,-21456.27,-6158.07,228.06,-28155.51,-10797.885,-4612.815
-9915.21,-11355.39,-21411.045,-6098.13,137.07,-28103.129999999997,-10747.35,-4632.255
-9938.744999999999,-11346.39,-21293.954999999998,-5983.469999999999,293.53499999999997,-28081.035,-10757.25,-4675.23
-9919.35,-11308.59,-21281.535,-5901.929999999999,559.485,-28050.48,-10772.82,-4679.054999999999
-9860.13,-11213.685,-21192.66,-5817.599999999999,547.11,-28064.925,-10775.744999999999,-4665.87
-9864.225,-11244.914999999999,-21211.29,-5801.76,425.78999999999996,-28092.96,-10785.645,-4709.61
-9859.859999999999,-11255.67,-21271.545,-5899.455,339.39,-28159.469999999998,-10795.5,-4685.67
-9931.23,-11301.029999999999,-21294.989999999998,-5987.835,278.145,-28185.57,-10817.955,-4676.985
-9940.904999999999,-11356.605,-21338.594999999998,-5956.2,444.10499999999996,-28065.51,-10784.07,-4671.36
-9927.63,-11262.6,-21246.12,-5835.0599999999995,608.4449999999999,-27902.07,-10724.039999999999,-4719.6449999999995
-9868.14,-11223.585,-21212.82,-5833.844999999999,565.74,-27931.905,-10721.07,-4630.679999999999
-9833.94,-11278.619999999999,-21315.645,-5990.175,381.645,-28011.059999999998,-10756.26,-4521.51
-9912.06,-11388.105,-21406.86,-6073.38,324.63,-28118.475,-10825.965,-4565.474999999999
-9917.775,-11407.904999999999,-21433.14,-6079.23,314.865,-28300.14,-10885.455,-4546.9349999999995
-9867.779999999999,-11399.67,-21467.114999999998,-6077.34,290.07,-28298.925,-10875.734999999999,-4529.655
-9882.945,-11367.81,-21434.445,-6078.42,288.045,-28224.765,-10865.43,-4577.4
-9902.205,-11372.085,-21387.915,-6015.825,379.62,-28109.43,-10827.494999999999,-4586.985
-9905.94,-11363.4,-21408.075,-6041.88,377.41499999999996,-28111.364999999998,-10799.865,-4594.679999999999
-9896.175,-11352.105,-21427.875,-6127.155,362.565,-28055.835,-10773.18,-4604.535
-9832.994999999999,-11224.17,-21291.344999999998,-6082.38,453.51,-27974.52,-10717.289999999999,-4601.295
-9802.845,-11196.09,-21254.265,-6013.844999999999,411.16499999999996,-28020.6,-10740.285,-4582.575
-9845.145,-11301.029999999999,-21375.809999999998,-6092.325,300.06,-28098.315,-10766.34,-4568.94
-9920.88,-11413.395,-21485.655,-6185.655,181.26,-28183.14,-10814.715,-4562.865
-9940.994999999999,-11491.65,-21576.915,-6229.62,159.975,-28237.004999999997,-10870.289999999999,-4566.195
-9952.289999999999,-11466.9,-21534.39,-6143.264999999999,288.045,-28229.489999999998,-10906.425,-4605.3
-9901.8,-11331.09,-21357.045,-5946.57,457.38,-28178.46,-10894.814999999999,-4593.24
-9878.22,-11301.84,-21321.09,-5930.82,436.59,-28117.395,-10873.395,-4588.11
-9894.69,-11326.545,-21340.8,-5910.389999999999,447.75,-28096.469999999998,-10857.689999999999,-4602.42
-9900.945,-11346.705,-21389.355,-6016.95,381.28499999999997,-28128.015,-10833.885,-4601.25
-9905.265,-11348.91,-21393.315,-6034.139999999999,348.705,-28108.754999999997,-10818.585,-4602.825
-9888.795,-11328.57,-21341.79,-5987.025,327.42,-28057.77,-10797.48,-4589.19
-9887.49,-11349.135,-21324.465,-5929.11,325.34999999999997,-28088.325,-10817.189999999999,-4593.42
-9890.82,-11362.095,-21346.739999999998,-5954.4,302.805,-28114.02,-10821.779999999999,-4596.12
-9884.475,-11299.275,-21320.145,-5993.19,309.645,-28137.105,-10841.085,-4603.86
-9893.025,-11328.164999999999,-21315.42,-5990.445,345.33,-28116.045,-10861.695,-4614.389999999999
-9898.515,-11339.279999999999,-21329.055,-5951.79,412.46999999999997,-28058.85,-10852.199999999999,-4617.0
-9890.369999999999,-11293.064999999999,-21275.954999999998,-5922.855,459.04499999999996,-27997.92,-10830.42,-4609.575
-9894.734999999999,-11348.055,-21363.84,-6013.304999999999,400.455,-28028.789999999997,-10844.91,-4612.32
-9905.445,-11350.89,-21390.524999999998,-6083.1449999999995,349.965,-28090.844999999998,-10859.535,-4621.139999999999
-9882.81,-11294.73,-21340.079999999998,-6084.8099999999995,384.47999999999996,-28184.039999999997,-10878.66,-4606.155
-9878.625,-11308.23,-21356.19,-6049.844999999999,383.085,-28154.204999999998,-10877.22,-4602.735
-9889.605,-11320.47,-21337.829999999998,-5945.535,430.83,-28108.215,-10865.295,-4611.69
-9870.119999999999,-11317.5,-21346.875,-5923.844999999999,353.25,-28124.1,-10868.265,-4601.205
-9887.22,-11324.115,-21339.18,-5976.405,309.555,-28149.48,-10891.98,-4619.025
-9903.24,-11316.689999999999,-21335.04,-5976.719999999999,412.515,-28107.315,-10888.02,-4632.84
-9879.255,-11298.24,-21332.52,-5956.605,455.21999999999997,-28076.895,-10882.26,-4618.125
-9882.18,-11335.59,-21383.325,-6026.849999999999,312.885,-28140.03,-10902.24,-4624.695
-9894.015,-11331.404999999999,-21377.745,-6036.165,280.305,-28149.66,-10892.34,-4637.07
-9898.515,-11340.72,-21340.44,-5964.48,364.005,-28111.95,-10857.105,-4637.97
-9897.66,-11321.189999999999,-21314.88,-5941.349999999999,391.72499999999997,-28129.184999999998,-10866.33,-4639.995
-9884.744999999999,-11289.285,-21278.969999999998,-5918.67,474.255,-28076.399999999998,-10855.755,-4602.915
-9874.619999999999,-11298.24,-21294.809999999998,-5932.62,498.10499999999996,-28044.18,-10849.32,-4573.215
-9880.965,-11282.175,-21315.375,-5947.965,491.895,-28042.245,-10854.09,-4621.455
-9883.26,-11257.289999999999,-21299.489999999998,-5912.55,470.43,-28070.46,-10832.49,-4669.335
-9900.27,-11263.095,-21262.905,-5851.26,501.65999999999997,-28013.715,-10808.46,-4730.715
-9911.52,-11271.195,-21245.13,-5865.075,478.44,-28023.93,-10858.725,-4766.355
-9877.365,-11262.42,-21267.585,-5914.665,450.9,-28031.895,-10875.195,-4684.365
-9906.435,-11278.08,-21289.14,-5947.245,407.60999999999996,-28054.395,-10833.615,-4640.4
-9908.324999999999,-11353.59,-21375.045,-6007.1849999999995,325.755,-28129.094999999998,-10836.18,-4575.735
-9948.375,-11397.42,-21406.68,-6026.804999999999,317.745,-28147.32,-10874.475,-4611.24
-9990.18,-11456.595,-21467.52,-6100.425,284.76,-28186.739999999998,-10903.275,-4629.599999999999
-9943.605,-11450.925,-21514.815,-6192.719999999999,175.23,-28214.64,-10918.529999999999,-4584.15
-9901.395,-11402.279999999999,-21490.739999999998,-6238.3949999999995,91.935,-28213.605,-10931.13,-4567.7699999999995
-9862.199999999999,-11337.3,-21422.114999999998,-6131.429999999999,248.17499999999998,-28163.204999999998,-10928.564999999999,-4565.205
-9856.125,-11314.71,-21371.76,-6030.764999999999,437.49,-28085.94,-10880.279999999999,-4560.255
-9911.43,-11374.83,-21411.719999999998,-6016.995,468.945,-28066.86,-10835.46,-4571.82
-9914.94,-11407.77,-21466.89,-6136.425,300.195,-28131.84,-10843.38,-4562.595
-9918.72,-11451.824999999999,-21554.82,-6279.03,80.955,-28185.254999999997,-10845.99,-4572.54
-9903.015,-11414.52,-21523.77,-6151.23,130.68,-28162.079999999998,-10824.119999999999,-4584.42
-9896.13,-11315.88,-21327.93,-5933.295,355.40999999999997,-28109.655,-10817.189999999999,-4594.05
-9904.365,-11306.25,-21280.59,-5957.73,469.305,-28113.795,-10864.98,-4616.325
-9882.945,-11318.265,-21352.274999999998,-5953.59,498.41999999999996,-28067.399999999998,-10852.38,-4599.99
-9887.67,-11353.545,-21379.77,-5988.915,378.99,-28102.05,-10849.77,-4600.304999999999
-9889.65,-11342.835,-21359.969999999998,-6054.075,350.955,-28114.559999999998,-10877.31,-4606.695
-9900.18,-11331.27,-21427.245,-6121.53,356.31,-28107.989999999998,-10878.48,-4611.195
-9904.5,-11359.215,-21492.18,-6154.74,292.905,-28119.195,-10874.025,-4610.474999999999
-9894.869999999999,-11349.314999999999,-21376.53,-6040.844999999999,350.59499999999997,-28074.465,-10856.52,-4605.615
-9894.105,-11304.539999999999,-21276.45,-5989.275,327.06,-28095.164999999997,-10864.215,-4610.61
-9882.9,-11288.654999999999,-21283.469999999998,-5981.8949999999995,275.58,-28176.795,-10877.13,-4603.095
-9887.039999999999,-11277.0,-21283.11,-5974.74,301.905,-28144.71,-10879.47,-4611.105
-9893.97,-11323.935,-21326.579999999998,-5952.285,456.12,-28093.635,-10885.095,-4616.73
-9890.145,-11357.91,-21378.96,-5963.264999999999,511.335,-28083.645,-10876.365,-4604.355
-9900.539999999999,-11340.18,-21328.875,-5915.745,459.405,-28101.059999999998,-10875.824999999999,-4612.635
-9889.47,-11287.574999999999,-21268.844999999998,-5875.065,411.93,-28117.71,-10872.359999999999,-4612.635
-9871.605,-11338.244999999999,-21347.325,-5913.99,434.025,-28096.92,-10858.5,-4595.76
-9874.305,-11354.895,-21360.329999999998,-5934.195,462.28499999999997,-28072.395,-10850.67,-4593.375
-9879.84,-11305.305,-21334.59,-5950.215,405.18,-28136.295,-10881.494999999999,-4608.8099999999995
-9877.77,-11263.725,-21286.844999999998,-5933.655,398.565,-28138.14,-10910.34,-4636.215
-9901.215,-11256.57,-21240.405,-5895.495,451.935,-28054.844999999998,-10891.035,-4670.91
-9905.895,-11275.695,-21274.92,-5914.125,465.03,-28010.969999999998,-10849.949999999999,-4673.429999999999
-9923.67,-11364.525,-21376.8,-5984.91,380.29499999999996,-28076.445,-10860.705,-4648.995
-9960.795,-11418.705,-21406.815,-6004.44,339.3,-28126.079999999998,-10874.43,-4674.465
-9951.345,-11366.145,-21381.795,-6028.74,318.375,-28143.18,-10928.25,-4688.595
-9935.369999999999,-11298.105,-21306.059999999998,-5966.73,425.115,-28044.989999999998,-10925.55,-4696.38
-9923.94,-11299.365,-21319.965,-5949.45,465.255,-28027.664999999997,-10897.56,-4663.9349999999995
-9886.365,-11263.23,-21288.42,-5939.955,418.77,-28096.469999999998,-10874.43,-4661.46
-9886.005,-11208.465,-21209.175,-5837.67,522.72,-28001.385,-10825.38,-4741.605
-9833.355,-11171.295,-21167.64,-5801.58,525.105,-27969.12,-10760.22,-4617.045
-9807.885,-11238.615,-21264.03,-5932.3949999999995,369.63,-28085.67,-10825.695,-4483.8
-9828.945,-11330.82,-21360.105,-5993.865,321.255,-28169.37,-10881.675,-4505.535
-9868.095,-11402.595,-21442.905,-6058.215,313.28999999999996,-28203.21,-10911.06,-4538.925
-9960.21,-11457.81,-21516.12,-6161.04,273.51,-28221.57,-10941.795,-4572.224999999999
-9943.425,-11448.585,-21513.105,-6142.005,273.645,-28189.305,-10932.21,-4569.12
-9934.65,-11414.925,-21432.149999999998,-6084.09,226.17,-28203.795,-10924.83,-4598.415
-9931.994999999999,-11410.83,-21453.21,-6181.965,172.845,-28222.739999999998,-10902.195,-4629.195
-9940.41,-11385.27,-21443.67,-6126.705,313.155,-28089.989999999998,-10856.25,-4667.849999999999
-9936.09,-11344.32,-21373.29,-6048.8099999999995,376.83,-28047.42,-10870.289999999999,-4656.465
-9894.465,-11365.695,-21418.695,-6063.525,366.21,-28105.785,-10859.085,-4576.32
-9916.47,-11390.175,-21455.505,-6151.95,241.155,-28173.87,-10874.475,-4563.2699999999995
-9929.07,-11416.5,-21474.405,-6122.07,221.08499999999998,-28225.44,-10914.029999999999,-4580.505
-9894.195,-11327.58,-21362.715,-6017.8949999999995,316.395,-28171.44,-10899.72,-4590.2699999999995
-9913.77,-11342.475,-21400.469999999998,-6091.514999999999,253.62,-28162.98,-10902.779999999999,-4617.855
-9895.32,-11345.13,-21457.98,-6142.1849999999995,200.51999999999998,-28182.42,-10880.505,-4600.62
-9923.355,-11414.43,-21547.934999999998,-6183.764999999999,211.45499999999998,-28164.375,-10864.935,-4611.599999999999
-9923.85,-11390.265,-21398.67,-6052.815,358.335,-28106.73,-10883.97,-4621.275
-9876.51,-11306.43,-21312.54,-6021.855,412.83,-28101.42,-10905.21,-4602.105
-9871.83,-11302.965,-21427.469999999998,-6156.945,366.255,-28117.395,-10926.945,-4599.764999999999
-9903.015,-11362.185,-21470.579999999998,-6109.245,383.94,-28128.69,-10917.63,-4617.945
-9935.279999999999,-11365.38,-21392.64,-5992.155,403.56,-28082.295,-10882.395,-4635.8099999999995
-9918.855,-11336.535,-21271.995,-5776.155,445.72499999999997,-28073.7,-10852.74,-4621.59
-9910.529999999999,-11364.57,-21318.66,-5867.639999999999,381.28499999999997,-28082.43,-10857.195,-4616.639999999999
-9896.76,-11315.115,-21299.265,-5982.705,336.15,-28071.675,-10868.265,-4606.29
-9869.58,-11288.34,-21292.515,-5967.179999999999,398.29499999999996,-28108.62,-10867.68,-4576.1849999999995
-9856.395,-11268.855,-21291.614999999998,-5964.03,359.28,-28150.965,-10880.775,-4572.99
-9896.67,-11288.52,-21299.67,-5951.34,397.215,-28097.864999999998,-10874.97,-4608.63
-9891.63,-11279.43,-21275.145,-5929.605,486.495,-28079.504999999997,-10869.029999999999,-4620.599999999999
-9889.065,-11273.625,-21292.605,-5961.42,433.97999999999996,-28089.09,-10883.52,-4647.554999999999
-9919.619999999999,-11290.05,-21311.28,-5929.965,439.38,-28121.445,-10890.63,-4713.165
-9941.13,-11297.16,-21311.684999999998,-5904.045,479.745,-28102.184999999998,-10899.314999999999,-4750.514999999999
-9916.605,-11294.279999999999,-21288.915,-5885.505,511.91999999999996,-28024.739999999998,-10863.359999999999,-4658.355
-9852.795,-11366.64,-21362.04,-5910.75,456.47999999999996,-28097.864999999998,-10870.38,-4531.23
-9805.32,-11239.92,-21213.54,-5825.745,465.21,-28123.739999999998,-10899.18,-4554.405
-9829.845,-11115.135,-21129.255,-5786.594999999999,533.295,-28030.05,-10875.645,-4701.78
-9868.005,-11153.43,-21171.51,-5799.915,568.0799999999999,-27922.004999999997,-10825.65,-4717.035
-9879.525,-11275.65,-21276.989999999998,-5907.285,452.88,-28036.35,-10880.505,-4598.865
-9845.055,-11384.64,-21409.739999999998,-6016.365,371.29499999999996,-28151.594999999998,-10923.615,-4491.405
-9920.25,-11436.39,-21430.98,-6050.655,318.69,-28209.78,-10945.89,-4585.365
-9965.43,-11447.55,-21443.985,-6087.69,255.015,-28188.45,-10940.265,-4595.13
-9934.965,-11401.02,-21434.67,-6095.429999999999,244.755,-28187.1,-10927.439999999999,-4576.905
-9957.285,-11366.505,-21386.7,-6056.91,293.895,-28182.735,-10901.744999999999,-4622.3099999999995
-9929.925,-11367.494999999999,-21399.3,-6048.764999999999,309.24,-28165.454999999998,-10872.27,-4596.885
-9928.845,-11372.49,-21406.23,-6062.804999999999,292.545,-28152.539999999997,-10860.84,-4602.554999999999
-9932.13,-11384.279999999999,-21395.114999999998,-6024.0599999999995,355.09499999999997,-28059.93,-10825.425,-4608.675
-9900.494999999999,-11416.949999999999,-21442.815,-6066.99,285.795,-28105.739999999998,-10852.02,-4552.47
-9939.375,-11407.814999999999,-21481.245,-6149.07,230.13,-28176.84,-10914.345,-4598.099999999999
-9956.025,-11391.975,-21491.19,-6191.955,172.755,-28238.85,-10943.055,-4640.445
-9916.109999999999,-11354.22,-21400.649999999998,-6053.625,356.985,-28161.315,-10912.814999999999,-4637.835
-9876.285,-11330.414999999999,-21353.985,-5976.315,421.875,-28115.55,-10885.635,-4586.085
-9878.039999999999,-11331.27,-21363.434999999998,-6001.875,351.135,-28134.045,-10887.119999999999,-4568.04
-9906.795,-11326.994999999999,-21370.95,-6052.995,322.155,-28095.48,-10875.824999999999,-4587.66
-9925.065,-11362.095,-21430.44,-6151.32,200.34,-28033.829999999998,-10856.025,-4606.965
-9948.42,-11408.175,-21456.225,-6170.219999999999,152.055,-28065.465,-10874.16,-4632.165
-9939.914999999999,-11403.18,-21443.94,-6047.1449999999995,355.005,-28111.004999999997,-10894.275,-4629.735
-9888.119999999999,-11339.145,-21429.945,-5990.219999999999,452.29499999999996,-28178.37,-10902.734999999999,-4594.365
-9887.715,-11337.255,-21437.055,-6099.929999999999,294.16499999999996,-28223.82,-10924.695,-4594.05
-9926.414999999999,-11369.205,-21465.675,-6082.065,293.895,-28202.445,-10916.1,-4619.385
-9907.695,-11362.005,-21430.53,-6045.48,384.615,-28166.85,-10904.715,-4604.985
-9883.89,-11324.07,-21356.505,-6031.17,389.7,-28186.065,-10932.84,-4602.51
-9889.74,-11267.73,-21255.93,-6027.66,256.09499999999997,-28225.98,-10942.695,-4617.2699999999995
-9886.275,-11313.314999999999,-21360.239999999998,-6062.715,140.57999999999998,-28255.545,-10915.56,-4603.815
-9885.51,-11354.445,-21397.05,-6035.94,154.98,-28204.965,-10872.945,-4588.92
-9899.73,-11360.205,-21364.469999999998,-5965.29,287.28,-28191.69,-10887.84,-4604.49
-9944.414999999999,-11383.199999999999,-21348.045,-5935.32,413.685,-28074.645,-10876.23,-4634.82
-9911.744999999999,-11318.265,-21328.29,-5953.995,500.31,-28056.285,-10891.619999999999,-4617.224999999999
-9892.484999999999,-11297.25,-21289.454999999998,-5905.215,593.73,-28003.59,-10887.48,-4604.76
-9869.58,-11358.585,-21355.02,-5909.849999999999,548.1899999999999,-28042.155,-10871.595,-4580.595
-9891.449999999999,-11321.189999999999,-21331.035,-5967.0,392.805,-28088.82,-10880.189999999999,-4600.98
-9919.305,-11256.705,-21274.92,-5980.139999999999,354.015,-28082.789999999997,-10897.154999999999,-4653.315
-9891.945,-11268.539999999999,-21294.945,-5920.155,493.74,-27948.914999999997,-10863.18,-4682.34
-9885.779999999999,-11246.265,-21252.465,-5853.915,564.66,-27922.5,-10850.445,-4724.73
-9909.27,-11232.855,-21246.12,-5868.764999999999,525.735,-28001.204999999998,-10865.52,-4743.9
-9946.125,-11303.055,-21296.114999999998,-5921.775,447.525,-28105.11,-10881.0,-4667.76
-9976.05,-11355.795,-21321.045,-5950.889999999999,366.34499999999997,-28189.754999999997,-10934.82,-4662.764999999999
-9973.215,-11357.145,-21348.989999999998,-5988.375,357.705,-28179.405,-10952.82,-4671.405
-9942.39,-11332.35,-21339.855,-5975.865,405.45,-28141.379999999997,-10915.199999999999,-4633.065
-9865.035,-11264.805,-21255.3,-5890.23,483.12,-28086.57,-10858.725,-4552.335
-9758.88,-11202.164999999999,-21219.165,-5859.9,516.1949999999999,-28046.114999999998,-10817.73,-4434.705
-9846.585,-11264.67,-21286.98,-5931.54,439.695,-28056.555,-10806.975,-4535.099999999999
-9965.565,-11365.74,-21372.3,-6005.429999999999,379.935,-28079.73,-10848.465,-4662.675
-9980.775,-11426.939999999999,-21437.774999999998,-6071.355,307.17,-28152.989999999998,-10874.475,-4620.465
-9920.295,-11388.33,-21422.79,-6061.23,308.7,-28156.95,-10865.16,-4579.065
-9896.265,-11337.21,-21375.945,-6021.405,351.675,-28126.53,-10886.625,-4612.724999999999
-9875.654999999999,-11318.625,-21342.78,-5993.955,363.735,-28116.18,-10927.89,-4603.005
-9878.49,-11322.045,-21352.005,-6004.62,344.07,-28150.829999999998,-10938.779999999999,-4573.17
-9899.279999999999,-11310.84,-21329.954999999998,-5987.565,346.40999999999997,-28166.219999999998,-10974.779999999999,-4609.53
-9885.914999999999,-11277.855,-21294.36,-5969.295,312.3,-28183.815,-11033.595,-4633.29
-9903.105,-11317.725,-21363.975,-6047.505,225.945,-28232.055,-11018.609999999999,-4625.82
-9894.285,-11364.074999999999,-21424.635,-6087.375,293.445,-28182.239999999998,-10928.205,-4584.735
-9905.805,-11447.73,-21534.03,-6171.03,259.83,-28165.05,-10847.789999999999,-4568.445
-9969.615,-11432.43,-21522.645,-6201.2699999999995,169.245,-28260.585,-10867.275,-4583.88
-9898.695,-11363.4,-21466.079999999998,-6192.36,204.61499999999998,-28230.344999999998,-10905.795,-4533.21
-9833.535,-11296.529999999999,-21353.399999999998,-5961.6449999999995,504.71999999999997,-28007.864999999998,-10844.55,-4510.304999999999
-9822.869999999999,-11274.705,-21267.27,-5827.545,632.8349999999999,-27927.675,-10815.345,-4515.389999999999
-9887.039999999999,-11353.545,-21325.86,-5942.835,418.09499999999997,-28057.725,-10867.14,-4576.095
-9947.97,-11417.039999999999,-21417.704999999998,-6093.045,263.96999999999997,-28104.164999999997,-10883.43,-4626.63
-9986.039999999999,-11401.695,-21435.075,-6054.255,248.355,-28148.805,-10907.595,-4656.87
-9982.08,-11402.955,-21388.454999999998,-6008.715,228.73499999999999,-28217.655,-10932.48,-4656.69
-9944.279999999999,-11328.795,-21357.54,-6037.155,299.565,-28251.899999999998,-10957.635,-4638.87
-9928.664999999999,-11358.72,-21394.934999999998,-6053.67,393.525,-28220.67,-10968.21,-4616.595
-9923.895,-11408.805,-21476.204999999998,-6118.38,273.78,-28214.91,-10924.244999999999,-4601.115
-9925.83,-11333.115,-21355.829999999998,-6040.71,317.88,-28096.335,-10897.289999999999,-4617.315
-9918.63,-11306.97,-21331.62,-6018.3,438.21,-28058.039999999997,-10900.619999999999,-4623.48
-9908.19,-11350.664999999999,-21404.024999999998,-6059.61,329.13,-28152.045,-10918.8,-4610.474999999999
-9901.574999999999,-11338.83,-21433.545,-6101.505,173.025,-28236.105,-10949.31,-4607.865
-9907.02,-11333.385,-21465.27,-6104.429999999999,300.555,-28186.605,-10963.8,-4615.514999999999
-9916.244999999999,-11369.34,-21425.579999999998,-6021.945,412.695,-28087.965,-10934.73,-4609.44
-9907.02,-11329.785,-21286.844999999998,-5963.264999999999,384.47999999999996,-28065.645,-10923.84,-4601.745
-9903.779999999999,-11304.855,-21325.454999999998,-5988.87,383.76,-28139.309999999998,-10956.24,-4602.33
-9906.93,-11342.07,-21384.09,-5966.55,402.65999999999997,-28156.815,-10956.42,-4600.665
-9892.484999999999,-11326.14,-21293.1,-5866.245,486.0,-28080.495,-10916.775,-4591.035
-9897.029999999999,-11277.045,-21265.559999999998,-5926.005,434.34,-28094.489999999998,-10939.05,-4611.014999999999
-9886.5,-11272.455,-21276.405,-5928.615,430.56,-28148.579999999998,-10969.02,-4608.855
-9878.805,-11282.49,-21292.469999999998,-5904.045,439.335,-28172.879999999997,-10981.529999999999,-4605.48
-9878.265,-11269.845,-21275.864999999998,-5890.995,467.775,-28114.739999999998,-10973.34,-4615.425
-9911.295,-11310.119999999999,-21325.635,-5919.255,450.135,-28096.605,-10955.115,-4657.23
-9940.815,-11286.27,-21310.829999999998,-5944.7699999999995,428.805,-28079.504999999997,-10972.439999999999,-4723.2
-10008.945,-11307.869999999999,-21306.87,-5933.295,448.46999999999997,-28060.02,-11002.455,-4823.82
-9982.395,-11287.395,-21288.195,-5917.905,443.43,-28083.645,-10970.865,-4754.205
-9895.455,-11255.445,-21256.065,-5875.469999999999,482.445,-28020.105,-10911.375,-4618.62
-9795.33,-11248.289999999999,-21255.21,-5875.695,464.445,-27982.53,-10886.58,-4454.415
-9785.34,-11311.74,-21323.745,-5957.505,372.33,-28087.155,-10930.32,-4433.445
-9926.234999999999,-11396.52,-21435.03,-6056.955,328.905,-28156.004999999997,-10986.705,-4605.57
-9972.945,-11378.475,-21413.204999999998,-6051.105,349.065,-28173.195,-11001.195,-4657.545
-9957.645,-11390.175,-21414.329999999998,-6064.469999999999,293.76,-28177.379999999997,-10986.795,-4628.07
-9915.435,-11428.74,-21460.364999999998,-6052.455,344.47499999999997,-28108.079999999998,-10945.529999999999,-4587.66
-9925.289999999999,-11327.805,-21357.045,-5979.0599999999995,458.955,-28034.55,-10958.355,-4668.705
-9933.074999999999,-11287.215,-21328.2,-5984.19,409.635,-28115.64,-11038.68,-4696.965
-9947.34,-11332.395,-21366.63,-6036.03,296.28,-28187.37,-11062.439999999999,-4629.15
-9881.73,-11341.574999999999,-21366.09,-6056.054999999999,219.15,-28267.2,-11049.75,-4498.155
-9849.555,-11344.949999999999,-21405.78,-6070.455,246.375,-28310.039999999997,-11050.965,-4476.69
-9911.025,-11399.22,-21441.329999999998,-6097.139999999999,241.785,-28340.594999999998,-11015.73,-4538.385
-9937.755,-11408.76,-21465.945,-6085.844999999999,294.705,-28183.995,-11009.385,-4592.295
-9960.75,-11389.095,-21423.825,-6041.5199999999995,359.01,-28074.87,-11002.949999999999,-4634.28
-9948.42,-11357.775,-21334.454999999998,-5993.955,389.96999999999997,-28087.739999999998,-10992.465,-4630.365
-9920.52,-11381.445,-21419.415,-6063.615,352.84499999999997,-28143.765,-11020.859999999999,-4606.65
-9916.875,-11375.145,-21434.895,-6091.0199999999995,276.84,-28156.41,-11012.715,-4596.84
-9924.525,-11403.359999999999,-21445.829999999998,-6164.82,111.015,-28252.62,-10988.865,-4593.96
-9910.529999999999,-11361.285,-21441.015,-6102.719999999999,216.26999999999998,-28206.809999999998,-10987.47,-4595.264999999999
-9940.455,-11344.23,-21413.925,-6060.105,367.83,-28079.73,-10984.32,-4624.38
-9925.83,-11325.015,-21377.79,-6072.615,393.34499999999997,-28078.649999999998,-10998.225,-4625.28
-9902.07,-11322.314999999999,-21388.23,-6077.7,249.345,-28136.789999999997,-11012.715,-4599.945
-9894.555,-11341.98,-21371.13,-6057.764999999999,180.67499999999998,-28180.844999999998,-11010.914999999999,-4583.79
-9916.74,-11319.029999999999,-21331.035,-6014.745,316.97999999999996,-28198.305,-11036.16,-4615.965
-9938.025,-11353.77,-21364.469999999998,-5960.25,488.745,-28183.274999999998,-11046.06,-4623.389999999999
-9916.02,-11346.164999999999,-21375.495,-5939.235,492.705,-28147.635,-11029.095,-4602.78
-9891.539999999999,-11300.085,-21348.0,-5968.3949999999995,321.03,-28145.789999999997,-11007.359999999999,-4587.705
-9902.115,-11307.734999999999,-21344.13,-6049.44,233.23499999999999,-28094.625,-10987.199999999999,-4599.09
-9955.98,-11387.205,-21429.495,-6117.66,296.145,-28042.829999999998,-10996.92,-4634.595
-9926.279999999999,-11338.92,-21363.12,-6021.9,484.245,-28070.55,-11024.55,-4617.2699999999995
-9866.835,-11283.795,-21290.76,-5926.5,528.615,-28146.645,-11022.975,-4573.845
-9893.88,-11349.765,-21339.899999999998,-5944.094999999999,460.125,-28101.329999999998,-11004.57,-4585.365
-9916.695,-11350.98,-21377.745,-5987.745,398.07,-28110.239999999998,-11027.16,-4608.855
-9888.029999999999,-11297.699999999999,-21415.005,-6034.41,390.10499999999996,-28114.649999999998,-11037.779999999999,-4604.8949999999995
-9896.76,-11351.475,-21409.695,-5939.37,451.395,-28123.605,-11052.18,-4630.365
-9940.275,-11328.164999999999,-21305.52,-5869.62,454.68,-28151.46,-11073.105,-4703.49
-9972.18,-11308.23,-21253.184999999998,-5900.085,370.485,-28147.274999999998,-11077.965,-4765.455
-9954.09,-11264.039999999999,-21233.565,-5890.5,391.09499999999997,-28114.965,-11049.885,-4750.425
-9916.875,-11249.82,-21254.219999999998,-5947.29,349.38,-28169.145,-11058.795,-4668.345
-9905.94,-11262.96,-21261.015,-5941.53,417.24,-28166.355,-11070.225,-4631.355
-9881.55,-11279.025,-21282.39,-5935.005,432.53999999999996,-28122.93,-11054.43,-4575.599999999999
-9852.435,-11277.18,-21298.094999999998,-5943.554999999999,419.58,-28136.61,-11029.77,-4518.63
-9815.85,-11249.955,-21273.795,-5926.1849999999995,466.065,-28125.945,-10997.01,-4506.84
-9898.56,-11327.76,-21335.535,-5981.49,429.885,-28131.885,-11026.17,-4619.34
-10016.73,-11423.564999999999,-21444.84,-6080.535,324.63,-28193.489999999998,-11082.869999999999,-4708.575
-9996.885,-11441.16,-21463.515,-6065.415,336.28499999999997,-28174.05,-11083.545,-4635.855
-9879.615,-11306.115,-21330.495,-5929.5599999999995,457.65,-28078.965,-11072.699999999999,-4575.105
-9831.914999999999,-11250.63,-21284.55,-5919.57,439.2,-28128.51,-11089.529999999999,-4572.72
-9912.869999999999,-11305.664999999999,-21327.524999999998,-5969.5199999999995,373.635,-28160.37,-11062.305,-4632.03
-9989.865,-11394.585,-21396.42,-6037.74,310.59,-28196.414999999997,-11070.449999999999,-4641.03
-9956.654999999999,-11418.48,-21440.835,-6090.705,235.215,-28248.93,-11078.955,-4565.7
-9911.97,-11396.744999999999,-21435.344999999998,-6083.73,279.63,-28228.454999999998,-11087.82,-4531.455
-9878.67,-11378.475,-21420.45,-6079.815,295.46999999999997,-28204.965,-11077.154999999999,-4536.72
-9871.425,-11377.08,-21459.375,-6115.365,229.45499999999998,-28242.899999999998,-11062.89,-4545.855
-9917.82,-11371.68,-21417.48,-6054.075,317.655,-28168.02,-11064.42,-4585.365
-9910.98,-11356.92,-21405.329999999998,-6025.139999999999,403.695,-28149.48,-11079.675,-4592.115
-9925.47,-11381.4,-21440.79,-6050.07,340.425,-28143.765,-11065.59,-4606.155
-9960.345,-11387.52,-21409.92,-6074.01,213.66,-28208.204999999998,-11091.645,-4636.665
-9961.47,-11375.73,-21380.13,-6039.855,207.72,-28197.765,-11077.47,-4637.565
-9938.565,-11386.395,-21473.055,-6158.205,190.70999999999998,-28149.614999999998,-11038.14,-4616.37
-9928.08,-11359.98,-21466.62,-6134.264999999999,319.815,-28129.454999999998,-11045.115,-4617.855
-9917.955,-11339.055,-21389.13,-6057.675,347.53499999999997,-28174.094999999998,-11056.904999999999,-4610.5199999999995
-9923.625,-11379.869999999999,-21407.67,-6062.264999999999,319.14,-28145.25,-11049.435,-4610.5199999999995
-9933.39,-11364.48,-21399.66,-6035.49,345.465,-28076.355,-11045.07,-4616.595
-9921.375,-11357.414999999999,-21403.89,-6039.99,289.62,-28134.495,-11081.97,-4611.105
-9925.335,-11377.89,-21475.89,-6108.615,253.70999999999998,-28221.21,-11121.615,-4619.745
-9930.24,-11307.555,-21385.44,-6034.679999999999,379.08,-28217.34,-11134.439999999999,-4638.69
-9921.33,-11325.689999999999,-21372.255,-6038.01,415.71,-28164.105,-11088.18,-4624.965
-9931.455,-11363.715,-21461.895,-6153.12,320.985,-28135.89,-11062.17,-4619.25
-9934.47,-11376.765,-21480.39,-6184.44,302.625,-28151.19,-11061.9,-4616.28
-9926.234999999999,-11390.355,-21406.635,-6011.955,447.21,-28062.27,-11011.725,-4593.915
-9905.039999999999,-11308.32,-21284.55,-6020.55,388.84499999999997,-28075.77,-11041.74,-4598.865
-9892.305,-11265.435,-21256.515,-6042.195,241.56,-28139.715,-11059.199999999999,-4601.115
-9905.49,-11293.965,-21294.09,-5972.264999999999,317.43,-28207.98,-11068.56,-4616.28
-9917.46,-11273.67,-21231.27,-5800.32,495.945,-28198.395,-11070.585,-4639.275
-9928.574999999999,-11261.97,-21195.719999999998,-5768.82,479.205,-28090.8,-11051.73,-4676.264999999999
-9926.1,-11287.484999999999,-21257.774999999998,-5884.92,424.935,-28065.149999999998,-11050.335,-4673.07
-9912.105,-11351.52,-21377.79,-6004.215,450.22499999999997,-28056.87,-11056.455,-4633.47
-9886.635,-11321.145,-21353.579999999998,-5983.785,459.495,-28166.085,-11089.755,-4593.014999999999
-9878.67,-11387.789999999999,-21394.395,-6005.5199999999995,284.805,-28323.045,-11112.84,-4544.37
-9904.68,-11322.99,-21323.07,-5954.085,288.315,-28282.995,-11106.72,-4594.365
-9915.795,-11308.455,-21297.645,-5882.445,447.16499999999996,-28080.27,-11046.24,-4663.575
-9982.395,-11284.92,-21262.815,-5852.7,535.4549999999999,-27942.164999999997,-11042.775,-4782.96
-9968.58,-11255.625,-21253.005,-5857.695,564.39,-27913.59,-11063.564999999999,-4782.96
-9951.119999999999,-11363.895,-21351.195,-5947.065,453.06,-28060.695,-11079.765,-4677.12
-9851.67,-11326.77,-21328.739999999998,-5968.08,399.73499999999996,-28172.34,-11085.074999999999,-4473.09
-9845.279999999999,-11283.705,-21282.48,-5922.855,451.97999999999996,-28117.89,-11081.564999999999,-4490.28
-9897.164999999999,-11313.765,-21342.105,-5982.12,391.68,-28150.245,-11113.289999999999,-4585.139999999999
-9982.44,-11357.145,-21385.665,-6041.205,331.60499999999996,-28166.895,-11107.845,-4679.235
-9992.43,-11402.234999999999,-21435.57,-6084.179999999999,267.93,-28163.204999999998,-11081.16,-4694.264999999999
-9944.234999999999,-11388.645,-21431.88,-6084.719999999999,273.645,-28165.454999999998,-11038.455,-4624.47
-9919.619999999999,-11361.33,-21396.239999999998,-6055.785,324.135,-28162.89,-11054.295,-4560.929999999999
-9933.885,-11391.48,-21416.76,-6063.615,295.60499999999996,-28209.105,-11094.48,-4546.845
-9935.955,-11402.595,-21430.934999999998,-6066.8099999999995,262.755,-28204.11,-11093.265,-4575.69
-9944.82,-11363.039999999999,-21406.14,-6067.08,262.71,-28190.024999999998,-11088.27,-4617.495
-9937.619999999999,-11343.33,-21363.75,-6022.71,370.08,-28174.995,-11114.505,-4601.745
-9894.779999999999,-11327.085,-21353.399999999998,-6013.98,390.69,-28171.215,-11145.24,-4565.88
-9873.045,-11300.445,-21328.425,-5968.665,395.90999999999997,-28138.815,-11136.24,-4579.47
-9886.815,-11307.645,-21347.145,-5960.565,424.395,-28102.77,-11119.904999999999,-4599.63
-9914.039999999999,-11376.494999999999,-21456.989999999998,-6090.795,303.34499999999997,-28177.605,-11101.545,-4573.349999999999
-9933.39,-11385.494999999999,-21412.665,-6043.95,318.735,-28184.715,-11081.97,-4576.005
-9926.46,-11354.445,-21376.575,-6037.335,303.435,-28215.135,-11108.564999999999,-4603.23
-9955.44,-11407.41,-21460.995,-6159.78,249.61499999999998,-28236.51,-11133.945,-4629.599999999999
-9954.72,-11428.244999999999,-21474.54,-6131.429999999999,231.795,-28155.735,-11097.72,-4619.88
-9930.24,-11390.22,-21498.885,-6212.205,152.73,-28175.219999999998,-11105.414999999999,-4605.03
-9943.02,-11386.845,-21534.434999999998,-6277.5,232.92,-28221.164999999997,-11118.645,-4618.53
-9935.73,-11365.154999999999,-21464.505,-6098.625,376.065,-28238.355,-11129.76,-4617.945
-9910.305,-11323.125,-21343.77,-5916.6449999999995,412.78499999999997,-28163.745,-11105.055,-4601.295
-9910.395,-11313.314999999999,-21304.665,-5899.23,398.43,-28140.254999999997,-11108.115,-4607.054999999999
-9913.68,-11306.925,-21283.425,-5939.37,370.53,-28171.125,-11114.73,-4610.5199999999995
-9915.435,-11333.205,-21310.695,-5928.795,423.135,-28146.914999999997,-11095.83,-4605.12
-9926.505,-11372.265,-21377.43,-5998.005,375.65999999999997,-28155.914999999997,-11099.97,-4613.58
-9924.84,-11401.83,-21482.505,-6066.675,324.71999999999997,-28134.539999999997,-11090.52,-4605.705
-9923.715,-11403.675,-21478.995,-6067.26,350.82,-28098.495,-11087.91,-4604.58
-9906.48,-11290.14,-21274.155,-5942.07,450.135,-28152.315,-11129.805,-4607.19
-9901.529999999999,-11299.725,-21311.684999999998,-6000.21,358.335,-28255.815,-11142.63,-4597.965
-9928.395,-11331.72,-21350.475,-6016.905,302.985,-28267.739999999998,-11148.615,-4617.2699999999995
-9913.59,-11349.63,-21394.89,-6013.304999999999,298.395,-28209.465,-11136.33,-4611.465
-9917.73,-11315.25,-21325.68,-5994.855,269.46,-28124.1,-11101.635,-4607.82
-9937.529999999999,-11326.545,-21296.745,-6020.37,219.32999999999998,-28108.664999999997,-11100.105,-4618.44
-9942.029999999999,-11388.06,-21389.175,-6015.915,365.84999999999997,-28059.48,-11091.15,-4622.49
-9919.215,-11305.305,-21308.445,-5919.885,537.345,-28099.305,-11106.765,-4612.455
-9896.76,-11290.68,-21299.445,-5932.844999999999,436.5,-28143.945,-11120.175,-4599.945
-9888.615,-11270.205,-21287.204999999998,-5927.04,354.555,-28122.03,-11127.645,-4618.485
-9911.385,-11243.43,-21255.3,-5893.469999999999,456.03,-28100.835,-11145.555,-4695.929999999999
-9960.84,-11257.289999999999,-21253.5,-5878.62,535.4549999999999,-28064.16,-11159.595,-4791.825
-9997.38,-11315.34,-21309.66,-5919.885,485.41499999999996,-28071.27,-11159.279999999999,-4790.5199999999995
-10005.615,-11408.984999999999,-21387.915,-5983.0199999999995,393.57,-28120.32,-11159.955,-4714.514999999999
-9963.99,-11423.789999999999,-21434.175,-6039.405,335.88,-28169.37,-11150.414999999999,-4621.7699999999995
-9957.914999999999,-11431.395,-21454.829999999998,-6086.16,279.315,-28252.62,-11164.814999999999,-4592.295
-9912.869999999999,-11348.505,-21346.11,-6013.53,323.505,-28302.39,-11178.765,-4545.585
-9828.225,-11252.43,-21292.695,-5981.76,334.53,-28343.745,-11187.63,-4494.87
-9852.885,-11259.855,-21304.305,-5978.969999999999,350.685,-28290.51,-11210.939999999999,-4547.7
-9880.065,-11310.57,-21342.735,-5996.205,380.43,-28155.239999999998,-11168.189999999999,-4544.505
-9916.875,-11326.68,-21345.03,-5970.24,442.305,-28033.02,-11110.59,-4606.29
-9958.68,-11346.57,-21364.469999999998,-5982.21,430.38,-28020.329999999998,-11110.275,-4668.705
-9960.84,-11336.58,-21334.86,-5973.929999999999,400.72499999999997,-28084.905,-11110.545,-4658.13
-9903.6,-11317.859999999999,-21326.355,-5996.205,401.21999999999997,-28102.32,-11126.699999999999,-4558.32
-9850.23,-11340.494999999999,-21394.215,-6092.01,299.15999999999997,-28156.5,-11149.965,-4500.179999999999
-9936.0,-11397.015,-21482.325,-6189.84,108.045,-28302.48,-11200.994999999999,-4594.05
-10005.66,-11498.445,-21603.195,-6231.42,89.00999999999999,-28321.245,-11223.585,-4636.9349999999995
-10008.81,-11493.81,-21565.305,-6215.715,149.31,-28269.989999999998,-11248.695,-4655.835
-9994.635,-11432.654999999999,-21477.915,-6128.325,333.18,-28138.995,-11201.67,-4642.155
-9971.775,-11398.77,-21414.015,-6054.66,326.655,-28210.41,-11230.289999999999,-4635.2699999999995
-9932.805,-11347.965,-21381.03,-5988.78,401.21999999999997,-28200.42,-11229.345,-4595.625
-9915.119999999999,-11354.939999999999,-21395.16,-6031.44,338.895,-28201.77,-11185.244999999999,-4576.455
-9918.404999999999,-11392.154999999999,-21443.805,-6097.365,280.17,-28182.69,-11164.365,-4582.755
-9936.27,-11352.015,-21350.969999999998,-6036.255,327.195,-28130.985,-11163.015,-4611.465
-9938.475,-11344.59,-21343.95,-6008.58,343.84499999999997,-28136.745,-11170.484999999999,-4614.21
-9927.315,-11337.615,-21361.905,-6030.63,333.81,-28097.64,-11146.994999999999,-4601.07
-9930.105,-11346.345,-21398.94,-6041.205,318.06,-28130.579999999998,-11169.09,-4609.17
-9938.789999999999,-11376.09,-21435.255,-6040.44,331.2,-28151.325,-11186.955,-4612.005
-9931.23,-11384.369999999999,-21408.344999999998,-5999.8949999999995,344.43,-28151.684999999998,-11188.35,-4607.325
-9918.494999999999,-11346.119999999999,-21380.579999999998,-6025.679999999999,323.865,-28183.815,-11196.81,-4605.12
-9912.105,-11319.39,-21366.09,-6074.594999999999,275.76,-28250.145,-11221.65,-4607.6849999999995
-9921.24,-11357.82,-21338.864999999998,-5970.0599999999995,407.655,-28174.545,-11211.164999999999,-4613.04
-9920.88,-11371.994999999999,-21382.965,-5925.554999999999,482.4,-28111.454999999998,-11177.46,-4602.554999999999
-9930.779999999999,-11331.225,-21323.204999999998,-5978.5199999999995,426.06,-28127.52,-11186.1,-4614.615
-9923.67,-11332.845,-21354.344999999998,-6013.44,393.255,-28153.8,-11197.8,-4614.48
-9920.88,-11334.42,-21366.809999999998,-6005.745,375.21,-28202.219999999998,-11202.795,-4609.08
-9932.265,-11329.109999999999,-21361.274999999998,-6027.929999999999,378.81,-28199.745,-11206.215,-4613.3099999999995
-9929.789999999999,-11322.404999999999,-21353.265,-6047.865,352.8,-28174.23,-11212.289999999999,-4613.04
-9930.51,-11331.09,-21345.704999999998,-5992.92,361.71,-28160.28,-11209.77,-4612.365
-9930.105,-11367.585,-21385.17,-5996.115,327.91499999999996,-28162.53,-11202.84,-4605.75
-9928.035,-11354.13,-21355.38,-6003.585,300.59999999999997,-28192.32,-11223.81,-4610.5199999999995
-9916.74,-11336.22,-21336.3,-5983.514999999999,360.405,-28176.75,-11234.925,-4620.24
-9906.885,-11273.265,-21300.12,-5976.09,419.31,-28159.289999999997,-11251.215,-4646.34
-9910.529999999999,-11297.385,-21285.63,-5936.04,449.055,-28148.579999999998,-11231.55,-4659.21
-9935.91,-11291.13,-21294.63,-5946.795,417.645,-28191.285,-11250.945,-4701.014999999999
-9976.5,-11284.154999999999,-21281.219999999998,-5926.005,399.69,-28183.545,-11274.029999999999,-4743.045
-10018.574999999999,-11310.39,-21301.739999999998,-5939.865,401.84999999999997,-28107.675,-11269.8,-4812.705
-10022.085,-11318.895,-21322.395,-5973.03,343.53,-28135.17,-11275.965,-4815.945
-9963.945,-11338.199999999999,-21348.09,-6019.875,230.76,-28248.93,-11298.779999999999,-4648.86
-9892.395,-11400.39,-21414.015,-6102.09,189.35999999999999,-28256.129999999997,-11293.064999999999,-4446.72
-9923.445,-11467.89,-21483.495,-6120.719999999999,313.2,-28190.52,-11286.855,-4486.095
-9905.805,-11356.515,-21354.57,-5952.78,518.22,-28106.055,-11257.199999999999,-4555.44
-9867.06,-11330.46,-21324.69,-5951.07,451.03499999999997,-28089.315,-11245.275,-4550.8949999999995
-9872.865,-11329.92,-21338.325,-5993.054999999999,368.64,-28083.555,-11271.24,-4554.9
-9903.779999999999,-11326.005,-21331.665,-6003.855,355.59,-28108.125,-11304.99,-4601.61
-9942.57,-11353.32,-21369.239999999998,-6011.639999999999,342.45,-28185.48,-11334.914999999999,-4630.5
-9911.565,-11333.654999999999,-21335.04,-5973.48,393.525,-28162.305,-11303.55,-4571.46
-9877.32,-11363.76,-21358.8,-5983.38,401.13,-28182.78,-11279.25,-4515.3
-9886.005,-11406.24,-21426.614999999998,-6059.115,296.505,-28287.585,-11326.005,-4532.715
-9917.1,-11312.91,-21371.94,-6064.245,294.885,-28273.5,-11362.185,-4572.63
-9948.96,-11360.52,-21433.41,-6125.219999999999,257.625,-28253.52,-11361.33,-4617.135
-9962.414999999999,-11410.02,-21486.735,-6174.315,255.375,-28138.004999999997,-11331.72,-4634.1449999999995
-9953.145,-11372.13,-21384.495,-6047.28,346.635,-28160.82,-11347.154999999999,-4631.535
-9985.635,-11376.494999999999,-21388.59,-6032.205,323.19,-28232.145,-11356.875,-4663.26
-10010.97,-11411.775,-21404.745,-6097.5,246.87,-28244.114999999998,-11366.414999999999,-4682.07
-9970.02,-11425.005,-21463.335,-6104.969999999999,310.77,-28167.254999999997,-11346.435,-4622.94
-9937.395,-11390.85,-21429.945,-6027.255,390.465,-28122.39,-11309.445,-4568.04
-9930.465,-11365.064999999999,-21400.065,-6011.054999999999,350.325,-28168.605,-11334.555,-4588.695
-9930.015,-11356.244999999999,-21380.985,-5979.014999999999,402.93,-28172.789999999997,-11362.185,-4605.03
-9923.039999999999,-11350.619999999999,-21383.864999999998,-6020.6849999999995,381.41999999999996,-28154.07,-11359.305,-4596.795
-9916.92,-11324.654999999999,-21407.309999999998,-6093.36,302.985,-28128.149999999998,-11360.295,-4594.139999999999
-9908.775,-11307.824999999999,-21362.895,-6058.9349999999995,256.005,-28170.945,-11372.13,-4593.51
-9928.484999999999,-11346.705,-21379.59,-6046.065,261.135,-28262.024999999998,-11397.555,-4608.72
-9956.025,-11383.83,-21379.364999999998,-5975.73,361.305,-28226.25,-11390.58,-4625.82
-9926.685,-11340.765,-21372.03,-6025.95,316.34999999999997,-28158.164999999997,-11383.515,-4612.86
-9936.27,-11370.15,-21448.215,-6129.405,169.33499999999998,-28170.315,-11397.914999999999,-4623.255
-9970.515,-11407.005,-21462.48,-6148.844999999999,228.51,-28155.645,-11408.265,-4644.945
-9965.25,-11385.314999999999,-21411.989999999998,-6084.675,400.22999999999996,-28172.789999999997,-11425.725,-4645.889999999999
-9915.029999999999,-11309.58,-21309.165,-5965.83,493.38,-28218.825,-11416.59,-4610.655
-9905.265,-11317.545,-21325.454999999998,-5985.2699999999995,415.53,-28202.895,-11394.18,-4599.99
-9917.19,-11346.57,-21360.465,-5980.545,354.78,-28189.664999999997,-11383.244999999999,-4603.139999999999
-9933.255,-11318.22,-21325.274999999998,-5945.67,431.28,-28126.079999999998,-11374.244999999999,-4609.889999999999
-9937.484999999999,-11343.779999999999,-21352.184999999998,-5965.695,438.255,-28120.23,-11380.68,-4610.07
-9912.51,-11324.654999999999,-21338.325,-5989.455,393.75,-28137.6,-11382.615,-4594.139999999999
-9915.435,-11326.59,-21301.559999999998,-5971.005,387.585,-28150.829999999998,-11390.49,-4597.29
-9908.865,-11342.789999999999,-21324.329999999998,-5939.775,394.11,-28169.954999999998,-11399.355,-4591.9349999999995
-9916.02,-11334.555,-21337.605,-5974.38,370.575,-28181.07,-11404.845,-4603.095
-9918.63,-11303.73,-21311.28,-5949.09,414.495,-28167.03,-11407.635,-4621.86
-9912.42,-11326.545,-21322.665,-5930.505,441.675,-28122.84,-11389.455,-4665.0599999999995
-9980.82,-11308.68,-21303.135,-5898.24,460.48499999999996,-28133.504999999997,-11411.595,-4860.495
-10016.01,-11242.664999999999,-21214.665,-5844.96,491.49,-28169.55,-11457.539999999999,-4915.8
-9981.539999999999,-11297.205,-21271.41,-5887.53,452.205,-28164.78,-11451.33,-4776.795
-9931.815,-11382.84,-21402.54,-6069.42,278.28,-28194.57,-11442.465,-4489.65
-9859.23,-11381.67,-21439.53,-6122.835,265.995,-28186.515,-11436.435,-4399.65
-9925.875,-11402.955,-21420.315,-6047.865,351.36,-28186.469999999998,-11435.67,-4544.28
-9965.16,-11416.5,-21427.02,-6078.69,281.835,-28249.829999999998,-11441.07,-4570.785
-9945.404999999999,-11361.689999999999,-21377.295,-6041.925,324.945,-28213.245,-11422.664999999999,-4565.115
-9901.845,-11338.605,-21365.145,-6024.42,357.03,-28170.09,-11408.805,-4533.885
-9881.685,-11323.529999999999,-21349.215,-6004.889999999999,369.405,-28190.52,-11432.744999999999,-4550.985
-9911.115,-11328.885,-21347.864999999998,-6000.48,369.18,-28217.385,-11488.59,-4618.26
-9958.994999999999,-11348.865,-21387.059999999998,-6077.429999999999,259.56,-28293.075,-11529.99,-4686.03
-9979.289999999999,-11345.805,-21377.385,-6088.679999999999,266.84999999999997,-28253.61,-11522.744999999999,-4710.465
-9962.279999999999,-11354.445,-21382.469999999998,-6084.09,346.815,-28208.879999999997,-11477.925,-4630.005
-9936.585,-11365.695,-21372.704999999998,-6015.554999999999,409.5,-28128.42,-11441.925,-4568.804999999999
-9940.23,-11388.105,-21397.005,-6023.205,294.21,-28150.425,-11466.9,-4613.625
-9989.91,-11425.994999999999,-21458.475,-6094.62,211.995,-28229.805,-11479.59,-4640.445
-9982.98,-11436.345,-21471.12,-6105.24,274.635,-28210.454999999998,-11474.414999999999,-4611.285
-9954.99,-11401.109999999999,-21411.765,-6055.92,340.245,-28194.39,-11480.445,-4605.4349999999995
-9924.119999999999,-11364.57,-21391.245,-6021.315,390.78,-28195.739999999998,-11475.99,-4603.86
-9936.765,-11364.119999999999,-21390.48,-6015.375,387.53999999999996,-28206.899999999998,-11471.49,-4608.315
-9936.404999999999,-11342.205,-21394.079999999998,-6069.33,308.43,-28264.454999999998,-11517.975,-4610.115
-9927.765,-11357.955,-21449.07,-6132.375,263.205,-28259.64,-11527.335,-4596.929999999999
-9931.815,-11380.32,-21494.565,-6177.87,274.14,-28233.855,-11521.98,-4579.425
