ch0,ch1,ch2,ch3,ch4,ch5,ch6,ch7
-10653.074999999999,-11438.369999999999,-21753.045,-6298.92,394.65,-28949.355,-10842.705,-4444.38
-10666.574999999999,-11432.43,-21726.765,-6323.985,387.85499999999996,-28931.535,-10805.265,-4440.24
-10663.965,-11440.935,-21710.565,-6305.3099999999995,364.32,-28954.44,-10798.56,-4405.005
-10628.414999999999,-11465.055,-21766.454999999998,-6329.79,298.485,-28958.085,-10805.805,-4349.34
-10609.38,-11444.625,-21727.125,-6219.36,356.21999999999997,-28944.945,-10815.074999999999,-4351.7699999999995
-10636.38,-11449.71,-21724.245,-6221.88,371.47499999999997,-28960.92,-10841.715,-4377.735
-10658.295,-11461.949999999999,-21736.17,-6204.014999999999,427.185,-28984.41,-10833.39,-4387.5
-10663.965,-11448.539999999999,-21723.344999999998,-6161.94,478.26,-28943.46,-10805.67,-4413.24
-10672.38,-11439.18,-21700.26,-6164.505,437.715,-28909.754999999997,-10781.91,-4441.455
-10680.029999999999,-11456.324999999999,-21751.785,-6246.764999999999,379.16999999999996,-28930.77,-10785.195,-4467.195
-10695.33,-11474.414999999999,-21768.254999999997,-6262.469999999999,365.35499999999996,-28986.3,-10820.07,-4455.855
-10674.359999999999,-11451.015,-21728.7,-6232.41,351.135,-29022.21,-10844.64,-4415.49
-10633.949999999999,-11444.715,-21733.92,-6258.105,366.34499999999997,-28986.21,-10830.779999999999,-4357.305
-10639.619999999999,-11454.21,-21744.27,-6275.429999999999,406.305,-28921.95,-10803.285,-4363.47
-10667.654999999999,-11466.99,-21750.66,-6265.304999999999,353.655,-28951.695,-10819.17,-4413.6449999999995
-10664.19,-11473.335,-21755.925,-6257.565,310.635,-29029.725,-10855.845,-4417.92
-10662.074999999999,-11442.015,-21725.594999999998,-6221.745,389.115,-28992.825,-10864.935,-4439.88
-10662.48,-11425.814999999999,-21722.129999999997,-6231.014999999999,424.03499999999997,-28961.235,-10855.08,-4457.07
-10634.58,-11430.0,-21722.489999999998,-6241.32,366.255,-29004.48,-10842.57,-4419.855
-10615.275,-11419.064999999999,-21708.809999999998,-6225.615,320.895,-29007.315,-10814.805,-4382.055
-10603.71,-11419.064999999999,-21726.045,-6236.91,331.965,-28952.594999999998,-10807.92,-4350.014999999999
-10655.505,-11462.895,-21758.625,-6223.95,463.005,-28892.969999999998,-10821.105,-4403.655
-10691.865,-11479.994999999999,-21735.135,-6242.715,447.615,-28977.75,-10855.71,-4432.545
-10676.52,-11460.689999999999,-21734.37,-6285.96,351.99,-29005.649999999998,-10863.225,-4422.195
-10651.545,-11472.029999999999,-21759.21,-6288.795,336.87,-28982.16,-10845.314999999999,-4390.155
-10657.125,-11495.295,-21785.04,-6280.92,409.22999999999996,-28904.129999999997,-10786.725,-4378.275
-10617.66,-11407.994999999999,-21705.21,-6265.889999999999,341.82,-28929.059999999998,-10769.625,-4349.79
-10641.69,-11457.045,-21733.695,-6261.12,309.28499999999997,-28993.274999999998,-10828.845,-4389.165
-10687.05,-11464.38,-21743.19,-6273.135,377.41499999999996,-28979.414999999997,-10832.445,-4424.49
-10681.335,-11452.77,-21732.93,-6276.51,397.935,-28909.62,-10790.279999999999,-4428.09
-10674.72,-11484.225,-21792.645,-6329.7,273.735,-28967.445,-10833.525,-4426.514999999999
-10667.205,-11455.74,-21781.754999999997,-6326.19,263.61,-29020.004999999997,-10860.255,-4413.555
-10686.555,-11481.75,-21800.7,-6313.59,283.365,-29001.105,-10827.404999999999,-4447.665
-10696.23,-11484.765,-21799.17,-6291.135,345.645,-28955.745,-10810.89,-4474.62
-10683.404999999999,-11416.904999999999,-21706.379999999997,-6216.795,448.965,-28943.82,-10835.955,-4497.12
-10629.72,-11379.375,-21686.985,-6315.57,352.26,-28953.315,-10826.279999999999,-4427.28
-10605.734999999999,-11422.26,-21761.28,-6407.19,334.26,-28951.11,-10810.664999999999,-4344.75
-10655.595,-11491.199999999999,-21830.489999999998,-6395.04,357.65999999999997,-28991.114999999998,-10846.305,-4334.58
-10662.39,-11472.119999999999,-21735.629999999997,-6175.53,422.82,-28960.155,-10844.64,-4371.255
-10670.67,-11434.725,-21651.84,-6085.08,483.97499999999997,-28890.539999999997,-10827.225,-4455.9
-10668.69,-11440.439999999999,-21712.23,-6166.98,433.395,-28904.579999999998,-10830.555,-4482.405
-10687.77,-11442.105,-21742.785,-6188.67,406.34999999999997,-28895.895,-10820.16,-4477.7699999999995
-10674.18,-11441.97,-21687.03,-6138.315,396.495,-28928.879999999997,-10817.955,-4410.495
-10632.69,-11451.33,-21717.719999999998,-6229.215,336.42,-28998.45,-10836.539999999999,-4357.575
-10636.965,-11431.305,-21693.825,-6221.474999999999,373.77,-28962.945,-10839.869999999999,-4381.11
-10614.779999999999,-11442.734999999999,-21721.77,-6228.405,369.45,-28985.085,-10851.39,-4361.04
-10622.925,-11454.57,-21762.585,-6239.745,395.55,-28999.844999999998,-10851.75,-4355.37
-10658.115,-11428.289999999999,-21706.469999999998,-6244.965,393.705,-29029.5,-10847.699999999999,-4400.55
-10675.755,-11427.975,-21716.864999999998,-6275.7,380.655,-29031.795,-10868.49,-4441.005
-10674.494999999999,-11439.99,-21754.17,-6287.535,385.11,-28984.274999999998,-10874.205,-4465.71
-10691.055,-11478.6,-21795.614999999998,-6316.83,408.06,-28901.204999999998,-10835.955,-4473.2699999999995
-10691.73,-11485.17,-21817.665,-6389.955,349.38,-28926.809999999998,-10837.845,-4454.73
-10679.4,-11462.85,-21792.51,-6340.7699999999995,346.09499999999997,-28923.12,-10823.265,-4461.48
-10685.43,-11442.285,-21721.545,-6221.835,417.375,-28899.315,-10795.005,-4456.62
-10685.385,-11458.755,-21734.684999999998,-6238.304999999999,432.585,-28923.885,-10804.455,-4428.945
-10654.335,-11498.58,-21790.665,-6312.51,334.71,-28996.02,-10838.88,-4325.94
-10611.404999999999,-11451.869999999999,-21727.53,-6255.855,347.58,-29020.59,-10861.875,-4329.315
-10632.15,-11431.17,-21685.68,-6231.42,378.45,-29034.719999999998,-10863.855,-4404.465
-10664.19,-11440.08,-21708.989999999998,-6247.844999999999,350.955,-29029.41,-10858.59,-4409.37
-10656.315,-11482.74,-21780.629999999997,-6255.405,353.655,-28952.82,-10841.355,-4345.47
-10651.32,-11468.789999999999,-21776.715,-6227.054999999999,388.53,-28911.105,-10822.68,-4374.224999999999
-10670.67,-11450.744999999999,-21736.395,-6206.4,394.245,-28954.305,-10839.15,-4444.92
-10710.855,-11495.97,-21771.765,-6262.605,365.31,-28971.18,-10863.18,-4503.78
-10711.44,-11496.33,-21782.295,-6313.32,324.135,-28996.605,-10862.64,-4494.33
-10708.605,-11492.505,-21789.27,-6364.98,265.23,-29010.645,-10837.26,-4427.415
-10603.395,-11417.085,-21744.809999999998,-6342.344999999999,236.25,-29019.329999999998,-10821.779999999999,-4320.99
-10595.295,-11391.57,-21725.864999999998,-6280.065,321.255,-28989.0,-10852.92,-4377.105
-10645.695,-11400.705,-21691.8,-6188.04,469.755,-28915.02,-10861.47,-4456.98
-10669.815,-11386.935,-21678.12,-6199.965,436.815,-28930.815,-10865.295,-4456.845
-10661.715,-11465.055,-21782.969999999998,-6279.075,297.85499999999996,-29013.254999999997,-10877.895,-4367.115
-10642.365,-11490.66,-21788.864999999998,-6248.61,298.44,-29073.96,-10895.355,-4342.41
-10660.41,-11477.43,-21755.7,-6237.2699999999995,346.59,-29048.399999999998,-10889.685,-4398.75
-10669.994999999999,-11481.435,-21762.225,-6208.0199999999995,417.555,-28974.914999999997,-10867.14,-4407.795
-10681.92,-11478.33,-21780.135,-6249.6449999999995,375.47999999999996,-29036.7,-10888.154999999999,-4413.825
-10657.215,-11476.08,-21792.6,-6307.469999999999,348.93,-29050.379999999997,-10879.425,-4373.19
-10643.13,-11439.045,-21746.25,-6298.2,368.64,-29007.719999999998,-10871.685,-4372.245
-10651.365,-11434.365,-21751.02,-6282.045,356.4,-29018.475,-10897.56,-4397.535
-10655.46,-11438.64,-21712.815,-6292.53,326.96999999999997,-28988.864999999998,-10891.395,-4404.915
-10660.59,-11467.619999999999,-21781.035,-6393.24,269.775,-28976.67,-10895.535,-4414.7699999999995
-10669.5,-11447.369999999999,-21803.265,-6387.66,260.09999999999997,-29018.565,-10926.9,-4440.554999999999
-10683.09,-11439.945,-21741.975,-6235.83,339.3,-29010.195,-10910.43,-4463.82
-10698.119999999999,-11456.55,-21730.815,-6209.099999999999,341.955,-29005.289999999997,-10884.734999999999,-4478.49
-10681.965,-11429.595,-21720.735,-6247.08,413.82,-29004.57,-10883.97,-4478.58
-10655.865,-11417.445,-21722.579999999998,-6302.745,452.25,-28968.254999999997,-10876.545,-4448.295
-10647.855,-11445.75,-21743.415,-6246.045,472.365,-28911.51,-10857.914999999999,-4400.37
-10648.484999999999,-11442.914999999999,-21715.965,-6158.969999999999,434.96999999999997,-28869.12,-10841.13,-4406.085
-10675.89,-11398.545,-21653.325,-6187.32,403.56,-28885.05,-10865.97,-4495.724999999999
-10720.574999999999,-11386.17,-21649.14,-6187.995,437.21999999999997,-28872.495,-10868.939999999999,-4566.195
-10763.505,-11473.83,-21720.105,-6166.71,450.495,-28882.8,-10861.425,-4541.94
-10724.22,-11545.92,-21798.225,-6209.865,383.175,-28966.635,-10880.369999999999,-4393.305
-10624.095,-11474.91,-21793.815,-6329.025,334.215,-29014.245,-10895.67,-4293.224999999999
-10621.35,-11458.439999999999,-21785.94,-6390.719999999999,276.84,-29009.565,-10897.154999999999,-4335.615
-10660.949999999999,-11449.17,-21775.41,-6358.905,193.41,-29044.305,-10940.76,-4428.54
-10660.949999999999,-11459.654999999999,-21782.969999999998,-6282.495,255.105,-29046.105,-10958.13,-4432.23
-10658.744999999999,-11434.59,-21726.36,-6188.04,457.60499999999996,-28957.14,-10907.595,-4394.07
-10649.88,-11461.05,-21748.995,-6243.165,477.63,-28971.09,-10894.859999999999,-4356.99
-10664.73,-11482.335,-21777.344999999998,-6289.2,321.255,-29001.239999999998,-10904.31,-4382.325
-10671.345,-11452.41,-21739.454999999998,-6210.855,313.56,-29020.995,-10914.164999999999,-4405.68
-10650.69,-11434.59,-21738.329999999998,-6232.365,336.33,-29023.155,-10912.814999999999,-4397.805
-10638.72,-11435.85,-21772.53,-6313.41,310.22999999999996,-28996.605,-10899.585,-4399.965
-10663.74,-11453.31,-21775.815,-6338.655,300.465,-28962.315,-10900.619999999999,-4431.915
-10682.73,-11487.914999999999,-21769.29,-6276.554999999999,371.07,-28976.94,-10910.34,-4411.215
-10658.97,-11461.14,-21743.37,-6244.695,388.26,-28987.379999999997,-10927.529999999999,-4378.5
-10646.19,-11473.515,-21811.094999999998,-6307.92,375.525,-28971.18,-10929.869999999999,-4388.535
-10633.59,-11433.914999999999,-21761.594999999998,-6293.61,379.08,-28991.565,-10917.314999999999,-4382.415
-10639.664999999999,-11455.425,-21745.215,-6315.3,311.985,-29030.445,-10915.244999999999,-4372.695
-10671.57,-11520.09,-21827.745,-6359.04,269.145,-29051.46,-10933.289999999999,-4408.29
-10688.445,-11455.02,-21762.855,-6270.12,351.405,-28986.975,-10930.994999999999,-4430.88
-10686.015,-11429.01,-21710.204999999998,-6210.63,394.245,-28937.655,-10917.09,-4420.26
-10666.125,-11455.605,-21732.075,-6214.094999999999,353.115,-28967.805,-10908.539999999999,-4403.115
-10655.685,-11456.055,-21726.54,-6187.005,364.68,-28992.329999999998,-10914.885,-4405.635
-10668.645,-11467.98,-21761.73,-6228.045,373.32,-29018.475,-10927.35,-4410.0
-10663.244999999999,-11421.945,-21715.695,-6228.675,420.075,-29027.475,-10940.175,-4395.96
-10656.63,-11421.855,-21705.48,-6206.94,411.885,-28993.32,-10939.455,-4402.17
-10677.015,-11436.119999999999,-21704.715,-6196.094999999999,410.76,-28955.835,-10923.074999999999,-4444.47
-10673.145,-11421.314999999999,-21705.075,-6245.594999999999,407.52,-28931.579999999998,-10903.814999999999,-4455.045
-10653.21,-11416.455,-21726.18,-6252.165,402.075,-28967.535,-10903.5,-4427.054999999999
-10628.73,-11405.97,-21716.325,-6272.505,385.38,-29025.765,-10919.205,-4396.7699999999995
-10619.279999999999,-11392.47,-21684.69,-6246.855,413.59499999999997,-29010.87,-10928.115,-4387.7699999999995
-10640.16,-11396.88,-21704.355,-6218.054999999999,426.91499999999996,-28961.145,-10925.91,-4438.17
-10688.85,-11434.05,-21715.92,-6159.825,434.96999999999997,-28920.645,-10910.205,-4480.065
-10694.789999999999,-11423.115,-21704.04,-6139.62,406.89,-28891.664999999997,-10885.994999999999,-4482.945
-10710.99,-11475.225,-21778.739999999998,-6293.745,251.77499999999998,-28966.77,-10904.49,-4459.1849999999995
-10674.494999999999,-11482.02,-21772.26,-6329.745,259.605,-29012.985,-10934.279999999999,-4364.055
-10653.84,-11452.5,-21768.48,-6355.17,346.185,-29036.655,-10944.135,-4364.775
-10679.715,-11454.705,-21796.065,-6389.28,390.28499999999997,-29018.295,-10942.109999999999,-4434.615
-10675.8,-11466.765,-21815.864999999998,-6370.605,411.525,-28937.879999999997,-10897.74,-4447.98
-10635.795,-11435.039999999999,-21756.149999999998,-6249.735,434.78999999999996,-28917.899999999998,-10874.115,-4371.389999999999
-10641.285,-11460.689999999999,-21771.719999999998,-6249.105,383.085,-29009.52,-10902.105,-4341.285
-10636.515,-11458.98,-21744.809999999998,-6196.724999999999,358.91999999999996,-29012.039999999997,-10919.609999999999,-4368.014999999999
-10653.975,-11465.505,-21724.379999999997,-6204.78,313.425,-29015.73,-10925.55,-4393.98
-10654.515,-11444.625,-21755.114999999998,-6225.3,329.84999999999997,-29000.475,-10920.645,-4416.84
-10666.125,-11432.07,-21745.754999999997,-6263.1449999999995,345.28499999999997,-29000.07,-10921.59,-4444.155
-10701.315,-11462.13,-21782.024999999998,-6303.0599999999995,312.47999999999996,-28982.879999999997,-10935.314999999999,-4513.724999999999
-10726.785,-11454.074999999999,-21741.524999999998,-6247.125,359.235,-28990.17,-10959.795,-4519.17
-10678.994999999999,-11497.005,-21763.754999999997,-6267.6449999999995,340.02,-29056.68,-10952.775,-4398.075
-10625.265,-11508.705,-21783.69,-6237.719999999999,404.685,-28974.059999999998,-10915.74,-4313.205
-10627.335,-11429.055,-21721.41,-6206.49,393.03,-28970.055,-10918.89,-4331.16
-10629.494999999999,-11414.34,-21710.16,-6209.054999999999,377.55,-29032.335,-10935.18,-4372.74
-10643.67,-11437.92,-21722.625,-6228.36,388.53,-29010.015,-10924.515,-4404.195
-10652.715,-11419.92,-21721.14,-6305.985,378.99,-28936.575,-10903.68,-4414.815
-10665.225,-11419.56,-21747.105,-6359.085,327.87,-28942.469999999998,-10902.33,-4421.655
-10663.83,-11435.535,-21794.219999999998,-6373.08,316.84499999999997,-29013.344999999998,-10921.904999999999,-4423.68
-10666.574999999999,-11441.07,-21750.21,-6268.95,388.08,-29037.015,-10949.76,-4416.389999999999
-10667.43,-11462.355,-21741.39,-6267.554999999999,395.235,-28996.695,-10951.064999999999,-4395.87
-10656.9,-11445.93,-21726.315,-6212.61,393.65999999999997,-28939.14,-10921.814999999999,-4385.07
-10675.17,-11467.664999999999,-21743.325,-6215.49,340.91999999999996,-28950.344999999998,-10905.84,-4417.65
-10707.48,-11486.07,-21775.23,-6280.5599999999995,301.68,-29010.015,-10925.369999999999,-4463.91
-10675.17,-11433.195,-21745.44,-6345.495,276.65999999999997,-29064.329999999998,-10954.98,-4452.57
-10642.005,-11405.115,-21741.48,-6333.03,291.735,-29033.19,-10956.42,-4429.845
-10649.654999999999,-11429.324999999999,-21752.954999999998,-6237.764999999999,380.385,-28967.94,-10927.619999999999,-4405.995
-10653.66,-11438.279999999999,-21738.329999999998,-6170.715,413.46,-28956.42,-10922.175,-4399.5599999999995
-10687.545,-11465.64,-21774.015,-6317.28,306.36,-29002.545,-10948.814999999999,-4423.455
-10711.574999999999,-11505.24,-21803.94,-6386.49,252.405,-29022.39,-10961.055,-4416.389999999999
-10719.27,-11481.57,-21786.075,-6322.86,350.685,-29014.425,-10985.805,-4464.224999999999
-10680.074999999999,-11428.65,-21717.629999999997,-6208.695,442.125,-29008.62,-10972.574999999999,-4478.264999999999
-10641.734999999999,-11419.47,-21704.355,-6166.215,427.85999999999996,-29003.579999999998,-10962.0,-4430.295
-10604.16,-11396.52,-21699.405,-6178.005,412.695,-29011.41,-10957.05,-4354.155
-10646.64,-11444.67,-21776.265,-6299.639999999999,375.16499999999996,-29039.129999999997,-10965.96,-4396.095
-10692.404999999999,-11448.27,-21784.86,-6338.025,368.28,-29035.62,-10994.535,-4500.2699999999995
-10752.84,-11431.215,-21723.21,-6226.245,370.305,-29019.87,-11026.755,-4589.6849999999995
-10721.16,-11471.039999999999,-21733.469999999998,-6190.965,396.9,-28978.469999999998,-10997.595,-4485.78
-10603.17,-11450.295,-21736.665,-6213.87,400.09499999999997,-28974.6,-10946.97,-4297.23
-10616.13,-11447.82,-21739.41,-6259.5,334.395,-29003.67,-10951.02,-4274.19
-10642.41,-11493.18,-21783.285,-6233.264999999999,345.195,-29049.84,-10985.715,-4328.82
-10643.22,-11459.564999999999,-21731.579999999998,-6206.13,388.395,-28977.03,-10966.23,-4380.974999999999
-10649.88,-11418.615,-21707.19,-6214.32,397.16999999999996,-28971.405,-10937.564999999999,-4404.24
-10671.885,-11425.455,-21707.37,-6189.21,426.06,-28984.23,-10955.43,-4432.7699999999995
-10683.18,-11425.68,-21683.43,-6150.465,498.555,-28946.34,-10967.58,-4430.205
-10704.33,-11480.13,-21759.614999999998,-6234.21,390.41999999999996,-28970.504999999997,-10973.205,-4416.21
-10654.83,-11523.24,-21833.504999999997,-6326.505,284.84999999999997,-29033.73,-10986.75,-4353.75
-10628.685,-11445.66,-21758.985,-6317.775,303.255,-29044.485,-10991.115,-4357.62
-10622.565,-11403.18,-21707.19,-6278.535,342.405,-28998.0,-10973.88,-4372.0199999999995
-10633.815,-11466.765,-21823.245,-6361.92,324.315,-28967.445,-10958.13,-4388.04
-10651.904999999999,-11449.17,-21836.34,-6431.355,302.58,-29020.59,-10965.42,-4407.389999999999
-10661.535,-11419.515,-21788.235,-6401.61,343.395,-29023.245,-10977.164999999999,-4421.745
-10675.484999999999,-11443.185,-21773.745,-6316.065,381.96,-28996.965,-10988.91,-4438.44
-10656.765,-11397.24,-21663.405,-6157.62,370.485,-29018.385,-11003.039999999999,-4456.62
-10683.945,-11416.904999999999,-21680.954999999998,-6196.86,272.47499999999997,-29073.6,-11016.494999999999,-4487.13
-10730.295,-11470.455,-21743.37,-6258.014999999999,241.695,-29031.57,-11006.1,-4500.224999999999
-10708.289999999999,-11492.279999999999,-21760.155,-6263.1449999999995,289.305,-29006.73,-10984.545,-4429.71
-10690.74,-11483.505,-21771.945,-6271.74,353.15999999999997,-28969.829999999998,-10964.16,-4398.389999999999
-10703.07,-11479.32,-21796.605,-6352.155,366.39,-28999.754999999997,-10990.89,-4417.0199999999995
-10655.145,-11459.16,-21797.19,-6405.795,345.06,-28990.844999999998,-10975.095,-4354.83
-10641.06,-11450.744999999999,-21787.785,-6357.465,277.46999999999997,-29035.98,-10980.449999999999,-4352.8949999999995
-10647.945,-11447.64,-21747.825,-6212.88,331.02,-29009.565,-10973.16,-4364.415
-10660.095,-11454.21,-21733.829999999998,-6141.42,436.85999999999996,-28969.155,-10963.98,-4379.535
-10669.23,-11452.904999999999,-21746.835,-6223.275,436.05,-28972.53,-10966.77,-4395.599999999999
-10669.725,-11470.095,-21754.8,-6245.19,387.315,-28977.614999999998,-10967.535,-4406.76
-10661.085,-11470.859999999999,-21749.579999999998,-6226.245,374.085,-29006.594999999998,-10978.74,-4420.3949999999995
-10660.365,-11426.67,-21704.265,-6205.094999999999,369.04499999999996,-29027.295,-10991.699999999999,-4426.92
-10671.345,-11441.07,-21740.535,-6243.075,396.81,-28999.26,-10986.119999999999,-4430.205
-10656.315,-11432.88,-21790.17,-6295.995,383.31,-29012.355,-10995.975,-4421.565
-10676.52,-11414.835,-21782.07,-6327.315,383.58,-29023.155,-11002.77,-4466.07
-10711.26,-11395.305,-21738.105,-6305.445,424.97999999999996,-29009.16,-10993.725,-4539.599999999999
-10719.27,-11415.914999999999,-21726.809999999998,-6243.929999999999,403.78499999999997,-29008.305,-10954.35,-4546.889999999999
-10653.75,-11427.39,-21688.649999999998,-6167.61,328.32,-29053.079999999998,-10966.32,-4433.13
-10604.43,-11439.765,-21691.215,-6158.115,343.03499999999997,-28992.285,-10980.449999999999,-4333.995
-10583.775,-11435.805,-21716.91,-6224.58,366.65999999999997,-28946.925,-10980.539999999999,-4261.815
-10640.654999999999,-11479.725,-21756.239999999998,-6309.675,359.955,-28936.17,-10956.645,-4312.889999999999
-10650.105,-11455.064999999999,-21749.489999999998,-6298.875,367.83,-28943.28,-10944.72,-4406.535
-10662.795,-11415.869999999999,-21721.454999999998,-6215.264999999999,381.15,-28957.32,-10949.175,-4468.815
-10707.615,-11442.15,-21681.945,-6131.34,426.73499999999996,-28925.684999999998,-10960.65,-4476.195
-10723.185,-11461.14,-21719.7,-6210.9,374.66999999999996,-28921.725,-10963.755,-4435.5599999999995
-10665.765,-11422.71,-21703.23,-6305.849999999999,302.94,-28997.19,-10997.91,-4395.78
-10629.855,-11407.59,-21725.594999999998,-6333.929999999999,310.995,-29027.655,-11002.23,-4392.855
-10665.945,-11435.49,-21775.094999999998,-6301.17,342.0,-29056.995,-11007.99,-4429.485
-10667.654999999999,-11441.564999999999,-21761.19,-6273.36,347.4,-29067.21,-11002.5,-4402.98
-10718.19,-11490.93,-21782.61,-6333.344999999999,347.31,-29078.954999999998,-11006.505,-4422.915
-10711.08,-11493.404999999999,-21773.07,-6327.8099999999995,329.895,-29034.945,-10986.84,-4398.255
-10695.375,-11458.17,-21746.295,-6261.075,290.43,-29012.805,-10997.189999999999,-4415.625
-10713.869999999999,-11448.045,-21728.114999999998,-6226.695,397.71,-28949.355,-11001.914999999999,-4494.599999999999
-10701.18,-11444.445,-21734.82,-6212.969999999999,429.255,-28967.085,-11008.395,-4513.275
-10706.67,-11424.33,-21749.489999999998,-6322.455,304.335,-28972.89,-11010.6,-4528.08
-10691.46,-11430.404999999999,-21742.649999999998,-6314.445,335.835,-28920.69,-10956.465,-4451.94
-10658.88,-11477.97,-21804.12,-6294.599999999999,355.77,-28949.625,-10956.015,-4375.349999999999
-10660.41,-11508.255,-21787.11,-6241.815,324.18,-29043.315,-10949.265,-4342.7699999999995
-10669.59,-11459.564999999999,-21742.335,-6208.29,317.88,-29049.524999999998,-10963.035,-4390.38
-10694.43,-11442.779999999999,-21741.614999999998,-6252.03,311.49,-29031.344999999998,-10976.175,-4430.655
-10665.99,-11462.715,-21770.954999999998,-6266.745,334.305,-29032.515,-10979.369999999999,-4371.255
-10669.904999999999,-11468.115,-21765.105,-6243.344999999999,390.41999999999996,-29039.039999999997,-11001.375,-4370.355
-10630.215,-11429.955,-21736.215,-6251.445,367.56,-29073.285,-11002.545,-4345.38
-10647.225,-11429.055,-21742.92,-6259.724999999999,379.34999999999997,-29087.414999999997,-10998.0,-4373.865
-10668.779999999999,-11430.135,-21721.995,-6247.215,375.79499999999996,-29067.254999999997,-10988.505,-4400.055
-10680.525,-11444.13,-21728.25,-6218.099999999999,383.66999999999996,-29034.045,-10979.685,-4409.595
-10689.39,-11489.175,-21782.295,-6250.679999999999,345.41999999999996,-29070.585,-11008.845,-4417.83
-10685.43,-11493.72,-21771.809999999998,-6264.0,351.135,-29032.695,-11008.439999999999,-4438.17
-10671.93,-11462.715,-21792.42,-6343.245,303.65999999999997,-29048.265,-11010.465,-4422.42
-10660.32,-11430.765,-21764.61,-6307.38,319.815,-29020.68,-10988.685,-4385.88
-10654.244999999999,-11455.92,-21778.515,-6267.87,392.895,-28998.495,-10960.154999999999,-4372.695
-10626.074999999999,-11454.21,-21768.165,-6267.87,389.25,-29028.015,-10948.005,-4355.505
-10640.97,-11463.255,-21782.969999999998,-6327.405,300.28499999999997,-29031.84,-10956.105,-4375.8
-10654.154999999999,-11451.33,-21780.675,-6332.355,249.66,-29030.445,-10984.365,-4392.09
-10653.21,-11400.119999999999,-21736.53,-6291.179999999999,307.84499999999997,-29035.125,-11011.545,-4401.54
-10661.445,-11415.42,-21744.09,-6260.445,409.905,-29007.855,-11001.555,-4407.974999999999
-10667.34,-11432.295,-21740.445,-6259.32,473.94,-28933.739999999998,-10980.72,-4414.59
-10666.89,-11440.98,-21763.305,-6332.3099999999995,434.88,-28937.879999999997,-10970.055,-4410.585
-10674.63,-11442.6,-21749.309999999998,-6288.84,383.21999999999997,-29004.704999999998,-10988.145,-4411.755
-10668.24,-11474.145,-21814.02,-6263.19,365.66999999999996,-28974.87,-10955.88,-4400.55
-10671.48,-11468.654999999999,-21771.27,-6190.245,348.34499999999997,-28975.995,-10949.355,-4412.5199999999995
-10660.455,-11404.664999999999,-21654.989999999998,-6149.115,356.58,-28969.155,-10952.46,-4433.535
-10676.115,-11398.77,-21663.54,-6192.585,328.995,-28974.059999999998,-10958.445,-4465.304999999999
-10667.789999999999,-11397.24,-21690.405,-6215.219999999999,397.97999999999996,-28996.785,-10964.564999999999,-4462.425
-10656.539999999999,-11447.685,-21746.34,-6237.8099999999995,410.35499999999996,-29012.85,-10964.34,-4407.12
-10644.21,-11438.324999999999,-21733.785,-6221.429999999999,396.945,-29052.989999999998,-10999.98,-4372.74
-10644.164999999999,-11388.195,-21687.975,-6169.724999999999,401.445,-29010.239999999998,-10996.965,-4400.325
-10694.52,-11436.39,-21729.375,-6251.67,373.68,-28964.969999999998,-10982.789999999999,-4444.29
-10708.47,-11452.545,-21756.42,-6349.139999999999,363.06,-28919.204999999998,-10954.17,-4469.49
-10689.029999999999,-11417.265,-21729.465,-6324.12,405.495,-28904.309999999998,-10926.945,-4481.55
-10726.244999999999,-11397.555,-21691.62,-6202.485,461.835,-28894.004999999997,-10922.939999999999,-4564.755
-10742.535,-11410.605,-21690.45,-6117.885,474.075,-28894.14,-10927.845,-4574.5199999999995
-10727.595,-11434.814999999999,-21702.329999999998,-6136.74,463.005,-28940.715,-10965.15,-4502.34
-10633.23,-11467.89,-21757.23,-6285.915,346.275,-29055.149999999998,-10992.33,-4287.105
-10620.945,-11478.96,-21817.035,-6379.38,277.2,-29120.579999999998,-11013.074999999999,-4287.0599999999995
-10647.315,-11459.564999999999,-21809.295,-6342.165,302.895,-29095.649999999998,-11020.365,-4392.585
-10687.635,-11455.515,-21767.67,-6289.335,310.09499999999997,-29073.6,-11016.585,-4450.995
-10702.619999999999,-11462.805,-21770.28,-6278.355,296.19,-29067.614999999998,-11015.1,-4405.005
-10673.595,-11475.675,-21762.495,-6226.83,339.03,-29052.315,-11007.18,-4380.12
-10647.135,-11443.455,-21727.98,-6153.389999999999,387.22499999999997,-29058.03,-11012.31,-4383.405
-10652.895,-11411.865,-21703.004999999997,-6185.79,399.645,-29011.364999999998,-10988.595,-4394.205
-10671.39,-11432.43,-21730.86,-6226.38,396.85499999999996,-28963.53,-10962.314999999999,-4413.24
-10678.545,-11469.15,-21791.114999999998,-6290.775,366.34499999999997,-28952.64,-10956.42,-4405.7699999999995
-10661.715,-11448.855,-21781.26,-6295.815,348.47999999999996,-28978.965,-10960.064999999999,-4375.3949999999995
-10651.725,-11487.645,-21806.415,-6271.335,353.205,-29000.114999999998,-10955.07,-4340.5199999999995
-10646.46,-11453.58,-21781.215,-6275.655,345.195,-29026.125,-10976.355,-4353.974999999999
-10668.869999999999,-11448.945,-21763.665,-6315.3,271.98,-29069.594999999998,-10991.16,-4395.78
-10678.005,-11466.855,-21771.945,-6287.355,294.65999999999997,-29057.129999999997,-10994.265,-4415.715
-10685.115,-11475.63,-21773.565,-6274.3949999999995,400.54499999999996,-29021.039999999997,-10986.84,-4413.195
-10671.48,-11474.145,-21770.82,-6320.61,375.525,-29031.03,-10990.439999999999,-4402.62
-10675.44,-11424.015,-21731.94,-6288.389999999999,335.43,-29007.989999999998,-10985.715,-4412.745
-10658.34,-11445.119999999999,-21804.39,-6292.304999999999,320.805,-29020.094999999998,-10969.83,-4391.6849999999995
-10675.44,-11466.18,-21816.09,-6351.075,358.335,-29006.055,-10955.34,-4400.37
-10677.6,-11465.189999999999,-21823.605,-6414.795,310.455,-29008.844999999998,-10979.055,-4412.7
-10653.119999999999,-11418.57,-21738.285,-6303.24,231.03,-29043.27,-11010.375,-4409.415
-10651.005,-11423.16,-21725.37,-6179.985,341.145,-29043.675,-11012.939999999999,-4407.03
-10670.4,-11443.41,-21736.305,-6255.675,392.53499999999997,-29025.945,-10999.529999999999,-4414.005
-10665.09,-11428.92,-21678.165,-6193.98,486.945,-28948.815,-10944.045,-4401.224999999999
-10665.315,-11428.064999999999,-21696.434999999998,-6207.344999999999,418.5,-28970.37,-10932.164999999999,-4401.855
-10676.88,-11438.189999999999,-21729.735,-6192.585,423.35999999999996,-28963.664999999997,-10936.529999999999,-4411.755
-10664.595,-11436.525,-21737.295,-6266.835,427.40999999999997,-28938.87,-10938.105,-4405.545
-10657.305,-11456.505,-21796.469999999998,-6424.0199999999995,325.17,-28968.524999999998,-10932.21,-4397.49
-10663.02,-11450.789999999999,-21851.01,-6463.665,244.035,-29010.51,-10949.445,-4401.585
-10678.14,-11461.365,-21808.754999999997,-6357.014999999999,296.865,-28995.254999999997,-10977.885,-4415.445
-10685.609999999999,-11440.125,-21705.66,-6194.429999999999,388.84499999999997,-29032.92,-11007.225,-4424.985
-10662.57,-11410.38,-21701.879999999997,-6200.28,369.04499999999996,-29085.12,-11009.699999999999,-4410.36
-10671.255,-11432.699999999999,-21743.954999999998,-6197.625,330.97499999999997,-29098.35,-11009.25,-4427.775
-10680.345,-11445.705,-21779.64,-6227.775,373.32,-29010.285,-10970.414999999999,-4444.92
-10677.42,-11442.105,-21758.175,-6263.19,365.085,-28964.745,-10963.619999999999,-4469.8949999999995
-10682.595,-11410.515,-21711.87,-6269.58,391.995,-28957.77,-10971.99,-4518.315
-10692.945,-11358.135,-21643.515,-6179.8949999999995,452.565,-28930.68,-10967.085,-4572.179999999999
-10710.315,-11365.244999999999,-21645.405,-6140.205,443.52,-28905.12,-10967.13,-4590.72
-10753.199999999999,-11460.914999999999,-21720.42,-6189.12,387.495,-28989.629999999997,-11021.22,-4503.15
-10684.98,-11489.4,-21768.48,-6261.795,322.155,-29105.46,-11028.15,-4353.03
-10631.115,-11511.314999999999,-21827.835,-6317.099999999999,256.635,-29085.795,-10986.255,-4280.49
-10668.734999999999,-11475.539999999999,-21802.184999999998,-6327.179999999999,310.86,-29013.704999999998,-10962.18,-4346.595
-10735.74,-11468.88,-21765.329999999998,-6300.99,323.235,-28966.454999999998,-10931.58,-4458.78
-10684.44,-11472.029999999999,-21782.114999999998,-6295.815,297.045,-29014.92,-10941.48,-4408.65
-10653.795,-11444.13,-21744.855,-6252.974999999999,387.495,-29034.765,-10969.875,-4372.425
-10662.525,-11424.869999999999,-21711.329999999998,-6224.49,403.38,-29100.645,-11022.75,-4414.365
-10659.51,-11441.88,-21724.695,-6217.065,397.395,-29035.26,-11014.605,-4410.764999999999
-10643.715,-11444.13,-21744.27,-6241.139999999999,417.28499999999997,-28955.295,-10951.289999999999,-4341.33
-10666.98,-11452.365,-21773.925,-6309.09,380.78999999999996,-28957.995,-10930.59,-4347.945
-10648.845,-11410.335,-21744.495,-6288.929999999999,384.03,-28954.305,-10959.75,-4402.215
-10630.215,-11399.4,-21744.225,-6278.849999999999,349.46999999999997,-28953.945,-10966.904999999999,-4398.57
-10650.914999999999,-11461.455,-21767.355,-6266.565,288.22499999999997,-28967.76,-10945.395,-4378.005
-10710.72,-11521.305,-21810.6,-6296.355,286.83,-29000.475,-10951.83,-4423.59
-10703.34,-11452.095,-21742.649999999998,-6229.844999999999,362.43,-29008.844999999998,-10978.064999999999,-4453.11
-10703.744999999999,-11437.289999999999,-21763.079999999998,-6284.5199999999995,349.11,-29027.43,-11001.33,-4494.33
-10650.465,-11446.109999999999,-21811.184999999998,-6394.5,365.53499999999997,-29038.05,-10989.675,-4415.805
-10677.105,-11457.18,-21834.135,-6461.91,350.235,-29023.02,-10974.465,-4394.97
-10730.475,-11458.935,-21807.09,-6352.065,357.12,-29025.539999999997,-10974.42,-4448.7
-10694.34,-11458.439999999999,-21777.795,-6257.565,312.34499999999997,-29030.579999999998,-10972.17,-4431.42
-10700.055,-11463.074999999999,-21741.795,-6220.755,359.59499999999997,-29038.635,-10989.585,-4457.205
-10693.35,-11458.619999999999,-21771.675,-6274.26,422.46,-29023.965,-10998.9,-4458.465
-10683.945,-11446.515,-21773.024999999998,-6246.63,334.97999999999996,-29007.765,-10989.494999999999,-4432.455
-10628.01,-11416.41,-21703.725,-6136.155,405.675,-28994.039999999997,-10978.38,-4344.75
-10659.285,-11464.74,-21769.739999999998,-6338.88,292.22999999999996,-29062.395,-11009.475,-4360.815
-10689.074999999999,-11507.76,-21850.92,-6449.4,235.89,-29017.8,-10975.14,-4383.2699999999995
-10687.185,-11497.365,-21833.504999999997,-6347.474999999999,276.16499999999996,-29003.625,-10948.904999999999,-4364.775
-10654.02,-11457.045,-21742.29,-6242.13,319.86,-29026.89,-10950.975,-4333.05
-10648.305,-11454.48,-21762.18,-6248.565,350.90999999999997,-29075.219999999998,-10998.855,-4361.58
-10652.805,-11408.039999999999,-21678.434999999998,-6155.639999999999,463.995,-29005.155,-11007.539999999999,-4381.425
-10632.465,-11371.725,-21620.295,-6071.58,508.905,-28976.895,-10982.34,-4378.1849999999995
-10643.445,-11416.32,-21693.645,-6155.415,419.805,-28998.045,-10972.125,-4386.465
-10673.324999999999,-11443.23,-21722.355,-6229.8,323.64,-29046.914999999997,-10987.289999999999,-4407.57
-10694.25,-11464.74,-21770.504999999997,-6314.985,293.58,-29057.445,-11006.55,-4415.58
-10685.789999999999,-11467.08,-21808.305,-6362.639999999999,331.60499999999996,-29029.995,-11006.82,-4413.915
-10673.82,-11461.275,-21786.57,-6280.335,390.59999999999997,-29036.969999999998,-11007.72,-4416.165
-10669.77,-11447.865,-21778.379999999997,-6284.745,345.06,-29050.92,-10993.77,-4405.815
-10661.355,-11430.314999999999,-21716.325,-6216.66,320.49,-29032.289999999997,-10969.92,-4394.97
-10646.369999999999,-11395.755,-21685.545,-6203.025,338.805,-29019.105,-10973.16,-4397.04
-10642.365,-11385.72,-21674.52,-6168.87,419.35499999999996,-28998.855,-10967.67,-4396.995
-10662.93,-11436.795,-21733.695,-6207.57,405.765,-29031.795,-10974.734999999999,-4405.635
-10664.73,-11416.05,-21739.14,-6238.17,371.15999999999997,-29046.195,-10990.755,-4435.965
-10656.18,-11385.18,-21683.745,-6225.03,372.41999999999996,-29021.67,-10993.275,-4455.675
-10633.994999999999,-11397.06,-21699.0,-6215.67,424.62,-28978.695,-10967.265,-4439.565
-10664.55,-11451.914999999999,-21764.07,-6227.325,458.01,-28960.515,-10943.505,-4441.679999999999
-10721.34,-11514.42,-21805.379999999997,-6264.224999999999,423.315,-28956.239999999998,-10939.23,-4464.855
-10745.775,-11480.13,-21784.004999999997,-6328.349999999999,328.815,-28954.8,-10954.125,-4524.84
-10719.18,-11424.51,-21743.19,-6347.25,277.38,-28960.245,-10963.08,-4499.55
-10667.654999999999,-11420.369999999999,-21760.875,-6359.49,337.68,-28984.094999999998,-10960.695,-4396.815
-10647.765,-11451.96,-21824.64,-6407.054999999999,321.03,-29102.535,-11013.345,-4336.695
-10674.99,-11457.63,-21804.39,-6302.7,281.43,-29091.105,-11013.93,-4416.84
-10655.73,-11400.164999999999,-21684.105,-6167.34,266.085,-29082.059999999998,-11002.005,-4441.365
-10701.27,-11437.875,-21730.14,-6270.03,313.74,-29057.039999999997,-10995.029999999999,-4461.389999999999
-10727.595,-11504.88,-21781.305,-6263.505,432.99,-28998.629999999997,-10967.715,-4409.73
-10695.195,-11474.955,-21737.7,-6184.62,417.555,-29005.92,-10969.109999999999,-4379.264999999999
-10677.195,-11418.975,-21695.895,-6170.985,418.54499999999996,-29025.809999999998,-10982.115,-4436.865
-10706.94,-11427.57,-21733.515,-6291.224999999999,383.13,-28976.895,-10957.949999999999,-4509.135
-10724.67,-11447.279999999999,-21762.719999999998,-6311.655,403.28999999999996,-28960.695,-10950.119999999999,-4495.905
-10618.65,-11425.635,-21795.3,-6340.005,309.375,-29045.879999999997,-10972.439999999999,-4322.79
-10626.029999999999,-11455.289999999999,-21861.54,-6510.33,150.93,-29132.145,-11022.255,-4306.095
-10662.48,-11505.914999999999,-21916.395,-6554.16,95.265,-29130.84,-11050.515,-4344.3
-10713.105,-11505.824999999999,-21857.355,-6372.585,262.935,-29030.805,-11025.09,-4423.41
-10677.824999999999,-11424.869999999999,-21703.364999999998,-6123.69,472.95,-28963.395,-11005.92,-4423.68
-10669.545,-11426.715,-21675.329999999998,-6087.6449999999995,445.635,-29014.695,-10980.539999999999,-4397.715
-10692.539999999999,-11491.65,-21759.704999999998,-6196.59,332.235,-29020.094999999998,-10964.34,-4377.014999999999
-10670.265,-11453.939999999999,-21729.645,-6195.465,376.60499999999996,-28983.87,-10971.539999999999,-4366.889999999999
-10668.69,-11388.6,-21646.8,-6139.125,455.715,-28970.774999999998,-10964.88,-4427.82
-10668.195,-11408.67,-21696.704999999998,-6197.58,369.0,-29040.93,-10981.305,-4429.349999999999
-10692.765,-11432.295,-21720.105,-6226.335,369.04499999999996,-29050.379999999997,-10986.255,-4420.889999999999
-10697.76,-11503.755,-21786.885,-6285.915,342.22499999999997,-29078.684999999998,-10987.92,-4384.62
-10666.935,-11471.895,-21781.754999999997,-6295.545,315.22499999999997,-29098.17,-10999.125,-4381.74
-10651.365,-11445.93,-21760.92,-6254.639999999999,356.895,-29061.045,-11007.359999999999,-4381.155
-10636.74,-11407.77,-21731.355,-6250.905,380.205,-29028.195,-10989.09,-4372.2
-10648.755,-11409.345,-21740.67,-6247.71,366.84,-28984.41,-10955.25,-4380.885
-10647.539999999999,-11413.215,-21730.05,-6225.165,379.66499999999996,-28978.469999999998,-10959.39,-4383.09
-10658.789999999999,-11420.505,-21704.265,-6206.49,373.86,-29030.489999999998,-11007.09,-4401.36
-10685.654999999999,-11473.695,-21757.68,-6233.8949999999995,396.585,-29016.809999999998,-11012.085,-4418.505
-10676.25,-11429.865,-21743.73,-6274.575,380.655,-29013.57,-11003.76,-4413.105
-10678.14,-11426.939999999999,-21759.03,-6298.469999999999,360.765,-29011.77,-10989.765,-4413.915
-10690.154999999999,-11467.755,-21788.1,-6303.33,370.305,-28988.325,-10974.375,-4417.514999999999
-10692.045,-11504.97,-21812.805,-6285.465,390.33,-28969.92,-10971.494999999999,-4416.795
-10674.18,-11435.355,-21742.605,-6253.92,348.12,-28992.645,-10977.119999999999,-4409.82
-10677.914999999999,-11428.92,-21753.27,-6349.995,168.255,-29073.195,-10988.189999999999,-4415.94
-10690.38,-11473.244999999999,-21808.485,-6405.615,132.48,-29163.914999999997,-11006.82,-4423.32
-10698.029999999999,-11510.279999999999,-21848.129999999997,-6425.639999999999,202.545,-29196.09,-11020.635,-4426.065
-10688.22,-11464.199999999999,-21819.555,-6415.695,370.97999999999996,-29116.98,-11018.789999999999,-4432.275
-10688.175,-11408.535,-21779.864999999998,-6422.804999999999,436.85999999999996,-28937.61,-10997.145,-4470.165
-10701.27,-11399.445,-21742.875,-6358.32,436.77,-28917.18,-10996.064999999999,-4520.925
-10665.135,-11397.465,-21737.295,-6262.605,439.91999999999996,-28935.989999999998,-10966.59,-4486.275
-10676.07,-11448.09,-21775.454999999998,-6315.3,311.445,-28964.61,-10940.039999999999,-4391.235
-10665.81,-11491.47,-21795.84,-6332.445,210.32999999999998,-29004.975,-10948.725,-4321.889999999999
-10658.07,-11444.715,-21746.7,-6208.5599999999995,304.28999999999996,-29010.329999999998,-10977.885,-4374.405
-10658.34,-11435.67,-21705.39,-6100.2,302.35499999999996,-29023.605,-10977.029999999999,-4412.745
-10688.67,-11445.84,-21715.379999999997,-6189.48,201.87,-29029.635,-10979.955,-4454.099999999999
-10704.195,-11410.425,-21699.135,-6215.49,313.65,-29026.62,-11003.085,-4471.29
-10718.91,-11427.615,-21748.14,-6228.315,455.805,-29011.364999999998,-10990.619999999999,-4463.325
-10673.865,-11437.064999999999,-21798.225,-6317.415,402.16499999999996,-29074.59,-10992.734999999999,-4385.925
-10682.64,-11473.965,-21810.329999999998,-6305.13,447.255,-29029.23,-10975.455,-4393.17
-10692.81,-11517.795,-21794.489999999998,-6221.565,460.84499999999997,-29001.015,-10965.24,-4374.63
-10640.789999999999,-11477.52,-21802.32,-6261.615,341.145,-29011.364999999998,-10984.365,-4323.42
-10638.99,-11427.93,-21763.665,-6268.724999999999,334.89,-29017.215,-10992.914999999999,-4363.875
-10659.824999999999,-11436.57,-21781.395,-6290.6849999999995,297.765,-29031.75,-10986.705,-4396.815
-10667.97,-11449.98,-21763.17,-6241.32,287.505,-29041.155,-10984.904999999999,-4421.34
-10656.81,-11353.994999999999,-21610.395,-6137.865,393.39,-29030.85,-11020.14,-4447.304999999999
-10667.97,-11344.994999999999,-21602.295,-6080.804999999999,568.485,-28971.629999999997,-11007.0,-4460.13
-10703.295,-11424.33,-21706.785,-6226.74,431.685,-29006.414999999997,-11001.51,-4470.795
-10746.18,-11507.13,-21827.879999999997,-6428.745,265.455,-29061.18,-11004.39,-4462.605
-10763.505,-11548.935,-21905.82,-6482.565,195.20999999999998,-29074.59,-10980.9,-4486.275
-10732.23,-11510.055,-21855.239999999998,-6335.594999999999,267.525,-29009.295,-10943.955,-4454.73
-10671.84,-11459.609999999999,-21757.545,-6277.724999999999,390.555,-28942.605,-10918.08,-4378.139999999999
-10634.085,-11370.645,-21654.09,-6324.12,396.63,-28940.94,-10924.47,-4396.23
-10659.779999999999,-11372.13,-21725.954999999998,-6411.24,428.625,-28939.68,-10940.355,-4438.71
-10680.164999999999,-11462.939999999999,-21865.004999999997,-6454.575,302.35499999999996,-28989.945,-10964.475,-4410.09
-10669.365,-11481.029999999999,-21829.95,-6352.74,62.144999999999996,-29083.725,-11022.39,-4362.75
-10674.359999999999,-11470.41,-21734.37,-6211.17,142.38,-29080.125,-11047.68,-4384.485
-10686.779999999999,-11413.08,-21641.985,-6058.71,490.635,-28993.59,-11019.51,-4409.595
-10659.51,-11380.095,-21624.795,-6079.32,592.56,-28938.105,-10975.365,-4373.82
-10656.27,-11399.939999999999,-21648.105,-6122.34,491.58,-28887.48,-10926.63,-4370.94
-10649.34,-11424.465,-21704.715,-6163.83,403.65,-28897.739999999998,-10928.744999999999,-4388.13
-10693.44,-11434.455,-21719.745,-6194.79,407.7,-28931.895,-10964.205,-4456.17
-10731.645,-11448.27,-21700.89,-6231.014999999999,345.645,-28986.434999999998,-10986.795,-4457.115
-10741.095,-11531.475,-21828.735,-6346.844999999999,262.84499999999997,-29052.899999999998,-11019.195,-4448.79
-10745.279999999999,-11525.445,-21918.645,-6468.57,215.82,-29093.219999999998,-11033.369999999999,-4489.245
-10759.005,-11450.115,-21807.045,-6425.594999999999,197.595,-29113.11,-11044.395,-4545.585
-10754.369999999999,-11473.02,-21763.305,-6332.49,220.545,-29099.745,-11035.08,-4503.554999999999
-10692.045,-11496.555,-21790.8,-6232.139999999999,309.24,-29105.325,-11007.09,-4343.625
-10639.755,-11463.164999999999,-21785.895,-6267.465,225.72,-29132.64,-11011.545,-4299.255
-10664.234999999999,-11468.88,-21827.52,-6396.974999999999,238.27499999999998,-29083.23,-11017.529999999999,-4376.43
-10669.949999999999,-11440.17,-21785.489999999998,-6344.865,383.085,-28977.704999999998,-10986.57,-4392.45
-10658.43,-11425.814999999999,-21783.105,-6329.745,380.29499999999996,-29016.315,-10970.73,-4377.51
-10654.875,-11439.045,-21764.024999999998,-6284.925,369.36,-29011.14,-10947.465,-4363.92
-10690.65,-11468.609999999999,-21795.3,-6272.865,345.87,-28997.864999999998,-10946.925,-4397.67
-10692.315,-11488.545,-21788.37,-6213.69,381.825,-28998.0,-10949.67,-4401.45
-10668.555,-11448.9,-21716.055,-6166.17,396.675,-28971.36,-10961.505,-4389.974999999999
-10664.414999999999,-11407.14,-21670.2,-6146.099999999999,456.705,-28954.8,-10977.119999999999,-4392.0
-10682.055,-11473.199999999999,-21720.015,-6172.245,503.055,-28948.68,-10965.375,-4398.12
-10673.955,-11436.705,-21745.53,-6249.195,424.125,-28999.53,-10977.48,-4402.755
-10664.595,-11392.47,-21718.665,-6260.535,301.005,-29009.204999999998,-10977.39,-4401.045
-10655.279999999999,-11412.27,-21751.379999999997,-6278.219999999999,202.59,-29040.795,-10973.43,-4388.94
-10673.595,-11451.24,-21798.315,-6369.389999999999,204.48,-29042.504999999997,-10965.555,-4398.525
-10693.574999999999,-11458.08,-21796.965,-6377.04,348.705,-29002.995,-10969.74,-4419.0
-10680.84,-11420.865,-21741.12,-6262.875,404.955,-28994.489999999998,-10980.18,-4418.595
-10690.199999999999,-11449.89,-21746.655,-6222.6449999999995,344.15999999999997,-28979.864999999998,-10973.564999999999,-4443.389999999999
-10691.595,-11473.289999999999,-21781.53,-6261.3,342.36,-29056.59,-10996.83,-4463.415
-10677.24,-11398.59,-21742.469999999998,-6336.179999999999,397.305,-29013.795,-10990.26,-4442.985
-10678.32,-11401.425,-21787.649999999998,-6436.8,368.01,-29006.1,-10965.51,-4408.155
-10665.63,-11441.88,-21845.114999999998,-6467.849999999999,322.335,-29049.12,-10975.05,-4387.005
-10685.43,-11427.705,-21777.21,-6328.62,266.76,-29058.704999999998,-10989.09,-4439.115
-10740.51,-11482.064999999999,-21813.12,-6285.825,196.785,-29046.96,-11001.779999999999,-4493.745
-10732.904999999999,-11533.859999999999,-21810.69,-6239.925,217.62,-29042.504999999997,-11003.22,-4458.33
-10660.59,-11424.015,-21694.815,-6213.105,406.48499999999996,-28984.95,-10964.654999999999,-4379.264999999999
-10629.135,-11340.404999999999,-21688.695,-6329.115,444.28499999999997,-28965.015,-10948.904999999999,-4389.615
-10632.24,-11356.289999999999,-21733.2,-6287.8949999999995,424.97999999999996,-28992.87,-10961.73,-4481.91
-10666.08,-11300.13,-21566.52,-6042.105,468.63,-28929.645,-10962.765,-4609.62
-10781.145,-11403.99,-21636.315,-6043.815,519.93,-28910.565,-10935.404999999999,-4620.33
-10833.029999999999,-11562.885,-21859.065,-6396.165,357.705,-29013.03,-10970.91,-4484.205
-10769.895,-11622.375,-21975.524999999998,-6538.634999999999,164.295,-29125.71,-11027.88,-4377.465
-10714.725,-11561.939999999999,-21869.415,-6358.7699999999995,210.015,-29053.17,-11028.51,-4360.905
-10684.529999999999,-11472.75,-21763.89,-6222.87,238.005,-29057.309999999998,-11025.765,-4371.48
-10681.02,-11429.414999999999,-21741.75,-6257.115,247.635,-29069.55,-11020.32,-4388.805
-10687.05,-11465.955,-21779.954999999998,-6357.51,334.89,-29012.265,-10992.555,-4386.69
-10667.52,-11518.56,-21817.62,-6381.719999999999,401.085,-29029.635,-10962.72,-4315.545
-10653.525,-11464.965,-21780.36,-6252.795,404.685,-29026.8,-10950.615,-4319.55
-10654.109999999999,-11433.914999999999,-21756.87,-6193.17,370.125,-29048.445,-10985.085,-4360.86
-10654.154999999999,-11400.39,-21699.045,-6143.13,354.825,-29110.59,-11014.064999999999,-4390.92
-10695.869999999999,-11424.105,-21713.715,-6185.34,370.53,-29117.25,-11038.455,-4429.3949999999995
-10689.66,-11447.775,-21748.094999999998,-6229.98,368.055,-29052.675,-11007.18,-4392.09
-10685.07,-11465.234999999999,-21771.18,-6289.0199999999995,306.99,-29037.78,-10983.015,-4364.55
-10695.779999999999,-11470.23,-21764.835,-6267.105,297.53999999999996,-29073.465,-10992.42,-4393.44
-10692.449999999999,-11456.595,-21759.57,-6257.7,304.695,-29094.03,-11005.605,-4409.28
-10688.895,-11443.859999999999,-21742.649999999998,-6272.505,308.88,-29069.64,-11008.439999999999,-4419.315
-10681.83,-11429.595,-21726.27,-6257.745,313.74,-29009.295,-10975.68,-4409.19
-10666.755,-11424.105,-21755.43,-6290.37,307.08,-29007.405,-10962.585,-4397.8949999999995
-10662.255,-11433.105,-21776.535,-6307.875,303.47999999999996,-29032.155,-10971.135,-4401.72
-10665.135,-11458.529999999999,-21751.92,-6243.84,368.19,-29070.765,-10979.91,-4397.13
-10666.305,-11456.145,-21785.175,-6279.929999999999,362.47499999999997,-29092.95,-10977.164999999999,-4395.78
-10663.425,-11408.22,-21757.274999999998,-6359.264999999999,372.78,-29070.18,-10976.265,-4406.94
-10689.93,-11415.645,-21787.29,-6432.57,337.14,-28968.03,-10961.369999999999,-4440.0599999999995
-10734.164999999999,-11508.345,-21902.399999999998,-6417.179999999999,212.13,-28978.245,-10974.824999999999,-4456.755
-10725.795,-11500.605,-21813.48,-6266.07,251.91,-28986.3,-10984.23,-4431.78
-10681.695,-11448.539999999999,-21736.17,-6226.695,376.56,-28987.469999999998,-10974.824999999999,-4399.0199999999995
-10654.244999999999,-11434.455,-21784.725,-6233.355,498.24,-28958.579999999998,-10952.505,-4391.055
-10660.095,-11432.25,-21789.989999999998,-6390.2699999999995,368.055,-29008.35,-10963.439999999999,-4402.125
-10694.744999999999,-11514.465,-21943.215,-6593.219999999999,115.47,-29046.059999999998,-10953.72,-4410.36
-10715.22,-11546.505,-21918.51,-6476.715,100.8,-29019.645,-10933.74,-4420.71
-10721.115,-11466.765,-21644.864999999998,-6047.325,424.34999999999997,-28940.715,-10931.13,-4430.61
-10686.914999999999,-11403.045,-21624.12,-6023.79,593.3249999999999,-28943.46,-10958.265,-4401.63
-10691.369999999999,-11450.34,-21741.524999999998,-6245.73,437.895,-28968.21,-10954.89,-4390.65
-10678.005,-11440.71,-21772.62,-6307.065,319.40999999999997,-29061.495,-10998.225,-4393.889999999999
-10667.205,-11430.9,-21830.219999999998,-6300.764999999999,272.15999999999997,-29101.725,-11006.865,-4393.98
-10655.82,-11447.189999999999,-21935.879999999997,-6407.91,254.565,-29098.485,-11012.355,-4387.139999999999
-10679.94,-11446.515,-21844.71,-6389.1449999999995,382.09499999999997,-29045.52,-11002.455,-4411.845
-10690.56,-11467.035,-21745.215,-6331.094999999999,447.75,-28989.225,-10968.345,-4424.8949999999995
-10689.795,-11436.345,-21707.325,-6292.215,336.91499999999996,-29025.989999999998,-10977.615,-4451.04
-10687.545,-11384.324999999999,-21660.39,-6148.889999999999,338.13,-28976.445,-10958.49,-4454.054999999999
-10678.455,-11373.57,-21644.55,-6150.599999999999,336.96,-28989.899999999998,-10959.345,-4453.83
-10654.154999999999,-11399.31,-21726.18,-6284.16,351.18,-29035.575,-10967.265,-4417.38
-10685.115,-11426.76,-21756.645,-6308.82,307.125,-29065.32,-10978.289999999999,-4431.825
-10766.925,-11479.14,-21810.015,-6341.715,199.35,-29079.899999999998,-11006.414999999999,-4533.615
-10809.404999999999,-11474.324999999999,-21781.844999999998,-6314.8949999999995,310.455,-29035.215,-11012.895,-4617.495
-10816.695,-11444.355,-21737.385,-6236.82,490.95,-28979.82,-11016.99,-4665.915
-10759.095,-11427.57,-21709.98,-6154.065,455.265,-28974.645,-10998.045,-4541.13
-10682.865,-11465.73,-21765.015,-6231.554999999999,223.65,-29071.44,-10979.64,-4363.245
-10650.33,-11451.779999999999,-21787.11,-6258.735,254.295,-29078.01,-10961.279999999999,-4356.18
-10645.065,-11462.49,-21785.985,-6291.09,325.125,-29081.969999999998,-10972.125,-4328.37
-10643.805,-11459.654999999999,-21745.89,-6271.65,396.22499999999997,-29093.625,-11007.27,-4301.37
-10635.57,-11457.449999999999,-21793.004999999997,-6295.275,385.695,-29078.64,-11017.98,-4325.49
-10642.23,-11442.105,-21765.059999999998,-6252.389999999999,380.96999999999997,-29049.975,-11013.029999999999,-4362.165
-10650.51,-11388.105,-21641.805,-6130.17,485.46,-28967.489999999998,-10995.93,-4385.5199999999995
-10686.555,-11459.34,-21748.5,-6229.44,397.71,-29058.39,-11014.92,-4403.07
-10713.42,-11466.494999999999,-21771.09,-6287.355,304.155,-29138.219999999998,-11025.314999999999,-4414.905
-10693.755,-11475.404999999999,-21764.16,-6279.3,341.72999999999996,-29095.605,-10998.18,-4374.855
-10636.38,-11410.289999999999,-21731.76,-6280.74,351.04499999999996,-29069.145,-10974.555,-4340.295
-10654.74,-11405.295,-21741.165,-6293.745,298.305,-29107.305,-10972.98,-4387.545
-10714.859999999999,-11473.965,-21793.5,-6302.295,242.86499999999998,-29068.245,-10971.72,-4464.63
-10743.345,-11475.99,-21782.07,-6274.53,278.01,-29043.315,-10985.13,-4526.1449999999995
-10726.875,-11484.675,-21745.215,-6211.665,378.495,-28950.795,-10972.484999999999,-4480.0199999999995
-10713.779999999999,-11505.689999999999,-21801.915,-6244.38,403.425,-28944.405,-10986.345,-4418.955
-10700.82,-11489.31,-21829.59,-6328.125,298.575,-29068.739999999998,-11024.955,-4369.05
-10691.234999999999,-11510.279999999999,-21854.204999999998,-6396.12,204.795,-29088.989999999998,-11010.869999999999,-4361.805
-10664.414999999999,-11477.34,-21820.995,-6343.83,294.75,-29024.684999999998,-10975.05,-4358.025
-10666.8,-11421.539999999999,-21739.77,-6302.115,363.825,-29030.94,-11003.715,-4387.7699999999995
-10689.93,-11431.17,-21771.809999999998,-6370.38,353.52,-29078.64,-11013.525,-4409.639999999999
-10683.315,-11474.1,-21840.48,-6412.724999999999,298.08,-29067.12,-10965.24,-4394.925
-10672.965,-11425.23,-21754.98,-6260.535,309.465,-29067.524999999998,-10968.84,-4394.565
-10677.105,-11427.39,-21766.995,-6241.1849999999995,336.195,-29090.565,-10981.08,-4395.195
-10710.63,-11494.439999999999,-21831.165,-6276.42,307.62,-29056.995,-10986.255,-4420.305
-10714.005,-11490.435,-21802.815,-6291.764999999999,279.585,-29038.59,-11005.605,-4433.355
-10706.984999999999,-11464.515,-21768.39,-6296.94,313.335,-29071.754999999997,-10998.18,-4427.28
-10673.234999999999,-11409.345,-21729.78,-6320.205,250.82999999999998,-29106.27,-10967.67,-4405.545
-10687.005,-11436.525,-21759.795,-6292.98,266.445,-29058.795,-10942.965,-4410.09
-10696.68,-11472.119999999999,-21812.94,-6301.9349999999995,294.3,-29016.45,-10958.535,-4416.795
-10668.914999999999,-11456.145,-21856.59,-6438.87,233.1,-28997.64,-10966.23,-4394.205
-10659.824999999999,-11441.97,-21837.285,-6473.565,319.995,-28903.41,-10936.08,-4377.735
-10672.965,-11462.22,-21840.57,-6508.304999999999,286.515,-28996.065,-10973.744999999999,-4393.71
-10674.27,-11437.109999999999,-21810.51,-6426.09,302.35499999999996,-29155.68,-11008.89,-4403.43
-10679.265,-11422.8,-21777.03,-6306.3,342.71999999999997,-29147.579999999998,-11011.949999999999,-4408.245
-10678.14,-11428.56,-21710.34,-6163.335,359.685,-29075.489999999998,-11011.23,-4412.25
-10666.574999999999,-11409.975,-21680.37,-6043.32,393.03,-29027.789999999997,-10991.43,-4404.78
-10692.72,-11433.734999999999,-21690.36,-6144.615,388.755,-29009.655,-10957.545,-4416.345
-10704.015,-11454.525,-21747.195,-6249.78,412.335,-28931.67,-10928.609999999999,-4421.745
-10705.68,-11459.25,-21802.545,-6286.139999999999,356.985,-28889.46,-10934.46,-4436.1449999999995
-10698.39,-11434.545,-21761.594999999998,-6212.07,349.515,-28913.67,-10954.215,-4443.795
-10706.49,-11451.33,-21729.195,-6180.344999999999,418.32,-28990.079999999998,-10967.58,-4447.98
-10713.42,-11460.15,-21751.965,-6265.17,410.98499999999996,-29080.664999999997,-10997.01,-4444.514999999999
-10705.635,-11420.91,-21724.695,-6277.815,445.68,-29046.239999999998,-11003.039999999999,-4440.735
-10704.24,-11431.619999999999,-21720.42,-6246.764999999999,365.31,-29061.765,-11014.289999999999,-4441.7699999999995
-10713.465,-11449.26,-21763.17,-6242.715,328.40999999999997,-29093.445,-11024.1,-4462.29
-10734.525,-11439.675,-21743.325,-6235.0199999999995,367.91999999999996,-29040.66,-11003.67,-4498.695
-10719.539999999999,-11432.07,-21723.165,-6227.639999999999,400.85999999999996,-28956.059999999998,-10969.605,-4505.58
-10691.055,-11416.455,-21682.934999999998,-6146.325,472.85999999999996,-28919.52,-10937.43,-4465.215
-10625.895,-11390.13,-21698.954999999998,-6150.735,469.305,-28899.09,-10925.369999999999,-4423.5
-10674.63,-11325.06,-21650.489999999998,-6122.429999999999,499.09499999999997,-28889.1,-10961.46,-4549.139999999999
-10673.595,-11338.109999999999,-21649.95,-6151.05,434.115,-28953.135,-10981.89,-4503.915
-10700.279999999999,-11469.285,-21764.114999999998,-6268.094999999999,317.205,-29037.375,-10994.13,-4391.865
-10742.4,-11526.119999999999,-21824.055,-6338.5199999999995,277.78499999999997,-29087.594999999998,-11026.305,-4421.474999999999
-10711.08,-11457.72,-21806.415,-6331.95,298.53,-29080.26,-11024.055,-4473.0
-10724.175,-11430.359999999999,-21726.315,-6243.3,349.28999999999996,-29054.43,-10996.74,-4427.415
-10699.244999999999,-11474.865,-21755.565,-6287.67,320.67,-29113.2,-10989.539999999999,-4297.59
-10653.3,-11465.369999999999,-21787.02,-6307.0199999999995,310.185,-29097.989999999998,-10981.17,-4300.0199999999995
-10657.395,-11459.97,-21801.195,-6292.844999999999,290.43,-29082.914999999997,-10977.345,-4369.23
-10662.48,-11492.91,-21830.175,-6337.9349999999995,243.945,-29024.774999999998,-10936.17,-4356.99
-10699.02,-11509.92,-21874.14,-6414.389999999999,191.43,-29080.305,-10956.375,-4374.945
-10718.64,-11496.734999999999,-21830.579999999998,-6360.48,232.155,-29124.18,-10994.939999999999,-4397.264999999999
-10700.955,-11452.635,-21801.42,-6348.599999999999,244.39499999999998,-29075.489999999998,-10986.795,-4407.03
-10707.119999999999,-11481.75,-21816.045,-6306.03,330.03,-29014.785,-10970.91,-4399.2
-10711.305,-11493.225,-21811.32,-6286.455,383.085,-29035.395,-10960.244999999999,-4392.945
-10711.305,-11446.92,-21769.245,-6264.315,386.64,-29019.96,-10969.064999999999,-4416.345
-10689.705,-11424.195,-21750.075,-6258.42,357.93,-29045.969999999998,-11018.25,-4416.615
-10676.744999999999,-11446.605,-21806.28,-6356.385,241.33499999999998,-29092.094999999998,-11030.49,-4396.455
-10676.025,-11449.8,-21804.075,-6342.255,223.01999999999998,-29090.114999999998,-11020.859999999999,-4390.0199999999995
-10672.109999999999,-11443.095,-21802.14,-6305.94,275.21999999999997,-29074.77,-10993.5,-4392.45
-10656.27,-11418.029999999999,-21756.105,-6387.48,312.93,-29055.329999999998,-10975.994999999999,-4383.36
-10659.914999999999,-11425.68,-21781.35,-6460.245,419.13,-29003.579999999998,-10968.57,-4383.495
-10695.914999999999,-11475.63,-21862.844999999998,-6564.735,288.495,-29043.675,-10993.635,-4403.43
-10697.039999999999,-11459.564999999999,-21814.965,-6437.79,191.11499999999998,-29081.655,-11004.21,-4410.72
-10666.395,-11403.72,-21702.42,-6174.405,380.43,-29075.265,-11005.425,-4397.13
-10688.715,-11436.84,-21729.285,-6142.05,437.085,-29052.899999999998,-10991.789999999999,-4409.099999999999
-10686.69,-11424.555,-21705.075,-6120.405,363.91499999999996,-29067.75,-10976.895,-4411.889999999999
-10674.855,-11408.085,-21702.915,-6133.455,399.555,-29043.719999999998,-10977.885,-4408.83
-10678.23,-11427.119999999999,-21746.43,-6202.844999999999,435.06,-28974.42,-10964.295,-4408.74
-10688.625,-11439.18,-21779.864999999998,-6326.415,308.295,-29016.405,-10966.859999999999,-4414.41
-10682.505,-11436.795,-21773.25,-6368.219999999999,290.43,-29043.989999999998,-10970.189999999999,-4407.345
-10690.335,-11448.314999999999,-21782.295,-6355.3949999999995,314.01,-29073.51,-10993.365,-4412.295
-10672.065,-11419.92,-21757.815,-6285.69,374.805,-29052.315,-10979.55,-4398.345
-10671.074999999999,-11436.39,-21753.945,-6248.34,386.90999999999997,-29008.53,-10962.314999999999,-4396.7699999999995
-10695.914999999999,-11480.4,-21791.835,-6248.5199999999995,391.68,-28984.905,-10975.275,-4414.95
-10695.555,-11434.859999999999,-21719.34,-6193.3949999999995,385.515,-29020.905,-11001.375,-4418.639999999999
-10685.654999999999,-11448.225,-21771.27,-6257.565,356.13,-29111.309999999998,-11031.164999999999,-4416.3
-10693.035,-11458.98,-21778.065,-6278.985,302.53499999999997,-29185.739999999998,-11059.244999999999,-4441.23
-10676.789999999999,-11449.71,-21754.665,-6233.264999999999,321.93,-29070.495,-11007.045,-4442.67
-10669.05,-11380.095,-21696.885,-6176.745,403.515,-28971.0,-10953.359999999999,-4444.605
-10696.859999999999,-11404.17,-21683.879999999997,-6161.4,422.90999999999997,-28930.23,-10942.515,-4477.905
-10692.765,-11405.97,-21711.69,-6212.385,305.82,-29014.739999999998,-10970.595,-4493.115
-10687.14,-11387.789999999999,-21695.129999999997,-6222.105,306.765,-29048.805,-10998.0,-4489.605
-10710.09,-11392.154999999999,-21716.504999999997,-6243.389999999999,389.745,-29020.004999999997,-10981.484999999999,-4494.42
-10767.6,-11441.475,-21746.79,-6295.094999999999,398.61,-28986.93,-10960.74,-4539.915
-10771.47,-11429.369999999999,-21732.614999999998,-6271.785,378.85499999999996,-28996.605,-10959.705,-4554.36
-10744.56,-11431.71,-21719.925,-6201.2699999999995,425.29499999999996,-28958.355,-10953.585,-4489.695
-10700.46,-11475.539999999999,-21755.655,-6223.094999999999,388.755,-28963.395,-10962.855,-4366.62
-10682.865,-11464.83,-21764.565,-6261.255,361.62,-29023.065,-10977.119999999999,-4372.29
-10640.16,-11411.955,-21722.76,-6245.1449999999995,383.94,-29031.344999999998,-10957.095,-4363.965
-10630.529999999999,-11420.505,-21772.395,-6311.88,284.4,-29047.454999999998,-10962.09,-4349.385
-10713.96,-11546.55,-21900.42,-6478.11,135.045,-29073.059999999998,-10975.68,-4369.5
-10758.96,-11587.77,-21916.17,-6496.11,192.78,-29101.77,-10997.865,-4382.46
-10684.845,-11490.21,-21822.39,-6361.74,385.02,-29100.195,-11017.71,-4339.305
-10632.96,-11424.6,-21770.145,-6282.2699999999995,360.36,-29132.46,-11029.005,-4318.155
-10657.935,-11460.555,-21786.39,-6253.965,296.235,-29120.489999999998,-11033.414999999999,-4353.075
-10678.859999999999,-11443.32,-21769.155,-6245.19,328.32,-29095.739999999998,-11017.215,-4375.755
-10692.045,-11430.359999999999,-21772.71,-6271.065,326.61,-29093.985,-11010.555,-4407.389999999999
-10705.455,-11461.904999999999,-21791.969999999998,-6300.99,313.46999999999997,-29042.594999999998,-10993.455,-4419.405
-10705.23,-11476.125,-21819.51,-6371.054999999999,238.85999999999999,-29002.815,-10962.945,-4404.375
-10711.035,-11483.685,-21850.559999999998,-6480.8099999999995,201.915,-29039.76,-10972.845,-4406.445
-10699.875,-11471.13,-21898.395,-6534.315,353.25,-29018.969999999998,-10968.84,-4399.875
-10683.765,-11428.289999999999,-21872.655,-6547.365,351.495,-29059.379999999997,-10965.914999999999,-4400.235
-10684.574999999999,-11437.02,-21829.364999999998,-6367.905,247.04999999999998,-29106.18,-10985.22,-4406.355
-10698.795,-11444.49,-21728.385,-6132.915,244.48499999999999,-29131.649999999998,-10996.425,-4418.19
-10693.215,-11420.414999999999,-21665.565,-6074.505,373.275,-29081.114999999998,-10982.34,-4416.705
-10680.57,-11416.365,-21723.57,-6180.525,424.305,-29026.35,-10968.39,-4404.555
-10684.35,-11422.529999999999,-21721.41,-6176.5199999999995,475.60499999999996,-28975.094999999998,-10982.654999999999,-4409.505
-10687.455,-11437.695,-21740.625,-6214.365,410.98499999999996,-28991.835,-10994.895,-4414.68
-10688.445,-11430.27,-21754.98,-6293.25,309.10499999999996,-29029.68,-11001.645,-4417.38
-10699.605,-11460.24,-21813.57,-6355.215,331.65,-29043.36,-11002.41,-4418.955
-10690.47,-11503.574999999999,-21875.94,-6419.205,355.455,-29029.86,-10965.645,-4401.495
-10669.32,-11429.414999999999,-21766.274999999998,-6311.7,392.085,-29007.18,-10968.615,-4395.87
-10680.119999999999,-11374.38,-21664.89,-6168.51,395.55,-29045.52,-10990.305,-4414.365
-10679.31,-11395.845,-21664.71,-6113.34,318.28499999999997,-29089.079999999998,-10994.31,-4412.745
-10691.145,-11412.045,-21683.879999999997,-6178.724999999999,279.495,-29076.21,-11006.055,-4424.264999999999
-10692.404999999999,-11427.029999999999,-21727.62,-6225.389999999999,340.60499999999996,-29011.23,-10998.945,-4424.4
-10686.779999999999,-11443.095,-21759.75,-6246.405,360.495,-28999.215,-10990.664999999999,-4416.345
-10665.09,-11421.27,-21735.225,-6257.25,361.66499999999996,-29002.59,-10986.39,-4400.91
-10683.18,-11439.404999999999,-21776.489999999998,-6326.955,297.53999999999996,-29062.395,-10996.47,-4435.74
-10712.475,-11439.63,-21762.765,-6280.74,329.53499999999997,-29070.09,-10998.585,-4499.82
-10709.955,-11405.115,-21697.785,-6169.59,423.9,-29020.815,-10995.435,-4535.325
-10711.755,-11369.205,-21641.175,-6122.205,503.23499999999996,-28959.12,-10961.865,-4559.804999999999
-10741.365,-11426.715,-21719.52,-6266.745,449.59499999999997,-28988.325,-10965.555,-4546.3949999999995
-10760.13,-11400.57,-21714.614999999998,-6306.12,401.31,-29038.05,-10991.88,-4544.865
-10771.38,-11486.609999999999,-21777.66,-6285.15,345.87,-29035.125,-10995.255,-4461.705
-10719.359999999999,-11560.59,-21861.27,-6283.844999999999,282.555,-29050.289999999997,-11003.22,-4317.795
-10661.4,-11498.039999999999,-21842.325,-6306.255,231.345,-29111.129999999997,-11000.43,-4293.99
-10657.574999999999,-11422.98,-21764.385,-6311.79,247.545,-29131.92,-11012.85,-4364.955
-10669.68,-11402.46,-21758.805,-6305.58,285.16499999999996,-29107.215,-11022.39,-4437.224999999999
-10672.38,-11389.59,-21715.965,-6212.745,403.46999999999997,-29025.09,-10998.63,-4445.91
-10683.0,-11449.26,-21782.16,-6276.42,368.505,-29042.235,-10978.605,-4368.33
-10724.445,-11514.06,-21833.64,-6330.105,282.78,-29128.23,-11006.64,-4345.785
-10725.255,-11508.39,-21834.765,-6324.48,298.305,-29166.48,-11025.99,-4381.605
-10679.58,-11460.33,-21826.079999999998,-6358.139999999999,281.47499999999997,-29158.469999999998,-11028.555,-4386.014999999999
-10674.855,-11425.814999999999,-21798.629999999997,-6386.445,292.185,-29132.19,-11020.635,-4406.49
-10657.89,-11392.515,-21751.155,-6386.04,315.81,-29086.92,-11002.005,-4386.42
-10690.965,-11436.029999999999,-21768.75,-6383.79,316.17,-28977.3,-10959.3,-4385.835
-10695.33,-11466.539999999999,-21802.905,-6374.205,279.71999999999997,-28986.93,-10938.465,-4372.605
-10700.73,-11472.705,-21846.105,-6417.09,198.98999999999998,-29088.45,-10967.445,-4383.09
-10721.34,-11443.68,-21769.335,-6269.445,284.085,-29088.27,-10975.949999999999,-4424.04
-10699.065,-11425.68,-21700.395,-6135.615,419.58,-29037.645,-10973.699999999999,-4441.32
-10697.58,-11452.32,-21750.704999999998,-6171.389999999999,455.35499999999996,-28957.68,-10955.97,-4473.764999999999
-10687.14,-11390.805,-21733.155,-6221.745,406.66499999999996,-28979.82,-10955.07,-4471.155
-10700.145,-11422.215,-21756.915,-6257.745,341.37,-29046.239999999998,-10975.725,-4446.045
-10712.744999999999,-11497.814999999999,-21856.77,-6320.205,271.71,-29075.67,-10982.16,-4370.355
-10665.045,-11445.75,-21775.274999999998,-6316.875,258.615,-29038.32,-10997.865,-4335.03
-10645.83,-11392.74,-21713.355,-6260.355,358.065,-28998.585,-10979.46,-4380.345
-10647.765,-11384.46,-21691.17,-6170.13,442.16999999999996,-29007.899999999998,-10982.07,-4407.84
-10677.96,-11398.23,-21687.795,-6170.355,422.82,-29065.5,-11007.09,-4415.58
-10710.675,-11487.195,-21818.25,-6291.315,336.28499999999997,-29113.739999999998,-11026.98,-4377.33
-10699.515,-11502.359999999999,-21879.405,-6354.45,285.12,-29123.055,-11036.88,-4376.7
-10701.99,-11486.97,-21817.53,-6336.135,334.485,-29072.385,-11012.039999999999,-4396.7699999999995
-10676.88,-11439.72,-21758.94,-6372.99,322.695,-29025.719999999998,-10975.185,-4381.83
-10683.404999999999,-11421.855,-21759.12,-6404.085,273.105,-29038.364999999998,-10969.38,-4392.9
-10708.965,-11465.234999999999,-21792.015,-6310.844999999999,326.61,-29042.864999999998,-10972.529999999999,-4417.29
-10707.3,-11455.064999999999,-21760.829999999998,-6192.405,412.56,-29041.245,-10983.869999999999,-4424.22
-10664.595,-11409.435,-21714.704999999998,-6222.105,453.555,-29049.39,-11011.005,-4403.43
-10664.64,-11384.369999999999,-21711.78,-6320.5199999999995,399.41999999999996,-29057.76,-11030.039999999999,-4406.4
-10679.175,-11404.664999999999,-21716.504999999997,-6222.105,388.395,-29052.45,-11011.545,-4424.3099999999995
-10693.35,-11437.92,-21744.225,-6181.514999999999,376.78499999999997,-29052.27,-10987.83,-4434.389999999999
-10712.744999999999,-11450.925,-21736.44,-6187.679999999999,371.655,-29062.125,-10991.385,-4440.915
-10718.46,-11435.895,-21737.879999999997,-6267.735,322.155,-29086.11,-11008.395,-4437.405
-10703.744999999999,-11444.31,-21759.885,-6346.755,238.815,-29081.25,-11011.365,-4418.91
-10680.66,-11426.039999999999,-21764.34,-6326.054999999999,252.765,-29175.12,-11052.72,-4405.139999999999
-10663.965,-11390.58,-21739.68,-6298.785,342.585,-29141.504999999997,-11043.81,-4413.375
-10700.46,-11393.775,-21733.245,-6265.08,399.555,-29036.07,-11013.84,-4501.665
-10774.529999999999,-11444.039999999999,-21757.77,-6245.865,410.805,-28966.454999999998,-11008.935,-4583.745
-10827.27,-11465.865,-21754.754999999997,-6215.535,316.71,-29037.195,-11008.305,-4582.035
-10808.73,-11479.635,-21753.945,-6238.889999999999,312.57,-29055.555,-11021.535,-4519.845
-10697.4,-11488.23,-21798.629999999997,-6305.355,318.87,-29057.445,-11006.865,-4351.95
-10603.17,-11437.38,-21807.899999999998,-6325.514999999999,280.62,-29059.965,-10970.685,-4253.13
-10630.35,-11417.715,-21740.805,-6252.3,329.31,-29036.61,-10946.52,-4310.55
-10660.41,-11399.715,-21693.195,-6189.929999999999,404.37,-29020.905,-10957.365,-4382.19
-10670.445,-11404.395,-21714.614999999998,-6207.885,397.485,-29017.575,-10964.34,-4408.245
-10655.865,-11374.605,-21695.535,-6193.889999999999,389.96999999999997,-29030.94,-10967.895,-4400.28
-10652.49,-11369.88,-21688.065,-6182.955,415.62,-29098.844999999998,-11010.195,-4439.88
-10699.83,-11417.805,-21727.44,-6253.965,347.94,-29132.414999999997,-11044.305,-4533.3
-10738.08,-11431.439999999999,-21754.485,-6312.33,285.435,-29033.684999999998,-11007.72,-4528.08
-10720.89,-11470.994999999999,-21824.73,-6376.365,207.315,-28972.71,-10974.15,-4393.26
-10681.515,-11525.445,-21873.329999999998,-6381.09,221.355,-29089.71,-11019.33,-4286.43
-10652.22,-11478.689999999999,-21808.665,-6308.37,309.195,-29107.44,-11029.455,-4322.43
-10689.345,-11445.975,-21802.77,-6299.775,315.81,-29151.495,-11028.555,-4370.22
-10716.84,-11489.939999999999,-21883.5,-6388.965,269.09999999999997,-29182.95,-11044.619999999999,-4387.7699999999995
-10697.805,-11498.535,-21866.399999999998,-6390.8099999999995,243.225,-29158.965,-11056.095,-4395.105
-10705.635,-11469.33,-21783.42,-6344.955,284.53499999999997,-29068.695,-11023.47,-4411.125
-10700.324999999999,-11455.65,-21800.925,-6411.6449999999995,306.945,-29045.789999999997,-10986.615,-4389.93
-10709.234999999999,-11485.619999999999,-21852.45,-6438.69,306.27,-29034.675,-10978.109999999999,-4387.995
-10667.07,-11444.67,-21805.695,-6311.835,380.88,-29028.78,-10995.525,-4386.87
-10673.55,-11404.619999999999,-21763.98,-6205.455,384.65999999999997,-29046.51,-11017.215,-4398.66
-10723.725,-11468.07,-21803.129999999997,-6244.155,374.49,-29038.905,-11014.83,-4418.82
-10733.4,-11462.175,-21754.305,-6232.545,395.685,-29032.065,-11013.029999999999,-4429.485
-10693.98,-11425.814999999999,-21731.895,-6249.915,397.935,-29010.78,-10979.595,-4405.005
-10698.21,-11401.83,-21718.71,-6320.5199999999995,328.545,-29020.77,-10972.17,-4412.385
-10691.505,-11427.345,-21789.27,-6422.759999999999,287.46,-29040.84,-10982.52,-4399.65
-10685.925,-11445.885,-21838.454999999998,-6395.535,332.865,-29029.68,-10995.164999999999,-4397.175
-10694.43,-11422.845,-21730.545,-6181.469999999999,381.96,-29060.01,-11010.645,-4412.25
-10693.395,-11411.865,-21680.774999999998,-6095.835,373.995,-29089.035,-11029.59,-4416.075
-10709.234999999999,-11472.255,-21762.45,-6194.115,384.93,-29066.445,-11040.029999999999,-4424.355
-10712.43,-11482.064999999999,-21813.21,-6278.58,408.78,-28992.195,-11014.92,-4424.715
-10683.09,-11404.395,-21734.46,-6248.79,422.55,-28958.445,-11007.449999999999,-4405.41
-10661.13,-11366.505,-21673.62,-6212.16,384.79499999999996,-29023.875,-11015.64,-4386.42
-10682.1,-11408.67,-21749.085,-6293.474999999999,251.14499999999998,-29112.21,-11029.77,-4403.385
-10695.734999999999,-11412.359999999999,-21688.379999999997,-6188.355,355.635,-29034.945,-11015.82,-4415.94
-10700.234999999999,-11411.955,-21692.475,-6219.99,332.055,-28995.75,-10989.855,-4430.115
-10704.645,-11417.22,-21731.715,-6291.405,327.555,-29031.704999999998,-11016.449999999999,-4461.705
-10723.05,-11424.914999999999,-21758.67,-6275.88,362.07,-29037.555,-11025.225,-4503.375
-10733.039999999999,-11422.08,-21747.285,-6270.075,336.465,-29066.895,-11038.635,-4512.375
-10729.215,-11464.02,-21776.445,-6285.42,324.135,-29059.695,-11039.58,-4476.69
-10739.925,-11437.38,-21757.545,-6240.33,382.09499999999997,-29014.469999999998,-11042.145,-4538.34
-10777.005,-11360.654999999999,-21657.059999999998,-6163.74,363.33,-29034.27,-11056.365,-4635.63
-10769.22,-11367.9,-21647.925,-6160.995,372.10499999999996,-29089.8,-11089.439999999999,-4640.13
-10678.5,-11393.64,-21719.7,-6282.99,374.085,-29138.76,-11086.199999999999,-4368.105
-10527.345,-11401.515,-21779.235,-6380.82,343.84499999999997,-29163.69,-11065.904999999999,-4127.355
-10620.494999999999,-11447.01,-21821.219999999998,-6373.665,282.28499999999997,-29178.855,-11083.635,-4288.41
-10699.244999999999,-11455.38,-21783.87,-6271.29,253.935,-29165.039999999997,-11094.255,-4405.815
-10714.815,-11428.244999999999,-21701.43,-6183.855,315.81,-29107.305,-11066.49,-4439.97
-10712.88,-11484.27,-21785.355,-6252.57,340.60499999999996,-29062.53,-10994.625,-4381.47
-10680.21,-11515.14,-21872.114999999998,-6346.08,317.07,-29040.84,-10974.465,-4299.3
-10708.605,-11489.355,-21826.62,-6344.1449999999995,271.26,-29088.539999999997,-11030.625,-4352.715
-10728.539999999999,-11488.05,-21817.934999999998,-6357.15,292.455,-29063.204999999998,-11036.52,-4403.205
-10741.77,-11490.164999999999,-21813.795,-6352.065,371.61,-29024.37,-11049.345,-4438.08
-10724.58,-11459.699999999999,-21813.75,-6375.42,317.61,-29080.62,-11087.414999999999,-4444.695
-10688.355,-11454.255,-21808.53,-6327.945,288.495,-29121.075,-11083.814999999999,-4396.275
-10668.15,-11419.02,-21752.01,-6278.58,301.86,-29092.094999999998,-11068.064999999999,-4374.315
-10699.515,-11458.08,-21761.19,-6233.219999999999,314.55,-29046.239999999998,-11024.055,-4408.514999999999
-10689.93,-11442.375,-21770.594999999998,-6259.05,342.45,-29023.875,-10969.83,-4418.19
-10699.74,-11418.255,-21775.14,-6290.415,395.055,-29005.739999999998,-10981.35,-4432.005
-10676.16,-11411.955,-21803.895,-6342.255,378.85499999999996,-28954.934999999998,-10963.935,-4400.639999999999
-10699.244999999999,-11530.664999999999,-21965.985,-6482.34,225.045,-29028.239999999998,-10996.92,-4379.445
-10710.99,-11536.064999999999,-21901.905,-6430.139999999999,200.20499999999998,-29104.335,-11056.41,-4379.985
-10721.744999999999,-11487.869999999999,-21791.879999999997,-6271.29,324.63,-29102.895,-11065.095,-4412.43
-10701.72,-11410.83,-21698.55,-6117.21,443.565,-29065.23,-11031.975,-4406.58
-10674.765,-11342.88,-21646.71,-6141.33,460.305,-28979.414999999997,-10985.805,-4388.625
-10676.34,-11397.105,-21795.975,-6431.804999999999,387.63,-28985.219999999998,-10983.869999999999,-4387.23
-10697.265,-11444.13,-21871.44,-6575.355,293.31,-29039.67,-11008.71,-4400.91
-10700.775,-11449.71,-21840.434999999998,-6476.04,193.185,-29074.23,-11039.265,-4411.53
-10697.445,-11410.02,-21695.94,-6147.855,345.195,-29022.614999999998,-11023.695,-4411.889999999999
-10701.99,-11434.949999999999,-21715.379999999997,-6147.09,330.16499999999996,-29068.559999999998,-11045.835,-4419.224999999999
-10716.39,-11462.715,-21735.945,-6252.255,249.12,-29106.855,-11049.39,-4431.69
-10712.25,-11469.06,-21766.274999999998,-6240.15,243.855,-29089.395,-11026.529999999999,-4421.565
-10691.505,-11436.164999999999,-21804.66,-6297.344999999999,229.85999999999999,-29099.879999999997,-11052.09,-4413.6449999999995
-10686.51,-11386.08,-21760.245,-6325.5599999999995,293.53499999999997,-29100.42,-11055.33,-4415.264999999999
-10654.199999999999,-11367.72,-21755.745,-6323.085,369.81,-29074.05,-11032.83,-4388.58
-10679.22,-11409.164999999999,-21773.34,-6337.98,372.91499999999996,-29064.42,-11029.814999999999,-4400.325
-10728.99,-11476.529999999999,-21815.594999999998,-6308.73,327.42,-29074.32,-11033.279999999999,-4435.47
-10725.93,-11458.35,-21782.52,-6260.04,440.145,-28992.96,-11016.09,-4444.065
-10716.119999999999,-11432.43,-21768.48,-6296.49,387.765,-29055.195,-11045.744999999999,-4456.349999999999
-10702.529999999999,-11398.77,-21705.614999999998,-6232.59,407.29499999999996,-29118.42,-11103.029999999999,-4477.815
-10706.76,-11372.535,-21687.84,-6270.84,367.335,-29113.965,-11106.855,-4523.355
-10723.275,-11375.73,-21684.42,-6222.51,420.75,-28977.614999999998,-11024.1,-4532.355
-10738.215,-11445.345,-21765.195,-6195.6449999999995,369.27,-29006.145,-10984.5,-4478.085
-10765.529999999999,-11503.439999999999,-21826.844999999998,-6239.385,286.155,-29137.004999999997,-11030.76,-4430.205
-10742.58,-11454.48,-21757.725,-6268.7699999999995,344.29499999999996,-29122.245,-11074.23,-4497.165
-10836.045,-11430.81,-21711.69,-6258.6449999999995,399.78,-29027.969999999998,-11090.34,-4713.75
-10847.88,-11417.49,-21676.995,-6179.264999999999,444.96,-28958.94,-11053.89,-4730.94
-10746.63,-11410.92,-21691.62,-6190.695,404.37,-28987.739999999998,-11056.05,-4500.0
-10616.94,-11465.865,-21839.76,-6439.455,265.545,-29095.065,-11056.005,-4234.905
-10547.73,-11486.88,-21997.305,-6669.764999999999,189.855,-29092.995,-11020.095,-4190.8949999999995
-10642.005,-11506.725,-22000.364999999998,-6617.25,154.39499999999998,-29092.905,-11036.654999999999,-4294.17
-10694.475,-11547.494999999999,-21977.594999999998,-6488.37,166.45499999999998,-29116.754999999997,-11068.289999999999,-4377.6449999999995
-10773.09,-11624.939999999999,-21973.995,-6393.0599999999995,232.38,-29118.105,-11062.845,-4425.615
-10776.734999999999,-11551.814999999999,-21863.969999999998,-6328.98,325.26,-29064.149999999998,-11047.5,-4440.24
-10726.965,-11424.465,-21767.04,-6389.955,328.635,-29000.565,-11012.49,-4481.91
-10761.615,-11314.664999999999,-21568.995,-6162.75,482.35499999999996,-28891.305,-10972.98,-4554.179999999999
-10775.25,-11386.845,-21649.23,-6102.855,420.525,-28931.579999999998,-10978.92,-4523.04
-10743.57,-11459.205,-21709.89,-6147.675,237.42,-29106.495,-11046.914999999999,-4384.845
-10656.0,-11463.525,-21766.454999999998,-6261.48,159.70499999999998,-29123.325,-11040.57,-4245.345
-10643.94,-11454.705,-21800.204999999998,-6304.815,213.165,-29102.85,-11025.81,-4254.21
-10659.914999999999,-11441.97,-21788.91,-6266.79,337.86,-29049.57,-11019.375,-4323.6449999999995
-10675.845,-11421.539999999999,-21746.52,-6240.69,432.85499999999996,-28989.809999999998,-11011.545,-4380.974999999999
-10687.14,-11426.22,-21737.114999999998,-6243.03,386.955,-29010.87,-11035.439999999999,-4423.86
-10699.695,-11423.925,-21773.34,-6293.655,358.91999999999996,-29057.715,-11051.865,-4439.34
-10705.23,-11441.295,-21811.545,-6370.965,353.655,-29090.655,-11037.869999999999,-4417.47
-10679.265,-11421.0,-21782.925,-6431.804999999999,306.99,-29075.445,-11031.164999999999,-4399.155
-10693.619999999999,-11397.33,-21782.969999999998,-6305.3099999999995,357.705,-29028.555,-11024.82,-4472.865
-10733.94,-11444.039999999999,-21859.965,-6219.0,371.15999999999997,-29030.67,-11038.68,-4518.224999999999
-10760.67,-11464.515,-21894.03,-6253.83,346.77,-29060.37,-11062.89,-4509.99
-10723.994999999999,-11467.125,-21822.66,-6338.474999999999,243.135,-29085.704999999998,-11067.525,-4393.665
-10648.529999999999,-11436.93,-21729.329999999998,-6327.2699999999995,264.15,-29104.425,-11064.555,-4316.76
-10673.1,-11425.68,-21790.17,-6476.264999999999,234.72,-29135.204999999998,-11084.984999999999,-4371.21
-10696.005,-11479.994999999999,-21941.504999999997,-6562.259999999999,176.08499999999998,-29192.94,-11097.045,-4374.54
-10702.89,-11486.16,-21854.43,-6404.085,199.935,-29207.34,-11089.71,-4376.97
-10730.744999999999,-11509.47,-21825.315,-6329.07,262.71,-29135.7,-11052.855,-4402.62
-10704.555,-11479.41,-21852.045,-6302.565,351.04499999999996,-29054.204999999998,-11021.625,-4385.79
-10679.49,-11395.395,-21779.82,-6248.61,360.675,-29030.355,-11038.545,-4389.795
-10708.785,-11419.92,-21721.635,-6280.155,348.57,-29061.18,-11056.68,-4419.9
-10722.824999999999,-11425.904999999999,-21690.27,-6290.415,339.3,-29110.815,-11064.42,-4449.78
-10727.19,-11436.21,-21773.43,-6304.094999999999,350.41499999999996,-29114.954999999998,-11065.994999999999,-4465.26
-10721.25,-11439.63,-21771.809999999998,-6240.825,385.02,-29046.239999999998,-11050.65,-4457.34
-10701.135,-11450.295,-21795.39,-6251.58,302.53499999999997,-29091.195,-11058.57,-4411.755
-10688.94,-11468.025,-21861.629999999997,-6328.3949999999995,197.415,-29181.015,-11101.23,-4392.045
-10686.914999999999,-11422.935,-21754.305,-6329.205,267.705,-29162.789999999997,-11123.775,-4418.55
-10695.195,-11402.279999999999,-21722.94,-6301.844999999999,373.77,-29085.075,-11069.64,-4421.97
-10707.3,-11434.005,-21803.535,-6322.679999999999,323.235,-28999.395,-10975.545,-4426.38
-10728.99,-11461.725,-21803.85,-6305.264999999999,259.65,-28980.45,-10939.68,-4481.37
-10750.994999999999,-11409.48,-21702.239999999998,-6205.455,334.8,-29031.57,-11008.935,-4571.054999999999
-10763.865,-11407.365,-21650.04,-6068.7,500.31,-28973.16,-11033.055,-4609.889999999999
-10734.029999999999,-11417.175,-21710.969999999998,-6107.8949999999995,535.995,-28949.265,-11011.05,-4548.51
-10659.195,-11333.43,-21651.524999999998,-6182.955,447.39,-29030.309999999998,-11033.73,-4422.465
-10676.565,-11381.715,-21716.594999999998,-6231.375,391.365,-29117.43,-11072.43,-4434.21
-10703.385,-11451.96,-21803.355,-6326.1449999999995,209.92499999999998,-29196.0,-11094.57,-4400.46
-10710.315,-11462.4,-21801.78,-6352.785,215.95499999999998,-29065.32,-11056.14,-4409.19
-10769.039999999999,-11495.789999999999,-21828.78,-6382.349999999999,258.57,-29025.495,-11038.455,-4471.605
-10787.94,-11513.475,-21833.55,-6340.815,322.83,-29093.805,-11076.164999999999,-4508.19
-10728.404999999999,-11400.615,-21749.309999999998,-6277.275,383.985,-29076.164999999997,-11093.805,-4493.745
-10647.18,-11342.52,-21674.745,-6269.4,406.755,-29033.55,-11036.475,-4368.87
-10661.984999999999,-11503.619999999999,-21900.195,-6460.965,214.33499999999998,-29166.344999999998,-11026.35,-4313.16
-10720.35,-11558.654999999999,-21940.515,-6494.804999999999,68.085,-29247.39,-11087.595,-4378.995
-10758.24,-11545.695,-21842.64,-6326.19,292.68,-29064.735,-11052.359999999999,-4407.48
-10699.875,-11471.039999999999,-21821.895,-6343.514999999999,365.625,-29029.905,-11045.07,-4361.49
-10668.6,-11423.34,-21812.129999999997,-6445.44,234.89999999999998,-29087.594999999998,-11055.24,-4353.12
-10689.93,-11471.805,-21820.05,-6406.38,199.17,-29050.605,-11039.039999999999,-4374.945
-10732.14,-11511.0,-21838.635,-6336.045,103.32,-29119.14,-11066.625,-4444.965
-10715.039999999999,-11387.925,-21674.79,-6214.679999999999,272.61,-29130.48,-11076.885,-4487.67
-10694.565,-11344.59,-21659.489999999998,-6248.655,415.34999999999997,-29087.145,-11023.244999999999,-4460.76
-10738.305,-11433.42,-21774.375,-6316.695,375.57,-29051.64,-10991.564999999999,-4449.42
-10728.9,-11457.045,-21797.594999999998,-6293.25,326.7,-29086.695,-11021.085,-4417.47
-10679.175,-11433.555,-21778.155,-6270.344999999999,335.07,-29095.289999999997,-11054.744999999999,-4386.285
-10696.725,-11476.89,-21840.344999999998,-6358.365,354.15,-29032.965,-11024.369999999999,-4396.815
-10734.3,-11486.205,-21846.915,-6376.635,358.425,-29018.475,-11014.695,-4391.595
-10736.865,-11478.33,-21800.79,-6342.525,321.3,-29086.695,-11041.02,-4405.995
-10687.59,-11431.125,-21789.27,-6337.98,231.84,-29123.1,-11046.105,-4414.545
-10688.715,-11426.265,-21827.295,-6321.0599999999995,216.135,-29073.059999999998,-11023.74,-4423.365
-10711.89,-11480.22,-21926.295,-6364.44,262.395,-29042.37,-11034.765,-4415.445
-10738.395,-11601.135,-21940.11,-6350.264999999999,332.145,-29050.875,-11037.195,-4391.099999999999
-10690.83,-11516.984999999999,-21902.94,-6429.554999999999,269.325,-29128.32,-11049.795,-4390.065
-10680.57,-11353.635,-21739.274999999998,-6233.715,450.585,-29038.68,-11027.654999999999,-4422.014999999999
-10682.595,-11362.77,-21680.73,-6267.78,452.52,-29011.004999999997,-11021.49,-4424.264999999999
-10693.17,-11453.805,-21920.445,-6569.505,278.955,-29079.945,-11045.385,-4415.04
-10730.205,-11468.07,-21934.17,-6587.82,191.51999999999998,-29148.344999999998,-11083.095,-4442.94
-10758.195,-11459.52,-21766.364999999998,-6277.5,293.76,-29108.745,-11072.385,-4485.33
-10728.945,-11418.975,-21625.335,-6005.655,433.66499999999996,-29051.55,-11046.465,-4459.139999999999
-10666.305,-11376.27,-21612.105,-6044.849999999999,433.97999999999996,-29049.885,-11034.945,-4382.1449999999995
-10659.779999999999,-11414.295,-21697.92,-6160.32,364.54499999999996,-29066.219999999998,-11037.51,-4363.245
-10687.005,-11413.215,-21711.015,-6215.67,278.775,-29077.875,-11052.81,-4405.995
-10690.154999999999,-11406.465,-21729.465,-6277.275,193.68,-29133.315,-11091.689999999999,-4416.615
-10717.74,-11440.08,-21778.515,-6348.195,221.48999999999998,-29166.12,-11123.955,-4437.585
-10706.039999999999,-11424.33,-21740.67,-6283.349999999999,381.555,-29139.21,-11086.244999999999,-4418.91
-10691.595,-11430.945,-21767.445,-6283.844999999999,390.06,-29073.555,-11048.939999999999,-4412.205
-10730.34,-11404.89,-21730.004999999997,-6183.764999999999,499.77,-28969.425,-11019.824999999999,-4509.9
-10772.595,-11418.795,-21754.305,-6230.88,497.96999999999997,-28933.02,-10999.755,-4608.99
-10744.785,-11430.585,-21743.504999999997,-6245.28,408.78,-28988.82,-11000.609999999999,-4568.13
-10665.315,-11382.48,-21678.57,-6229.304999999999,336.06,-29069.414999999997,-11030.535,-4405.005
-10636.92,-11443.14,-21754.35,-6342.344999999999,227.025,-29224.485,-11072.564999999999,-4292.505
-10678.68,-11429.82,-21757.454999999998,-6327.045,293.445,-29228.489999999998,-11096.595,-4421.745
-10730.88,-11398.275,-21718.44,-6223.59,428.98499999999996,-29044.89,-11047.904999999999,-4518.855
-10805.039999999999,-11478.24,-21794.219999999998,-6237.719999999999,423.53999999999996,-28988.325,-11029.77,-4528.665
-10749.51,-11494.8,-21811.59,-6262.605,381.645,-28996.335,-11024.414999999999,-4388.13
-10673.55,-11479.365,-21798.54,-6273.764999999999,301.77,-29046.239999999998,-11025.945,-4323.87
-10666.26,-11450.43,-21815.28,-6372.315,227.20499999999998,-29097.405,-11038.095,-4361.67
-10664.505,-11433.869999999999,-21828.69,-6385.275,254.16,-29111.489999999998,-11027.16,-4371.75
-10672.65,-11469.24,-21834.54,-6378.389999999999,277.74,-29063.52,-10995.39,-4344.389999999999
-10707.795,-11476.98,-21852.405,-6385.905,271.485,-29076.03,-11036.789999999999,-4378.41
-10690.289999999999,-11406.24,-21783.645,-6319.844999999999,356.35499999999996,-29058.75,-11066.265,-4444.605
-10721.34,-11419.83,-21715.2,-6167.385,440.055,-28988.19,-11034.449999999999,-4487.3099999999995
-10760.22,-11482.695,-21781.305,-6207.12,382.09499999999997,-29020.004999999997,-11040.84,-4464.045
-10732.545,-11455.875,-21750.57,-6267.87,341.325,-29058.524999999998,-11060.55,-4423.095
-10691.955,-11422.215,-21777.344999999998,-6354.945,313.92,-29106.989999999998,-11098.98,-4422.105
-10702.845,-11443.455,-21881.114999999998,-6475.455,234.54,-29148.344999999998,-11101.14,-4402.349999999999
-10715.94,-11499.029999999999,-21889.215,-6464.88,236.60999999999999,-29147.67,-11082.555,-4373.28
-10684.17,-11463.57,-21893.085,-6474.014999999999,292.185,-29125.98,-11056.904999999999,-4350.195
-10702.395,-11478.465,-21951.405,-6596.775,192.555,-29182.905,-11069.01,-4382.19
-10710.494999999999,-11452.32,-21834.045,-6442.695,188.95499999999998,-29157.12,-11055.33,-4397.625
-10719.99,-11436.029999999999,-21702.195,-6134.8949999999995,388.26,-29057.085,-11035.619999999999,-4415.805
-10730.205,-11459.34,-21684.195,-6072.165,402.885,-29012.085,-11024.46,-4426.065
-10710.0,-11437.83,-21701.565,-6195.33,351.945,-29012.039999999997,-11016.225,-4412.205
-10708.02,-11446.605,-21757.68,-6276.014999999999,325.125,-29039.039999999997,-11014.335,-4415.49
-10691.234999999999,-11398.41,-21744.54,-6287.58,272.925,-29064.6,-11027.609999999999,-4415.67
-10691.055,-11435.13,-21792.87,-6286.139999999999,259.74,-29122.92,-11064.195,-4423.5
-10736.414999999999,-11514.195,-21907.754999999997,-6402.554999999999,280.97999999999996,-29123.37,-11088.99,-4465.62
-10729.755,-11417.31,-21780.945,-6329.205,445.05,-29020.14,-11054.43,-4496.94
-10739.205,-11445.795,-21798.809999999998,-6337.485,428.625,-29014.695,-11031.48,-4509.179999999999
-10733.85,-11416.32,-21692.114999999998,-6148.035,428.085,-29033.594999999998,-11029.545,-4475.79
-10712.295,-11392.83,-21631.995,-6099.795,369.71999999999997,-29071.844999999998,-11040.705,-4400.1449999999995
-10667.88,-11428.605,-21721.905,-6225.929999999999,334.84499999999997,-29065.635,-11031.119999999999,-4340.205
-10681.38,-11440.395,-21764.385,-6296.58,325.84499999999997,-29080.62,-11041.38,-4358.34
-10675.08,-11414.654999999999,-21752.774999999998,-6274.53,329.805,-29130.254999999997,-11060.595,-4378.68
-10678.05,-11434.275,-21810.375,-6304.05,335.43,-29149.155,-11056.275,-4389.165
-10700.369999999999,-11434.814999999999,-21843.315,-6351.66,295.875,-29197.53,-11054.789999999999,-4409.1449999999995
-10738.619999999999,-11427.21,-21737.204999999998,-6270.03,339.79499999999996,-29118.96,-11068.109999999999,-4513.905
-10808.595,-11420.685,-21687.704999999998,-6217.425,379.755,-29010.285,-11093.58,-4634.505
-10800.675,-11442.689999999999,-21728.43,-6217.83,345.59999999999997,-29025.945,-11091.195,-4609.035
-10743.435,-11489.984999999999,-21795.84,-6296.445,276.615,-29045.114999999998,-11058.345,-4483.62
-10665.09,-11450.97,-21761.19,-6252.12,380.205,-29025.629999999997,-11055.105,-4365.9
-10672.875,-11398.23,-21702.645,-6160.545,517.185,-29020.86,-11079.99,-4450.1849999999995
-10730.205,-11431.89,-21756.329999999998,-6264.495,350.82,-29165.805,-11101.904999999999,-4460.8949999999995
-10708.92,-11491.47,-21835.98,-6380.639999999999,245.385,-29191.995,-11110.545,-4335.48
-10713.24,-11435.58,-21761.28,-6347.7,284.21999999999997,-29146.004999999997,-11090.609999999999,-4380.345
-10737.539999999999,-11450.789999999999,-21795.84,-6327.2699999999995,278.90999999999997,-29078.145,-11033.055,-4462.965
-10723.455,-11472.57,-21823.245,-6318.99,276.885,-28995.48,-10998.945,-4446.764999999999
-10693.08,-11454.39,-21796.065,-6319.125,332.55,-28965.015,-10966.77,-4375.305
-10660.095,-11434.32,-21814.02,-6396.525,285.435,-29048.175,-10991.205,-4320.855
-10663.695,-11446.83,-21810.825,-6365.474999999999,284.67,-29081.61,-11015.414999999999,-4356.585
-10709.82,-11464.515,-21806.73,-6379.74,317.52,-29031.344999999998,-11038.41,-4432.32
-10781.145,-11500.875,-21848.445,-6455.745,258.3,-29005.605,-11044.215,-4497.3
-10803.96,-11525.58,-21927.645,-6476.849999999999,206.86499999999998,-29052.27,-11059.83,-4523.4
-10779.39,-11505.779999999999,-21885.03,-6359.715,369.09,-29067.434999999998,-11068.83,-4485.87
-10722.734999999999,-11494.08,-21909.6,-6394.7699999999995,382.455,-29076.164999999997,-11062.89,-4387.005
-10646.369999999999,-11474.279999999999,-21920.985,-6423.75,315.945,-29078.864999999998,-11022.93,-4272.03
-10668.195,-11445.615,-21796.605,-6361.74,282.555,-29094.344999999998,-11052.855,-4328.28
-10714.005,-11458.035,-21795.075,-6327.09,291.015,-29100.87,-11065.005,-4390.74
-10718.145,-11477.385,-21807.719999999998,-6339.465,231.885,-29137.05,-11069.189999999999,-4401.45
-10687.185,-11420.145,-21689.235,-6188.849999999999,257.895,-29098.754999999997,-11045.43,-4390.29
-10693.98,-11410.65,-21725.864999999998,-6161.04,331.46999999999997,-29000.7,-11024.369999999999,-4400.01
-10694.835,-11402.189999999999,-21663.855,-6160.365,411.93,-28953.765,-11029.59,-4405.905
-10671.255,-11372.805,-21664.62,-6177.6449999999995,440.72999999999996,-28991.475,-11039.22,-4392.495
-10685.52,-11418.164999999999,-21708.405,-6188.355,409.68,-29058.48,-11045.52,-4395.33
-10714.455,-11489.445,-21759.704999999998,-6225.165,363.51,-29027.789999999997,-11023.154999999999,-4409.6849999999995
-10721.115,-11440.529999999999,-21754.035,-6253.38,337.86,-29018.925,-11011.5,-4421.745
-10716.345,-11443.005,-21856.59,-6385.139999999999,249.435,-29058.03,-11026.98,-4418.325
-10714.14,-11450.475,-21900.465,-6448.59,260.37,-29088.989999999998,-11052.494999999999,-4419.495
-10717.74,-11451.779999999999,-21826.62,-6346.485,384.03,-29047.77,-11049.3,-4422.285
-10715.31,-11437.154999999999,-21765.825,-6315.795,358.74,-29049.164999999997,-11050.695,-4425.12
-10710.539999999999,-11436.39,-21747.96,-6252.795,350.955,-29064.42,-11057.49,-4425.12
-10696.59,-11420.145,-21729.645,-6221.429999999999,379.935,-29055.69,-11064.465,-4421.655
-10700.595,-11439.18,-21764.07,-6290.865,375.65999999999997,-29050.739999999998,-11072.699999999999,-4429.845
-10721.52,-11456.73,-21816.135,-6383.79,332.37,-29071.395,-11079.585,-4454.235
-10704.914999999999,-11424.779999999999,-21860.01,-6501.69,289.03499999999997,-29090.43,-11046.375,-4420.889999999999
-10696.455,-11420.1,-21791.07,-6380.955,288.27,-29133.36,-11065.949999999999,-4432.005
-10722.914999999999,-11414.744999999999,-21692.475,-6131.07,410.715,-29085.254999999997,-11085.21,-4503.599999999999
-10756.845,-11386.8,-21677.579999999998,-6115.545,434.835,-29045.16,-11093.58,-4570.29
-10771.154999999999,-11373.57,-21661.515,-6189.705,400.185,-29086.965,-11079.09,-4574.565
-10712.789999999999,-11377.845,-21674.745,-6196.679999999999,456.615,-29074.545,-11052.855,-4498.83
-10731.51,-11431.08,-21738.78,-6256.9349999999995,424.62,-29017.305,-11037.06,-4491.315
-10797.435,-11504.97,-21826.305,-6335.639999999999,261.765,-29061.989999999998,-11092.005,-4522.05
-10776.96,-11494.755,-21801.059999999998,-6262.29,294.34499999999997,-29068.695,-11100.51,-4467.915
-10659.375,-11433.555,-21744.045,-6203.88,346.635,-29095.785,-11088.945,-4317.705
-10634.895,-11381.85,-21691.44,-6199.155,390.735,-29023.785,-11039.625,-4322.385
-10712.52,-11405.88,-21718.125,-6249.105,378.04499999999996,-28972.395,-11014.83,-4413.735
-10782.539999999999,-11441.16,-21748.95,-6262.5599999999995,377.59499999999997,-29021.985,-11049.255,-4512.105
-10761.255,-11425.23,-21753.989999999998,-6261.615,344.34,-29105.954999999998,-11088.09,-4559.264999999999
-10737.945,-11438.145,-21762.18,-6232.23,395.19,-29005.559999999998,-11043.09,-4502.025
-10749.33,-11492.64,-21786.48,-6255.495,398.565,-28954.844999999998,-11001.24,-4444.155
-10709.73,-11563.785,-21877.065,-6354.09,314.09999999999997,-28999.079999999998,-10997.595,-4305.15
-10745.82,-11516.445,-21859.065,-6385.95,263.61,-29053.98,-11028.645,-4349.655
-10708.875,-11497.23,-21876.795,-6412.275,188.45999999999998,-29139.704999999998,-11055.33,-4353.84
-10706.175,-11477.88,-21834.18,-6389.82,270.765,-29127.735,-11063.07,-4443.57
-10727.55,-11458.305,-21824.055,-6398.639999999999,396.53999999999996,-29136.555,-11086.695,-4496.804999999999
-10734.57,-11493.0,-21897.09,-6466.905,330.795,-29116.17,-11091.33,-4433.4
-10717.47,-11533.904999999999,-21929.985,-6446.5199999999995,189.63,-29129.355,-11069.91,-4315.86
-10703.295,-11448.09,-21824.01,-6343.29,225.405,-29128.094999999998,-11087.145,-4344.57
-10705.635,-11452.545,-21832.559999999998,-6333.12,253.17,-29125.754999999997,-11095.92,-4384.755
-10718.145,-11492.1,-21865.094999999998,-6359.804999999999,280.97999999999996,-29105.954999999998,-11069.369999999999,-4382.235
-10704.869999999999,-11521.935,-21926.52,-6453.855,215.82,-29123.325,-11062.17,-4362.974999999999
-10692.585,-11543.939999999999,-21942.989999999998,-6433.74,201.69,-29119.094999999998,-11055.6,-4368.69
-10717.83,-11437.92,-21825.989999999998,-6271.155,345.825,-29064.105,-11020.635,-4401.09
-10726.695,-11414.564999999999,-21682.89,-6183.63,406.755,-29073.105,-11038.859999999999,-4421.97
-10703.744999999999,-11413.619999999999,-21702.87,-6247.349999999999,343.26,-29132.864999999998,-11052.18,-4408.38
-10695.195,-11413.89,-21764.295,-6314.175,267.65999999999997,-29133.135,-11047.095,-4401.09
-10702.755,-11417.805,-21743.19,-6233.264999999999,384.34499999999997,-29032.695,-11040.57,-4409.639999999999
-10699.875,-11398.455,-21712.68,-6197.445,398.07,-28976.039999999997,-11022.164999999999,-4411.8
-10698.84,-11420.82,-21746.07,-6240.24,355.32,-29028.239999999998,-11028.33,-4407.93
-10703.475,-11418.84,-21728.385,-6201.2699999999995,429.435,-28995.57,-11018.475,-4406.8949999999995
-10701.72,-11410.199999999999,-21790.62,-6286.679999999999,358.065,-29011.094999999998,-11026.439999999999,-4406.94
-10696.005,-11429.505,-21796.065,-6374.385,255.42,-29063.61,-11033.73,-4404.24
-10705.59,-11479.185,-21818.024999999998,-6428.384999999999,225.225,-29112.93,-11046.869999999999,-4410.315
-10724.895,-11475.72,-21810.465,-6345.719999999999,321.795,-29096.37,-11054.43,-4428.675
-10726.38,-11464.199999999999,-21794.715,-6250.95,382.635,-29073.105,-11048.805,-4431.24
-10690.605,-11395.664999999999,-21747.285,-6357.599999999999,318.825,-29084.579999999998,-11066.939999999999,-4435.875
-10677.105,-11378.52,-21777.39,-6436.9349999999995,274.86,-29092.77,-11086.875,-4474.9349999999995
-10665.72,-11359.619999999999,-21735.27,-6249.6449999999995,374.625,-29031.254999999997,-11048.715,-4487.8949999999995
-10680.93,-11376.09,-21687.03,-6127.38,422.90999999999997,-29028.42,-11038.77,-4467.014999999999
-10716.705,-11417.58,-21720.555,-6211.844999999999,369.27,-29113.965,-11076.795,-4412.205
-10755.494999999999,-11509.02,-21820.95,-6309.719999999999,334.08,-29136.87,-11085.57,-4393.3949999999995
-10752.93,-11488.365,-21799.665,-6287.8949999999995,362.745,-29121.614999999998,-11092.545,-4430.34
-10755.539999999999,-11421.675,-21696.75,-6174.09,410.03999999999996,-29057.94,-11054.564999999999,-4497.75
-10763.64,-11410.47,-21713.265,-6199.514999999999,409.05,-29025.09,-11055.195,-4579.065
-10745.775,-11379.375,-21694.995,-6258.465,463.275,-28984.86,-11059.154999999999,-4542.075
-10672.244999999999,-11354.445,-21677.219999999998,-6241.635,405.135,-29024.864999999998,-11072.97,-4382.82
-10621.08,-11394.539999999999,-21726.945,-6240.014999999999,287.59499999999997,-29143.305,-11088.404999999999,-4250.88
-10698.75,-11505.779999999999,-21889.53,-6395.4,299.655,-29129.175,-11054.205,-4336.245
-10791.72,-11508.48,-21911.805,-6462.405,357.21,-29105.19,-11054.295,-4537.304999999999
-10822.904999999999,-11450.789999999999,-21807.27,-6330.6449999999995,367.695,-29125.754999999997,-11059.74,-4643.28
-10802.654999999999,-11466.494999999999,-21726.629999999997,-6163.83,316.53,-29132.64,-11081.205,-4579.965
-10805.13,-11527.335,-21784.725,-6213.42,252.315,-29087.82,-11068.56,-4483.08
-10691.955,-11479.23,-21798.405,-6297.21,302.085,-29053.98,-11057.67,-4374.8099999999995
-10722.96,-11486.43,-21872.52,-6357.42,355.635,-29066.94,-11058.66,-4431.554999999999
-10750.005,-11472.795,-21815.594999999998,-6298.605,374.085,-29082.329999999998,-11059.965,-4449.554999999999
-10790.369999999999,-11546.369999999999,-21848.535,-6313.275,245.79,-29155.32,-11122.38,-4440.195
-10691.19,-11477.43,-21800.204999999998,-6341.715,219.6,-29168.504999999997,-11070.494999999999,-4305.6449999999995
-10688.94,-11460.555,-21801.195,-6373.889999999999,261.71999999999997,-29108.835,-11020.455,-4327.92
-10717.875,-11438.055,-21756.555,-6306.525,354.91499999999996,-29034.495,-10989.18,-4419.2699999999995
-10713.24,-11439.63,-21819.69,-6394.679999999999,275.03999999999996,-29051.864999999998,-10999.89,-4405.05
-10693.71,-11482.47,-21851.594999999998,-6441.974999999999,154.98,-29151.675,-11081.88,-4319.73
-10695.914999999999,-11510.685,-21878.64,-6336.764999999999,244.035,-29144.655,-11096.145,-4356.2699999999995
-10713.779999999999,-11467.529999999999,-21787.379999999997,-6196.905,386.37,-29098.125,-11079.765,-4397.4
-10740.914999999999,-11548.35,-21914.64,-6422.04,262.305,-29156.579999999998,-11107.845,-4404.465
-10707.119999999999,-11497.635,-21876.344999999998,-6492.195,167.76,-29221.335,-11124.72,-4395.33
-10690.695,-11435.13,-21841.92,-6450.929999999999,224.505,-29206.754999999997,-11129.58,-4391.639999999999
-10688.94,-11438.505,-21859.695,-6419.07,293.265,-29118.285,-11070.27,-4377.375
-10689.93,-11430.63,-21826.079999999998,-6411.87,265.05,-29059.829999999998,-11014.875,-4376.655
-10714.23,-11407.545,-21716.28,-6308.865,283.5,-29057.265,-11017.439999999999,-4408.38
-10710.045,-11398.814999999999,-21714.66,-6277.995,369.85499999999996,-29068.11,-11023.244999999999,-4407.389999999999
-10712.654999999999,-11430.945,-21749.76,-6181.65,501.705,-29044.215,-11036.699999999999,-4410.99
-10719.945,-11436.795,-21730.5,-6125.8949999999995,466.38,-29023.155,-11034.0,-4421.295
-10725.885,-11449.17,-21743.594999999998,-6204.24,286.02,-29070.45,-11043.314999999999,-4426.155
-10727.369999999999,-11456.865,-21756.87,-6295.86,244.35,-29068.965,-11027.52,-4423.7699999999995
-10741.68,-11474.324999999999,-21780.54,-6312.599999999999,294.795,-29030.129999999997,-11015.82,-4430.97
-10717.785,-11442.779999999999,-21758.219999999998,-6256.8,414.71999999999997,-29060.37,-11034.675,-4422.69
-10710.765,-11374.335,-21678.254999999997,-6188.94,446.4,-29029.815,-11036.97,-4440.554999999999
-10705.725,-11432.115,-21807.989999999998,-6321.24,359.46,-29052.629999999997,-11050.335,-4468.905
-10694.654999999999,-11468.385,-21920.355,-6469.74,274.005,-29095.11,-11054.16,-4482.135
-10721.52,-11411.64,-21800.114999999998,-6352.38,371.34,-29038.094999999998,-11033.55,-4540.86
-10753.289999999999,-11381.445,-21643.02,-6188.445,445.95,-28969.2,-10998.449999999999,-4541.445
-10759.32,-11422.08,-21663.719999999998,-6146.55,464.66999999999996,-28998.719999999998,-11016.18,-4462.245
-10713.69,-11423.07,-21715.065,-6157.485,445.59,-29059.965,-11040.93,-4356.54
-10645.92,-11446.47,-21819.059999999998,-6336.405,317.745,-29092.23,-11041.92,-4286.79
-10686.465,-11444.939999999999,-21878.504999999997,-6459.929999999999,268.515,-29078.19,-11040.48,-4359.33
-10748.07,-11459.475,-21894.3,-6457.995,251.14499999999998,-29106.675,-11040.255,-4480.0199999999995
-10740.285,-11407.68,-21745.035,-6232.905,301.59,-29139.164999999997,-11040.435,-4563.63
-10730.97,-11355.029999999999,-21681.27,-6126.075,380.15999999999997,-29085.614999999998,-11038.005,-4591.485
-10736.865,-11373.345,-21668.85,-6151.139999999999,435.10499999999996,-29004.075,-11036.205,-4526.639999999999
-10789.065,-11471.085,-21713.445,-6239.205,375.435,-29063.07,-11082.824999999999,-4455.45
-10751.265,-11562.255,-21872.25,-6407.28,229.095,-29206.844999999998,-11127.734999999999,-4306.635
-10705.005,-11527.244999999999,-21870.54,-6398.955,232.155,-29179.754999999997,-11132.01,-4313.115
-10731.375,-11516.085,-21822.344999999998,-6342.03,284.985,-29160.989999999998,-11114.279999999999,-4375.8
-10768.904999999999,-11498.939999999999,-21809.969999999998,-6403.815,255.87,-29164.364999999998,-11087.595,-4434.345
-10737.9,-11457.99,-21810.105,-6381.0,235.755,-29201.129999999997,-11121.39,-4433.715
-10699.875,-11435.355,-21767.535,-6249.554999999999,304.155,-29124.629999999997,-11115.675,-4410.315
-10685.295,-11435.355,-21742.605,-6230.565,417.96,-29001.149999999998,-11047.41,-4377.6449999999995
-10703.34,-11428.605,-21767.175,-6260.175,450.675,-28964.07,-11015.414999999999,-4398.255
-10703.52,-11405.609999999999,-21768.614999999998,-6260.67,370.71,-29046.42,-11037.42,-4424.355
-10702.664999999999,-11397.465,-21751.065,-6283.71,383.76,-29039.85,-11046.51,-4464.315
-10716.705,-11400.84,-21744.27,-6306.344999999999,336.645,-29084.265,-11064.285,-4531.005
-10738.619999999999,-11407.41,-21737.295,-6250.815,341.64,-29096.325,-11082.96,-4535.01
-10736.865,-11450.295,-21778.065,-6239.295,299.295,-29060.01,-11048.67,-4445.82
-10729.529999999999,-11478.869999999999,-21787.559999999998,-6289.965,228.105,-29040.57,-11001.42,-4354.65
-10662.119999999999,-11474.145,-21803.489999999998,-6322.679999999999,159.345,-29118.195,-11001.24,-4275.2699999999995
-10747.89,-11511.855,-21846.69,-6278.264999999999,244.17,-29097.539999999997,-10995.345,-4426.92
-10779.255,-11497.32,-21838.14,-6381.719999999999,299.07,-29140.065,-11044.08,-4479.615
-10763.279999999999,-11526.48,-21964.004999999997,-6603.929999999999,208.44,-29211.57,-11110.23,-4455.2699999999995
-10750.005,-11571.48,-21977.82,-6575.58,301.635,-29193.12,-11151.404999999999,-4456.3949999999995
-10719.359999999999,-11482.605,-21913.559999999998,-6462.675,370.97999999999996,-29068.11,-11088.27,-4433.445
-10701.18,-11360.385,-21757.004999999997,-6320.115,295.11,-29100.42,-11078.64,-4425.389999999999
-10704.195,-11471.31,-21780.54,-6292.53,290.78999999999996,-29069.864999999998,-11036.925,-4361.04
-10697.039999999999,-11451.645,-21699.315,-6154.965,392.085,-29000.745,-10985.22,-4317.345
-10707.615,-11457.945,-21712.454999999998,-6158.655,387.63,-29039.445,-11004.435,-4365.405
-10724.4,-11458.98,-21788.684999999998,-6275.34,345.465,-29052.945,-11031.615,-4407.75
-10713.42,-11440.215,-21829.59,-6335.505,321.705,-29064.149999999998,-11046.734999999999,-4407.3
-10705.77,-11427.57,-21811.184999999998,-6314.76,299.96999999999997,-29053.754999999997,-11033.955,-4396.139999999999
-10707.255,-11446.83,-21773.204999999998,-6339.465,255.23999999999998,-29076.164999999997,-11044.89,-4395.465
-10704.96,-11459.835,-21833.64,-6378.03,288.45,-29067.12,-11047.635,-4400.415
-10701.63,-11443.59,-21819.69,-6334.65,340.695,-29067.12,-11064.869999999999,-4406.76
-10697.265,-11395.305,-21724.335,-6213.33,392.66999999999996,-29128.815,-11087.505,-4414.139999999999
-10683.09,-11394.81,-21666.195,-6155.594999999999,367.83,-29119.094999999998,-11068.695,-4402.125
-10712.25,-11425.545,-21680.28,-6166.26,380.7,-29041.965,-11044.529999999999,-4417.92
-10723.949999999999,-11452.455,-21776.219999999998,-6237.855,394.11,-28972.98,-11021.265,-4422.87
-10706.58,-11444.58,-21805.649999999998,-6309.719999999999,342.135,-29057.805,-11054.34,-4412.115
-10725.029999999999,-11452.05,-21786.66,-6326.91,327.33,-29099.7,-11072.88,-4426.83
-10707.66,-11427.705,-21765.465,-6370.83,341.01,-29047.454999999998,-11052.359999999999,-4416.75
-10683.09,-11401.425,-21751.739999999998,-6395.985,324.675,-29001.69,-11022.39,-4396.365
-10696.14,-11394.539999999999,-21731.219999999998,-6344.594999999999,321.3,-29034.18,-11026.8,-4402.53
-10712.789999999999,-11457.81,-21794.625,-6272.639999999999,319.545,-29073.105,-11057.715,-4414.05
-10693.8,-11476.439999999999,-21757.905,-6141.15,385.245,-29040.254999999997,-11040.525,-4403.655
-10686.465,-11373.84,-21673.754999999997,-6109.83,426.465,-29028.375,-11040.795,-4428.54
-10718.46,-11377.305,-21684.78,-6189.84,355.905,-29052.899999999998,-11073.779999999999,-4486.905
-10765.215,-11442.06,-21755.204999999998,-6258.24,324.27,-29049.704999999998,-11085.345,-4537.125
-10839.15,-11476.755,-21786.66,-6272.91,340.245,-29060.235,-11112.164999999999,-4594.275
-10812.15,-11447.505,-21801.195,-6310.304999999999,330.93,-29017.395,-11096.46,-4624.38
-10763.414999999999,-11381.895,-21731.535,-6255.45,466.83,-28935.09,-11049.84,-4648.095
-10743.119999999999,-11353.814999999999,-21733.559999999998,-6274.53,475.60499999999996,-28926.765,-11018.925,-4633.245
-10739.115,-11399.445,-21788.954999999998,-6334.965,370.215,-29032.92,-11042.55,-4528.035
-10792.98,-11495.025,-21883.905,-6417.495,250.875,-29143.89,-11079.09,-4463.054999999999
-10733.535,-11499.164999999999,-21837.645,-6332.3099999999995,271.66499999999996,-29182.32,-11077.47,-4315.005
-10690.965,-11476.664999999999,-21779.055,-6262.2,296.955,-29190.735,-11083.23,-4269.915
-10654.02,-11475.63,-21802.094999999998,-6296.804999999999,313.38,-29178.225,-11098.17,-4258.755
-10697.535,-11474.685,-21792.465,-6312.825,285.255,-29110.32,-11092.14,-4315.365
-10735.47,-11509.02,-21814.965,-6296.445,320.625,-29003.76,-11040.525,-4344.84
-10718.82,-11491.92,-21802.364999999998,-6309.855,328.995,-29020.995,-11039.039999999999,-4362.345
-10715.085,-11492.505,-21837.78,-6395.67,256.185,-29093.579999999998,-11050.244999999999,-4377.465
-10711.664999999999,-11470.5,-21857.309999999998,-6455.07,231.92999999999998,-29074.86,-11043.27,-4390.605
-10712.07,-11456.91,-21900.015,-6598.125,269.055,-29052.899999999998,-11049.84,-4397.67
-10708.605,-11443.32,-21866.355,-6520.95,347.35499999999996,-29048.985,-11049.21,-4401.18
-10718.414999999999,-11463.795,-21810.329999999998,-6267.69,438.075,-28982.07,-11031.975,-4410.945
-10707.48,-11462.355,-21823.785,-6199.335,351.585,-29067.66,-11067.705,-4402.305
-10701.765,-11433.869999999999,-21809.969999999998,-6321.599999999999,272.43,-29148.84,-11112.795,-4392.36
-10725.164999999999,-11440.08,-21817.215,-6401.79,252.045,-29083.23,-11081.205,-4412.79
-10752.119999999999,-11488.59,-21817.98,-6337.125,281.61,-29076.975,-11069.955,-4431.554999999999
-10733.49,-11470.14,-21748.32,-6201.179999999999,380.61,-29067.795,-11057.445,-4436.28
-10714.095,-11428.785,-21760.065,-6227.054999999999,371.565,-29076.885,-11061.314999999999,-4413.375
-10727.324999999999,-11467.98,-21796.875,-6262.155,389.25,-29073.78,-11060.189999999999,-4405.32
-10714.545,-11459.07,-21817.8,-6328.485,322.92,-29105.37,-11080.664999999999,-4408.514999999999
-10718.685,-11444.67,-21763.665,-6249.69,324.71999999999997,-29109.285,-11059.154999999999,-4420.485
-10731.465,-11481.525,-21781.44,-6238.9349999999995,310.185,-29083.86,-11044.574999999999,-4456.08
-10742.85,-11470.994999999999,-21800.835,-6299.82,278.235,-29078.414999999997,-11039.58,-4485.915
-10751.85,-11421.314999999999,-21782.52,-6324.12,301.635,-29059.2,-11055.105,-4506.3
-10732.635,-11372.039999999999,-21671.415,-6205.455,374.445,-29055.87,-11072.295,-4453.605
-10712.744999999999,-11382.074999999999,-21693.465,-6204.15,365.35499999999996,-29046.465,-11058.75,-4438.17
-10750.095,-11423.88,-21748.815,-6292.3949999999995,279.36,-29052.45,-11045.115,-4467.554999999999
-10753.425,-11453.355,-21820.004999999997,-6396.48,191.25,-29112.84,-11084.355,-4482.179999999999
-10769.13,-11474.055,-21839.445,-6348.6449999999995,313.11,-29094.03,-11118.42,-4491.315
-10785.195,-11465.145,-21835.44,-6374.88,360.71999999999997,-29065.68,-11119.095,-4539.69
-10785.779999999999,-11494.035,-21877.065,-6386.445,380.52,-29083.05,-11110.77,-4561.38
-10732.994999999999,-11447.55,-21848.04,-6356.925,377.72999999999996,-29009.475,-11022.615,-4502.5199999999995
-10724.49,-11417.67,-21757.274999999998,-6292.665,353.15999999999997,-29043.315,-11012.895,-4410.405
-10700.955,-11458.574999999999,-21748.545,-6251.13,319.14,-29144.52,-11073.285,-4322.97
-10709.324999999999,-11500.154999999999,-21821.67,-6266.115,337.635,-29168.82,-11092.59,-4312.53
-10665.135,-11425.635,-21780.945,-6294.195,392.76,-29074.364999999998,-11073.015,-4307.13
-10651.949999999999,-11400.255,-21764.969999999998,-6270.615,438.93,-29004.48,-11043.404999999999,-4334.94
-10677.42,-11429.73,-21794.805,-6322.094999999999,283.005,-29108.385,-11075.715,-4376.34
-10695.51,-11434.949999999999,-21758.355,-6304.7699999999995,251.73,-29127.555,-11061.359999999999,-4389.48
-10672.74,-11431.17,-21767.67,-6321.554999999999,334.395,-29059.155,-11017.664999999999,-4369.365
-10652.22,-11375.055,-21710.565,-6242.219999999999,484.60499999999996,-29008.575,-11021.445,-4374.8099999999995
-10705.725,-11362.77,-21629.07,-6101.19,484.10999999999996,-29063.295,-11066.805,-4449.24
-10733.535,-11414.744999999999,-21672.629999999997,-6129.405,388.44,-29054.835,-11064.645,-4479.48
-10764.0,-11481.345,-21741.57,-6158.385,421.56,-28998.315,-11025.585,-4475.205
-10778.355,-11547.225,-21845.34,-6342.4349999999995,255.105,-29151.989999999998,-11042.91,-4410.855
-10778.175,-11554.244999999999,-21935.024999999998,-6530.804999999999,212.80499999999998,-29147.76,-11057.895,-4446.8099999999995
-10773.404999999999,-11432.835,-21849.66,-6508.17,293.985,-29122.739999999998,-11099.205,-4493.925
-10753.065,-11432.205,-21806.864999999998,-6339.6449999999995,363.735,-29089.98,-11098.935,-4458.105
-10701.99,-11429.595,-21747.87,-6187.545,374.265,-29080.125,-11088.945,-4373.415
-10681.425,-11424.869999999999,-21731.715,-6160.365,408.28499999999997,-29049.66,-11063.744999999999,-4364.505
-10715.94,-11448.9,-21775.32,-6261.255,329.53499999999997,-29055.329999999998,-11035.395,-4388.49
-10707.074999999999,-11437.02,-21789.765,-6287.3099999999995,301.545,-29093.895,-11055.779999999999,-4399.5599999999995
-10684.574999999999,-11408.895,-21772.305,-6291.2699999999995,311.13,-29092.545,-11058.164999999999,-4397.175
-10720.619999999999,-11445.525,-21774.6,-6331.7699999999995,321.525,-29047.68,-11033.279999999999,-4423.905
-10740.465,-11440.529999999999,-21798.989999999998,-6352.514999999999,310.905,-29044.485,-11022.48,-4444.965
-10749.06,-11464.38,-21800.25,-6320.655,268.46999999999997,-29075.489999999998,-11043.27,-4446.72
-10746.494999999999,-11503.98,-21815.954999999998,-6274.215,355.275,-29045.565,-11049.3,-4422.6449999999995
-10727.595,-11487.779999999999,-21824.954999999998,-6320.925,357.255,-29052.855,-11055.465,-4391.1449999999995
-10717.605,-11450.25,-21811.77,-6350.3099999999995,258.34499999999997,-29126.879999999997,-11066.49,-4394.115
-10746.225,-11471.76,-21844.17,-6358.05,228.55499999999998,-29164.23,-11086.605,-4439.745
-10730.34,-11439.765,-21798.045,-6363.495,306.81,-29107.98,-11063.97,-4431.825
-10688.58,-11428.83,-21877.2,-6513.48,307.935,-29164.23,-11074.904999999999,-4402.9349999999995
-10711.529999999999,-11488.814999999999,-22025.024999999998,-6623.91,245.295,-29161.934999999998,-11077.74,-4427.639999999999
-10761.119999999999,-11493.045,-21904.605,-6490.304999999999,237.64499999999998,-29109.015,-11065.814999999999,-4468.5
-10743.66,-11417.58,-21683.34,-6244.425,323.235,-29029.68,-11058.39,-4470.795
-10715.535,-11426.58,-21720.375,-6154.695,380.15999999999997,-29004.03,-11043.494999999999,-4417.965
-10712.34,-11448.359999999999,-21761.594999999998,-6198.84,329.84999999999997,-29052.539999999997,-11072.07,-4419.945
-10726.47,-11446.289999999999,-21768.3,-6218.6849999999995,360.63,-29055.375,-11089.664999999999,-4454.82
-10764.63,-11455.965,-21794.219999999998,-6292.755,367.02,-29109.42,-11088.765,-4497.12
-10785.779999999999,-11439.855,-21749.94,-6302.79,307.17,-29138.399999999998,-11090.07,-4531.32
-10764.315,-11433.24,-21747.149999999998,-6278.3099999999995,335.565,-29083.59,-11038.859999999999,-4497.705
-10733.94,-11481.029999999999,-21848.445,-6273.179999999999,373.09499999999997,-29055.195,-10997.82,-4395.375
-10711.395,-11467.98,-21795.434999999998,-6242.8949999999995,386.37,-29085.12,-11030.13,-4344.345
-10678.05,-11460.105,-21716.82,-6162.615,390.78,-29093.355,-11046.42,-4328.73
-10686.914999999999,-11455.515,-21743.64,-6205.815,375.435,-29102.715,-11055.465,-4376.025
-10701.675,-11420.189999999999,-21754.754999999997,-6246.855,376.065,-29073.105,-11058.029999999999,-4459.41
-10704.869999999999,-11343.285,-21713.94,-6268.05,266.445,-29085.57,-11065.77,-4477.7699999999995
-10702.755,-11403.63,-21757.77,-6331.635,226.53,-29131.649999999998,-11051.369999999999,-4436.73
-10718.82,-11457.314999999999,-21822.165,-6408.495,321.65999999999997,-29157.704999999998,-11058.21,-4408.38
-10725.164999999999,-11418.255,-21731.535,-6300.405,459.71999999999997,-29123.55,-11057.625,-4460.355
-10766.52,-11423.835,-21721.094999999998,-6215.804999999999,386.955,-29121.704999999998,-11072.97,-4541.535
-10782.449999999999,-11412.494999999999,-21736.125,-6238.53,343.03499999999997,-29127.87,-11107.439999999999,-4577.849999999999
-10746.404999999999,-11455.02,-21813.614999999998,-6314.8949999999995,349.245,-29119.995,-11094.164999999999,-4496.085
-10662.795,-11401.605,-21751.965,-6261.66,310.40999999999997,-29173.23,-11084.355,-4313.16
-10712.43,-11431.08,-21752.73,-6255.99,272.025,-29208.015,-11106.314999999999,-4350.105
-10758.779999999999,-11464.02,-21745.53,-6212.34,368.09999999999997,-29132.504999999997,-11134.755,-4439.88
-10748.43,-11440.305,-21730.77,-6191.235,427.09499999999997,-29033.28,-11113.425,-4473.2699999999995
-10746.63,-11481.345,-21821.489999999998,-6327.719999999999,283.005,-29093.265,-11100.824999999999,-4432.815
-10707.885,-11452.949999999999,-21791.43,-6305.58,326.655,-29086.065,-11083.32,-4413.465
-10710.945,-11434.095,-21775.004999999997,-6276.69,381.825,-29050.065,-11047.59,-4461.03
-10712.295,-11432.25,-21782.295,-6288.705,344.925,-29073.825,-11033.865,-4448.5199999999995
-10768.41,-11461.59,-21798.809999999998,-6315.615,315.585,-29105.82,-11043.945,-4486.905
-10785.42,-11486.97,-21822.254999999997,-6347.07,280.8,-29136.42,-11050.83,-4495.724999999999
-10759.185,-11471.939999999999,-21803.535,-6342.705,272.47499999999997,-29128.68,-11055.6,-4460.445
-10766.88,-11516.85,-21859.92,-6379.38,251.91,-29083.77,-11032.425,-4374.99
-10740.779999999999,-11536.47,-21894.165,-6371.1449999999995,265.14,-29130.48,-11035.26,-4320.99
-10704.869999999999,-11488.59,-21833.415,-6351.389999999999,293.76,-29158.559999999998,-11070.18,-4319.28
-10718.91,-11455.515,-21782.204999999998,-6320.429999999999,378.675,-29094.57,-11066.805,-4361.94
-10739.34,-11470.05,-21877.065,-6530.67,250.10999999999999,-29149.515,-11090.43,-4421.565
-10732.23,-11469.42,-21965.67,-6689.295,204.70499999999998,-29186.145,-11099.16,-4442.849999999999
-10729.845,-11490.255,-21983.895,-6649.5599999999995,186.345,-29172.285,-11096.01,-4420.305
-10725.795,-11515.859999999999,-21912.75,-6500.34,193.45499999999998,-29144.43,-11097.18,-4389.389999999999
-10724.265,-11517.93,-21824.19,-6285.825,268.78499999999997,-29060.1,-11044.89,-4387.05
-10710.494999999999,-11466.27,-21719.925,-6111.09,409.455,-29011.41,-10999.215,-4381.514999999999
-10701.0,-11437.425,-21678.075,-6052.95,439.515,-29045.879999999997,-11024.73,-4387.455
-10707.93,-11435.58,-21721.59,-6158.925,392.31,-29096.414999999997,-11053.935,-4400.639999999999
-10713.555,-11489.4,-21838.77,-6303.33,312.03,-29108.969999999998,-11046.285,-4400.73
-10734.435,-11508.84,-21904.739999999998,-6400.665,154.71,-29182.364999999998,-11064.465,-4419.0
-10729.664999999999,-11457.225,-21897.675,-6504.21,135.35999999999999,-29216.204999999998,-11081.295,-4429.26
-10732.32,-11460.015,-21862.665,-6473.88,297.315,-29146.32,-11066.76,-4432.815
-10725.615,-11481.345,-21823.92,-6276.42,426.59999999999997,-29074.815,-11053.215,-4423.23
-10727.91,-11386.26,-21627.629999999997,-6101.505,412.91999999999996,-29075.129999999997,-11080.35,-4435.74
-10721.565,-11373.39,-21620.565,-6109.155,385.56,-29030.895,-11060.865,-4432.32
-10723.949999999999,-11413.89,-21727.53,-6233.715,350.19,-29036.52,-11045.025,-4427.19
-10713.96,-11440.395,-21755.43,-6238.215,344.47499999999997,-29071.215,-11053.08,-4416.03
-10710.404999999999,-11446.515,-21781.079999999998,-6277.679999999999,311.985,-29094.254999999997,-11052.72,-4410.045
-10730.43,-11460.914999999999,-21805.29,-6360.344999999999,328.09499999999997,-29036.295,-11036.88,-4416.165
-10719.945,-11474.91,-21875.355,-6404.355,344.205,-29013.93,-11035.395,-4412.79
-10709.369999999999,-11399.175,-21778.065,-6282.8099999999995,378.945,-29041.379999999997,-11042.955,-4417.65
-10727.91,-11398.455,-21687.524999999998,-6156.495,420.885,-29026.485,-11061.765,-4435.74
-10739.475,-11411.73,-21719.16,-6212.61,366.435,-29145.78,-11118.645,-4469.22
-10741.32,-11365.785,-21682.125,-6195.285,429.435,-29147.715,-11137.545,-4525.83
-10750.77,-11390.22,-21712.14,-6217.0199999999995,478.97999999999996,-29046.195,-11098.35,-4540.365
-10710.18,-11408.4,-21738.915,-6224.58,470.96999999999997,-28961.28,-11015.595,-4481.19
-10679.13,-11373.795,-21693.375,-6186.42,432.495,-28923.57,-10956.24,-4480.92
-10754.82,-11359.755,-21658.86,-6152.58,480.96,-28905.885,-10965.779999999999,-4620.915
-10821.195,-11391.119999999999,-21684.69,-6191.415,468.71999999999997,-28953.495,-11022.3,-4633.245
-10844.82,-11570.175,-21863.34,-6355.889999999999,279.495,-29124.719999999998,-11102.085,-4467.6449999999995
-10725.029999999999,-11532.15,-21909.375,-6424.065,245.7,-29169.45,-11113.605,-4313.7
-10750.23,-11494.305,-21857.67,-6355.44,347.4,-29128.094999999998,-11105.955,-4414.095
-10795.545,-11507.265,-21898.62,-6506.955,191.07,-29224.305,-11128.14,-4462.695
-10744.74,-11462.355,-21868.245,-6627.15,144.495,-29314.71,-11189.385,-4420.62
-10652.805,-11483.414999999999,-21938.489999999998,-6620.264999999999,228.73499999999999,-29242.62,-11135.205,-4258.755
-10665.99,-11512.664999999999,-21942.045,-6464.745,274.09499999999997,-29117.789999999997,-11100.42,-4282.83
-10722.105,-11483.46,-21859.469999999998,-6288.03,281.565,-29013.39,-11059.56,-4358.295
-10720.17,-11459.789999999999,-21750.885,-6158.115,254.88,-29075.355,-11045.564999999999,-4367.295
-10739.385,-11483.055,-21760.875,-6209.6849999999995,223.10999999999999,-29175.75,-11086.244999999999,-4394.295
-10725.57,-11478.96,-21807.54,-6308.73,277.56,-29201.535,-11089.17,-4391.505
-10715.94,-11466.72,-21800.565,-6272.325,376.335,-29048.489999999998,-11019.689999999999,-4375.845
-10740.06,-11455.154999999999,-21770.055,-6251.085,361.97999999999996,-29069.684999999998,-11018.025,-4413.375
-10749.24,-11465.369999999999,-21803.445,-6276.105,329.715,-29141.28,-11051.279999999999,-4441.095
-10767.465,-11453.175,-21835.079999999998,-6328.215,314.72999999999996,-29154.645,-11074.68,-4461.57
-10744.875,-11499.119999999999,-21927.51,-6358.59,379.62,-29062.664999999997,-11037.96,-4415.58
-10716.93,-11505.555,-21880.89,-6405.57,313.60499999999996,-29032.065,-11017.574999999999,-4378.7699999999995
-10750.904999999999,-11522.34,-21862.71,-6407.594999999999,269.01,-29060.235,-11050.109999999999,-4425.66
-10718.91,-11423.654999999999,-21777.254999999997,-6349.275,348.705,-29052.27,-11073.689999999999,-4416.75
-10710.449999999999,-11441.654999999999,-21779.64,-6306.615,352.935,-29045.969999999998,-11082.869999999999,-4405.68
-10722.06,-11447.595,-21804.975,-6264.54,336.555,-29044.575,-11085.164999999999,-4417.92
-10702.755,-11425.185,-21776.985,-6268.679999999999,323.82,-29101.41,-11088.09,-4404.915
-10703.789999999999,-11452.275,-21858.795,-6392.745,304.56,-29136.285,-11060.955,-4403.5199999999995
-10730.115,-11410.38,-21763.71,-6336.045,336.06,-29118.015,-11050.289999999999,-4425.345
-10750.859999999999,-11452.005,-21730.95,-6233.625,365.805,-29055.555,-11047.005,-4434.075
-10751.265,-11457.359999999999,-21791.925,-6208.38,343.395,-29027.25,-11044.8,-4433.804999999999
-10726.109999999999,-11436.119999999999,-21856.274999999998,-6374.655,206.82,-29055.96,-11042.505,-4414.5
-10734.615,-11431.305,-21788.145,-6423.75,225.045,-29064.285,-11043.314999999999,-4420.889999999999
-10739.97,-11512.17,-21857.489999999998,-6448.679999999999,317.07,-29056.454999999998,-11043.855,-4422.105
-10725.795,-11446.02,-21751.875,-6228.764999999999,457.38,-29056.454999999998,-11054.744999999999,-4416.84
-10719.99,-11416.455,-21757.454999999998,-6273.179999999999,338.175,-29113.695,-11073.779999999999,-4416.795
-10738.619999999999,-11453.355,-21801.42,-6272.594999999999,326.835,-29124.405,-11089.08,-4439.925
-10755.63,-11443.5,-21727.575,-6190.695,390.28499999999997,-29129.175,-11123.055,-4481.595
-10771.154999999999,-11467.439999999999,-21805.29,-6276.554999999999,379.08,-29142.765,-11155.275,-4516.875
-10779.119999999999,-11472.029999999999,-21868.469999999998,-6349.05,332.235,-29126.114999999998,-11155.14,-4529.655
-10783.755,-11549.16,-21961.89,-6453.855,254.07,-29119.815,-11113.425,-4495.32
-10767.734999999999,-11549.34,-22050.27,-6556.905,228.015,-29149.469999999998,-11094.93,-4487.67
-10729.215,-11434.77,-21888.09,-6390.8099999999995,374.445,-29115.09,-11077.064999999999,-4516.155
-10695.734999999999,-11342.115,-21640.68,-6130.889999999999,515.0699999999999,-29026.53,-11054.744999999999,-4440.915
-10707.255,-11429.145,-21735.54,-6132.78,465.93,-29013.975,-11029.68,-4339.349999999999
-10720.619999999999,-11524.14,-21909.915,-6189.03,415.62,-28994.445,-11042.055,-4393.349999999999
-10734.029999999999,-11399.895,-21794.129999999997,-6208.65,363.69,-29032.649999999998,-11080.845,-4579.92
-10809.27,-11428.425,-21745.53,-6261.165,395.865,-28977.704999999998,-11087.189999999999,-4694.445
-10846.26,-11402.369999999999,-21659.175,-6238.26,432.85499999999996,-29013.075,-11094.705,-4679.505
-10820.115,-11442.555,-21661.245,-6187.7699999999995,384.21,-29123.73,-11121.029999999999,-4467.87
-10763.279999999999,-11559.465,-21879.765,-6404.04,110.33999999999999,-29280.329999999998,-11181.645,-4306.7699999999995
-10677.869999999999,-11551.005,-21926.879999999997,-6443.19,119.115,-29201.265,-11101.005,-4202.955
-10643.76,-11482.289999999999,-21875.715,-6438.735,220.005,-29123.684999999998,-11032.74,-4254.345
-10676.295,-11405.34,-21725.37,-6253.065,399.555,-29060.37,-10969.875,-4299.705
-10690.289999999999,-11432.789999999999,-21867.84,-6402.105,303.03,-29179.89,-11021.625,-4329.45
-10707.705,-11451.96,-21838.094999999998,-6426.855,268.335,-29294.28,-11126.52,-4386.375
-10721.43,-11495.654999999999,-21861.989999999998,-6449.94,196.785,-29284.829999999998,-11168.505,-4420.845
-10755.404999999999,-11525.265,-21892.14,-6367.275,305.59499999999997,-29133.675,-11158.965,-4434.03
-10746.9,-11444.085,-21750.75,-6223.905,357.97499999999997,-29139.344999999998,-11146.23,-4415.49
-10750.41,-11492.505,-21834.36,-6434.325,251.23499999999999,-29157.795,-11090.025,-4409.775
-10738.305,-11515.859999999999,-21882.015,-6563.88,150.21,-29160.495,-11052.09,-4386.24
-10728.9,-11480.984999999999,-21860.64,-6451.245,226.125,-29108.25,-11035.35,-4404.15
-10749.734999999999,-11504.43,-21851.055,-6242.49,406.89,-29009.204999999998,-11005.47,-4445.955
-10744.74,-11471.67,-21791.114999999998,-6199.514999999999,389.385,-29003.445,-11004.795,-4469.13
-10745.055,-11457.765,-21827.52,-6334.695,290.78999999999996,-29081.789999999997,-11034.494999999999,-4465.215
-10750.095,-11436.795,-21811.995,-6391.53,261.36,-29130.885,-11069.73,-4451.13
-10742.67,-11442.734999999999,-21770.37,-6328.8,290.25,-29151.719999999998,-11098.215,-4410.945
-10731.195,-11442.914999999999,-21746.34,-6241.905,303.885,-29097.675,-11072.835,-4394.43
-10718.865,-11422.664999999999,-21728.969999999998,-6251.8949999999995,235.35,-29084.039999999997,-11022.615,-4390.155
-10735.335,-11452.23,-21810.465,-6322.139999999999,229.67999999999998,-29074.545,-11033.189999999999,-4412.745
-10741.949999999999,-11465.055,-21862.575,-6366.554999999999,299.835,-29112.12,-11079.359999999999,-4427.82
-10735.38,-11454.029999999999,-21812.265,-6300.045,414.18,-29082.105,-11070.314999999999,-4423.05
-10730.97,-11448.99,-21772.665,-6288.929999999999,396.04499999999996,-29081.835,-11067.39,-4415.085
-10731.465,-11473.785,-21826.98,-6316.5599999999995,361.26,-29078.64,-11055.42,-4410.855
-10719.99,-11444.445,-21770.325,-6274.215,366.16499999999996,-29084.805,-11050.38,-4407.795
-10736.01,-11418.615,-21752.01,-6300.405,284.805,-29162.43,-11094.39,-4430.429999999999
-10734.84,-11439.72,-21789.135,-6309.179999999999,249.345,-29215.53,-11111.535,-4431.78
-10719.99,-11433.645,-21814.695,-6343.245,264.555,-29172.78,-11089.17,-4421.5199999999995
-10710.09,-11433.24,-21838.094999999998,-6394.455,282.91499999999996,-29097.719999999998,-11061.855,-4410.405
-10679.76,-11398.41,-21776.895,-6291.2699999999995,356.84999999999997,-29115.719999999998,-11079.314999999999,-4392.8099999999995
-10673.82,-11388.015,-21706.605,-6178.995,364.72499999999997,-29189.43,-11095.515,-4398.48
-10695.015,-11433.779999999999,-21748.094999999998,-6229.844999999999,311.895,-29227.905,-11080.8,-4424.715
-10734.795,-11509.83,-21843.045,-6361.92,281.655,-29090.295,-11028.689999999999,-4460.625
-10756.17,-11488.77,-21831.66,-6423.929999999999,350.37,-28996.245,-11017.17,-4482.224999999999
-10746.81,-11445.615,-21865.59,-6548.804999999999,338.76,-29033.19,-11042.955,-4498.47
-10725.885,-11396.25,-21840.254999999997,-6459.705,283.77,-29150.954999999998,-11101.904999999999,-4546.53
-10782.18,-11353.545,-21655.35,-6072.075,418.54499999999996,-29145.42,-11117.744999999999,-4612.59
-10779.795,-11375.505,-21597.614999999998,-5941.485,503.41499999999996,-29062.215,-11097.314999999999,-4566.375
-10751.58,-11407.635,-21625.695,-6059.745,501.705,-28990.754999999997,-11047.23,-4481.46
-10696.185,-11369.295,-21696.075,-6255.405,432.63,-29039.039999999997,-11017.619999999999,-4442.535
-10672.244999999999,-11445.975,-21825.405,-6438.0599999999995,272.15999999999997,-29132.504999999997,-11041.02,-4375.26
-10637.55,-11552.445,-21980.565,-6502.7699999999995,198.58499999999998,-29137.05,-11053.98,-4207.005
-10676.385,-11621.52,-22035.195,-6526.98,30.735,-29246.985,-11116.215,-4252.32
-10716.57,-11575.619999999999,-21888.809999999998,-6349.139999999999,132.29999999999998,-29244.735,-11101.859999999999,-4380.03
-10740.195,-11458.529999999999,-21752.64,-6278.13,314.145,-29113.739999999998,-11049.48,-4423.095
-10762.109999999999,-11345.67,-21628.35,-6172.605,385.91999999999996,-29022.704999999998,-11018.43,-4414.1849999999995
-10779.66,-11424.734999999999,-21713.805,-6202.349999999999,349.38,-29124.945,-11051.145,-4396.59
-10791.27,-11556.855,-21920.715,-6407.6849999999995,241.38,-29237.355,-11110.365,-4368.96
-10722.51,-11511.045,-21907.844999999998,-6388.38,297.495,-29143.035,-11090.744999999999,-4365.495
-10725.795,-11425.814999999999,-21779.73,-6249.014999999999,426.24,-29020.815,-11033.595,-4403.025
-10755.045,-11463.345,-21750.704999999998,-6205.7699999999995,416.29499999999996,-29038.815,-11038.635,-4424.13
-10745.82,-11471.76,-21780.719999999998,-6277.005,349.38,-29082.195,-11060.145,-4411.845
-10749.195,-11453.895,-21794.67,-6319.71,316.17,-29108.789999999997,-11086.785,-4437.495
-10781.865,-11503.619999999999,-21864.87,-6356.295,346.77,-29118.87,-11094.255,-4462.514999999999
-10792.17,-11551.23,-21939.344999999998,-6427.08,327.10499999999996,-29100.105,-11066.039999999999,-4456.215
-10764.045,-11501.505,-21861.629999999997,-6392.925,302.58,-29100.42,-11055.195,-4438.71
-10755.765,-11460.195,-21759.344999999998,-6268.679999999999,352.44,-29080.664999999997,-11058.119999999999,-4444.245
-10738.664999999999,-11430.494999999999,-21777.39,-6252.21,380.07,-29106.719999999998,-11091.375,-4444.335
-10729.845,-11439.99,-21816.405,-6325.0199999999995,338.13,-29148.614999999998,-11094.074999999999,-4436.28
-10726.425,-11445.93,-21852.09,-6391.125,331.245,-29122.469999999998,-11065.994999999999,-4425.21
-10716.3,-11434.185,-21869.82,-6446.115,349.56,-29040.524999999998,-11037.914999999999,-4410.18
-10711.935,-11450.654999999999,-21919.23,-6510.599999999999,258.48,-29032.515,-11027.88,-4402.53
-10728.72,-11487.6,-21908.745,-6434.505,197.37,-29074.995,-11043.449999999999,-4415.58
-10746.315,-11461.14,-21734.19,-6236.594999999999,292.77,-29064.329999999998,-11056.859999999999,-4436.91
-10724.895,-11414.205,-21698.504999999997,-6180.3,420.435,-29075.219999999998,-11077.154999999999,-4430.115
-10705.455,-11405.475,-21742.695,-6217.335,410.805,-29083.05,-11073.195,-4413.15
-10717.244999999999,-11417.67,-21733.379999999997,-6233.13,356.35499999999996,-29092.5,-11072.07,-4422.105
-10727.685,-11426.175,-21693.51,-6188.67,345.41999999999996,-29080.89,-11052.18,-4425.255
-10726.335,-11471.445,-21803.355,-6420.554999999999,285.93,-29125.395,-11070.404999999999,-4422.465
-10710.855,-11475.404999999999,-21876.48,-6556.634999999999,265.95,-29139.704999999998,-11089.664999999999,-4416.705
-10712.25,-11415.779999999999,-21796.92,-6358.905,390.87,-29064.825,-11088.494999999999,-4430.97
-10710.765,-11383.515,-21689.954999999998,-6123.6449999999995,481.365,-28999.125,-11076.57,-4439.025
-10750.23,-11441.07,-21708.54,-6127.29,337.77,-29064.6,-11085.66,-4457.5199999999995
-10737.945,-11453.085,-21786.48,-6358.679999999999,230.85,-29181.87,-11097.404999999999,-4436.1449999999995
-10738.08,-11458.35,-21796.829999999998,-6418.259999999999,197.45999999999998,-29181.735,-11097.314999999999,-4434.57
-10764.494999999999,-11490.345,-21874.184999999998,-6373.575,170.055,-29191.184999999998,-11101.14,-4453.65
-10758.69,-11465.1,-21802.77,-6210.9,328.995,-29137.364999999998,-11108.654999999999,-4489.335
-10757.115,-11424.42,-21711.239999999998,-6151.32,447.12,-29033.864999999998,-11073.914999999999,-4596.57
-10775.52,-11483.369999999999,-21769.425,-6222.51,433.48499999999996,-28960.965,-11013.435,-4646.295
-10794.285,-11553.255,-21906.989999999998,-6331.95,349.02,-28966.454999999998,-10995.345,-4575.42
-10807.38,-11463.525,-21796.425,-6357.735,247.85999999999999,-29089.89,-11099.205,-4455.764999999999
-10824.345,-11515.949999999999,-21867.524999999998,-6399.134999999999,197.45999999999998,-29207.295,-11148.57,-4473.72
-10798.56,-11477.744999999999,-21782.745,-6241.545,348.16499999999996,-29112.704999999998,-11134.125,-4541.13
-10692.0,-11399.039999999999,-21728.835,-6181.785,456.57,-28950.614999999998,-11010.645,-4381.5599999999995
-10629.315,-11388.914999999999,-21740.805,-6250.139999999999,427.68,-28955.7,-10962.225,-4262.355
-10693.71,-11425.635,-21771.495,-6263.1449999999995,443.745,-28986.57,-11000.699999999999,-4365.315
-10751.445,-11489.984999999999,-21835.62,-6391.71,298.89,-29110.454999999998,-11063.52,-4454.1449999999995
-10722.51,-11438.145,-21786.57,-6359.219999999999,320.35499999999996,-29110.454999999998,-11088.9,-4422.599999999999
-10678.635,-11397.195,-21745.665,-6255.224999999999,388.26,-29101.77,-11095.064999999999,-4348.755
-10674.99,-11396.564999999999,-21782.745,-6294.285,370.66499999999996,-29106.629999999997,-11087.279999999999,-4351.995
-10691.414999999999,-11433.555,-21826.575,-6363.405,295.2,-29102.625,-11070.765,-4384.215
-10729.305,-11423.115,-21770.325,-6281.415,331.11,-29057.129999999997,-11019.689999999999,-4426.74
-10793.385,-11433.555,-21710.295,-6203.07,385.335,-29071.98,-11052.494999999999,-4536.179999999999
-10775.43,-11432.835,-21720.239999999998,-6188.49,407.88,-29057.67,-11068.785,-4549.5
-10731.824999999999,-11442.96,-21742.065,-6252.075,363.59999999999997,-29005.785,-11018.115,-4456.889999999999
-10718.64,-11490.93,-21831.48,-6344.594999999999,272.115,-29069.64,-11012.76,-4348.3949999999995
-10698.21,-11500.38,-21834.45,-6374.969999999999,207.045,-29183.309999999998,-11066.13,-4292.1449999999995
-10734.615,-11503.664999999999,-21878.28,-6401.88,211.76999999999998,-29183.445,-11093.49,-4357.98
-10708.92,-11463.795,-21868.695,-6451.965,208.62,-29159.864999999998,-11091.689999999999,-4369.995
-10728.72,-11480.13,-21863.385,-6384.42,316.71,-29099.07,-11079.135,-4406.264999999999
-10775.34,-11459.97,-21789.585,-6303.96,406.8,-29120.355,-11090.699999999999,-4471.695
-10837.664999999999,-11506.095,-21878.055,-6523.0199999999995,316.935,-29099.61,-11094.705,-4530.96
-10766.744999999999,-11519.055,-21920.489999999998,-6590.025,301.5,-29086.829999999998,-11077.199999999999,-4439.429999999999
-10690.92,-11538.855,-21951.989999999998,-6433.605,312.705,-29171.879999999997,-11066.625,-4329.315
-10716.705,-11479.185,-21818.969999999998,-6201.179999999999,295.335,-29258.504999999997,-11097.09,-4369.635
-10733.76,-11434.365,-21713.67,-6139.8,266.985,-29192.579999999998,-11077.154999999999,-4410.54
-10736.234999999999,-11423.925,-21745.485,-6227.37,314.955,-29055.555,-11036.654999999999,-4419.2699999999995
-10723.545,-11446.335,-21837.329999999998,-6319.755,365.66999999999996,-29053.8,-11049.48,-4416.93
-10724.49,-11451.555,-21820.59,-6383.61,332.685,-29082.555,-11075.265,-4423.275
-10746.9,-11490.119999999999,-21799.305,-6362.28,285.93,-29113.739999999998,-11093.49,-4441.005
-10739.925,-11394.539999999999,-21703.274999999998,-6251.175,387.585,-29066.489999999998,-11089.484999999999,-4443.974999999999
-10753.154999999999,-11459.475,-21831.704999999998,-6326.099999999999,297.85499999999996,-29150.28,-11107.35,-4444.514999999999
-10768.59,-11527.56,-21940.92,-6390.63,207.58499999999998,-29222.37,-11120.805,-4453.83
-10742.175,-11453.445,-21838.815,-6287.13,256.05,-29158.379999999997,-11066.715,-4429.8
-10703.789999999999,-11425.23,-21849.524999999998,-6240.78,403.10999999999996,-29061.0,-11034.765,-4397.13
-10705.635,-11449.935,-21834.855,-6299.054999999999,378.9,-29043.629999999997,-11032.695,-4401.315
-10727.055,-11472.164999999999,-21822.795,-6323.04,340.28999999999996,-29048.129999999997,-11025.72,-4416.165
-10719.9,-11419.47,-21735.719999999998,-6264.9,392.31,-29059.289999999997,-11027.475,-4420.17
-10722.96,-11439.9,-21778.2,-6336.9,385.46999999999997,-29062.664999999997,-11038.5,-4427.054999999999
-10725.39,-11476.89,-21815.46,-6398.6849999999995,304.155,-29084.129999999997,-11048.22,-4428.764999999999
-10736.505,-11428.965,-21781.305,-6366.42,298.575,-29102.94,-11079.494999999999,-4453.0199999999995
-10754.414999999999,-11414.835,-21751.605,-6293.745,327.51,-29081.52,-11079.449999999999,-4469.94
-10755.315,-11441.789999999999,-21767.67,-6274.62,334.89,-29071.035,-11063.34,-4468.23
-10779.615,-11502.359999999999,-21837.555,-6289.5599999999995,337.815,-29090.52,-11068.244999999999,-4502.88
-10776.96,-11486.97,-21764.114999999998,-6209.37,366.47999999999996,-29080.664999999997,-11076.705,-4499.91
-10752.39,-11451.15,-21755.79,-6242.49,348.12,-29088.27,-11074.185,-4458.69
-10729.17,-11436.029999999999,-21774.915,-6295.5,324.945,-29161.62,-11088.539999999999,-4402.665
-10714.994999999999,-11424.195,-21803.625,-6294.78,368.505,-29141.37,-11093.355,-4437.045
-10761.39,-11451.465,-21789.945,-6277.724999999999,386.055,-29093.445,-11091.555,-4566.69
-10764.27,-11327.22,-21623.085,-6139.17,468.09,-29021.129999999997,-11083.77,-4662.179999999999
-10716.119999999999,-11294.595,-21586.184999999998,-6082.785,489.195,-29004.75,-11035.395,-4571.73
-10667.88,-11356.65,-21717.629999999997,-6232.95,375.12,-29054.024999999998,-11015.1,-4391.505
-10705.005,-11457.675,-21869.37,-6425.865,206.505,-29137.68,-11055.734999999999,-4299.525
-10755.404999999999,-11578.365,-21940.605,-6476.67,154.53,-29185.92,-11088.63,-4307.3099999999995
-10764.315,-11544.029999999999,-21868.695,-6406.785,205.47,-29239.155,-11116.439999999999,-4353.84
-10742.085,-11489.445,-21842.91,-6431.445,263.25,-29214.855,-11113.199999999999,-4396.815
-10759.32,-11514.555,-21885.704999999998,-6431.4,261.0,-29186.19,-11121.975,-4456.08
-10783.305,-11506.68,-21881.745,-6335.19,291.87,-29117.475,-11112.345,-4473.2699999999995
-10746.27,-11466.449999999999,-21784.004999999997,-6248.385,273.96,-29106.945,-11094.615,-4445.6849999999995
-10740.33,-11407.635,-21776.76,-6379.29,182.385,-29123.28,-11067.029999999999,-4427.865
-10771.065,-11478.465,-21869.82,-6527.925,225.26999999999998,-29059.11,-11030.22,-4455.855
-10775.205,-11510.279999999999,-21877.065,-6466.5,333.495,-29070.36,-11037.555,-4462.514999999999
-10794.645,-11488.77,-21852.719999999998,-6334.5599999999995,370.485,-29159.64,-11110.949999999999,-4503.014999999999
-10758.96,-11467.439999999999,-21757.86,-6151.23,409.05,-29121.975,-11095.244999999999,-4429.485
-10672.965,-11426.67,-21754.485,-6165.764999999999,390.555,-29003.895,-11011.41,-4311.495
-10698.345,-11491.064999999999,-21902.715,-6373.98,366.03,-28984.95,-10989.945,-4338.315
-10713.195,-11473.289999999999,-21944.745,-6558.84,386.685,-29070.855,-11041.695,-4373.325
-10691.19,-11474.865,-21972.96,-6618.554999999999,288.135,-29135.34,-11089.215,-4362.795
-10727.055,-11507.22,-21936.78,-6472.3949999999995,190.70999999999998,-29138.85,-11083.77,-4403.61
-10765.215,-11480.039999999999,-21798.09,-6235.0199999999995,262.26,-29128.364999999998,-11051.414999999999,-4427.01
-10773.539999999999,-11480.895,-21796.065,-6249.554999999999,243.72,-29176.469999999998,-11055.914999999999,-4423.995
-10774.529999999999,-11454.39,-21718.8,-6185.565,285.57,-29169.675,-11091.195,-4444.2
-10739.744999999999,-11421.99,-21733.379999999997,-6202.035,428.13,-29127.285,-11111.895,-4431.96
-10726.74,-11430.09,-21742.29,-6241.1849999999995,434.60999999999996,-29069.19,-11089.215,-4423.365
-10741.41,-11468.699999999999,-21781.71,-6251.13,363.28499999999997,-29059.379999999997,-11064.869999999999,-4438.215
-10745.505,-11465.64,-21802.545,-6256.889999999999,394.11,-29050.739999999998,-11058.48,-4445.55
-10754.73,-11413.08,-21732.03,-6222.6449999999995,403.60499999999996,-29082.735,-11059.695,-4452.525
-10749.06,-11457.72,-21805.965,-6323.58,265.995,-29160.899999999998,-11067.255,-4442.04
-10740.914999999999,-11470.14,-21831.48,-6346.485,314.59499999999997,-29144.16,-11073.24,-4430.61
-10734.029999999999,-11450.43,-21782.745,-6353.054999999999,347.805,-29129.715,-11079.449999999999,-4427.82
-10733.265,-11429.1,-21771.315,-6301.08,364.22999999999996,-29090.565,-11061.945,-4423.005
-10712.43,-11417.984999999999,-21746.52,-6202.665,370.66499999999996,-29112.254999999997,-11062.305,-4416.12
-10675.035,-11415.734999999999,-21738.285,-6216.4349999999995,366.16499999999996,-29144.565,-11083.814999999999,-4405.32
-10726.154999999999,-11481.435,-21846.239999999998,-6368.175,299.205,-29160.585,-11103.93,-4451.94
-10774.035,-11425.814999999999,-21775.274999999998,-6419.429999999999,282.645,-29107.395,-11105.324999999999,-4499.82
-10762.244999999999,-11404.484999999999,-21766.364999999998,-6352.469999999999,304.56,-29078.73,-11081.07,-4483.485
-10743.975,-11422.125,-21759.524999999998,-6271.695,290.96999999999997,-29137.184999999998,-11086.154999999999,-4461.345
-10760.58,-11450.52,-21757.815,-6169.724999999999,414.85499999999996,-29051.954999999998,-11036.88,-4462.245
-10795.949999999999,-11461.365,-21762.855,-6187.59,406.8,-29121.12,-11079.539999999999,-4514.58
-10775.52,-11443.859999999999,-21752.28,-6222.554999999999,377.505,-29153.7,-11095.875,-4489.74
-10751.22,-11432.564999999999,-21744.809999999998,-6233.535,375.57,-29130.795,-11106.314999999999,-4463.639999999999
-10727.279999999999,-11446.65,-21794.85,-6278.264999999999,348.47999999999996,-29092.995,-11107.529999999999,-4476.735
-10744.83,-11446.199999999999,-21788.73,-6285.915,320.21999999999997,-29101.59,-11084.355,-4510.44
-10794.734999999999,-11415.689999999999,-21733.02,-6236.37,353.745,-29070.045,-11072.295,-4582.44
-10807.92,-11422.125,-21745.98,-6265.844999999999,316.71,-29088.045,-11076.975,-4591.98
-10750.41,-11403.359999999999,-21723.344999999998,-6230.61,408.59999999999997,-29057.715,-11075.265,-4490.19
-10707.435,-11441.88,-21775.995,-6285.195,351.81,-29183.445,-11081.34,-4360.905
-10736.369999999999,-11561.895,-21884.129999999997,-6377.04,254.97,-29286.945,-11089.529999999999,-4291.2
-10711.845,-11518.605,-21882.69,-6376.635,273.59999999999997,-29229.93,-11107.17,-4344.03
-10733.94,-11424.375,-21797.594999999998,-6314.58,365.84999999999997,-29034.629999999997,-11054.744999999999,-4427.37
-10747.305,-11444.984999999999,-21797.504999999997,-6377.445,328.14,-29025.539999999997,-11032.74,-4413.87
-10728.945,-11458.755,-21867.66,-6555.42,264.51,-29093.715,-11051.73,-4377.33
-10715.58,-11537.685,-22005.585,-6675.075,169.155,-29208.239999999998,-11061.359999999999,-4289.58
-10759.14,-11572.92,-22053.42,-6636.195,187.56,-29237.219999999998,-11089.755,-4359.51
-10766.34,-11572.56,-21969.945,-6492.465,261.135,-29174.445,-11105.145,-4402.26
-10789.965,-11621.88,-21987.585,-6456.375,215.23499999999999,-29126.114999999998,-11072.475,-4431.599999999999
-10803.105,-11535.615,-21913.965,-6385.545,145.935,-29130.344999999998,-11051.82,-4450.635
-10765.484999999999,-11444.805,-21734.954999999998,-6175.844999999999,261.53999999999996,-29141.504999999997,-11058.3,-4443.255
-10733.715,-11470.005,-21796.29,-6227.865,332.82,-29136.105,-11053.035,-4423.365
-10737.449999999999,-11440.755,-21783.149999999998,-6290.325,339.12,-29140.469999999998,-11058.93,-4425.705
-10731.195,-11399.715,-21723.39,-6275.205,301.95,-29147.805,-11080.89,-4426.65
-10748.475,-11450.835,-21796.739999999998,-6232.815,318.375,-29085.524999999998,-11049.164999999999,-4428.045
-10717.425,-11433.779999999999,-21821.94,-6278.49,384.615,-29046.825,-11020.32,-4403.295
-10716.164999999999,-11449.17,-21904.829999999998,-6395.8949999999995,418.455,-29095.695,-11054.43,-4406.445
-10709.73,-11424.555,-21768.614999999998,-6341.804999999999,369.36,-29151.315,-11078.865,-4404.105
-10706.13,-11378.564999999999,-21671.954999999998,-6235.514999999999,286.83,-29158.245,-11095.335,-4410.045
-10733.22,-11410.02,-21749.94,-6259.005,292.635,-29100.465,-11076.84,-4430.295
-10760.895,-11465.91,-21846.239999999998,-6363.179999999999,185.57999999999998,-29156.355,-11075.265,-4441.905
-10762.605,-11477.564999999999,-21854.34,-6347.835,263.52,-29207.34,-11082.824999999999,-4446.224999999999
-10776.33,-11479.68,-21763.125,-6269.535,417.375,-29115.315,-11073.42,-4458.735
-10750.32,-11444.265,-21682.17,-6215.219999999999,467.72999999999996,-29093.985,-11087.955,-4444.965
-10741.68,-11462.13,-21765.51,-6275.385,400.905,-29123.864999999998,-11103.615,-4437.63
-10731.734999999999,-11479.365,-21792.69,-6233.804999999999,375.03,-29102.265,-11074.814999999999,-4421.385
-10725.84,-11420.595,-21777.614999999998,-6258.285,287.775,-29171.25,-11098.395,-4422.33
-10728.09,-11410.515,-21763.215,-6286.139999999999,287.01,-29166.254999999997,-11102.445,-4426.875
-10725.3,-11435.039999999999,-21764.385,-6274.44,348.79499999999996,-29103.21,-11075.22,-4425.03
-10755.63,-11468.43,-21825.135,-6353.099999999999,322.695,-29079.945,-11093.715,-4459.095
-10732.23,-11465.955,-21828.285,-6333.165,335.835,-29089.754999999997,-11077.064999999999,-4445.595
-10771.83,-11475.81,-21800.655,-6275.79,357.97499999999997,-29099.52,-11064.914999999999,-4467.375
-10738.664999999999,-11397.555,-21735.54,-6243.4349999999995,349.065,-29131.065,-11083.59,-4467.195
-10712.97,-11359.08,-21709.98,-6206.58,409.14,-29101.68,-11093.895,-4548.915
-10744.47,-11334.6,-21642.165,-6076.349999999999,627.345,-28940.67,-11058.66,-4626.54
-10799.64,-11388.195,-21689.864999999998,-6159.6449999999995,506.92499999999995,-29027.61,-11054.34,-4630.905
-10871.64,-11521.35,-21830.715,-6353.28,273.555,-29135.475,-11049.3,-4533.795
-10793.835,-11498.895,-21820.905,-6324.84,288.315,-29109.195,-11059.92,-4482.72
-10744.83,-11434.005,-21786.795,-6299.235,323.72999999999996,-29059.559999999998,-11057.22,-4442.264999999999
-10677.465,-11461.32,-21823.739999999998,-6330.6449999999995,335.385,-29075.039999999997,-11044.17,-4287.195
-10704.96,-11477.295,-21840.66,-6364.889999999999,324.99,-29109.105,-11054.115,-4323.96
-10775.565,-11553.975,-21908.565,-6403.679999999999,294.795,-29151.09,-11085.48,-4411.755
-10788.525,-11566.98,-21928.815,-6385.59,255.14999999999998,-29195.28,-11090.97,-4393.3949999999995
-10744.74,-11536.965,-21877.829999999998,-6353.91,250.42499999999998,-29221.289999999997,-11123.595,-4345.5599999999995
-10731.779999999999,-11494.845,-21855.239999999998,-6340.86,274.86,-29210.039999999997,-11135.88,-4358.565
-10762.785,-11492.234999999999,-21861.045,-6382.215,227.655,-29196.045,-11110.32,-4395.825
-10768.005,-11480.67,-21823.155,-6393.0599999999995,226.215,-29146.815,-11081.654999999999,-4406.715
-10745.505,-11500.92,-21840.165,-6374.5199999999995,270.27,-29115.629999999997,-11044.26,-4390.92
-10728.855,-11524.005,-21884.219999999998,-6370.245,320.21999999999997,-29112.03,-11039.939999999999,-4390.29
-10725.164999999999,-11455.38,-21844.395,-6354.0,348.03,-29123.91,-11053.395,-4404.33
-10747.71,-11465.414999999999,-21884.399999999998,-6423.884999999999,331.74,-29159.19,-11070.045,-4425.48
-10735.92,-11487.689999999999,-21916.44,-6532.875,261.09,-29180.969999999998,-11078.955,-4415.805
-10727.82,-11461.68,-21914.864999999998,-6588.8099999999995,134.055,-29248.649999999998,-11119.095,-4413.735
-10716.074999999999,-11443.455,-21898.53,-6447.014999999999,186.12,-29251.305,-11138.355,-4420.889999999999
-10737.09,-11457.765,-21883.815,-6306.48,287.955,-29079.315,-11083.994999999999,-4439.5199999999995
-10783.26,-11478.824999999999,-21827.655,-6250.905,417.96,-28968.12,-11034.494999999999,-4468.905
-10769.895,-11494.484999999999,-21805.02,-6391.62,377.82,-29065.094999999998,-11036.07,-4444.74
-10756.215,-11440.755,-21763.395,-6446.7,285.705,-29129.445,-11072.88,-4437.45
-10763.19,-11461.904999999999,-21779.73,-6392.745,237.87,-29180.655,-11082.195,-4426.47
-10739.789999999999,-11451.869999999999,-21787.02,-6337.665,265.68,-29154.105,-11068.695,-4413.96
-10738.935,-11431.529999999999,-21726.27,-6177.96,385.335,-29047.14,-11049.255,-4421.655
-10750.23,-11485.664999999999,-21794.805,-6185.25,360.765,-29059.695,-11046.195,-4426.965
-10767.555,-11500.92,-21832.965,-6201.2699999999995,327.06,-29083.95,-11035.26,-4444.785
-10758.69,-11440.305,-21744.899999999998,-6219.719999999999,348.435,-29119.995,-11067.255,-4448.5199999999995
-10752.21,-11455.064999999999,-21833.415,-6336.2699999999995,261.585,-29210.85,-11107.664999999999,-4441.139999999999
-10726.56,-11426.85,-21824.415,-6297.57,328.68,-29175.93,-11100.555,-4422.78
-10694.835,-11389.32,-21722.715,-6241.139999999999,403.245,-29106.0,-11063.475,-4394.43
-10706.805,-11427.3,-21751.739999999998,-6263.325,368.955,-29073.465,-11043.0,-4395.6449999999995
-10679.895,-11415.33,-21809.52,-6276.195,331.425,-29162.52,-11048.085,-4390.514999999999
-10678.32,-11390.895,-21784.23,-6231.24,381.96,-29184.75,-11076.705,-4417.785
-10670.49,-11365.74,-21706.02,-6229.9349999999995,389.61,-29128.5,-11088.63,-4414.815
-10732.77,-11440.395,-21759.12,-6280.965,389.52,-29035.664999999997,-11068.109999999999,-4427.595
-10781.955,-11487.42,-21817.665,-6307.605,390.96,-29026.934999999998,-11071.529999999999,-4448.61
-10793.565,-11512.845,-21840.434999999998,-6327.09,340.83,-29078.37,-11071.035,-4451.49
-10778.22,-11568.42,-21875.715,-6329.205,306.71999999999997,-29097.09,-11061.27,-4428.72
-10764.404999999999,-11525.265,-21840.344999999998,-6303.15,313.335,-29137.905,-11062.845,-4451.04
-10741.455,-11362.725,-21705.165,-6259.815,400.455,-29118.375,-11066.13,-4508.639999999999
-10782.539999999999,-11309.939999999999,-21662.55,-6208.29,482.625,-29036.879999999997,-11070.09,-4644.63
-10850.625,-11372.715,-21675.42,-6133.139999999999,557.505,-28971.855,-11062.395,-4707.135
