ch0,ch1,ch2,ch3,ch4,ch5,ch6,ch7
-10881.99,-11477.564999999999,-21838.184999999998,-6301.26,364.32,-29252.07,-11576.88,-4504.139999999999
-10929.779999999999,-11510.369999999999,-21846.87,-6322.545,345.96,-29276.954999999998,-11607.57,-4560.21
-10899.09,-11573.865,-21912.57,-6355.08,312.3,-29345.309999999998,-11615.355,-4413.15
-10797.164999999999,-11546.279999999999,-21913.965,-6347.34,311.49,-29323.89,-11562.164999999999,-4236.255
-10809.27,-11533.275,-21870.45,-6353.594999999999,290.7,-29279.204999999998,-11519.145,-4227.255
-10842.074999999999,-11567.205,-21932.774999999998,-6396.929999999999,219.42,-29329.379999999997,-11542.545,-4292.325
-10820.52,-11551.814999999999,-21882.239999999998,-6343.11,225.045,-29414.925,-11624.13,-4295.295
-10825.38,-11524.23,-21866.129999999997,-6358.995,275.58,-29371.364999999998,-11630.16,-4326.75
-10821.42,-11497.814999999999,-21864.555,-6331.365,405.81,-29242.844999999998,-11555.279999999999,-4350.915
-10829.97,-11485.935,-21821.445,-6289.245,462.59999999999997,-29231.055,-11548.215,-4368.014999999999
-10841.67,-11519.189999999999,-21849.93,-6316.83,383.985,-29259.765,-11558.25,-4369.455
-10863.63,-11508.615,-21847.364999999998,-6307.0199999999995,276.39,-29292.3,-11586.914999999999,-4414.139999999999
-10836.09,-11470.005,-21816.54,-6262.92,324.18,-29260.395,-11574.359999999999,-4393.215
-10844.055,-11533.635,-21896.594999999998,-6354.09,292.59,-29313.585,-11585.25,-4347.18
-10843.83,-11582.64,-21946.995,-6456.014999999999,277.245,-29323.98,-11579.039999999999,-4322.835
-10843.38,-11564.279999999999,-21942.54,-6456.69,301.22999999999996,-29292.524999999998,-11574.72,-4291.5599999999995
-10849.904999999999,-11541.689999999999,-21916.395,-6393.915,279.36,-29280.78,-11586.195,-4301.955
-10832.265,-11519.46,-21866.805,-6332.04,259.335,-29320.065,-11589.615,-4314.195
-10834.289999999999,-11530.664999999999,-21882.6,-6364.665,258.885,-29307.059999999998,-11574.99,-4324.905
-10846.26,-11569.41,-21944.204999999998,-6403.23,285.885,-29336.715,-11579.31,-4340.79
-10837.845,-11528.64,-21890.52,-6375.825,190.07999999999998,-29403.765,-11595.24,-4347.224999999999
-10833.93,-11498.265,-21836.835,-6314.804999999999,206.95499999999998,-29378.34,-11596.365,-4359.42
-10845.27,-11494.439999999999,-21827.295,-6324.03,319.86,-29297.43,-11587.949999999999,-4385.295
-10850.039999999999,-11518.83,-21858.704999999998,-6330.915,405.99,-29241.809999999998,-11568.869999999999,-4377.24
-10837.26,-11495.699999999999,-21813.614999999998,-6280.875,473.53499999999997,-29242.395,-11560.275,-4345.245
-10856.07,-11560.185,-21881.114999999998,-6299.235,378.495,-29296.62,-11572.605,-4350.42
-10844.505,-11550.06,-21876.75,-6295.7699999999995,333.135,-29318.625,-11585.385,-4352.4
-10830.914999999999,-11568.645,-21950.01,-6390.315,271.755,-29362.004999999997,-11608.875,-4342.05
-10831.994999999999,-11545.064999999999,-21966.795,-6433.74,255.32999999999998,-29356.515,-11601.99,-4342.365
-10825.515,-11466.765,-21837.6,-6367.995,326.745,-29318.805,-11591.595,-4350.555
-10838.07,-11487.465,-21846.915,-6375.87,364.72499999999997,-29279.385,-11566.529999999999,-4357.575
-10840.814999999999,-11514.869999999999,-21886.379999999997,-6387.929999999999,347.895,-29278.53,-11567.789999999999,-4356.945
-10826.685,-11482.785,-21804.795,-6263.01,353.43,-29314.26,-11585.115,-4355.19
-10828.484999999999,-11502.99,-21814.92,-6227.73,379.305,-29295.18,-11578.32,-4353.57
-10829.789999999999,-11502.494999999999,-21798.18,-6186.915,452.47499999999997,-29213.235,-11539.8,-4351.815
-10816.064999999999,-11458.619999999999,-21763.754999999997,-6183.719999999999,451.125,-29217.465,-11535.029999999999,-4357.485
-10820.07,-11482.56,-21800.969999999998,-6262.514999999999,341.955,-29334.465,-11578.455,-4368.87
-10852.56,-11503.755,-21828.42,-6303.599999999999,298.755,-29408.399999999998,-11608.335,-4380.12
-10878.3,-11529.9,-21868.92,-6332.94,285.16499999999996,-29419.469999999998,-11607.525,-4379.625
-10853.279999999999,-11503.395,-21851.415,-6326.91,310.95,-29378.969999999998,-11601.359999999999,-4391.28
-10835.865,-11493.539999999999,-21810.149999999998,-6238.17,436.32,-29244.645,-11572.83,-4400.235
-10836.314999999999,-11523.33,-21819.42,-6203.5199999999995,499.905,-29148.344999999998,-11547.765,-4414.139999999999
-10870.92,-11483.505,-21801.78,-6231.0599999999995,419.21999999999997,-29180.385,-11548.845,-4482.224999999999
-10909.845,-11479.23,-21792.015,-6223.679999999999,434.835,-29184.39,-11544.21,-4552.74
-10880.73,-11505.779999999999,-21813.84,-6223.05,452.52,-29183.715,-11532.285,-4518.945
-10846.08,-11432.744999999999,-21745.305,-6178.815,492.16499999999996,-29176.155,-11517.57,-4468.545
-10839.105,-11452.949999999999,-21780.855,-6274.17,368.37,-29298.195,-11560.32,-4385.97
-10837.17,-11492.955,-21855.195,-6344.19,306.63,-29362.364999999998,-11598.255,-4373.01
-10829.88,-11531.16,-21881.925,-6351.21,271.08,-29386.17,-11605.545,-4278.96
-10782.675,-11583.225,-21943.305,-6430.815,186.255,-29430.719999999998,-11597.445,-4136.76
-10804.14,-11582.055,-21964.364999999998,-6456.69,193.41,-29400.12,-11592.449999999999,-4230.855
-10818.945,-11531.115,-21891.329999999998,-6379.83,342.45,-29293.605,-11541.555,-4302.54
-10833.39,-11536.154999999999,-21889.44,-6371.01,348.34499999999997,-29286.315,-11513.115,-4300.5599999999995
-10822.095,-11524.725,-21864.69,-6320.835,300.96,-29315.16,-11522.654999999999,-4294.485
-10851.164999999999,-11565.72,-21913.469999999998,-6382.26,234.81,-29416.86,-11571.795,-4319.73
-10892.97,-11578.814999999999,-21935.835,-6419.655,222.61499999999998,-29436.075,-11609.775,-4365.9
-10918.89,-11555.73,-21888.045,-6324.389999999999,332.46,-29342.204999999998,-11620.35,-4431.465
-10896.795,-11530.98,-21841.245,-6318.45,327.59999999999997,-29342.204999999998,-11631.33,-4451.3099999999995
-10879.38,-11510.324999999999,-21831.254999999997,-6292.9349999999995,349.28999999999996,-29338.559999999998,-11633.625,-4427.505
-10842.615,-11489.895,-21827.79,-6296.085,350.145,-29338.559999999998,-11603.205,-4361.04
-10846.305,-11523.779999999999,-21868.245,-6328.53,324.81,-29364.344999999998,-11609.055,-4344.03
-10831.59,-11546.279999999999,-21909.015,-6346.3949999999995,317.835,-29369.565,-11605.455,-4315.23
-10819.619999999999,-11557.574999999999,-21912.21,-6372.315,302.4,-29353.545,-11594.43,-4299.795
-10843.92,-11550.105,-21894.254999999997,-6382.26,317.295,-29296.305,-11541.914999999999,-4327.29
-10844.64,-11543.039999999999,-21932.415,-6436.485,270.63,-29311.155,-11514.06,-4335.57
-10845.27,-11563.83,-21943.844999999998,-6411.195,296.64,-29301.93,-11529.63,-4336.83
-10832.805,-11543.355,-21910.004999999997,-6337.53,349.02,-29285.64,-11532.6,-4329.9
-10821.869999999999,-11518.425,-21887.594999999998,-6357.465,254.16,-29346.885,-11541.24,-4326.705
-10841.85,-11547.449999999999,-21888.809999999998,-6360.03,276.075,-29338.875,-11551.59,-4344.165
-10835.595,-11526.029999999999,-21874.905,-6334.155,324.71999999999997,-29339.055,-11564.1,-4345.2
-10836.314999999999,-11501.505,-21841.515,-6370.5599999999995,195.255,-29432.385,-11594.609999999999,-4353.165
-10811.97,-11493.0,-21822.84,-6363.585,142.73999999999998,-29463.48,-11626.965,-4342.905
-10809.449999999999,-11490.795,-21848.625,-6311.565,255.51,-29363.489999999998,-11595.24,-4337.955
-10858.14,-11540.43,-21872.07,-6300.224999999999,375.16499999999996,-29247.164999999997,-11543.039999999999,-4365.405
-10848.689999999999,-11591.91,-21927.329999999998,-6383.5199999999995,325.215,-29271.465,-11540.97,-4358.79
-10810.755,-11505.689999999999,-21853.665,-6308.73,373.185,-29332.664999999997,-11564.685,-4345.38
-10813.814999999999,-11420.955,-21773.925,-6255.179999999999,364.32,-29367.585,-11569.545,-4351.1849999999995
-10819.125,-11460.6,-21788.325,-6235.65,368.19,-29333.024999999998,-11546.91,-4356.18
-10804.455,-11422.89,-21730.77,-6185.34,445.77,-29282.219999999998,-11554.199999999999,-4372.0199999999995
-10819.845,-11427.48,-21733.379999999997,-6172.155,501.255,-29273.219999999998,-11570.22,-4410.09
-10866.465,-11469.914999999999,-21775.68,-6200.865,487.575,-29242.079999999998,-11562.029999999999,-4444.785
-10891.98,-11533.455,-21845.925,-6288.705,393.705,-29252.34,-11574.18,-4421.474999999999
-10836.81,-11540.025,-21877.379999999997,-6329.925,323.41499999999996,-29317.86,-11570.13,-4327.514999999999
-10787.4,-11491.244999999999,-21865.905,-6352.695,307.485,-29374.515,-11578.725,-4271.535
-10796.94,-11486.295,-21847.725,-6371.865,351.495,-29357.28,-11574.63,-4314.69
-10844.505,-11529.945,-21863.79,-6351.75,439.155,-29253.465,-11554.244999999999,-4400.1449999999995
-10885.23,-11496.6,-21849.57,-6327.945,416.47499999999997,-29219.895,-11550.375,-4466.61
-10908.135,-11500.605,-21833.28,-6272.6849999999995,369.495,-29244.555,-11538.765,-4488.345
-10899.9,-11481.975,-21776.219999999998,-6207.974999999999,394.11,-29247.524999999998,-11545.244999999999,-4463.1449999999995
-10842.21,-11465.234999999999,-21789.719999999998,-6245.46,348.93,-29270.25,-11570.895,-4433.22
-10844.82,-11465.414999999999,-21818.114999999998,-6304.635,306.18,-29306.204999999998,-11564.91,-4435.5599999999995
-10860.795,-11554.199999999999,-21889.934999999998,-6367.139999999999,258.435,-29367.45,-11550.24,-4323.825
-10853.055,-11589.48,-21947.985,-6385.365,284.31,-29380.14,-11567.295,-4279.7699999999995
-10812.779999999999,-11494.17,-21861.45,-6343.0199999999995,320.895,-29349.989999999998,-11590.785,-4296.915
-10808.19,-11469.42,-21812.94,-6304.41,339.21,-29281.95,-11561.31,-4335.705
-10818.359999999999,-11527.92,-21843.045,-6290.235,286.78499999999997,-29266.965,-11547.09,-4323.42
-10845.539999999999,-11609.1,-21921.39,-6345.09,246.015,-29268.945,-11540.52,-4300.695
-10868.22,-11577.015,-21959.37,-6460.875,211.36499999999998,-29336.489999999998,-11593.619999999999,-4322.5199999999995
-10864.439999999999,-11570.895,-21899.745,-6366.465,334.125,-29345.355,-11601.99,-4326.885
-10860.615,-11601.225,-21947.625,-6376.815,323.235,-29354.265,-11573.685,-4328.01
-10857.51,-11619.99,-21988.98,-6379.0199999999995,334.26,-29375.28,-11574.9,-4333.995
-10841.49,-11501.82,-21859.695,-6324.389999999999,391.72499999999997,-29335.094999999998,-11570.265,-4352.58
-10862.055,-11523.015,-21896.864999999998,-6399.495,266.175,-29383.829999999998,-11549.925,-4394.295
-10863.09,-11527.244999999999,-21884.219999999998,-6411.78,157.095,-29397.69,-11553.57,-4389.3
-10884.015,-11552.895,-21910.545,-6408.2699999999995,153.855,-29377.844999999998,-11557.305,-4367.025
-10878.119999999999,-11576.564999999999,-21961.665,-6419.745,231.20999999999998,-29324.295,-11555.82,-4342.32
-10856.295,-11526.975,-21897.629999999997,-6376.815,341.235,-29321.325,-11577.555,-4353.345
-10842.435,-11475.0,-21807.719999999998,-6246.36,461.655,-29270.745,-11561.265,-4355.415
-10824.885,-11496.195,-21834.945,-6268.905,400.40999999999997,-29265.93,-11524.949999999999,-4323.6449999999995
-10857.015,-11569.904999999999,-21919.23,-6361.74,309.15,-29297.024999999998,-11509.83,-4339.215
-10867.949999999999,-11557.439999999999,-21888.09,-6339.6449999999995,334.84499999999997,-29300.355,-11524.05,-4359.555
-10854.27,-11494.89,-21808.17,-6273.764999999999,384.705,-29286.719999999998,-11524.14,-4357.305
-10836.765,-11509.154999999999,-21855.915,-6333.525,386.055,-29260.754999999997,-11521.26,-4343.4
-10840.994999999999,-11518.154999999999,-21879.989999999998,-6394.139999999999,363.78,-29275.515,-11532.24,-4358.07
-10838.115,-11520.855,-21915.27,-6460.875,266.31,-29348.325,-11533.32,-4358.925
-10864.17,-11561.13,-21953.655,-6445.08,175.85999999999999,-29351.114999999998,-11533.14,-4365.135
-10860.39,-11525.805,-21891.059999999998,-6373.755,254.83499999999998,-29312.91,-11557.17,-4365.18
-10823.939999999999,-11470.77,-21794.715,-6260.04,432.85499999999996,-29254.23,-11552.715,-4349.295
-10808.46,-11441.16,-21762.989999999998,-6196.139999999999,467.41499999999996,-29264.355,-11551.275,-4366.755
-10814.939999999999,-11420.189999999999,-21734.415,-6120.045,505.97999999999996,-29212.92,-11526.525,-4404.195
-10875.914999999999,-11469.105,-21784.59,-6205.365,462.375,-29148.795,-11494.845,-4486.095
-10910.07,-11505.869999999999,-21845.295,-6339.42,336.10499999999996,-29197.17,-11503.619999999999,-4516.425
-10879.695,-11451.06,-21787.469999999998,-6328.304999999999,329.985,-29263.004999999997,-11524.904999999999,-4505.085
-10841.76,-11480.13,-21871.17,-6402.42,280.935,-29364.12,-11570.58,-4433.94
-10851.21,-11523.33,-21900.6,-6337.755,327.10499999999996,-29344.5,-11601.945,-4437.36
-10846.619999999999,-11513.925,-21787.02,-6170.219999999999,420.16499999999996,-29236.995,-11546.01,-4324.365
-10807.065,-11573.189999999999,-21879.225,-6322.7699999999995,230.80499999999998,-29336.625,-11561.76,-4231.305
-10843.289999999999,-11543.265,-21914.64,-6427.889999999999,147.42,-29410.155,-11601.27,-4339.665
-10894.14,-11563.92,-21881.43,-6370.875,263.61,-29413.395,-11584.484999999999,-4350.195
-10901.654999999999,-11643.119999999999,-21947.67,-6385.815,295.56,-29426.579999999998,-11585.205,-4310.955
-10857.015,-11622.645,-21956.715,-6369.929999999999,306.0,-29317.77,-11585.16,-4313.25
-10816.154999999999,-11487.33,-21821.355,-6246.36,434.835,-29207.024999999998,-11545.47,-4340.34
-10808.865,-11402.234999999999,-21726.09,-6174.99,482.715,-29184.3,-11515.904999999999,-4387.905
-10848.06,-11447.685,-21755.024999999998,-6208.875,418.275,-29232.945,-11519.189999999999,-4439.385
-10898.64,-11496.645,-21814.02,-6272.415,396.9,-29265.614999999998,-11515.14,-4417.0199999999995
-10851.345,-11534.355,-21876.3,-6340.815,324.27,-29311.605,-11506.455,-4316.805
-10798.154999999999,-11520.045,-21881.34,-6344.054999999999,337.40999999999997,-29274.254999999997,-11500.47,-4265.82
-10856.16,-11519.595,-21876.344999999998,-6342.615,298.935,-29309.129999999997,-11516.445,-4358.655
-10934.189999999999,-11533.68,-21850.739999999998,-6306.974999999999,339.12,-29309.535,-11521.529999999999,-4483.9349999999995
-10926.404999999999,-11553.795,-21907.844999999998,-6380.28,311.21999999999997,-29266.02,-11531.744999999999,-4494.87
-10852.56,-11548.08,-21924.315,-6455.474999999999,274.815,-29294.28,-11520.99,-4314.195
-10752.074999999999,-11530.755,-21912.84,-6402.87,360.405,-29277.719999999998,-11509.47,-4178.88
-10810.664999999999,-11538.0,-21920.175,-6340.094999999999,311.805,-29318.625,-11522.744999999999,-4273.245
-10850.355,-11533.994999999999,-21870.765,-6338.969999999999,255.73499999999999,-29376.719999999998,-11547.314999999999,-4331.25
-10867.77,-11574.27,-21958.739999999998,-6438.0599999999995,212.08499999999998,-29416.274999999998,-11565.539999999999,-4354.965
-10845.539999999999,-11519.1,-21871.079999999998,-6356.925,301.95,-29354.715,-11556.0,-4330.98
-10830.015,-11528.865,-21894.03,-6327.945,324.045,-29326.68,-11527.515,-4287.78
-10822.68,-11508.029999999999,-21841.469999999998,-6270.929999999999,370.755,-29270.61,-11494.35,-4289.805
-10865.07,-11585.609999999999,-21937.23,-6440.759999999999,293.94,-29279.52,-11511.314999999999,-4342.23
-10877.355,-11635.199999999999,-22068.27,-6592.32,140.265,-29338.739999999998,-11527.199999999999,-4360.095
-10861.38,-11551.904999999999,-21967.02,-6558.255,-11.205,-29369.295,-11540.609999999999,-4360.005
-10850.355,-11544.3,-21904.515,-6441.165,57.555,-29359.53,-11530.439999999999,-4355.01
-10838.295,-11524.32,-21897.09,-6343.83,295.2,-29325.69,-11521.484999999999,-4351.05
-10830.285,-11459.115,-21796.469999999998,-6232.094999999999,456.03,-29341.215,-11532.015,-4354.065
-10830.24,-11493.675,-21838.995,-6267.24,371.025,-29406.78,-11550.105,-4351.5
-10839.6,-11539.8,-21916.17,-6409.98,176.04,-29442.465,-11574.539999999999,-4357.44
-10859.67,-11549.744999999999,-21950.64,-6477.3,147.87,-29418.254999999997,-11579.805,-4373.01
-10853.279999999999,-11504.744999999999,-21840.48,-6355.844999999999,341.09999999999997,-29273.895,-11518.47,-4363.11
-10846.98,-11517.48,-21830.489999999998,-6200.639999999999,591.93,-29128.364999999998,-11452.994999999999,-4357.3949999999995
-10814.175,-11497.185,-21836.79,-6265.844999999999,519.795,-29208.149999999998,-11496.465,-4349.79
-10827.855,-11493.225,-21825.405,-6337.62,404.09999999999997,-29312.28,-11541.42,-4369.86
-10810.484999999999,-11472.57,-21823.245,-6304.635,388.575,-29331.719999999998,-11530.395,-4336.47
-10817.955,-11467.305,-21820.905,-6305.49,331.56,-29283.885,-11513.115,-4329.63
-10839.285,-11493.404999999999,-21815.684999999998,-6286.41,341.41499999999996,-29204.954999999998,-11465.414999999999,-4344.12
-10851.705,-11504.34,-21830.175,-6283.44,349.83,-29234.114999999998,-11465.279999999999,-4367.295
-10871.145,-11534.31,-21854.385,-6278.535,332.865,-29263.23,-11497.814999999999,-4401.2699999999995
-10882.755,-11508.255,-21849.975,-6312.014999999999,324.81,-29262.645,-11522.52,-4428.99
-10849.455,-11483.595,-21820.68,-6306.165,345.645,-29268.405,-11516.445,-4377.24
-10797.39,-11436.3,-21767.94,-6191.28,450.35999999999996,-29223.27,-11495.07,-4334.715
-10826.55,-11476.529999999999,-21783.149999999998,-6163.514999999999,509.265,-29182.995,-11483.865,-4391.055
-10841.58,-11470.365,-21761.684999999998,-6178.23,463.95,-29228.67,-11495.744999999999,-4425.165
-10842.3,-11437.335,-21766.725,-6240.375,371.565,-29285.55,-11507.355,-4430.34
-10859.085,-11448.539999999999,-21772.665,-6216.165,422.90999999999997,-29202.434999999998,-11494.619999999999,-4470.525
-10901.25,-11412.18,-21710.52,-6116.67,555.66,-29087.414999999997,-11476.755,-4621.139999999999
-10918.619999999999,-11374.064999999999,-21661.515,-6076.98,606.105,-29070.989999999998,-11446.74,-4654.3949999999995
-10935.855,-11492.55,-21784.905,-6218.46,472.40999999999997,-29162.879999999997,-11434.365,-4476.195
-10872.585,-11654.145,-21991.86,-6468.21,208.98,-29340.18,-11466.18,-4166.28
-10813.365,-11637.72,-22035.78,-6547.005,125.00999999999999,-29429.145,-11517.84,-4154.13
-10836.0,-11554.02,-21927.78,-6440.49,212.265,-29367.495,-11504.295,-4273.65
-10796.67,-11523.195,-21859.92,-6376.094999999999,149.17499999999998,-29326.5,-11474.055,-4260.915
-10764.63,-11506.365,-21900.105,-6410.5199999999995,175.23,-29298.239999999998,-11474.369999999999,-4266.2699999999995
-10836.81,-11494.845,-21871.26,-6338.025,306.85499999999996,-29266.739999999998,-11482.965,-4405.139999999999
-10929.734999999999,-11577.195,-21875.489999999998,-6280.469999999999,428.98499999999996,-29331.045,-11499.345,-4446.764999999999
-10913.984999999999,-11622.285,-21938.265,-6368.355,371.655,-29370.555,-11519.685,-4355.595
-10872.27,-11579.039999999999,-21920.715,-6406.695,227.025,-29417.579999999998,-11538.945,-4272.3
-10830.015,-11560.635,-21960.045,-6466.86,118.395,-29423.16,-11529.72,-4245.974999999999
-10830.105,-11570.805,-21978.719999999998,-6464.205,136.53,-29417.76,-11516.355,-4272.345
-10847.699999999999,-11558.205,-21978.405,-6506.91,148.45499999999998,-29419.605,-11524.23,-4321.08
-10838.34,-11503.845,-21890.969999999998,-6452.775,205.56,-29375.73,-11518.605,-4332.555
-10836.449999999999,-11494.08,-21859.379999999997,-6425.46,246.465,-29348.504999999997,-11520.18,-4339.71
-10880.955,-11612.744999999999,-21997.44,-6408.855,308.745,-29336.805,-11507.85,-4365.2699999999995
-10847.205,-11576.88,-21938.489999999998,-6343.0199999999995,318.195,-29321.145,-11463.029999999999,-4340.79
-10827.81,-11478.689999999999,-21784.454999999998,-6313.094999999999,283.005,-29325.329999999998,-11461.59,-4342.724999999999
-10849.68,-11495.295,-21861.18,-6366.33,286.11,-29351.7,-11493.09,-4361.535
-10831.635,-11496.734999999999,-21897.315,-6369.795,343.08,-29341.17,-11502.314999999999,-4347.135
-10819.89,-11491.965,-21886.695,-6380.594999999999,306.405,-29325.914999999997,-11494.26,-4336.065
-10838.475,-11502.225,-21828.329999999998,-6250.905,348.65999999999997,-29308.545,-11478.779999999999,-4346.325
-10846.845,-11555.505,-21885.21,-6288.3,343.84499999999997,-29293.155,-11488.994999999999,-4353.165
-10840.32,-11497.904999999999,-21815.415,-6281.325,409.14,-29299.545,-11487.869999999999,-4351.095
-10849.545,-11480.85,-21777.93,-6236.775,373.22999999999996,-29351.25,-11492.234999999999,-4361.58
-10829.88,-11491.425,-21835.575,-6291.54,324.27,-29378.655,-11500.695,-4350.105
-10825.02,-11495.385,-21833.055,-6276.69,395.685,-29290.184999999998,-11468.654999999999,-4343.264999999999
-10833.57,-11496.555,-21832.11,-6273.719999999999,408.24,-29222.19,-11442.105,-4344.48
-10848.06,-11503.395,-21834.495,-6311.16,297.53999999999996,-29266.649999999998,-11457.27,-4357.665
-10859.535,-11540.115,-21887.684999999998,-6360.795,227.20499999999998,-29306.43,-11471.895,-4372.514999999999
-10864.8,-11490.3,-21865.14,-6374.925,296.505,-29332.26,-11490.525,-4410.045
-10838.744999999999,-11456.46,-21808.89,-6277.005,458.37,-29305.89,-11491.289999999999,-4409.46
-10842.795,-11453.445,-21735.989999999998,-6144.84,525.15,-29216.879999999997,-11473.38,-4426.92
-10855.484999999999,-11469.869999999999,-21762.855,-6169.32,468.9,-29170.98,-11451.779999999999,-4426.29
-10913.039999999999,-11519.324999999999,-21858.93,-6329.969999999999,290.07,-29290.95,-11474.595,-4435.83
-10880.55,-11568.555,-21915.765,-6402.42,234.17999999999998,-29331.945,-11469.015,-4374.09
-10805.13,-11515.41,-21861.18,-6339.42,331.38,-29308.86,-11469.015,-4318.83
-10799.955,-11456.595,-21816.405,-6317.73,378.04499999999996,-29280.42,-11471.31,-4368.24
-10883.97,-11470.005,-21795.03,-6299.235,391.68,-29294.594999999998,-11519.955,-4514.58
-10890.27,-11468.744999999999,-21783.555,-6245.82,390.33,-29338.875,-11546.82,-4497.12
-10849.949999999999,-11461.904999999999,-21773.07,-6193.3949999999995,380.7,-29295.989999999998,-11516.039999999999,-4387.995
-10838.609999999999,-11483.234999999999,-21805.2,-6277.815,302.985,-29331.495,-11484.09,-4309.335
-10828.439999999999,-11517.255,-21875.265,-6369.48,233.95499999999998,-29331.945,-11456.955,-4322.205
-10862.595,-11542.005,-21880.844999999998,-6356.205,271.53,-29337.795,-11481.39,-4369.59
-10889.055,-11563.244999999999,-21881.969999999998,-6338.88,328.05,-29321.864999999998,-11489.805,-4361.8949999999995
-10841.175,-11581.02,-21936.915,-6397.0199999999995,314.82,-29329.785,-11474.369999999999,-4240.17
-10818.045,-11571.975,-21939.165,-6403.365,299.07,-29329.695,-11462.984999999999,-4237.92
-10803.33,-11516.355,-21887.37,-6371.6849999999995,287.505,-29329.335,-11466.494999999999,-4259.565
-10819.26,-11517.345,-21885.84,-6397.38,215.95499999999998,-29374.065,-11484.09,-4293.495
-10868.895,-11588.85,-21939.12,-6411.105,226.755,-29352.42,-11483.145,-4350.825
-10879.74,-11575.305,-21939.03,-6390.54,323.685,-29351.745,-11494.98,-4372.0199999999995
-10860.029999999999,-11495.52,-21857.219999999998,-6374.115,282.06,-29403.765,-11501.369999999999,-4366.98
-10856.789999999999,-11529.99,-21909.195,-6468.255,127.935,-29435.805,-11514.51,-4360.724999999999
-10842.345,-11532.555,-21941.954999999998,-6514.65,99.13499999999999,-29398.454999999998,-11518.695,-4374.675
-10827.765,-11474.73,-21840.165,-6401.115,234.225,-29333.295,-11472.57,-4366.3949999999995
-10821.869999999999,-11459.97,-21811.635,-6375.014999999999,324.71999999999997,-29303.504999999997,-11451.96,-4342.86
-10880.64,-11581.109999999999,-21911.67,-6369.48,310.635,-29250.809999999998,-11456.414999999999,-4377.825
-10901.835,-11627.055,-21977.954999999998,-6361.92,307.125,-29269.17,-11476.845,-4360.5
-10853.775,-11551.32,-21924.945,-6329.969999999999,403.065,-29292.254999999997,-11497.994999999999,-4324.139999999999
-10836.449999999999,-11540.97,-21917.969999999998,-6351.57,434.25,-29293.559999999998,-11491.244999999999,-4326.12
-10837.619999999999,-11484.99,-21859.335,-6310.26,400.09499999999997,-29242.89,-11462.265,-4334.3099999999995
-10845.18,-11498.58,-21824.37,-6253.74,364.995,-29267.774999999998,-11458.529999999999,-4341.6449999999995
-10866.465,-11574.09,-21904.829999999998,-6345.315,273.555,-29319.704999999998,-11460.42,-4356.54
-10851.795,-11517.074999999999,-21879.719999999998,-6405.525,207.765,-29356.515,-11485.755,-4364.639999999999
-10850.445,-11496.689999999999,-21829.41,-6370.965,285.47999999999996,-29330.235,-11490.795,-4370.535
-10836.314999999999,-11481.84,-21836.52,-6358.05,372.41999999999996,-29316.69,-11485.439999999999,-4352.22
-10836.494999999999,-11483.865,-21820.545,-6316.469999999999,373.95,-29310.57,-11493.72,-4347.99
-10848.24,-11506.275,-21840.12,-6281.28,295.60499999999996,-29313.315,-11509.289999999999,-4368.6449999999995
-10852.244999999999,-11487.195,-21812.445,-6228.45,315.85499999999996,-29288.835,-11484.225,-4377.69
-10859.984999999999,-11489.355,-21814.379999999997,-6235.155,378.945,-29254.094999999998,-11476.215,-4406.264999999999
-10842.3,-11466.0,-21790.8,-6188.58,472.09499999999997,-29206.44,-11468.88,-4432.1849999999995
-10827.99,-11432.744999999999,-21770.055,-6232.005,428.805,-29195.82,-11439.27,-4418.55
-10856.744999999999,-11507.67,-21852.495,-6396.344999999999,334.125,-29268.629999999997,-11454.164999999999,-4374.945
-10860.75,-11584.305,-21953.114999999998,-6492.78,291.91499999999996,-29312.73,-11464.92,-4315.724999999999
-10847.115,-11543.085,-21889.35,-6393.42,269.235,-29313.899999999998,-11462.445,-4330.53
-10846.17,-11490.93,-21820.59,-6279.48,246.195,-29304.315,-11454.705,-4407.345
-10941.66,-11548.71,-21847.77,-6247.844999999999,290.47499999999997,-29287.17,-11466.045,-4555.08
-10975.994999999999,-11513.564999999999,-21825.809999999998,-6254.6849999999995,365.84999999999997,-29289.69,-11501.505,-4586.849999999999
-10923.795,-11483.055,-21792.105,-6240.78,383.94,-29286.36,-11495.564999999999,-4471.0199999999995
-10848.779999999999,-11512.484999999999,-21842.19,-6288.795,362.15999999999997,-29361.239999999998,-11481.57,-4310.28
-10797.615,-11508.39,-21854.25,-6303.78,395.72999999999996,-29336.94,-11467.98,-4275.405
-10865.88,-11516.355,-21853.215,-6307.92,394.695,-29247.39,-11457.18,-4372.425
-10847.564999999999,-11520.045,-21892.5,-6346.3949999999995,316.935,-29363.715,-11505.375,-4344.03
-10789.605,-11512.305,-21907.485,-6362.955,306.85499999999996,-29392.739999999998,-11520.72,-4295.205
-10784.699999999999,-11483.505,-21841.425,-6299.955,380.7,-29355.48,-11507.085,-4269.0599999999995
-10842.84,-11482.47,-21779.28,-6235.0199999999995,433.575,-29297.295,-11495.699999999999,-4322.115
-10854.18,-11486.789999999999,-21798.945,-6262.29,449.28,-29223.27,-11478.779999999999,-4364.775
-10868.265,-11512.215,-21858.57,-6353.775,340.56,-29289.239999999998,-11484.494999999999,-4356.135
-10845.494999999999,-11527.605,-21867.885,-6341.4,309.96,-29299.094999999998,-11469.734999999999,-4305.96
-10833.39,-11524.005,-21878.415,-6340.23,300.06,-29313.539999999997,-11448.855,-4287.42
-10829.52,-11562.119999999999,-21962.79,-6464.25,150.03,-29394.135,-11487.375,-4287.24
-10870.244999999999,-11628.18,-22005.629999999997,-6519.78,74.07,-29384.28,-11479.365,-4343.94
-10889.865,-11577.24,-21945.915,-6444.315,158.445,-29353.14,-11474.775,-4378.995
-10870.605,-11504.25,-21859.245,-6336.09,281.34,-29356.379999999997,-11480.13,-4367.205
-10854.09,-11534.265,-21902.76,-6386.8949999999995,290.295,-29385.18,-11476.619999999999,-4343.445
-10872.27,-11546.234999999999,-21917.024999999998,-6370.605,331.155,-29347.335,-11465.505,-4362.03
-10856.609999999999,-11525.039999999999,-21853.844999999998,-6297.255,440.46,-29260.89,-11461.05,-4359.0599999999995
-10857.195,-11523.869999999999,-21859.829999999998,-6357.96,404.145,-29257.02,-11456.055,-4360.139999999999
-10862.189999999999,-11547.9,-21910.77,-6388.514999999999,321.705,-29288.655,-11451.105,-4353.075
-10867.05,-11563.38,-21958.695,-6377.219999999999,326.205,-29328.164999999997,-11453.895,-4349.07
-10859.31,-11530.8,-21893.085,-6373.62,242.82,-29324.565,-11472.48,-4356.99
-10844.369999999999,-11507.67,-21910.14,-6446.295,159.21,-29307.87,-11488.68,-4357.53
-10848.015,-11535.39,-21897.36,-6385.545,222.84,-29304.0,-11489.4,-4352.085
-10843.65,-11542.095,-21852.54,-6297.57,315.405,-29354.895,-11481.48,-4344.615
-10845.135,-11486.295,-21815.1,-6286.59,394.155,-29281.95,-11455.244999999999,-4350.285
-10843.56,-11498.939999999999,-21873.69,-6326.775,400.09499999999997,-29254.364999999998,-11432.475,-4347.54
-10846.89,-11530.529999999999,-21899.879999999997,-6395.985,334.66499999999996,-29281.995,-11445.975,-4348.3949999999995
-10855.935,-11509.154999999999,-21893.355,-6459.255,271.71,-29335.454999999998,-11483.414999999999,-4359.915
-10863.045,-11554.02,-21967.155,-6455.07,248.89499999999998,-29332.664999999997,-11480.805,-4365.764999999999
-10897.109999999999,-11553.885,-21894.12,-6352.83,310.22999999999996,-29307.914999999997,-11479.545,-4404.33
-10869.57,-11560.005,-21855.195,-6277.905,406.03499999999997,-29257.875,-11445.255,-4377.195
-10841.039999999999,-11499.164999999999,-21861.855,-6299.775,375.39,-29263.815,-11427.75,-4335.57
-10841.4,-11485.305,-21838.635,-6285.69,319.95,-29301.03,-11459.564999999999,-4343.67
-10846.35,-11477.295,-21823.425,-6289.155,352.935,-29271.78,-11448.72,-4376.97
-10846.17,-11431.71,-21765.465,-6232.455,412.02,-29263.995,-11465.145,-4418.099999999999
-10844.82,-11437.064999999999,-21738.69,-6163.92,464.84999999999997,-29199.239999999998,-11450.744999999999,-4423.1849999999995
-10819.529999999999,-11444.625,-21763.754999999997,-6211.08,402.255,-29222.774999999998,-11463.435,-4369.59
-10822.455,-11469.375,-21823.92,-6319.44,308.88,-29311.739999999998,-11472.57,-4331.5199999999995
-10863.359999999999,-11497.545,-21865.59,-6346.08,283.68,-29340.495,-11480.805,-4373.865
-10914.84,-11537.82,-21863.745,-6292.53,395.46,-29248.695,-11473.515,-4453.695
-10951.154999999999,-11529.539999999999,-21841.875,-6289.0199999999995,394.78499999999997,-29269.664999999997,-11492.865,-4541.67
-10938.779999999999,-11521.395,-21834.405,-6338.205,302.58,-29258.504999999997,-11467.619999999999,-4539.51
-10869.48,-11508.84,-21832.29,-6323.67,342.04499999999996,-29245.14,-11438.414999999999,-4430.79
-10778.265,-11477.789999999999,-21841.829999999998,-6307.0199999999995,412.10999999999996,-29250.27,-11407.59,-4280.3099999999995
-10774.98,-11505.24,-21859.02,-6278.219999999999,420.21,-29287.17,-11415.105,-4242.735
-10832.625,-11492.369999999999,-21834.135,-6309.9,278.055,-29346.93,-11449.98,-4303.889999999999
-10905.029999999999,-11547.09,-21878.64,-6372.179999999999,199.845,-29390.715,-11467.664999999999,-4332.15
-10875.734999999999,-11556.539999999999,-21906.27,-6376.995,252.09,-29405.655,-11473.47,-4314.105
-10875.555,-11560.5,-21892.905,-6310.349999999999,346.09499999999997,-29361.375,-11475.945,-4364.055
-10863.99,-11578.365,-21923.64,-6345.54,360.765,-29334.329999999998,-11472.3,-4347.675
-10865.654999999999,-11575.664999999999,-21922.065,-6367.815,416.15999999999997,-29201.489999999998,-11441.07,-4335.974999999999
-10854.63,-11555.055,-21894.075,-6365.5199999999995,347.94,-29239.335,-11447.46,-4315.59
-10849.005,-11510.595,-21864.375,-6338.025,246.105,-29316.015,-11470.05,-4344.345
-10816.064999999999,-11477.205,-21820.454999999998,-6306.885,219.73499999999999,-29331.045,-11467.845,-4340.25
-10829.43,-11563.109999999999,-21950.64,-6408.855,162.945,-29332.934999999998,-11460.779999999999,-4329.54
-10826.414999999999,-11532.555,-21931.02,-6444.63,185.94,-29347.965,-11477.25,-4312.889999999999
-10856.43,-11572.064999999999,-21937.14,-6427.485,283.59,-29356.11,-11485.529999999999,-4324.59
-10940.49,-11560.904999999999,-21944.34,-6455.88,258.705,-29390.489999999998,-11504.835,-4413.87
-10926.314999999999,-11557.125,-21929.355,-6413.04,303.12,-29309.76,-11477.835,-4425.84
-10881.765,-11516.939999999999,-21875.805,-6309.764999999999,395.01,-29258.73,-11462.984999999999,-4385.295
-10812.869999999999,-11493.09,-21829.094999999998,-6257.565,395.145,-29278.89,-11456.369999999999,-4274.865
-10823.58,-11545.515,-21927.149999999998,-6412.139999999999,269.325,-29362.545,-11483.91,-4296.465
-10856.52,-11527.425,-21904.425,-6417.495,312.795,-29363.67,-11479.185,-4354.065
-10835.82,-11524.814999999999,-21920.895,-6412.815,323.90999999999997,-29349.855,-11445.255,-4360.139999999999
-10845.449999999999,-11510.414999999999,-21860.594999999998,-6356.07,299.925,-29316.69,-11432.564999999999,-4370.4
-10882.619999999999,-11497.23,-21812.175,-6289.065,345.06,-29290.545,-11464.199999999999,-4401.2699999999995
-10875.555,-11515.23,-21858.84,-6265.26,336.96,-29251.44,-11428.56,-4374.54
-10866.015,-11522.925,-21917.204999999998,-6351.75,246.55499999999998,-29297.969999999998,-11437.47,-4354.38
-10883.564999999999,-11553.119999999999,-21902.94,-6373.44,268.695,-29318.67,-11445.75,-4353.389999999999
-10850.31,-11549.07,-21908.61,-6363.855,296.505,-29329.469999999998,-11438.595,-4322.79
-10829.88,-11506.59,-21873.42,-6305.849999999999,367.155,-29286.945,-11435.625,-4319.28
-10852.875,-11487.6,-21868.02,-6280.065,388.935,-29309.175,-11457.314999999999,-4356.764999999999
-10845.09,-11496.06,-21862.575,-6313.455,332.055,-29363.85,-11487.824999999999,-4362.615
-10834.74,-11483.279999999999,-21791.204999999998,-6289.83,324.85499999999996,-29373.254999999997,-11508.705,-4356.224999999999
-10845.81,-11488.994999999999,-21816.09,-6311.835,360.45,-29317.545,-11496.42,-4387.545
-10867.32,-11510.414999999999,-21866.579999999998,-6395.804999999999,347.35499999999996,-29289.239999999998,-11475.945,-4443.48
-10873.215,-11496.555,-21856.004999999997,-6337.665,431.23499999999996,-29209.184999999998,-11426.49,-4460.22
-10866.33,-11463.3,-21784.59,-6280.245,373.905,-29253.285,-11437.965,-4418.775
-10873.529999999999,-11502.18,-21848.489999999998,-6311.88,269.41499999999996,-29344.59,-11449.8,-4382.639999999999
-10872.0,-11480.58,-21825.989999999998,-6317.19,264.96,-29355.93,-11470.814999999999,-4418.19
-10844.279999999999,-11457.99,-21767.219999999998,-6270.705,364.275,-29325.285,-11460.689999999999,-4361.445
-10816.064999999999,-11508.074999999999,-21822.165,-6277.365,413.28,-29317.094999999998,-11442.33,-4266.315
-10822.814999999999,-11549.205,-21916.754999999997,-6394.815,312.65999999999997,-29389.454999999998,-11456.369999999999,-4250.205
-10856.97,-11574.27,-21933.629999999997,-6416.639999999999,284.67,-29375.684999999998,-11452.005,-4315.724999999999
-10901.025,-11614.14,-21940.379999999997,-6378.48,175.36499999999998,-29360.204999999998,-11455.289999999999,-4405.59
-10915.109999999999,-11518.02,-21872.79,-6340.365,190.70999999999998,-29340.18,-11456.55,-4457.97
-10904.445,-11521.035,-21864.78,-6289.245,296.055,-29254.815,-11434.005,-4485.554999999999
-10890.314999999999,-11492.775,-21824.19,-6232.23,401.84999999999997,-29228.445,-11413.439999999999,-4464.2699999999995
-10886.355,-11454.795,-21805.379999999997,-6269.58,391.09499999999997,-29313.899999999998,-11451.779999999999,-4416.57
-10839.195,-11511.855,-21870.45,-6371.054999999999,301.86,-29421.09,-11497.545,-4304.43
-10851.345,-11556.63,-21935.835,-6413.49,280.125,-29399.445,-11508.255,-4285.9349999999995
-10873.395,-11562.119999999999,-21882.239999999998,-6316.92,336.015,-29309.355,-11474.505,-4311.0
-10849.455,-11546.64,-21867.885,-6328.71,292.185,-29298.69,-11438.73,-4286.79
-10830.779999999999,-11542.994999999999,-21927.42,-6409.665,229.095,-29292.704999999998,-11414.564999999999,-4278.375
-10838.88,-11514.645,-21893.67,-6395.04,292.09499999999997,-29294.28,-11406.869999999999,-4314.51
-10858.275,-11533.77,-21877.829999999998,-6391.53,303.12,-29336.265,-11430.09,-4345.2
-10860.57,-11544.93,-21906.855,-6412.365,271.03499999999997,-29339.594999999998,-11451.015,-4353.84
-10865.744999999999,-11554.064999999999,-21937.364999999998,-6422.67,258.34499999999997,-29340.539999999997,-11454.119999999999,-4337.595
-10874.564999999999,-11573.1,-21953.969999999998,-6404.8949999999995,273.28499999999997,-29374.289999999997,-11483.189999999999,-4350.42
-10858.14,-11550.645,-21933.675,-6399.54,271.485,-29349.855,-11471.715,-4351.815
-10830.42,-11462.895,-21821.76,-6339.69,277.02,-29404.395,-11476.395,-4357.08
-10843.605,-11445.074999999999,-21782.295,-6304.5,389.565,-29330.145,-11455.65,-4398.255
-10849.949999999999,-11494.125,-21869.82,-6328.844999999999,447.885,-29245.004999999997,-11423.025,-4392.18
-10851.795,-11502.494999999999,-21848.04,-6259.545,423.63,-29249.954999999998,-11419.154999999999,-4344.12
-10858.32,-11506.725,-21821.67,-6245.28,356.35499999999996,-29316.825,-11451.195,-4311.585
-10848.734999999999,-11528.414999999999,-21861.945,-6286.7699999999995,308.34,-29350.395,-11471.535,-4319.595
-10832.265,-11511.765,-21842.864999999998,-6303.24,320.13,-29342.475,-11470.32,-4323.69
-10832.039999999999,-11507.22,-21845.114999999998,-6317.01,345.87,-29334.825,-11471.4,-4347.045
-10853.685,-11487.555,-21850.11,-6347.115,264.645,-29370.645,-11483.73,-4388.264999999999
-10872.539999999999,-11503.89,-21821.445,-6272.505,309.51,-29319.614999999998,-11458.305,-4395.78
-10863.675,-11543.625,-21893.399999999998,-6355.665,254.16,-29321.684999999998,-11445.48,-4355.91
-10845.314999999999,-11523.015,-21922.649999999998,-6414.705,210.825,-29337.57,-11434.545,-4316.76
-10860.164999999999,-11566.26,-21958.605,-6443.775,179.82,-29365.785,-11437.695,-4350.915
-10857.285,-11560.365,-21948.39,-6402.915,265.635,-29358.945,-11456.82,-4367.925
-10873.935,-11527.74,-21862.079999999998,-6270.84,375.435,-29349.765,-11477.43,-4380.84
-10833.525,-11474.55,-21804.524999999998,-6262.514999999999,399.465,-29327.309999999998,-11469.195,-4338.18
-10847.43,-11472.255,-21821.265,-6316.11,367.245,-29299.995,-11463.705,-4343.58
-10868.805,-11511.09,-21831.3,-6272.865,401.98499999999996,-29268.899999999998,-11453.265,-4376.205
-10862.865,-11526.3,-21837.825,-6241.1849999999995,407.15999999999997,-29259.0,-11430.945,-4376.115
-10854.404999999999,-11477.115,-21829.454999999998,-6249.554999999999,376.78499999999997,-29275.245,-11416.68,-4378.139999999999
-10876.455,-11488.23,-21847.815,-6287.94,358.425,-29292.164999999997,-11411.505,-4386.195
-10882.845,-11497.59,-21822.84,-6290.415,380.115,-29274.614999999998,-11437.65,-4411.71
-10876.68,-11468.744999999999,-21805.335,-6286.455,383.31,-29259.945,-11437.064999999999,-4439.7
-10850.984999999999,-11463.21,-21835.98,-6316.514999999999,345.91499999999996,-29268.405,-11443.32,-4439.115
-10848.06,-11480.85,-21820.23,-6279.12,360.765,-29290.094999999998,-11455.335,-4416.75
-10839.015,-11500.064999999999,-21801.87,-6241.545,411.525,-29320.695,-11452.77,-4335.165
-10842.21,-11539.125,-21895.739999999998,-6360.48,271.53,-29369.565,-11464.244999999999,-4319.865
-10790.324999999999,-11479.095,-21873.105,-6393.42,205.73999999999998,-29385.27,-11470.05,-4270.995
-10840.32,-11494.8,-21859.649999999998,-6372.224999999999,206.505,-29380.635,-11470.32,-4334.3099999999995
-10902.06,-11569.41,-21915.675,-6382.9349999999995,249.52499999999998,-29362.41,-11453.49,-4365.99
-10899.945,-11561.355,-21913.739999999998,-6365.295,334.395,-29295.629999999997,-11414.744999999999,-4379.715
-10892.25,-11525.085,-21866.04,-6336.495,397.62,-29312.64,-11418.615,-4409.055
-10894.095,-11567.115,-21904.92,-6346.304999999999,392.175,-29314.53,-11435.31,-4390.47
-10848.24,-11500.83,-21861.18,-6335.415,330.705,-29358.945,-11466.855,-4342.5
-10826.055,-11481.75,-21844.71,-6358.05,263.15999999999997,-29384.594999999998,-11481.164999999999,-4311.405
-10871.1,-11543.49,-21902.67,-6362.235,310.545,-29329.92,-11469.824999999999,-4380.66
-10866.555,-11591.145,-21962.52,-6382.889999999999,320.985,-29304.855,-11451.24,-4396.815
-10869.21,-11537.324999999999,-21896.37,-6345.045,308.25,-29309.67,-11448.045,-4380.795
-10863.27,-11472.435,-21843.315,-6350.94,362.61,-29254.545,-11445.255,-4354.47
-10929.869999999999,-11576.97,-21950.504999999997,-6466.59,221.98499999999999,-29357.684999999998,-11476.935,-4396.41
-10939.32,-11601.9,-21960.989999999998,-6446.7,220.185,-29348.73,-11456.955,-4412.97
-10876.725,-11531.205,-21898.665,-6385.545,282.645,-29334.914999999997,-11432.744999999999,-4380.525
-10851.84,-11489.76,-21838.05,-6294.6449999999995,352.305,-29296.664999999997,-11433.96,-4378.905
-10889.414999999999,-11546.505,-21867.614999999998,-6287.3099999999995,330.65999999999997,-29311.289999999997,-11422.664999999999,-4376.16
-10894.904999999999,-11581.244999999999,-21962.745,-6415.965,238.32,-29362.14,-11435.76,-4329.8099999999995
-10843.425,-11538.945,-21932.64,-6457.455,210.195,-29359.8,-11460.779999999999,-4285.62
-10835.414999999999,-11547.765,-21929.219999999998,-6439.275,260.685,-29339.504999999997,-11462.58,-4292.1449999999995
-10837.305,-11548.529999999999,-21924.809999999998,-6421.59,208.845,-29417.67,-11470.68,-4306.995
-10830.015,-11465.595,-21839.265,-6364.44,193.85999999999999,-29465.73,-11492.505,-4334.94
-10840.59,-11484.72,-21878.1,-6396.84,138.555,-29422.98,-11488.814999999999,-4348.305
-10873.935,-11536.38,-21897.719999999998,-6396.795,171.18,-29331.989999999998,-11472.39,-4366.889999999999
-10872.945,-11556.449999999999,-21888.675,-6333.57,334.125,-29308.004999999997,-11460.645,-4353.389999999999
-10831.59,-11500.244999999999,-21866.715,-6295.23,459.22499999999997,-29336.715,-11447.73,-4326.03
-10825.289999999999,-11487.96,-21872.43,-6333.48,421.10999999999996,-29351.43,-11466.045,-4330.889999999999
-10824.435,-11469.42,-21817.079999999998,-6307.74,387.22499999999997,-29328.704999999998,-11458.619999999999,-4334.985
-10857.42,-11504.295,-21856.184999999998,-6370.425,291.015,-29316.645,-11443.814999999999,-4352.49
-10849.41,-11503.574999999999,-21882.51,-6474.42,231.12,-29342.43,-11451.195,-4350.42
-10863.045,-11527.335,-21911.895,-6445.08,371.52,-29275.785,-11427.84,-4358.79
-10872.404999999999,-11530.755,-21906.045,-6299.82,470.745,-29262.51,-11421.494999999999,-4380.66
-10879.154999999999,-11502.539999999999,-21822.075,-6186.105,405.945,-29288.789999999997,-11431.935,-4423.095
-10893.6,-11488.095,-21762.09,-6141.33,382.365,-29342.024999999998,-11451.689999999999,-4462.0199999999995
-10849.14,-11485.08,-21800.745,-6232.1849999999995,368.28,-29341.844999999998,-11461.59,-4420.62
-10813.23,-11448.945,-21796.2,-6263.37,393.3,-29287.215,-11454.029999999999,-4387.545
-10833.39,-11505.645,-21869.82,-6314.264999999999,397.08,-29235.6,-11426.31,-4386.105
-10891.305,-11525.31,-21885.614999999998,-6350.94,342.45,-29319.254999999997,-11475.72,-4383.99
-10914.795,-11563.605,-21919.23,-6354.764999999999,323.505,-29341.664999999997,-11490.164999999999,-4421.385
-10877.039999999999,-11504.295,-21851.774999999998,-6278.13,338.66999999999996,-29332.17,-11473.47,-4385.655
-10842.84,-11498.49,-21806.774999999998,-6237.585,387.495,-29289.78,-11438.01,-4316.445
-10846.8,-11543.939999999999,-21871.53,-6281.325,359.46,-29246.085,-11402.955,-4321.3949999999995
-10909.664999999999,-11515.185,-21857.535,-6303.195,345.41999999999996,-29252.295,-11436.255,-4421.97
-10949.715,-11474.145,-21778.965,-6233.264999999999,408.195,-29264.535,-11464.38,-4515.345
-10944.855,-11524.365,-21845.25,-6298.469999999999,382.86,-29306.34,-11466.27,-4481.955
-10866.465,-11520.404999999999,-21861.09,-6320.115,383.4,-29308.86,-11458.71,-4362.525
-10856.88,-11541.645,-21885.03,-6324.705,317.115,-29306.52,-11432.43,-4325.445
-10858.725,-11534.939999999999,-21881.745,-6338.88,267.12,-29332.305,-11432.475,-4311.405
-10814.939999999999,-11537.64,-21896.684999999998,-6380.46,240.075,-29369.34,-11444.984999999999,-4236.389999999999
-10809.765,-11528.505,-21909.015,-6395.04,245.16,-29376.495,-11470.949999999999,-4247.91
-10830.555,-11525.445,-21888.0,-6374.385,283.455,-29356.515,-11459.07,-4297.724999999999
-10832.939999999999,-11501.595,-21878.954999999998,-6350.94,358.695,-29322.405,-11432.699999999999,-4335.84
-10889.685,-11560.68,-21951.945,-6394.139999999999,318.33,-29344.905,-11434.904999999999,-4400.505
-10947.6,-11590.515,-21973.725,-6381.315,234.315,-29395.89,-11470.185,-4451.264999999999
-10905.48,-11543.13,-21891.915,-6351.974999999999,298.17,-29378.114999999998,-11484.404999999999,-4405.815
-10850.625,-11526.975,-21923.1,-6409.3949999999995,303.705,-29356.11,-11465.01,-4350.42
-10818.855,-11463.975,-21842.37,-6348.78,278.64,-29304.765,-11432.52,-4304.295
-10809.81,-11452.994999999999,-21791.879999999997,-6285.915,297.585,-29255.94,-11408.76,-4270.005
-10819.619999999999,-11480.4,-21845.655,-6314.49,295.02,-29329.605,-11432.744999999999,-4286.655
-10855.664999999999,-11518.02,-21889.44,-6332.849999999999,293.985,-29386.53,-11468.295,-4338.09
-10883.52,-11540.564999999999,-21843.495,-6320.429999999999,326.295,-29296.44,-11438.01,-4361.355
-10908.945,-11623.455,-22039.29,-6525.719999999999,177.57,-29296.35,-11442.465,-4372.155
-10890.314999999999,-11583.99,-22007.43,-6549.165,73.25999999999999,-29350.664999999997,-11467.664999999999,-4363.875
-10885.095,-11556.359999999999,-21949.515,-6490.9349999999995,139.36499999999998,-29392.289999999997,-11504.295,-4378.41
-10857.195,-11518.74,-21865.86,-6362.594999999999,343.62,-29377.17,-11483.55,-4358.115
-10839.914999999999,-11466.675,-21791.835,-6251.04,451.71,-29283.48,-11425.275,-4337.6849999999995
-10856.88,-11532.33,-21878.19,-6327.99,333.135,-29264.489999999998,-11415.689999999999,-4345.65
-10857.06,-11569.32,-21911.129999999997,-6387.165,263.78999999999996,-29332.26,-11434.725,-4347.405
-10869.66,-11563.83,-21922.965,-6391.44,328.22999999999996,-29354.265,-11444.039999999999,-4357.755
-10861.38,-11529.18,-21918.285,-6421.455,291.42,-29375.64,-11450.609999999999,-4356.09
-10862.82,-11536.289999999999,-21914.64,-6392.969999999999,282.645,-29333.565,-11437.515,-4355.955
-10864.439999999999,-11508.705,-21901.59,-6400.485,306.85499999999996,-29319.344999999998,-11450.25,-4362.03
-10843.109999999999,-11448.494999999999,-21826.079999999998,-6351.255,278.64,-29322.945,-11470.994999999999,-4355.37
-10843.605,-11453.13,-21788.594999999998,-6233.849999999999,387.18,-29263.905,-11443.77,-4350.735
-10854.18,-11492.595,-21828.239999999998,-6250.32,400.54499999999996,-29293.739999999998,-11443.859999999999,-4356.09
-10852.244999999999,-11472.345,-21776.895,-6190.2,421.02,-29284.515,-11431.935,-4358.97
-10840.77,-11483.91,-21804.524999999998,-6230.88,419.98499999999996,-29288.295,-11435.984999999999,-4349.295
-10824.164999999999,-11462.535,-21845.835,-6268.32,417.06,-29306.925,-11444.355,-4349.07
-10843.875,-11456.055,-21850.965,-6362.594999999999,321.885,-29353.995,-11469.914999999999,-4400.955
-10895.4,-11454.21,-21799.17,-6294.15,328.72499999999997,-29304.135,-11459.88,-4478.804999999999
-10933.65,-11515.365,-21821.67,-6250.59,360.99,-29249.954999999998,-11447.234999999999,-4514.8949999999995
-10927.215,-11529.765,-21835.8,-6230.835,421.78499999999997,-29236.004999999997,-11465.82,-4511.745
-10899.539999999999,-11449.845,-21751.739999999998,-6149.115,544.68,-29178.045,-11450.07,-4514.22
-10890.539999999999,-11412.135,-21724.02,-6146.55,519.03,-29205.855,-11435.85,-4542.885
-10913.265,-11516.355,-21811.14,-6224.8949999999995,429.12,-29329.245,-11447.55,-4446.0
-10858.545,-11565.855,-21885.165,-6308.1449999999995,350.90999999999997,-29414.204999999998,-11471.445,-4283.415
-10825.425,-11569.455,-21917.969999999998,-6364.62,267.12,-29437.92,-11468.34,-4201.47
-10819.395,-11529.314999999999,-21905.28,-6372.36,291.51,-29337.75,-11456.369999999999,-4238.865
-10852.02,-11555.055,-21921.434999999998,-6380.235,291.91499999999996,-29364.614999999998,-11451.24,-4290.345
-10879.425,-11571.84,-21942.09,-6454.08,202.5,-29426.94,-11446.244999999999,-4331.43
-10885.005,-11561.13,-21926.79,-6424.38,237.55499999999998,-29377.53,-11436.074999999999,-4346.955
-10879.695,-11565.18,-21937.905,-6399.45,257.445,-29320.559999999998,-11427.57,-4343.805
-10839.914999999999,-11540.025,-21920.715,-6351.48,291.51,-29274.84,-11423.295,-4332.69
-10877.984999999999,-11547.9,-21916.305,-6355.665,323.37,-29284.785,-11431.529999999999,-4364.19
-10893.24,-11507.715,-21858.57,-6310.035,357.47999999999996,-29344.59,-11451.42,-4405.139999999999
-10913.984999999999,-11554.154999999999,-21913.515,-6382.44,248.715,-29417.579999999998,-11468.205,-4396.139999999999
-10904.22,-11560.725,-21923.864999999998,-6377.76,218.60999999999999,-29378.114999999998,-11467.215,-4375.3949999999995
-10829.88,-11505.779999999999,-21870.495,-6401.34,203.67,-29358.765,-11447.369999999999,-4279.1849999999995
-10818.99,-11538.63,-21966.39,-6516.63,160.695,-29377.844999999998,-11444.67,-4265.865
-10840.994999999999,-11533.59,-21945.195,-6445.665,190.935,-29430.495,-11458.439999999999,-4295.43
-10833.705,-11515.635,-21887.82,-6354.315,299.43,-29431.89,-11459.654999999999,-4298.58
-10886.4,-11570.715,-21951.989999999998,-6427.3949999999995,261.045,-29477.07,-11483.64,-4353.12
-10887.21,-11558.744999999999,-21948.3,-6481.44,177.29999999999998,-29446.245,-11481.84,-4365.9
-10862.55,-11531.609999999999,-21941.91,-6472.44,219.87,-29339.864999999998,-11464.74,-4349.474999999999
-10864.845,-11532.555,-21929.489999999998,-6397.92,365.53499999999997,-29244.914999999997,-11441.97,-4350.33
-10855.484999999999,-11525.67,-21864.645,-6267.465,445.455,-29215.26,-11397.42,-4337.28
-10828.17,-11457.855,-21774.555,-6222.014999999999,416.34,-29247.21,-11387.789999999999,-4320.405
-10842.074999999999,-11515.904999999999,-21856.23,-6284.295,387.27,-29287.35,-11413.395,-4333.095
-10864.529999999999,-11498.895,-21835.035,-6329.474999999999,358.46999999999997,-29292.12,-11419.38,-4355.82
-10875.914999999999,-11515.814999999999,-21910.86,-6355.08,339.97499999999997,-29290.59,-11417.22,-4360.86
-10850.445,-11479.77,-21857.445,-6370.469999999999,289.575,-29321.73,-11436.119999999999,-4349.115
-10861.515,-11511.09,-21873.645,-6412.32,259.56,-29371.815,-11460.42,-4356.2699999999995
-10840.05,-11511.27,-21893.489999999998,-6429.915,251.505,-29432.745,-11486.385,-4339.62
-10826.1,-11465.369999999999,-21838.14,-6362.73,251.86499999999998,-29420.82,-11472.119999999999,-4333.95
-10855.98,-11499.164999999999,-21817.53,-6249.554999999999,388.215,-29314.71,-11442.15,-4375.845
-10877.22,-11529.539999999999,-21858.75,-6234.48,446.445,-29233.89,-11416.77,-4419.495
-10893.645,-11467.395,-21802.815,-6182.594999999999,463.77,-29225.204999999998,-11410.47,-4450.455
-10883.744999999999,-11449.935,-21745.079999999998,-6187.1849999999995,435.51,-29315.565,-11438.189999999999,-4429.889999999999
-10864.305,-11479.904999999999,-21819.195,-6271.335,383.13,-29336.715,-11430.27,-4382.865
-10866.689999999999,-11479.725,-21839.265,-6304.679999999999,356.175,-29271.78,-11422.529999999999,-4410.99
-10893.914999999999,-11485.439999999999,-21822.75,-6285.6449999999995,380.745,-29278.53,-11458.035,-4407.57
-10886.58,-11518.56,-21856.995,-6325.965,319.005,-29320.92,-11467.439999999999,-4363.065
-10843.199999999999,-11517.119999999999,-21854.969999999998,-6298.785,310.32,-29327.805,-11454.119999999999,-4349.745
-10848.42,-11474.91,-21823.695,-6269.13,349.91999999999996,-29339.145,-11464.74,-4397.8949999999995
-10901.115,-11496.33,-21815.954999999998,-6267.96,368.59499999999997,-29347.335,-11467.08,-4460.804999999999
-10942.244999999999,-11551.814999999999,-21887.504999999997,-6339.554999999999,292.995,-29390.489999999998,-11492.279999999999,-4454.82
-10889.595,-11520.494999999999,-21895.02,-6374.79,260.64,-29382.614999999998,-11482.875,-4376.205
-10898.82,-11580.3,-21940.155,-6412.05,215.82,-29387.7,-11471.22,-4307.445
-10844.324999999999,-11537.505,-21898.844999999998,-6372.495,243.315,-29335.41,-11460.555,-4274.19
-10845.675,-11549.115,-21917.204999999998,-6379.965,268.335,-29348.82,-11463.39,-4323.915
-10856.789999999999,-11516.039999999999,-21860.82,-6291.315,397.53,-29401.245,-11486.295,-4366.485
-10855.395,-11475.27,-21837.375,-6294.195,365.265,-29420.774999999998,-11491.65,-4377.555
-10878.93,-11541.914999999999,-21900.239999999998,-6376.724999999999,281.15999999999997,-29416.5,-11484.72,-4314.599999999999
-10866.195,-11575.395,-21929.265,-6394.05,258.795,-29399.985,-11453.939999999999,-4267.98
-10839.6,-11546.279999999999,-21945.015,-6427.62,208.935,-29385.855,-11452.904999999999,-4291.0199999999995
-10832.175,-11495.699999999999,-21856.86,-6344.865,286.02,-29307.059999999998,-11436.3,-4307.13
-10846.664999999999,-11555.775,-21925.62,-6404.804999999999,264.87,-29300.489999999998,-11414.835,-4318.47
-10864.484999999999,-11580.3,-21968.235,-6409.9349999999995,281.78999999999996,-29325.105,-11425.41,-4345.514999999999
-10880.414999999999,-11498.49,-21862.079999999998,-6348.915,278.59499999999997,-29385.405,-11450.205,-4383.36
-10872.314999999999,-11496.555,-21883.454999999998,-6351.03,244.62,-29420.684999999998,-11465.145,-4372.155
-10862.189999999999,-11519.865,-21879.18,-6337.349999999999,283.005,-29384.954999999998,-11455.064999999999,-4344.03
-10851.93,-11497.275,-21869.055,-6349.365,299.07,-29403.855,-11475.945,-4346.325
-10876.59,-11507.355,-21860.19,-6314.04,342.04499999999996,-29363.895,-11465.955,-4359.87
-10870.965,-11569.05,-21936.825,-6377.8949999999995,343.03499999999997,-29291.76,-11434.904999999999,-4340.745
-10871.1,-11566.125,-21966.344999999998,-6430.455,319.22999999999996,-29272.23,-11424.465,-4337.28
-10863.045,-11534.22,-21927.6,-6446.88,236.42999999999998,-29349.855,-11440.305,-4333.59
-10876.095,-11551.41,-21936.329999999998,-6443.594999999999,171.405,-29442.285,-11475.945,-4356.495
-10873.08,-11540.88,-21888.585,-6369.615,254.42999999999998,-29436.84,-11491.695,-4363.965
-10871.955,-11550.33,-21842.774999999998,-6260.625,415.62,-29319.614999999998,-11456.685,-4360.139999999999
-10867.32,-11542.455,-21902.895,-6339.465,329.76,-29292.39,-11435.85,-4354.875
-10859.49,-11500.199999999999,-21919.094999999998,-6392.565,300.28499999999997,-29285.325,-11428.92,-4349.655
-10860.164999999999,-11455.785,-21800.16,-6307.155,333.85499999999996,-29311.02,-11446.38,-4363.38
-10864.935,-11445.75,-21724.29,-6187.679999999999,406.48499999999996,-29319.344999999998,-11443.14,-4369.7699999999995
-10864.619999999999,-11504.744999999999,-21829.454999999998,-6278.085,382.905,-29356.379999999997,-11454.93,-4362.3
-10858.185,-11480.49,-21823.425,-6319.44,356.66999999999996,-29372.309999999998,-11470.725,-4368.014999999999
-10858.005,-11475.539999999999,-21828.645,-6318.855,307.395,-29344.59,-11449.305,-4374.2699999999995
-10887.75,-11501.685,-21862.305,-6325.469999999999,305.145,-29323.98,-11441.43,-4419.63
-10909.845,-11473.83,-21810.329999999998,-6269.985,388.305,-29287.754999999997,-11440.619999999999,-4487.715
-10890.449999999999,-11448.63,-21780.675,-6222.014999999999,412.38,-29268.45,-11448.72,-4496.67
-10849.725,-11446.83,-21781.17,-6216.795,386.28,-29293.469999999998,-11437.605,-4399.74
-10826.91,-11538.72,-21886.965,-6315.4349999999995,343.395,-29297.43,-11417.58,-4292.6849999999995
-10879.064999999999,-11528.189999999999,-21874.094999999998,-6308.865,329.715,-29276.64,-11444.355,-4416.615
-10963.845,-11500.56,-21808.125,-6248.969999999999,405.63,-29249.1,-11462.355,-4542.48
-10936.755,-11519.64,-21849.12,-6269.355,415.34999999999997,-29296.395,-11451.51,-4484.97
-10874.115,-11486.07,-21833.504999999997,-6298.155,380.15999999999997,-29354.535,-11450.16,-4343.22
-10807.695,-11535.119999999999,-21896.145,-6369.615,298.755,-29387.879999999997,-11458.664999999999,-4215.735
-10800.449999999999,-11539.08,-21908.114999999998,-6376.545,284.805,-29386.17,-11457.314999999999,-4209.66
-10814.445,-11504.115,-21882.015,-6355.8,276.21,-29418.524999999998,-11474.279999999999,-4263.389999999999
-10852.605,-11556.9,-21925.44,-6398.73,223.155,-29482.605,-11483.64,-4339.53
-10857.555,-11545.47,-21919.184999999998,-6397.74,210.42,-29521.215,-11501.279999999999,-4383.764999999999
-10854.404999999999,-11436.074999999999,-21790.079999999998,-6289.065,330.97499999999997,-29436.975,-11484.314999999999,-4408.965
-10836.225,-11437.605,-21775.14,-6261.795,372.555,-29321.73,-11447.145,-4355.19
-10917.855,-11579.265,-21893.67,-6327.99,352.395,-29268.315,-11424.779999999999,-4369.635
-10960.064999999999,-11636.46,-21970.17,-6364.665,370.53,-29227.77,-11423.654999999999,-4397.805
-10963.755,-11561.67,-21902.355,-6350.264999999999,332.28,-29277.945,-11466.585,-4459.86
-10983.465,-11536.83,-21876.39,-6330.78,307.935,-29320.155,-11483.64,-4506.705
-10936.529999999999,-11541.779999999999,-21900.78,-6353.054999999999,352.08,-29345.895,-11479.859999999999,-4442.355
-10849.275,-11539.664999999999,-21932.594999999998,-6443.1449999999995,299.115,-29402.55,-11498.85,-4301.73
-10850.22,-11560.095,-21981.78,-6494.49,218.20499999999998,-29386.305,-11486.97,-4299.57
-10828.08,-11594.835,-22028.04,-6517.889999999999,155.295,-29386.89,-11479.185,-4225.59
-10832.939999999999,-11578.14,-21982.23,-6480.764999999999,172.935,-29421.629999999997,-11488.77,-4258.08
-10835.1,-11531.115,-21913.605,-6413.985,194.04,-29404.844999999998,-11465.414999999999,-4288.815
-10871.505,-11542.994999999999,-21928.68,-6400.889999999999,274.365,-29373.93,-11469.96,-4336.245
-10873.89,-11550.869999999999,-21927.195,-6398.009999999999,397.66499999999996,-29390.805,-11487.689999999999,-4338.764999999999
-10836.81,-11491.154999999999,-21866.805,-6374.115,329.715,-29385.225,-11482.515,-4318.92
-10851.255,-11479.23,-21814.155,-6318.99,259.065,-29364.614999999998,-11470.32,-4338.675
-10852.289999999999,-11487.869999999999,-21833.37,-6289.83,375.75,-29309.67,-11444.715,-4341.915
-10866.555,-11522.025,-21894.93,-6313.815,353.115,-29319.524999999998,-11445.84,-4352.04
-10881.494999999999,-11535.164999999999,-21879.45,-6295.365,350.955,-29344.815,-11464.605,-4363.335
-10865.205,-11506.185,-21814.29,-6237.495,387.315,-29331.765,-11471.58,-4352.58
-10852.47,-11497.275,-21829.41,-6283.8,365.53499999999997,-29348.954999999998,-11473.515,-4345.605
-10859.715,-11521.755,-21889.35,-6347.969999999999,309.015,-29382.524999999998,-11485.619999999999,-4350.69
-10860.57,-11518.695,-21863.34,-6317.01,360.495,-29336.445,-11485.529999999999,-4356.99
-10836.72,-11522.205,-21889.89,-6350.94,288.45,-29353.454999999998,-11463.39,-4337.055
-10849.32,-11518.199999999999,-21903.524999999998,-6387.929999999999,266.84999999999997,-29357.954999999998,-11450.295,-4341.78
-10875.689999999999,-11542.14,-21905.37,-6390.945,274.09499999999997,-29371.094999999998,-11467.395,-4367.34
-10880.73,-11484.18,-21829.32,-6312.6449999999995,324.135,-29382.3,-11482.56,-4400.73
-10893.375,-11460.779999999999,-21794.129999999997,-6254.594999999999,384.57,-29353.23,-11485.529999999999,-4446.09
-10904.939999999999,-11472.48,-21817.934999999998,-6247.62,426.10499999999996,-29320.515,-11474.64,-4464.179999999999
-10887.66,-11495.295,-21836.43,-6335.55,345.735,-29335.545,-11465.73,-4406.355
-10853.145,-11524.14,-21906.18,-6427.665,227.07,-29364.344999999998,-11471.22,-4357.889999999999
-10857.779999999999,-11592.314999999999,-21971.925,-6513.165,118.21499999999999,-29446.515,-11514.015,-4344.66
-10852.199999999999,-11520.72,-21891.555,-6390.764999999999,267.57,-29399.175,-11514.689999999999,-4354.065
-10888.199999999999,-11511.135,-21842.37,-6242.804999999999,474.255,-29264.94,-11462.22,-4388.49
-10869.75,-11529.855,-21856.32,-6216.12,443.78999999999996,-29271.78,-11448.359999999999,-4400.1449999999995
-10827.855,-11425.5,-21787.92,-6231.24,385.695,-29300.67,-11458.845,-4398.4349999999995
-10829.654999999999,-11376.81,-21703.094999999998,-6204.195,378.945,-29321.19,-11463.615,-4378.724999999999
-10850.805,-11443.994999999999,-21786.075,-6302.969999999999,343.16999999999996,-29341.754999999997,-11479.455,-4395.6449999999995
-10953.855,-11538.27,-21879.45,-6338.79,353.655,-29358.045,-11480.58,-4501.304999999999
-10972.35,-11538.045,-21844.305,-6248.385,449.19,-29304.495,-11438.369999999999,-4473.945
-10949.67,-11543.85,-21841.875,-6248.745,402.03,-29321.774999999998,-11434.68,-4394.16
-10935.72,-11577.105,-21914.19,-6362.28,307.575,-29366.64,-11486.25,-4382.955
-10897.74,-11560.545,-21917.79,-6399.495,273.96,-29379.149999999998,-11495.205,-4327.74
-10825.74,-11556.27,-21936.915,-6422.94,202.36499999999998,-29405.295,-11485.935,-4212.18
-10811.789999999999,-11552.13,-21939.57,-6421.05,157.725,-29443.094999999998,-11501.369999999999,-4202.775
-10849.365,-11585.744999999999,-21974.399999999998,-6456.465,165.64499999999998,-29437.469999999998,-11507.31,-4266.855
-10888.965,-11574.81,-21953.52,-6430.59,245.385,-29429.414999999997,-11497.68,-4334.8949999999995
-10901.699999999999,-11542.005,-21889.62,-6352.83,352.03499999999997,-29343.825,-11470.5,-4372.514999999999
-10858.005,-11498.895,-21859.155,-6339.6449999999995,317.565,-29351.16,-11464.47,-4343.58
-10844.595,-11515.68,-21882.87,-6323.8949999999995,352.44,-29328.57,-11451.645,-4315.545
-10839.914999999999,-11517.75,-21880.395,-6350.4,332.055,-29361.239999999998,-11470.77,-4307.8949999999995
-10848.779999999999,-11538.81,-21894.39,-6370.155,259.74,-29438.864999999998,-11500.56,-4327.2
-10868.805,-11553.39,-21909.915,-6348.554999999999,288.045,-29458.395,-11508.66,-4350.15
-10865.789999999999,-11509.605,-21896.28,-6359.445,313.695,-29422.934999999998,-11510.505,-4351.905
-10862.73,-11518.244999999999,-21927.915,-6378.255,328.365,-29343.239999999998,-11484.494999999999,-4344.48
-10860.164999999999,-11520.18,-21901.184999999998,-6345.179999999999,391.40999999999997,-29286.045,-11460.195,-4344.525
-10869.975,-11511.72,-21837.195,-6318.9,381.06,-29234.16,-11436.164999999999,-4361.264999999999
-10887.75,-11531.97,-21862.665,-6321.6449999999995,319.77,-29267.954999999998,-11439.494999999999,-4374.945
-10883.475,-11498.85,-21843.989999999998,-6332.355,281.07,-29353.094999999998,-11468.25,-4374.72
-10866.689999999999,-11527.92,-21883.32,-6370.155,257.03999999999996,-29392.515,-11478.824999999999,-4348.755
-10864.439999999999,-11516.039999999999,-21872.879999999997,-6362.6849999999995,254.92499999999998,-29385.585,-11478.689999999999,-4358.88
-10870.785,-11538.09,-21868.605,-6336.63,293.58,-29366.954999999998,-11485.755,-4396.545
-10880.369999999999,-11532.555,-21863.79,-6276.96,405.765,-29308.23,-11472.435,-4410.675
-10905.84,-11526.615,-21880.844999999998,-6296.94,400.59,-29312.1,-11477.52,-4404.6449999999995
-10875.195,-11535.885,-21886.065,-6364.844999999999,319.40999999999997,-29358.719999999998,-11487.465,-4322.5199999999995
-10844.414999999999,-11494.755,-21872.879999999997,-6417.764999999999,260.90999999999997,-29400.39,-11502.539999999999,-4318.425
-10834.38,-11471.49,-21868.335,-6426.36,179.91,-29450.789999999997,-11516.535,-4354.065
-10853.775,-11446.335,-21837.105,-6387.344999999999,206.01,-29444.355,-11531.295,-4394.474999999999
-10866.15,-11478.645,-21844.62,-6321.51,323.28,-29371.635,-11517.66,-4387.815
-10881.135,-11527.695,-21876.975,-6318.99,332.145,-29330.684999999998,-11472.39,-4351.32
-10897.199999999999,-11563.244999999999,-21905.64,-6335.82,312.57,-29314.754999999997,-11445.705,-4344.57
-10895.49,-11546.369999999999,-21896.1,-6317.325,360.71999999999997,-29310.075,-11458.98,-4394.745
-10898.369999999999,-11502.539999999999,-21833.1,-6256.844999999999,443.07,-29309.265,-11484.855,-4449.33
-10874.43,-11461.32,-21802.14,-6260.67,442.26,-29336.805,-11508.93,-4451.715
-10879.199999999999,-11476.529999999999,-21811.545,-6264.719999999999,392.13,-29346.795,-11491.695,-4415.49
-10950.93,-11539.529999999999,-21857.579999999998,-6286.005,380.7,-29355.344999999998,-11501.279999999999,-4450.455
-10922.895,-11535.705,-21868.605,-6302.34,354.195,-29380.454999999998,-11515.904999999999,-4463.595
-10929.465,-11507.085,-21842.954999999998,-6297.66,359.28,-29342.295,-11500.74,-4479.84
-10912.814999999999,-11546.55,-21901.094999999998,-6363.855,300.78,-29382.524999999998,-11503.08,-4376.205
-10857.645,-11585.115,-21972.329999999998,-6428.61,245.655,-29447.73,-11511.0,-4277.25
-10805.895,-11541.555,-21914.1,-6343.605,343.935,-29373.885,-11464.56,-4248.72
-10835.955,-11515.904999999999,-21873.915,-6309.405,365.085,-29337.03,-11457.135,-4311.72
-10870.425,-11473.244999999999,-21823.29,-6300.855,371.96999999999997,-29334.96,-11471.715,-4328.19
-10884.42,-11545.425,-21899.34,-6370.2,296.59499999999997,-29364.39,-11483.234999999999,-4306.59
-10876.545,-11564.595,-21925.485,-6404.3099999999995,254.745,-29406.51,-11496.375,-4316.985
-10883.789999999999,-11555.324999999999,-21932.145,-6394.365,274.32,-29383.515,-11492.055,-4344.795
-10890.135,-11516.625,-21850.695,-6305.804999999999,343.575,-29307.015,-11462.265,-4365.8099999999995
-10853.279999999999,-11518.154999999999,-21908.16,-6381.63,273.15,-29369.07,-11485.664999999999,-4354.38
-10848.824999999999,-11565.675,-21980.34,-6441.344999999999,243.89999999999998,-29390.039999999997,-11498.4,-4345.38
-10883.97,-11581.47,-21966.254999999997,-6411.509999999999,319.32,-29332.62,-11494.71,-4374.045
-10875.465,-11517.119999999999,-21856.545,-6326.054999999999,359.09999999999997,-29305.754999999997,-11457.045,-4366.26
-10850.31,-11467.395,-21824.415,-6360.4349999999995,247.27499999999998,-29438.504999999997,-11491.83,-4348.62
-10839.645,-11492.865,-21858.93,-6337.125,325.66499999999996,-29405.114999999998,-11493.494999999999,-4327.38
-10875.96,-11582.505,-21912.39,-6373.98,349.60499999999996,-29320.245,-11476.484999999999,-4331.115
-10893.24,-11560.185,-21901.23,-6384.78,316.305,-29295.405,-11465.595,-4350.69
-10879.064999999999,-11538.225,-21906.54,-6368.4,301.185,-29372.265,-11484.314999999999,-4335.93
-10873.215,-11532.24,-21900.149999999998,-6341.625,308.88,-29410.155,-11496.555,-4342.724999999999
-10875.375,-11521.755,-21891.42,-6325.965,310.95,-29416.95,-11508.885,-4358.474999999999
-10883.34,-11541.105,-21913.155,-6366.554999999999,290.61,-29421.855,-11515.5,-4363.47
-10876.14,-11515.14,-21876.614999999998,-6367.815,273.33,-29380.5,-11492.73,-4359.915
-10869.21,-11519.279999999999,-21886.515,-6379.065,270.0,-29356.739999999998,-11481.57,-4350.735
-10868.31,-11511.135,-21886.829999999998,-6427.71,214.56,-29400.885,-11511.494999999999,-4353.84
-10873.395,-11519.055,-21886.11,-6401.835,200.295,-29392.649999999998,-11508.48,-4357.215
-10881.765,-11555.414999999999,-21906.629999999997,-6386.715,239.89499999999998,-29368.71,-11482.47,-4359.0599999999995
-10864.215,-11523.015,-21912.254999999997,-6413.13,229.995,-29388.059999999998,-11496.779999999999,-4361.13
-10851.39,-11466.99,-21818.114999999998,-6249.51,357.705,-29347.695,-11497.814999999999,-4391.6849999999995
-10880.82,-11421.314999999999,-21722.85,-6163.2,463.85999999999996,-29358.27,-11515.904999999999,-4477.23
-10903.545,-11440.215,-21750.704999999998,-6182.054999999999,528.39,-29311.11,-11509.38,-4526.865
-10899.765,-11484.675,-21811.635,-6254.865,475.28999999999996,-29282.129999999997,-11480.265,-4417.065
-10839.645,-11531.025,-21877.155,-6331.995,327.06,-29342.25,-11480.805,-4253.76
-10867.23,-11545.875,-21899.745,-6354.179999999999,279.675,-29373.03,-11492.414999999999,-4311.045
-10892.52,-11531.925,-21896.415,-6360.4349999999995,309.87,-29321.64,-11467.89,-4383.9
-10912.23,-11509.515,-21857.129999999997,-6305.76,381.735,-29279.34,-11460.42,-4452.03
-10898.055,-11508.795,-21843.045,-6262.83,409.635,-29314.035,-11476.395,-4460.804999999999
-10894.904999999999,-11524.365,-21864.329999999998,-6272.639999999999,431.01,-29313.0,-11477.295,-4429.53
-10877.85,-11477.564999999999,-21833.954999999998,-6279.12,417.41999999999996,-29293.11,-11462.805,-4367.16
-10865.564999999999,-11540.88,-21901.815,-6368.445,286.2,-29350.44,-11466.27,-4312.98
-10867.59,-11562.3,-21950.504999999997,-6420.014999999999,240.66,-29389.004999999997,-11497.68,-4348.215
-10877.4,-11566.26,-21963.239999999998,-6466.365,182.11499999999998,-29447.235,-11519.64,-4349.43
-10825.74,-11481.119999999999,-21839.715,-6393.554999999999,223.605,-29481.03,-11532.689999999999,-4279.32
-10841.939999999999,-11511.404999999999,-21893.129999999997,-6361.155,325.8,-29427.614999999998,-11509.289999999999,-4281.705
-10873.17,-11553.75,-21890.16,-6284.835,421.02,-29324.7,-11484.135,-4309.29
-10864.125,-11524.949999999999,-21870.225,-6290.55,368.28,-29319.75,-11472.255,-4333.1849999999995
-10872.855,-11516.895,-21851.1,-6298.875,386.01,-29288.655,-11464.965,-4356.405
-10860.164999999999,-11522.789999999999,-21883.815,-6320.205,408.195,-29302.739999999998,-11470.59,-4330.62
-10873.935,-11550.285,-21927.465,-6390.09,295.83,-29396.114999999998,-11494.98,-4323.96
-10893.734999999999,-11585.115,-21952.395,-6413.8949999999995,241.92,-29439.629999999997,-11510.324999999999,-4355.73
-10894.68,-11607.93,-21965.129999999997,-6402.6449999999995,228.825,-29408.895,-11497.455,-4377.33
-10848.914999999999,-11559.15,-21924.989999999998,-6378.705,298.755,-29365.155,-11491.064999999999,-4353.21
-10849.994999999999,-11463.75,-21849.254999999997,-6359.3099999999995,374.895,-29317.41,-11485.395,-4338.99
-10856.88,-11515.725,-21895.469999999998,-6371.505,357.47999999999996,-29338.02,-11489.265,-4315.59
-10879.515,-11520.855,-21854.745,-6306.3,296.41499999999996,-29354.805,-11499.255,-4345.0199999999995
-10857.51,-11490.705,-21846.105,-6328.08,289.34999999999997,-29399.399999999998,-11520.449999999999,-4357.62
-10882.395,-11508.164999999999,-21902.76,-6402.6449999999995,245.16,-29478.914999999997,-11547.314999999999,-4392.315
-10911.06,-11526.615,-21919.23,-6405.255,252.405,-29499.57,-11558.789999999999,-4420.26
-10896.57,-11535.029999999999,-21904.379999999997,-6407.594999999999,255.195,-29408.265,-11524.455,-4403.16
-10891.89,-11612.16,-21962.655,-6448.7699999999995,178.695,-29337.75,-11451.96,-4341.014999999999
-10879.02,-11545.154999999999,-21893.445,-6373.304999999999,186.20999999999998,-29353.545,-11471.805,-4349.565
-10891.755,-11474.865,-21782.879999999997,-6297.705,277.46999999999997,-29338.289999999997,-11514.42,-4397.805
-10891.89,-11495.744999999999,-21812.85,-6272.054999999999,369.63,-29315.61,-11519.91,-4408.11
-10854.72,-11502.18,-21857.985,-6313.005,340.245,-29388.555,-11501.369999999999,-4334.264999999999
-10830.914999999999,-11526.57,-21890.925,-6366.915,236.16,-29416.59,-11498.039999999999,-4306.365
-10873.8,-11536.38,-21907.665,-6376.7699999999995,261.855,-29369.204999999998,-11491.38,-4348.845
-10872.494999999999,-11507.13,-21875.985,-6332.94,341.55,-29362.32,-11497.41,-4365.72
-10885.77,-11498.895,-21846.825,-6303.33,394.065,-29374.155,-11515.949999999999,-4420.305
-10919.789999999999,-11515.455,-21860.64,-6309.54,392.84999999999997,-29359.079999999998,-11517.57,-4474.889999999999
-10942.695,-11510.505,-21852.765,-6285.15,442.84499999999997,-29272.635,-11484.27,-4519.304999999999
-10959.795,-11491.605,-21821.67,-6258.96,468.18,-29260.664999999997,-11472.3,-4536.36
-10959.164999999999,-11508.029999999999,-21845.16,-6288.03,422.23499999999996,-29311.245,-11501.324999999999,-4507.514999999999
-10877.715,-11564.865,-21935.114999999998,-6351.795,337.22999999999996,-29353.5,-11498.939999999999,-4309.695
-10799.91,-11585.295,-21958.2,-6396.57,278.955,-29355.84,-11483.73,-4175.19
-10769.4,-11505.105,-21894.434999999998,-6386.445,296.90999999999997,-29341.8,-11476.89,-4216.1849999999995
-10799.19,-11432.16,-21797.594999999998,-6290.73,402.84,-29301.524999999998,-11474.414999999999,-4311.855
-10821.914999999999,-11445.57,-21789.495,-6263.82,425.29499999999996,-29293.649999999998,-11477.025,-4355.82
-10865.789999999999,-11501.91,-21835.44,-6311.655,367.02,-29293.605,-11479.275,-4355.73
-10875.105,-11573.279999999999,-21933.18,-6397.695,297.585,-29357.954999999998,-11496.689999999999,-4300.74
-10877.85,-11582.01,-21951.27,-6404.445,264.375,-29424.329999999998,-11515.77,-4276.575
-10894.32,-11573.64,-21931.335,-6372.45,268.74,-29437.155,-11527.02,-4322.5199999999995
-10876.814999999999,-11523.33,-21886.739999999998,-6358.679999999999,288.63,-29417.085,-11520.765,-4334.085
-10879.605,-11560.185,-21904.02,-6353.91,301.77,-29396.024999999998,-11512.89,-4335.255
-10874.385,-11583.27,-21923.28,-6369.48,287.19,-29424.105,-11533.275,-4340.745
-10859.13,-11525.22,-21908.25,-6374.5199999999995,269.775,-29464.965,-11552.715,-4339.26
-10858.904999999999,-11491.109999999999,-21874.23,-6375.78,255.915,-29438.64,-11536.785,-4342.005
-10892.43,-11547.855,-21890.295,-6363.135,292.815,-29337.21,-11502.99,-4366.125
-10896.84,-11559.06,-21883.05,-6352.65,285.03,-29304.405,-11501.595,-4373.415
-10867.455,-11517.84,-21854.385,-6282.224999999999,368.82,-29301.434999999998,-11489.31,-4355.01
-10860.975,-11485.664999999999,-21878.954999999998,-6329.655,398.745,-29342.61,-11486.34,-4359.69
-10876.904999999999,-11499.615,-21865.454999999998,-6336.495,404.865,-29323.26,-11480.58,-4374.2699999999995
-10879.154999999999,-11502.359999999999,-21904.245,-6400.17,250.2,-29356.065,-11499.615,-4367.88
-10893.645,-11575.98,-21977.954999999998,-6470.639999999999,162.495,-29386.395,-11515.455,-4374.045
-10896.885,-11575.035,-21931.605,-6428.205,240.03,-29405.295,-11526.119999999999,-4381.47
-10866.24,-11505.689999999999,-21912.57,-6428.07,284.84999999999997,-29405.114999999998,-11514.914999999999,-4346.055
-10851.029999999999,-11482.65,-21889.8,-6404.535,293.35499999999996,-29398.32,-11517.93,-4354.065
-10870.064999999999,-11493.449999999999,-21856.094999999998,-6337.215,333.315,-29347.605,-11518.74,-4397.445
-10869.255,-11488.23,-21794.265,-6204.0599999999995,430.065,-29314.079999999998,-11504.789999999999,-4390.2
-10880.955,-11509.74,-21825.09,-6215.535,413.505,-29315.34,-11488.005,-4374.224999999999
-10877.49,-11492.145,-21831.614999999998,-6291.179999999999,365.35499999999996,-29386.215,-11510.1,-4368.0599999999995
-10891.98,-11492.1,-21841.245,-6336.045,363.06,-29406.239999999998,-11535.435,-4422.69
-10906.289999999999,-11496.33,-21844.53,-6338.745,349.91999999999996,-29398.32,-11546.279999999999,-4441.275
-10894.904999999999,-11505.645,-21837.195,-6279.929999999999,396.53999999999996,-29381.715,-11548.395,-4398.57
-10915.289999999999,-11502.09,-21840.795,-6253.5599999999995,417.87,-29357.954999999998,-11558.925,-4439.474999999999
-10920.645,-11555.505,-21915.045,-6347.295,317.295,-29327.489999999998,-11536.335,-4404.195
-10864.08,-11544.615,-21912.39,-6374.25,282.42,-29347.829999999998,-11520.225,-4328.19
-10875.914999999999,-11535.48,-21881.07,-6350.355,301.40999999999997,-29371.545,-11509.965,-4342.59
-10840.949999999999,-11511.135,-21866.625,-6323.94,323.55,-29387.835,-11508.39,-4278.33
-10811.52,-11479.904999999999,-21847.364999999998,-6316.965,297.315,-29396.52,-11510.865,-4279.365
-10857.06,-11516.265,-21885.704999999998,-6345.855,259.83,-29396.25,-11510.685,-4341.285
-10909.845,-11541.42,-21898.89,-6355.98,299.34,-29366.01,-11521.89,-4414.23
-10891.71,-11557.98,-21888.855,-6327.09,352.08,-29357.37,-11521.439999999999,-4383.09
-10837.845,-11499.119999999999,-21868.829999999998,-6337.889999999999,325.8,-29342.385,-11513.205,-4314.375
-10820.295,-11456.865,-21827.16,-6320.79,321.93,-29369.114999999998,-11520.539999999999,-4308.3
-10824.705,-11462.31,-21822.3,-6305.49,314.505,-29442.555,-11545.875,-4327.11
-10846.26,-11488.32,-21840.704999999998,-6299.775,324.405,-29419.829999999998,-11537.46,-4341.42
-10861.154999999999,-11530.89,-21901.004999999997,-6375.195,271.125,-29343.195,-11508.615,-4317.12
-10874.789999999999,-11592.81,-21980.745,-6441.84,215.95499999999998,-29394.855,-11527.92,-4314.915
-10919.115,-11599.515,-21960.0,-6424.2,229.95,-29450.43,-11559.285,-4360.365
-10921.5,-11606.805,-21982.905,-6429.87,307.26,-29395.485,-11544.119999999999,-4372.965
-10904.039999999999,-11540.97,-21901.364999999998,-6363.585,371.205,-29348.82,-11522.43,-4375.98
-10893.195,-11541.96,-21916.62,-6372.764999999999,294.255,-29356.829999999998,-11528.82,-4391.37
-10891.17,-11548.529999999999,-21914.235,-6380.505,217.215,-29365.469999999998,-11531.564999999999,-4370.04
-10883.295,-11545.83,-21899.879999999997,-6374.385,208.48499999999999,-29374.335,-11528.055,-4329.585
-10858.365,-11532.465,-21900.105,-6381.719999999999,297.585,-29367.27,-11528.82,-4303.845
-10873.845,-11511.855,-21854.969999999998,-6310.08,404.775,-29365.245,-11522.654999999999,-4349.565
-10902.015,-11496.42,-21834.225,-6295.23,392.21999999999997,-29339.325,-11524.994999999999,-4412.835
-10903.005,-11493.135,-21869.504999999997,-6409.44,247.005,-29386.664999999997,-11553.119999999999,-4436.19
-10899.449999999999,-11583.18,-21995.415,-6505.155,182.43,-29444.085,-11541.555,-4393.62
-10867.14,-11565.314999999999,-21950.82,-6442.65,315.71999999999997,-29447.28,-11536.289999999999,-4295.295
-10848.914999999999,-11529.765,-21873.735,-6328.62,404.37,-29434.004999999997,-11541.645,-4284.99
-10860.615,-11527.695,-21849.48,-6283.44,350.28,-29377.44,-11527.47,-4337.595
-10863.09,-11542.275,-21880.665,-6295.365,370.62,-29320.875,-11517.705,-4377.599999999999
-10876.455,-11497.185,-21831.344999999998,-6273.945,399.87,-29221.92,-11502.314999999999,-4418.775
-10921.095,-11493.585,-21814.155,-6288.344999999999,421.155,-29210.175,-11516.355,-4470.345
-10923.48,-11490.525,-21869.91,-6392.745,335.655,-29341.98,-11543.939999999999,-4437.54
-10940.85,-11511.18,-21877.02,-6392.16,290.47499999999997,-29426.129999999997,-11570.939999999999,-4442.58
-10896.074999999999,-11529.0,-21858.03,-6291.2699999999995,331.78499999999997,-29378.565,-11529.63,-4358.16
-10867.455,-11542.949999999999,-21851.684999999998,-6226.83,340.11,-29382.795,-11522.115,-4293.045
-10837.215,-11515.365,-21869.55,-6325.155,277.02,-29426.67,-11539.619999999999,-4285.125
-10841.445,-11489.039999999999,-21846.195,-6325.514999999999,325.26,-29378.34,-11530.26,-4350.105
-10869.84,-11485.71,-21830.895,-6256.44,438.47999999999996,-29301.12,-11504.115,-4415.445
-10843.244999999999,-11463.39,-21811.995,-6238.665,417.33,-29309.129999999997,-11507.939999999999,-4373.865
-10846.755,-11492.324999999999,-21837.195,-6284.835,353.96999999999997,-29407.545,-11545.335,-4303.889999999999
-10846.08,-11525.58,-21886.92,-6342.4349999999995,323.685,-29449.35,-11565.18,-4287.87
-10865.34,-11526.029999999999,-21891.735,-6354.99,330.57,-29413.35,-11554.38,-4330.08
-10917.99,-11566.035,-21906.18,-6352.11,335.96999999999997,-29366.594999999998,-11539.89,-4379.805
-10923.93,-11559.195,-21911.129999999997,-6345.495,317.205,-29375.19,-11564.82,-4415.715
-10887.705,-11509.92,-21874.77,-6364.17,262.755,-29481.75,-11603.07,-4378.7699999999995
-10850.984999999999,-11512.8,-21884.04,-6365.5199999999995,261.9,-29488.23,-11592.539999999999,-4318.965
-10865.564999999999,-11526.345,-21861.27,-6318.63,309.69,-29407.995,-11544.705,-4330.08
-10862.955,-11509.515,-21852.54,-6305.94,326.34,-29361.285,-11532.24,-4332.96
-10841.22,-11502.72,-21863.565,-6333.255,324.495,-29347.155,-11516.13,-4303.125
-10847.25,-11532.285,-21915.45,-6395.804999999999,322.74,-29317.725,-11497.725,-4291.83
-10901.025,-11597.039999999999,-21981.825,-6434.28,287.955,-29368.89,-11527.515,-4342.23
-10884.734999999999,-11565.359999999999,-21922.11,-6412.094999999999,222.435,-29392.02,-11537.055,-4336.2
-10868.58,-11562.615,-21983.895,-6509.115,148.32,-29421.27,-11541.645,-4329.45
-10870.695,-11546.279999999999,-21953.745,-6436.44,237.64499999999998,-29433.239999999998,-11539.08,-4349.43
-10906.695,-11524.41,-21850.559999999998,-6275.429999999999,410.35499999999996,-29366.64,-11530.8,-4409.37
-10925.775,-11539.89,-21864.105,-6263.91,444.73499999999996,-29338.245,-11541.195,-4456.53
-10909.125,-11558.52,-21903.254999999997,-6299.91,419.84999999999997,-29325.42,-11539.529999999999,-4436.054999999999
-10856.43,-11509.064999999999,-21886.245,-6325.29,366.93,-29364.66,-11535.795,-4345.605
-10844.91,-11460.734999999999,-21813.39,-6295.23,348.57,-29353.004999999997,-11516.49,-4319.325
-10856.564999999999,-11538.539999999999,-21882.015,-6331.679999999999,318.555,-29319.75,-11499.39,-4316.535
-10882.17,-11559.285,-21889.8,-6330.6449999999995,326.96999999999997,-29346.93,-11521.17,-4324.05
-10862.73,-11514.06,-21861.629999999997,-6352.785,300.825,-29397.87,-11536.154999999999,-4319.415
-10861.605,-11499.885,-21872.52,-6347.025,316.755,-29418.344999999998,-11547.539999999999,-4336.514999999999
-10879.605,-11532.15,-21903.39,-6346.304999999999,345.33,-29397.6,-11538.72,-4349.474999999999
-10882.305,-11520.539999999999,-21871.26,-6344.639999999999,344.29499999999996,-29378.969999999998,-11542.275,-4357.98
-10897.92,-11500.74,-21826.17,-6321.599999999999,305.28,-29368.53,-11540.385,-4395.33
-10865.609999999999,-11471.039999999999,-21834.945,-6307.695,276.12,-29386.53,-11538.18,-4380.615
-10868.4,-11509.605,-21895.515,-6382.98,241.605,-29375.145,-11548.08,-4347.405
-10873.26,-11558.115,-21952.98,-6423.795,258.12,-29395.125,-11556.81,-4302.09
-10885.77,-11574.09,-21959.415,-6379.335,319.455,-29354.265,-11539.305,-4321.305
-10895.49,-11551.949999999999,-21875.535,-6311.969999999999,370.755,-29340.945,-11547.225,-4351.68
-10880.1,-11525.175,-21843.045,-6303.69,373.185,-29350.125,-11550.465,-4361.22
-10866.869999999999,-11517.164999999999,-21849.795,-6284.295,373.635,-29351.52,-11535.48,-4371.93
-10886.895,-11482.109999999999,-21826.844999999998,-6292.08,286.02,-29352.914999999997,-11535.57,-4409.415
-10924.154999999999,-11506.275,-21854.024999999998,-6320.5199999999995,290.43,-29363.445,-11542.859999999999,-4450.679999999999
-10921.365,-11546.145,-21903.75,-6352.5599999999995,346.905,-29356.739999999998,-11539.395,-4418.639999999999
-10901.925,-11546.955,-21898.17,-6327.63,400.68,-29367.539999999997,-11529.72,-4343.04
-10839.914999999999,-11503.8,-21863.969999999998,-6305.445,384.79499999999996,-29398.32,-11541.689999999999,-4279.365
-10831.77,-11463.119999999999,-21811.5,-6258.014999999999,416.07,-29360.835,-11545.47,-4337.955
-10857.869999999999,-11449.574999999999,-21794.265,-6256.215,383.445,-29355.84,-11547.99,-4408.29
-10866.779999999999,-11464.605,-21820.004999999997,-6280.065,369.135,-29345.67,-11538.135,-4414.05
-10912.814999999999,-11543.265,-21904.875,-6378.4349999999995,267.34499999999997,-29406.105,-11555.189999999999,-4386.87
-10944.765,-11601.855,-21955.094999999998,-6458.67,191.88,-29413.44,-11563.74,-4346.595
-10868.445,-11556.539999999999,-21914.774999999998,-6417.9,228.825,-29372.715,-11554.02,-4320.63
-10858.455,-11510.055,-21846.69,-6280.245,369.36,-29386.98,-11561.984999999999,-4383.09
-10877.58,-11484.045,-21826.215,-6264.585,405.35999999999996,-29386.305,-11556.765,-4407.21
-10900.664999999999,-11505.869999999999,-21857.129999999997,-6330.6449999999995,395.235,-29375.325,-11538.72,-4368.87
-10855.17,-11503.395,-21880.305,-6364.485,360.18,-29367.989999999998,-11531.744999999999,-4324.724999999999
-10836.09,-11517.074999999999,-21898.395,-6371.37,278.64,-29384.684999999998,-11529.765,-4317.93
-10856.699999999999,-11519.145,-21893.625,-6373.485,233.415,-29347.92,-11513.609999999999,-4336.38
-10879.244999999999,-11537.189999999999,-21904.739999999998,-6392.429999999999,284.985,-29328.93,-11515.14,-4344.615
-10896.75,-11599.965,-21911.579999999998,-6311.205,406.755,-29335.23,-11523.869999999999,-4328.099999999999
-10885.095,-11587.095,-21927.059999999998,-6309.675,386.82,-29365.065,-11529.855,-4313.16
-10870.875,-11547.9,-21950.55,-6389.28,314.055,-29410.379999999997,-11541.824999999999,-4292.73
-10845.9,-11514.33,-21927.69,-6369.03,330.97499999999997,-29393.414999999997,-11538.494999999999,-4287.735
-10850.355,-11497.455,-21858.03,-6312.014999999999,362.835,-29369.879999999997,-11535.39,-4326.48
-10904.58,-11532.645,-21864.42,-6301.08,352.755,-29362.815,-11539.845,-4424.355
-10942.38,-11509.064999999999,-21814.425,-6283.665,316.97999999999996,-29377.62,-11563.74,-4456.17
-10928.52,-11542.185,-21883.77,-6344.505,268.38,-29401.785,-11569.14,-4371.525
-10856.52,-11540.295,-21911.895,-6418.71,213.48,-29448.315,-11572.38,-4270.68
-10868.13,-11554.064999999999,-21948.03,-6425.28,291.33,-29452.95,-11580.705,-4315.68
-10874.34,-11529.585,-21892.815,-6344.955,401.895,-29369.879999999997,-11559.869999999999,-4340.205
-10884.51,-11532.195,-21881.745,-6329.655,353.25,-29316.645,-11518.335,-4332.78
-10871.775,-11538.855,-21890.385,-6391.259999999999,237.42,-29417.445,-11532.15,-4312.665
-10868.49,-11551.32,-21914.325,-6377.085,290.52,-29392.515,-11530.574999999999,-4313.88
-10896.119999999999,-11581.154999999999,-21936.105,-6373.62,288.85499999999996,-29372.579999999998,-11525.984999999999,-4343.355
-10881.404999999999,-11523.42,-21861.765,-6338.565,293.13,-29395.035,-11550.869999999999,-4349.97
-10871.865,-11500.064999999999,-21854.565,-6319.035,320.895,-29419.245,-11564.324999999999,-4348.71
-10860.255,-11508.66,-21875.67,-6326.28,310.32,-29406.42,-11545.47,-4334.04
-10879.695,-11511.855,-21871.44,-6328.3949999999995,343.935,-29353.41,-11532.51,-4346.82
-10868.895,-11497.59,-21851.37,-6333.12,383.21999999999997,-29325.914999999997,-11527.83,-4340.385
-10866.869999999999,-11516.13,-21891.329999999998,-6383.925,363.28499999999997,-29328.75,-11527.47,-4337.82
-10872.494999999999,-11520.585,-21900.915,-6375.96,367.875,-29344.59,-11538.18,-4346.055
-10868.265,-11502.0,-21848.625,-6326.82,380.835,-29354.715,-11541.465,-4346.01
-10863.225,-11487.555,-21832.29,-6271.605,395.505,-29345.445,-11540.609999999999,-4344.57
-10870.425,-11505.689999999999,-21857.489999999998,-6295.679999999999,349.155,-29377.395,-11545.064999999999,-4346.595
-10878.119999999999,-11507.085,-21837.329999999998,-6271.92,340.335,-29370.059999999998,-11545.56,-4351.41
-10879.02,-11509.109999999999,-21841.829999999998,-6296.804999999999,308.745,-29367.405,-11541.645,-4351.41
-10875.869999999999,-11518.605,-21872.565,-6332.804999999999,280.71,-29374.829999999998,-11539.035,-4347.855
-10875.689999999999,-11520.045,-21893.04,-6362.73,286.335,-29366.82,-11544.75,-4352.264999999999
-10877.805,-11517.57,-21881.835,-6328.44,346.815,-29366.01,-11541.555,-4356.405
-10868.13,-11528.414999999999,-21892.59,-6316.785,349.91999999999996,-29415.96,-11543.805,-4349.79
-10872.0,-11562.84,-21890.114999999998,-6313.094999999999,369.945,-29365.245,-11530.664999999999,-4351.005
-10864.8,-11503.529999999999,-21856.454999999998,-6307.065,375.435,-29343.015,-11534.039999999999,-4353.57
-10877.085,-11466.494999999999,-21811.05,-6282.0,360.495,-29348.73,-11541.689999999999,-4382.955
-10879.02,-11501.505,-21852.945,-6299.91,347.4,-29363.985,-11535.615,-4401.99
-10905.525,-11582.955,-21925.17,-6349.365,334.935,-29373.48,-11535.21,-4425.705
-10919.295,-11551.904999999999,-21898.89,-6330.554999999999,372.375,-29366.82,-11541.824999999999,-4405.41
-10900.305,-11524.814999999999,-21866.489999999998,-6306.075,381.78,-29373.03,-11548.215,-4360.545
-10875.51,-11537.369999999999,-21912.885,-6346.26,349.2,-29359.934999999998,-11547.494999999999,-4386.78
-10873.529999999999,-11495.475,-21883.364999999998,-6338.295,344.745,-29316.285,-11537.82,-4415.264999999999
-10926.765,-11484.045,-21775.05,-6237.99,407.43,-29300.489999999998,-11534.22,-4451.04
-10889.189999999999,-11507.805,-21840.48,-6294.69,351.22499999999997,-29370.6,-11540.654999999999,-4354.245
-10911.51,-11556.225,-21914.504999999997,-6377.04,296.41499999999996,-29418.614999999998,-11568.285,-4339.349999999999
-10901.609999999999,-11585.835,-21958.155,-6403.094999999999,277.60499999999996,-29402.19,-11565.359999999999,-4337.955
-10837.215,-11559.779999999999,-21955.68,-6414.12,277.11,-29410.739999999998,-11553.029999999999,-4270.545
-10842.975,-11464.92,-21828.69,-6283.44,391.59,-29358.989999999998,-11556.449999999999,-4349.97
-10859.67,-11469.869999999999,-21839.355,-6326.82,389.61,-29363.76,-11565.99,-4380.165
-10872.81,-11519.01,-21908.34,-6412.905,309.10499999999996,-29419.11,-11560.41,-4318.695
-10875.824999999999,-11559.51,-21950.055,-6469.0199999999995,170.45999999999998,-29512.17,-11567.835,-4270.139999999999
-10876.05,-11554.199999999999,-21900.915,-6407.19,125.82,-29529.045,-11585.52,-4329.224999999999
-10890.225,-11510.145,-21847.004999999997,-6336.54,245.42999999999998,-29469.645,-11601.27,-4387.32
-10923.39,-11511.81,-21844.44,-6276.014999999999,417.195,-29394.45,-11590.47,-4404.465
-10902.375,-11537.189999999999,-21871.395,-6279.389999999999,498.825,-29334.329999999998,-11557.035,-4341.555
-10825.109999999999,-11481.84,-21808.754999999997,-6251.355,428.66999999999996,-29398.23,-11535.435,-4262.94
-10814.13,-11482.515,-21827.879999999997,-6250.1849999999995,402.12,-29394.135,-11532.375,-4278.915
-10819.305,-11516.58,-21877.245,-6323.445,344.655,-29387.835,-11530.619999999999,-4290.84
-10880.055,-11548.26,-21919.14,-6418.08,221.4,-29472.614999999998,-11582.055,-4361.535
-10944.81,-11562.75,-21932.46,-6407.73,215.23499999999999,-29403.405,-11579.31,-4460.535
-10964.43,-11530.305,-21901.05,-6405.165,239.535,-29339.73,-11577.375,-4560.255
-10957.14,-11503.215,-21855.465,-6346.62,355.40999999999997,-29267.28,-11549.925,-4566.42
-10939.635,-11549.115,-21873.015,-6366.15,294.075,-29362.545,-11543.984999999999,-4416.75
-10902.555,-11586.824999999999,-21932.415,-6401.565,228.15,-29475.945,-11568.285,-4276.889999999999
-10901.789999999999,-11612.744999999999,-21985.155,-6378.48,313.695,-29384.82,-11561.715,-4322.5199999999995
-10901.07,-11600.505,-21945.42,-6341.49,374.985,-29338.92,-11544.75,-4365.09
-10902.824999999999,-11566.619999999999,-21926.7,-6408.36,289.755,-29362.41,-11554.154999999999,-4369.455
-10877.58,-11538.63,-21944.34,-6487.785,247.32,-29386.934999999998,-11566.755,-4313.565
-10845.359999999999,-11493.72,-21865.905,-6359.625,351.585,-29395.844999999998,-11566.395,-4289.94
-10854.045,-11521.125,-21882.51,-6346.304999999999,350.28,-29394.45,-11560.23,-4310.415
-10857.645,-11572.605,-21922.065,-6325.83,368.59499999999997,-29369.43,-11552.58,-4309.965
-10888.064999999999,-11582.055,-21962.745,-6372.855,289.97999999999996,-29431.98,-11578.904999999999,-4315.7699999999995
-10878.615,-11529.18,-21883.635,-6305.04,338.76,-29420.55,-11567.744999999999,-4308.705
-10858.814999999999,-11504.025,-21841.29,-6305.58,309.59999999999997,-29480.355,-11580.119999999999,-4314.69
-10856.744999999999,-11482.875,-21814.425,-6298.065,281.7,-29526.164999999997,-11602.98,-4333.365
-10865.34,-11520.99,-21879.315,-6343.74,267.21,-29485.079999999998,-11599.335,-4338.09
-10871.73,-11524.32,-21895.379999999997,-6383.79,247.635,-29423.925,-11580.615,-4339.62
-10886.175,-11519.82,-21866.895,-6349.86,340.46999999999997,-29393.91,-11564.865,-4348.44
-10879.154999999999,-11510.64,-21877.92,-6326.73,391.54499999999996,-29381.219999999998,-11554.92,-4361.085
-10880.145,-11520.314999999999,-21865.77,-6323.67,362.745,-29348.145,-11537.955,-4372.065
-10870.289999999999,-11497.455,-21809.204999999998,-6269.04,389.43,-29321.28,-11521.8,-4369.59
-10896.795,-11506.859999999999,-21827.745,-6240.105,469.62,-29286.629999999997,-11518.335,-4407.885
-10875.689999999999,-11471.805,-21778.739999999998,-6219.99,468.135,-29290.454999999998,-11530.305,-4387.5
-10866.555,-11481.93,-21807.18,-6258.915,404.685,-29321.055,-11542.14,-4352.67
-10876.68,-11549.52,-21918.105,-6356.295,351.765,-29380.815,-11558.475,-4310.865
-10879.064999999999,-11547.449999999999,-21930.795,-6398.325,317.78999999999996,-29422.035,-11573.369999999999,-4322.385
-10892.25,-11580.705,-21946.094999999998,-6433.425,285.705,-29414.114999999998,-11572.335,-4338.585
-10875.779999999999,-11540.295,-21909.329999999998,-6406.335,288.945,-29354.67,-11555.595,-4327.0199999999995
-10856.97,-11518.605,-21874.004999999997,-6338.88,341.955,-29327.445,-11545.289999999999,-4323.24
-10843.064999999999,-11511.539999999999,-21857.625,-6271.155,394.11,-29352.329999999998,-11546.73,-4318.47
-10854.18,-11537.685,-21847.815,-6256.08,381.87,-29373.524999999998,-11548.439999999999,-4341.42
-10893.779999999999,-11568.824999999999,-21887.64,-6311.925,337.72499999999997,-29374.065,-11556.63,-4393.98
-10932.255,-11525.805,-21871.26,-6327.2699999999995,339.3,-29371.094999999998,-11564.055,-4441.455
-10948.05,-11541.869999999999,-21907.844999999998,-6332.58,346.905,-29358.27,-11556.539999999999,-4443.795
-10942.83,-11558.654999999999,-21910.95,-6341.94,287.55,-29392.289999999997,-11582.369999999999,-4423.1849999999995
-10875.869999999999,-11476.529999999999,-21825.36,-6336.9,272.835,-29444.039999999997,-11598.029999999999,-4377.0599999999995
-10861.244999999999,-11490.164999999999,-21852.899999999998,-6332.985,373.22999999999996,-29411.28,-11574.585,-4400.73
-10875.689999999999,-11461.23,-21835.89,-6280.245,477.81,-29309.399999999998,-11547.27,-4473.675
-10910.654999999999,-11424.465,-21750.75,-6212.205,423.81,-29307.239999999998,-11550.195,-4491.99
-10951.064999999999,-11537.01,-21854.024999999998,-6306.615,355.68,-29381.805,-11583.945,-4443.21
-10916.595,-11613.285,-21974.579999999998,-6415.29,291.42,-29438.28,-11597.445,-4302.495
-10822.365,-11582.82,-21998.16,-6486.705,211.545,-29491.11,-11594.52,-4187.88
-10840.545,-11522.97,-21896.145,-6365.925,276.435,-29451.195,-11576.789999999999,-4248.99
-10878.164999999999,-11520.314999999999,-21877.155,-6315.84,310.40999999999997,-29422.664999999997,-11567.52,-4319.6849999999995
-10876.185,-11539.845,-21908.204999999998,-6370.29,283.635,-29417.715,-11575.035,-4304.88
-10870.92,-11555.955,-21921.84,-6394.005,287.505,-29450.295,-11595.734999999999,-4278.96
-10858.904999999999,-11527.875,-21888.945,-6348.87,350.64,-29426.445,-11599.92,-4300.65
-10858.725,-11520.0,-21884.129999999997,-6363.045,287.09999999999997,-29467.215,-11612.97,-4320.36
-10872.09,-11519.595,-21877.92,-6353.28,272.96999999999997,-29489.579999999998,-11604.24,-4327.74
-10865.07,-11507.13,-21859.739999999998,-6343.605,275.84999999999997,-29451.329999999998,-11592.539999999999,-4329.675
-10860.525,-11505.6,-21862.89,-6340.59,296.055,-29402.145,-11590.02,-4342.7699999999995
-10882.395,-11541.42,-21906.629999999997,-6353.594999999999,333.81,-29357.414999999997,-11565.539999999999,-4359.69
-10895.805,-11563.695,-21980.385,-6440.445,323.90999999999997,-29371.815,-11555.055,-4352.76
-10891.98,-11555.91,-21962.79,-6405.929999999999,377.01,-29337.795,-11549.744999999999,-4355.955
-10862.189999999999,-11515.41,-21871.079999999998,-6340.905,351.585,-29381.129999999997,-11569.545,-4332.42
-10857.375,-11519.414999999999,-21873.375,-6367.5,292.22999999999996,-29444.039999999997,-11597.039999999999,-4335.389999999999
-10905.164999999999,-11504.07,-21853.71,-6359.355,315.71999999999997,-29431.305,-11623.185,-4393.3949999999995
-10917.63,-11505.824999999999,-21832.829999999998,-6276.87,392.805,-29336.039999999997,-11594.564999999999,-4396.95
-10890.27,-11538.18,-21877.02,-6283.62,341.01,-29423.52,-11594.609999999999,-4359.195
-10893.779999999999,-11514.195,-21840.12,-6269.8949999999995,393.705,-29446.739999999998,-11598.48,-4389.4349999999995
-10899.09,-11513.43,-21838.68,-6275.655,396.405,-29393.055,-11593.619999999999,-4399.425
-10895.58,-11542.859999999999,-21881.07,-6323.445,316.305,-29367.539999999997,-11577.375,-4363.2
-10856.43,-11548.215,-21934.71,-6371.054999999999,300.59999999999997,-29390.129999999997,-11570.49,-4290.93
-10861.02,-11549.025,-21920.085,-6378.57,314.82,-29412.989999999998,-11587.77,-4299.03
-10884.015,-11564.1,-21897.0,-6340.545,336.96,-29388.329999999998,-11586.42,-4336.695
-10876.994999999999,-11558.925,-21907.665,-6354.179999999999,301.40999999999997,-29359.664999999997,-11580.57,-4338.54
-10879.38,-11534.58,-21901.454999999998,-6352.335,283.995,-29377.98,-11589.119999999999,-4351.724999999999
-10886.939999999999,-11484.72,-21830.895,-6303.42,328.14,-29390.355,-11595.734999999999,-4389.795
-10881.18,-11508.164999999999,-21867.434999999998,-6319.485,353.34,-29402.37,-11591.279999999999,-4415.4
-10917.359999999999,-11504.609999999999,-21856.995,-6325.155,382.185,-29354.265,-11576.115,-4451.58
-10906.47,-11480.085,-21845.114999999998,-6326.235,393.03,-29374.379999999997,-11595.24,-4453.2
-10860.93,-11469.779999999999,-21855.645,-6289.155,421.56,-29356.695,-11602.529999999999,-4398.84
-10900.664999999999,-11502.494999999999,-21845.61,-6270.03,446.715,-29309.94,-11568.689999999999,-4409.595
-10910.789999999999,-11586.195,-21891.465,-6319.8,343.8,-29365.965,-11559.6,-4329.36
-10851.615,-11492.279999999999,-21839.265,-6327.63,317.47499999999997,-29433.78,-11594.564999999999,-4302.8099999999995
-10902.869999999999,-11502.27,-21856.454999999998,-6342.03,324.045,-29473.829999999998,-11631.465,-4390.11
-10897.695,-11509.965,-21872.655,-6350.715,338.4,-29422.35,-11621.115,-4426.47
-10898.414999999999,-11521.529999999999,-21872.43,-6339.6449999999995,418.85999999999996,-29345.94,-11588.58,-4391.505
-10838.52,-11530.574999999999,-21920.535,-6404.985,330.705,-29418.66,-11576.34,-4237.155
-10873.619999999999,-11580.119999999999,-21947.76,-6388.2,255.06,-29474.235,-11598.345,-4285.845
-10902.285,-11563.83,-21884.129999999997,-6321.33,281.115,-29450.43,-11602.755,-4343.445
-10897.47,-11542.59,-21881.565,-6335.73,281.655,-29420.684999999998,-11582.505,-4347.224999999999
-10859.67,-11518.02,-21896.37,-6327.855,237.87,-29449.305,-11577.24,-4319.37
-10857.465,-11500.92,-21829.14,-6289.0199999999995,250.92,-29453.76,-11592.81,-4347.2699999999995
-10882.529999999999,-11505.465,-21852.675,-6326.82,303.795,-29412.765,-11606.265,-4375.98
-10886.76,-11536.47,-21886.469999999998,-6362.73,357.47999999999996,-29422.26,-11612.97,-4326.345
-10904.039999999999,-11565.585,-21919.86,-6368.13,367.91999999999996,-29415.914999999997,-11616.93,-4355.28
-10914.885,-11524.23,-21870.719999999998,-6318.63,414.35999999999996,-29396.25,-11605.904999999999,-4413.15
-10930.185,-11517.705,-21851.82,-6334.83,392.085,-29390.715,-11595.555,-4418.28
-10907.279999999999,-11562.39,-21942.18,-6425.865,294.795,-29446.02,-11610.27,-4363.875
-10860.795,-11579.939999999999,-21981.149999999998,-6425.099999999999,296.46,-29366.504999999997,-11591.82,-4284.18
-10881.99,-11551.41,-21893.489999999998,-6300.405,364.72499999999997,-29334.87,-11589.029999999999,-4316.04
-10888.064999999999,-11562.164999999999,-21897.315,-6321.0599999999995,341.72999999999996,-29369.655,-11601.18,-4318.605
-10896.66,-11558.789999999999,-21920.219999999998,-6350.535,323.46,-29402.235,-11606.49,-4339.98
-10891.08,-11538.27,-21940.065,-6410.565,270.405,-29458.44,-11618.055,-4358.385
-10862.685,-11516.805,-21912.704999999998,-6410.25,263.7,-29465.145,-11622.6,-4334.49
-10872.449999999999,-11501.865,-21855.645,-6358.139999999999,276.075,-29447.1,-11621.654999999999,-4336.065
-10880.01,-11512.755,-21875.579999999998,-6326.505,341.37,-29379.329999999998,-11605.14,-4364.235
-10871.865,-11514.555,-21874.05,-6311.835,349.245,-29415.465,-11620.215,-4375.755
-10858.275,-11505.779999999999,-21844.98,-6307.695,335.15999999999997,-29399.625,-11601.855,-4331.745
-10870.38,-11542.005,-21886.02,-6334.335,299.88,-29398.77,-11586.689999999999,-4318.065
-10896.615,-11568.6,-21916.8,-6359.804999999999,330.255,-29377.305,-11598.164999999999,-4353.255
-10884.914999999999,-11557.305,-21905.1,-6337.62,371.7,-29395.035,-11603.385,-4346.1449999999995
-10887.66,-11517.345,-21851.73,-6292.844999999999,385.875,-29373.03,-11596.455,-4352.8949999999995
-10870.785,-11499.3,-21860.235,-6302.385,400.905,-29393.055,-11602.8,-4358.79
-10869.525,-11523.375,-21895.02,-6318.945,401.895,-29405.25,-11619.18,-4366.8
-10853.64,-11477.43,-21845.879999999997,-6326.6849999999995,368.41499999999996,-29434.545,-11635.83,-4333.68
-10863.225,-11488.32,-21844.89,-6327.09,333.135,-29398.23,-11584.98,-4340.97
-10899.9,-11503.845,-21846.375,-6309.945,415.395,-29315.204999999998,-11561.039999999999,-4413.87
-10917.81,-11507.4,-21834.45,-6302.925,409.455,-29325.105,-11575.664999999999,-4432.005
-10898.369999999999,-11510.82,-21859.11,-6318.764999999999,345.375,-29349.945,-11572.109999999999,-4410.72
-10883.789999999999,-11512.395,-21873.329999999998,-6311.205,351.85499999999996,-29385.045,-11588.31,-4412.07
-10881.404999999999,-11503.89,-21858.21,-6301.44,355.815,-29379.42,-11590.74,-4420.98
-10924.244999999999,-11548.98,-21887.82,-6364.665,313.46999999999997,-29358.899999999998,-11576.744999999999,-4415.4
-10896.57,-11544.48,-21882.375,-6359.849999999999,320.175,-29334.555,-11567.744999999999,-4360.005
-10854.225,-11492.145,-21823.02,-6305.264999999999,329.76,-29340.539999999997,-11567.97,-4311.09
-10867.455,-11538.855,-21854.07,-6280.875,372.28499999999997,-29407.905,-11591.189999999999,-4355.73
-10918.98,-11574.045,-21918.69,-6331.05,279.27,-29489.265,-11625.119999999999,-4404.285
-10980.18,-11553.66,-21894.93,-6374.34,261.09,-29491.785,-11661.029999999999,-4448.115
-10919.52,-11535.615,-21909.825,-6408.764999999999,299.385,-29427.57,-11612.925,-4372.335
-10843.38,-11556.045,-21951.585,-6456.15,214.47,-29467.53,-11599.38,-4243.7699999999995
-10883.654999999999,-11559.689999999999,-21928.23,-6378.075,286.2,-29414.295,-11604.869999999999,-4304.925
-10864.89,-11527.289999999999,-21876.165,-6309.2699999999995,350.37,-29421.45,-11616.975,-4280.49
-10863.63,-11522.97,-21861.899999999998,-6314.67,393.12,-29391.84,-11598.975,-4282.38
-10885.994999999999,-11552.039999999999,-21908.43,-6368.264999999999,361.485,-29403.899999999998,-11591.234999999999,-4309.5599999999995
-10884.195,-11541.645,-21882.105,-6347.429999999999,356.13,-29375.28,-11593.395,-4345.514999999999
-10878.66,-11527.064999999999,-21884.715,-6302.745,369.27,-29375.414999999997,-11592.18,-4365.764999999999
-10883.744999999999,-11540.43,-21927.239999999998,-6355.17,328.185,-29429.954999999998,-11613.51,-4392.585
-10874.835,-11512.305,-21865.14,-6315.165,365.265,-29445.524999999998,-11624.715,-4368.105
-10898.64,-11542.005,-21898.305,-6335.19,389.61,-29390.625,-11607.525,-4368.78
-10926.9,-11567.88,-21924.405,-6382.889999999999,326.34,-29360.61,-11600.234999999999,-4370.67
-10888.605,-11514.914999999999,-21870.045,-6326.594999999999,307.485,-29361.285,-11583.09,-4368.825
-10919.88,-11565.99,-21931.515,-6361.92,287.685,-29402.28,-11583.135,-4423.365
-10899.539999999999,-11547.045,-21930.795,-6373.71,265.5,-29463.66,-11608.74,-4375.8
-10878.795,-11540.564999999999,-21922.695,-6374.429999999999,271.17,-29460.78,-11620.619999999999,-4320.99
-10884.06,-11538.72,-21910.995,-6413.759999999999,262.53,-29444.94,-11627.369999999999,-4299.57
-10874.25,-11539.8,-21926.79,-6421.094999999999,261.36,-29458.844999999998,-11635.02,-4280.13
-10892.115,-11554.38,-21955.545,-6402.105,310.40999999999997,-29442.329999999998,-11612.609999999999,-4318.74
-10877.984999999999,-11540.16,-21901.004999999997,-6321.0599999999995,372.33,-29405.34,-11593.574999999999,-4317.345
-10870.605,-11531.744999999999,-21856.5,-6293.745,378.04499999999996,-29379.69,-11589.84,-4317.66
-10878.255,-11511.18,-21855.555,-6308.054999999999,377.685,-29360.204999999998,-11587.59,-4337.595
-10884.689999999999,-11537.279999999999,-21891.195,-6345.719999999999,316.395,-29350.44,-11582.01,-4348.17
-10901.115,-11545.83,-21896.504999999997,-6376.59,228.95999999999998,-29412.855,-11592.359999999999,-4359.014999999999
-10906.154999999999,-11542.814999999999,-21894.39,-6348.24,323.955,-29414.024999999998,-11598.255,-4362.4349999999995
-10876.635,-11522.925,-21872.565,-6294.735,442.44,-29388.329999999998,-11591.414999999999,-4333.1849999999995
-10860.885,-11494.664999999999,-21860.01,-6306.974999999999,400.85999999999996,-29398.86,-11596.14,-4327.92
-10859.265,-11471.58,-21809.024999999998,-6276.735,422.685,-29389.68,-11600.55,-4346.639999999999
-10845.765,-11450.205,-21790.754999999997,-6300.2699999999995,410.4,-29373.03,-11589.615,-4346.235
-10866.33,-11500.65,-21867.12,-6360.705,256.09499999999997,-29417.805,-11592.404999999999,-4359.42
-10910.88,-11553.615,-21898.35,-6355.98,224.415,-29447.37,-11605.14,-4371.705
-10907.595,-11550.914999999999,-21884.625,-6336.8099999999995,245.25,-29468.16,-11628.585,-4365.72
-10897.199999999999,-11514.015,-21852.54,-6294.825,312.615,-29449.44,-11635.875,-4390.83
-10875.465,-11555.82,-21915.18,-6348.735,300.33,-29415.465,-11608.83,-4367.43
-10904.13,-11596.365,-21987.765,-6426.134999999999,311.21999999999997,-29434.995,-11608.289999999999,-4375.215
-10926.0,-11560.32,-21925.125,-6369.525,390.28499999999997,-29399.579999999998,-11613.96,-4386.599999999999
-10877.85,-11535.39,-21901.364999999998,-6330.24,373.365,-29400.164999999997,-11605.635,-4336.875
-10854.0,-11502.63,-21848.04,-6272.73,365.53499999999997,-29395.844999999998,-11577.465,-4315.59
-10869.255,-11481.84,-21823.829999999998,-6264.09,393.21,-29357.055,-11582.055,-4379.085
-10935.99,-11507.535,-21855.015,-6304.5,380.565,-29355.614999999998,-11597.355,-4475.97
-10960.92,-11554.02,-21934.934999999998,-6395.67,335.61,-29367.945,-11620.08,-4479.705
-10945.89,-11594.025,-21961.89,-6395.13,333.09,-29387.789999999997,-11622.195,-4412.745
-10884.689999999999,-11574.404999999999,-21940.605,-6343.74,369.405,-29388.015,-11605.68,-4335.615
-10822.68,-11454.164999999999,-21798.945,-6244.605,408.51,-29378.745,-11591.73,-4342.455
-10847.699999999999,-11416.185,-21732.12,-6198.255,432.85499999999996,-29364.21,-11579.039999999999,-4359.105
-10864.484999999999,-11451.15,-21773.925,-6234.165,406.935,-29385.539999999997,-11578.904999999999,-4343.8949999999995
-10920.51,-11576.34,-21899.655,-6365.655,271.62,-29484.135,-11609.82,-4308.795
-10906.199999999999,-11617.064999999999,-21974.309999999998,-6431.58,204.39,-29492.64,-11618.73,-4293.99
-10887.795,-11549.25,-21928.5,-6425.73,202.32,-29483.864999999998,-11615.445,-4347.945
-10918.17,-11551.59,-21919.14,-6406.155,222.12,-29454.03,-11586.645,-4372.47
-10935.27,-11582.685,-21925.44,-6414.84,192.555,-29418.57,-11578.32,-4359.555
-10954.35,-11607.615,-21956.219999999998,-6460.065,157.23,-29412.405,-11597.49,-4365.2699999999995
-10928.52,-11594.52,-21979.035,-6457.545,217.035,-29432.204999999998,-11623.095,-4385.5199999999995
-10865.52,-11502.314999999999,-21857.265,-6288.165,401.98499999999996,-29489.445,-11643.029999999999,-4352.805
-10830.689999999999,-11485.439999999999,-21809.52,-6225.03,475.60499999999996,-29394.09,-11601.225,-4286.205
-10834.74,-11527.83,-21885.12,-6310.889999999999,390.78,-29447.73,-11610.045,-4256.639999999999
-10881.494999999999,-11538.99,-21890.655,-6327.675,353.07,-29513.16,-11638.439999999999,-4317.03
-10891.98,-11554.38,-21902.489999999998,-6335.594999999999,336.42,-29468.565,-11614.5,-4337.505
-10893.465,-11540.34,-21873.51,-6339.554999999999,323.505,-29380.004999999997,-11588.265,-4359.33
-10890.765,-11534.939999999999,-21880.395,-6348.465,327.28499999999997,-29329.289999999997,-11577.375,-4367.745
-10880.82,-11556.314999999999,-21908.475,-6354.855,360.135,-29362.364999999998,-11580.164999999999,-4351.23
-10876.05,-11549.295,-21930.48,-6402.6449999999995,309.91499999999996,-29443.77,-11613.06,-4339.53
-10940.715,-11650.994999999999,-22036.68,-6453.719999999999,221.57999999999998,-29479.77,-11641.23,-4386.24
-10915.064999999999,-11565.99,-21966.93,-6426.224999999999,275.265,-29421.989999999998,-11629.35,-4375.08
-10873.664999999999,-11471.939999999999,-21846.69,-6331.7699999999995,439.155,-29332.125,-11583.359999999999,-4341.105
-10863.09,-11500.199999999999,-21900.195,-6363.945,373.32,-29388.015,-11580.705,-4326.885
-10882.215,-11510.865,-21863.745,-6323.49,356.31,-29430.09,-11598.48,-4336.74
-10864.89,-11510.055,-21851.73,-6274.844999999999,356.66999999999996,-29435.445,-11605.814999999999,-4330.62
-10852.154999999999,-11482.74,-21806.64,-6239.295,353.745,-29423.475,-11601.765,-4326.255
-10865.07,-11517.525,-21872.835,-6305.715,326.88,-29447.19,-11593.755,-4341.78
-10909.755,-11554.47,-21894.254999999997,-6336.495,289.03499999999997,-29468.07,-11602.08,-4377.15
-10912.77,-11531.475,-21859.2,-6317.37,331.245,-29419.965,-11596.814999999999,-4382.46
-10887.75,-11490.39,-21822.48,-6277.094999999999,400.005,-29378.16,-11594.88,-4367.5199999999995
-10882.529999999999,-11485.305,-21823.515,-6246.45,444.645,-29324.385,-11577.375,-4376.5199999999995
-10901.88,-11497.05,-21835.215,-6285.825,370.26,-29361.96,-11591.73,-4425.57
-10917.404999999999,-11547.18,-21908.655,-6377.715,300.42,-29421.45,-11614.635,-4425.84
-10909.71,-11540.295,-21888.495,-6362.505,317.655,-29451.78,-11621.115,-4374.405
-10912.275,-11523.15,-21852.899999999998,-6290.82,390.15,-29426.67,-11618.279999999999,-4387.275
-10900.619999999999,-11525.49,-21875.67,-6276.6449999999995,402.3,-29374.515,-11603.385,-4400.1449999999995
-10924.02,-11542.365,-21902.67,-6338.025,344.25,-29376.27,-11596.725,-4437.54
-10876.185,-11530.619999999999,-21883.635,-6345.719999999999,323.955,-29398.68,-11606.715,-4394.745
-10860.345,-11467.574999999999,-21794.76,-6232.679999999999,425.15999999999997,-29378.25,-11596.904999999999,-4419.764999999999
-10870.83,-11459.564999999999,-21780.629999999997,-6244.245,400.635,-29410.155,-11582.414999999999,-4384.349999999999
-10915.154999999999,-11564.505,-21924.719999999998,-6399.405,233.595,-29501.37,-11616.705,-4395.96
-10909.664999999999,-11578.904999999999,-21964.364999999998,-6441.525,247.14,-29483.19,-11609.91,-4303.17
-10865.295,-11599.02,-21979.215,-6439.365,230.13,-29493.989999999998,-11606.625,-4192.92
-10851.615,-11587.32,-21929.579999999998,-6372.315,253.215,-29492.324999999997,-11610.045,-4215.51
-10895.715,-11571.029999999999,-21909.239999999998,-6361.29,295.335,-29434.905,-11589.84,-4317.389999999999
-10912.814999999999,-11592.359999999999,-21924.18,-6374.88,307.395,-29424.87,-11599.47,-4372.2
-10887.705,-11537.145,-21910.815,-6353.099999999999,361.08,-29390.039999999997,-11592.945,-4366.125
-10884.914999999999,-11517.345,-21881.7,-6330.554999999999,354.015,-29376.765,-11581.47,-4339.53
-10892.88,-11574.81,-21937.14,-6397.065,271.44,-29428.425,-11595.06,-4318.245
-10878.255,-11567.744999999999,-21937.635,-6402.69,272.15999999999997,-29444.805,-11602.98,-4307.085
-10881.225,-11555.055,-21894.254999999997,-6342.48,262.17,-29440.8,-11605.77,-4325.805
-10888.695,-11521.08,-21915.765,-6378.66,193.995,-29485.26,-11614.185,-4349.5199999999995
-10908.045,-11530.529999999999,-21920.445,-6400.62,260.41499999999996,-29508.795,-11630.88,-4382.1449999999995
-10893.869999999999,-11508.885,-21870.855,-6385.679999999999,351.495,-29466.495,-11632.814999999999,-4383.585
-10897.92,-11532.24,-21877.11,-6373.889999999999,361.97999999999996,-29360.34,-11593.845,-4352.13
-10851.93,-11528.055,-21901.725,-6415.74,307.935,-29369.07,-11587.77,-4296.6449999999995
-10862.145,-11520.0,-21875.535,-6362.55,314.37,-29370.465,-11588.13,-4328.505
-10911.06,-11562.029999999999,-21909.51,-6348.825,311.895,-29417.129999999997,-11595.914999999999,-4372.155
-10915.38,-11556.63,-21898.89,-6341.67,328.635,-29401.92,-11592.539999999999,-4375.8
-10895.085,-11509.02,-21826.305,-6266.16,389.205,-29404.89,-11599.695,-4358.565
-10896.84,-11524.77,-21848.67,-6255.405,452.43,-29369.43,-11584.529999999999,-4356.945
-10893.015,-11523.195,-21864.69,-6287.76,416.52,-29377.664999999997,-11592.359999999999,-4360.545
-10855.125,-11508.435,-21866.535,-6290.054999999999,400.995,-29374.425,-11585.25,-4332.735
-10850.22,-11504.97,-21858.704999999998,-6275.835,401.445,-29381.94,-11583.404999999999,-4343.22
-10907.505,-11519.865,-21857.265,-6286.7699999999995,388.08,-29426.219999999998,-11599.02,-4386.69
-10897.65,-11502.494999999999,-21838.68,-6326.28,338.53499999999997,-29464.155,-11613.689999999999,-4386.465
-10884.15,-11525.265,-21873.195,-6341.4,315.22499999999997,-29417.085,-11605.994999999999,-4353.705
-10869.074999999999,-11516.58,-21867.524999999998,-6330.195,257.4,-29386.17,-11590.38,-4313.025
-10892.07,-11570.67,-21944.52,-6401.25,160.155,-29483.864999999998,-11621.025,-4327.785
-10918.215,-11578.814999999999,-21944.7,-6395.355,254.385,-29472.66,-11644.064999999999,-4383.2699999999995
-10894.68,-11549.475,-21903.48,-6347.925,359.90999999999997,-29456.55,-11632.859999999999,-4381.514999999999
-10877.58,-11572.47,-21918.015,-6334.38,379.08,-29433.825,-11615.805,-4369.59
-10855.98,-11500.335,-21852.225,-6289.83,410.31,-29431.754999999997,-11623.365,-4351.1849999999995
-10899.99,-11485.89,-21828.915,-6266.5199999999995,409.005,-29423.565,-11623.77,-4390.695
-10963.26,-11565.135,-21857.04,-6288.255,370.215,-29410.379999999997,-11610.765,-4420.53
-10948.5,-11567.88,-21895.425,-6331.23,350.46,-29397.51,-11616.705,-4394.565
-10840.994999999999,-11506.545,-21873.375,-6323.264999999999,364.86,-29372.805,-11587.68,-4307.76
-10854.449999999999,-11483.775,-21842.37,-6302.5199999999995,392.265,-29353.23,-11570.49,-4360.724999999999
-10919.43,-11549.744999999999,-21866.489999999998,-6289.245,417.33,-29339.864999999998,-11568.105,-4408.245
-10926.765,-11537.595,-21875.94,-6304.724999999999,396.0,-29364.93,-11586.465,-4388.04
-10923.84,-11518.425,-21878.145,-6350.175,357.21,-29399.355,-11615.4,-4391.1449999999995
-10927.755,-11527.875,-21895.605,-6399.719999999999,318.195,-29414.204999999998,-11629.619999999999,-4403.925
-10937.925,-11530.755,-21906.54,-6399.36,328.32,-29412.989999999998,-11623.994999999999,-4397.22
-10892.475,-11539.619999999999,-21909.465,-6370.0199999999995,338.805,-29410.469999999998,-11597.039999999999,-4301.415
-10858.32,-11550.779999999999,-21915.45,-6325.29,317.88,-29418.434999999998,-11586.96,-4263.389999999999
-10864.08,-11527.695,-21866.94,-6315.795,265.995,-29421.045,-11592.72,-4301.865
-10880.64,-11518.965,-21874.77,-6362.639999999999,257.58,-29473.92,-11628.045,-4348.44
-10879.109999999999,-11534.355,-21897.18,-6338.5199999999995,380.29499999999996,-29423.475,-11608.515,-4329.495
-10845.945,-11522.43,-21884.579999999998,-6331.365,317.88,-29458.079999999998,-11614.77,-4277.61
-10868.445,-11516.265,-21859.155,-6307.514999999999,295.56,-29482.065,-11625.255,-4317.4349999999995
-10912.77,-11558.34,-21904.92,-6383.835,251.23499999999999,-29497.86,-11649.015,-4370.264999999999
-10931.265,-11574.945,-21936.195,-6420.915,250.38,-29445.344999999998,-11631.914999999999,-4378.59
-10902.824999999999,-11600.955,-22006.62,-6494.535,205.01999999999998,-29459.655,-11617.965,-4323.915
-10868.039999999999,-11556.09,-21962.655,-6429.014999999999,283.995,-29490.84,-11633.58,-4314.465
-10896.615,-11512.664999999999,-21840.84,-6287.445,407.29499999999996,-29427.57,-11605.365,-4353.21
-10877.715,-11534.31,-21882.645,-6337.62,309.825,-29434.23,-11603.97,-4320.45
-10882.439999999999,-11554.38,-21893.219999999998,-6332.849999999999,311.13,-29378.565,-11600.189999999999,-4326.165
-10894.14,-11549.34,-21910.454999999998,-6338.34,330.435,-29367.855,-11589.975,-4350.96
-10886.715,-11518.244999999999,-21837.015,-6264.855,408.78,-29343.375,-11568.06,-4346.46
-10886.445,-11506.5,-21833.82,-6281.505,396.04499999999996,-29397.645,-11596.545,-4343.849999999999
-10886.58,-11541.869999999999,-21908.34,-6354.09,364.005,-29430.539999999997,-11609.414999999999,-4334.985
-10881.945,-11561.85,-21914.19,-6368.04,381.195,-29400.344999999998,-11595.33,-4333.05
-10893.465,-11544.029999999999,-21912.434999999998,-6353.28,340.02,-29394.36,-11603.835,-4361.805
-10897.56,-11568.015,-21945.105,-6375.87,266.355,-29425.815,-11613.105,-4374.18
-10904.895,-11541.195,-21908.835,-6371.505,285.3,-29414.789999999997,-11601.045,-4377.195
-10899.0,-11549.43,-21901.59,-6350.264999999999,345.06,-29384.774999999998,-11580.975,-4337.55
-10879.695,-11533.5,-21870.405,-6290.775,429.34499999999997,-29360.61,-11589.119999999999,-4317.12
-10885.59,-11538.855,-21864.239999999998,-6313.7699999999995,401.31,-29393.28,-11602.529999999999,-4340.43
-10896.525,-11552.085,-21886.335,-6367.365,343.485,-29414.7,-11608.605,-4361.355
-10889.414999999999,-11531.789999999999,-21877.379999999997,-6314.849999999999,359.685,-29408.129999999997,-11608.154999999999,-4348.035
-10868.715,-11498.895,-21864.825,-6312.78,334.755,-29434.41,-11609.279999999999,-4329.045
-10866.914999999999,-11499.029999999999,-21865.995,-6321.69,330.3,-29436.84,-11613.824999999999,-4340.79
-10860.255,-11492.055,-21855.87,-6293.969999999999,367.515,-29411.504999999997,-11616.119999999999,-4342.005
-10850.76,-11482.605,-21825.855,-6260.219999999999,397.71,-29356.02,-11591.91,-4327.605
-10892.07,-11509.965,-21831.39,-6289.605,364.68,-29366.235,-11604.465,-4355.505
-10897.199999999999,-11522.654999999999,-21870.045,-6327.2699999999995,348.57,-29404.305,-11623.77,-4360.59
-10880.595,-11513.34,-21861.54,-6301.889999999999,377.90999999999997,-29409.795,-11608.605,-4348.349999999999
-10896.255,-11494.619999999999,-21839.895,-6289.425,348.34499999999997,-29411.64,-11609.505,-4403.565
-10957.77,-11494.305,-21827.925,-6287.355,358.78499999999997,-29382.075,-11618.73,-4534.38
-11008.17,-11508.615,-21830.715,-6307.965,402.57,-29357.37,-11619.945,-4599.315
-11017.71,-11550.195,-21872.385,-6334.29,400.32,-29367.989999999998,-11628.585,-4542.255
-10948.14,-11569.455,-21914.19,-6381.945,317.925,-29384.19,-11624.76,-4363.92
-10875.375,-11568.24,-21948.254999999997,-6409.62,214.10999999999999,-29437.379999999997,-11636.369999999999,-4277.61
-10847.835,-11548.935,-21936.465,-6384.33,245.385,-29433.6,-11614.994999999999,-4270.995
-10854.314999999999,-11549.564999999999,-21921.704999999998,-6379.29,289.395,-29477.114999999998,-11629.305,-4274.91
-10870.695,-11586.645,-21967.739999999998,-6436.3949999999995,310.5,-29460.645,-11625.39,-4271.22
-10892.115,-11612.744999999999,-21977.37,-6435.945,273.78,-29486.07,-11632.14,-4262.22
-10880.279999999999,-11537.145,-21880.305,-6321.0599999999995,342.18,-29467.53,-11635.02,-4291.605
-10876.095,-11507.039999999999,-21840.12,-6258.915,402.075,-29410.02,-11618.73,-4320.495
-10867.545,-11524.05,-21878.415,-6334.695,325.305,-29436.434999999998,-11626.154999999999,-4306.139999999999
-10860.93,-11513.835,-21865.14,-6341.219999999999,295.695,-29460.059999999998,-11636.414999999999,-4308.705
-10887.66,-11546.775,-21890.879999999997,-6329.429999999999,339.525,-29469.239999999998,-11637.99,-4333.139999999999
-10901.654999999999,-11560.68,-21899.024999999998,-6312.96,361.03499999999997,-29473.155,-11636.955,-4364.37
-10888.109999999999,-11522.699999999999,-21887.37,-6334.0199999999995,324.675,-29476.125,-11636.414999999999,-4374.045
-10886.22,-11502.855,-21880.125,-6352.83,355.09499999999997,-29448.045,-11614.095,-4359.915
-10879.244999999999,-11599.74,-21998.385,-6422.175,344.61,-29426.535,-11602.395,-4308.93
-10890.855,-11609.64,-21975.3,-6426.315,220.14,-29470.905,-11627.145,-4335.345
-10878.525,-11507.939999999999,-21854.204999999998,-6336.315,285.885,-29429.46,-11627.414999999999,-4380.615
-10852.92,-11459.88,-21816.495,-6266.969999999999,438.47999999999996,-29386.079999999998,-11631.914999999999,-4372.38
-10866.6,-11486.25,-21833.864999999998,-6295.455,394.28999999999996,-29458.844999999998,-11651.085,-4370.805
-10932.66,-11546.055,-21871.305,-6356.61,298.485,-29513.969999999998,-11664.0,-4380.345
-10951.02,-11628.765,-21960.54,-6460.74,217.07999999999998,-29530.305,-11652.029999999999,-4324.86
-10909.215,-11577.015,-21915.09,-6400.035,332.46,-29396.07,-11612.97,-4320.315
-10886.85,-11587.814999999999,-21927.735,-6334.605,359.505,-29376.36,-11610.945,-4319.505
-10903.68,-11547.72,-21924.899999999998,-6417.179999999999,199.70999999999998,-29462.445,-11640.869999999999,-4366.305
-10945.215,-11513.475,-21876.254999999997,-6355.62,282.375,-29461.23,-11660.13,-4464.36
-10956.645,-11546.414999999999,-21927.015,-6370.74,307.34999999999997,-29457.405,-11671.109999999999,-4487.22
-10954.215,-11568.734999999999,-21889.079999999998,-6307.155,393.79499999999996,-29402.28,-11644.064999999999,-4431.195
-10864.395,-11541.42,-21836.565,-6253.469999999999,445.85999999999996,-29421.719999999998,-11614.814999999999,-4269.78
-10851.525,-11507.895,-21836.835,-6282.99,383.58,-29481.614999999998,-11632.994999999999,-4280.715
-10882.529999999999,-11504.025,-21839.489999999998,-6304.094999999999,346.5,-29440.215,-11631.914999999999,-4333.005
-10885.05,-11510.279999999999,-21860.415,-6313.7699999999995,366.34499999999997,-29341.71,-11596.05,-4320.63
-10918.305,-11563.92,-21925.665,-6359.625,314.82,-29439.36,-11618.82,-4356.764999999999
-10912.814999999999,-11551.68,-21915.585,-6360.389999999999,249.84,-29571.93,-11674.035,-4382.46
-10911.285,-11517.57,-21862.754999999997,-6327.63,303.3,-29498.805,-11675.16,-4399.47
-10889.82,-11514.105,-21849.03,-6302.474999999999,396.71999999999997,-29370.015,-11626.515,-4381.65
-10893.689999999999,-11498.895,-21844.8,-6284.565,394.60499999999996,-29312.37,-11585.025,-4396.365
-10940.49,-11500.695,-21830.219999999998,-6275.969999999999,401.625,-29341.485,-11608.695,-4454.099999999999
-10922.355,-11525.58,-21859.02,-6316.92,336.06,-29482.379999999997,-11681.145,-4423.005
-10896.885,-11502.314999999999,-21861.45,-6349.275,251.91,-29608.92,-11740.365,-4424.264999999999
-10876.32,-11485.395,-21834.675,-6344.73,206.415,-29641.094999999998,-11740.68,-4389.03
-10832.67,-11542.814999999999,-21894.344999999998,-6373.3949999999995,210.375,-29557.62,-11660.445,-4278.33
-10866.645,-11576.25,-21949.829999999998,-6384.42,309.33,-29415.555,-11592.225,-4239.405
-10854.494999999999,-11560.68,-21937.725,-6404.804999999999,298.395,-29360.745,-11562.3,-4218.974999999999
-10879.875,-11584.98,-21951.809999999998,-6396.03,313.74,-29391.524999999998,-11572.199999999999,-4273.47
-10892.88,-11563.064999999999,-21931.425,-6386.849999999999,282.42,-29443.95,-11608.064999999999,-4343.4
-10902.375,-11533.32,-21900.42,-6377.445,246.825,-29459.745,-11624.4,-4373.1449999999995
-10924.02,-11567.025,-21921.614999999998,-6433.38,229.45499999999998,-29411.774999999998,-11625.795,-4369.635
-11010.195,-11717.145,-22066.02,-6552.2699999999995,64.71,-29455.515,-11637.765,-4389.12
-10971.675,-11684.97,-22049.1,-6520.41,-73.08,-29549.789999999997,-11686.005,-4406.625
-10989.404999999999,-11585.564999999999,-21976.379999999997,-6508.889999999999,132.345,-29512.035,-11703.42,-4467.6449999999995
-10958.175,-11552.49,-21906.045,-6382.304999999999,514.71,-29374.02,-11651.895,-4416.57
-10875.42,-11530.26,-21850.425,-6228.045,569.745,-29424.015,-11651.625,-4309.514999999999
-10891.664999999999,-11538.99,-21872.475,-6296.67,382.09499999999997,-29432.655,-11681.55,-4365.63
-10944.18,-11591.82,-21918.645,-6346.26,277.83,-29456.28,-11705.67,-4442.985
-10949.039999999999,-11539.395,-21860.37,-6279.21,435.73499999999996,-29403.629999999997,-11667.285,-4431.69
-10909.305,-11511.765,-21858.344999999998,-6323.13,439.60499999999996,-29368.934999999998,-11610.855,-4372.965
-10902.285,-11543.22,-21875.715,-6311.16,421.74,-29309.489999999998,-11563.335,-4360.1849999999995
-10919.385,-11499.39,-21847.59,-6228.9,497.29499999999996,-29340.045,-11598.615,-4430.16
-10912.14,-11446.154999999999,-21763.62,-6153.525,559.0799999999999,-29382.57,-11655.494999999999,-4450.815
-10925.1,-11548.98,-21882.735,-6329.295,304.78499999999997,-29464.739999999998,-11661.164999999999,-4387.095
-10891.484999999999,-11629.08,-21996.719999999998,-6466.679999999999,164.16,-29486.969999999998,-11639.52,-4235.805
-10848.779999999999,-11591.369999999999,-21958.2,-6477.615,110.38499999999999,-29458.305,-11617.244999999999,-4203.0
-10860.885,-11615.445,-22003.739999999998,-6485.535,130.635,-29490.48,-11611.845,-4252.995
-10878.705,-11524.005,-21902.625,-6376.679999999999,275.67,-29531.07,-11637.585,-4307.49
-10863.63,-11471.13,-21821.579999999998,-6286.455,367.335,-29543.715,-11663.73,-4325.985
-10851.435,-11459.654999999999,-21806.504999999997,-6266.655,434.96999999999997,-29484.719999999998,-11662.154999999999,-4363.47
-10883.115,-11496.645,-21869.415,-6358.365,422.955,-29398.95,-11658.195,-4444.065
-10957.904999999999,-11529.045,-21898.98,-6360.075,419.445,-29342.565,-11642.984999999999,-4524.48
-10904.355,-11481.615,-21785.985,-6199.469999999999,484.46999999999997,-29404.98,-11665.89,-4447.889999999999
-10868.895,-11470.095,-21773.25,-6198.929999999999,418.905,-29526.885,-11683.529999999999,-4345.875
-10864.845,-11516.625,-21826.215,-6303.87,257.805,-29615.445,-11690.369999999999,-4292.325
-10977.074999999999,-11599.425,-21926.204999999998,-6390.855,224.86499999999998,-29560.77,-11672.414999999999,-4423.545
-11078.369999999999,-11670.705,-21987.045,-6378.929999999999,301.86,-29495.16,-11666.205,-4530.0599999999995
-11047.68,-11608.785,-21899.295,-6276.014999999999,434.15999999999997,-29416.364999999998,-11676.645,-4524.4349999999995
-10903.814999999999,-11593.08,-21959.28,-6391.62,327.51,-29460.69,-11687.715,-4318.695
-10831.77,-11598.84,-21992.445,-6441.48,259.695,-29506.05,-11671.83,-4227.705
-10811.07,-11523.689999999999,-21888.135,-6371.46,293.67,-29513.25,-11642.715,-4262.22
-10852.56,-11497.14,-21844.17,-6352.11,361.84499999999997,-29415.51,-11590.65,-4286.205
-10899.18,-11586.33,-21965.445,-6437.79,335.61,-29419.245,-11600.505,-4281.57
-10875.645,-11577.689999999999,-21937.14,-6353.235,394.245,-29352.78,-11598.93,-4296.555
-10893.914999999999,-11537.189999999999,-21876.57,-6295.905,378.18,-29368.89,-11621.789999999999,-4356.495
-10886.939999999999,-11504.07,-21833.64,-6276.554999999999,371.655,-29370.69,-11622.869999999999,-4377.51
-10876.14,-11512.8,-21861.405,-6283.035,355.14,-29392.559999999998,-11619.765,-4353.705
-10873.17,-11526.119999999999,-21867.03,-6287.3099999999995,370.575,-29391.704999999998,-11606.715,-4320.09
-10884.33,-11545.38,-21874.545,-6332.58,301.68,-29423.295,-11609.189999999999,-4300.92
-10902.6,-11563.38,-21927.51,-6415.469999999999,222.70499999999998,-29473.2,-11634.164999999999,-4307.8949999999995
-10901.205,-11546.595,-21885.885,-6376.724999999999,280.485,-29444.129999999997,-11644.199999999999,-4334.58
-10894.994999999999,-11542.59,-21911.625,-6395.175,311.265,-29401.739999999998,-11628.404999999999,-4336.29
-10876.68,-11562.435,-21925.215,-6409.844999999999,324.27,-29369.43,-11611.035,-4324.275
-10889.145,-11556.359999999999,-21909.239999999998,-6365.565,366.79499999999996,-29427.21,-11642.76,-4343.13
-10895.265,-11526.705,-21868.829999999998,-6285.465,385.38,-29448.855,-11640.24,-4352.175
-10886.445,-11515.365,-21869.19,-6322.905,324.135,-29464.515,-11644.289999999999,-4348.305
-10892.52,-11535.57,-21922.829999999998,-6386.085,304.515,-29468.43,-11647.664999999999,-4353.615
-10884.914999999999,-11519.234999999999,-21881.52,-6368.8949999999995,293.13,-29475.629999999997,-11652.39,-4354.155
-10897.244999999999,-11524.41,-21860.28,-6322.05,336.28499999999997,-29452.68,-11649.645,-4361.94
-10906.605,-11571.48,-21886.245,-6299.775,363.96,-29424.87,-11633.58,-4351.724999999999
-10886.76,-11540.97,-21902.805,-6343.695,294.795,-29439.36,-11654.505,-4344.389999999999
-10884.6,-11550.15,-21882.42,-6303.78,305.01,-29409.795,-11638.529999999999,-4343.13
-10867.994999999999,-11515.185,-21838.454999999998,-6301.304999999999,321.075,-29445.344999999998,-11637.09,-4335.255
-10880.369999999999,-11487.105,-21814.245,-6286.995,380.43,-29431.305,-11631.914999999999,-4345.92
-10899.539999999999,-11516.445,-21867.434999999998,-6351.57,342.495,-29407.004999999997,-11632.41,-4360.41
-10886.67,-11527.515,-21903.57,-6435.99,284.49,-29422.98,-11638.395,-4367.835
-10912.68,-11518.74,-21884.309999999998,-6425.955,373.54499999999996,-29392.739999999998,-11642.13,-4421.655
-10922.895,-11534.805,-21932.145,-6405.615,424.03499999999997,-29368.26,-11630.97,-4425.345
-10912.455,-11524.68,-21890.204999999998,-6302.7,374.31,-29435.175,-11638.215,-4384.44
-10888.199999999999,-11539.17,-21857.579999999998,-6274.844999999999,310.59,-29475.27,-11635.92,-4307.445
-10879.38,-11525.265,-21843.855,-6302.429999999999,271.03499999999997,-29457.765,-11640.96,-4329.675
-10917.27,-11490.48,-21831.39,-6305.94,324.22499999999997,-29398.59,-11641.23,-4451.8949999999995
-10914.345,-11459.07,-21795.39,-6255.54,437.085,-29368.035,-11645.775,-4506.03
-10898.64,-11443.41,-21767.085,-6155.91,560.61,-29329.02,-11619.945,-4463.1449999999995
-10859.939999999999,-11437.74,-21753.989999999998,-6165.855,467.055,-29420.46,-11632.545,-4358.295
-10916.865,-11511.765,-21832.515,-6264.719999999999,352.8,-29485.664999999997,-11679.615,-4427.595
-10977.93,-11576.475,-21923.55,-6369.12,260.055,-29486.61,-11709.09,-4484.16
-10978.38,-11615.67,-21967.965,-6439.545,196.33499999999998,-29485.754999999997,-11687.535,-4410.18
-10911.105,-11627.55,-21995.145,-6478.29,203.57999999999998,-29519.91,-11679.39,-4266.72
-10883.115,-11658.869999999999,-22045.23,-6471.8099999999995,280.395,-29485.53,-11670.705,-4235.58
-10894.41,-11596.59,-21964.77,-6398.91,303.47999999999996,-29446.469999999998,-11637.765,-4281.4349999999995
-10924.65,-11580.615,-21899.204999999998,-6350.13,296.37,-29397.87,-11616.029999999999,-4327.74
-10898.055,-11576.564999999999,-21900.329999999998,-6349.41,287.505,-29404.98,-11619.0,-4314.24
-10887.705,-11556.09,-21924.809999999998,-6397.74,247.5,-29425.004999999997,-11632.005,-4317.12
-10909.664999999999,-11556.945,-21908.204999999998,-6399.0,260.73,-29459.295,-11635.244999999999,-4327.74
-10902.96,-11569.185,-21927.42,-6386.715,292.77,-29476.305,-11636.595,-4331.5199999999995
-10901.07,-11567.025,-21921.84,-6350.49,388.8,-29400.614999999998,-11637.81,-4341.014999999999
-10867.32,-11543.265,-21895.379999999997,-6309.2699999999995,430.65,-29426.985,-11656.98,-4327.29
-10872.72,-11550.195,-21889.98,-6321.24,338.715,-29519.594999999998,-11678.58,-4312.035
-10878.255,-11535.119999999999,-21895.335,-6343.2,316.125,-29492.504999999997,-11653.515,-4321.125
-10890.945,-11539.755,-21907.62,-6329.16,354.96,-29424.195,-11628.359999999999,-4355.505
-10883.789999999999,-11502.045,-21866.67,-6301.98,426.73499999999996,-29382.075,-11627.01,-4382.505
-10881.539999999999,-11503.755,-21870.495,-6298.965,444.28499999999997,-29375.37,-11615.939999999999,-4378.545
-10918.215,-11558.16,-21914.594999999998,-6356.79,307.89,-29421.405,-11615.039999999999,-4356.675
-10918.439999999999,-11569.994999999999,-21923.145,-6384.285,252.0,-29425.23,-11624.265,-4344.12
-10915.92,-11559.555,-21920.535,-6456.78,206.14499999999998,-29478.825,-11654.865,-4332.825
-10905.48,-11557.439999999999,-21921.39,-6443.639999999999,294.21,-29466.945,-11644.38,-4333.139999999999
-10902.779999999999,-11555.64,-21920.625,-6411.42,345.195,-29434.454999999998,-11625.345,-4344.93
-10912.904999999999,-11574.494999999999,-21956.94,-6409.44,290.295,-29445.885,-11637.045,-4360.815
-10897.605,-11539.035,-21898.62,-6326.054999999999,304.38,-29414.43,-11650.545,-4378.59
-10913.895,-11534.895,-21852.315,-6281.19,353.835,-29398.32,-11648.25,-4426.74
-10936.845,-11497.005,-21841.875,-6293.205,405.71999999999997,-29403.045,-11637.449999999999,-4479.705
-10969.695,-11495.609999999999,-21806.28,-6258.375,465.435,-29423.745,-11648.295,-4492.98
-10916.145,-11519.505,-21834.855,-6292.53,382.22999999999996,-29456.73,-11658.015,-4366.17
-10809.855,-11528.82,-21892.725,-6380.82,242.82,-29494.305,-11658.465,-4188.87
-10842.615,-11526.75,-21891.375,-6387.165,251.82,-29416.094999999998,-11632.725,-4255.514999999999
-10884.51,-11541.914999999999,-21916.665,-6385.455,335.07,-29384.954999999998,-11634.029999999999,-4322.205
-10898.595,-11550.734999999999,-21881.61,-6316.0199999999995,412.78499999999997,-29415.285,-11654.64,-4340.43
-10877.984999999999,-11548.664999999999,-21885.614999999998,-6289.469999999999,370.305,-29476.98,-11674.89,-4333.005
-10873.574999999999,-11524.77,-21880.665,-6325.29,320.985,-29464.875,-11644.515,-4331.79
-10918.08,-11565.449999999999,-21903.254999999997,-6349.995,305.37,-29454.93,-11621.97,-4358.34
-10896.435,-11545.154999999999,-21926.565,-6394.23,245.88,-29533.094999999998,-11656.035,-4348.44
-10898.64,-11518.47,-21884.489999999998,-6382.755,229.85999999999999,-29556.585,-11677.32,-4375.17
-10918.17,-11548.08,-21929.04,-6431.445,205.605,-29477.745,-11653.199999999999,-4404.555
-10922.58,-11551.904999999999,-21925.844999999998,-6441.75,243.26999999999998,-29349.855,-11606.22,-4465.17
-10936.08,-11465.595,-21791.879999999997,-6189.795,558.495,-29247.524999999998,-11597.355,-4544.91
-10951.74,-11446.38,-21733.425,-6074.415,676.755,-29220.344999999998,-11587.68,-4553.19
-10963.664999999999,-11575.529999999999,-21848.129999999997,-6251.445,433.84499999999997,-29410.289999999997,-11635.289999999999,-4460.715
-10888.064999999999,-11559.24,-21927.78,-6387.3,282.78,-29463.614999999998,-11642.984999999999,-4269.555
-10841.445,-11566.574999999999,-21943.844999999998,-6414.615,253.575,-29460.105,-11665.395,-4208.805
-10918.35,-11649.465,-21989.835,-6427.304999999999,281.565,-29481.48,-11693.34,-4309.245
-10943.595,-11623.455,-21972.78,-6438.0599999999995,294.12,-29465.145,-11657.564999999999,-4326.84
-10903.77,-11541.465,-21920.94,-6406.0199999999995,294.795,-29455.065,-11626.154999999999,-4302.54
-10912.005,-11566.529999999999,-21918.6,-6375.554999999999,301.185,-29475.855,-11635.83,-4327.83
-10898.865,-11592.72,-21961.035,-6394.094999999999,291.28499999999997,-29464.155,-11656.71,-4301.91
-10869.119999999999,-11585.88,-21969.855,-6429.87,274.365,-29448.765,-11643.795,-4295.115
-10919.205,-11588.175,-21987.0,-6431.355,277.56,-29454.39,-11662.92,-4420.305
-10935.404999999999,-11555.595,-21878.594999999998,-6304.32,362.07,-29434.59,-11664.855,-4484.565
-10938.195,-11525.67,-21861.719999999998,-6344.6849999999995,355.77,-29451.239999999998,-11669.039999999999,-4476.285
-10929.24,-11528.055,-21890.475,-6453.134999999999,291.195,-29509.605,-11682.27,-4364.325
-10850.939999999999,-11513.88,-21916.17,-6407.054999999999,342.53999999999996,-29447.954999999998,-11642.355,-4267.53
-10881.18,-11478.15,-21843.945,-6321.375,395.505,-29371.815,-11587.095,-4307.58
-10908.045,-11501.955,-21832.875,-6283.889999999999,357.65999999999997,-29383.92,-11583.135,-4332.195
-10908.63,-11539.305,-21865.995,-6331.455,273.28499999999997,-29442.555,-11608.65,-4318.155
-10893.24,-11560.005,-21872.114999999998,-6337.9349999999995,258.16499999999996,-29422.53,-11611.8,-4292.37
-10898.189999999999,-11515.005,-21827.34,-6249.24,369.04499999999996,-29378.295,-11619.72,-4357.53
-10915.83,-11505.15,-21835.98,-6242.219999999999,445.185,-29434.14,-11638.664999999999,-4414.41
-10947.375,-11533.59,-21875.399999999998,-6302.745,401.265,-29458.485,-11653.515,-4420.035
-10899.09,-11545.38,-21896.504999999997,-6338.969999999999,339.12,-29482.02,-11661.119999999999,-4311.675
-10861.02,-11556.404999999999,-21899.565,-6333.03,341.82,-29470.274999999998,-11644.109999999999,-4243.365
-10872.314999999999,-11554.064999999999,-21898.215,-6339.51,338.13,-29438.19,-11619.99,-4273.065
-10906.064999999999,-11567.699999999999,-21920.085,-6370.92,304.92,-29458.395,-11641.77,-4332.24
-10905.119999999999,-11561.4,-21913.785,-6367.995,309.42,-29477.204999999998,-11676.33,-4347.045
-10885.14,-11527.56,-21875.355,-6329.5199999999995,330.21,-29470.815,-11681.82,-4339.215
-10903.814999999999,-11569.05,-21953.385,-6462.63,188.91,-29465.91,-11653.92,-4347.945
-10920.285,-11587.005,-21993.48,-6495.344999999999,195.345,-29431.98,-11630.43,-4365.675
-10912.32,-11540.789999999999,-21909.329999999998,-6387.795,280.755,-29457.989999999998,-11636.73,-4363.11
-10905.029999999999,-11564.01,-21899.204999999998,-6332.355,306.85499999999996,-29563.829999999998,-11653.199999999999,-4353.389999999999
-10922.805,-11621.52,-21995.73,-6438.509999999999,201.32999999999998,-29560.41,-11667.375,-4366.44
-10905.84,-11518.92,-21874.86,-6381.135,243.54,-29511.539999999997,-11676.195,-4382.1449999999995
-10885.095,-11493.99,-21837.51,-6300.764999999999,365.985,-29425.454999999998,-11637.81,-4345.695
-10867.14,-11520.494999999999,-21866.579999999998,-6298.74,390.78,-29413.89,-11624.625,-4301.46
-10872.63,-11513.744999999999,-21855.42,-6305.8949999999995,376.65,-29469.645,-11645.414999999999,-4319.73
-10877.939999999999,-11503.484999999999,-21893.895,-6352.83,386.235,-29485.395,-11648.52,-4331.5199999999995
-10885.545,-11530.529999999999,-21930.254999999997,-6385.1849999999995,408.15,-29434.68,-11618.145,-4330.889999999999
-10912.59,-11587.365,-21976.02,-6420.33,330.075,-29430.809999999998,-11618.865,-4350.285
-10907.865,-11529.045,-21856.274999999998,-6328.53,397.34999999999997,-29327.94,-11606.85,-4361.355
-10890.855,-11525.805,-21866.04,-6367.365,334.485,-29372.535,-11618.46,-4353.84
-10901.25,-11571.57,-21946.14,-6460.92,204.255,-29503.53,-11644.515,-4359.465
-10896.119999999999,-11522.07,-21855.375,-6280.38,325.215,-29472.57,-11650.635,-4367.97
-10876.455,-11553.255,-21913.065,-6293.925,337.635,-29426.399999999998,-11638.439999999999,-4373.505
-10896.75,-11493.27,-21831.48,-6243.12,442.08,-29323.89,-11615.58,-4438.26
-10902.645,-11456.055,-21727.53,-6143.355,507.28499999999997,-29290.14,-11596.005,-4499.865
-10921.994999999999,-11543.445,-21849.885,-6219.0,477.04499999999996,-29325.69,-11599.289999999999,-4504.995
-10975.904999999999,-11543.939999999999,-21888.765,-6290.28,432.27,-29440.98,-11670.795,-4494.6449999999995
-10968.029999999999,-11489.85,-21810.195,-6250.365,414.585,-29499.524999999998,-11693.43,-4496.355
-10963.035,-11490.795,-21804.84,-6243.12,413.37,-29445.48,-11659.095,-4465.9349999999995
-10964.835,-11587.994999999999,-21885.57,-6318.315,343.03499999999997,-29449.485,-11649.015,-4315.005
-10834.74,-11570.445,-21938.579999999998,-6425.19,228.95999999999998,-29557.125,-11681.82,-4140.36
-10850.039999999999,-11538.63,-21926.295,-6413.13,255.69,-29581.335,-11679.84,-4245.615
-10915.65,-11547.359999999999,-21912.704999999998,-6381.405,304.60499999999996,-29540.43,-11670.48,-4356.45
-10891.619999999999,-11547.135,-21918.69,-6391.304999999999,229.545,-29521.079999999998,-11650.095,-4332.195
-10910.115,-11597.895,-21955.094999999998,-6420.599999999999,225.45,-29515.23,-11652.93,-4294.575
-10884.42,-11613.645,-21985.335,-6420.96,273.06,-29465.28,-11640.779999999999,-4243.995
-10906.56,-11661.93,-22035.329999999998,-6455.88,274.77,-29425.815,-11626.289999999999,-4286.025
-10935.539999999999,-11583.27,-21938.489999999998,-6398.594999999999,299.96999999999997,-29423.07,-11640.375,-4349.025
-10921.5,-11528.55,-21898.89,-6366.6449999999995,324.495,-29431.395,-11637.765,-4348.44
-10940.939999999999,-11603.97,-21956.399999999998,-6410.969999999999,308.655,-29448.135,-11633.039999999999,-4355.19
-10904.67,-11546.189999999999,-21897.54,-6388.605,277.56,-29446.155,-11618.82,-4353.57
-10889.055,-11512.26,-21862.125,-6327.719999999999,290.96999999999997,-29474.055,-11621.609999999999,-4352.849999999999
-10903.725,-11589.255,-21945.329999999998,-6369.389999999999,242.325,-29543.175,-11655.359999999999,-4344.48
-10919.025,-11588.984999999999,-21991.05,-6464.295,205.73999999999998,-29562.885,-11702.97,-4343.67
-10887.255,-11501.414999999999,-21866.355,-6338.745,283.86,-29458.44,-11669.535,-4360.095
-10836.855,-11440.395,-21801.78,-6294.69,287.37,-29419.875,-11621.654999999999,-4347.585
-10874.789999999999,-11495.925,-21885.21,-6446.79,219.465,-29439.18,-11607.119999999999,-4355.91
-10947.33,-11588.535,-22010.715,-6573.915,252.81,-29494.664999999997,-11634.48,-4361.94
-10952.279999999999,-11598.164999999999,-22004.774999999998,-6544.62,268.515,-29524.905,-11649.869999999999,-4346.865
-10926.18,-11630.025,-22031.145,-6479.6849999999995,276.795,-29514.735,-11660.039999999999,-4330.305
-10909.98,-11572.425,-21968.864999999998,-6362.415,346.59,-29451.105,-11653.109999999999,-4347.99
-10923.84,-11523.195,-21865.23,-6328.304999999999,368.19,-29434.41,-11658.33,-4373.595
-10907.145,-11530.755,-21902.67,-6393.014999999999,351.18,-29438.504999999997,-11662.515,-4356.135
-10891.08,-11514.42,-21845.565,-6274.844999999999,430.46999999999997,-29406.239999999998,-11642.445,-4342.68
-10885.859999999999,-11508.3,-21802.77,-6198.57,440.64,-29394.495,-11620.89,-4323.96
-10895.805,-11540.52,-21876.48,-6264.945,397.84499999999997,-29408.129999999997,-11622.24,-4333.545
-10906.47,-11546.145,-21890.114999999998,-6306.974999999999,369.405,-29414.61,-11621.925,-4347.855
-10906.109999999999,-11549.025,-21892.995,-6355.215,308.07,-29432.114999999998,-11628.314999999999,-4346.415
-10901.835,-11548.08,-21901.454999999998,-6381.63,261.495,-29442.914999999997,-11641.185,-4347.0
-10912.77,-11537.369999999999,-21859.245,-6300.855,310.5,-29429.414999999997,-11639.205,-4358.34
-10911.645,-11563.38,-21913.2,-6362.1449999999995,269.955,-29463.254999999997,-11646.449999999999,-4356.72
-10902.824999999999,-11560.904999999999,-21946.59,-6427.485,282.195,-29451.914999999997,-11653.289999999999,-4356.764999999999
-10903.23,-11514.645,-21868.739999999998,-6316.695,418.09499999999997,-29401.695,-11647.98,-4365.0
-10925.46,-11547.539999999999,-21900.015,-6325.065,376.78499999999997,-29489.445,-11673.99,-4408.29
-10904.355,-11500.83,-21826.754999999997,-6218.19,418.905,-29558.655,-11687.4,-4417.245
-10906.695,-11458.89,-21765.465,-6193.44,446.085,-29477.43,-11677.275,-4441.32
-10921.814999999999,-11498.625,-21810.015,-6241.41,420.39,-29376.495,-11631.689999999999,-4450.995
-10939.77,-11566.619999999999,-21880.26,-6294.96,376.38,-29341.664999999997,-11603.07,-4429.845
-10906.83,-11553.029999999999,-21914.055,-6352.83,316.71,-29432.43,-11624.355,-4350.599999999999
-10884.285,-11478.465,-21849.03,-6319.08,353.78999999999996,-29496.105,-11686.545,-4400.91
-10903.545,-11465.82,-21779.91,-6237.045,424.395,-29453.175,-11686.005,-4488.525
-10958.265,-11524.185,-21819.96,-6232.094999999999,475.60499999999996,-29347.829999999998,-11651.895,-4543.5599999999995
-10969.289999999999,-11557.619999999999,-21881.7,-6348.105,273.645,-29476.215,-11674.619999999999,-4442.535
-10961.73,-11633.76,-21961.17,-6418.215,156.285,-29551.004999999997,-11673.27,-4333.095
-10909.395,-11682.539999999999,-22022.594999999998,-6453.495,162.45,-29549.655,-11645.189999999999,-4184.955
-10838.564999999999,-11558.07,-21964.68,-6468.57,251.82,-29500.379999999997,-11636.189999999999,-4156.875
-10890.63,-11556.045,-21952.305,-6453.99,330.57,-29441.114999999998,-11623.14,-4265.639999999999
-10914.84,-11542.5,-21918.78,-6377.625,373.995,-29418.21,-11639.385,-4343.94
-10925.01,-11530.215,-21886.155,-6315.12,372.06,-29436.66,-11665.529999999999,-4424.67
-10956.645,-11552.445,-21898.079999999998,-6357.375,254.83499999999998,-29535.254999999997,-11691.99,-4427.37
-10940.265,-11560.365,-21909.69,-6406.605,184.23,-29557.53,-11681.369999999999,-4361.715
-10902.33,-11573.955,-21955.41,-6449.175,166.85999999999999,-29505.375,-11657.43,-4309.5599999999995
-10869.39,-11560.005,-21961.665,-6478.335,164.7,-29392.02,-11606.13,-4301.099999999999
-10863.27,-11556.539999999999,-21968.1,-6451.74,254.02499999999998,-29443.094999999998,-11606.67,-4288.5
-10914.615,-11576.43,-21959.415,-6365.969999999999,412.065,-29463.704999999998,-11629.619999999999,-4315.68
-10963.125,-11578.725,-21904.379999999997,-6305.49,422.145,-29445.704999999998,-11661.119999999999,-4398.48
-10975.05,-11548.305,-21871.844999999998,-6346.349999999999,319.22999999999996,-29509.515,-11696.22,-4444.29
-10978.92,-11546.955,-21890.34,-6386.804999999999,225.495,-29556.539999999997,-11703.779999999999,-4441.005
-10932.48,-11610.404999999999,-22014.0,-6503.264999999999,93.195,-29557.98,-11689.289999999999,-4331.205
-10902.42,-11648.97,-22116.645,-6644.16,-44.144999999999996,-29518.065,-11652.48,-4267.08
-10925.505,-11640.33,-22067.055,-6557.94,37.485,-29474.864999999998,-11649.285,-4315.86
-10931.67,-11580.885,-21943.8,-6462.179999999999,184.995,-29494.395,-11687.715,-4351.545
-10939.77,-11622.15,-22003.739999999998,-6426.8099999999995,358.38,-29462.579999999998,-11674.89,-4356.2699999999995
-10891.619999999999,-11569.185,-21941.864999999998,-6258.96,573.885,-29430.18,-11634.795,-4318.695
-10863.045,-11451.6,-21741.344999999998,-6196.1849999999995,529.605,-29428.379999999997,-11636.64,-4317.075
-10880.595,-11482.289999999999,-21802.32,-6280.29,396.135,-29452.094999999998,-11649.375,-4334.3099999999995
-10890.855,-11520.135,-21874.68,-6369.795,186.93,-29461.454999999998,-11647.215,-4344.345
-10926.72,-11555.189999999999,-21894.93,-6404.175,97.695,-29457.495,-11648.385,-4373.73
-10924.47,-11607.795,-21949.515,-6429.014999999999,240.66,-29445.344999999998,-11654.145,-4372.38
-10904.535,-11574.18,-21913.379999999997,-6317.82,490.22999999999996,-29449.079999999998,-11657.385,-4355.505
-10878.75,-11473.92,-21813.48,-6246.945,558.855,-29460.914999999997,-11655.09,-4332.465
-10887.48,-11559.869999999999,-21895.11,-6320.5199999999995,424.305,-29493.405,-11650.949999999999,-4327.38
-10897.47,-11502.63,-21839.985,-6330.915,314.775,-29549.655,-11662.38,-4347.18
-10892.115,-11483.279999999999,-21825.855,-6361.605,255.73499999999999,-29522.879999999997,-11643.435,-4342.905
-10878.48,-11530.8,-21844.079999999998,-6285.554999999999,405.585,-29457.495,-11653.38,-4332.51
-10873.845,-11535.795,-21860.82,-6208.469999999999,563.895,-29371.05,-11646.63,-4343.445
-10858.904999999999,-11451.24,-21805.155,-6281.505,353.43,-29417.94,-11639.025,-4372.965
-10880.369999999999,-11429.595,-21775.995,-6231.465,452.96999999999997,-29332.98,-11617.064999999999,-4406.355
-10933.83,-11507.4,-21840.165,-6268.23,407.745,-29394.765,-11628.314999999999,-4439.07
-10946.564999999999,-11524.814999999999,-21857.309999999998,-6317.639999999999,336.555,-29455.515,-11665.08,-4444.29
-11011.814999999999,-11564.234999999999,-21882.465,-6303.87,391.72499999999997,-29413.079999999998,-11665.664999999999,-4506.21
-10998.72,-11568.33,-21889.53,-6308.505,439.02,-29365.245,-11644.83,-4462.29
-10884.869999999999,-11551.994999999999,-21899.07,-6320.429999999999,410.21999999999997,-29426.76,-11644.92,-4321.26
-10882.935,-11610.63,-21959.864999999998,-6380.505,294.93,-29474.504999999997,-11642.895,-4276.44
-10872.404999999999,-11538.539999999999,-21909.285,-6374.925,186.29999999999998,-29540.925,-11667.734999999999,-4282.695
-10857.015,-11453.715,-21817.53,-6321.599999999999,197.14499999999998,-29582.414999999997,-11681.145,-4349.115
-10881.314999999999,-11474.64,-21853.665,-6331.455,272.52,-29525.805,-11663.279999999999,-4422.51
-10947.33,-11537.369999999999,-21897.855,-6339.6449999999995,346.77,-29407.14,-11638.305,-4470.615
-11059.56,-11589.885,-21902.129999999997,-6379.38,295.60499999999996,-29373.3,-11634.39,-4500.54
-11001.465,-11661.525,-22007.114999999998,-6475.005,222.255,-29498.175,-11660.895,-4334.8949999999995
-10929.24,-11598.119999999999,-21956.535,-6412.95,305.72999999999996,-29487.555,-11664.945,-4317.75
-10895.625,-11537.91,-21913.02,-6406.245,258.705,-29475.989999999998,-11665.935,-4325.535
-10884.375,-11561.984999999999,-21936.105,-6442.245,162.0,-29430.405,-11645.82,-4275.945
-10859.67,-11559.6,-21925.44,-6396.389999999999,234.26999999999998,-29386.53,-11621.16,-4245.389999999999
-10877.265,-11542.59,-21895.965,-6361.514999999999,287.19,-29499.12,-11661.975,-4306.905
-10890.045,-11551.814999999999,-21946.23,-6430.679999999999,268.695,-29523.51,-11695.455,-4361.445
-10923.3,-11573.055,-21958.02,-6416.009999999999,358.695,-29467.8,-11676.105,-4371.165
-10902.24,-11572.47,-21943.89,-6340.815,370.215,-29459.745,-11657.564999999999,-4331.745
-10887.3,-11505.869999999999,-21852.135,-6324.165,384.885,-29435.85,-11652.48,-4313.97
-10932.66,-11619.404999999999,-21973.68,-6355.44,393.3,-29437.2,-11622.465,-4332.87
-10934.595,-11609.324999999999,-21958.065,-6387.57,347.35499999999996,-29532.195,-11647.08,-4364.955
-10949.939999999999,-11573.46,-21968.145,-6447.105,321.705,-29562.12,-11684.52,-4409.1449999999995
-10952.055,-11542.68,-21953.565,-6439.41,261.18,-29548.98,-11701.619999999999,-4426.38
-10920.6,-11598.885,-22048.02,-6576.389999999999,73.08,-29547.135,-11681.865,-4371.48
-10947.42,-11619.27,-21973.905,-6474.105,163.79999999999998,-29496.239999999998,-11654.055,-4386.15
-10933.875,-11554.064999999999,-21856.23,-6320.25,342.09,-29436.48,-11642.535,-4356.0
-10897.289999999999,-11528.82,-21868.649999999998,-6335.325,382.59,-29469.015,-11666.25,-4313.79
-10874.385,-11550.6,-21898.35,-6383.969999999999,336.28499999999997,-29502.855,-11658.285,-4285.98
-10908.63,-11576.88,-21927.105,-6341.4,358.60499999999996,-29483.73,-11650.68,-4303.035
-10892.43,-11507.49,-21830.985,-6263.01,385.56,-29470.364999999998,-11654.73,-4321.17
-10886.13,-11504.835,-21805.695,-6230.88,397.305,-29448.539999999997,-11652.84,-4323.285
-10888.875,-11516.445,-21835.575,-6239.205,435.59999999999997,-29395.8,-11630.025,-4323.33
-10900.664999999999,-11519.865,-21859.605,-6307.83,382.77,-29423.34,-11638.664999999999,-4336.38
-10909.619999999999,-11537.865,-21896.055,-6356.205,314.235,-29452.23,-11644.875,-4343.49
-10904.535,-11568.869999999999,-21922.29,-6361.65,251.325,-29470.14,-11642.445,-4339.26
-10900.484999999999,-11569.365,-21933.315,-6370.38,279.18,-29465.28,-11645.324999999999,-4340.79
-10909.664999999999,-11525.31,-21883.23,-6320.429999999999,361.16999999999996,-29429.145,-11642.58,-4350.15
-10923.615,-11555.369999999999,-21882.915,-6304.724999999999,375.075,-29430.539999999997,-11648.205,-4357.845
-10917.539999999999,-11576.835,-21910.094999999998,-6330.87,381.28499999999997,-29427.434999999998,-11654.055,-4356.72
-10877.085,-11471.895,-21820.364999999998,-6249.105,503.72999999999996,-29386.98,-11656.08,-4345.965
-10877.535,-11485.664999999999,-21833.415,-6263.775,409.005,-29445.704999999998,-11644.515,-4345.425
-10912.185,-11523.869999999999,-21866.129999999997,-6340.59,285.47999999999996,-29514.78,-11667.51,-4371.389999999999
-10922.49,-11567.07,-21891.825,-6336.675,315.675,-29477.34,-11667.24,-4377.465
-10933.199999999999,-11565.359999999999,-21899.204999999998,-6335.054999999999,334.71,-29438.954999999998,-11654.414999999999,-4398.795
-10944.72,-11519.055,-21865.094999999998,-6342.48,287.01,-29500.92,-11684.16,-4430.565
-10927.664999999999,-11534.175,-21873.645,-6325.245,306.945,-29495.789999999997,-11675.789999999999,-4413.96
-10911.689999999999,-11491.605,-21832.965,-6291.45,375.34499999999997,-29444.76,-11655.63,-4393.485
-10915.289999999999,-11494.845,-21846.059999999998,-6292.215,405.585,-29451.914999999997,-11657.295,-4396.95
