ch0,ch1,ch2,ch3,ch4,ch5,ch6,ch7
-10503.72,-11482.965,-21715.379999999997,-6255.405,276.34499999999997,-28661.85,-9937.215,-4495.679999999999
-10482.345,-11416.365,-21604.815,-6165.63,265.86,-28688.355,-9928.89,-4483.665
-10469.16,-11411.414999999999,-21654.315,-6247.26,286.83,-28715.445,-9931.095,-4479.525
-10493.73,-11471.265,-21735.18,-6343.5599999999995,280.66499999999996,-28731.195,-9946.17,-4495.32
-10524.285,-11499.3,-21735.54,-6402.42,168.93,-28748.969999999998,-9970.74,-4516.245
-10523.34,-11498.445,-21708.54,-6383.745,-34.29,-28769.129999999997,-9959.039999999999,-4511.295
-10499.175,-11445.57,-21659.309999999998,-6289.92,81.13499999999999,-28704.015,-9920.07,-4491.405
-10480.23,-11431.664999999999,-21663.315,-6237.54,353.835,-28591.829999999998,-9884.07,-4471.47
-10458.494999999999,-11408.4,-21610.8,-6197.535,552.6,-28566.27,-9895.59,-4460.175
-10452.914999999999,-11444.265,-21692.879999999997,-6304.545,436.815,-28638.675,-9899.955,-4452.66
-10486.935,-11482.56,-21739.995,-6323.04,380.025,-28667.43,-9924.93,-4479.12
-10476.18,-11352.33,-21524.805,-6050.07,468.495,-28650.42,-9944.279999999999,-4491.54
-10485.18,-11375.369999999999,-21504.105,-6016.32,429.93,-28627.155,-9950.445,-4512.33
-10495.395,-11427.435,-21576.015,-6064.155,442.97999999999996,-28608.164999999997,-9944.234999999999,-4541.13
-10503.09,-11405.52,-21595.14,-6111.54,462.645,-28575.0,-9918.225,-4566.51
-10535.22,-11403.945,-21628.395,-6179.804999999999,413.90999999999997,-28625.219999999998,-9936.765,-4623.345
-10588.23,-11412.225,-21601.395,-6181.65,367.56,-28667.745,-9948.24,-4648.1849999999995
-10616.265,-11474.595,-21632.219999999998,-6237.8099999999995,336.735,-28678.23,-9952.425,-4670.91
-10536.164999999999,-11484.09,-21740.355,-6379.83,285.03,-28705.364999999998,-9932.49,-4563.63
-10476.539999999999,-11455.92,-21721.274999999998,-6328.304999999999,306.135,-28645.785,-9917.595,-4494.96
-10442.295,-11402.64,-21674.07,-6198.344999999999,374.985,-28563.84,-9861.39,-4508.235
-10483.425,-11432.97,-21683.475,-6248.925,359.01,-28673.414999999997,-9934.965,-4540.86
-10493.234999999999,-11335.904999999999,-21529.53,-6163.065,367.46999999999997,-28683.539999999997,-10013.445,-4576.139999999999
-10513.619999999999,-11401.83,-21587.355,-6195.33,341.055,-28638.495,-9961.289999999999,-4502.34
-10489.68,-11503.529999999999,-21735.855,-6358.455,208.62,-28690.245,-9888.48,-4340.474999999999
-10489.275,-11502.449999999999,-21734.415,-6367.23,187.695,-28768.5,-9885.824999999999,-4387.095
-10502.279999999999,-11518.74,-21751.2,-6374.205,190.035,-28731.42,-9857.744999999999,-4411.53
-10436.355,-11444.445,-21720.239999999998,-6320.565,259.425,-28714.41,-9895.815,-4374.0
-10431.945,-11428.02,-21725.055,-6339.87,229.5,-28713.645,-9903.42,-4370.625
-10484.19,-11493.225,-21756.96,-6334.245,205.695,-28684.17,-9887.535,-4402.035
-10494.855,-11519.82,-21733.739999999998,-6264.585,277.11,-28730.835,-9925.515,-4423.275
-10479.33,-11427.3,-21615.344999999998,-6191.054999999999,351.22499999999997,-28764.045,-9964.574999999999,-4454.37
-10478.115,-11419.244999999999,-21633.885,-6238.9349999999995,249.52499999999998,-28800.539999999997,-9970.425,-4472.639999999999
-10462.095,-11410.605,-21618.09,-6199.5599999999995,268.78499999999997,-28747.664999999997,-9920.744999999999,-4459.545
-10476.494999999999,-11398.005,-21601.665,-6257.88,312.255,-28715.94,-9918.09,-4487.67
-10516.365,-11441.115,-21682.8,-6336.2699999999995,327.87,-28652.94,-9924.57,-4534.425
-10538.055,-11452.23,-21685.14,-6248.655,324.405,-28639.35,-9914.13,-4547.474999999999
-10539.539999999999,-11507.984999999999,-21770.415,-6312.24,167.98499999999999,-28740.914999999997,-9935.414999999999,-4511.295
-10508.22,-11549.295,-21819.69,-6428.79,98.82,-28772.954999999998,-9970.38,-4453.065
-10507.365,-11502.0,-21779.415,-6398.325,269.145,-28747.71,-10000.305,-4481.099999999999
-10526.355,-11495.115,-21759.93,-6314.849999999999,372.33,-28717.065,-10003.994999999999,-4514.715
-10519.109999999999,-11485.664999999999,-21678.795,-6191.639999999999,365.085,-28705.995,-9966.914999999999,-4508.82
-10488.779999999999,-11416.949999999999,-21622.23,-6181.65,332.55,-28697.985,-9928.035,-4489.785
-10482.164999999999,-11431.125,-21679.29,-6312.825,280.62,-28677.96,-9878.535,-4472.82
-10486.035,-11436.705,-21699.855,-6337.889999999999,316.44,-28648.62,-9856.664999999999,-4459.905
-10492.83,-11444.939999999999,-21703.545,-6299.01,315.765,-28651.094999999998,-9876.465,-4469.13
-10528.065,-11521.305,-21702.42,-6260.8949999999995,221.89499999999998,-28686.465,-9904.59,-4503.42
-10510.605,-11465.145,-21677.579999999998,-6261.3,233.23499999999999,-28750.364999999998,-9945.72,-4502.835
-10498.994999999999,-11424.869999999999,-21648.78,-6314.58,236.295,-28735.965,-9930.645,-4492.44
-10478.565,-11436.074999999999,-21653.864999999998,-6380.325,240.66,-28721.34,-9941.4,-4478.58
-10497.195,-11453.355,-21671.28,-6350.219999999999,269.73,-28704.51,-9954.27,-4497.615
-10493.595,-11478.195,-21733.065,-6278.985,299.34,-28697.715,-9951.48,-4497.705
-10480.994999999999,-11420.189999999999,-21641.355,-6209.91,304.92,-28698.614999999998,-9941.76,-4489.965
-10510.605,-11430.539999999999,-21638.295,-6222.915,259.875,-28709.504999999997,-9915.21,-4496.445
-10499.265,-11445.66,-21638.565,-6242.49,157.185,-28679.76,-9940.14,-4488.929999999999
-10489.14,-11424.645,-21648.329999999998,-6304.32,185.31,-28670.309999999998,-9984.96,-4497.345
-10480.994999999999,-11402.55,-21630.51,-6308.505,378.85499999999996,-28649.385,-9965.565,-4488.21
-10473.029999999999,-11424.779999999999,-21720.195,-6276.285,344.385,-28693.844999999998,-9933.795,-4498.605
-10519.289999999999,-11422.125,-21693.015,-6182.46,226.89,-28659.465,-9887.13,-4581.45
-10557.404999999999,-11437.965,-21634.155,-6173.054999999999,223.875,-28588.59,-9848.25,-4637.925
-10579.77,-11455.65,-21623.85,-6289.92,100.35,-28581.12,-9895.77,-4627.349999999999
-10562.445,-11497.904999999999,-21701.655,-6353.37,197.505,-28645.335,-9975.869999999999,-4570.245
-10589.535,-11483.414999999999,-21644.73,-6177.24,379.08,-28680.164999999997,-9973.89,-4609.755
-10546.065,-11453.13,-21655.215,-6196.275,393.34499999999997,-28684.35,-9928.305,-4632.974999999999
-10559.565,-11460.555,-21701.879999999997,-6340.23,329.625,-28679.579999999998,-9909.72,-4653.135
-10587.33,-11460.24,-21655.98,-6275.429999999999,501.435,-28688.309999999998,-9879.345,-4553.505
-10472.94,-11426.445,-21675.059999999998,-6313.5,330.03,-28752.84,-9895.815,-4399.785
-10456.74,-11406.015,-21625.155,-6227.82,219.105,-28728.855,-9955.845,-4428.495
-10513.08,-11442.555,-21628.62,-6172.605,322.02,-28640.969999999998,-9952.244999999999,-4463.595
-10502.91,-11491.515,-21682.44,-6271.29,211.67999999999998,-28690.469999999998,-9983.385,-4388.4
-10503.135,-11531.789999999999,-21793.86,-6415.65,156.375,-28715.399999999998,-9960.93,-4395.915
-10516.815,-11542.455,-21832.469999999998,-6530.8949999999995,124.695,-28732.545,-9971.19,-4451.58
-10497.734999999999,-11502.18,-21832.965,-6559.695,-74.52,-28789.289999999997,-10009.89,-4486.635
-10522.935,-11537.775,-21864.195,-6600.735,-226.845,-28906.92,-10011.555,-4503.69
-10523.744999999999,-11572.875,-21945.69,-6487.469999999999,103.77,-28815.57,-9928.89,-4450.365
-10444.455,-11501.46,-21886.605,-6339.42,452.655,-28709.64,-9923.805,-4373.235
-10476.81,-11446.38,-21642.344999999998,-6172.11,495.04499999999996,-28620.045,-9951.615,-4446.224999999999
-10475.324999999999,-11432.564999999999,-21643.245,-6200.639999999999,394.875,-28583.73,-9921.015,-4458.78
-10473.39,-11427.48,-21674.745,-6257.925,365.49,-28607.805,-9898.875,-4457.385
-10454.13,-11359.98,-21525.12,-6069.465,491.76,-28629.405,-9889.56,-4451.49
-10467.449999999999,-11391.255,-21562.155,-6112.665,435.555,-28624.454999999998,-9887.984999999999,-4456.304999999999
-10480.455,-11404.98,-21583.8,-6163.065,450.405,-28593.27,-9892.845,-4462.92
-10468.395,-11415.33,-21636.405,-6221.5199999999995,418.005,-28610.64,-9895.23,-4459.1849999999995
-10471.859999999999,-11434.275,-21745.98,-6316.245,320.67,-28639.53,-9869.805,-4461.389999999999
-10464.39,-11426.984999999999,-21697.875,-6274.26,226.935,-28709.145,-9883.395,-4453.29
-10488.824999999999,-11450.16,-21570.93,-6162.12,301.905,-28720.44,-9899.279999999999,-4468.095
-10506.285,-11493.18,-21671.504999999997,-6265.44,313.78499999999997,-28666.395,-9908.279999999999,-4485.69
-10484.324999999999,-11445.615,-21747.42,-6449.4,193.185,-28656.09,-9911.025,-4469.22
-10483.47,-11412.27,-21768.39,-6478.965,140.98499999999999,-28659.195,-9913.32,-4472.505
-10518.795,-11491.47,-21899.43,-6544.665,64.35,-28712.16,-9918.494999999999,-4503.554999999999
-10541.699999999999,-11555.64,-21844.575,-6434.865,167.89499999999998,-28659.87,-9899.145,-4513.32
-10543.815,-11603.295,-21917.024999999998,-6599.88,13.77,-28720.53,-9902.925,-4504.635
-10537.965,-11567.97,-21944.114999999998,-6700.815,-196.92,-28898.37,-9961.74,-4512.554999999999
-10528.38,-11423.835,-21679.965,-6445.44,-249.84,-28835.055,-9965.789999999999,-4534.65
-10516.68,-11354.535,-21530.34,-6218.639999999999,89.19,-28616.445,-9947.205,-4545.045
-10503.72,-11379.33,-21587.715,-6262.605,248.89499999999998,-28531.26,-9936.27,-4542.929999999999
-10500.93,-11458.664999999999,-21628.125,-6156.045,466.38,-28537.335,-9931.994999999999,-4503.735
-10387.35,-11326.365,-21492.945,-5985.045,680.7149999999999,-28615.86,-9887.625,-4420.3949999999995
-10432.08,-11294.595,-21551.67,-6168.24,574.3349999999999,-28527.075,-9877.859999999999,-4549.59
-10580.94,-11335.994999999999,-21554.235,-6109.245,606.645,-28495.754999999997,-9882.494999999999,-4787.1449999999995
-10663.875,-11343.24,-21486.015,-6079.7699999999995,464.4,-28536.3,-9877.994999999999,-4866.165
-10643.58,-11498.039999999999,-21713.805,-6346.9349999999995,59.22,-28629.0,-9887.94,-4694.804999999999
-10566.63,-11643.029999999999,-21896.055,-6485.264999999999,-114.83999999999999,-28726.155,-9934.109999999999,-4397.355
-10471.725,-11533.545,-21745.71,-6369.03,141.70499999999998,-28761.21,-9990.765,-4293.495
-10412.279999999999,-11381.039999999999,-21519.405,-5979.87,684.9,-28707.84,-9971.055,-4353.93
-10435.185,-11382.525,-21595.905,-6112.17,604.62,-28618.515,-9896.76,-4425.615
-10482.525,-11421.404999999999,-21667.14,-6226.469999999999,453.645,-28642.77,-9880.965,-4497.389999999999
-10499.58,-11440.35,-21690.989999999998,-6248.88,434.745,-28632.329999999998,-9925.515,-4518.8099999999995
-10491.119999999999,-11473.289999999999,-21677.76,-6259.365,362.25,-28624.77,-9936.225,-4487.264999999999
-10525.32,-11496.555,-21698.82,-6322.815,138.15,-28679.265,-9945.315,-4469.849999999999
-10506.555,-11513.07,-21746.61,-6317.55,193.005,-28669.23,-9979.83,-4432.365
-10446.57,-11388.24,-21578.085,-6131.295,484.10999999999996,-28571.579999999998,-9982.17,-4459.095
-10451.565,-11349.765,-21496.815,-6052.41,448.2,-28568.07,-9926.369999999999,-4508.19
-10528.47,-11355.029999999999,-21523.545,-6101.55,397.97999999999996,-28593.855,-9937.89,-4617.9
-10627.965,-11385.09,-21557.52,-6165.855,367.245,-28638.855,-9916.695,-4707.36
-10637.955,-11467.664999999999,-21658.274999999998,-6285.554999999999,244.035,-28687.05,-9878.22,-4669.29
-10528.83,-11534.175,-21817.89,-6408.405,179.82,-28734.975,-9957.06,-4466.97
-10436.13,-11495.97,-21778.965,-6343.245,246.95999999999998,-28728.495,-9978.705,-4303.44
-10464.705,-11470.994999999999,-21734.055,-6327.8099999999995,296.41499999999996,-28709.954999999998,-9941.895,-4356.495
-10460.52,-11448.494999999999,-21714.12,-6330.6449999999995,314.28,-28684.215,-9924.48,-4407.21
-10472.58,-11461.095,-21695.67,-6338.655,206.28,-28664.37,-9876.375,-4443.525
-10454.67,-11412.359999999999,-21616.965,-6277.005,224.01,-28624.23,-9866.16,-4435.605
-10467.945,-11412.63,-21661.605,-6303.69,206.01,-28624.14,-9891.72,-4436.415
-10497.105,-11473.605,-21704.355,-6286.275,182.92499999999998,-28645.739999999998,-9868.185,-4426.29
-10463.715,-11419.38,-21637.53,-6256.844999999999,264.59999999999997,-28662.434999999998,-9886.994999999999,-4423.095
-10479.375,-11449.305,-21723.165,-6408.179999999999,238.67999999999998,-28664.73,-9914.67,-4442.804999999999
-10487.654999999999,-11477.699999999999,-21761.415,-6452.505,175.005,-28717.02,-9932.49,-4458.24
-10508.039999999999,-11496.869999999999,-21836.79,-6496.785,121.545,-28766.07,-9945.135,-4482.495
-10516.185,-11461.859999999999,-21827.969999999998,-6448.275,130.85999999999999,-28681.695,-9919.619999999999,-4491.36
-10533.869999999999,-11490.885,-21813.21,-6385.32,173.745,-28605.105,-9915.345,-4509.585
-10504.89,-11457.404999999999,-21701.879999999997,-6212.655,333.81,-28637.01,-9927.045,-4493.025
-10467.449999999999,-11400.119999999999,-21616.695,-6198.165,381.195,-28656.09,-9944.055,-4469.445
-10480.455,-11431.664999999999,-21731.715,-6359.13,308.205,-28643.985,-9896.039999999999,-4467.51
-10507.545,-11499.48,-21800.565,-6406.245,236.745,-28674.945,-9881.414999999999,-4471.11
-10517.445,-11489.13,-21720.42,-6276.285,305.01,-28652.76,-9894.69,-4489.065
-10501.875,-11426.939999999999,-21611.43,-6189.165,360.9,-28637.1,-9890.234999999999,-4490.1449999999995
-10492.74,-11402.234999999999,-21621.015,-6172.5599999999995,339.65999999999997,-28660.32,-9912.15,-4490.73
-10501.83,-11420.279999999999,-21641.94,-6270.705,200.07,-28620.989999999998,-9906.029999999999,-4493.88
-10497.105,-11451.779999999999,-21641.445,-6314.985,97.515,-28657.575,-9887.94,-4477.41
-10458.09,-11401.064999999999,-21637.44,-6202.215,287.145,-28731.239999999998,-9910.664999999999,-4457.429999999999
-10457.279999999999,-11381.58,-21598.965,-6183.945,445.14,-28664.594999999998,-9888.705,-4462.785
-10488.779999999999,-11446.02,-21636.315,-6220.755,404.145,-28658.204999999998,-9910.26,-4481.73
-10503.225,-11421.72,-21631.77,-6259.005,161.91,-28718.864999999998,-9956.789999999999,-4505.264999999999
-10495.89,-11398.185,-21651.48,-6333.929999999999,103.185,-28723.545,-9962.775,-4504.005
-10510.965,-11498.939999999999,-21750.39,-6334.514999999999,338.76,-28651.364999999998,-9928.08,-4500.045
-10482.029999999999,-11391.48,-21582.36,-6093.585,579.375,-28621.395,-9924.164999999999,-4480.0199999999995
-10491.029999999999,-11389.455,-21571.02,-6112.349999999999,416.655,-28603.89,-9896.4,-4494.96
-10494.494999999999,-11400.48,-21593.43,-6133.86,345.645,-28629.675,-9897.885,-4513.7699999999995
-10501.92,-11420.55,-21637.89,-6271.0199999999995,276.34499999999997,-28663.245,-9917.865,-4520.79
-10528.605,-11477.115,-21754.934999999998,-6534.224999999999,70.92,-28724.489999999998,-9929.925,-4539.375
-10487.43,-11424.555,-21677.579999999998,-6489.54,161.73,-28686.42,-9903.33,-4509.315
-10413.359999999999,-11311.109999999999,-21580.92,-6223.7699999999995,349.60499999999996,-28627.11,-9885.33,-4505.445
-10465.244999999999,-11311.605,-21552.704999999998,-6064.875,489.73499999999996,-28567.44,-9878.76,-4609.665
-10671.39,-11471.22,-21672.27,-6208.695,474.21,-28543.86,-9895.77,-4778.775
-10757.115,-11578.275,-21764.655,-6318.2699999999995,357.39,-28600.155,-9926.82,-4768.29
-10650.645,-11502.314999999999,-21664.844999999998,-6406.92,171.35999999999999,-28739.295,-10017.494999999999,-4638.195
-10525.275,-11506.68,-21785.94,-6508.665,175.41,-28824.3,-10028.07,-4460.535
-10430.505,-11463.119999999999,-21850.245,-6523.155,132.345,-28740.87,-9953.279999999999,-4372.785
-10432.35,-11505.42,-21852.18,-6434.55,51.434999999999995,-28602.855,-9895.545,-4315.724999999999
-10427.895,-11525.13,-21873.195,-6415.469999999999,112.365,-28530.315,-9857.205,-4288.005
-10469.789999999999,-11423.115,-21557.7,-6083.594999999999,483.885,-28668.87,-9882.494999999999,-4376.88
-10425.779999999999,-11340.9,-21418.29,-5981.04,586.89,-28811.07,-9900.63,-4370.13
-10449.765,-11431.89,-21642.344999999998,-6236.37,244.17,-28813.32,-9893.43,-4384.845
-10471.904999999999,-11451.105,-21646.305,-6173.6849999999995,229.32,-28704.914999999997,-9889.47,-4414.05
-10468.8,-11400.615,-21575.114999999998,-6073.74,473.98499999999996,-28606.274999999998,-9844.56,-4426.92
-10473.84,-11416.41,-21637.934999999998,-6218.325,359.145,-28657.89,-9860.67,-4448.025
-10499.49,-11487.734999999999,-21735.54,-6313.139999999999,146.51999999999998,-28707.614999999998,-9883.8,-4469.67
-10491.029999999999,-11449.755,-21712.815,-6308.73,80.91,-28725.704999999998,-9908.82,-4478.535
-10505.565,-11422.529999999999,-21658.5,-6227.82,290.52,-28660.14,-9915.975,-4491.36
-10524.869999999999,-11486.699999999999,-21784.905,-6271.065,434.745,-28622.7,-9929.34,-4505.985
-10503.945,-11508.029999999999,-21798.809999999998,-6338.5199999999995,239.76,-28740.42,-9952.47,-4512.96
-10521.494999999999,-11465.055,-21742.695,-6455.205,33.3,-28845.09,-9995.895,-4565.34
-10563.57,-11446.56,-21679.695,-6272.55,285.435,-28768.905,-9988.38,-4594.635
-10510.065,-11424.015,-21590.01,-6135.795,550.71,-28615.14,-9891.494999999999,-4473.855
-10453.635,-11429.189999999999,-21698.73,-6321.195,436.72499999999997,-28638.899999999998,-9883.935,-4389.075
-10461.96,-11421.945,-21703.23,-6369.75,315.045,-28653.03,-9878.94,-4426.155
-10469.475,-11426.939999999999,-21692.114999999998,-6314.445,263.655,-28665.405,-9868.095,-4444.514999999999
-10500.48,-11461.095,-21727.079999999998,-6373.665,123.92999999999999,-28695.059999999998,-9906.39,-4477.679999999999
-10540.305,-11493.18,-21743.145,-6332.94,126.675,-28706.94,-9925.695,-4513.7699999999995
-10528.65,-11434.77,-21590.594999999998,-6144.525,332.37,-28689.03,-9904.68,-4510.53
-10498.455,-11407.77,-21553.515,-6106.094999999999,397.71,-28684.44,-9925.695,-4507.47
-10481.22,-11418.164999999999,-21585.42,-6175.26,381.91499999999996,-28657.395,-9916.515,-4494.554999999999
-10490.355,-11424.24,-21676.274999999998,-6419.205,182.475,-28745.64,-9925.199999999999,-4484.07
-10477.529999999999,-11408.22,-21685.77,-6479.054999999999,173.295,-28775.7,-9938.205,-4459.995
-10529.865,-11481.029999999999,-21817.53,-6595.155,218.42999999999998,-28631.34,-9883.89,-4507.514999999999
-10555.83,-11499.705,-21839.85,-6550.155,276.885,-28493.82,-9836.91,-4569.165
-10504.305,-11401.154999999999,-21663.45,-6343.92,223.33499999999998,-28647.945,-9914.49,-4580.19
-10527.39,-11350.98,-21514.995,-6035.67,323.505,-28750.364999999998,-9920.654999999999,-4620.33
-10549.755,-11363.805,-21519.765,-5933.34,528.03,-28663.829999999998,-9875.16,-4626.72
-10587.69,-11421.539999999999,-21617.505,-6059.565,398.29499999999996,-28695.735,-9919.935,-4667.3099999999995
-10576.44,-11446.605,-21610.44,-6124.094999999999,298.53,-28708.829999999998,-9941.22,-4586.13
-10434.465,-11394.27,-21606.704999999998,-6184.44,319.545,-28726.739999999998,-9946.98,-4375.44
-10437.795,-11443.904999999999,-21651.614999999998,-6255.405,294.435,-28732.995,-9926.595,-4335.48
-10453.455,-11410.199999999999,-21608.55,-6206.849999999999,334.97999999999996,-28700.594999999998,-9905.94,-4414.365
-10452.42,-11384.595,-21615.84,-6160.1849999999995,402.03,-28685.565,-9908.279999999999,-4471.83
-10512.404999999999,-11440.664999999999,-21672.225,-6198.84,418.455,-28642.274999999998,-9876.42,-4538.565
-10519.154999999999,-11473.785,-21677.175,-6211.3949999999995,399.555,-28671.344999999998,-9866.744999999999,-4495.005
-10415.789999999999,-11390.805,-21609.989999999998,-6152.264999999999,390.015,-28697.715,-9862.02,-4384.845
-10438.56,-11391.615,-21596.355,-6200.054999999999,306.585,-28689.704999999998,-9886.005,-4370.175
-10448.955,-11468.475,-21723.614999999998,-6289.83,281.745,-28659.51,-9871.695,-4356.72
-10514.43,-11501.955,-21782.34,-6374.295,296.28,-28704.78,-9914.715,-4423.815
-10531.17,-11490.39,-21789.629999999997,-6466.7699999999995,109.21499999999999,-28802.969999999998,-9946.574999999999,-4466.565
-10545.119999999999,-11536.289999999999,-21883.77,-6571.62,-85.185,-28804.59,-9918.315,-4486.545
-10535.85,-11512.755,-21816.495,-6483.6449999999995,43.019999999999996,-28725.704999999998,-9905.355,-4504.545
-10511.369999999999,-11440.89,-21673.53,-6218.6849999999995,210.23999999999998,-28745.91,-9928.35,-4522.23
-10526.85,-11408.67,-21567.51,-6180.615,152.775,-28810.035,-9960.39,-4559.94
-10565.19,-11490.119999999999,-21669.75,-6265.215,270.045,-28653.975,-9933.615,-4544.01
-10526.85,-11472.48,-21750.39,-6275.925,505.215,-28567.98,-9920.52,-4475.835
-10531.755,-11456.64,-21765.015,-6180.615,588.375,-28626.795,-9942.705,-4519.845
-10550.97,-11459.88,-21754.17,-6300.09,423.81,-28694.07,-9927.72,-4567.365
-10553.355,-11489.085,-21797.415,-6626.655,241.605,-28702.305,-9917.595,-4558.905
-10557.945,-11499.345,-21761.73,-6528.24,261.495,-28700.1,-9909.359999999999,-4546.98
-10498.994999999999,-11425.635,-21595.5,-6209.054999999999,341.09999999999997,-28705.995,-9911.97,-4451.04
-10451.295,-11398.095,-21587.489999999998,-6075.45,356.21999999999997,-28652.445,-9862.425,-4397.264999999999
-10475.055,-11482.695,-21708.855,-6272.28,200.475,-28713.51,-9894.195,-4428.855
-10485.945,-11503.845,-21765.329999999998,-6398.82,58.184999999999995,-28789.515,-9904.59,-4435.245
-10488.465,-11429.505,-21686.129999999997,-6388.29,-31.544999999999998,-28770.66,-9876.105,-4441.455
-10507.545,-11476.98,-21739.68,-6375.465,188.685,-28725.84,-9896.039999999999,-4464.72
-10478.97,-11409.029999999999,-21643.559999999998,-6206.085,480.41999999999996,-28684.575,-9893.654999999999,-4460.3099999999995
-10459.89,-11388.24,-21598.739999999998,-6126.615,460.215,-28657.844999999998,-9902.205,-4450.455
-10493.01,-11413.89,-21577.545,-6059.07,443.835,-28615.545,-9911.88,-4478.13
-10512.539999999999,-11439.27,-21630.105,-6144.615,407.925,-28630.664999999997,-9899.64,-4488.75
-10519.83,-11443.59,-21675.015,-6301.889999999999,257.31,-28702.035,-9933.615,-4511.655
-10543.14,-11452.32,-21708.315,-6419.835,115.425,-28769.895,-9976.23,-4578.48
-10544.85,-11437.74,-21763.89,-6419.115,114.03,-28703.43,-9967.005,-4671.405
-10599.615,-11466.494999999999,-21726.27,-6268.815,355.185,-28572.3,-9937.98,-4786.5599999999995
-10547.595,-11370.689999999999,-21506.715,-6048.945,500.66999999999996,-28536.975,-9858.645,-4647.51
-10510.154999999999,-11335.23,-21499.92,-6118.155,380.385,-28648.53,-9874.664999999999,-4488.12
-10482.93,-11521.89,-21775.635,-6370.605,193.275,-28791.045,-9951.975,-4318.245
-10446.119999999999,-11515.32,-21780.675,-6319.575,275.13,-28829.879999999997,-9999.225,-4341.735
-10498.994999999999,-11482.244999999999,-21679.02,-6261.705,293.94,-28764.809999999998,-9975.285,-4453.065
-10531.44,-11481.975,-21715.875,-6340.23,208.07999999999998,-28708.289999999997,-9885.824999999999,-4491.135
-10555.83,-11462.895,-21658.995,-6231.51,323.055,-28664.73,-9912.195,-4551.885
-10524.465,-11423.609999999999,-21612.42,-6123.554999999999,480.73499999999996,-28595.969999999998,-9903.195,-4531.995
-10515.96,-11443.095,-21661.379999999997,-6212.655,394.335,-28578.015,-9836.865,-4488.345
-10452.734999999999,-11366.46,-21607.92,-6275.474999999999,295.74,-28643.625,-9847.17,-4424.13
-10465.38,-11434.77,-21719.969999999998,-6409.44,213.795,-28662.075,-9853.83,-4449.465
-10474.875,-11447.595,-21756.465,-6399.2699999999995,205.01999999999998,-28636.605,-9877.365,-4478.8949999999995
-10473.39,-11432.475,-21673.844999999998,-6221.295,376.875,-28576.53,-9861.615,-4507.92
-10522.755,-11417.67,-21615.165,-6180.255,414.27,-28620.18,-9878.85,-4513.455
-10490.67,-11407.455,-21687.3,-6470.55,205.245,-28702.215,-9904.77,-4442.22
-10509.975,-11461.814999999999,-21810.015,-6702.389999999999,93.6,-28730.745,-9923.49,-4472.595
-10506.914999999999,-11461.185,-21771.899999999998,-6489.719999999999,179.23499999999999,-28679.579999999998,-9911.025,-4480.335
-10497.285,-11451.689999999999,-21635.055,-6030.179999999999,355.635,-28660.95,-9904.365,-4444.245
-10509.705,-11415.015,-21553.739999999998,-5934.105,418.32,-28690.289999999997,-9926.279999999999,-4500.405
-10584.0,-11446.83,-21632.445,-6154.2,388.485,-28667.07,-9947.565,-4621.139999999999
-10578.015,-11459.43,-21688.065,-6151.679999999999,445.815,-28612.89,-9931.904999999999,-4627.035
-10535.175,-11443.904999999999,-21643.469999999998,-6207.705,309.465,-28624.004999999997,-9916.92,-4515.12
-10454.76,-11468.43,-21747.915,-6370.469999999999,149.265,-28732.32,-9921.645,-4368.33
-10456.289999999999,-11461.365,-21755.565,-6424.065,44.235,-28848.87,-9929.609999999999,-4373.91
-10498.815,-11481.164999999999,-21706.425,-6370.11,100.035,-28805.219999999998,-9933.84,-4428.675
-10533.06,-11498.039999999999,-21740.129999999997,-6377.804999999999,266.175,-28654.559999999998,-9909.135,-4486.23
-10545.975,-11494.08,-21760.739999999998,-6388.5599999999995,264.015,-28642.995,-9935.19,-4533.345
-10521.99,-11442.734999999999,-21665.969999999998,-6241.455,356.895,-28631.43,-9927.945,-4511.97
-10505.16,-11440.574999999999,-21662.864999999998,-6241.365,332.72999999999996,-28637.504999999997,-9877.545,-4456.755
-10492.56,-11461.545,-21723.344999999998,-6369.525,159.795,-28695.465,-9895.455,-4451.264999999999
-10516.005,-11535.615,-21839.445,-6444.2699999999995,162.585,-28683.45,-9912.645,-4479.345
-10493.19,-11512.529999999999,-21824.684999999998,-6395.219999999999,276.435,-28645.739999999998,-9914.085,-4473.135
-10481.49,-11404.305,-21722.895,-6507.179999999999,204.57,-28694.204999999998,-9911.295,-4476.42
-10536.705,-11473.244999999999,-21835.754999999997,-6598.755,137.51999999999998,-28712.295,-9909.585,-4516.695
-10558.98,-11522.88,-21810.825,-6349.275,250.82999999999998,-28682.864999999998,-9922.23,-4553.505
-10526.175,-11403.675,-21587.13,-6058.44,420.03,-28571.129999999997,-9898.515,-4545.945
-10486.529999999999,-11375.505,-21491.64,-5989.365,504.85499999999996,-28526.265,-9870.84,-4501.889999999999
-10496.654999999999,-11382.345,-21535.785,-6029.054999999999,518.4449999999999,-28569.735,-9893.744999999999,-4520.925
-10512.18,-11396.744999999999,-21566.565,-6110.1449999999995,474.79499999999996,-28604.295,-9944.505,-4522.05
-10511.595,-11404.305,-21580.11,-6182.82,436.68,-28603.44,-9933.84,-4514.3099999999995
-10532.385,-11465.505,-21665.925,-6266.7,281.385,-28688.85,-9924.345,-4497.165
-10555.695,-11523.15,-21738.69,-6349.905,155.025,-28731.239999999998,-9907.965,-4478.8949999999995
-10518.885,-11503.619999999999,-21813.03,-6468.03,193.41,-28707.84,-9920.34,-4483.125
-10522.755,-11483.685,-21776.265,-6504.705,207.945,-28687.95,-9952.74,-4525.785
-10515.51,-11443.59,-21707.235,-6435.99,184.635,-28671.03,-9990.449999999999,-4524.705
-10498.815,-11423.43,-21673.305,-6296.8949999999995,175.995,-28665.495,-9944.145,-4479.345
-10515.195,-11412.494999999999,-21631.454999999998,-6153.705,221.715,-28688.579999999998,-9896.445,-4527.945
-10576.125,-11456.234999999999,-21625.02,-6107.76,335.385,-28669.364999999998,-9893.43,-4614.615
-10595.925,-11471.67,-21611.565,-6065.55,504.495,-28667.745,-9935.91,-4622.085
-10505.97,-11406.285,-21580.739999999998,-6064.29,503.82,-28692.18,-9953.82,-4491.45
-10437.39,-11379.195,-21593.79,-6164.82,380.25,-28684.395,-9944.865,-4408.155
-10459.125,-11420.64,-21651.254999999997,-6238.17,360.405,-28554.48,-9884.07,-4452.255
-10530.0,-11480.58,-21749.04,-6360.615,288.495,-28530.945,-9827.19,-4498.965
-10534.815,-11452.994999999999,-21751.379999999997,-6447.96,165.06,-28670.85,-9913.949999999999,-4567.635
-10511.82,-11398.14,-21679.695,-6313.59,282.51,-28708.065,-9930.96,-4595.04
-10459.17,-11406.015,-21636.315,-6229.215,293.895,-28711.485,-9940.904999999999,-4496.715
-10515.51,-11477.52,-21664.44,-6255.99,95.58,-28797.48,-9974.97,-4492.17
-10538.01,-11454.029999999999,-21701.07,-6347.205,-70.065,-28833.93,-10006.154999999999,-4529.5199999999995
-10561.904999999999,-11551.365,-21843.27,-6484.005,82.98,-28813.14,-9970.199999999999,-4486.095
-10504.529999999999,-11526.435,-21808.754999999997,-6407.19,403.155,-28605.239999999998,-9918.0,-4388.67
-10454.355,-11466.404999999999,-21758.309999999998,-6310.665,443.29499999999996,-28539.629999999997,-9883.035,-4374.855
-10448.414999999999,-11456.234999999999,-21710.745,-6291.315,338.625,-28556.73,-9811.935,-4378.1849999999995
-10474.605,-11410.154999999999,-21589.155,-6179.8949999999995,420.525,-28592.414999999997,-9829.529999999999,-4418.865
-10572.48,-11471.939999999999,-21634.559999999998,-6164.639999999999,429.93,-28594.44,-9827.64,-4508.235
-10606.455,-11509.38,-21695.489999999998,-6201.54,403.02,-28617.39,-9864.045,-4532.445
-10526.984999999999,-11457.539999999999,-21673.17,-6236.594999999999,327.87,-28648.98,-9908.414999999999,-4461.3
-10498.725,-11502.72,-21805.785,-6392.565,247.23,-28669.905,-9910.08,-4439.79
-10509.93,-11499.75,-21844.89,-6430.139999999999,203.76,-28693.44,-9913.41,-4469.985
-10530.0,-11488.904999999999,-21799.079999999998,-6399.54,76.27499999999999,-28794.78,-9931.68,-4497.165
-10529.19,-11478.42,-21767.94,-6524.639999999999,-37.574999999999996,-28851.84,-9968.445,-4507.38
-10528.605,-11486.205,-21748.905,-6498.36,149.67,-28812.059999999998,-9977.175,-4508.19
-10504.17,-11440.619999999999,-21652.155,-6281.955,381.645,-28669.14,-9920.475,-4485.554999999999
-10511.73,-11470.77,-21751.425,-6270.255,406.395,-28630.89,-9891.99,-4485.375
-10513.529999999999,-11450.205,-21687.03,-6232.724999999999,346.635,-28668.105,-9904.545,-4490.1449999999995
-10514.565,-11435.175,-21626.64,-6184.755,330.65999999999997,-28636.739999999998,-9920.609999999999,-4494.51
-10517.265,-11482.65,-21750.75,-6404.94,122.985,-28715.129999999997,-9946.619999999999,-4501.304999999999
-10527.93,-11470.904999999999,-21730.77,-6353.594999999999,242.1,-28670.535,-9933.21,-4513.41
-10505.744999999999,-11446.92,-21741.39,-6335.415,284.625,-28686.69,-9912.33,-4488.255
-10506.24,-11447.279999999999,-21737.655,-6365.655,200.83499999999998,-28723.41,-9918.99,-4486.095
-10509.21,-11432.205,-21653.954999999998,-6268.545,275.4,-28696.905,-9898.244999999999,-4488.66
-10518.48,-11453.355,-21664.079999999998,-6182.28,400.68,-28689.84,-9888.84,-4491.945
-10503.855,-11449.439999999999,-21656.745,-6190.605,401.58,-28674.629999999997,-9879.84,-4478.264999999999
-10501.425,-11419.605,-21628.305,-6223.139999999999,271.395,-28704.105,-9901.08,-4480.47
-10509.255,-11454.75,-21667.545,-6257.025,257.94,-28678.5,-9904.994999999999,-4486.679999999999
-10508.265,-11459.07,-21706.649999999998,-6349.005,264.91499999999996,-28616.129999999997,-9924.119999999999,-4486.679999999999
-10504.17,-11441.34,-21689.37,-6337.3949999999995,272.15999999999997,-28647.315,-9918.494999999999,-4486.95
-10507.455,-11425.814999999999,-21680.594999999998,-6283.62,268.155,-28727.594999999998,-9926.145,-4515.21
-10537.425,-11417.265,-21603.015,-6158.61,406.48499999999996,-28653.93,-9919.035,-4583.16
-10547.82,-11411.505,-21537.989999999998,-6165.63,390.10499999999996,-28604.385,-9912.914999999999,-4621.41
-10562.895,-11485.98,-21652.92,-6225.57,364.59,-28596.87,-9913.545,-4600.44
-10538.55,-11464.83,-21653.1,-6162.165,405.85499999999996,-28539.27,-9857.789999999999,-4532.3099999999995
-10529.595,-11461.14,-21673.305,-6193.08,279.405,-28610.954999999998,-9835.695,-4545.495
-10539.675,-11368.08,-21586.68,-6125.58,387.27,-28644.12,-9909.359999999999,-4710.465
-10537.515,-11268.945,-21486.825,-6083.91,429.79499999999996,-28696.184999999998,-10025.414999999999,-4770.36
-10505.295,-11359.89,-21621.735,-6174.36,391.185,-28650.42,-9936.72,-4639.139999999999
-10558.395,-11495.609999999999,-21723.524999999998,-6295.815,305.59499999999997,-28618.515,-9867.96,-4431.735
-10548.225,-11555.46,-21849.795,-6564.6449999999995,120.86999999999999,-28751.67,-9901.26,-4335.48
-10516.05,-11537.91,-21824.864999999998,-6493.05,175.41,-28757.789999999997,-9932.355,-4396.41
-10505.43,-11492.279999999999,-21742.245,-6363.09,168.255,-28792.44,-9948.555,-4419.2699999999995
-10515.42,-11489.085,-21700.754999999997,-6290.054999999999,128.43,-28812.329999999998,-9941.895,-4414.005
-10532.97,-11523.375,-21771.09,-6329.88,199.62,-28771.425,-9946.845,-4439.34
-10555.74,-11530.35,-21795.704999999998,-6359.67,224.28,-28717.11,-9936.494999999999,-4487.264999999999
-10549.98,-11547.99,-21801.735,-6395.355,165.73499999999999,-28708.515,-9908.145,-4492.44
-10528.47,-11507.22,-21774.105,-6438.195,109.935,-28784.295,-9930.195,-4511.474999999999
-10544.039999999999,-11498.355,-21820.95,-6511.455,79.155,-28808.82,-9951.345,-4520.429999999999
-10508.715,-11464.695,-21773.34,-6521.445,195.61499999999998,-28810.44,-9944.595,-4486.139999999999
-10494.27,-11498.039999999999,-21776.76,-6478.155,311.4,-28836.315,-9951.615,-4425.705
-10486.215,-11479.635,-21721.094999999998,-6296.264999999999,375.97499999999997,-28793.565,-9923.31,-4428.63
-10481.31,-11436.074999999999,-21644.37,-6089.49,368.055,-28740.69,-9898.74,-4435.29
-10502.279999999999,-11439.585,-21654.945,-6113.565,334.34999999999997,-28685.925,-9882.945,-4456.665
-10540.035,-11506.185,-21722.489999999998,-6202.98,307.62,-28686.105,-9905.445,-4486.139999999999
-10526.715,-11441.205,-21663.989999999998,-6293.385,335.43,-28669.815,-9932.085,-4498.29
-10518.84,-11435.939999999999,-21731.895,-6365.7,360.18,-28624.995,-9879.345,-4489.875
-10549.215,-11492.46,-21767.355,-6447.554999999999,146.655,-28721.114999999998,-9851.805,-4499.82
-10553.355,-11526.57,-21786.12,-6401.34,178.73999999999998,-28737.765,-9899.234999999999,-4501.53
-10515.105,-11469.555,-21711.465,-6243.12,302.13,-28723.68,-9938.88,-4486.365
-10485.63,-11382.84,-21556.395,-6116.625,322.02,-28739.61,-9945.9,-4474.08
-10507.77,-11441.88,-21647.475,-6167.79,310.275,-28720.98,-9914.355,-4479.21
-10503.585,-11469.015,-21771.09,-6291.855,313.155,-28689.524999999998,-9882.0,-4468.679999999999
-10514.43,-11458.755,-21728.565,-6321.24,277.38,-28714.004999999997,-9899.865,-4487.985
-10524.33,-11446.92,-21669.03,-6275.61,227.745,-28733.265,-9916.92,-4502.115
-10512.494999999999,-11424.824999999999,-21611.204999999998,-6214.995,273.195,-28690.829999999998,-9897.975,-4492.485
-10522.89,-11489.895,-21713.085,-6297.66,246.32999999999998,-28686.465,-9906.255,-4495.05
-10519.965,-11469.6,-21736.62,-6370.965,142.73999999999998,-28725.21,-9925.065,-4496.67
-10517.984999999999,-11446.425,-21702.329999999998,-6385.815,95.535,-28788.704999999998,-9929.43,-4497.705
-10520.145,-11435.85,-21693.465,-6396.525,225.98999999999998,-28773.135,-9930.779999999999,-4504.095
-10506.914999999999,-11422.529999999999,-21658.815,-6284.565,402.435,-28687.05,-9906.795,-4493.88
-10506.779999999999,-11436.345,-21651.66,-6237.495,367.155,-28681.02,-9901.17,-4492.3949999999995
-10511.414999999999,-11452.23,-21676.77,-6285.554999999999,251.91,-28728.18,-9925.199999999999,-4492.755
-10485.045,-11458.574999999999,-21714.344999999998,-6274.215,241.695,-28726.965,-9932.039999999999,-4472.639999999999
-10487.475,-11433.015,-21689.82,-6230.07,259.335,-28720.44,-9931.68,-4484.295
-10528.965,-11419.605,-21645.585,-6227.28,266.445,-28692.315,-9920.97,-4546.53
-10590.029999999999,-11428.38,-21631.41,-6205.7699999999995,327.69,-28661.805,-9936.539999999999,-4669.74
-10585.305,-11365.154999999999,-21551.265,-6093.315,452.07,-28626.03,-9945.945,-4778.73
-10564.289999999999,-11335.14,-21527.28,-6062.355,494.28,-28615.995,-9916.425,-4750.11
-10585.484999999999,-11395.574999999999,-21572.505,-6099.075,504.22499999999997,-28569.87,-9854.955,-4639.905
-10589.039999999999,-11524.23,-21727.215,-6259.455,393.705,-28593.495,-9849.465,-4520.295
-10509.615,-11528.595,-21782.879999999997,-6339.105,294.39,-28688.355,-9887.895,-4395.105
-10512.945,-11516.085,-21772.934999999998,-6348.33,236.60999999999999,-28775.024999999998,-9959.22,-4410.764999999999
-10536.255,-11486.88,-21692.43,-6258.105,262.62,-28786.05,-10016.279999999999,-4483.62
-10525.185,-11437.92,-21650.399999999998,-6240.24,246.285,-28761.075,-9998.73,-4500.405
-10560.105,-11524.59,-21774.195,-6414.795,81.045,-28837.26,-9978.705,-4462.92
-10539.945,-11568.42,-21802.41,-6424.92,93.86999999999999,-28874.07,-9948.195,-4375.53
-10537.244999999999,-11582.369999999999,-21844.44,-6406.0199999999995,180.765,-28849.454999999998,-9886.725,-4401.315
-10533.42,-11535.48,-21802.77,-6396.389999999999,185.31,-28773.585,-9860.94,-4442.04
-10509.795,-11477.97,-21716.73,-6311.655,264.51,-28710.855,-9926.505,-4458.6449999999995
-10488.914999999999,-11445.93,-21706.469999999998,-6327.224999999999,296.955,-28654.605,-9949.68,-4455.72
-10493.414999999999,-11473.02,-21736.215,-6387.615,253.845,-28658.07,-9920.16,-4453.425
-10500.345,-11500.02,-21792.015,-6372.179999999999,261.315,-28641.329999999998,-9870.119999999999,-4442.8949999999995
-10509.164999999999,-11484.494999999999,-21780.989999999998,-6266.969999999999,303.525,-28644.795,-9854.685,-4453.965
-10500.345,-11461.68,-21754.754999999997,-6325.065,137.385,-28795.454999999998,-9896.895,-4460.94
-10517.4,-11431.125,-21658.274999999998,-6315.4349999999995,197.82,-28787.85,-9909.18,-4488.255
-10520.414999999999,-11441.205,-21671.82,-6257.07,424.305,-28654.289999999997,-9893.52,-4494.105
-10515.24,-11471.67,-21773.25,-6428.429999999999,361.8,-28658.7,-9886.815,-4485.42
-10527.21,-11495.789999999999,-21824.774999999998,-6590.295,191.92499999999998,-28709.19,-9900.855,-4495.7699999999995
-10532.744999999999,-11512.574999999999,-21832.739999999998,-6507.675,165.78,-28724.535,-9915.705,-4496.13
-10528.244999999999,-11455.109999999999,-21719.114999999998,-6237.54,221.13,-28714.004999999997,-9931.994999999999,-4497.255
-10505.43,-11414.25,-21617.055,-6071.67,328.32,-28653.12,-9915.164999999999,-4483.8
-10514.565,-11483.46,-21681.719999999998,-6179.76,354.28499999999997,-28617.66,-9888.84,-4480.38
-10491.84,-11455.38,-21660.344999999998,-6199.0199999999995,296.37,-28720.079999999998,-9889.83,-4468.32
-10512.045,-11440.845,-21659.399999999998,-6257.25,238.545,-28767.149999999998,-9921.33,-4489.155
-10520.865,-11473.695,-21734.64,-6347.34,221.22,-28788.254999999997,-9962.55,-4502.88
-10537.065,-11472.029999999999,-21738.96,-6334.695,264.69,-28751.219999999998,-9948.015,-4528.17
-10560.33,-11441.25,-21681.225,-6290.054999999999,264.06,-28712.385,-9930.824999999999,-4563.9
-10602.09,-11471.715,-21678.344999999998,-6322.05,260.955,-28679.129999999997,-9926.414999999999,-4598.505
-10572.435,-11500.425,-21731.129999999997,-6395.8949999999995,248.625,-28695.465,-9945.855,-4568.625
-10527.029999999999,-11431.305,-21699.809999999998,-6389.639999999999,286.11,-28658.969999999998,-9967.095,-4580.595
-10517.49,-11351.16,-21674.655,-6381.945,244.26,-28642.14,-9938.025,-4665.285
-10552.23,-11349.72,-21659.85,-6291.945,325.62,-28607.805,-9913.14,-4704.929999999999
-10607.805,-11390.625,-21551.219999999998,-6046.74,511.65,-28559.07,-9902.205,-4649.264999999999
-10516.365,-11493.18,-21625.245,-6068.5199999999995,361.935,-28739.789999999997,-9915.029999999999,-4349.295
-10485.315,-11534.039999999999,-21732.975,-6240.6449999999995,213.48,-28837.71,-9951.3,-4307.445
-10552.904999999999,-11503.8,-21733.11,-6302.565,136.62,-28764.539999999997,-9941.76,-4478.67
-10589.805,-11520.314999999999,-21773.204999999998,-6351.4349999999995,151.155,-28759.05,-9953.955,-4545.764999999999
-10557.63,-11494.664999999999,-21708.495,-6243.84,356.76,-28663.695,-9911.34,-4497.66
-10486.89,-11463.57,-21665.295,-6218.1449999999995,400.59,-28677.329999999998,-9888.39,-4391.865
-10496.654999999999,-11468.475,-21705.03,-6266.655,350.59499999999997,-28706.579999999998,-9914.445,-4439.5199999999995
-10516.32,-11458.935,-21685.77,-6264.135,336.15,-28684.395,-9931.725,-4499.505
-10503.18,-11452.994999999999,-21675.285,-6221.655,386.41499999999996,-28642.14,-9901.215,-4483.215
-10483.965,-11435.76,-21692.204999999998,-6293.25,331.875,-28671.524999999998,-9898.065,-4446.585
-10487.654999999999,-11458.935,-21706.695,-6317.955,278.325,-28715.67,-9919.484999999999,-4439.97
-10511.91,-11498.939999999999,-21747.195,-6312.195,242.685,-28810.62,-9963.045,-4447.53
-10522.935,-11467.17,-21700.754999999997,-6249.87,281.565,-28837.89,-9986.895,-4480.83
-10531.395,-11461.59,-21701.07,-6307.83,228.87,-28871.1,-9994.994999999999,-4510.44
-10537.244999999999,-11473.154999999999,-21756.69,-6391.304999999999,154.665,-28766.969999999998,-9934.56,-4515.12
-10543.904999999999,-11483.595,-21749.445,-6368.985,191.83499999999998,-28590.434999999998,-9872.505,-4509.2699999999995
-10553.715,-11488.77,-21728.969999999998,-6328.44,258.615,-28637.19,-9902.744999999999,-4507.155
-10546.605,-11495.609999999999,-21732.3,-6320.565,293.49,-28677.149999999998,-9903.24,-4496.8949999999995
-10526.895,-11505.015,-21774.195,-6322.545,297.09,-28712.204999999998,-9922.095,-4484.07
-10497.6,-11435.76,-21692.204999999998,-6318.99,282.195,-28704.645,-9935.19,-4454.505
-10480.095,-11439.494999999999,-21681.899999999998,-6294.105,349.60499999999996,-28616.489999999998,-9922.994999999999,-4438.26
-10480.41,-11465.82,-21687.254999999997,-6295.05,312.47999999999996,-28623.78,-9910.305,-4447.9349999999995
-10506.42,-11492.279999999999,-21694.094999999998,-6280.469999999999,251.45999999999998,-28667.565,-9895.095,-4464.99
-10530.045,-11515.05,-21808.26,-6418.304999999999,157.185,-28714.274999999998,-9903.869999999999,-4494.915
-10547.82,-11471.49,-21758.445,-6418.755,173.385,-28700.325,-9933.615,-4536.99
-10571.76,-11476.215,-21726.36,-6331.275,295.065,-28663.469999999998,-9941.13,-4579.965
-10593.404999999999,-11477.699999999999,-21728.79,-6250.86,379.97999999999996,-28649.655,-9915.525,-4618.3949999999995
-10586.475,-11465.189999999999,-21750.704999999998,-6272.865,347.805,-28625.265,-9890.955,-4638.825
-10547.055,-11417.76,-21649.68,-6298.65,266.49,-28679.76,-9924.074999999999,-4594.724999999999
-10555.83,-11403.855,-21595.094999999998,-6258.96,249.795,-28693.44,-9948.824999999999,-4575.465
-10501.02,-11349.27,-21555.495,-6232.59,299.78999999999996,-28687.59,-9952.65,-4515.03
-10544.85,-11412.09,-21639.78,-6287.3099999999995,345.78,-28632.78,-9890.505,-4571.955
-10596.914999999999,-11522.295,-21813.165,-6504.615,123.92999999999999,-28771.515,-9909.315,-4574.655
-10563.255,-11552.355,-21883.68,-6599.88,-29.205,-28826.64,-9919.98,-4453.965
-10535.625,-11547.9,-21819.78,-6456.554999999999,107.55,-28733.355,-9893.115,-4360.7699999999995
-10483.83,-11521.664999999999,-21775.545,-6369.48,243.495,-28724.94,-9905.265,-4326.75
-10487.925,-11499.345,-21732.254999999997,-6255.315,312.435,-28768.094999999998,-9935.145,-4393.53
-10515.42,-11511.99,-21739.454999999998,-6242.8949999999995,313.38,-28729.079999999998,-9967.994999999999,-4457.88
-10526.715,-11462.805,-21672.585,-6175.349999999999,395.72999999999996,-28656.27,-9939.24,-4481.82
-10521.135,-11422.215,-21584.475,-6124.365,423.63,-28635.03,-9930.24,-4480.065
-10527.345,-11444.895,-21640.32,-6195.96,338.03999999999996,-28636.739999999998,-9901.35,-4489.74
-10514.16,-11434.32,-21674.52,-6214.41,270.585,-28641.329999999998,-9891.855,-4500.63
-10518.48,-11389.095,-21599.64,-6194.745,269.19,-28696.364999999998,-9909.945,-4532.8949999999995
-10549.215,-11445.795,-21613.545,-6202.125,313.46999999999997,-28746.945,-9900.09,-4515.57
-10552.095,-11509.02,-21759.614999999998,-6341.849999999999,257.715,-28821.239999999998,-9959.895,-4486.905
-10513.215,-11472.39,-21765.239999999998,-6362.955,312.435,-28766.7,-10004.22,-4488.4349999999995
-10500.48,-11428.92,-21680.37,-6262.514999999999,361.395,-28639.395,-9970.199999999999,-4497.389999999999
-10482.029999999999,-11392.38,-21591.855,-6160.005,388.395,-28606.77,-9904.949999999999,-4469.264999999999
-10521.539999999999,-11457.63,-21673.665,-6241.545,286.83,-28678.004999999997,-9910.98,-4487.13
-10572.39,-11473.605,-21672.629999999997,-6207.03,378.585,-28627.965,-9958.949999999999,-4566.87
-10544.67,-11406.33,-21616.605,-6167.16,435.195,-28580.355,-9944.505,-4586.94
-10559.205,-11429.369999999999,-21660.614999999998,-6256.98,338.84999999999997,-28631.43,-9920.835,-4574.655
-10586.835,-11480.355,-21745.125,-6362.505,289.66499999999996,-28665.36,-9924.975,-4616.639999999999
-10608.119999999999,-11534.4,-21791.204999999998,-6422.8949999999995,216.26999999999998,-28726.065,-9916.74,-4605.615
-10517.625,-11455.65,-21730.545,-6420.825,140.76,-28747.98,-9897.795,-4497.12
-10512.765,-11481.345,-21771.54,-6466.7699999999995,85.905,-28822.364999999998,-9928.619999999999,-4411.71
-10524.015,-11545.064999999999,-21838.68,-6441.03,168.75,-28827.585,-9972.63,-4376.565
-10523.925,-11556.27,-21777.66,-6247.62,272.295,-28746.629999999997,-9934.965,-4409.19
-10529.234999999999,-11515.32,-21693.375,-6178.59,315.585,-28742.085,-9929.88,-4440.24
-10481.22,-11405.34,-21610.44,-6201.45,280.62,-28777.004999999997,-9954.72,-4415.22
-10485.63,-11441.744999999999,-21717.989999999998,-6310.304999999999,204.525,-28753.379999999997,-9944.595,-4428.224999999999
-10513.619999999999,-11474.82,-21749.085,-6352.605,198.26999999999998,-28733.085,-9918.72,-4453.695
-10546.515,-11505.42,-21776.445,-6417.224999999999,156.78,-28733.985,-9916.515,-4482.675
-10557.0,-11517.525,-21815.64,-6506.505,20.115,-28763.28,-9912.285,-4496.49
-10550.43,-11467.215,-21721.815,-6485.04,61.245,-28763.864999999998,-9930.33,-4506.12
-10550.43,-11507.895,-21790.125,-6360.344999999999,248.715,-28716.795,-9929.88,-4497.615
-10521.494999999999,-11475.449999999999,-21718.305,-6217.514999999999,373.86,-28688.715,-9920.205,-4472.325
-10501.515,-11433.195,-21683.969999999998,-6294.87,377.055,-28678.094999999998,-9913.904999999999,-4468.1849999999995
-10499.76,-11459.744999999999,-21734.954999999998,-6326.099999999999,340.56,-28701.945,-9907.289999999999,-4463.1449999999995
-10485.18,-11502.539999999999,-21789.989999999998,-6374.295,267.03,-28712.295,-9885.42,-4451.535
-10495.664999999999,-11420.73,-21708.315,-6391.755,247.85999999999999,-28735.515,-9900.63,-4471.0199999999995
-10523.97,-11412.314999999999,-21656.34,-6316.29,273.645,-28745.145,-9920.52,-4498.605
-10552.365,-11461.41,-21647.114999999998,-6173.415,294.93,-28680.84,-9902.295,-4502.745
-10555.515,-11470.41,-21655.53,-6158.205,326.115,-28656.0,-9901.89,-4498.83
-10560.24,-11508.119999999999,-21735.989999999998,-6271.65,246.78,-28727.594999999998,-9920.789999999999,-4501.62
-10544.4,-11457.855,-21681.54,-6288.389999999999,251.45999999999998,-28750.364999999998,-9934.83,-4495.679999999999
-10525.32,-11430.855,-21650.85,-6287.3099999999995,282.195,-28763.594999999998,-9930.015,-4486.905
-10512.855,-11439.359999999999,-21672.899999999998,-6333.615,249.795,-28752.93,-9922.32,-4473.54
-10532.025,-11481.029999999999,-21677.129999999997,-6246.135,269.59499999999997,-28692.809999999998,-9908.91,-4484.97
-10513.035,-11451.734999999999,-21663.855,-6202.08,321.16499999999996,-28659.914999999997,-9910.755,-4479.03
-10523.07,-11416.185,-21678.704999999998,-6258.915,295.245,-28671.03,-9908.73,-4486.1849999999995
-10539.675,-11452.904999999999,-21767.355,-6404.4,255.87,-28695.735,-9927.539999999999,-4509.585
-10570.994999999999,-11495.34,-21849.704999999998,-6463.98,289.485,-28679.129999999997,-9950.13,-4568.264999999999
-10567.664999999999,-11482.335,-21766.815,-6372.719999999999,351.04499999999996,-28664.864999999998,-9939.465,-4592.34
-10559.34,-11465.865,-21689.684999999998,-6234.48,343.84499999999997,-28687.14,-9932.715,-4574.88
-10594.619999999999,-11433.869999999999,-21601.53,-6127.065,313.38,-28692.855,-9928.89,-4592.745
-10555.244999999999,-11423.97,-21581.235,-6138.719999999999,364.905,-28691.864999999998,-9940.904999999999,-4603.1849999999995
-10499.039999999999,-11417.13,-21604.68,-6220.44,381.69,-28687.995,-9947.43,-4542.389999999999
-10522.755,-11382.435,-21589.2,-6249.0599999999995,310.32,-28737.719999999998,-9946.845,-4523.8949999999995
-10561.5,-11479.005,-21728.204999999998,-6314.49,177.885,-28826.504999999997,-9961.605,-4503.014999999999
-10595.34,-11542.59,-21748.32,-6293.34,185.31,-28807.559999999998,-9966.015,-4504.365
-10531.8,-11498.85,-21729.059999999998,-6327.315,251.505,-28721.024999999998,-9966.555,-4441.32
-10538.955,-11510.73,-21776.94,-6389.37,140.805,-28799.19,-9993.869999999999,-4478.804999999999
-10540.395,-11476.17,-21738.915,-6338.7,107.36999999999999,-28867.364999999998,-9983.34,-4534.38
-10570.365,-11446.289999999999,-21675.69,-6284.385,181.39499999999998,-28807.695,-9958.545,-4561.605
-10604.565,-11527.65,-21748.23,-6316.74,249.795,-28771.335,-9922.815,-4508.19
-10554.615,-11509.244999999999,-21736.89,-6274.349999999999,345.15,-28731.375,-9956.385,-4460.04
-10524.6,-11482.965,-21733.155,-6351.795,306.945,-28755.405,-9993.195,-4463.37
-10517.895,-11504.609999999999,-21796.065,-6442.0199999999995,254.16,-28768.454999999998,-9979.154999999999,-4430.295
-10498.77,-11489.535,-21810.42,-6422.625,201.105,-28765.305,-9952.515,-4420.98
-10523.16,-11445.525,-21699.405,-6280.469999999999,228.42,-28760.265,-9969.164999999999,-4464.585
-10514.565,-11491.92,-21760.605,-6309.135,286.56,-28730.52,-9904.59,-4433.67
-10508.805,-11505.6,-21850.155,-6521.355,178.73999999999998,-28812.329999999998,-9892.98,-4425.974999999999
-10526.94,-11464.154999999999,-21819.555,-6499.889999999999,153.81,-28821.239999999998,-9945.18,-4467.51
-10543.859999999999,-11490.074999999999,-21736.35,-6292.665,261.45,-28741.32,-9952.109999999999,-4492.845
-10543.095,-11466.045,-21664.215,-6245.505,227.97,-28784.475,-9978.75,-4504.455
-10564.154999999999,-11509.244999999999,-21857.895,-6498.99,145.53,-28828.395,-9988.695,-4517.099999999999
-10561.455,-11553.885,-22012.11,-6655.455,138.195,-28821.78,-9955.17,-4494.554999999999
-10548.855,-11570.535,-21940.245,-6538.545,188.23499999999999,-28773.495,-9932.94,-4477.095
-10536.795,-11470.365,-21731.489999999998,-6350.58,189.63,-28776.69,-9943.335,-4487.13
-10546.289999999999,-11445.615,-21690.27,-6293.34,193.14,-28815.39,-9972.225,-4510.71
-10547.19,-11480.13,-21752.28,-6286.094999999999,180.945,-28778.265,-9963.18,-4506.795
-10525.994999999999,-11457.18,-21712.68,-6315.255,174.285,-28792.754999999997,-9968.94,-4495.095
-10518.885,-11438.82,-21666.69,-6255.945,255.32999999999998,-28769.67,-9986.67,-4501.9349999999995
-10549.529999999999,-11474.865,-21644.01,-6182.19,351.81,-28713.555,-9950.58,-4500.315
-10541.115,-11456.82,-21668.219999999998,-6330.0599999999995,286.28999999999996,-28740.825,-9946.08,-4491.179999999999
-10524.645,-11464.244999999999,-21767.579999999998,-6506.82,180.765,-28748.34,-9949.994999999999,-4484.205
-10538.414999999999,-11501.685,-21864.825,-6579.8099999999995,166.995,-28714.68,-9934.289999999999,-4491.72
-10544.085,-11516.13,-21873.555,-6496.605,214.965,-28747.395,-9962.369999999999,-4504.365
-10526.085,-11475.9,-21791.879999999997,-6356.07,271.08,-28796.039999999997,-10009.89,-4508.325
-10533.195,-11432.789999999999,-21713.129999999997,-6207.705,329.265,-28754.954999999998,-10013.58,-4511.429999999999
-10575.135,-11507.265,-21723.254999999997,-6203.5199999999995,330.795,-28685.34,-9948.69,-4512.105
-10548.18,-11480.355,-21639.915,-6239.969999999999,225.81,-28773.539999999997,-9957.869999999999,-4505.04
-10543.815,-11437.56,-21572.82,-6229.71,182.34,-28773.809999999998,-9985.005,-4524.075
-10543.5,-11400.705,-21553.785,-6192.8099999999995,340.515,-28666.26,-9956.385,-4532.04
-10495.35,-11381.895,-21586.274999999998,-6170.355,357.12,-28631.925,-9922.68,-4520.5199999999995
-10501.38,-11323.935,-21550.005,-6148.755,346.77,-28677.825,-9968.94,-4612.41
-10501.92,-11297.07,-21516.344999999998,-6125.535,373.86,-28683.09,-9996.795,-4664.97
-10575.63,-11332.89,-21534.48,-6162.48,453.465,-28581.254999999997,-9959.13,-4705.29
-10768.275,-11545.695,-21715.695,-6290.099999999999,358.245,-28607.039999999997,-9951.164999999999,-4806.99
-10696.725,-11511.314999999999,-21718.125,-6247.62,383.35499999999996,-28714.635,-9965.34,-4784.22
-10540.08,-11366.279999999999,-21568.094999999998,-6090.03,498.06,-28612.215,-9947.205,-4601.565
-10418.715,-11427.795,-21646.079999999998,-6118.83,431.64,-28657.305,-9967.77,-4290.974999999999
-10499.58,-11484.72,-21721.094999999998,-6286.23,202.5,-28783.305,-9993.69,-4349.34
-10538.64,-11563.56,-21828.059999999998,-6444.495,88.695,-28821.78,-9999.855,-4348.62
-10566.225,-11624.355,-21917.655,-6506.955,33.12,-28840.364999999998,-10017.315,-4381.29
-10573.83,-11578.545,-21831.795,-6423.12,48.195,-28881.629999999997,-9994.635,-4395.825
-10542.69,-11536.109999999999,-21803.309999999998,-6386.175,155.60999999999999,-28805.445,-9989.595,-4426.245
-10563.795,-11572.109999999999,-21864.735,-6422.085,201.915,-28757.114999999998,-9978.93,-4476.51
-10516.095,-11523.15,-21781.665,-6343.065,240.255,-28815.75,-9979.065,-4408.065
-10503.135,-11460.015,-21704.219999999998,-6297.21,245.79,-28871.235,-9992.88,-4413.735
-10512.63,-11447.505,-21698.01,-6256.3949999999995,341.90999999999997,-28790.145,-9985.005,-4437.54
-10526.445,-11458.17,-21725.325,-6295.139999999999,340.83,-28666.62,-9955.529999999999,-4466.429999999999
-10550.654999999999,-11493.09,-21764.79,-6378.03,257.13,-28692.0,-9974.295,-4493.07
-10567.664999999999,-11500.335,-21748.05,-6364.08,223.155,-28715.175,-9952.65,-4498.965
-10545.255,-11498.13,-21779.864999999998,-6377.445,230.98499999999999,-28725.975,-9966.06,-4486.905
-10528.109999999999,-11477.564999999999,-21803.175,-6412.995,204.92999999999998,-28771.515,-10016.865,-4488.885
-10551.195,-11526.255,-21819.42,-6431.04,114.39,-28799.594999999998,-10019.34,-4507.29
-10576.529999999999,-11533.904999999999,-21790.395,-6401.115,104.31,-28833.344999999998,-10039.455,-4531.679999999999
-10579.41,-11542.859999999999,-21887.594999999998,-6573.96,117.89999999999999,-28835.37,-10030.275,-4531.455
-10543.095,-11510.279999999999,-21951.945,-6764.04,134.54999999999998,-28765.98,-9978.57,-4501.44
-10562.49,-11509.02,-21876.165,-6615.179999999999,313.245,-28646.055,-9933.84,-4507.38
-10573.47,-11479.365,-21680.37,-6193.53,345.195,-28632.87,-9929.25,-4511.5199999999995
-10523.835,-11407.904999999999,-21565.89,-6032.34,331.515,-28641.105,-9973.8,-4487.985
-10502.414999999999,-11394.27,-21607.965,-6089.625,354.96,-28653.434999999998,-9966.734999999999,-4472.73
-10516.815,-11461.14,-21723.975,-6297.615,333.18,-28699.245,-9951.39,-4469.985
-10515.195,-11462.715,-21753.585,-6519.87,186.795,-28782.675,-10002.24,-4477.095
-10548.494999999999,-11476.305,-21776.579999999998,-6511.545,195.57,-28748.969999999998,-10015.92,-4509.045
-10562.13,-11539.305,-21788.954999999998,-6345.63,197.91,-28734.795,-9998.82,-4516.47
-10580.85,-11530.619999999999,-21723.524999999998,-6193.755,134.01,-28770.975,-9996.795,-4535.865
-10574.865,-11465.64,-21639.105,-6173.28,231.345,-28720.079999999998,-9971.775,-4530.915
-10565.595,-11435.805,-21628.215,-6183.315,395.46,-28697.67,-9997.38,-4520.61
-10564.154999999999,-11528.01,-21740.94,-6231.6449999999995,360.585,-28704.555,-9973.35,-4501.889999999999
-10537.83,-11530.89,-21824.055,-6223.23,324.63,-28700.28,-9946.935,-4477.995
-10528.875,-11445.21,-21736.26,-6292.98,195.39,-28768.905,-9993.914999999999,-4492.71
-10545.119999999999,-11452.365,-21654.27,-6252.21,241.01999999999998,-28758.78,-10015.65,-4512.0599999999995
-10522.44,-11401.244999999999,-21612.329999999998,-6207.615,349.56,-28672.92,-10010.52,-4491.764999999999
-10525.68,-11423.88,-21670.739999999998,-6253.83,334.755,-28722.87,-10006.199999999999,-4487.22
-10546.244999999999,-11470.5,-21730.454999999998,-6309.585,246.195,-28782.765,-9987.3,-4504.095
-10570.994999999999,-11496.465,-21712.635,-6293.745,271.84499999999997,-28724.309999999998,-9969.93,-4522.545
-10564.83,-11513.43,-21716.415,-6279.929999999999,308.07,-28693.62,-9983.744999999999,-4540.7699999999995
-10552.725,-11415.779999999999,-21631.77,-6240.51,318.28499999999997,-28689.614999999998,-10011.914999999999,-4578.929999999999
-10507.635,-11323.89,-21582.675,-6192.585,416.96999999999997,-28626.57,-9974.88,-4577.22
-10511.279999999999,-11364.705,-21664.89,-6251.04,375.255,-28602.45,-9953.279999999999,-4560.21
-10583.234999999999,-11432.295,-21635.235,-6219.54,319.545,-28646.774999999998,-9961.244999999999,-4569.75
-10620.539999999999,-11461.59,-21643.379999999997,-6251.715,280.89,-28714.545,-9995.58,-4618.755
-10565.279999999999,-11428.965,-21660.12,-6268.275,230.80499999999998,-28713.059999999998,-10019.295,-4584.6449999999995
-10500.255,-11446.74,-21709.26,-6319.26,167.04,-28734.344999999998,-10000.305,-4452.795
-10462.859999999999,-11464.38,-21743.28,-6340.32,247.635,-28712.34,-9945.494999999999,-4379.264999999999
-10581.48,-11515.5,-21748.635,-6318.0,359.145,-28674.675,-9947.43,-4491.72
-10627.154999999999,-11607.705,-21811.68,-6368.445,264.06,-28751.129999999997,-9996.795,-4501.215
-10622.97,-11623.68,-21889.98,-6472.125,121.41,-28783.575,-10041.255,-4463.1449999999995
-10602.855,-11581.56,-21893.85,-6583.545,-9.09,-28817.055,-10055.88,-4477.41
-10573.875,-11546.414999999999,-21898.934999999998,-6677.594999999999,28.08,-28782.945,-9997.605,-4502.295
-10523.43,-11512.845,-21932.19,-6702.12,213.12,-28697.445,-9948.69,-4454.505
-10508.58,-11509.92,-21897.225,-6564.24,298.485,-28714.5,-9955.71,-4429.665
-10521.539999999999,-11432.699999999999,-21675.87,-6246.9,368.28,-28747.934999999998,-9971.505,-4449.105
-10538.279999999999,-11475.494999999999,-21744.855,-6318.719999999999,282.735,-28754.774999999998,-9979.695,-4470.345
-10549.664999999999,-11499.93,-21756.645,-6346.3949999999995,135.315,-28775.16,-9989.055,-4479.885
-10557.81,-11534.625,-21789.045,-6348.599999999999,182.43,-28737.45,-10006.02,-4476.78
-10543.185,-11471.939999999999,-21720.555,-6306.03,215.86499999999998,-28759.545,-10030.635,-4488.75
-10528.02,-11442.689999999999,-21681.719999999998,-6205.679999999999,314.59499999999997,-28776.78,-10043.82,-4490.955
-10545.164999999999,-11465.91,-21650.94,-6114.78,342.36,-28699.379999999997,-10011.105,-4495.23
-10542.69,-11492.955,-21743.504999999997,-6269.445,271.84499999999997,-28717.515,-9999.765,-4491.945
-10546.875,-11538.225,-21778.02,-6280.92,288.0,-28699.649999999998,-9982.664999999999,-4493.835
-10524.15,-11487.779999999999,-21711.645,-6261.48,242.14499999999998,-28742.805,-9961.92,-4472.639999999999
-10520.414999999999,-11435.939999999999,-21691.575,-6334.92,267.435,-28751.445,-9965.565,-4472.6849999999995
-10553.625,-11451.734999999999,-21661.559999999998,-6260.715,332.28,-28710.629999999997,-9967.365,-4498.155
-10551.195,-11440.17,-21650.445,-6194.429999999999,305.505,-28723.995,-9985.14,-4502.474999999999
-10555.38,-11458.755,-21664.079999999998,-6237.855,233.64,-28719.27,-9969.93,-4501.575
-10561.5,-11505.869999999999,-21742.965,-6326.235,219.51,-28695.195,-9951.57,-4499.6849999999995
-10546.109999999999,-11484.27,-21739.094999999998,-6339.554999999999,263.47499999999997,-28687.545,-9948.96,-4488.885
-10543.545,-11493.404999999999,-21811.905,-6424.514999999999,176.22,-28768.995,-9967.14,-4488.525
-10566.0,-11553.164999999999,-21909.059999999998,-6445.98,146.51999999999998,-28824.344999999998,-9986.22,-4501.71
-10557.765,-11505.6,-21801.195,-6351.12,177.885,-28822.364999999998,-10005.57,-4504.5
-10534.32,-11430.72,-21655.665,-6297.705,259.92,-28707.21,-9980.73,-4493.429999999999
-10543.77,-11480.445,-21732.48,-6334.605,336.78,-28682.864999999998,-9989.73,-4497.615
-10548.63,-11503.484999999999,-21831.975,-6451.695,271.935,-28722.42,-10044.855,-4512.825
-10586.205,-11506.14,-21810.329999999998,-6463.844999999999,122.22,-28779.39,-10092.914999999999,-4561.0199999999995
-10607.535,-11490.255,-21725.64,-6326.775,99.17999999999999,-28830.6,-10079.279999999999,-4610.745
-10590.164999999999,-11420.324999999999,-21646.53,-6229.215,235.935,-28798.739999999998,-10062.855,-4643.325
-10587.195,-11446.785,-21629.52,-6164.37,398.61,-28729.89,-10013.49,-4620.78
-10516.815,-11404.215,-21542.94,-6102.36,465.79499999999996,-28675.62,-9949.994999999999,-4526.1449999999995
-10496.789999999999,-11380.365,-21583.98,-6197.67,397.575,-28669.004999999997,-9984.914999999999,-4512.51
-10528.154999999999,-11386.935,-21607.38,-6209.775,381.91499999999996,-28643.355,-9965.07,-4539.735
-10558.89,-11473.289999999999,-21765.87,-6414.389999999999,251.95499999999998,-28697.355,-9930.645,-4520.115
-10612.305,-11607.255,-21922.379999999997,-6586.5599999999995,119.925,-28786.274999999998,-9909.63,-4459.7699999999995
-10612.035,-11588.355,-21870.719999999998,-6458.759999999999,191.11499999999998,-28752.12,-9897.029999999999,-4466.5199999999995
-10616.13,-11471.805,-21673.89,-6225.75,355.995,-28664.504999999997,-9903.06,-4581.764999999999
-10580.625,-11459.385,-21661.2,-6255.2699999999995,395.505,-28647.765,-9972.539999999999,-4568.355
-10568.43,-11514.689999999999,-21746.114999999998,-6335.37,365.31,-28682.01,-10017.765,-4508.19
-10527.795,-11469.015,-21683.475,-6248.969999999999,348.93,-28711.079999999998,-10042.335,-4469.715
-10511.1,-11432.88,-21683.16,-6219.764999999999,252.405,-28753.649999999998,-10034.82,-4492.71
-10507.77,-11467.08,-21738.78,-6283.844999999999,195.93,-28771.289999999997,-10030.994999999999,-4460.849999999999
-10525.904999999999,-11451.24,-21682.305,-6230.34,242.23499999999999,-28770.344999999998,-9999.404999999999,-4435.11
-10565.64,-11498.039999999999,-21732.075,-6282.179999999999,217.70999999999998,-28822.815,-10047.869999999999,-4478.58
-10549.619999999999,-11499.074999999999,-21769.739999999998,-6378.84,119.88,-28895.625,-10081.17,-4480.83
-10581.66,-11550.06,-21801.87,-6411.6449999999995,138.015,-28855.754999999997,-10010.565,-4482.99
-10555.154999999999,-11540.88,-21860.01,-6471.54,143.91,-28790.82,-10001.699999999999,-4452.4349999999995
-10521.63,-11466.09,-21763.079999999998,-6392.115,207.72,-28693.44,-9973.395,-4429.98
-10494.225,-11452.545,-21713.04,-6343.38,198.855,-28798.02,-10002.33,-4412.61
-10522.26,-11472.435,-21771.45,-6344.054999999999,326.61,-28726.965,-9979.74,-4440.105
-10532.025,-11522.835,-21876.57,-6448.32,233.685,-28738.26,-9957.824999999999,-4440.78
-10538.369999999999,-11456.189999999999,-21699.495,-6353.01,213.84,-28727.055,-9968.94,-4466.025
-10541.07,-11439.765,-21639.87,-6234.885,249.57,-28734.344999999998,-9976.095,-4486.005
-10563.84,-11487.195,-21701.07,-6338.07,98.505,-28801.71,-10024.02,-4509.405
-10577.565,-11521.35,-21811.274999999998,-6407.505,104.535,-28824.3,-10049.94,-4521.195
-10591.154999999999,-11541.15,-21819.735,-6378.48,254.565,-28764.315,-10030.68,-4523.985
-10561.859999999999,-11509.244999999999,-21753.405,-6285.24,351.81,-28710.945,-9995.805,-4493.925
-10557.27,-11506.23,-21777.434999999998,-6348.33,169.56,-28786.454999999998,-9971.55,-4483.53
-10543.994999999999,-11481.345,-21778.695,-6384.42,162.81,-28816.605,-9996.705,-4482.179999999999
-10536.119999999999,-11475.539999999999,-21753.09,-6388.38,254.655,-28719.675,-9965.565,-4477.815
-10543.904999999999,-11464.38,-21706.92,-6330.87,335.88,-28676.204999999998,-9956.25,-4486.995
-10534.41,-11452.005,-21670.559999999998,-6264.495,344.15999999999997,-28742.265,-9986.22,-4483.71
-10547.234999999999,-11475.314999999999,-21711.555,-6303.24,287.01,-28778.67,-10005.705,-4492.665
-10547.685,-11479.859999999999,-21751.695,-6316.514999999999,203.76,-28778.219999999998,-10000.215,-4491.09
-10536.75,-11486.52,-21748.274999999998,-6314.849999999999,178.73999999999998,-28814.805,-10014.345,-4484.655
-10521.99,-11441.564999999999,-21693.78,-6297.84,227.51999999999998,-28839.69,-10035.539999999999,-4480.0199999999995
-10523.88,-11453.445,-21727.53,-6353.37,334.34999999999997,-28739.34,-9993.645,-4476.375
-10542.869999999999,-11455.38,-21705.48,-6326.73,370.26,-28640.07,-9976.005,-4491.72
-10544.22,-11494.35,-21773.655,-6404.219999999999,277.65,-28727.864999999998,-10008.404999999999,-4495.275
-10567.44,-11535.75,-21787.605,-6390.99,225.09,-28752.93,-10006.965,-4514.355
-10579.635,-11538.63,-21805.02,-6321.0599999999995,212.76,-28746.585,-9998.19,-4529.88
-10554.93,-11436.93,-21696.21,-6227.325,204.03,-28771.289999999997,-9984.69,-4553.01
-10578.914999999999,-11359.71,-21579.12,-6215.625,270.855,-28790.28,-10005.615,-4660.0199999999995
-10622.654999999999,-11354.58,-21525.03,-6130.8,411.65999999999997,-28685.745,-10000.619999999999,-4736.745
-10632.195,-11406.15,-21611.745,-6158.969999999999,391.905,-28676.7,-10005.164999999999,-4681.304999999999
-10606.635,-11487.105,-21752.864999999998,-6292.755,269.145,-28759.905,-10054.845,-4552.695
-10573.74,-11499.48,-21762.495,-6333.66,282.825,-28706.489999999998,-10015.065,-4528.62
-10629.81,-11493.09,-21664.305,-6240.15,335.835,-28697.265,-10021.275,-4612.905
-10617.84,-11550.779999999999,-21735.045,-6281.505,279.36,-28746.0,-10022.94,-4515.705
-10549.484999999999,-11581.965,-21805.425,-6366.42,156.375,-28802.969999999998,-10028.789999999999,-4385.07
-10484.955,-11535.39,-21791.295,-6368.804999999999,112.5,-28796.039999999997,-9978.705,-4337.955
-10490.76,-11472.164999999999,-21714.21,-6298.514999999999,186.435,-28777.59,-9994.545,-4378.545
-10521.765,-11494.89,-21719.024999999998,-6296.985,217.62,-28810.664999999997,-10012.275,-4421.34
-10533.06,-11503.529999999999,-21762.719999999998,-6358.7699999999995,168.61499999999998,-28871.73,-10017.0,-4428.675
-10506.96,-11476.215,-21746.204999999998,-6320.88,248.625,-28818.809999999998,-10016.685,-4410.72
-10495.44,-11463.435,-21718.35,-6256.304999999999,363.06,-28692.899999999998,-9986.039999999999,-4418.6849999999995
-10543.365,-11453.715,-21713.219999999998,-6265.26,332.685,-28707.614999999998,-9986.265,-4477.59
-10555.38,-11475.404999999999,-21727.754999999997,-6275.07,299.78999999999996,-28751.535,-9975.645,-4499.099999999999
-10548.359999999999,-11452.545,-21663.18,-6231.87,331.515,-28710.539999999997,-9961.605,-4488.885
-10561.59,-11490.885,-21742.065,-6370.469999999999,218.295,-28737.585,-9983.52,-4496.8949999999995
-10565.91,-11562.66,-21931.515,-6634.17,61.019999999999996,-28801.53,-10020.105,-4490.73
-10559.88,-11529.135,-21923.1,-6630.48,36.089999999999996,-28831.23,-10053.315,-4500.945
-10563.119999999999,-11498.85,-21760.245,-6338.565,197.37,-28794.059999999998,-10024.92,-4486.815
-10556.865,-11474.1,-21649.004999999997,-6179.49,294.84,-28769.67,-9987.795,-4468.995
-10545.345,-11459.07,-21672.09,-6264.09,261.99,-28744.335,-9978.57,-4477.455
-10549.44,-11500.515,-21782.07,-6417.495,263.43,-28704.87,-9974.205,-4484.79
-10540.845,-11516.939999999999,-21840.165,-6528.554999999999,250.38,-28741.454999999998,-9982.305,-4477.139999999999
-10540.305,-11453.039999999999,-21776.579999999998,-6478.83,213.885,-28783.89,-10005.615,-4484.655
-10567.44,-11496.465,-21779.82,-6392.295,230.715,-28741.86,-9995.984999999999,-4500.045
-10570.455,-11534.039999999999,-21782.969999999998,-6339.42,187.965,-28752.704999999998,-10003.545,-4503.735
-10576.529999999999,-11527.335,-21819.51,-6329.5199999999995,117.36,-28800.765,-10027.17,-4514.3099999999995
-10544.175,-11445.615,-21686.895,-6241.7699999999995,232.38,-28778.94,-10020.24,-4496.085
-10527.525,-11413.664999999999,-21609.18,-6186.6449999999995,312.255,-28737.855,-9999.404999999999,-4481.6849999999995
-10541.654999999999,-11461.949999999999,-21744.18,-6353.865,248.22,-28772.504999999997,-10022.625,-4491.495
-10544.984999999999,-11455.064999999999,-21695.265,-6288.84,341.775,-28711.89,-10007.01,-4490.91
-10543.815,-11451.779999999999,-21688.739999999998,-6304.094999999999,279.45,-28784.204999999998,-10021.5,-4490.91
-10534.41,-11453.895,-21731.129999999997,-6305.04,312.885,-28770.48,-10014.48,-4479.3
-10543.5,-11482.605,-21800.204999999998,-6393.42,208.035,-28784.565,-10006.695,-4481.054999999999
-10575.765,-11525.58,-21792.555,-6385.365,80.05499999999999,-28822.59,-10028.699999999999,-4508.865
-10564.289999999999,-11483.55,-21762.989999999998,-6362.325,140.22,-28813.094999999998,-10051.02,-4520.97
-10595.52,-11508.029999999999,-21797.055,-6374.79,288.945,-28714.23,-10013.039999999999,-4544.054999999999
-10578.465,-11465.055,-21698.415,-6314.355,327.555,-28723.68,-10007.46,-4559.58
-10572.93,-11470.725,-21696.524999999998,-6295.724999999999,291.015,-28718.504999999997,-10025.19,-4611.915
-10606.095,-11474.955,-21652.605,-6109.469999999999,375.705,-28641.69,-10015.695,-4684.724999999999
-10612.395,-11400.48,-21540.51,-6047.775,428.03999999999996,-28606.14,-10004.895,-4674.554999999999
-10567.17,-11414.16,-21584.835,-6173.325,308.295,-28702.664999999997,-10028.835,-4495.724999999999
-10558.619999999999,-11501.46,-21715.469999999998,-6309.764999999999,174.195,-28871.774999999998,-10059.615,-4398.795
-10494.494999999999,-11505.195,-21740.355,-6321.24,165.105,-28899.585,-10067.175,-4388.535
-10530.404999999999,-11478.779999999999,-21716.684999999998,-6269.04,265.72499999999997,-28803.78,-10034.414999999999,-4520.835
-10604.205,-11414.34,-21637.035,-6195.195,396.945,-28645.515,-10003.365,-4665.599999999999
-10628.505,-11427.39,-21627.719999999998,-6188.355,401.715,-28651.184999999998,-9995.265,-4663.215
-10563.93,-11502.18,-21711.555,-6265.17,281.205,-28761.84,-9987.93,-4490.955
-10481.984999999999,-11547.945,-21783.735,-6338.07,225.26999999999998,-28830.059999999998,-10002.15,-4315.68
-10514.565,-11518.289999999999,-21799.71,-6413.4,200.655,-28788.12,-9986.625,-4364.37
-10545.84,-11492.189999999999,-21822.48,-6503.355,154.71,-28802.789999999997,-10033.74,-4423.23
-10516.545,-11455.064999999999,-21777.84,-6501.0599999999995,154.35,-28847.52,-10065.465,-4451.94
-10478.835,-11431.89,-21778.469999999998,-6421.679999999999,107.145,-28922.175,-10062.09,-4453.605
-10486.529999999999,-11421.18,-21731.489999999998,-6314.67,130.5,-28906.515,-10047.33,-4488.929999999999
-10513.89,-11391.435,-21665.34,-6252.21,225.9,-28870.335,-10106.01,-4592.025
-10609.154999999999,-11464.74,-21713.489999999998,-6288.615,327.96,-28733.579999999998,-10084.455,-4671.764999999999
-10645.785,-11491.965,-21728.204999999998,-6341.175,325.305,-28693.44,-10028.609999999999,-4628.07
-10604.07,-11624.085,-21868.515,-6462.8099999999995,188.82,-28834.289999999997,-10019.52,-4379.264999999999
-10482.435,-11541.105,-21806.055,-6466.094999999999,236.83499999999998,-28791.45,-10048.41,-4235.985
-10517.625,-11500.74,-21793.815,-6432.165,221.89499999999998,-28784.25,-10057.59,-4368.555
-10575.765,-11542.635,-21812.94,-6399.99,132.795,-28768.815,-10042.65,-4453.11
-10588.005,-11564.955,-21818.79,-6318.719999999999,92.835,-28727.73,-10021.545,-4480.245
-10595.115,-11556.09,-21874.004999999997,-6434.1449999999995,86.985,-28779.075,-10049.355,-4507.965
-10581.029999999999,-11512.574999999999,-21849.57,-6400.44,276.705,-28744.739999999998,-10050.75,-4511.745
-10559.925,-11495.744999999999,-21923.325,-6420.33,343.575,-28695.195,-10019.025,-4490.639999999999
-10615.815,-11548.755,-21935.655,-6634.304999999999,84.78,-28763.82,-10051.425,-4523.58
-10620.99,-11565.675,-21840.48,-6452.594999999999,187.92,-28754.91,-10073.115,-4541.355
-10597.23,-11533.904999999999,-21730.77,-6210.135,314.955,-28767.87,-10089.945,-4534.47
-10565.73,-11503.845,-21677.219999999998,-6214.545,251.77499999999998,-28813.815,-10137.645,-4514.804999999999
-10531.98,-11419.74,-21689.28,-6295.455,172.48499999999999,-28816.11,-10137.465,-4492.62
-10549.845,-11460.914999999999,-21797.504999999997,-6348.014999999999,112.005,-28758.69,-10087.515,-4497.615
-10559.925,-11462.445,-21688.02,-6293.969999999999,199.17,-28741.95,-10047.779999999999,-4497.389999999999
-10576.98,-11492.324999999999,-21702.195,-6318.495,310.68,-28730.114999999998,-10007.414999999999,-4502.429999999999
-10598.22,-11550.33,-21842.684999999998,-6372.99,284.985,-28790.864999999998,-10025.324999999999,-4516.92
-10577.25,-11546.91,-21836.655,-6347.565,211.32,-28789.02,-10063.44,-4508.865
-10572.435,-11493.314999999999,-21715.379999999997,-6309.764999999999,190.07999999999998,-28799.325,-10075.77,-4512.465
-10582.92,-11503.935,-21683.79,-6249.78,280.08,-28787.039999999997,-10109.789999999999,-4521.87
-10555.92,-11458.08,-21636.855,-6203.385,337.005,-28706.219999999998,-10085.445,-4497.03
-10552.949999999999,-11448.9,-21653.28,-6266.79,333.135,-28690.11,-10032.255,-4496.264999999999
-10553.4,-11513.654999999999,-21780.09,-6437.925,232.065,-28756.395,-10039.32,-4495.05
-10555.289999999999,-11503.215,-21853.98,-6565.59,144.135,-28797.164999999997,-10090.305,-4520.295
-10556.279999999999,-11474.82,-21853.395,-6538.139999999999,99.85499999999999,-28814.94,-10106.324999999999,-4541.355
-10566.765,-11450.25,-21717.045,-6318.855,214.245,-28725.93,-10047.105,-4548.195
-10587.24,-11469.824999999999,-21614.67,-6168.105,313.245,-28669.004999999997,-10015.244999999999,-4536.855
-10636.965,-11494.035,-21637.71,-6104.25,408.375,-28686.149999999998,-10053.045,-4587.255
-10647.81,-11478.555,-21701.475,-6137.6849999999995,416.34,-28741.905,-10113.525,-4629.69
-10595.34,-11462.715,-21744.045,-6245.28,312.93,-28790.82,-10111.005,-4616.415
-10532.475,-11447.64,-21668.94,-6257.115,359.01,-28724.489999999998,-10046.97,-4541.849999999999
-10519.289999999999,-11404.08,-21634.515,-6249.105,351.315,-28739.07,-10070.685,-4545.045
-10585.44,-11415.285,-21648.645,-6218.28,326.52,-28737.09,-10111.32,-4605.57
-10593.09,-11472.3,-21659.715,-6201.315,260.55,-28784.114999999998,-10140.75,-4559.67
-10549.89,-11477.97,-21700.934999999998,-6285.6449999999995,194.08499999999998,-28789.379999999997,-10120.77,-4495.95
-10513.619999999999,-11542.095,-21785.04,-6362.82,148.095,-28789.379999999997,-10083.195,-4385.43
-10563.074999999999,-11609.055,-21871.53,-6448.86,138.87,-28768.77,-10079.505,-4409.415
-10561.949999999999,-11509.875,-21811.815,-6454.08,120.24,-28819.215,-10138.365,-4446.224999999999
-10525.05,-11466.945,-21749.805,-6468.4349999999995,70.335,-28875.059999999998,-10153.845,-4454.099999999999
-10521.9,-11529.63,-21844.98,-6500.115,47.79,-28811.879999999997,-10065.779999999999,-4411.575
-10557.494999999999,-11540.654999999999,-21813.3,-6409.844999999999,158.48999999999998,-28765.754999999997,-10077.57,-4468.86
-10609.515,-11506.14,-21702.6,-6182.955,380.655,-28800.989999999998,-10135.26,-4551.48
-10650.375,-11523.24,-21763.62,-6253.335,321.39,-28806.57,-10110.824999999999,-4574.34
-10603.395,-11548.529999999999,-21804.165,-6448.1849999999995,224.28,-28761.795,-10071.585,-4484.25
-10530.09,-11508.525,-21775.004999999997,-6476.355,247.85999999999999,-28717.289999999997,-10080.539999999999,-4444.065
-10550.789999999999,-11454.164999999999,-21705.39,-6325.514999999999,292.86,-28698.344999999998,-10066.949999999999,-4540.5
-10577.654999999999,-11471.039999999999,-21742.245,-6360.795,189.72,-28749.914999999997,-10031.13,-4558.905
-10646.955,-11551.095,-21845.745,-6407.505,123.66,-28751.715,-10040.175,-4563.54
-10626.119999999999,-11573.279999999999,-21831.704999999998,-6340.724999999999,102.33,-28797.704999999998,-10125.9,-4494.825
-10582.38,-11506.68,-21708.405,-6279.57,184.23,-28851.03,-10159.065,-4494.599999999999
-10531.619999999999,-11454.885,-21682.305,-6290.505,238.095,-28834.739999999998,-10118.52,-4454.28
-10515.375,-11480.939999999999,-21776.04,-6468.57,133.065,-28825.739999999998,-10101.33,-4451.625
-10543.23,-11517.57,-21889.89,-6512.715,129.96,-28781.235,-10089.494999999999,-4474.3949999999995
-10580.039999999999,-11540.97,-21895.245,-6441.255,185.355,-28756.17,-10089.18,-4490.28
-10564.785,-11493.72,-21735.809999999998,-6346.3949999999995,219.015,-28821.195,-10113.93,-4482.9
-10540.89,-11473.515,-21692.16,-6225.705,309.78,-28790.19,-10104.39,-4456.889999999999
-10535.67,-11485.17,-21710.655,-6216.389999999999,303.57,-28770.12,-10091.16,-4463.505
-10539.99,-11472.66,-21712.815,-6302.88,336.96,-28740.465,-10083.24,-4474.62
-10554.84,-11445.84,-21743.19,-6362.82,279.405,-28741.77,-10103.535,-4496.94
-10575.225,-11509.02,-21793.77,-6295.005,266.31,-28758.105,-10103.49,-4504.095
-10554.75,-11475.404999999999,-21715.92,-6313.365,293.085,-28757.34,-10141.605,-4491.9
-10538.73,-11472.119999999999,-21812.219999999998,-6537.375,228.195,-28801.62,-10161.945,-4483.755
-10546.785,-11522.88,-21884.535,-6559.469999999999,91.35,-28827.0,-10139.58,-4487.04
-10567.305,-11510.955,-21730.05,-6286.679999999999,108.945,-28797.39,-10119.42,-4509.405
-10561.904999999999,-11422.529999999999,-21578.625,-6129.764999999999,224.595,-28766.114999999998,-10118.295,-4516.83
-10550.295,-11420.1,-21582.09,-6100.38,416.745,-28701.09,-10109.699999999999,-4508.1449999999995
-10537.244999999999,-11444.22,-21599.864999999998,-6115.139999999999,417.33,-28703.969999999998,-10099.395,-4491.09
-10561.23,-11496.51,-21714.614999999998,-6280.425,225.315,-28757.655,-10103.039999999999,-4503.554999999999
-10560.465,-11468.744999999999,-21724.065,-6353.28,203.08499999999998,-28759.68,-10132.47,-4505.67
-10555.02,-11480.715,-21776.985,-6461.865,224.64,-28741.23,-10128.69,-4531.95
-10566.945,-11476.89,-21826.44,-6448.365,255.14999999999998,-28745.864999999998,-10145.07,-4589.505
-10581.029999999999,-11391.615,-21648.87,-6205.23,344.52,-28702.215,-10147.994999999999,-4651.11
-10562.85,-11362.814999999999,-21531.285,-6032.295,383.53499999999997,-28707.48,-10132.515,-4611.554999999999
-10559.97,-11433.51,-21601.305,-6103.3949999999995,382.68,-28697.625,-10125.72,-4532.264999999999
-10576.935,-11516.445,-21744.54,-6305.58,247.005,-28789.02,-10189.44,-4481.37
-10578.195,-11539.305,-21798.09,-6366.51,205.2,-28861.605,-10230.164999999999,-4504.95
-10560.645,-11472.84,-21731.715,-6308.099999999999,293.4,-28794.42,-10170.494999999999,-4533.705
-10601.324999999999,-11493.09,-21712.725,-6294.87,235.35,-28725.975,-10095.255,-4581.045
-10651.545,-11562.525,-21786.12,-6352.0199999999995,187.65,-28784.024999999998,-10083.914999999999,-4605.66
-10694.835,-11536.38,-21763.44,-6383.655,164.295,-28878.12,-10176.119999999999,-4630.59
-10623.645,-11532.42,-21782.61,-6476.8949999999995,46.754999999999995,-28920.465,-10246.14,-4515.525
-10537.875,-11511.0,-21777.344999999998,-6513.884999999999,156.06,-28824.48,-10216.305,-4441.995
-10524.779999999999,-11535.705,-21842.055,-6516.045,263.07,-28785.375,-10166.039999999999,-4406.22
-10554.84,-11494.215,-21805.829999999998,-6392.474999999999,238.04999999999998,-28832.085,-10191.645,-4476.195
-10615.05,-11476.484999999999,-21699.135,-6168.24,316.935,-28776.42,-10188.045,-4596.84
-10580.805,-11460.869999999999,-21654.945,-6145.92,305.145,-28750.14,-10135.17,-4556.429999999999
-10552.14,-11487.645,-21720.78,-6235.65,265.09499999999997,-28698.48,-10103.715,-4433.355
-10514.835,-11552.445,-21828.78,-6349.995,236.60999999999999,-28767.195,-10122.435,-4354.695
-10531.529999999999,-11476.439999999999,-21725.864999999998,-6291.315,313.2,-28787.265,-10151.82,-4489.74
-10560.195,-11433.6,-21707.46,-6329.88,336.87,-28765.664999999997,-10160.64,-4572.764999999999
-10553.22,-11442.779999999999,-21800.879999999997,-6439.545,302.94,-28733.715,-10141.605,-4532.175
-10511.19,-11491.109999999999,-21845.43,-6465.195,191.43,-28750.995,-10123.47,-4373.775
-10560.824999999999,-11583.225,-21924.09,-6526.17,14.985,-28880.28,-10178.01,-4389.389999999999
-10577.654999999999,-11548.8,-21783.105,-6344.91,124.19999999999999,-28882.754999999997,-10197.585,-4418.415
-10537.965,-11493.9,-21668.355,-6217.0199999999995,256.995,-28854.539999999997,-10200.734999999999,-4426.2
-10527.75,-11470.095,-21694.86,-6371.82,218.42999999999998,-28803.645,-10184.535,-4452.4349999999995
-10587.555,-11507.49,-21783.555,-6498.315,-1.9349999999999998,-28836.899999999998,-10197.315,-4505.535
-10620.359999999999,-11569.455,-21904.605,-6471.045,-47.114999999999995,-28839.015,-10197.315,-4517.19
-10587.6,-11524.904999999999,-21869.64,-6452.865,56.745,-28846.44,-10213.56,-4510.3949999999995
-10573.38,-11515.814999999999,-21811.995,-6386.49,341.28,-28796.715,-10206.63,-4502.97
-10541.654999999999,-11494.484999999999,-21715.739999999998,-6241.05,453.96,-28710.36,-10142.145,-4465.845
-10536.029999999999,-11421.765,-21608.594999999998,-6132.42,399.10499999999996,-28711.62,-10142.595,-4468.815
-10561.05,-11428.38,-21657.735,-6173.054999999999,350.505,-28733.579999999998,-10180.17,-4500.9
-10555.289999999999,-11441.654999999999,-21700.44,-6246.99,301.59,-28813.32,-10212.93,-4505.67
-10540.26,-11451.555,-21670.739999999998,-6296.76,305.01,-28807.559999999998,-10208.565,-4490.28
-10547.55,-11452.14,-21692.07,-6321.78,269.46,-28786.454999999998,-10204.605,-4492.889999999999
-10571.13,-11479.455,-21717.045,-6303.78,250.695,-28736.01,-10185.705,-4504.05
-10573.515,-11495.295,-21751.515,-6345.945,241.605,-28773.36,-10186.515,-4499.595
-10565.55,-11481.795,-21771.629999999997,-6415.065,228.825,-28807.11,-10213.785,-4499.775
-10558.26,-11468.16,-21753.36,-6405.344999999999,249.70499999999998,-28787.76,-10197.539999999999,-4491.179999999999
-10579.185,-11513.52,-21809.565,-6520.815,73.8,-28825.245,-10194.029999999999,-4501.3949999999995
-10580.13,-11522.97,-21846.195,-6518.61,50.94,-28869.075,-10227.869999999999,-4509.54
-10590.119999999999,-11527.965,-21814.425,-6415.965,133.01999999999998,-28869.254999999997,-10228.32,-4520.429999999999
-10567.08,-11458.8,-21659.895,-6246.54,230.31,-28844.46,-10208.07,-4511.429999999999
-10547.505,-11447.414999999999,-21659.219999999998,-6190.92,324.63,-28766.114999999998,-10178.64,-4493.79
-10552.635,-11443.32,-21636.495,-6145.514999999999,358.91999999999996,-28711.89,-10159.56,-4513.41
-10567.845,-11444.355,-21629.114999999998,-6152.715,319.77,-28716.93,-10173.06,-4529.565
-10604.34,-11523.015,-21703.004999999997,-6227.37,303.255,-28722.015,-10193.445,-4537.215
-10604.34,-11545.02,-21749.309999999998,-6263.955,352.08,-28691.594999999998,-10199.88,-4532.13
-10583.055,-11530.89,-21835.35,-6376.32,281.47499999999997,-28721.43,-10201.68,-4541.22
-10603.619999999999,-11470.365,-21746.385,-6323.219999999999,206.01,-28744.515,-10187.64,-4678.38
-10605.869999999999,-11344.77,-21554.55,-6146.415,340.065,-28661.445,-10171.98,-4788.405
-10554.705,-11298.24,-21471.93,-6030.045,466.83,-28601.954999999998,-10162.17,-4707.945
-10572.885,-11396.88,-21609.045,-6177.554999999999,297.135,-28733.579999999998,-10220.984999999999,-4583.115
-10616.895,-11515.095,-21735.045,-6304.5,198.45,-28824.704999999998,-10297.44,-4572.2699999999995
-10647.135,-11539.395,-21771.045,-6325.0199999999995,288.18,-28821.42,-10288.8,-4603.635
-10600.154999999999,-11548.89,-21770.01,-6323.49,321.885,-28782.09,-10175.039999999999,-4408.245
-10461.195,-11622.195,-21884.895,-6412.41,166.59,-28833.84,-10118.34,-4173.885
-10520.865,-11594.925,-21899.204999999998,-6512.04,17.91,-28896.164999999997,-10180.17,-4302.99
-10571.22,-11517.029999999999,-21796.515,-6492.105,94.14,-28843.11,-10183.455,-4401.54
-10580.039999999999,-11515.5,-21841.2,-6558.57,204.20999999999998,-28802.34,-10194.57,-4446.045
-10539.449999999999,-11478.33,-21894.12,-6570.0,283.365,-28772.19,-10199.34,-4449.195
-10546.065,-11500.154999999999,-21931.739999999998,-6473.7,236.83499999999998,-28722.87,-10174.68,-4477.86
-10573.92,-11512.71,-21767.625,-6235.74,255.195,-28773.675,-10208.52,-4490.1449999999995
-10537.199999999999,-11461.32,-21640.95,-6231.375,259.28999999999996,-28822.68,-10241.055,-4463.91
-10599.119999999999,-11559.51,-21807.809999999998,-6439.95,168.885,-28817.954999999998,-10260.72,-4509.45
-10624.815,-11610.585,-21888.27,-6452.639999999999,112.41,-28791.045,-10246.5,-4529.79
-10599.345,-11539.98,-21814.829999999998,-6407.28,144.945,-28813.95,-10259.955,-4528.98
-10537.02,-11391.66,-21615.075,-6226.83,333.945,-28828.44,-10255.05,-4489.245
-10525.815,-11428.65,-21693.329999999998,-6330.195,294.705,-28821.42,-10230.029999999999,-4461.57
-10560.42,-11473.695,-21729.51,-6430.5,199.79999999999998,-28787.85,-10202.039999999999,-4474.889999999999
-10567.44,-11501.279999999999,-21781.395,-6375.014999999999,196.29,-28719.18,-10175.039999999999,-4479.12
-10569.69,-11539.755,-21827.879999999997,-6274.215,213.795,-28750.77,-10205.414999999999,-4491.72
-10562.039999999999,-11513.744999999999,-21740.535,-6251.715,164.88,-28796.535,-10226.97,-4489.29
-10561.59,-11498.895,-21639.105,-6208.29,219.105,-28790.82,-10238.31,-4492.755
-10568.205,-11458.08,-21655.395,-6302.969999999999,229.76999999999998,-28805.715,-10256.715,-4501.889999999999
-10569.555,-11469.824999999999,-21764.43,-6411.915,258.795,-28803.87,-10259.685,-4500.495
-10543.994999999999,-11479.994999999999,-21818.43,-6381.405,302.985,-28761.39,-10242.945,-4480.695
-10563.84,-11459.295,-21701.43,-6235.965,346.54499999999996,-28749.87,-10248.93,-4501.485
-10558.619999999999,-11477.789999999999,-21683.07,-6229.844999999999,319.275,-28791.405,-10247.13,-4493.655
-10554.615,-11489.085,-21807.18,-6385.275,129.285,-28823.535,-10258.83,-4489.29
-10564.92,-11503.664999999999,-21866.399999999998,-6381.045,151.73999999999998,-28806.795,-10267.154999999999,-4497.3
-10564.335,-11499.3,-21854.7,-6329.969999999999,314.055,-28763.82,-10268.414999999999,-4497.255
-10559.699999999999,-11462.31,-21724.245,-6276.105,349.56,-28740.69,-10274.355,-4501.349999999999
-10569.779999999999,-11494.439999999999,-21720.6,-6278.085,280.17,-28756.305,-10280.744999999999,-4527.09
-10595.34,-11470.904999999999,-21699.495,-6253.29,240.975,-28765.844999999998,-10277.595,-4572.045
-10607.67,-11441.295,-21625.469999999998,-6202.304999999999,245.60999999999999,-28755.315,-10264.14,-4606.74
-10578.105,-11421.63,-21595.77,-6208.92,314.685,-28741.59,-10284.975,-4603.275
-10578.105,-11434.725,-21646.98,-6254.099999999999,334.395,-28737.09,-10318.365,-4602.69
-10586.52,-11421.585,-21650.265,-6251.085,342.04499999999996,-28715.67,-10308.105,-4616.46
-10628.55,-11413.755,-21638.114999999998,-6251.804999999999,272.07,-28778.67,-10285.109999999999,-4676.22
-10674.539999999999,-11469.824999999999,-21703.05,-6286.32,305.685,-28766.789999999997,-10291.005,-4709.79
-10688.039999999999,-11563.83,-21779.325,-6365.295,283.455,-28708.2,-10276.199999999999,-4629.105
-10620.81,-11573.01,-21779.504999999997,-6402.15,215.505,-28779.57,-10272.105,-4448.745
-10541.835,-11536.965,-21785.085,-6398.73,181.755,-28838.789999999997,-10304.505,-4363.514999999999
-10575.09,-11558.564999999999,-21831.57,-6411.554999999999,156.42,-28822.68,-10334.475,-4438.26
-10538.82,-11527.47,-21794.715,-6327.179999999999,233.19,-28782.855,-10363.32,-4429.3949999999995
-10500.21,-11438.369999999999,-21686.85,-6274.844999999999,297.45,-28764.945,-10329.975,-4412.025
-10474.109999999999,-11415.195,-21674.43,-6328.304999999999,262.66499999999996,-28793.745,-10287.539999999999,-4378.815
-10547.279999999999,-11486.654999999999,-21766.364999999998,-6399.764999999999,252.63,-28742.85,-10242.539999999999,-4462.74
-10568.97,-11511.359999999999,-21762.0,-6349.679999999999,278.01,-28714.274999999998,-10235.34,-4502.655
-10582.154999999999,-11563.515,-21777.975,-6291.224999999999,282.59999999999997,-28737.719999999998,-10255.545,-4477.455
-10550.789999999999,-11533.14,-21781.934999999998,-6324.48,216.315,-28810.89,-10271.25,-4402.44
-10507.005,-11503.755,-21829.364999999998,-6424.875,201.465,-28810.17,-10252.89,-4366.8
-10535.67,-11482.47,-21794.67,-6425.6849999999995,132.075,-28819.53,-10267.515,-4425.75
-10570.455,-11482.605,-21749.625,-6338.88,122.94,-28836.809999999998,-10291.32,-4473.99
-10578.105,-11516.805,-21793.32,-6385.545,163.17,-28839.149999999998,-10312.154999999999,-4492.485
-10587.015,-11552.4,-21793.094999999998,-6356.5199999999995,273.33,-28780.515,-10306.664999999999,-4502.88
-10587.824999999999,-11519.55,-21767.129999999997,-6350.8949999999995,328.455,-28727.864999999998,-10289.16,-4500.855
-10551.824999999999,-11458.395,-21829.905,-6564.78,190.35,-28811.52,-10330.154999999999,-4488.705
-10559.609999999999,-11500.515,-21851.684999999998,-6508.755,156.64499999999998,-28825.785,-10314.675,-4488.84
-10585.71,-11565.27,-21907.125,-6419.295,110.205,-28818.0,-10291.59,-4496.04
-10591.154999999999,-11487.33,-21770.28,-6287.58,177.75,-28834.605,-10318.455,-4507.514999999999
-10584.494999999999,-11473.605,-21692.114999999998,-6220.53,303.255,-28771.02,-10315.71,-4508.054999999999
-10571.085,-11453.895,-21664.079999999998,-6259.455,260.685,-28700.504999999997,-10297.89,-4497.974999999999
-10573.38,-11478.24,-21742.605,-6398.594999999999,161.595,-28764.539999999997,-10323.72,-4500.764999999999
-10580.085,-11520.09,-21836.43,-6439.7699999999995,163.755,-28820.114999999998,-10337.49,-4500.2699999999995
-10579.14,-11497.59,-21804.075,-6448.139999999999,132.29999999999998,-28800.675,-10333.08,-4501.889999999999
-10578.06,-11492.414999999999,-21776.805,-6316.155,281.61,-28737.629999999997,-10310.22,-4499.73
-10560.869999999999,-11461.904999999999,-21726.045,-6208.65,308.88,-28787.355,-10313.369999999999,-4489.0199999999995
-10551.105,-11450.34,-21749.94,-6279.929999999999,266.355,-28794.78,-10330.02,-4487.4
-10565.19,-11445.93,-21627.27,-6213.87,330.075,-28794.645,-10363.05,-4506.66
-10564.83,-11441.97,-21587.579999999998,-6168.195,314.955,-28873.89,-10405.26,-4513.23
-10567.215,-11459.744999999999,-21687.93,-6272.6849999999995,244.89,-28913.489999999998,-10409.895,-4511.429999999999
-10577.25,-11484.99,-21746.295,-6353.1449999999995,202.41,-28852.065,-10365.975,-4512.42
-10569.6,-11495.025,-21764.43,-6402.33,228.78,-28728.27,-10308.555,-4501.9349999999995
-10571.94,-11458.215,-21692.52,-6283.17,326.25,-28696.995,-10283.58,-4523.22
-10597.14,-11442.824999999999,-21656.52,-6178.5,373.14,-28711.575,-10317.285,-4590.945
-10609.289999999999,-11402.82,-21596.489999999998,-6126.344999999999,435.73499999999996,-28655.82,-10358.82,-4666.724999999999
-10638.9,-11455.965,-21644.64,-6231.014999999999,313.875,-28701.989999999998,-10386.225,-4699.62
-10660.904999999999,-11588.49,-21797.864999999998,-6407.594999999999,134.28,-28795.95,-10401.57,-4646.79
-10645.83,-11560.949999999999,-21801.015,-6399.675,192.915,-28809.765,-10383.57,-4599.2699999999995
-10615.77,-11457.27,-21736.215,-6360.525,298.62,-28883.34,-10374.93,-4585.995
-10569.06,-11425.365,-21689.594999999998,-6328.08,328.455,-28829.969999999998,-10370.609999999999,-4509.045
-10532.52,-11498.49,-21738.329999999998,-6293.79,285.435,-28750.454999999998,-10355.445,-4381.47
-10484.82,-11500.199999999999,-21751.379999999997,-6259.365,236.295,-28793.204999999998,-10345.859999999999,-4283.055
-10496.295,-11481.84,-21718.89,-6234.885,304.46999999999997,-28761.704999999998,-10309.68,-4336.65
-10527.164999999999,-11534.939999999999,-21746.43,-6273.945,271.485,-28774.395,-10331.369999999999,-4412.5199999999995
-10549.98,-11539.439999999999,-21784.454999999998,-6322.005,199.26,-28853.73,-10417.545,-4464.495
-10559.43,-11413.89,-21668.445,-6276.014999999999,231.29999999999998,-28876.635,-10445.22,-4503.105
-10587.42,-11431.26,-21685.995,-6292.17,258.34499999999997,-28838.655,-10405.574999999999,-4542.57
-10601.01,-11480.85,-21724.469999999998,-6314.445,289.17,-28740.239999999998,-10321.92,-4518.179999999999
-10585.26,-11521.755,-21805.92,-6427.844999999999,180.405,-28843.92,-10308.555,-4455.045
-10528.92,-11529.855,-21867.614999999998,-6501.33,104.13,-28937.789999999997,-10326.015,-4381.11
-10555.65,-11538.63,-21840.344999999998,-6432.66,121.905,-28886.085,-10351.71,-4440.78
-10589.085,-11518.83,-21804.075,-6356.115,183.015,-28750.545,-10384.605,-4497.48
-10596.195,-11504.97,-21783.329999999998,-6429.735,155.43,-28793.07,-10461.195,-4507.47
-10587.914999999999,-11513.34,-21810.78,-6508.304999999999,162.35999999999999,-28832.76,-10451.115,-4491.945
-10561.5,-11491.65,-21813.434999999998,-6485.849999999999,186.48,-28810.44,-10425.465,-4474.17
-10568.115,-11512.215,-21840.3,-6547.545,134.23499999999999,-28847.385,-10410.975,-4475.385
-10589.85,-11525.939999999999,-21842.01,-6471.764999999999,204.12,-28828.395,-10379.295,-4489.335
-10580.535,-11510.369999999999,-21795.66,-6361.83,220.04999999999998,-28800.899999999998,-10371.42,-4491.8099999999995
-10591.965,-11500.289999999999,-21695.309999999998,-6274.665,248.715,-28804.23,-10387.305,-4508.325
-10581.48,-11504.115,-21726.18,-6418.889999999999,230.89499999999998,-28832.085,-10388.43,-4495.7699999999995
-10579.095,-11532.06,-21871.395,-6540.48,142.29,-28866.239999999998,-10395.63,-4491.945
-10592.595,-11514.96,-21834.18,-6360.03,239.31,-28778.039999999997,-10388.34,-4506.21
-10584.315,-11479.365,-21671.055,-6133.32,271.84499999999997,-28752.795,-10392.795,-4507.47
-10561.904999999999,-11452.5,-21647.43,-6169.275,251.28,-28778.265,-10408.545,-4492.62
-10556.055,-11452.095,-21673.62,-6202.215,316.485,-28806.704999999998,-10418.895,-4482.72
-10558.845,-11468.25,-21694.815,-6235.875,328.815,-28804.14,-10412.279999999999,-4482.99
-10566.539999999999,-11501.414999999999,-21813.39,-6375.014999999999,220.41,-28838.745,-10406.385,-4485.105
-10554.029999999999,-11519.369999999999,-21810.285,-6334.785,218.07,-28820.969999999998,-10389.195,-4474.9349999999995
-10556.865,-11459.789999999999,-21663.945,-6257.5199999999995,222.66,-28789.289999999997,-10396.17,-4484.16
-10555.65,-11455.38,-21671.55,-6310.17,196.785,-28806.254999999997,-10411.154999999999,-4487.04
-10557.539999999999,-11488.77,-21746.835,-6404.804999999999,189.315,-28863.989999999998,-10444.904999999999,-4490.955
-10565.145,-11460.779999999999,-21728.43,-6400.98,282.51,-28828.079999999998,-10426.904999999999,-4494.105
-10559.789999999999,-11485.17,-21718.754999999997,-6275.295,346.5,-28748.385,-10374.39,-4486.995
-10545.795,-11463.66,-21696.39,-6209.099999999999,300.375,-28775.475,-10387.17,-4509.855
-10602.0,-11471.355,-21698.594999999998,-6215.219999999999,311.53499999999997,-28801.17,-10409.445,-4620.375
-10649.43,-11401.65,-21665.879999999997,-6257.88,303.795,-28823.445,-10450.125,-4772.07
-10678.455,-11436.615,-21748.094999999998,-6335.594999999999,221.89499999999998,-28775.475,-10467.18,-4788.09
-10635.84,-11491.289999999999,-21769.425,-6293.34,254.02499999999998,-28770.164999999997,-10468.395,-4631.355
-10600.965,-11476.08,-21613.68,-6199.875,319.40999999999997,-28745.594999999998,-10418.805,-4511.205
-10558.305,-11470.365,-21661.29,-6280.785,289.71,-28790.64,-10377.585,-4445.505
-10597.949999999999,-11511.314999999999,-21778.155,-6423.84,237.69,-28757.969999999998,-10367.324999999999,-4461.705
-10550.609999999999,-11540.205,-21818.969999999998,-6454.755,176.48999999999998,-28800.539999999997,-10381.545,-4371.57
-10503.63,-11498.715,-21795.165,-6383.79,199.17,-28875.735,-10422.81,-4357.17
-10556.279999999999,-11487.24,-21740.535,-6256.349999999999,278.55,-28821.105,-10431.045,-4470.345
-10568.205,-11511.99,-21690.045,-6208.425,261.09,-28862.73,-10449.539999999999,-4471.605
-10568.609999999999,-11510.369999999999,-21725.055,-6269.67,226.215,-28871.055,-10459.484999999999,-4451.264999999999
-10577.205,-11491.605,-21725.19,-6310.26,191.43,-28825.2,-10445.715,-4445.235
-10591.065,-11533.14,-21785.355,-6368.94,174.73499999999999,-28792.305,-10419.029999999999,-4465.215
-10592.955,-11488.77,-21736.215,-6326.594999999999,247.27499999999998,-28765.17,-10424.97,-4500.764999999999
-10582.38,-11485.305,-21741.975,-6331.7699999999995,228.73499999999999,-28782.495,-10420.83,-4507.065
-10575.99,-11519.82,-21763.395,-6304.59,265.40999999999997,-28781.73,-10404.539999999999,-4486.905
-10531.305,-11490.795,-21778.785,-6357.285,271.53,-28789.515,-10411.965,-4437.0
-10565.145,-11496.555,-21773.34,-6394.995,254.42999999999998,-28800.045,-10396.305,-4476.195
-10614.24,-11533.005,-21781.125,-6393.24,240.61499999999998,-28825.695,-10412.505,-4517.415
-10616.94,-11536.605,-21846.915,-6464.969999999999,113.22,-28871.145,-10439.055,-4519.62
-10620.09,-11504.43,-21827.295,-6470.594999999999,140.67,-28865.204999999998,-10439.64,-4566.735
-10600.244999999999,-11450.43,-21743.055,-6366.87,304.83,-28773.945,-10430.324999999999,-4573.755
-10551.824999999999,-11462.445,-21773.204999999998,-6404.8949999999995,286.695,-28756.079999999998,-10439.91,-4493.5199999999995
-10550.475,-11526.39,-21833.954999999998,-6413.804999999999,206.05499999999998,-28801.934999999998,-10454.49,-4422.105
-10574.955,-11568.689999999999,-21830.579999999998,-6359.264999999999,183.32999999999998,-28817.504999999997,-10451.52,-4423.005
-10571.67,-11534.22,-21789.315,-6455.474999999999,92.205,-28859.265,-10479.015,-4460.67
-10554.705,-11448.18,-21701.385,-6385.679999999999,114.705,-28900.485,-10475.73,-4472.054999999999
-10572.705,-11480.265,-21699.719999999998,-6277.1849999999995,248.67,-28863.405,-10464.029999999999,-4477.1849999999995
-10606.59,-11536.289999999999,-21789.0,-6256.08,252.09,-28803.465,-10447.515,-4498.155
-10582.154999999999,-11496.33,-21784.23,-6276.554999999999,271.8,-28727.55,-10413.494999999999,-4479.57
-10569.465,-11466.72,-21677.265,-6284.88,300.10499999999996,-28729.079999999998,-10415.115,-4477.139999999999
-10557.0,-11458.89,-21690.18,-6303.465,275.985,-28738.844999999998,-10412.055,-4469.13
-10568.789999999999,-11495.564999999999,-21727.305,-6320.745,277.965,-28747.664999999997,-10405.619999999999,-4476.42
-10555.56,-11499.119999999999,-21791.925,-6411.69,202.85999999999999,-28801.934999999998,-10429.38,-4472.865
-10570.005,-11488.005,-21812.175,-6551.639999999999,107.41499999999999,-28832.715,-10451.789999999999,-4491.09
-10587.645,-11505.645,-21777.704999999998,-6460.92,189.945,-28836.315,-10453.41,-4503.285
-10579.05,-11474.324999999999,-21724.92,-6300.99,310.815,-28789.065,-10441.89,-4493.34
-10563.255,-11471.039999999999,-21725.64,-6272.82,218.60999999999999,-28777.815,-10448.595,-4483.755
-10559.25,-11469.824999999999,-21760.335,-6316.5599999999995,113.13,-28797.614999999998,-10439.64,-4482.99
-10571.355,-11492.865,-21807.629999999997,-6355.9349999999995,118.845,-28866.51,-10467.72,-4501.125
-10590.39,-11517.615,-21791.43,-6372.945,238.005,-28872.765,-10508.265,-4522.32
-10601.19,-11571.39,-21814.11,-6352.335,296.82,-28824.614999999998,-10497.105,-4524.12
-10575.045,-11540.609999999999,-21735.315,-6274.844999999999,306.22499999999997,-28777.77,-10474.244999999999,-4503.0599999999995
-10576.08,-11429.64,-21647.204999999998,-6197.264999999999,334.62,-28762.92,-10459.529999999999,-4508.639999999999
-10558.44,-11401.605,-21574.98,-6136.0199999999995,381.24,-28724.219999999998,-10435.949999999999,-4494.375
-10566.945,-11393.369999999999,-21564.315,-6091.65,423.585,-28728.899999999998,-10452.195,-4528.304999999999
-10609.38,-11437.56,-21661.92,-6177.105,374.76,-28729.934999999998,-10430.82,-4583.565
-10607.895,-11508.029999999999,-21768.434999999998,-6252.389999999999,330.84,-28723.545,-10439.19,-4582.08
-10610.73,-11499.21,-21709.934999999998,-6262.425,302.53499999999997,-28717.065,-10430.775,-4560.165
-10639.619999999999,-11486.115,-21697.425,-6290.28,241.875,-28791.945,-10437.795,-4574.655
-10640.789999999999,-11458.35,-21672.0,-6249.554999999999,259.425,-28848.105,-10472.895,-4617.2699999999995
-10637.1,-11422.395,-21620.565,-6201.495,313.515,-28813.815,-10469.43,-4650.57
-10592.369999999999,-11482.109999999999,-21729.059999999998,-6339.69,263.88,-28751.715,-10459.17,-4522.365
-10564.965,-11491.605,-21768.93,-6386.085,259.155,-28683.855,-10443.105,-4497.48
-10573.244999999999,-11483.505,-21756.78,-6361.83,225.54,-28778.355,-10470.6,-4488.84
-10514.925,-11441.835,-21704.85,-6336.719999999999,256.32,-28839.465,-10486.8,-4440.33
-10511.1,-11447.82,-21714.93,-6359.804999999999,278.685,-28813.23,-10451.43,-4422.915
-10551.015,-11518.154999999999,-21790.575,-6400.755,175.185,-28852.425,-10461.375,-4388.4
-10552.05,-11548.619999999999,-21852.225,-6456.915,114.75,-28882.215,-10462.14,-4373.235
-10586.25,-11581.56,-21877.11,-6512.04,148.95,-28839.645,-10444.185,-4440.87
-10614.195,-11554.965,-21831.48,-6435.855,210.95999999999998,-28790.055,-10451.52,-4486.23
-10634.039999999999,-11523.689999999999,-21786.12,-6327.675,245.42999999999998,-28761.84,-10456.515,-4517.28
-10616.49,-11534.984999999999,-21767.489999999998,-6325.065,111.645,-28821.285,-10494.315,-4508.054999999999
-10597.68,-11508.795,-21764.655,-6399.36,20.79,-28857.555,-10512.539999999999,-4487.67
-10579.545,-11507.13,-21790.665,-6446.745,65.565,-28854.629999999997,-10500.029999999999,-4467.915
-10559.16,-11492.595,-21788.594999999998,-6453.405,291.69,-28775.925,-10465.335,-4457.61
-10560.645,-11485.98,-21781.665,-6466.5,279.85499999999996,-28783.53,-10431.63,-4469.94
-10618.02,-11534.085,-21824.19,-6360.255,243.67499999999998,-28779.704999999998,-10412.91,-4536.72
-10600.244999999999,-11459.609999999999,-21662.19,-6148.98,272.88,-28779.12,-10415.789999999999,-4538.07
-10583.865,-11451.6,-21699.18,-6246.405,295.425,-28785.239999999998,-10436.355,-4509.99
-10581.705,-11556.585,-21905.055,-6484.815,226.26,-28810.664999999997,-10438.65,-4453.5599999999995
-10562.535,-11582.64,-21957.254999999997,-6521.759999999999,140.57999999999998,-28851.57,-10459.98,-4423.905
-10572.615,-11476.395,-21735.27,-6334.92,212.17499999999998,-28815.704999999998,-10471.05,-4462.965
-10573.244999999999,-11459.744999999999,-21630.015,-6190.65,324.18,-28769.85,-10453.14,-4472.28
-10567.98,-11464.65,-21692.204999999998,-6294.195,295.515,-28802.745,-10468.395,-4478.13
-10579.365,-11476.395,-21755.61,-6407.28,232.01999999999998,-28804.454999999998,-10476.72,-4487.804999999999
-10588.5,-11531.654999999999,-21812.895,-6394.275,212.445,-28770.614999999998,-10464.164999999999,-4490.28
-10590.975,-11535.615,-21817.62,-6297.03,194.355,-28787.895,-10468.664999999999,-4499.639999999999
-10571.715,-11447.46,-21664.079999999998,-6243.795,205.515,-28804.184999999998,-10472.58,-4493.925
-10569.779999999999,-11460.015,-21698.37,-6281.415,287.64,-28762.469999999998,-10465.065,-4491.72
-10572.48,-11479.365,-21721.815,-6263.865,301.005,-28750.5,-10457.73,-4491.54
-10587.69,-11505.24,-21725.954999999998,-6287.76,242.595,-28739.835,-10449.225,-4495.005
-10585.755,-11508.48,-21793.77,-6405.705,165.42,-28774.62,-10463.175,-4500.764999999999
-10575.539999999999,-11510.01,-21840.84,-6404.49,232.64999999999998,-28811.07,-10474.875,-4501.44
-10561.185,-11494.439999999999,-21777.704999999998,-6389.865,281.745,-28802.34,-10458.539999999999,-4486.365
-10574.865,-11455.064999999999,-21674.25,-6310.53,250.605,-28832.67,-10467.359999999999,-4494.6449999999995
-10603.125,-11451.33,-21738.87,-6292.575,253.07999999999998,-28850.85,-10497.734999999999,-4537.3949999999995
-10630.08,-11485.845,-21766.454999999998,-6265.53,349.02,-28788.84,-10509.164999999999,-4568.625
-10638.135,-11546.955,-21767.085,-6299.55,246.69,-28870.829999999998,-10501.605,-4565.025
-10600.02,-11532.465,-21737.43,-6297.255,210.23999999999998,-28927.53,-10524.96,-4518.585
-10535.715,-11441.34,-21723.614999999998,-6340.905,172.035,-28946.52,-10531.035,-4459.905
-10550.43,-11407.949999999999,-21692.61,-6303.33,240.20999999999998,-28801.079999999998,-10487.789999999999,-4541.04
-10598.31,-11389.814999999999,-21650.129999999997,-6239.429999999999,320.265,-28644.795,-10432.619999999999,-4643.6849999999995
-10634.85,-11414.564999999999,-21675.239999999998,-6303.915,218.16,-28704.465,-10447.335,-4694.355
-10619.279999999999,-11474.55,-21711.555,-6302.429999999999,269.235,-28753.829999999998,-10467.09,-4607.91
-10621.35,-11447.505,-21636.18,-6215.8949999999995,399.96,-28713.059999999998,-10464.57,-4552.74
-10636.92,-11504.295,-21686.355,-6238.755,324.495,-28780.515,-10490.984999999999,-4554.179999999999
-10646.73,-11536.74,-21717.989999999998,-6229.62,310.545,-28802.295,-10494.99,-4556.07
-10619.414999999999,-11555.55,-21775.905,-6298.514999999999,201.285,-28891.53,-10527.345,-4433.849999999999
-10515.69,-11504.205,-21762.54,-6331.545,185.85,-28918.125,-10543.59,-4339.62
-10524.06,-11493.81,-21751.829999999998,-6336.99,218.385,-28861.739999999998,-10511.73,-4423.275
-10569.914999999999,-11530.08,-21780.719999999998,-6380.865,217.845,-28833.57,-10497.779999999999,-4511.61
-10610.279999999999,-11540.744999999999,-21807.945,-6397.335,213.57,-28811.879999999997,-10492.199999999999,-4545.9
-10611.494999999999,-11528.414999999999,-21783.42,-6335.054999999999,258.65999999999997,-28760.985,-10474.199999999999,-4483.08
-10601.369999999999,-11579.805,-21803.129999999997,-6317.235,252.045,-28797.12,-10502.865,-4405.365
-10565.46,-11517.615,-21807.945,-6424.065,187.785,-28833.21,-10499.85,-4390.74
-10548.99,-11509.605,-21820.41,-6480.675,224.45999999999998,-28811.114999999998,-10476.27,-4436.865
-10591.515,-11477.25,-21798.09,-6436.71,227.51999999999998,-28825.695,-10497.869999999999,-4542.615
-10632.465,-11482.154999999999,-21767.085,-6313.275,272.385,-28821.42,-10536.48,-4615.47
-10642.59,-11487.195,-21749.355,-6316.695,169.10999999999999,-28899.09,-10557.494999999999,-4609.08
-10601.324999999999,-11496.24,-21771.495,-6402.915,61.83,-28949.489999999998,-10550.16,-4483.349999999999
-10561.23,-11536.965,-21847.094999999998,-6459.705,156.32999999999998,-28851.75,-10505.07,-4397.264999999999
-10576.26,-11563.965,-21847.14,-6432.66,241.47,-28803.914999999997,-10466.01,-4399.335
-10554.48,-11501.234999999999,-21794.489999999998,-6371.325,184.815,-28813.545,-10474.65,-4421.61
-10554.164999999999,-11509.965,-21921.524999999998,-6554.565,134.01,-28841.445,-10494.135,-4448.429999999999
-10577.789999999999,-11564.055,-21997.98,-6729.705,109.17,-28854.045,-10493.955,-4462.245
-10593.585,-11555.865,-21923.235,-6650.235,48.285,-28894.32,-10517.805,-4481.325
-10605.105,-11473.515,-21661.469999999998,-6203.16,119.88,-28889.325,-10542.555,-4512.465
-10590.615,-11461.77,-21685.454999999998,-6179.67,247.14,-28894.004999999997,-10560.465,-4511.655
-10580.355,-11469.689999999999,-21776.76,-6390.45,273.06,-28833.84,-10525.275,-4491.179999999999
-10578.42,-11505.015,-21852.27,-6462.54,184.185,-28896.164999999997,-10530.72,-4483.53
-10584.539999999999,-11507.85,-21790.395,-6300.99,202.005,-28905.39,-10537.47,-4491.63
-10586.97,-11446.109999999999,-21617.145,-6113.565,326.25,-28787.94,-10505.07,-4497.615
-10570.635,-11433.06,-21629.295,-6233.67,308.295,-28716.57,-10485.99,-4486.455
-10579.68,-11460.869999999999,-21677.76,-6230.07,328.68,-28761.164999999997,-10501.154999999999,-4492.215
-10588.68,-11482.109999999999,-21690.405,-6202.665,305.505,-28824.704999999998,-10514.654999999999,-4495.275
-10561.59,-11437.74,-21633.614999999998,-6174.224999999999,305.685,-28817.325,-10509.975,-4479.3
-10567.529999999999,-11448.539999999999,-21680.1,-6258.375,250.64999999999998,-28751.579999999998,-10493.955,-4484.655
-10587.51,-11496.015,-21727.62,-6322.094999999999,229.725,-28750.23,-10497.96,-4494.554999999999
-10574.82,-11531.609999999999,-21777.12,-6408.179999999999,181.98,-28766.745,-10501.74,-4485.42
-10582.065,-11483.055,-21720.825,-6324.389999999999,219.32999999999998,-28811.114999999998,-10519.38,-4492.98
-10575.72,-11487.824999999999,-21754.079999999998,-6362.82,218.60999999999999,-28834.92,-10514.43,-4486.545
-10580.085,-11478.105,-21764.385,-6344.82,233.595,-28841.445,-10521.945,-4504.05
-10578.645,-11506.77,-21689.145,-6145.065,373.54499999999996,-28736.414999999997,-10502.505,-4510.62
-10582.199999999999,-11505.195,-21680.46,-6144.21,350.09999999999997,-28728.405,-10505.925,-4540.545
-10619.955,-11424.555,-21691.44,-6267.69,260.055,-28791.989999999998,-10542.42,-4599.855
-10627.695,-11456.91,-21690.45,-6255.179999999999,346.09499999999997,-28740.195,-10513.98,-4617.945
-10588.68,-11458.89,-21699.0,-6276.465,398.025,-28694.385,-10466.055,-4550.76
-10589.85,-11411.685,-21709.17,-6430.815,292.995,-28753.605,-10493.505,-4557.69
-10640.025,-11499.705,-21850.605,-6555.6449999999995,169.155,-28823.579999999998,-10549.619999999999,-4600.08
-10621.98,-11481.3,-21805.739999999998,-6411.0599999999995,211.45499999999998,-28861.2,-10579.275,-4622.085
-10648.89,-11493.81,-21757.454999999998,-6300.945,209.42999999999998,-28901.114999999998,-10568.97,-4562.865
-10684.305,-11542.904999999999,-21758.805,-6302.88,201.105,-28886.895,-10542.914999999999,-4562.6849999999995
-10710.404999999999,-11567.475,-21792.78,-6323.13,168.435,-28868.219999999998,-10586.115,-4669.92
-10660.904999999999,-11525.445,-21751.155,-6359.13,154.98,-28824.614999999998,-10581.705,-4543.155
-10511.1,-11467.395,-21678.434999999998,-6265.98,300.645,-28799.055,-10514.88,-4271.8949999999995
-10450.755,-11498.175,-21763.754999999997,-6294.42,256.005,-28889.954999999998,-10523.97,-4220.82
-10529.73,-11518.02,-21796.379999999997,-6281.28,243.945,-28832.805,-10516.455,-4373.46
-10568.97,-11501.414999999999,-21761.145,-6288.57,226.35,-28819.44,-10524.824999999999,-4467.51
-10612.664999999999,-11482.785,-21734.1,-6323.94,228.87,-28807.559999999998,-10560.375,-4527.315
-10619.505,-11493.9,-21774.6,-6419.205,121.22999999999999,-28862.73,-10599.345,-4500.179999999999
-10606.275,-11557.395,-21872.61,-6534.179999999999,83.295,-28889.64,-10596.285,-4447.215
-10583.955,-11539.35,-21917.879999999997,-6646.365,129.96,-28910.024999999998,-10602.404999999999,-4456.62
-10590.39,-11532.689999999999,-21890.295,-6535.575,175.41,-28897.425,-10609.289999999999,-4474.304999999999
-10594.305,-11535.435,-21812.355,-6300.315,235.53,-28839.239999999998,-10590.255,-4477.095
-10579.904999999999,-11489.4,-21764.745,-6247.215,228.42,-28827.09,-10582.515,-4475.115
-10593.99,-11536.695,-21889.575,-6498.09,112.14,-28883.204999999998,-10577.16,-4480.155
-10586.475,-11494.17,-21813.93,-6527.79,-4.545,-28943.01,-10628.595,-4484.385
-10575.63,-11458.98,-21719.61,-6388.514999999999,132.57,-28926.225,-10637.595,-4481.6849999999995
-10588.14,-11477.88,-21681.225,-6247.3949999999995,363.78,-28817.82,-10591.154999999999,-4487.58
-10591.515,-11495.789999999999,-21741.614999999998,-6255.764999999999,360.18,-28781.19,-10587.465,-4491.179999999999
-10578.15,-11478.105,-21763.44,-6360.974999999999,249.66,-28763.73,-10587.555,-4483.665
-10563.164999999999,-11448.72,-21719.565,-6382.304999999999,240.39,-28786.274999999998,-10588.59,-4473.54
-10578.42,-11473.83,-21785.94,-6367.815,307.66499999999996,-28807.379999999997,-10603.845,-4487.264999999999
-10579.095,-11460.824999999999,-21790.44,-6388.965,296.685,-28780.515,-10600.74,-4490.1449999999995
-10604.025,-11529.27,-21837.735,-6523.605,150.075,-28825.335,-10603.17,-4498.92
-10615.275,-11541.779999999999,-21837.015,-6387.84,180.54,-28819.844999999998,-10599.345,-4507.155
-10596.465,-11480.4,-21661.92,-6128.505,281.07,-28796.94,-10609.65,-4501.53
-10586.609999999999,-11473.74,-21651.254999999997,-6119.594999999999,299.88,-28845.989999999998,-10651.725,-4501.44
-10566.539999999999,-11413.395,-21600.585,-6104.429999999999,342.45,-28840.23,-10641.465,-4486.995
-10571.31,-11447.685,-21677.445,-6176.88,355.59,-28790.864999999998,-10628.055,-4484.88
-10581.57,-11498.31,-21769.739999999998,-6286.1849999999995,303.435,-28776.239999999998,-10638.945,-4488.75
-10594.26,-11503.529999999999,-21759.84,-6359.8949999999995,171.81,-28798.965,-10640.295,-4493.7
-10596.195,-11521.08,-21770.55,-6347.88,197.595,-28853.864999999998,-10655.775,-4494.78
-10584.72,-11489.715,-21726.765,-6293.88,247.67999999999998,-28912.545,-10671.255,-4491.99
-10570.59,-11470.904999999999,-21721.995,-6278.94,258.525,-28905.93,-10680.795,-4488.345
-10567.89,-11434.32,-21681.809999999998,-6220.889999999999,328.995,-28800.045,-10648.305,-4485.51
-10558.935,-11428.695,-21651.075,-6208.605,338.625,-28771.02,-10638.81,-4511.385
-10584.045,-11417.715,-21662.82,-6235.38,306.27,-28788.39,-10664.865,-4600.349999999999
-10585.17,-11394.72,-21609.719999999998,-6179.219999999999,351.36,-28779.164999999997,-10668.914999999999,-4644.2699999999995
-10613.565,-11408.67,-21624.03,-6187.05,343.71,-28782.135,-10674.449999999999,-4632.929999999999
-10677.645,-11488.725,-21735.27,-6305.985,252.63,-28831.5,-10707.75,-4600.035
-10671.615,-11465.414999999999,-21738.51,-6317.865,275.895,-28812.51,-10725.795,-4649.264999999999
-10724.715,-11521.17,-21759.704999999998,-6322.275,252.765,-28841.715,-10734.39,-4705.965
-10680.029999999999,-11583.9,-21831.434999999998,-6438.915,104.35499999999999,-28916.055,-10791.945,-4567.545
-10621.44,-11548.215,-21846.915,-6482.205,114.47999999999999,-28885.59,-10818.539999999999,-4470.75
-10533.51,-11561.67,-21867.39,-6486.525,147.825,-28939.454999999998,-10808.595,-4315.139999999999
-10522.035,-11539.935,-21826.62,-6412.679999999999,202.36499999999998,-28929.105,-10789.425,-4328.595
-10557.765,-11471.805,-21724.605,-6291.99,231.70499999999998,-28839.645,-10738.215,-4405.86
-10567.44,-11469.914999999999,-21702.329999999998,-6246.945,265.275,-28804.5,-10700.685,-4434.929999999999
-10582.02,-11488.77,-21735.225,-6316.965,262.08,-28807.379999999997,-10724.31,-4439.925
-10579.77,-11485.26,-21754.485,-6369.795,234.495,-28818.45,-10751.895,-4447.215
-10583.64,-11493.945,-21749.129999999997,-6333.12,269.90999999999997,-28769.67,-10726.695,-4459.7699999999995
-10550.205,-11515.095,-21782.565,-6309.135,239.535,-28825.02,-10746.72,-4441.139999999999
-10551.869999999999,-11492.505,-21830.04,-6417.179999999999,163.26,-28908.989999999998,-10773.18,-4438.665
-10594.664999999999,-11519.055,-21925.17,-6514.83,142.42499999999998,-28915.605,-10764.359999999999,-4477.32
-10602.27,-11513.52,-21885.795,-6573.6449999999995,86.625,-28928.879999999997,-10784.699999999999,-4489.965
-10615.949999999999,-11553.615,-21910.905,-6597.0,58.86,-28947.645,-10795.005,-4490.82
-10597.41,-11538.225,-21859.559999999998,-6439.23,182.83499999999998,-28902.465,-10775.475,-4460.67
-10575.27,-11490.164999999999,-21733.469999999998,-6333.48,211.23,-28833.93,-10760.039999999999,-4455.2699999999995
-10570.455,-11443.68,-21646.079999999998,-6246.405,268.695,-28762.02,-10757.475,-4466.88
-10602.63,-11496.24,-21748.14,-6416.28,280.53,-28749.645,-10775.295,-4488.12
-10595.115,-11517.255,-21861.27,-6582.195,308.205,-28769.535,-10755.045,-4475.97
-10579.005,-11509.92,-21931.695,-6609.915,145.935,-28865.34,-10776.645,-4472.1449999999995
-10587.51,-11510.234999999999,-21869.415,-6317.415,139.905,-28888.245,-10791.359999999999,-4484.205
-10590.48,-11480.805,-21775.004999999997,-6113.025,252.855,-28851.975,-10793.609999999999,-4494.42
-10595.115,-11463.885,-21633.975,-6151.365,227.25,-28833.254999999997,-10809.9,-4508.82
-10595.34,-11474.145,-21633.975,-6245.1449999999995,165.73499999999999,-28819.62,-10806.39,-4507.965
-10592.505,-11481.48,-21727.62,-6301.62,258.12,-28798.155,-10775.34,-4493.205
-10590.705,-11482.92,-21739.184999999998,-6296.625,338.35499999999996,-28795.41,-10781.19,-4494.915
-10595.654999999999,-11507.715,-21716.145,-6249.285,352.395,-28718.145,-10755.494999999999,-4492.53
-10582.515,-11503.305,-21761.28,-6301.304999999999,300.51,-28745.37,-10760.85,-4482.179999999999
-10563.39,-11429.145,-21739.59,-6319.8,227.60999999999999,-28855.98,-10788.75,-4477.139999999999
-10572.39,-11445.39,-21690.675,-6286.635,202.995,-28881.809999999998,-10792.215,-4480.065
-10581.3,-11480.13,-21676.77,-6269.04,249.66,-28857.914999999997,-10802.205,-4484.474999999999
-10575.855,-11479.23,-21696.03,-6249.87,350.41499999999996,-28799.46,-10790.82,-4482.045
-10562.535,-11461.859999999999,-21718.395,-6278.13,322.02,-28820.969999999998,-10792.845,-4477.815
-10574.145,-11443.994999999999,-21719.79,-6336.764999999999,260.59499999999997,-28858.995,-10815.345,-4512.915
-10569.869999999999,-11428.965,-21726.495,-6345.99,265.905,-28871.594999999998,-10814.715,-4525.695
-10592.414999999999,-11468.564999999999,-21759.704999999998,-6297.929999999999,281.25,-28854.719999999998,-10797.255,-4547.429999999999
-10602.539999999999,-11452.77,-21721.77,-6220.304999999999,327.645,-28839.285,-10789.965,-4553.55
-10599.84,-11427.255,-21641.219999999998,-6192.63,340.11,-28853.055,-10805.175,-4547.88
-10609.47,-11435.445,-21624.255,-6154.11,377.685,-28765.305,-10797.705,-4566.915
-10611.63,-11492.46,-21696.75,-6225.66,333.71999999999997,-28755.765,-10789.425,-4567.32
-10654.965,-11473.515,-21723.254999999997,-6291.54,274.95,-28761.12,-10809.18,-4688.099999999999
-10705.365,-11444.265,-21682.215,-6253.605,282.555,-28775.34,-10840.859999999999,-4750.245
-10621.035,-11443.904999999999,-21682.665,-6244.2,301.77,-28781.64,-10823.85,-4570.065
-10538.145,-11511.404999999999,-21776.309999999998,-6350.13,178.515,-28849.59,-10784.115,-4313.115
-10539.765,-11542.005,-21821.265,-6436.215,59.22,-28889.145,-10773.99,-4302.764999999999
-10591.065,-11537.505,-21813.885,-6439.05,87.39,-28873.575,-10789.289999999999,-4417.74
-10560.914999999999,-11520.9,-21821.535,-6451.74,127.53,-28883.7,-10796.625,-4390.38
-10573.065,-11518.515,-21806.594999999998,-6452.865,202.04999999999998,-28894.545,-10809.765,-4437.09
-10585.35,-11524.005,-21809.745,-6482.88,251.01,-28893.105,-10823.939999999999,-4466.835
-10591.199999999999,-11492.055,-21786.93,-6507.09,190.26,-28914.344999999998,-10837.89,-4495.275
-10611.675,-11524.365,-21826.44,-6540.075,115.47,-28946.295,-10831.77,-4483.575
-10615.095,-11556.359999999999,-21907.079999999998,-6560.46,109.935,-28878.21,-10821.96,-4453.605
-10618.335,-11578.14,-21920.625,-6470.28,101.88,-28901.43,-10853.055,-4468.455
-10611.225,-11575.71,-21850.785,-6355.304999999999,142.42499999999998,-28878.39,-10834.244999999999,-4469.849999999999
-10593.765,-11512.035,-21787.515,-6280.785,175.41,-28839.51,-10817.955,-4471.29
-10555.605,-11488.545,-21763.125,-6297.48,205.695,-28842.344999999998,-10817.775,-4451.085
-10550.835,-11489.4,-21791.295,-6299.46,287.235,-28782.539999999997,-10758.465,-4435.29
-10558.935,-11426.13,-21690.36,-6288.12,296.19,-28800.09,-10772.145,-4452.57
-10607.94,-11482.56,-21683.25,-6270.3,327.51,-28813.545,-10800.09,-4493.79
-10611.404999999999,-11481.21,-21712.14,-6325.965,219.51,-28899.855,-10839.869999999999,-4505.445
-10609.74,-11464.83,-21728.7,-6317.19,247.76999999999998,-28847.34,-10828.755,-4504.86
-10612.89,-11495.07,-21742.965,-6291.675,358.155,-28786.14,-10806.705,-4500.63
-10585.08,-11474.414999999999,-21761.28,-6381.495,314.505,-28821.69,-10803.824999999999,-4478.625
-10581.795,-11544.615,-21865.004999999997,-6433.695,221.445,-28852.829999999998,-10815.66,-4474.889999999999
-10577.97,-11533.095,-21802.14,-6313.7699999999995,290.07,-28792.62,-10802.52,-4475.565
-10589.94,-11465.279999999999,-21791.745,-6335.01,271.485,-28802.385,-10797.345,-4485.105
-10582.38,-11464.74,-21786.48,-6402.42,176.625,-28807.829999999998,-10797.435,-4481.91
-10592.279999999999,-11460.96,-21713.67,-6333.389999999999,202.45499999999998,-28761.12,-10773.99,-4484.295
-10601.505,-11483.145,-21698.82,-6276.42,219.285,-28765.754999999997,-10785.734999999999,-4487.535
-10597.545,-11483.64,-21733.515,-6253.605,226.575,-28855.485,-10809.81,-4489.514999999999
-10591.92,-11472.885,-21720.42,-6230.385,286.02,-28886.085,-10824.255,-4489.695
-10589.805,-11448.855,-21687.39,-6246.945,284.67,-28859.039999999997,-10825.965,-4491.99
-10589.49,-11459.699999999999,-21705.84,-6273.315,270.0,-28826.64,-10807.605,-4487.625
-10582.515,-11490.029999999999,-21792.96,-6475.05,226.35,-28818.495,-10793.25,-4476.15
-10585.8,-11454.795,-21732.12,-6481.62,269.685,-28821.6,-10809.27,-4487.58
-10574.55,-11439.539999999999,-21731.94,-6402.375,278.90999999999997,-28821.825,-10808.279999999999,-4488.4349999999995
-10586.07,-11457.72,-21707.504999999997,-6290.19,283.32,-28807.649999999998,-10805.67,-4498.47
-10602.045,-11472.029999999999,-21717.719999999998,-6264.179999999999,282.78,-28819.395,-10827.855,-4521.0599999999995
-10587.195,-11461.365,-21695.895,-6164.594999999999,327.825,-28796.265,-10835.46,-4534.83
-10614.42,-11404.125,-21598.739999999998,-6060.735,381.645,-28763.28,-10847.295,-4642.38
-10636.02,-11360.475,-21566.61,-6090.03,419.21999999999997,-28800.495,-10883.205,-4724.955
-10622.025,-11384.414999999999,-21588.84,-6115.545,416.205,-28816.559999999998,-10855.305,-4651.92
-10648.17,-11514.645,-21725.73,-6286.5,238.04999999999998,-28883.024999999998,-10814.445,-4518.495
-10574.91,-11537.73,-21827.024999999998,-6411.285,144.855,-28895.85,-10773.675,-4384.755
-10612.89,-11531.654999999999,-21818.475,-6397.0199999999995,135.35999999999999,-28872.315,-10775.88,-4495.905
-10591.83,-11555.369999999999,-21823.379999999997,-6386.715,123.66,-28939.32,-10833.525,-4466.745
-10579.455,-11504.43,-21767.94,-6305.219999999999,253.755,-28826.055,-10813.14,-4448.835
-10549.215,-11471.939999999999,-21729.735,-6249.195,351.99,-28783.305,-10821.555,-4438.215
-10601.955,-11492.189999999999,-21725.055,-6294.735,273.87,-28840.14,-10857.51,-4477.545
-10608.345,-11536.244999999999,-21797.145,-6385.094999999999,168.165,-28922.129999999997,-10848.24,-4426.74
-10576.664999999999,-11535.119999999999,-21812.805,-6380.28,182.025,-28931.715,-10822.32,-4409.955
-10575.72,-11504.43,-21766.68,-6381.945,205.065,-28933.469999999998,-10834.38,-4475.205
-10611.494999999999,-11504.43,-21808.305,-6452.19,163.17,-28861.875,-10817.145,-4535.46
-10641.105,-11492.775,-21775.815,-6391.9349999999995,169.605,-28773.0,-10780.515,-4559.58
-10621.08,-11500.244999999999,-21789.675,-6391.62,203.17499999999998,-28799.864999999998,-10783.215,-4489.065
-10590.705,-11494.71,-21781.395,-6398.73,196.56,-28849.95,-10809.09,-4453.065
-10575.99,-11503.17,-21804.57,-6377.985,204.075,-28773.135,-10775.97,-4468.95
-10558.035,-11504.205,-21838.68,-6416.6849999999995,231.20999999999998,-28762.605,-10773.945,-4468.679999999999
-10573.154999999999,-11496.51,-21848.489999999998,-6464.969999999999,243.63,-28877.355,-10824.21,-4461.255
-10613.654999999999,-11542.59,-21876.254999999997,-6511.365,179.37,-28944.989999999998,-10852.515,-4440.195
-10606.32,-11512.305,-21788.91,-6383.115,179.505,-28905.48,-10829.25,-4452.84
-10604.34,-11493.494999999999,-21702.285,-6323.445,178.82999999999998,-28871.594999999998,-10815.84,-4474.17
-10596.555,-11505.33,-21757.545,-6322.32,141.435,-28867.905,-10839.15,-4478.8949999999995
-10616.085,-11525.22,-21818.204999999998,-6414.21,75.825,-28821.015,-10823.175,-4489.514999999999
-10622.115,-11565.99,-21895.695,-6483.33,114.975,-28764.899999999998,-10777.005,-4490.19
-10617.345,-11537.595,-21787.065,-6360.84,237.87,-28809.765,-10800.359999999999,-4508.639999999999
-10569.555,-11415.689999999999,-21665.835,-6160.23,417.555,-28857.69,-10809.27,-4492.3949999999995
-10548.945,-11372.939999999999,-21622.86,-6146.01,397.16999999999996,-28841.399999999998,-10801.305,-4467.014999999999
-10586.16,-11460.734999999999,-21716.145,-6316.155,290.205,-28859.895,-10810.215,-4476.69
-10611.09,-11519.955,-21766.364999999998,-6430.23,210.73499999999999,-28877.85,-10833.66,-4499.865
-10617.615,-11517.164999999999,-21784.905,-6379.92,197.86499999999998,-28865.475,-10831.77,-4506.48
-10616.625,-11493.72,-21743.64,-6272.37,234.35999999999999,-28874.655,-10856.385,-4512.599999999999
-10609.244999999999,-11482.335,-21702.329999999998,-6223.679999999999,257.895,-28863.27,-10839.33,-4496.985
-10596.69,-11483.324999999999,-21724.965,-6257.115,281.745,-28816.695,-10788.615,-4485.105
-10583.73,-11462.445,-21737.34,-6306.57,313.92,-28770.21,-10777.23,-4480.965
-10581.705,-11473.605,-21768.93,-6411.78,279.405,-28787.489999999998,-10785.33,-4485.599999999999
-10584.315,-11475.99,-21779.594999999998,-6467.715,194.94,-28875.87,-10811.43,-4492.889999999999
-10585.755,-11498.22,-21813.57,-6459.57,156.915,-28899.719999999998,-10832.805,-4498.514999999999
-10587.015,-11518.785,-21806.774999999998,-6384.6449999999995,201.42,-28825.065,-10807.244999999999,-4493.7
-10624.725,-11504.34,-21762.629999999997,-6281.865,289.53,-28786.905,-10789.02,-4525.0199999999995
-10608.84,-11463.705,-21691.26,-6177.78,320.31,-28821.195,-10798.289999999999,-4532.49
-10594.395,-11445.345,-21681.675,-6179.715,294.39,-28854.495,-10803.555,-4512.285
-10579.815,-11418.795,-21676.68,-6234.075,264.735,-28870.695,-10821.24,-4530.105
-10645.74,-11449.529999999999,-21671.73,-6208.5599999999995,325.66499999999996,-28795.725,-10815.029999999999,-4653.09
-10676.52,-11422.664999999999,-21610.215,-6156.764999999999,418.59,-28745.504999999997,-10804.77,-4723.695
-10699.38,-11464.515,-21653.19,-6183.315,402.615,-28758.285,-10814.895,-4697.37
-10609.199999999999,-11510.279999999999,-21740.04,-6274.08,273.555,-28852.605,-10798.02,-4465.755
-10534.77,-11467.215,-21738.555,-6318.179999999999,206.45999999999998,-28944.135,-10795.68,-4388.264999999999
-10561.14,-11557.935,-21843.27,-6418.9349999999995,126.0,-28968.57,-10811.34,-4341.014999999999
-10553.895,-11549.07,-21818.114999999998,-6411.33,134.19,-28934.73,-10839.24,-4342.5
-10609.154999999999,-11541.869999999999,-21805.379999999997,-6392.25,184.995,-28845.629999999997,-10834.289999999999,-4460.22
-10676.88,-11560.41,-21846.555,-6443.325,169.47,-28858.364999999998,-10872.494999999999,-4549.005
-10653.705,-11536.289999999999,-21826.665,-6441.389999999999,168.70499999999998,-28892.789999999997,-10877.039999999999,-4531.905
-10603.395,-11535.57,-21826.44,-6423.929999999999,167.89499999999998,-28908.09,-10834.965,-4481.91
-10568.835,-11488.005,-21808.35,-6439.995,202.76999999999998,-28875.87,-10809.18,-4442.22
-10587.914999999999,-11472.84,-21753.405,-6414.3,194.31,-28854.989999999998,-10771.425,-4456.62
-10594.529999999999,-11503.215,-21776.445,-6364.08,185.17499999999998,-28826.325,-10747.44,-4454.639999999999
-10591.605,-11476.529999999999,-21727.485,-6283.17,202.635,-28826.28,-10752.164999999999,-4447.8
-10597.365,-11464.335,-21734.145,-6365.07,211.23,-28831.77,-10776.6,-4473.675
-10601.91,-11465.46,-21777.48,-6455.025,243.63,-28816.335,-10795.859999999999,-4510.53
-10607.039999999999,-11485.71,-21804.75,-6404.985,272.15999999999997,-28795.59,-10825.92,-4525.245
-10607.039999999999,-11509.875,-21795.614999999998,-6316.425,263.385,-28780.155,-10797.39,-4486.815
-10586.52,-11475.855,-21715.245,-6243.3,245.07,-28865.879999999997,-10805.4,-4454.325
-10558.89,-11456.414999999999,-21727.665,-6305.49,198.67499999999998,-28893.555,-10825.515,-4443.389999999999
-10601.64,-11509.199999999999,-21801.825,-6418.575,132.93,-28883.385,-10824.345,-4489.0199999999995
-10608.975,-11483.505,-21751.2,-6413.4,178.785,-28844.864999999998,-10820.97,-4511.34
-10614.734999999999,-11488.32,-21756.285,-6374.79,201.95999999999998,-28830.42,-10799.505,-4501.845
-10608.84,-11522.115,-21817.665,-6371.639999999999,240.255,-28901.204999999998,-10818.314999999999,-4475.34
-10612.215,-11540.295,-21811.545,-6323.535,230.48999999999998,-28956.645,-10860.615,-4488.705
-10610.64,-11532.645,-21796.29,-6302.07,209.07,-28950.795,-10864.845,-4490.37
-10601.82,-11481.705,-21711.105,-6265.3949999999995,282.195,-28826.145,-10822.68,-4484.25
-10565.955,-11406.689999999999,-21692.204999999998,-6319.62,312.57,-28719.945,-10775.97,-4462.29
-10557.225,-11420.865,-21781.844999999998,-6423.03,249.39,-28778.805,-10796.895,-4468.095
-10605.96,-11516.039999999999,-21838.184999999998,-6422.804999999999,221.4,-28813.004999999997,-10816.244999999999,-4500.315
-10602.27,-11509.695,-21739.364999999998,-6264.45,260.37,-28841.445,-10813.05,-4489.965
-10604.52,-11499.164999999999,-21692.79,-6197.8949999999995,249.075,-28865.745,-10819.845,-4488.48
-10596.465,-11478.015,-21719.114999999998,-6287.445,181.305,-28919.295,-10821.779999999999,-4485.87
-10595.205,-11516.13,-21763.17,-6324.3,221.67,-28872.809999999998,-10807.74,-4482.36
-10574.685,-11476.8,-21740.489999999998,-6263.415,290.43,-28866.195,-10821.33,-4476.735
-10567.664999999999,-11432.43,-21733.559999999998,-6289.155,257.715,-28905.84,-10846.08,-4494.42
-10589.355,-11459.25,-21779.055,-6340.679999999999,270.63,-28842.434999999998,-10825.56,-4563.72
-10615.32,-11431.89,-21749.445,-6304.59,339.34499999999997,-28732.68,-10810.845,-4642.065
-10656.449999999999,-11450.789999999999,-21722.085,-6260.715,340.335,-28735.02,-10823.31,-4638.6449999999995
-10616.984999999999,-11424.869999999999,-21693.149999999998,-6302.835,255.32999999999998,-28835.73,-10842.119999999999,-4516.29
-10597.005,-11533.635,-21756.555,-6389.55,141.93,-28905.03,-10844.865,-4402.755
-10578.734999999999,-11525.625,-21776.489999999998,-6398.415,165.78,-28894.454999999998,-10812.015,-4428.99
-10627.92,-11487.555,-21789.809999999998,-6399.045,242.05499999999998,-28826.82,-10798.109999999999,-4548.87
-10668.42,-11448.404999999999,-21697.11,-6262.335,345.645,-28813.635,-10836.63,-4624.83
-10657.845,-11457.99,-21685.23,-6230.34,332.37,-28788.975,-10833.029999999999,-4579.29
-10618.965,-11522.385,-21759.57,-6284.969999999999,273.015,-28820.789999999997,-10810.305,-4444.65
-10551.555,-11518.515,-21780.09,-6375.24,250.01999999999998,-28869.12,-10802.475,-4352.175
-10548.404999999999,-11481.57,-21744.45,-6439.7699999999995,262.03499999999997,-28859.76,-10797.795,-4411.26
-10585.845,-11449.305,-21772.98,-6441.3,235.17,-28838.565,-10799.19,-4510.44
-10638.27,-11487.105,-21769.515,-6328.304999999999,202.5,-28808.684999999998,-10812.914999999999,-4558.7699999999995
-10654.605,-11515.5,-21775.905,-6264.315,163.575,-28860.48,-10839.24,-4536.224999999999
-10658.115,-11527.425,-21802.14,-6343.785,168.12,-28904.219999999998,-10862.189999999999,-4515.075
-10613.97,-11500.83,-21750.165,-6316.514999999999,264.06,-28890.809999999998,-10870.289999999999,-4500.54
-10582.289999999999,-11487.105,-21735.225,-6288.795,293.94,-28811.204999999998,-10825.02,-4465.98
-10610.91,-11515.5,-21776.265,-6308.415,247.14,-28836.945,-10822.635,-4480.2
-10560.869999999999,-11467.17,-21744.945,-6294.78,241.695,-28855.62,-10817.865,-4464.63
-10566.81,-11441.385,-21739.68,-6318.719999999999,219.78,-28851.39,-10801.619999999999,-4474.575
-10587.69,-11457.314999999999,-21761.145,-6325.38,241.875,-28803.42,-10796.58,-4491.09
-10581.029999999999,-11454.39,-21727.17,-6313.455,271.89,-28765.44,-10780.335,-4503.87
-10645.92,-11527.199999999999,-21795.03,-6379.155,195.885,-28864.62,-10813.59,-4540.905
-10657.395,-11544.39,-21829.454999999998,-6383.745,180.225,-28947.105,-10854.18,-4541.849999999999
-10622.744999999999,-11473.244999999999,-21746.204999999998,-6324.255,264.735,-28909.485,-10843.74,-4499.73
-10592.73,-11451.42,-21714.3,-6293.835,265.72499999999997,-28888.155,-10843.47,-4484.025
-10570.365,-11496.869999999999,-21768.12,-6339.465,193.85999999999999,-28913.265,-10844.685,-4426.74
-10628.1,-11567.52,-21877.11,-6479.865,132.84,-28923.12,-10854.765,-4456.035
-10642.365,-11586.869999999999,-21908.16,-6604.5599999999995,91.755,-28920.555,-10844.865,-4468.995
-10587.33,-11528.234999999999,-21870.18,-6511.23,163.07999999999998,-28868.129999999997,-10803.285,-4428.45
-10597.005,-11543.13,-21821.265,-6345.2699999999995,260.505,-28777.454999999998,-10758.285,-4439.025
-10586.43,-11521.619999999999,-21805.29,-6309.855,286.335,-28802.52,-10780.244999999999,-4453.245
-10591.425,-11461.41,-21761.91,-6323.8949999999995,266.13,-28824.12,-10823.58,-4481.325
-10593.449999999999,-11422.125,-21658.454999999998,-6237.405,279.85499999999996,-28810.98,-10818.675,-4485.195
-10582.83,-11426.13,-21697.605,-6293.969999999999,246.78,-28826.684999999998,-10797.84,-4467.465
-10606.725,-11488.14,-21814.065,-6440.58,186.525,-28844.37,-10805.58,-4482.045
-10603.845,-11507.715,-21875.219999999998,-6469.065,192.105,-28855.215,-10815.029999999999,-4487.8949999999995
-10599.029999999999,-11527.199999999999,-21845.61,-6406.514999999999,196.47,-28855.395,-10812.195,-4484.115
-10604.97,-11466.18,-21701.565,-6295.23,198.67499999999998,-28863.629999999997,-10832.58,-4497.929999999999
-10610.324999999999,-11501.55,-21700.665,-6212.835,289.44,-28842.704999999998,-10825.02,-4495.7699999999995
-10617.615,-11483.055,-21714.03,-6247.9349999999995,258.435,-28844.325,-10833.345,-4504.59
-10632.42,-11461.545,-21702.465,-6295.95,174.87,-28819.53,-10828.035,-4520.79
-10641.69,-11467.664999999999,-21705.795,-6295.139999999999,158.17499999999998,-28830.195,-10827.449999999999,-4543.11
-10613.88,-11449.664999999999,-21677.985,-6251.715,306.945,-28852.739999999998,-10837.8,-4539.0599999999995
-10570.32,-11442.015,-21707.594999999998,-6356.969999999999,317.88,-28861.02,-10833.48,-4475.5199999999995
-10556.82,-11431.439999999999,-21723.614999999998,-6365.474999999999,264.78,-28861.559999999998,-10820.025,-4449.599999999999
-10574.64,-11453.355,-21764.745,-6316.65,270.36,-28858.77,-10826.865,-4496.22
-10601.46,-11455.74,-21781.754999999997,-6278.535,298.485,-28861.829999999998,-10862.955,-4544.595
-10603.89,-11442.33,-21733.2,-6248.07,307.305,-28784.969999999998,-10827.09,-4533.03
-10568.52,-11414.744999999999,-21638.114999999998,-6217.65,293.31,-28739.07,-10779.029999999999,-4481.099999999999
-10579.68,-11457.72,-21714.12,-6308.37,215.95499999999998,-28758.87,-10776.51,-4469.22
-10633.904999999999,-11504.609999999999,-21775.004999999997,-6372.764999999999,227.295,-28812.645,-10809.494999999999,-4530.465
-10651.14,-11502.27,-21750.93,-6355.485,278.90999999999997,-28882.035,-10848.42,-4560.165
-10680.119999999999,-11524.814999999999,-21762.09,-6320.88,243.26999999999998,-28936.98,-10862.369999999999,-4564.035
-10637.279999999999,-11503.98,-21746.07,-6281.82,249.39,-28916.64,-10857.375,-4521.96
-10553.355,-11443.095,-21696.66,-6220.17,323.64,-28821.465,-10828.98,-4428.36
-10545.39,-11459.115,-21739.004999999997,-6305.625,233.45999999999998,-28809.45,-10807.335,-4416.12
-10571.805,-11463.795,-21740.94,-6306.705,260.865,-28765.62,-10779.345,-4478.445
-10615.275,-11482.47,-21740.805,-6311.745,279.405,-28793.835,-10779.84,-4554.495
-10692.539999999999,-11526.21,-21788.864999999998,-6351.075,249.92999999999998,-28857.69,-10822.005,-4634.415
-10723.455,-11572.83,-21847.32,-6421.815,156.555,-28898.145,-10830.914999999999,-4624.335
-10697.039999999999,-11592.945,-21865.545,-6422.445,126.17999999999999,-28914.344999999998,-10829.789999999999,-4571.82
-10654.515,-11587.005,-21904.605,-6465.554999999999,168.435,-28912.86,-10854.765,-4473.764999999999
-10552.32,-11500.289999999999,-21834.135,-6465.69,188.45999999999998,-28915.245,-10871.189999999999,-4380.165
-10574.55,-11480.175,-21773.43,-6486.075,181.70999999999998,-28931.625,-10857.6,-4423.635
-10592.01,-11507.895,-21847.68,-6540.4349999999995,94.905,-28926.09,-10834.244999999999,-4428.764999999999
-10608.795,-11544.029999999999,-21843.809999999998,-6444.224999999999,130.04999999999998,-28848.015,-10790.369999999999,-4447.665
-10621.755,-11538.72,-21797.594999999998,-6321.33,205.065,-28761.524999999998,-10752.39,-4484.7
-10614.06,-11509.47,-21786.524999999998,-6317.1449999999995,250.10999999999999,-28759.23,-10772.279999999999,-4494.24
-10610.145,-11473.74,-21743.235,-6291.99,244.53,-28845.36,-10818.494999999999,-4491.315
-10591.83,-11476.89,-21714.344999999998,-6263.46,257.805,-28864.26,-10829.115,-4474.98
-10583.369999999999,-11508.615,-21756.105,-6265.26,253.62,-28864.934999999998,-10837.755,-4481.82
-10589.22,-11439.99,-21701.79,-6288.389999999999,264.42,-28865.655,-10842.39,-4528.44
-10605.465,-11398.59,-21661.155,-6296.94,331.38,-28800.09,-10790.279999999999,-4541.58
-10592.414999999999,-11450.925,-21756.329999999998,-6354.54,335.025,-28783.215,-10773.945,-4499.37
-10636.109999999999,-11505.645,-21843.315,-6468.705,176.85,-28876.77,-10809.765,-4493.565
-10645.65,-11539.439999999999,-21827.43,-6419.5199999999995,137.655,-28901.745,-10833.75,-4494.915
-10586.789999999999,-11500.515,-21797.145,-6329.429999999999,241.605,-28854.09,-10829.34,-4476.014999999999
-10583.82,-11470.185,-21696.84,-6196.7699999999995,325.8,-28821.239999999998,-10819.98,-4467.915
-10600.83,-11475.675,-21731.489999999998,-6257.969999999999,286.695,-28837.754999999997,-10830.105,-4498.425
-10623.465,-11497.095,-21784.274999999998,-6343.695,240.20999999999998,-28863.135,-10829.295,-4511.205
-10601.414999999999,-11487.914999999999,-21791.925,-6398.73,213.525,-28887.48,-10826.01,-4448.835
-10575.045,-11471.265,-21791.34,-6439.005,230.355,-28876.995,-10832.039999999999,-4441.545
-10587.645,-11492.46,-21825.809999999998,-6502.905,222.795,-28880.325,-10832.895,-4471.65
-10606.904999999999,-11494.664999999999,-21811.68,-6463.665,203.67,-28892.024999999998,-10847.385,-4493.429999999999
-10617.119999999999,-11484.539999999999,-21759.03,-6358.455,228.42,-28849.905,-10826.91,-4492.349999999999
-10607.22,-11470.455,-21716.73,-6245.955,250.785,-28836.36,-10805.22,-4494.554999999999
-10616.49,-11492.775,-21709.305,-6181.469999999999,286.245,-28843.829999999998,-10804.455,-4547.835
-10622.07,-11520.135,-21746.07,-6233.04,277.92,-28914.03,-10843.38,-4557.24
-10624.904999999999,-11470.41,-21702.87,-6242.264999999999,285.16499999999996,-28934.414999999997,-10871.64,-4525.875
-10643.76,-11496.105,-21753.405,-6344.1449999999995,173.295,-28976.265,-10878.84,-4505.58
-10635.435,-11510.64,-21787.92,-6403.7699999999995,73.44,-29012.579999999998,-10915.109999999999,-4517.595
-10607.22,-11484.63,-21759.75,-6388.29,20.97,-29060.864999999998,-10942.02,-4500.764999999999
-10548.449999999999,-11434.23,-21767.895,-6352.335,136.89,-29059.92,-10901.88,-4460.22
-10591.515,-11484.314999999999,-21789.36,-6372.224999999999,216.26999999999998,-28880.414999999997,-10814.265,-4496.445
-10627.605,-11511.72,-21753.405,-6321.915,333.81,-28658.565,-10737.72,-4505.13
-10650.24,-11585.34,-21791.655,-6312.105,332.325,-28673.864999999998,-10756.08,-4466.655
-10641.24,-11547.135,-21781.079999999998,-6306.705,261.09,-28782.315,-10788.48,-4501.889999999999
-10630.529999999999,-11456.73,-21726.45,-6276.105,287.37,-28800.765,-10791.539999999999,-4526.28
-10627.695,-11466.539999999999,-21749.94,-6309.945,284.13,-28815.39,-10797.435,-4504.005
-10595.52,-11480.805,-21806.504999999997,-6477.21,192.32999999999998,-28834.289999999997,-10792.125,-4440.78
-10586.295,-11509.965,-21854.204999999998,-6553.755,133.785,-28855.575,-10817.01,-4436.775
-10601.91,-11493.225,-21818.25,-6461.19,156.6,-28857.465,-10834.335,-4474.08
-10625.13,-11480.175,-21732.57,-6281.865,260.41499999999996,-28833.344999999998,-10828.17,-4497.57
-10596.914999999999,-11450.744999999999,-21667.274999999998,-6182.955,282.33,-28846.44,-10837.664999999999,-4475.07
-10581.705,-11459.789999999999,-21707.415,-6228.045,248.445,-28854.719999999998,-10820.744999999999,-4457.295
-10596.51,-11442.914999999999,-21702.69,-6247.035,256.40999999999997,-28833.344999999998,-10811.115,-4518.99
-10585.89,-11404.484999999999,-21662.73,-6224.76,318.015,-28791.135,-10807.244999999999,-4554.36
-10593.449999999999,-11404.35,-21667.995,-6253.785,350.72999999999996,-28771.379999999997,-10813.365,-4551.84
-10635.074999999999,-11454.3,-21723.66,-6319.71,330.255,-28806.434999999998,-10838.205,-4538.07
-10662.75,-11513.744999999999,-21787.965,-6363.855,257.085,-28862.19,-10875.51,-4552.5599999999995
-10666.98,-11525.67,-21812.265,-6378.57,220.85999999999999,-28872.585,-10877.355,-4563.764999999999
-10583.279999999999,-11509.02,-21814.155,-6380.28,173.20499999999998,-28904.67,-10845.63,-4432.905
-10596.06,-11562.255,-21869.64,-6405.57,182.51999999999998,-28879.605,-10824.345,-4408.38
-10597.275,-11516.265,-21780.765,-6345.2699999999995,265.275,-28846.395,-10821.285,-4431.014999999999
-10582.92,-11470.59,-21752.64,-6347.205,240.29999999999998,-28908.45,-10845.99,-4467.465
-10622.205,-11474.55,-21754.575,-6317.82,285.03,-28886.579999999998,-10850.49,-4550.445
-10657.574999999999,-11504.385,-21829.23,-6450.84,258.48,-28866.105,-10860.39,-4571.37
-10683.404999999999,-11557.17,-21917.745,-6616.665,144.26999999999998,-28902.735,-10874.115,-4523.04
-10605.869999999999,-11578.814999999999,-21887.055,-6467.804999999999,166.36499999999998,-28933.02,-10859.175,-4420.215
-10570.32,-11554.695,-21800.295,-6268.455,284.4,-28899.855,-10843.605,-4415.849999999999
-10569.375,-11450.52,-21687.12,-6226.335,329.53499999999997,-28825.245,-10834.83,-4444.605
-10598.715,-11453.31,-21713.625,-6281.594999999999,205.245,-28840.77,-10840.14,-4455.045
-10599.525,-11450.744999999999,-21700.62,-6263.639999999999,172.575,-28881.27,-10836.135,-4465.755
-10610.73,-11487.645,-21760.92,-6315.795,184.23,-28895.129999999997,-10834.154999999999,-4483.8
-10613.654999999999,-11499.705,-21774.69,-6371.325,173.16,-28859.67,-10821.914999999999,-4487.715
-10600.92,-11509.289999999999,-21749.219999999998,-6377.535,210.87,-28814.085,-10815.345,-4475.025
-10592.865,-11479.904999999999,-21756.239999999998,-6372.945,222.48,-28828.395,-10813.904999999999,-4464.855
-10597.59,-11476.17,-21772.665,-6322.905,271.98,-28849.004999999997,-10811.835,-4468.995
-10632.824999999999,-11482.199999999999,-21747.285,-6256.844999999999,270.045,-28880.055,-10852.47,-4502.745
-10625.49,-11475.18,-21732.93,-6289.74,200.60999999999999,-28921.004999999997,-10894.994999999999,-4510.8
-10606.005,-11465.64,-21774.78,-6393.599999999999,178.785,-28943.954999999998,-10903.725,-4505.8949999999995
-10599.48,-11455.92,-21758.985,-6403.815,232.33499999999998,-28902.465,-10886.445,-4513.905
-10576.44,-11427.615,-21690.27,-6321.554999999999,287.37,-28870.965,-10869.84,-4506.12
-10581.119999999999,-11398.275,-21665.835,-6277.23,274.905,-28887.93,-10852.65,-4519.62
-10625.625,-11453.085,-21721.14,-6307.335,311.03999999999996,-28776.465,-10782.359999999999,-4549.679999999999
-10658.34,-11506.725,-21788.37,-6422.13,276.16499999999996,-28748.475,-10767.15,-4549.95
-10628.64,-11501.955,-21799.89,-6404.49,248.355,-28799.55,-10806.615,-4511.79
-10609.74,-11497.185,-21777.66,-6324.525,256.005,-28842.39,-10812.645,-4453.47
-10594.845,-11490.525,-21764.52,-6302.565,245.295,-28841.76,-10814.085,-4454.19
-10616.67,-11489.355,-21743.415,-6271.74,285.65999999999997,-28804.004999999997,-10808.64,-4486.86
-10625.13,-11493.494999999999,-21728.43,-6240.735,291.33,-28810.215,-10825.289999999999,-4491.045
-10638.9,-11509.244999999999,-21754.98,-6258.96,263.835,-28827.045,-10840.994999999999,-4551.525
-10651.275,-11485.89,-21745.215,-6279.929999999999,261.18,-28818.899999999998,-10836.404999999999,-4601.07
-10652.445,-11447.775,-21729.465,-6323.849999999999,237.06,-28809.45,-10831.095,-4592.115
-10644.93,-11457.99,-21723.12,-6316.965,256.005,-28803.465,-10819.439999999999,-4521.69
-10587.465,-11463.164999999999,-21745.26,-6324.4349999999995,230.04,-28842.975,-10836.449999999999,-4447.665
-10544.22,-11448.945,-21742.515,-6314.58,233.01,-28884.239999999998,-10836.225,-4428.2699999999995
-10568.97,-11494.439999999999,-21778.785,-6358.545,208.48499999999999,-28932.93,-10830.779999999999,-4422.555
-10637.1,-11540.07,-21823.379999999997,-6433.514999999999,180.81,-29002.905,-10879.92,-4511.745
-10715.715,-11586.105,-21891.51,-6510.509999999999,195.29999999999998,-28990.934999999998,-10917.494999999999,-4634.505
-10731.69,-11561.22,-21850.649999999998,-6489.495,231.66,-28870.289999999997,-10870.92,-4627.9349999999995
-10644.255,-11564.955,-21831.254999999997,-6405.57,168.70499999999998,-28857.78,-10848.42,-4497.885
-10592.414999999999,-11525.939999999999,-21806.82,-6344.955,130.23,-28868.445,-10847.88,-4389.57
-10561.815,-11450.385,-21718.53,-6229.44,257.085,-28783.125,-10820.16,-4378.995
-10590.84,-11505.914999999999,-21782.34,-6312.554999999999,195.29999999999998,-28785.78,-10805.13,-4412.88
-10645.65,-11571.3,-21902.445,-6505.785,78.88499999999999,-28904.805,-10834.38,-4506.03
-10666.935,-11532.105,-21855.87,-6466.545,214.82999999999998,-28849.815,-10834.875,-4580.91
-10614.69,-11466.314999999999,-21757.004999999997,-6390.134999999999,259.83,-28816.739999999998,-10834.74,-4554.135
-10582.289999999999,-11446.02,-21737.34,-6389.639999999999,285.39,-28789.649999999998,-10827.72,-4466.025
-10589.94,-11506.14,-21797.684999999998,-6460.469999999999,237.78,-28851.704999999998,-10845.72,-4390.155
-10597.455,-11511.314999999999,-21868.695,-6492.78,137.20499999999998,-28943.055,-10855.125,-4422.375
-10605.42,-11464.38,-21768.84,-6327.45,247.545,-28933.965,-10877.895,-4462.605
-10598.94,-11466.494999999999,-21732.165,-6232.815,240.52499999999998,-28911.015,-10897.695,-4464.09
-10613.654999999999,-11474.369999999999,-21720.42,-6243.615,245.60999999999999,-28880.01,-10897.244999999999,-4483.215
-10620.63,-11488.814999999999,-21737.114999999998,-6244.155,283.905,-28842.795,-10855.89,-4482.09
-10614.914999999999,-11494.305,-21752.19,-6281.054999999999,254.42999999999998,-28861.379999999997,-10843.244999999999,-4479.929999999999
-10606.05,-11470.455,-21742.02,-6324.12,259.46999999999997,-28869.795,-10863.72,-4484.115
-10607.49,-11472.029999999999,-21732.344999999998,-6306.344999999999,319.22999999999996,-28829.655,-10869.21,-4487.264999999999
-10601.595,-11478.645,-21747.42,-6279.795,309.51,-28828.754999999997,-10867.275,-4483.889999999999
-10600.515,-11451.42,-21704.219999999998,-6262.245,295.335,-28849.86,-10867.41,-4483.889999999999
-10598.85,-11441.744999999999,-21696.075,-6286.7699999999995,284.76,-28857.285,-10857.105,-4483.44
-10598.67,-11463.029999999999,-21721.95,-6304.05,245.51999999999998,-28877.715,-10869.119999999999,-4488.12
-10607.265,-11486.654999999999,-21743.594999999998,-6325.83,239.13,-28872.495,-10881.99,-4499.865
-10625.984999999999,-11512.08,-21784.59,-6347.745,235.935,-28824.57,-10873.845,-4509.09
-10616.49,-11543.895,-21840.57,-6394.634999999999,221.17499999999998,-28834.739999999998,-10872.494999999999,-4494.6449999999995
-10614.779999999999,-11547.27,-21833.82,-6390.495,127.935,-28945.215,-10881.18,-4482.54
-10604.835,-11442.555,-21744.855,-6325.92,154.755,-28982.43,-10883.16,-4481.1449999999995
-10588.23,-11415.285,-21708.54,-6301.304999999999,256.635,-28900.844999999998,-10858.005,-4485.51
-10598.039999999999,-11439.0,-21738.69,-6298.0199999999995,355.86,-28779.21,-10841.49,-4524.525
-10612.619999999999,-11437.875,-21745.305,-6303.554999999999,343.8,-28729.215,-10834.109999999999,-4558.05
-10647.81,-11454.119999999999,-21715.29,-6252.57,324.135,-28716.524999999998,-10813.05,-4569.705
-10686.24,-11478.42,-21682.215,-6198.255,336.42,-28741.815,-10815.029999999999,-4589.099999999999
-10646.685,-11470.275,-21699.855,-6221.385,328.365,-28763.055,-10826.369999999999,-4568.264999999999
-10647.09,-11426.355,-21679.155,-6230.969999999999,333.315,-28759.995,-10841.085,-4610.205
-10653.615,-11415.105,-21666.735,-6267.915,301.185,-28787.94,-10869.975,-4617.764999999999
-10645.335,-11492.145,-21765.87,-6397.695,175.85999999999999,-28893.239999999998,-10902.914999999999,-4531.139999999999
-10640.34,-11586.779999999999,-21895.02,-6512.355,78.255,-28985.535,-10904.039999999999,-4400.55
-10586.16,-11582.73,-21910.635,-6536.655,78.21,-28982.52,-10875.285,-4324.365
-10588.725,-11501.279999999999,-21810.465,-6453.045,124.425,-28914.524999999998,-10858.545,-4416.4349999999995
-10647.0,-11539.08,-21872.385,-6472.665,101.655,-28892.61,-10862.145,-4498.335
-10638.494999999999,-11500.244999999999,-21786.3,-6315.57,257.03999999999996,-28830.149999999998,-10860.525,-4537.665
-10609.875,-11483.91,-21739.995,-6242.085,337.95,-28828.079999999998,-10858.814999999999,-4525.47
-10602.63,-11500.064999999999,-21770.55,-6291.09,292.005,-28880.28,-10890.945,-4498.155
-10640.789999999999,-11509.289999999999,-21776.805,-6338.474999999999,261.945,-28873.395,-10893.015,-4488.21
-10633.77,-11527.425,-21786.48,-6346.3949999999995,219.23999999999998,-28882.215,-10893.555,-4469.76
-10628.279999999999,-11510.82,-21804.48,-6353.955,213.57,-28881.765,-10868.31,-4485.0599999999995
-10622.07,-11489.67,-21784.995,-6365.07,240.20999999999998,-28837.35,-10841.805,-4504.5
-10627.109999999999,-11455.74,-21745.44,-6385.005,241.29,-28850.129999999997,-10865.97,-4524.795
-10600.199999999999,-11468.295,-21773.969999999998,-6457.5,258.705,-28852.155,-10856.564999999999,-4487.13
-10589.535,-11527.109999999999,-21872.565,-6511.41,216.81,-28853.864999999998,-10838.205,-4426.965
-10562.31,-11506.23,-21846.735,-6396.12,209.88,-28883.43,-10867.095,-4391.91
