ch0,ch1,ch2,ch3,ch4,ch5,ch6,ch7
146182.275,146530.755,147031.695,146511.405,146408.75999999998,146514.33,146959.875,146558.835
145630.305,146209.63499999998,146917.97999999998,146521.215,146474.82,147048.93,146298.285,146069.82
141366.96,141618.735,141963.165,141868.25999999998,141900.435,142170.88499999998,141662.205,141649.74
133953.47999999998,133944.21,134053.83,134058.465,134122.905,134155.53,134157.96,134162.415
127722.735,127712.83499999999,127818.495,127823.4,127886.22,127918.305,127923.48,127925.45999999999
125530.875,125521.69499999999,125626.275,125631.36,125693.28,125725.185,125730.135,125731.26
132664.5,132659.91,132770.385,132774.21,132836.58,132870.195,132858.81,132866.1
142980.12,143399.745,143834.085,143652.735,143517.6,143809.695,142953.07499999998,143027.82
145952.595,146804.58,147671.00999999998,147140.685,146749.68,147355.60499999998,145930.995,145916.46
146235.15,146687.175,147295.16999999998,146732.22,146488.63499999998,146655.405,146618.1,146380.41
146249.46,146546.63999999998,147058.60499999998,146537.595,146453.22,146556.54,146981.16,146597.75999999998
145651.095,146224.035,146935.485,146541.555,146512.16999999998,147086.505,146320.245,146084.85
141386.715,141637.86,141979.995,141887.97,141926.26499999998,142187.13,141682.77,141668.37
133750.08,133740.945,133850.43,133854.93,133919.955,133951.77,133954.56,133958.61
127497.42,127487.565,127593.045,127598.08499999999,127660.72499999999,127692.72,127698.03,127699.92
125524.75499999999,125515.575,125620.33499999999,125625.33,125687.025,125719.245,125723.97,125725.185
132428.88,132421.455,132530.66999999998,132535.08,132597.76499999998,132630.12,132626.835,132632.235
142656.255,143025.975,143418.735,143255.61,143152.91999999998,143403.975,142667.91,142719.57
145942.155,146777.22,147635.00999999998,147102.79499999998,146736.225,147327.3,145933.38,145901.925
146226.01499999998,146674.62,147278.115,146717.235,146485.935,146668.86,146619.315,146379.555
146234.835,146521.16999999998,147031.965,146512.215,146435.085,146556.945,146958.435,146604.645
145620.18,146165.625,146876.58,146483.955,146456.505,147036.735,146263.32,146054.29499999998
141128.685,141357.375,141693.21,141603.75,141641.37,141897.555,141414.525,141406.91999999998
133489.08,133479.27,133588.395,133592.985,133657.38,133689.41999999998,133693.245,133697.34
127524.95999999999,127515.06,127620.81,127625.715,127688.355,127720.125,127725.65999999999,127727.28
125715.42,125706.33,125810.86499999999,125816.08499999999,125877.825,125909.90999999999,125914.76999999999,125915.76
132706.57499999998,132701.66999999998,132811.83,132815.43,132877.845,132911.37,132901.155,132908.58
142965.9,143362.215,143790.66,143609.49,143488.935,143764.695,142924.77,143012.61
145985.715,146801.97,147667.5,147133.305,146771.55,147349.935,145924.60499999998,145940.66999999998
146252.565,146680.56,147294.405,146727.585,146504.16,146656.44,146604.82499999998,146399.26499999998
146248.695,146534.94,147066.57,146540.655,146458.755,146562.84,146945.16,146624.805
145614.41999999998,146153.745,146870.595,146478.735,146451.555,147012.57,146231.00999999998,146050.83
141048.675,141269.085,141601.365,141513.93,141553.305,141796.71,141324.79499999998,141326.055
133556.26499999998,133545.87,133655.26499999998,133659.72,133724.16,133756.11,133760.43,133764.38999999998
127391.08499999999,127381.14,127486.575,127491.705,127554.25499999999,127586.11499999999,127591.47,127593.0
125509.455,125500.31999999999,125604.765,125609.84999999999,125671.31999999999,125703.67499999999,125708.44499999999,125709.48
132512.715,132506.685,132616.665,132620.66999999998,132682.815,132716.205,132707.97,132715.035
142862.22,143249.535,143671.32,143491.995,143367.93,143637.255,142822.845,142913.97
145987.29,146800.935,147678.47999999998,147130.83,146745.13499999998,147332.38499999998,145905.84,145939.005
146262.645,146679.615,147292.245,146721.285,146480.085,146643.84,146586.96,146408.85
146268.945,146526.38999999998,147051.18,146523.6,146442.465,146533.77,146920.725,146636.055
145642.68,146162.69999999998,146888.415,146488.725,146463.47999999998,147010.455,146209.86,146072.745
141050.61,141267.06,141603.57,141511.815,141552.36,141799.68,141310.26,141325.785
133363.16999999998,133353.0,133461.76499999998,133466.445,133531.11,133562.97,133567.11,133571.07
127398.69,127388.97,127494.18,127499.44499999999,127562.22,127593.67499999999,127599.12,127600.78499999999
125615.97,125606.97,125711.64,125716.905,125778.42,125810.37,125815.31999999999,125816.58
132442.695,132437.16,132547.41,132551.145,132613.245,132646.635,132636.78,132644.835
142897.5,143278.155,143707.455,143521.83,143403.165,143659.16999999998,142826.22,142946.145
146012.535,146800.53,147675.33,147123.18,146766.465,147298.005,145885.13999999998,145963.62
146228.445,146673.13499999998,147277.845,146707.29,146488.05,146602.53,146568.78,146384.955
146236.59,146545.91999999998,147058.11,146545.60499999998,146464.11,146519.63999999998,146918.07,146621.29499999998
145637.28,146181.69,146900.205,146512.35,146487.10499999998,147014.505,146213.415,146071.62
141172.245,141400.035,141737.895,141649.56,141689.025,141931.71,141434.595,141449.66999999998
133769.29499999998,133759.035,133868.205,133872.93,133937.595,133969.275,133973.19,133977.78
127627.605,127617.705,127723.23,127728.58499999999,127790.955,127822.86,127828.215,127830.19499999999
125839.215,125830.08,125934.97499999999,125940.33,126001.79999999999,126033.885,126038.97,126040.14
132709.995,132706.53,132817.32,132820.83,132882.885,132916.365,132902.235,132911.32499999998
143061.435,143474.985,143914.005,143726.895,143600.75999999998,143860.275,142977.87,143101.97999999998
146008.62,146821.86,147691.62,147152.925,146791.97999999998,147308.445,145890.27,145965.50999999998
146276.82,146700.36,147308.58,146744.505,146521.62,146608.83,146582.415,146434.905
146267.82,146562.66,147084.165,146564.28,146481.12,146538.85499999998,146936.025,146647.25999999998
145672.065,146227.63499999998,146945.16,146557.97999999998,146528.00999999998,147057.38999999998,146260.97999999998,146115.13499999998
141282.18,141521.76,141859.57499999998,141772.59,141810.79499999998,142049.475,141548.66999999998,141565.32
133430.66999999998,133421.22,133530.255,133535.205,133599.87,133631.28,133634.385,133639.02
127427.89499999999,127418.08499999999,127523.43,127528.69499999999,127591.515,127622.87999999999,127628.415,127630.305
125724.735,125715.735,125820.22499999999,125825.44499999999,125887.185,125918.955,125924.31,125925.12
132607.08,132603.03,132713.37,132717.33,132779.34,132812.685,132800.76,132808.86
143000.82,143402.985,143837.865,143653.005,143528.13,143786.38499999998,142935.525,143051.445
146014.245,146826.76499999998,147693.10499999998,147158.00999999998,146795.13,147317.66999999998,145919.25,145985.175
146203.335,146674.44,147269.69999999998,146714.535,146489.75999999998,146602.57499999998,146578.905,146370.6
146083.005,146427.345,146930.66999999998,146432.565,146337.79499999998,146405.88,146747.925,146428.38
145615.32,146199.465,146923.965,146544.525,146513.745,147074.895,146204.37,146047.86
141540.255,141812.685,142173.0,142080.88499999998,142117.38,142390.395,141814.62,141827.895
133978.275,133970.175,134080.38,134084.925,134149.32,134181.675,134182.57499999998,134187.345
127682.01,127672.155,127777.86,127782.9,127845.495,127876.995,127882.62,127884.59999999999
125741.97,125732.87999999999,125837.685,125842.68,125904.465,125936.37,125941.40999999999,125942.58
133101.63,133099.11,133211.16,133214.35499999998,133275.87,133310.205,133293.41999999998,133302.645
143250.57,143679.50999999998,144129.96,143941.68,143806.32,144081.81,143182.71,143288.72999999998
146002.185,146828.835,147689.685,147168.585,146803.22999999998,147335.715,145936.395,145965.915
146292.705,146701.88999999998,147294.09,146749.77,146527.695,146623.63499999998,146619.76499999998,146430.99
146275.38,146558.745,147066.3,146565.63,146486.07,146557.88999999998,146935.845,146629.71
145656.85499999998,146213.00999999998,146919.6,146549.29499999998,146522.34,147061.395,146232.9,146084.085
141136.155,141366.195,141695.37,141613.965,141653.38499999998,141889.815,141397.56,141411.41999999998
133274.16,133264.125,133373.385,133378.155,133442.595,133474.22999999998,133478.01,133481.925
127222.83,127212.885,127318.36499999999,127323.62999999999,127386.26999999999,127417.86,127423.305,127424.655
125365.995,125356.905,125461.305,125466.525,125528.22,125560.17,125565.165,125566.155
132510.41999999998,132504.525,132614.505,132618.24,132680.745,132713.82,132705.72,132713.01
142906.63499999998,143288.955,143703.9,143531.505,143416.16999999998,143666.72999999998,142867.845,142962.615
146013.525,146818.215,147665.745,147150.495,146791.08,147319.56,145924.51499999998,145972.08
146229.3,146694.96,147279.87,146735.72999999998,146513.34,146631.285,146608.65,146383.11
146231.685,146571.975,147084.525,146582.955,146498.66999999998,146573.505,146943.585,146591.685
145621.485,146193.79499999998,146907.495,146536.11,146503.935,147049.19999999998,146211.57,146037.69
141074.865,141303.41999999998,141631.83,141550.38,141588.9,141828.93,141341.535,141345.27
133714.8,133704.495,133813.53,133818.255,133883.1,133914.735,133919.01,133922.88
127579.635,127569.735,127675.44,127680.75,127743.25499999999,127774.79999999999,127780.56,127782.045
125882.595,125873.235,125978.08499999999,125983.485,126044.955,126076.86,126082.17,126083.15999999999
132906.51,132904.035,133015.59,133019.01,133080.47999999998,133114.68,133098.12,133106.895
143185.68,143613.585,144061.065,143869.905,143733.87,144006.66,143111.38499999998,143211.50999999998
146016.36,146846.07,147704.35499999998,147175.83,146808.13499999998,147337.785,145933.51499999998,145955.07
146284.245,146713.63499999998,147302.91,146753.775,146526.03,146632.995,146620.125,146421.81
146265.88499999998,146574.495,147085.335,146581.245,146494.71,146587.995,146950.425,146627.55
145654.695,146221.74,146934.405,146561.31,146529.44999999998,147085.155,146240.37,146072.69999999998
141218.72999999998,141451.02,141778.53,141697.845,141736.725,141974.00999999998,141483.195,141490.62
133685.82,133675.91999999998,133785.04499999998,133789.905,133854.57,133886.29499999998,133889.895,133894.215
127448.235,127438.56,127544.355,127549.665,127611.98999999999,127643.76,127649.205,127650.95999999999
125622.495,125613.36,125718.12,125723.34,125784.94499999999,125816.89499999999,125821.935,125822.83499999999
133062.435,133057.8,133168.455,133172.19,133234.425,133267.995,133257.41999999998,133264.71
143133.66,143535.10499999998,143962.47,143781.255,143656.02,143921.52,143094.24,143179.91999999998
146024.055,146837.205,147686.085,147165.435,146797.02,147340.08,145948.005,145972.16999999998
146293.56,146714.715,147300.435,146752.60499999998,146533.185,146649.50999999998,146635.155,146439.63
146278.53,146573.72999999998,147081.375,146577.41999999998,146509.47,146605.54499999998,146963.655,146640.50999999998
145654.11,146209.095,146915.865,146544.03,146524.86,147079.71,146241.72,146074.815
141092.32499999998,141315.93,141638.985,141559.695,141602.04,141833.475,141357.01499999998,141364.305
133286.66999999998,133276.635,133385.715,133390.485,133455.06,133486.56,133490.835,133494.66
127284.03,127274.53499999999,127379.745,127385.01,127447.605,127479.42,127484.90999999999,127486.39499999999
125746.065,125737.2,125841.64499999999,125846.81999999999,125908.73999999999,125940.555,125945.595,125946.58499999999
132792.12,132787.035,132897.645,132901.47,132963.615,132997.22999999998,132987.555,132994.57499999998
143028.54,143419.22999999998,143845.155,143664.07499999998,143545.32,143814.78,142996.815,143078.26499999998
146019.375,146821.32,147672.04499999998,147145.005,146792.655,147353.22,145963.035,145975.095
146235.285,146692.215,147268.485,146726.505,146514.50999999998,146655.495,146647.305,146405.88
146225.835,146562.705,147056.805,146574.18,146502.945,146608.74,146968.245,146610.63
145650.41999999998,146229.57,146936.16,146578.05,146553.66,147127.32,146261.52,146080.485
141225.57,141466.22999999998,141796.395,141718.185,141757.74,142002.72,141498.18,141502.455
133510.995,133501.54499999998,133610.805,133615.665,133679.88,133711.83,133715.205,133719.57
127527.12,127517.44499999999,127623.23999999999,127628.595,127690.78499999999,127722.59999999999,127728.045,127729.98
126075.78,126066.51,126171.495,126176.76,126238.185,126270.495,126275.53499999999,126276.885
133370.72999999998,133367.535,133479.18,133482.465,133544.205,133578.63,133564.59,133572.735
143268.93,143684.91,144122.535,143939.745,143809.91999999998,144092.69999999998,143232.21,143311.54499999998
146012.35499999998,146829.735,147668.58,147160.35,146802.69,147362.085,145980.63,145976.085
146249.19,146692.97999999998,147253.68,146725.29,146510.955,146649.915,146662.56,146439.675
146235.735,146561.13,147042.63,146558.115,146489.04,146612.79,146976.47999999998,146648.205
145597.59,146178.54,146870.235,146516.31,146499.88499999998,147077.19,146226.41999999998,146051.955
140971.995,141202.62,141525.27,141450.12,141492.465,141730.83,141249.78,141254.01
133468.11,133457.895,133566.57,133571.745,133636.185,133667.82,133672.095,133676.235
127533.78,127524.28499999999,127629.62999999999,127635.03,127697.48999999999,127729.39499999999,127734.65999999999,127736.14499999999
125888.76,125879.58,125984.25,125989.33499999999,126051.20999999999,126083.205,126088.11,126089.19
133244.28,133245.405,133358.985,133361.19,133422.12,133457.805,133434.315,133444.53
143417.79,143877.735,144340.38,144143.595,143999.91,144313.335,143353.485,143456.715
146024.865,146854.485,147686.94,147180.285,146824.425,147402.18,145994.58,146012.66999999998
146249.955,146698.875,147263.22,146734.56,146529.81,146665.62,146671.83,146471.04
146237.31,146571.435,147081.915,146597.445,146529.315,146629.71,146980.16999999998,146673.85499999998
145588.32,146172.50999999998,146885.13,146532.555,146512.215,147085.47,146209.095,146061.44999999998
140944.41,141171.435,141495.615,141420.555,141462.04499999998,141701.31,141219.09,141230.385
133651.305,133641.0,133749.99,133754.805,133819.335,133850.97,133855.51499999998,133859.79
127570.86,127561.185,127666.665,127671.93,127734.61499999999,127766.205,127771.56,127773.405
126059.12999999999,126049.86,126154.70999999999,126159.93,126221.84999999999,126253.70999999999,126258.705,126260.09999999999
133214.49,133214.535,133327.62,133330.32,133391.34,133426.8,133404.93,133415.055
143365.095,143820.36,144284.895,144091.62,143950.54499999998,144251.82,143307.27,143419.455
146008.935,146846.43,147696.47999999998,147187.62,146835.76499999998,147395.07,145984.86,146019.96
146213.685,146698.335,147268.62,146742.525,146538.99,146664.63,146665.755,146465.28
146206.35,146578.185,147087.315,146606.535,146539.08,146636.595,146978.685,146674.44
145613.205,146228.58,146948.175,146596.185,146575.935,147146.715,146247.07499999998,146109.735
141153.3,141403.095,141734.38499999998,141658.38,141699.555,141940.8,141432.47999999998,141450.885
133501.185,133491.51,133600.725,133605.225,133670.07,133701.47999999998,133705.305,133709.535
127500.75,127490.67,127596.64499999999,127601.415,127664.325,127695.735,127700.955,127702.98
125940.19499999999,125930.83499999999,126035.90999999999,126040.72499999999,126102.64499999999,126134.595,126139.455,126140.805
133523.055,133521.38999999998,133633.755,133636.635,133698.33,133732.71,133716.15,133725.01499999998
143388.09,143833.86,144283.365,144097.51499999998,143966.52,144248.535,143353.57499999998,143460.04499999998
145993.095,146846.745,147694.32,147190.005,146838.735,147379.365,145984.365,146026.485
146252.61,146704.59,147270.15,146745.85499999998,146538.18,146651.58,146665.935,146489.985
146242.71,146574.04499999998,147063.735,146584.125,146517.57,146620.97999999998,146970.81,146695.05
145612.97999999998,146215.53,146918.25,146569.005,146551.94999999998,147113.1,146234.88,146113.065
141095.16,141336.585,141662.475,141588.675,141630.57,141862.94999999998,141369.79499999998,141392.88
133430.085,133420.59,133529.535,133534.16999999998,133598.835,133630.245,133634.565,133638.66
127491.20999999999,127481.44499999999,127587.23999999999,127592.055,127654.965,127686.51,127692.045,127693.53
126205.01999999999,126195.48,126301.00499999999,126305.595,126367.56,126399.69,126404.64,126405.98999999999
133681.095,133683.345,133797.915,133799.715,133860.41999999998,133896.78,133869.915,133882.335
143555.715,144033.705,144507.555,144306.36,144157.59,144464.94,143483.31,143618.895
146017.88999999998,146866.455,147708.44999999998,147196.97999999998,146842.065,147390.21,145985.75999999998,146053.845
146273.805,146711.43,147269.61,146743.785,146537.46,146652.21,146666.835,146521.485
146250.81,146579.445,147078.72,146597.35499999998,146531.07,146629.485,146964.735,146736.36
145625.49,146225.69999999998,146930.85,146582.505,146564.37,147124.08,146227.905,146140.19999999998
141214.095,141455.565,141780.6,141707.43,141749.415,141978.285,141482.115,141516.585
133815.465,133805.565,133915.05,133919.72999999998,133984.215,134015.85,134019.81,134024.66999999998
127678.095,127668.375,127773.98999999999,127779.165,127841.715,127873.575,127878.705,127880.73
126333.22499999999,126323.685,126428.805,126433.89,126495.9,126527.715,126532.98,126534.105
133802.145,133800.885,133913.88,133916.625,133978.13999999998,134012.79,133993.57499999998,134004.285
143522.505,143966.025,144417.33,144226.395,144089.595,144376.56,143468.46,143602.875
146026.8,146855.61,147688.335,147181.455,146829.735,147366.9,145990.845,146079.18
146286.585,146709.0,147277.395,146750.535,146545.91999999998,146643.975,146672.1,146527.56
146270.43,146584.88999999998,147103.695,146622.195,146553.66,146629.485,146969.28,146720.07
145629.76499999998,146216.43,146939.75999999998,146589.255,146568.01499999998,147123.495,146215.62,146132.00999999998
141115.22999999998,141348.33,141676.155,141602.26499999998,141643.16999999998,141876.405,141378.57,141412.185
133726.68,133716.41999999998,133825.455,133830.675,133895.475,133926.66,133930.8,133935.47999999998
127613.295,127603.53,127708.83,127714.40999999999,127777.185,127808.595,127814.08499999999,127816.01999999999
126318.735,126309.33,126414.135,126419.17499999999,126481.40999999999,126512.955,126518.12999999999,126519.61499999999
133817.715,133817.175,133930.485,133933.095,133994.52,134029.485,134008.74,134019.495
143545.86,143988.705,144449.145,144256.185,144118.62,144404.595,143488.53,143619.66
146038.995,146851.91999999998,147698.00999999998,147190.995,146840.085,147367.08,146001.555,146083.22999999998
146330.685,146721.285,147296.745,146768.535,146573.91,146650.77,146698.695,146554.065
146284.785,146581.56,147094.91999999998,146614.05,146564.32499999998,146654.91,147006.585,146723.445
145554.47999999998,146111.895,146804.895,146466.36,146465.28,146992.905,146170.395,146044.62
140579.235,140782.13999999998,141081.885,141018.47999999998,141067.71,141263.32499999998,140850.585,140866.19999999998
133219.08,133208.37,133316.72999999998,133321.635,133386.3,133417.755,133422.975,133426.845
127109.87999999999,127100.06999999999,127205.45999999999,127210.545,127273.14,127304.90999999999,127310.355,127311.93
125635.23,125625.95999999999,125730.94499999999,125736.03,125797.76999999999,125829.58499999999,125834.84999999999,125835.93
133419.01499999998,133419.285,133532.82,133535.29499999998,133596.36,133631.595,133609.86,133620.435
143493.705,143937.27,144402.93,144206.055,144069.79499999998,144366.66,143444.43,143560.44
146050.11,146855.565,147702.87,147190.63499999998,146849.75999999998,147397.725,146039.805,146084.085
146314.665,146711.205,147280.13999999998,146752.875,146558.25,146671.60499999998,146723.75999999998,146536.425
146272.86,146566.485,147075.75,146595.555,146543.085,146666.835,147009.69,146705.22
145611.9,146166.345,146864.97,146524.32,146522.25,147077.235,146226.10499999998,146094.21
140898.915,141110.415,141415.60499999998,141350.76,141399.495,141602.895,141169.185,141186.555
133375.86,133365.195,133473.87,133478.82,133543.485,133574.895,133579.485,133583.715
127207.845,127197.765,127303.11,127308.555,127370.92499999999,127402.47,127408.00499999999,127409.53499999999
125751.87,125742.51,125847.495,125852.44499999999,125914.545,125946.0,125951.4,125952.39
133364.43,133365.645,133479.945,133482.10499999998,133542.72,133578.36,133554.01499999998,133564.86
143537.22,143984.29499999998,144453.195,144252.9,144112.63499999998,144417.555,143476.51499999998,143592.03
146076.03,146863.395,147703.185,147193.065,146847.87,147401.415,146054.61,146096.28
146333.655,146712.555,147286.485,146745.54,146558.38499999998,146671.875,146734.56,146560.41
146292.79499999998,146574.72,147103.785,146599.83,146558.52,146688.93,147013.875,146729.16
145616.895,146162.655,146881.53,146522.745,146524.5,147101.535,146214.13499999998,146095.155
140790.915,140995.755,141306.21,141236.28,141285.465,141498.585,141056.235,141075.9
133044.705,133033.995,133142.66999999998,133147.665,133212.15,133243.56,133248.555,133252.56
127145.385,127135.53,127241.28,127246.23,127308.95999999999,127340.595,127346.04,127347.61499999999
126039.51,126030.28499999999,126135.405,126140.4,126202.23,126234.26999999999,126239.22,126240.345
133465.095,133463.29499999998,133576.19999999998,133579.035,133640.63999999998,133675.245,133657.785,133667.145
143446.905,143862.75,144322.83,144122.85,143997.12,144298.935,143412.3,143516.61
146068.91999999998,146840.35499999998,147694.095,147164.31,146838.15,147411.405,146056.63499999998,146095.19999999998
146338.155,146704.22999999998,147296.07,146747.38499999998,146564.865,146690.63999999998,146738.43,146570.715
146295.99,146566.35,147108.41999999998,146607.88499999998,146562.12,146697.84,147014.00999999998,146741.985
145568.52,146096.955,146812.05,146459.29499999998,146465.055,147021.79499999998,146167.425,146055.24
140571.85499999998,140765.535,141066.18,141001.29,141052.815,141246.99,140837.94,140857.47
133228.755,133217.91,133326.585,133331.4,133396.02,133427.385,133432.785,133436.835
127140.84,127130.985,127236.51,127241.775,127304.28,127335.915,127341.405,127342.935
125726.76,125717.31,125822.11499999999,125827.155,125889.165,125920.98,125926.2,125927.19
133379.145,133380.585,133495.19999999998,133497.135,133557.975,133593.885,133568.595,133579.57499999998
143556.66,143997.345,144484.60499999998,144273.10499999998,144135.76499999998,144455.22,143497.035,143619.3
146077.155,146841.435,147714.615,147181.455,146850.75,147431.38499999998,146061.81,146112.47999999998
146344.005,146695.32,147286.305,146739.96,146557.25999999998,146691.495,146745.36,146586.10499999998
146305.845,146561.085,147098.16,146600.685,146553.79499999998,146696.4,147021.165,146757.6
145629.0,146148.79499999998,146870.595,146517.07499999998,146521.53,147088.395,146222.72999999998,146120.715
140827.77,141026.445,141333.885,141267.78,141318.495,141519.465,141091.785,141117.38999999998
133115.31,133104.465,133213.095,133218.04499999998,133282.71,133313.94,133319.25,133323.47999999998
127211.08499999999,127201.31999999999,127306.70999999999,127311.885,127374.56999999999,127406.205,127411.92,127413.22499999999
126149.08499999999,126139.59,126244.53,126249.525,126311.805,126343.39499999999,126348.65999999999,126349.73999999999
133641.405,133644.41999999998,133759.485,133761.465,133821.9,133858.53,133829.01,133841.43
143656.155,144104.895,144596.565,144383.445,144242.145,144564.47999999998,143582.715,143715.01499999998
146098.485,146846.97,147714.75,147185.72999999998,146851.91999999998,147422.43,146071.71,146133.495
146294.955,146681.505,147267.945,146719.845,146534.66999999998,146668.185,146749.095,146570.175
146262.10499999998,146553.03,147094.695,146592.09,146542.77,146678.35499999998,147026.97,146749.68
145627.19999999998,146168.595,146901.87,146543.26499999998,146540.52,147115.71,146241.36,146134.53
140978.205,141190.785,141508.755,141439.05,141487.19999999998,141697.935,141248.835,141274.665
133539.435,133528.815,133638.07499999998,133642.88999999998,133707.33,133738.74,133743.24,133747.60499999998
127384.01999999999,127374.20999999999,127479.87,127485.18,127547.64,127579.23,127584.58499999999,127586.15999999999
126119.61,126110.205,126215.28,126220.59,126282.42,126314.14499999999,126319.36499999999,126320.44499999999
134036.82,134038.485,134153.955,134155.97999999998,134216.28,134252.595,134227.305,134238.51
143748.945,144187.785,144677.61,144465.12,144322.56,144641.61,143702.595,143822.88
146088.54,146844.81,147712.63499999998,147186.0,146845.53,147410.37,146087.55,146145.24
146372.175,146711.07,147309.21,146758.54499999998,146566.935,146678.085,146772.945,146628.85499999998
146311.29,146578.05,147127.185,146623.185,146567.205,146716.245,147046.32,146786.895
145554.345,146086.245,146800.71,146449.16999999998,146445.255,147012.75,146174.85,146069.595
140443.335,140631.66,140924.205,140862.735,140912.595,141100.38,140715.0,140735.34
132927.705,132916.635,133024.905,133029.36,133094.29499999998,133125.47999999998,133131.375,133135.02
127138.31999999999,127128.42,127234.03499999999,127238.84999999999,127301.53499999999,127333.305,127338.885,127340.45999999999
126172.845,126163.125,126268.245,126273.465,126335.61,126367.37999999999,126372.465,126373.76999999999
133934.895,133937.685,134053.51499999998,134055.135,134115.435,134152.245,134123.895,134135.91
143748.76499999998,144200.655,144697.94999999998,144479.52,144327.735,144661.365,143698.005,143823.6
146097.585,146862.585,147732.03,147197.88,146846.79,147431.88,146107.665,146164.095
146352.96,146715.07499999998,147309.21,146756.29499999998,146552.445,146685.96,146778.345,146626.83
146297.97,146577.41999999998,147125.745,146620.395,146549.07,146714.085,147029.58,146783.29499999998
145558.25999999998,146097.54,146827.53,146470.32,146443.63499999998,147043.395,146154.87,146074.41
140480.865,140671.755,140973.705,140907.96,140950.8,141158.43,140745.24,140772.465
133232.175,133221.10499999998,133329.96,133334.63999999998,133399.35,133430.58,133436.025,133440.255
127178.685,127168.515,127274.48999999999,127279.53,127342.03499999999,127373.805,127379.025,127380.78
125956.935,125947.44,126052.65,126057.735,126119.43,126151.605,126156.42,126157.5
133961.715,133966.08,134082.405,134083.845,134143.155,134180.91,134149.275,134162.415
143808.435,144274.68,144775.08,144553.725,144390.06,144731.61,143740.935,143882.28
146099.97,146871.81,147745.97999999998,147203.28,146838.50999999998,147433.13999999998,146090.97,146169.18
146362.22999999998,146719.755,147312.585,146766.195,146560.905,146685.41999999998,146769.03,146643.345
146313.945,146584.08,147131.28,146641.365,146574.18,146718.9,147027.50999999998,146804.445
145559.655,146086.60499999998,146798.145,146455.91999999998,146443.005,147000.41999999998,146146.905,146082.10499999998
140383.53,140569.335,140858.37,140800.13999999998,140847.435,141029.865,140646.06,140677.60499999998
132849.18,132838.065,132946.425,132951.15,133015.68,133047.0,133052.58,133056.54
127033.47,127023.48,127128.95999999999,127133.955,127196.64,127228.545,127233.62999999999,127235.205
126083.205,126073.75499999999,126178.78499999999,126183.78,126245.7,126277.73999999999,126282.69,126283.86
133688.34,133691.445,133807.455,133808.715,133868.385,133905.82499999998,133875.945,133889.4
143700.47999999998,144148.77,144651.195,144436.365,144270.27,144610.875,143627.805,143780.94
146118.195,146873.79,147750.21,147224.79,146842.38,147444.12,146091.82499999998,146191.05
146377.935,146720.38499999998,147314.745,146773.305,146543.625,146700.04499999998,146772.585,146655.405
146327.26499999998,146585.61,147137.715,146644.785,146546.055,146735.55,147029.445,146813.535
145564.19999999998,146080.08,146796.165,146457.225,146412.495,147006.63,146138.22,146082.24
140410.53,140590.88999999998,140878.35,140821.74,140863.5,141049.62,140667.975,140702.35499999998
133119.315,133108.02,133216.60499999998,133221.51,133285.995,133317.405,133323.255,133327.26
127098.855,127088.81999999999,127194.29999999999,127199.51999999999,127262.025,127293.705,127299.06,127300.68
126155.51999999999,126145.53,126250.875,126256.04999999999,126317.745,126349.83,126354.555,126356.08499999999
133990.02,133988.805,134103.51,134105.66999999998,134166.645,134202.195,134180.505,134192.34
143695.62,144110.97,144591.38999999998,144383.26499999998,144247.59,144553.41,143640.63,143791.02
146119.59,146865.50999999998,147736.305,147210.345,146866.77,147430.35,146083.54499999998,146206.53
146375.91,146712.87,147303.585,146766.555,146576.52,146710.485,146757.10499999998,146652.66
146338.29,146576.43,147130.47,146638.845,146602.665,146747.745,147009.24,146817.405
145573.56,146082.735,146820.735,146472.03,146486.52,147049.47,146114.055,146089.845
140352.79499999998,140532.615,140833.62,140771.025,140824.26,141017.31,140600.43,140643.405
132855.03,132843.82499999998,132952.095,132956.91,133021.53,133052.805,133058.745,133062.435
127012.905,127002.69,127108.125,127113.29999999999,127175.89499999999,127207.53,127212.885,127214.50499999999
125917.515,125907.84,126012.825,126017.775,126079.83,126111.64499999999,126116.775,126118.03499999999
133727.985,133728.38999999998,133843.275,133845.12,133905.69,133941.87,133916.805,133929.63
143683.74,144104.35499999998,144594.99,144384.57,144230.4,144550.62,143601.255,143768.16
146141.82,146870.775,147754.035,147228.3,146863.8,147436.02,146066.58,146211.79499999998
146370.33,146717.055,147323.88,146782.395,146581.83,146706.3,146743.065,146655.54
146312.235,146575.485,147143.835,146654.235,146598.975,146749.185,146992.41,146805.93
145611.315,146127.96,146873.835,146532.735,146527.47,147091.22999999998,146138.75999999998,146131.695
140583.735,140768.28,141068.835,141008.895,141058.305,141247.935,140826.33,140877.27
132891.525,132880.185,132988.995,132993.81,133058.385,133089.3,133094.925,133098.975
126978.65999999999,126968.67,127074.375,127079.45999999999,127142.01,127173.28499999999,127179.045,127180.70999999999
125912.83499999999,125903.06999999999,126008.54999999999,126013.455,126075.19499999999,126107.055,126112.275,126113.67
133989.57,133993.26,134110.53,134111.52,134171.055,134208.585,134173.845,134190.225
143847.495,144299.205,144814.13999999998,144591.57,144444.555,144747.945,143730.81,143928.315
146133.945,146879.37,147770.28,147235.005,146908.71,147414.465,146047.54499999998,146211.525
146331.85499999998,146707.155,147308.35499999998,146766.69,146590.065,146671.47,146730.87,146615.085
146293.91999999998,146573.235,147139.51499999998,146649.555,146596.005,146729.97,146994.3,146772.13499999998
145589.715,146115.04499999998,146862.13499999998,146518.965,146503.35,147068.72999999998,146131.65,146094.07499999998
140572.26,140762.88,141068.25,141007.22999999998,141051.915,141245.46,140818.635,140861.16
133237.62,133226.19,133335.18,133339.995,133404.255,133435.8,133441.155,133445.16
127478.025,127467.72,127573.56,127578.51,127641.33,127672.965,127678.36499999999,127680.03
126698.355,126688.275,126793.845,126798.65999999999,126861.20999999999,126892.98,126897.885,126899.235
134551.16999999998,134556.255,134673.885,134674.785,134734.32,134771.895,134736.07499999998,134751.735
143989.695,144447.57,144963.27,144739.755,144580.095,144891.04499999998,143885.61,144056.025
146137.77,146871.81,147754.71,147223.08,146871.945,147388.185,146074.275,146194.065
146388.50999999998,146710.71,147311.55,146762.955,146567.565,146654.685,146759.895,146655.225
146326.995,146581.91999999998,147146.75999999998,146646.76499999998,146586.69,146733.07499999998,147014.955,146802.96
145629.85499999998,146156.85,146897.37,146549.745,146536.60499999998,147114.315,146180.16,146137.5
140822.1,141017.58,141320.88,141259.41,141306.345,141498.18,141070.54499999998,141114.33
133498.97999999998,133487.955,133597.16999999998,133602.03,133666.695,133697.745,133702.60499999998,133707.285
127415.385,127405.305,127511.28,127516.40999999999,127579.04999999999,127610.415,127615.95,127617.795
125836.78499999999,125826.97499999999,125932.86,125936.64,125998.605,126030.555,126036.62999999999,126035.54999999999
134205.79499999998,134221.68,134345.655,134343.36,134399.29499999998,134441.91,134378.01,134397.81
144378.0,144907.65,145477.35,145235.16,145035.495,145409.13,144195.345,144408.33
146088.945,146830.22999999998,147722.985,147185.595,146811.645,147380.445,146002.63499999998,146131.51499999998
146409.345,146729.025,147323.115,146786.625,146572.11,146679.03,146786.31,146669.35499999998
146322.85499999998,146609.00999999998,147158.505,146675.655,146587.5,146785.59,147075.345,146796.66
145569.96,146101.275,146796.57,146469.195,146440.71,147013.91999999998,146178.72,146072.655
140370.66,140546.835,140814.36,140763.87,140811.705,140973.435,140635.57499999998,140656.54499999998
132665.985,132654.6,132762.96,132767.775,132832.215,132863.58,132869.29499999998,132873.21
126832.455,126822.28499999999,126928.125,126933.20999999999,126995.67,127027.305,127032.705,127034.37
126080.955,126071.45999999999,126176.355,126181.62,126243.72,126275.4,126280.53,126281.83499999999
134009.28,134009.46,134123.58,134125.91999999998,134186.85,134222.35499999998,134201.07,134211.555
143737.335,144172.16999999998,144645.12,144440.91,144297.945,144605.69999999998,143709.57,143826.705
146127.24,146897.595,147756.555,147234.195,146884.86,147456.945,146155.41,146202.88499999998
146323.88999999998,146728.71,147303.76499999998,146771.63999999998,146578.725,146735.505,146836.71,146603.835
146280.96,146593.755,147140.91,146661.57,146599.065,146805.57,147080.205,146755.485
145537.425,146084.49,146801.29499999998,146474.82,146457.945,147047.85,146157.3,146038.365
140301.945,140488.38,140771.69999999998,140718.555,140766.07499999998,140943.555,140569.245,140587.56
132914.385,132903.18,133011.405,133016.445,133080.75,133112.205,133118.01,133121.61
127148.22,127138.40999999999,127243.845,127249.155,127311.345,127343.385,127348.69499999999,127350.26999999999
126449.415,126439.73999999999,126545.12999999999,126550.17,126612.045,126643.905,126649.08,126650.205
134398.935,134403.255,134520.07499999998,134521.02,134580.87,134618.13,134587.62,134599.54499999998
143930.925,144397.485,144902.97,144685.845,144526.365,144854.28,143886.6,144006.03
146126.97,146901.96,147776.805,147256.02,146899.935,147468.195,146153.25,146193.435
146408.985,146751.21,147347.595,146816.32499999998,146616.21,146739.195,146836.665,146668.725
146335.32,146611.25999999998,147172.095,146691.85499999998,146630.52,146792.925,147067.785,146816.19
145573.245,146112.525,146824.11,146497.995,146489.805,147033.18,146161.755,146079.72
140434.19999999998,140614.83,140888.43,140837.445,140888.07,141047.505,140692.095,140721.57
132967.44,132956.145,133064.685,133069.41,133134.03,133165.125,133171.155,133174.755
126859.185,126849.51,126955.03499999999,126960.12,127022.22,127053.9,127059.56999999999,127060.92
125885.205,125875.935,125981.055,125986.23,126047.87999999999,126079.56,126084.735,126086.04
134107.29,134113.455,134231.085,134231.895,134291.07,134328.33,134292.82499999998,134307.85499999998
143934.525,144417.10499999998,144931.86,144713.38499999998,144551.16,144855.81,143853.12,144012.915
146143.395,146925.72,147809.97,147287.745,146929.455,147446.955,146129.35499999998,146220.12
146338.47,146747.655,147342.01499999998,146815.785,146602.035,146719.62,146814.57,146618.91
146301.38999999998,146625.255,147194.955,146721.78,146625.255,146819.34,147053.07,146773.125
145549.88999999998,146117.205,146867.35499999998,146538.495,146489.175,147099.87,146117.43,146044.62
140332.32,140525.1,140823.85499999998,140766.75,140806.08,141002.72999999998,140584.77,140615.72999999998
133156.845,133145.55,133254.27,133259.04,133323.57,133354.845,133360.83,133364.205
127137.64499999999,127127.87999999999,127233.405,127238.53499999999,127300.86,127332.405,127338.12,127339.37999999999
126209.79,126200.295,126305.37,126310.23,126371.83499999999,126404.14499999999,126409.31999999999,126410.31
134453.69999999998,134462.52,134581.365,134581.68,134640.315,134678.43,134635.77,134653.05
144077.535,144580.86,145110.87,144886.995,144715.05,145019.205,143966.16,144143.72999999998
146156.31,146944.53,147834.72,147318.07499999998,146953.16999999998,147444.88499999998,146109.555,146223.81
146403.81,146772.495,147379.815,146853.85499999998,146646.27,146722.54499999998,146794.32,146661.84
146334.735,146641.32,147219.435,146743.83,146673.09,146812.22999999998,147026.745,146794.77
145587.645,146152.08,146895.705,146568.78,146547.85499999998,147095.37,146119.86,146078.91
140468.31,140658.47999999998,140947.155,140893.47,140940.04499999998,141114.51,140710.095,140751.18
133071.03,133060.095,133168.455,133173.225,133237.8,133268.76,133274.745,133278.885
126997.065,126987.20999999999,127092.735,127097.86499999999,127160.28,127191.735,127197.22499999999,127198.89
126149.12999999999,126139.545,126244.665,126249.435,126311.48999999999,126343.17,126348.56999999999,126349.605
134376.57,134380.26,134497.08,134498.43,134557.74,134594.595,134562.10499999998,134576.955
143975.16,144438.165,144955.88999999998,144738.99,144571.905,144860.535,143873.505,144044.685
146160.09,146940.03,147839.58,147319.47,146943.04499999998,147427.695,146092.095,146215.53
146352.87,146767.68,147379.54499999998,146854.035,146625.47999999998,146712.645,146777.13,146615.04
146311.60499999998,146644.38,147232.53,146759.75999999998,146659.86,146818.755,147020.75999999998,146764.62
145617.435,146199.33,146967.975,146637.85499999998,146594.16,147171.87,146148.57,146096.055
140634.135,140838.12,141144.66,141086.385,141127.38,141319.845,140874.615,140914.8
133071.255,133059.96,133168.77,133173.585,133237.935,133269.255,133274.565,133278.38999999998
127259.325,127249.37999999999,127355.22,127360.305,127422.81,127454.22,127459.845,127461.15
126686.385,126676.53,126782.235,126787.14,126849.19499999999,126880.83,126886.00499999999,126887.53499999999
134711.72999999998,134719.19999999998,134837.865,134838.495,134897.445,134934.79499999998,134895.06,134911.395
144096.12,144590.985,145118.655,144898.83,144732.285,145021.41,143987.625,144156.735
146150.955,146941.245,147838.22999999998,147322.395,146963.61,147432.285,146097.09,146203.60499999998
146339.63999999998,146764.845,147371.75999999998,146852.685,146647.035,146711.07,146781.945,146642.535
146282.715,146639.025,147214.935,146759.04,146675.835,146814.345,147012.435,146779.38
145593.585,146188.395,146932.38,146620.395,146590.335,147130.965,146141.46,146097.315
140661.76499999998,140867.145,141157.485,141107.175,141152.04,141321.465,140906.61,140950.08
133199.685,133188.79499999998,133297.245,133302.06,133366.86,133397.955,133403.22,133407.36
127448.81999999999,127439.14499999999,127544.805,127549.62,127612.485,127643.985,127649.295,127650.95999999999
126973.62,126963.98999999999,127069.605,127074.105,127136.655,127168.33499999999,127173.33,127174.76999999999
135040.41,135055.62,135178.74,135177.84,135233.865,135274.455,135216.04499999998,135237.96
144292.725,144839.61,145399.455,145173.285,144968.75999999998,145286.055,144147.195,144348.38999999998
146162.34,146967.03,147857.445,147358.395,146971.305,147432.96,146098.97999999998,146229.47999999998
146404.44,146798.145,147407.04,146885.445,146675.205,146707.245,146799.13499999998,146684.38499999998
146311.38,146664.44999999998,147251.07,146774.745,146703.645,146828.835,147034.97999999998,146800.305
145502.46,146086.19999999998,146806.60499999998,146491.91999999998,146473.29,146983.63499999998,146063.205,146006.55
140147.91,140329.26,140592.735,140548.32,140597.145,140742.315,140397.705,140431.095
133011.72,133000.245,133108.60499999998,133113.465,133178.085,133209.27,133215.47999999998,133219.035
127080.54,127070.73,127176.165,127181.295,127243.79999999999,127275.435,127280.87999999999,127282.36499999999
126269.37,126259.65,126364.635,126369.495,126431.64,126463.31999999999,126468.62999999999,126469.75499999999
134304.345,134310.33,134427.69,134428.455,134488.125,134524.62,134489.745,134504.82
143985.96,144481.995,144998.28,144780.66,144619.425,144897.3,143901.13499999998,144065.61
146157.03,146972.655,147863.25,147348.63,146986.60499999998,147442.86,146123.72999999998,146236.995
146401.11,146795.75999999998,147403.395,146881.62,146668.905,146733.525,146800.665,146691.09
146327.31,146653.51499999998,147244.59,146775.82499999998,146688.93,146843.235,147012.3,146816.82
145584.405,146170.755,146923.91999999998,146605.905,146562.57,147119.75999999998,146104.60499999998,146092.185
140470.38,140664.78,140951.925,140901.435,140943.10499999998,141115.32,140707.665,140757.03
132999.3,132988.185,133096.68,133101.405,133165.665,133196.895,133202.835,133206.75
127266.03,127256.22,127361.87999999999,127366.73999999999,127429.37999999999,127460.745,127466.415,127467.94499999999
126761.31,126751.59,126857.11499999999,126861.84,126923.985,126955.70999999999,126961.11,126962.45999999999
134622.18,134634.195,134755.56,134755.11,134812.16999999998,134851.095,134799.84,134820.81
144157.725,144683.775,145233.81,145001.34,144822.555,145116.81,144013.22999999998,144224.46
146180.655,146978.955,147875.35499999998,147358.08,146999.655,147443.85,146103.615,146259.405
146423.07,146793.195,147401.32499999998,146879.37,146678.715,146724.57,146795.26499999998,146696.04
146338.47,146651.04,147244.77,146773.08,146705.66999999998,146840.35499999998,147019.59,146812.185
145550.655,146120.22,146875.725,146554.29,146531.115,147066.57,146061.85499999998,146046.6
140279.76,140465.97,140752.71,140701.54499999998,140747.895,140913.9,140514.38999999998,140561.235
133288.91999999998,133277.535,133386.255,133390.97999999998,133455.375,133486.65,133492.59,133496.46
127469.205,127459.39499999999,127565.325,127570.185,127632.64499999999,127664.45999999999,127669.76999999999,127671.48
127026.26999999999,127016.37,127122.20999999999,127126.935,127188.98999999999,127220.89499999999,127225.75499999999,127227.28499999999
135114.03,135122.805,135242.91,135242.955,135301.095,135338.985,135294.615,135313.425
144268.83,144767.88,145307.88,145080.18,144905.175,145186.155,144136.845,144333.13499999998
146190.195,146968.875,147868.56,147345.435,146986.91999999998,147414.96,146114.72999999998,146256.79499999998
146375.955,146790.0,147398.04,146871.81,146671.065,146699.145,146798.28,146655.13499999998
146313.04499999998,146670.12,147252.06,146778.255,146709.495,146830.725,147017.115,146782.97999999998
145607.175,146198.38499999998,146935.305,146614.005,146595.69,147112.38,146125.035,146093.22
140689.755,140886.675,141166.16999999998,141115.54499999998,141163.91999999998,141319.305,140924.97,140970.41999999998
133549.155,133537.77,133646.805,133651.395,133716.10499999998,133747.02,133753.095,133756.965
127609.37999999999,127599.12,127705.095,127709.955,127772.685,127804.14,127810.03499999999,127811.565
126941.17499999999,126931.23,127036.98,127041.885,127103.94,127135.665,127140.93,127142.235
135014.26499999998,135026.37,135147.6,135147.10499999998,135204.12,135243.18,135192.33,135212.22
144297.99,144824.22,145369.97999999998,145138.32,144954.81,145244.38499999998,144160.56,144352.305
146191.05,146988.9,147874.13999999998,147357.72,146996.46,147423.50999999998,146124.945,146253.41999999998
146397.41999999998,146802.87,147398.58,146882.79,146683.485,146712.555,146805.705,146689.695
146329.02,146682.945,147259.395,146811.33,146738.745,146853.9,147017.34,146813.175
145565.82,146164.22999999998,146901.96,146597.805,146574.63,147094.38,146082.33,146062.71
140501.655,140698.395,140980.455,140932.53,140980.185,141137.235,140737.995,140783.985
133609.41,133597.97999999998,133706.97,133711.56,133776.18,133807.68,133813.08,133816.86
127836.81,127826.595,127933.01999999999,127937.61,128000.15999999999,128031.885,128037.42,128038.995
127473.65999999999,127463.355,127569.28499999999,127574.055,127636.29,127667.92499999999,127673.28,127674.98999999999
135405.405,135425.88,135552.915,135550.26,135604.485,135646.83,135573.525,135600.07499999998
144473.535,145044.225,145628.19,145384.91999999998,145178.145,145492.60499999998,144297.63,144516.6
146186.1,146985.975,147869.37,147365.775,147002.4,147432.285,146126.43,146257.91999999998
146427.84,146817.0,147416.625,146899.57499999998,146713.32,146725.60499999998,146827.35,146723.35499999998
146329.965,146686.86,147273.47999999998,146804.66999999998,146756.79,146872.16999999998,147038.535,146826.225
145520.28,146106.585,146823.705,146517.93,146515.63499999998,147007.935,146055.50999999998,146025.63
140240.61,140420.69999999998,140679.135,140638.455,140690.29499999998,140827.635,140482.485,140522.805
133312.005,133300.35,133408.845,133413.525,133478.01,133509.33,133515.44999999998,133519.41
127570.275,127560.06,127665.855,127670.84999999999,127733.22,127764.98999999999,127770.705,127772.28
127301.805,127292.12999999999,127397.655,127402.69499999999,127464.525,127496.385,127501.78499999999,127503.26999999999
135466.155,135484.335,135609.21,135607.41,135662.94,135703.935,135638.775,135662.625
144469.035,145031.35499999998,145603.485,145358.055,145166.04,145471.5,144319.455,144524.34
146188.485,146998.08,147881.52,147360.24,147015.9,147439.395,146147.94,146268.13499999998
146430.405,146821.095,147418.29,146897.055,146717.595,146731.41,146838.78,146710.71
146336.66999999998,146683.845,147271.86,146805.66,146757.78,146874.465,147045.285,146819.52
145591.425,146190.96,146939.985,146623.275,146613.645,147137.75999999998,146118.96,146089.215
140522.085,140715.85499999998,140999.31,140949.0,140998.13999999998,141160.005,140760.27,140803.335
133202.025,133190.37,133298.775,133303.995,133368.3,133399.62,133405.60499999998,133409.07
127570.545,127560.15,127665.855,127671.20999999999,127733.58,127765.215,127770.885,127772.37
127349.54999999999,127339.47,127445.22,127450.34999999999,127512.135,127544.22,127549.53,127551.015
135488.25,135500.895,135623.43,135622.44,135679.185,135718.245,135666.99,135686.655
144432.54,144963.675,145509.84,145273.005,145096.155,145378.88999999998,144310.54499999998,144489.87
146200.63499999998,147000.06,147877.38,147355.56,147013.65,147424.63499999998,146163.285,146269.88999999998
146443.365,146826.85499999998,147424.815,146888.505,146721.50999999998,146727.13499999998,146847.375,146732.895
146354.31,146694.285,147286.97999999998,146801.025,146769.47999999998,146880.27,147044.655,146850.75
145594.125,146175.38999999998,146903.985,146582.685,146592.945,147085.51499999998,146113.785,146096.145
140536.35,140720.895,140984.46,140939.865,140994.36,141133.005,140773.05,140819.22
133259.4,133247.925,133356.24,133360.875,133426.16999999998,133457.175,133462.62,133466.94
127671.12,127660.995,127766.655,127771.69499999999,127834.605,127866.28499999999,127871.19,127873.305
127477.935,127467.81,127574.09999999999,127578.78,127640.92499999999,127672.69499999999,127677.825,127679.805
135461.52,135477.585,135602.72999999998,135600.255,135656.1,135696.735,135635.31,135658.215
144481.455,145022.805,145592.72999999998,145334.97,145152.585,145446.975,144336.735,144532.755
146213.775,146997.495,147876.93,147336.93,147007.305,147412.62,146171.79,146285.955
146389.41,146809.935,147402.27,146865.10499999998,146701.57499999998,146708.82,146855.745,146705.175
146310.21,146684.745,147279.96,146797.335,146767.54499999998,146879.91,147051.99,146818.755
145540.485,146142.99,146882.07,146559.285,146568.69,147075.93,146083.41,146047.41
140409.0,140599.97999999998,140870.88,140823.9,140877.405,141022.125,140651.505,140692.5
133613.595,133602.21,133710.885,133715.29499999998,133780.095,133811.505,133817.26499999998,133821.585
127876.635,127866.28499999999,127971.98999999999,127977.20999999999,128039.89499999999,128071.665,128076.885,128078.81999999999
127485.98999999999,127475.54999999999,127581.705,127586.83499999999,127648.935,127680.435,127685.87999999999,127687.68
135927.44999999998,135954.63,136086.79499999998,136081.71,136133.775,136178.72999999998,136091.61,136120.635
144709.29,145307.97,145922.22,145646.72999999998,145440.585,145767.69,144540.18,144748.845
146200.815,146998.395,147884.66999999998,147345.165,147013.56,147429.76499999998,146183.715,146280.285
146461.905,146807.37,147396.195,146860.245,146698.695,146720.34,146868.79499999998,146739.33
146373.345,146683.485,147261.96,146781.36,146752.19999999998,146891.25,147059.055,146852.32499999998
145577.38499999998,146168.72999999998,146924.415,146593.755,146598.38999999998,147155.895,146093.35499999998,146074.94999999998
140477.13,140671.485,140962.815,140908.13999999998,140959.125,141133.5,140711.85,140758.11
133748.1,133736.535,133845.47999999998,133849.97999999998,133915.005,133945.875,133951.815,133956.04499999998
128015.19,128004.705,128111.17499999999,128115.98999999999,128178.855,128210.355,128215.935,128217.735
127554.97499999999,127544.76,127650.915,127655.73,127718.14499999999,127749.87,127755.135,127756.98
135755.415,135782.72999999998,135914.805,135909.315,135961.245,136006.60499999998,135917.1,135947.745
144678.735,145264.63499999998,145872.72,145594.53,145387.845,145721.205,144489.15,144710.82
146205.81,146980.935,147851.19,147310.91999999998,146977.29,147403.845,146149.335,146267.91
146382.12,146701.25999999998,147288.15,146736.81,146571.255,146582.1,146692.25999999998,146611.25999999998
146458.755,146681.505,147281.31,146771.37,146746.935,146847.01499999998,147055.995,146915.775
145492.11,146027.38499999998,146731.455,146404.53,146414.52,146906.55,146015.19,145982.25
139749.705,139897.215,140136.07499999998,140095.755,140151.41999999998,140279.58,139987.53,140020.56
132798.06,132786.36,132894.18,132899.13,132963.345,132994.485,133001.28,133004.88
127139.44499999999,127129.275,127234.89,127239.93,127302.25499999999,127333.845,127339.37999999999,127341.26999999999
127048.185,127038.06,127143.405,127148.355,127210.76999999999,127242.22499999999,127247.625,127249.33499999999
135346.86,135355.86,135476.19,135475.245,135533.475,135571.185,135528.705,135546.21
144424.035,144917.685,145449.04499999998,145197.9,145031.66999999998,145306.845,144318.50999999998,144485.63999999998
146248.91999999998,147010.68,147877.47,147317.58,146982.555,147387.915,146202.38999999998,146307.645
146353.94999999998,146725.47,147314.115,146751.3,146574.585,146576.43,146733.21,146606.805
146374.695,146693.07,147284.63999999998,146776.86,146750.22,146857.185,147080.025,146864.745
145416.78,145931.4,146584.88999999998,146271.87,146287.62,146731.905,145956.915,145896.88499999998
139402.035,139519.485,139723.38,139691.29499999998,139750.11,139853.835,139642.11,139664.88
132156.81,132145.38,132253.19999999998,132257.745,132322.22999999998,132353.055,132360.21,132363.54
126712.79999999999,126702.855,126808.11,126813.15,126875.61,126907.155,126913.00499999999,126914.4
126732.87,126723.015,126828.36,126833.22,126895.545,126927.045,126932.67,126934.11
135105.03,135116.82,135238.635,135237.01499999998,135293.94,135332.955,135284.805,135303.435
144394.91999999998,144914.26499999998,145461.41999999998,145200.735,145022.625,145304.19,144290.16,144455.715
146269.62,147056.715,147935.52,147362.625,147026.835,147435.3,146264.805,146342.88
146422.71,146849.805,147433.725,146875.5,146709.36,146733.03,146936.115,146721.96
146254.995,146639.88,147226.455,146728.53,146679.79499999998,146823.88499999998,146987.37,146721.195
145353.10499999998,145921.095,146619.63,146299.86,146294.19,146776.32,145825.425,145796.985
140033.61,140192.955,140433.12,140392.16999999998,140446.26,140570.01,140258.835,140292.54
133152.75,133140.555,133250.58,133252.695,133317.54,133348.68,133357.32,133355.745
127514.745,127503.81,127611.45,127613.61,127676.51999999999,127708.155,127716.075,127712.06999999999
128008.845,127998.135,128105.055,128108.385,128171.06999999999,128202.65999999999,128209.14,128208.42
136321.65,136344.51,136473.885,136469.07,136522.53,136565.46,136490.35499999998,136515.555
144761.58,145332.405,145927.755,145645.60499999998,145440.81,145753.29,144616.185,144795.645
146256.38999999998,147038.625,147916.215,147353.13,147014.28,147424.54499999998,146259.315,146319.705
146428.02,146841.12,147425.58,146870.37,146703.33,146726.685,146942.46,146715.525
146348.775,146712.78,147305.16,146807.72999999998,146769.705,146916.36,147119.985,146823.435
145540.62,146122.74,146846.61,146520.315,146521.485,147034.305,146095.47,146016.27
140231.745,140404.5,140656.77,140614.65,140667.75,140802.75,140476.54499999998,140504.085
133442.055,133430.445,133539.03,133543.62,133608.51,133639.245,133645.68,133649.685
127765.44,127755.135,127861.01999999999,127865.97,127928.43,127960.155,127965.69,127967.67
127602.045,127591.78499999999,127697.4,127702.305,127764.58499999999,127796.44499999999,127801.665,127803.78
136198.035,136228.185,136361.61,136354.905,136406.07,136452.15,136360.845,136388.88
144849.01499999998,145449.945,146068.695,145777.41,145561.5,145887.88499999998,144689.535,144869.49
146268.405,147045.195,147923.46,147366.85499999998,147024.585,147428.37,146269.305,146322.13499999998
146527.245,146865.555,147460.5,146904.03,146734.335,146735.32499999998,146954.61,146776.32
146398.54499999998,146729.97,147325.86,146825.685,146788.47,146927.97,147114.315,146851.47
145593.18,146174.085,146908.485,146574.85499999998,146573.1,147094.065,146111.985,146056.77
140356.395,140530.77,140791.275,140744.25,140795.865,140939.72999999998,140590.935,140625.44999999998
133293.51,133282.16999999998,133390.395,133395.255,133459.875,133490.655,133497.04499999998,133501.185
127495.39499999999,127485.495,127591.155,127595.97,127658.7,127689.795,127695.51,127697.715
127262.97,127253.06999999999,127358.45999999999,127363.40999999999,127425.555,127456.875,127462.635,127464.435
135643.41,135662.175,135788.13,135784.8,135839.16,135880.51499999998,135816.57,135838.035
144633.96,145182.87,145758.78,145485.99,145292.535,145590.88499999998,144504.72,144667.57499999998
146270.52,147043.845,147914.685,147354.975,147019.59,147418.155,146263.815,146319.165
146442.10499999998,146848.41,147431.29499999998,146878.785,146710.8,146728.35,146945.745,146712.6
146358.495,146721.195,147317.625,146822.22,146782.71,146939.66999999998,147123.09,146815.335
145558.08,146155.995,146909.16,146573.595,146569.365,147119.895,146098.57499999998,146016.945
140222.475,140405.895,140679.36,140627.97,140678.865,140834.655,140462.55,140490.36
133256.655,133244.91,133353.54,133358.175,133422.84,133453.755,133460.01,133463.835
127790.325,127780.2,127886.12999999999,127891.03499999999,127953.94499999999,127985.04,127990.75499999999,127992.375
127679.53499999999,127669.40999999999,127775.205,127780.065,127842.435,127873.75499999999,127879.33499999999,127881.26999999999
136097.865,136132.155,136268.82,136260.81,136309.94999999998,136357.875,136256.76,136286.01
144859.22999999998,145468.8,146104.11,145805.22,145580.085,145918.485,144690.75,144863.00999999998
146281.815,147044.61,147923.055,147368.025,147026.61,147429.72,146285.235,146319.66
146540.655,146866.185,147462.75,146908.215,146740.41,146745.18,146976.12,146775.06
146410.29,146734.74,147341.835,146846.88,146805.79499999998,146972.205,147140.00999999998,146849.26499999998
145533.41999999998,146105.685,146845.35,146519.145,146515.725,147057.88499999998,146068.51499999998,145986.47999999998
140037.66,140204.115,140460.38999999998,140416.65,140468.175,140610.87,140276.79,140302.305
133234.065,133222.185,133330.54499999998,133335.27,133399.97999999998,133430.805,133437.41999999998,133440.975
127583.595,127573.47,127679.44499999999,127684.305,127746.9,127777.995,127783.89,127785.42
127490.805,127480.86,127586.43,127591.155,127653.525,127684.98,127690.47,127692.18
136160.235,136189.53,136323.72,136316.655,136367.63999999998,136414.035,136323.36,136349.72999999998
144871.91999999998,145459.97999999998,146082.50999999998,145789.51499999998,145573.83,145910.07,144715.185,144878.66999999998
146297.38499999998,147050.46,147930.93,147374.1,147033.585,147452.715,146300.4,146330.46
146558.97,146864.07,147457.71,146903.445,146733.345,146767.455,146984.66999999998,146787.21
146431.97999999998,146733.435,147340.97999999998,146845.035,146801.655,146999.16,147141.27,146862.585
145551.24,146104.335,146845.485,146517.93,146513.115,147076.155,146067.165,145993.54499999998
140011.02,140172.66,140428.53,140384.97,140436.405,140581.26,140245.11,140272.695
133020.36,133008.705,133117.065,133121.52,133185.96,133217.145,133223.535,133227.36
127624.72499999999,127614.64499999999,127720.53,127725.39,127787.89499999999,127819.53,127825.01999999999,127826.86499999999
127777.275,127767.19499999999,127872.94499999999,127878.075,127940.355,127971.81,127977.20999999999,127979.28
136014.75,136043.01,136176.615,136169.955,136220.535,136267.47,136177.11,136203.975
144813.10499999998,145384.29,146006.63999999998,145711.485,145494.18,145843.02,144645.21,144814.185
146302.91999999998,147037.905,147918.465,147356.72999999998,147017.475,147462.88499999998,146297.205,146327.535
146474.72999999998,146842.02,147429.85499999998,146877.66,146709.36,146773.485,146981.07,146722.86
146386.125,146715.38999999998,147321.36,146826.315,146783.16,146987.955,147134.52,146816.91
145458.945,145928.43,146579.895,146277.0,146278.755,146776.095,145958.35499999998,145866.195
140807.835,140899.185,141091.155,141061.905,141119.865,141223.725,141029.595,141047.1
134011.62,133999.065,134107.875,134112.375,134177.445,134208.63,134215.245,134218.97999999998
128114.595,128103.84,128210.31,128214.98999999999,128277.62999999999,128309.265,128315.11499999999,128317.00499999999
128258.81999999999,128248.245,128354.67,128359.34999999999,128421.62999999999,128453.44499999999,128458.845,128460.95999999999
136516.22999999998,136554.03,136694.925,136685.205,136732.13999999998,136783.71,136668.69,136700.505
144993.33,145600.65,146255.58,145947.195,145710.18,146078.91,144799.56,144971.72999999998
146311.695,147040.91999999998,147923.00999999998,147363.435,147018.06,147451.59,146302.335,146324.115
146572.02,146872.25999999998,147474.76499999998,146916.315,146743.74,146771.955,147011.66999999998,146804.895
146422.62,146732.895,147348.585,146849.26499999998,146803.54499999998,147013.56,147179.97,146850.79499999998
145520.63999999998,146056.905,146766.41999999998,146449.305,146448.0,146987.19,146076.12,145955.475
139928.35499999998,140071.68,140300.235,140264.55,140320.08,140443.29,140172.21,140186.745
132935.58,132923.745,133032.15,133036.785,133101.04499999998,133132.22999999998,133138.8,133142.4
127560.95999999999,127550.83499999999,127656.81,127661.67,127723.905,127755.58499999999,127761.435,127762.92
127877.355,127867.14,127973.025,127978.155,128040.165,128071.845,128077.29,128079.26999999999
136410.525,136441.395,136576.485,136569.285,136618.785,136667.07,136574.37,136599.165
144940.86,145524.33,146155.005,145855.8,145630.305,145988.82,144800.82,144937.97999999998
146315.97,147050.685,147935.205,147370.86,147025.44,147476.745,146350.395,146337.435
146582.91,146867.13,147465.09,146907.9,146747.745,146792.79,147028.905,146799.36
146447.82,146732.13,147349.485,146850.93,146818.97999999998,147018.33,147164.94,146865.96
145616.22,146156.66999999998,146904.47999999998,146576.29499999998,146576.565,147135.69,146128.41,146045.07
140334.38999999998,140492.925,140748.435,140705.595,140757.75,140899.365,140566.635,140593.13999999998
133394.76,133382.88,133491.555,133496.145,133560.85499999998,133591.995,133598.29499999998,133601.94
127781.54999999999,127771.245,127877.22,127882.03499999999,127944.62999999999,127975.95,127981.845,127983.51
128076.93,128066.22,128172.19499999999,128177.01,128239.605,128270.7,128276.54999999999,128278.34999999999
136614.01499999998,136645.38,136783.215,136774.485,136823.58,136871.82,136771.60499999998,136800.04499999998
145028.07,145601.91,146244.06,145936.935,145712.655,146060.415,144846.04499999998,145011.06
146344.22999999998,147051.13499999998,147937.41,147368.835,147031.29,147453.165,146334.33,146353.86
146581.245,146870.055,147468.10499999998,146907.945,146740.41,146772.675,147020.715,146816.595
146458.25999999998,146743.19999999998,147359.16,146858.805,146814.705,147005.19,147162.96,146886.21
145607.4,146120.66999999998,146834.72999999998,146515.185,146516.445,147039.57,146107.08,146033.505
140239.16999999998,140379.705,140609.925,140573.34,140629.68,140751.18,140468.76,140495.76
133073.685,133061.94,133170.255,133175.205,133239.645,133270.56,133276.995,133280.82
127656.405,127646.235,127752.03,127757.205,127819.485,127850.985,127856.565,127858.31999999999
128099.83499999999,128089.44,128195.73,128200.68,128262.915,128294.28,128299.76999999999,128302.01999999999
136680.3,136713.96,136853.055,136844.055,136891.71,136940.85,136834.875,136866.24
145071.44999999998,145646.55,146294.055,145983.645,145749.50999999998,146091.645,144868.095,145052.685
146363.4,147063.41999999998,147946.185,147379.275,147029.85,147432.50999999998,146330.72999999998,146374.785
146527.38,146865.285,147453.705,146893.5,146717.865,146747.88,147011.04,146803.77
146430.81,146749.365,147350.88,146848.275,146797.245,146986.83,147158.235,146881.35
145642.275,146203.785,146952.9,146616.75,146599.91999999998,147167.00999999998,146137.005,146078.685
140430.285,140600.025,140863.77,140816.565,140864.76,141015.555,140656.995,140691.735
133304.085,133292.29499999998,133400.97,133405.785,133470.04499999998,133501.22999999998,133507.395,133511.66999999998
127890.045,127879.69499999999,127985.625,127990.62,128053.215,128084.76,128090.205,128092.23
128326.40999999999,128315.97,128421.9,128426.89499999999,128489.12999999999,128520.9,128526.20999999999,128528.235
136866.96,136896.07499999998,137031.705,137023.83,137072.835,137119.905,137027.385,137055.465
145094.85,145664.28,146286.18,145978.335,145748.61,146079.09,144915.12,145088.91
146363.805,147074.75999999998,147940.38,147366.585,147011.445,147407.4,146331.13499999998,146378.88
146628.85499999998,146902.995,147488.805,146920.005,146733.03,146738.97,147016.215,146838.195
146483.685,146775.195,147380.13,146871.54,146807.145,146990.69999999998,147152.925,146892.06
145608.66,146123.775,146823.47999999998,146500.155,146486.205,147002.805,146079.225,146021.66999999998
140251.94999999998,140386.41,140609.97,140573.69999999998,140627.835,140747.4,140474.79,140503.995
133355.29499999998,133343.01,133451.46,133456.13999999998,133520.76,133551.675,133558.56,133562.43
127771.78499999999,127761.20999999999,127867.095,127872.18,127934.595,127965.95999999999,127971.81,127973.655
128084.22,128074.00499999999,128180.205,128184.97499999999,128247.03,128278.75499999999,128284.47,128286.405
136446.435,136472.085,136605.78,136598.085,136647.81,136693.485,136607.535,136634.66999999998
144982.935,145531.97999999998,146143.755,145835.91,145606.005,145920.195,144785.29499999998,144966.285
146391.88499999998,147098.61,147959.145,147381.21,147018.78,147395.29499999998,146327.13,146388.33
146552.085,146902.22999999998,147471.38999999998,146903.715,146713.455,146727.63,147004.155,146773.57499999998
146456.685,146792.88,147380.66999999998,146872.485,146804.4,146990.25,147148.785,146857.05
145626.21,146170.845,146869.695,146544.165,146525.35499999998,147051.81,146097.9,146027.34
140383.665,140530.86,140759.37,140721.93,140774.66999999998,140898.195,140606.01,140634.225
133528.68,133516.755,133625.475,133630.245,133694.72999999998,133725.78,133732.305,133736.13
127953.18,127942.83,128048.76,128053.935,128116.17,128147.89499999999,128153.47499999999,128155.545
128332.75499999999,128322.18,128428.33499999999,128433.28499999999,128495.51999999999,128527.155,128532.95999999999,128534.84999999999
136721.835,136762.74,136905.435,136893.645,136937.34,136990.035,136867.13999999998,136902.15
145112.175,145724.625,146374.38,146046.6,145783.845,146138.715,144875.79,145065.195
146384.00999999998,147110.04,147963.465,147387.285,147013.38,147412.25999999998,146333.34,146369.38499999998
146574.405,146910.375,147469.59,146907.54,146725.695,146738.52,147013.785,146799.04499999998
146456.82,146787.705,147366.18,146877.21,146825.595,146994.21,147144.10499999998,146865.41999999998
145629.945,146182.995,146878.83,146565.54,146554.785,147073.815,146099.61,146036.16
140454.81,140605.695,140835.15,140799.06,140852.88,140976.36,140676.03,140707.08
133658.55,133646.805,133755.12,133759.97999999998,133824.51,133855.91999999998,133862.26499999998,133866.315
128044.485,128034.18,128140.01999999999,128144.87999999999,128207.61,128239.29,128245.04999999999,128246.89499999999
128160.26999999999,128150.055,128256.03,128260.845,128323.17,128354.985,128360.51999999999,128362.40999999999
136721.655,136762.65,136904.76,136893.6,136938.69,136989.63,136867.365,136903.32
145126.71,145742.22,146384.55,146067.03,145820.97,146154.10499999998,144892.8,145088.595
146378.43,147111.615,147953.88,147394.08,147042.225,147412.25999999998,146332.8,146377.035
146538.81,146911.68,147461.535,146916.675,146733.47999999998,146744.865,147013.155,146806.875
146430.13499999998,146791.755,147363.165,146890.71,146820.41999999998,147009.33,147144.915,146869.83
145617.345,146190.195,146881.53,146578.815,146559.195,147089.38499999998,146102.31,146042.505
140404.77,140561.72999999998,140790.915,140755.94999999998,140809.05,140934.06,140629.41,140661.44999999998
133418.69999999998,133407.27,133515.36,133520.085,133585.02,133615.935,133622.055,133625.835
128031.12,128020.905,128126.655,128131.92,128194.605,128226.06,128231.595,128233.39499999999
128304.45,128293.965,128399.805,128404.75499999999,128467.17,128498.67,128504.295,128506.31999999999
136888.60499999998,136935.85499999998,137080.53,137068.38,137110.77,137164.32,137029.635,137069.055
145173.96,145818.405,146466.85499999998,146152.44,145888.91999999998,146239.29,144940.68,145146.195
146362.995,147111.345,147939.93,147394.71,147031.245,147412.08,146335.905,146381.625
146590.74,146917.035,147463.875,146927.29499999998,146739.555,146746.44,147016.97999999998,146835.81
146459.925,146797.02,147370.5,146892.78,146828.565,147011.75999999998,147144.645,146893.995
145568.745,146148.435,146861.505,146552.75999999998,146527.965,147078.36,146036.835,146001.50999999998
140101.065,140263.065,140508.04499999998,140469.255,140518.395,140656.13999999998,140321.385,140359.185
133504.785,133492.86,133601.49,133605.9,133671.01499999998,133701.84,133708.13999999998,133711.91999999998
128058.75,128048.67,128154.555,128159.50499999999,128222.235,128253.735,128259.36,128261.15999999999
128580.97499999999,128570.67,128677.04999999999,128681.685,128744.19,128775.735,128781.36,128783.43
137221.19999999998,137267.28,137411.82,137399.805,137442.735,137495.385,137361.285,137403.135
145258.335,145894.725,146541.96,146228.35499999998,145964.97,146307.24,145012.905,145235.205
146370.375,147112.60499999998,147943.97999999998,147397.005,147032.955,147406.54499999998,146331.36,146397.555
146595.87,146919.735,147456.09,146925.04499999998,146730.96,146746.44,147013.60499999998,146851.60499999998
146474.37,146799.945,147359.61,146901.555,146817.0,147013.91999999998,147138.345,146907.04499999998
145577.38499999998,146134.08,146814.435,146524.59,146491.695,147025.035,146032.60499999998,146008.44
140148.81,140297.66999999998,140523.12,140490.18,140541.03,140664.645,140366.385,140405.805
133590.78,133579.035,133687.88999999998,133691.985,133756.91999999998,133787.69999999998,133794.135,133798.095
128127.33,128117.15999999999,128223.405,128228.08499999999,128290.86,128321.90999999999,128327.89499999999,128329.83
128448.405,128437.875,128544.25499999999,128548.845,128611.39499999999,128642.715,128648.51999999999,128650.635
137275.425,137311.47,137450.61,137440.88999999998,137486.745,137535.345,137424.96,137461.725
145273.63499999998,145873.35,146486.29499999998,146189.025,145929.24,146254.22999999998,145044.315,145262.16
146398.185,147123.675,147936.41999999998,147403.485,147018.195,147383.91,146335.86,146419.65
146626.56,146950.11,147483.85499999998,146958.615,146745.405,146740.32,147030.38999999998,146873.29499999998
146482.65,146824.335,147386.52,146923.965,146830.22999999998,147022.56,147157.695,146921.31
145603.395,146148.93,146808.81,146523.50999999998,146486.29499999998,147001.815,146064.06,146029.68
140259.195,140394.6,140605.91999999998,140575.94999999998,140627.34,140742.945,140478.705,140513.04
133455.69,133443.81,133552.395,133556.985,133621.47,133652.835,133659.0,133662.82499999998
127922.355,127911.78,128018.11499999999,128022.885,128085.48,128116.98,128122.47,128124.495
128266.155,128255.44499999999,128362.185,128366.685,128429.09999999999,128460.375,128466.09,128468.11499999999
136915.51499999998,136951.335,137090.07,137080.71,137125.845,137175.3,137067.03,137101.455
145186.56,145785.465,146396.43,146100.33,145837.35,146170.62,144978.165,145178.63999999998
146405.25,147127.905,147938.26499999998,147404.745,147017.07,147396.78,146369.745,146431.845
146629.71,146949.57,147479.895,146954.43,146741.985,146755.935,147063.195,146884.68
146476.35,146816.28,147374.32499999998,146911.68,146822.715,147041.145,147179.38499999998,146922.3
145598.75999999998,146159.775,146843.46,146550.645,146510.00999999998,147064.86,146070.76499999998,146033.32499999998
140111.955,140257.97999999998,140486.76,140452.56,140501.745,140630.94,140333.49,140368.5
133031.385,133019.685,133127.955,133132.41,133197.03,133228.08,133234.51499999998,133238.29499999998
127690.73999999999,127680.48,127786.545,127791.22499999999,127853.685,127885.40999999999,127890.94499999999,127892.745
128091.42,128080.935,128187.135,128191.86,128254.185,128285.685,128291.53499999999,128293.515
136759.54499999998,136792.71,136929.41999999998,136920.555,136966.905,137016.135,136916.505,136947.24
145139.805,145726.47,146328.88499999998,146036.38499999998,145779.12,146125.305,144962.63999999998,145142.91
146411.00999999998,147129.12,147931.335,147404.29499999998,147018.96,147426.93,146401.47,146448.27
146663.91,146939.31,147459.645,146940.79499999998,146746.57499999998,146775.96,147078.945,146897.46
146517.615,146811.69,147370.905,146912.31,146841.75,147059.595,147191.04,146944.305
145567.25999999998,146101.59,146788.245,146497.995,146471.4,147028.94999999998,146030.35499999998,145994.75999999998
139916.385,140056.56,140285.61,140252.13,140303.25,140432.31,140136.57,140171.31
133314.12,133301.97,133410.69,133415.37,133479.72,133510.905,133517.655,133521.57
127924.965,127914.75,128020.95,128025.855,128088.45,128119.905,128125.75499999999,128127.555
128533.635,128523.015,128629.125,128633.94,128696.805,128728.17,128733.61499999999,128735.685
137037.82499999998,137072.88,137212.02,137201.715,137247.93,137298.24,137190.465,137223.72
145221.435,145795.995,146408.85,146110.365,145859.985,146208.915,145025.235,145213.11
146433.15,147117.195,147922.335,147392.63999999998,147027.375,147429.495,146412.9,146464.11
146652.75,146935.845,147465.81,146943.63,146755.125,146782.97999999998,147096.76499999998,146917.935
146503.035,146807.685,147372.03,146916.13499999998,146846.97,147072.96,147212.00999999998,146960.72999999998
145585.305,146095.65,146752.02,146474.145,146455.155,146989.035,146073.285,146027.655
140066.775,140188.13999999998,140394.78,140366.745,140420.79,140534.685,140293.035,140322.465
133028.63999999998,133016.58,133124.715,133129.53,133193.88,133224.885,133231.455,133235.37
127763.01,127752.93,127858.635,127863.72,127925.955,127957.545,127963.26,127965.06
128535.075,128524.455,128630.97,128635.73999999999,128698.01999999999,128729.7,128735.235,128737.53
137292.435,137338.065,137485.215,137472.435,137513.565,137569.5,137435.625,137475.76499999998
145324.935,145934.145,146580.975,146273.445,146004.345,146382.615,145117.935,145322.685
146411.235,147102.345,147914.145,147389.85,147026.655,147444.705,146429.955,146470.41
146576.655,146911.275,147432.375,146921.4,146734.335,146792.69999999998,147112.29,146886.345
146469.78,146805.255,147360.01499999998,146910.78,146843.72999999998,147093.435,147228.615,146950.47
145615.815,146161.305,146832.88499999998,146553.525,146533.815,147100.86,146133.44999999998,146074.725
140293.8,140435.685,140655.24,140625.135,140678.46,140802.705,140526.585,140555.88
133333.29,133321.275,133429.77,133434.405,133499.16,133530.435,133536.96,133540.65
128060.235,128049.84,128156.12999999999,128160.9,128223.405,128255.17499999999,128261.06999999999,128262.78
128790.045,128779.33499999999,128886.075,128890.62,128953.26,128984.67,128990.43,128992.86
137528.415,137580.21,137730.10499999998,137716.29,137755.935,137815.02,137668.275,137711.025
145378.35,146012.66999999998,146665.485,146354.985,146081.88,146482.65,145184.58,145381.05
146405.97,147102.93,147907.215,147386.61,147027.82499999998,147461.445,146451.87,146475.945
146661.93,146929.185,147453.75,146942.145,146759.445,146814.255,147142.845,146934.36
146494.845,146797.38,147358.395,146910.735,146849.35499999998,147115.35,147239.415,146961.495
145519.47,146050.11,146726.415,146448.85499999998,146428.785,147008.565,146027.745,145974.06
139757.4,139888.88999999998,140108.445,140078.29499999998,140131.08,140257.26,139987.16999999998,140016.01499999998
133191.945,133180.155,133288.38,133293.10499999998,133357.59,133388.865,133395.3,133399.08
127844.28,127834.11,127939.995,127944.855,128007.36,128038.995,128044.665,128046.555
128549.79,128539.44,128645.685,128650.455,128712.69,128744.595,128750.12999999999,128752.56
137130.705,137178.405,137325.375,137312.37,137353.22999999998,137411.01,137274.75,137314.035
145284.615,145899.44999999998,146541.41999999998,146234.97,145966.995,146363.26499999998,145095.345,145288.08
146424.50999999998,147109.725,147911.66999999998,147389.49,147030.93,147467.475,146463.525,146489.22
146654.91,146928.555,147464.46,146952.27,146769.79499999998,146816.235,147141.495,146929.095
146503.62,146803.32,147385.35,146937.465,146876.535,147108.87,147224.69999999998,146969.28
145540.305,146033.235,146689.335,146422.125,146412.945,146930.805,146028.33,145986.255
139879.305,139985.235,140184.81,140160.33,140216.715,140321.88,140105.61,140132.61
132840.585,132828.66,132936.66,132941.385,133005.96,133037.01,133043.445,133047.315
127560.42,127549.935,127655.955,127660.86,127723.40999999999,127755.0,127760.265,127762.155
128150.81999999999,128140.245,128246.4,128251.26,128313.58499999999,128344.905,128350.70999999999,128352.735
136933.065,136967.4,137107.44,137097.81,137143.755,137194.51499999998,137090.025,137121.435
145221.525,145793.16,146415.915,146122.11,145878.79499999998,146233.25999999998,145054.62,145237.32
146430.585,147109.68,147930.47999999998,147407.31,147054.915,147460.59,146445.255,146494.845
146660.75999999998,146928.375,147470.35499999998,146959.47,146780.63999999998,146806.38,147115.08,146956.86
146507.94,146802.645,147392.955,146943.495,146887.38,147102.435,147198.555,146985.88499999998
145514.38499999998,146029.22999999998,146721.01499999998,146444.66999999998,146429.72999999998,146965.365,145970.28,145968.255
139628.655,139752.44999999998,139969.26,139940.32499999998,139994.055,140111.505,139846.995,139885.83
132834.915,132823.26,132931.485,132936.345,133000.65,133031.655,133038.495,133042.22999999998
127722.915,127712.745,127818.9,127823.76,127886.08499999999,127917.9,127923.48,127925.28
128627.01,128616.39,128722.95,128727.58499999999,128790.135,128821.76999999999,128827.17,128829.555
137427.75,137462.58,137602.755,137593.035,137639.29499999998,137688.615,137580.93,137616.345
145345.41,145913.66999999998,146539.08,146244.735,146002.22999999998,146337.47999999998,145148.58,145361.69999999998
146443.995,147119.35499999998,147943.845,147420.495,147069.36,147442.63499999998,146427.03,146512.53
146643.345,146939.625,147486.285,146977.425,146798.37,146792.16,147097.97999999998,146954.52
146514.285,146823.93,147419.55,146973.285,146912.58,147096.405,147184.47,146997.63
145582.91999999998,146110.77,146810.79,146535.345,146516.85,147037.41,146019.735,146042.1
140018.445,140147.91,140368.54499999998,140339.29499999998,140392.71,140510.115,140232.285,140277.96
133243.965,133232.22,133340.49,133345.305,133409.835,133440.79499999998,133447.54499999998,133451.1
127860.29999999999,127849.995,127955.92499999999,127961.235,128023.69499999999,128055.105,128060.73,128062.44
128785.905,128775.42,128881.75499999999,128886.705,128949.165,128980.53,128986.11,128988.36
137635.965,137687.4,137838.41999999998,137824.425,137863.57499999998,137919.285,137765.205,137817.675
145443.96,146064.555,146736.13499999998,146423.88,146149.56,146496.645,145178.37,145444.725
146443.59,147125.16,147955.095,147433.455,147075.21,147420.495,146410.83,146516.31
146611.16999999998,146937.50999999998,147477.6,146970.18,146786.625,146769.705,147090.33,146934.63
146499.525,146839.41,147420.36,146973.735,146905.335,147093.03,147188.115,146990.38499999998
145557.09,146115.09,146818.44,146538.405,146512.125,147050.055,146000.88,146018.655
139848.3,139991.35499999998,140220.09,140188.68,140239.97999999998,140364.36,140063.4,140109.57
133063.785,133051.905,133160.175,133165.16999999998,133229.34,133260.66,133267.185,133270.74
127944.54,127934.28,128040.165,128045.295,128107.75499999999,128139.12,128144.83499999999,128146.545
128884.31999999999,128873.83499999999,128980.03499999999,128985.20999999999,129047.44499999999,129078.98999999999,129084.84,129087.045
137499.12,137545.335,137691.85499999998,137679.255,137720.475,137774.025,137635.02,137684.25
145386.36,146003.31,146648.88,146341.215,146076.93,146413.97999999998,145147.455,145400.31
146454.88499999998,147148.19999999998,147961.16999999998,147439.62,147078.9,147420.0,146426.895,146530.755
146672.63999999998,146969.505,147507.47999999998,146995.155,146809.485,146780.72999999998,147112.11,146978.955
146498.31,146836.35,147420.04499999998,146970.63,146905.51499999998,147100.455,147200.895,146990.745
145492.29,146013.525,146672.46,146404.035,146386.71,146885.13,145956.50999999998,145949.66999999998
139712.35499999998,139822.60499999998,140022.135,139997.61,140052.33,140155.91999999998,139933.485,139967.55
133168.86,133157.07,133265.16,133270.335,133334.505,133365.555,133372.44,133375.995
127824.48,127814.22,127919.565,127924.875,127987.37999999999,128018.97,128024.37,128026.305
128542.455,128531.745,128637.98999999999,128642.76,128705.265,128736.81,128742.29999999999,128744.685
137424.6,137469.735,137615.35499999998,137602.755,137644.155,137696.76,137562.975,137609.55
145397.07,146010.69,146650.995,146343.735,146074.13999999998,146404.16999999998,145168.60499999998,145408.005
146454.255,147157.785,147965.985,147442.54499999998,147072.285,147411.675,146447.505,146528.32499999998
146609.055,146961.27,147482.55,146971.395,146779.56,146772.675,147121.60499999998,146911.22999999998
146485.755,146853.04499999998,147419.145,146968.56,146894.985,147101.4,147209.94,146957.66999999998
145596.555,146174.75999999998,146866.54499999998,146584.845,146551.455,147097.62,146062.53,146044.25999999998
140193.85499999998,140338.665,140563.16999999998,140532.3,140582.475,140706.44999999998,140413.275,140452.02
133498.395,133486.695,133595.19,133600.005,133664.31,133695.315,133701.93,133706.07
128129.67,128119.455,128225.295,128230.11,128292.97499999999,128324.47499999999,128329.73999999999,128332.08
129100.5,129089.655,129196.125,129200.84999999999,129263.625,129295.215,129300.525,129303.135
137995.38,138048.93,138199.005,138184.065,138222.585,138278.07,138117.96,138174.21
145545.03,146193.255,146841.345,146522.43,146240.145,146581.47,145288.665,145530.09
146466.945,147177.85499999998,147971.475,147441.82499999998,147066.21,147397.41,146460.555,146520.85499999998
146710.71,146995.91999999998,147528.36,146993.445,146807.72999999998,146770.47,147150.585,146986.19999999998
146521.16999999998,146860.785,147446.72999999998,146971.57499999998,146909.38499999998,147101.66999999998,147223.62,146984.4
145552.185,146100.555,146778.47999999998,146487.06,146464.56,146977.60499999998,146008.215,145990.35
139911.615,140035.77,140245.245,140215.59,140268.555,140379.93,140129.595,140164.245
133153.065,133141.005,133249.41,133254.27,133318.62,133349.535,133356.41999999998,133359.975
127698.48,127687.995,127794.19499999999,127799.14499999999,127861.29,127893.015,127898.73,127900.485
128394.58499999999,128384.01,128490.20999999999,128494.935,128557.17,128588.985,128594.51999999999,128596.815
137310.165,137353.68,137497.905,137484.405,137526.615,137578.41,137452.275,137494.485
145378.62,145993.22999999998,146628.675,146302.965,146038.86,146360.61,145163.61,145376.72999999998
146469.87,147179.925,147985.11,147428.955,147065.805,147394.57499999998,146468.97,146519.685
146664.63,146996.28,147521.38499999998,146979.315,146791.44,146769.12,147145.995,146952.85499999998
146510.63999999998,146868.88499999998,147444.47999999998,146966.35499999998,146899.71,147101.445,147216.735,146972.16
145515.50999999998,146037.195,146677.68,146395.845,146378.835,146865.50999999998,145971.63,145943.00999999998
139862.16,139961.34,140153.22,140129.19,140184.315,140282.01,140081.13,140109.255
133148.745,133136.595,133245.135,133250.085,133314.12,133345.16999999998,133352.145,133355.69999999998
127796.94,127786.68,127892.655,127898.01,127960.11,127991.61,127997.37,127999.305
128802.78,128792.51999999999,128898.765,128903.67,128966.08499999999,128997.58499999999,129003.165,129005.54999999999
137571.07499999998,137632.41,137788.19999999998,137769.345,137803.905,137862.81,137694.555,137746.845
145454.75999999998,146117.61,146791.44,146444.35499999998,146150.19,146502.225,145197.495,145432.035
146467.44,147181.77,147980.205,147422.43,147055.94999999998,147393.13499999998,146470.63499999998,146520.63
146629.53,146990.745,147500.685,146957.94,146769.255,146766.24,147150.81,146953.215
146505.33,146885.715,147447.405,146967.66,146894.985,147116.29499999998,147229.83,146991.82499999998
145491.345,146039.58,146683.755,146395.845,146375.28,146888.595,145961.72999999998,145937.07
139719.645,139832.145,140028.38999999998,140001.885,140056.60499999998,140160.41999999998,139941.54,139972.455
133209.85499999998,133197.93,133306.47,133311.33,133375.41,133406.37,133413.255,133417.26
127933.83,127923.705,128029.72499999999,128034.81,128096.955,128128.545,128134.17,128136.28499999999
128967.93,128957.715,129063.95999999999,129068.81999999999,129131.14499999999,129162.78,129168.45,129170.655
137731.94999999998,137786.76,137936.43,137920.185,137958.47999999998,138015.495,137857.54499999998,137911.77
145405.305,146073.33,146729.97,146382.165,146089.8,146459.29499999998,145131.93,145382.35499999998
146364.3,147075.21,147866.715,147303.495,146940.66,147306.645,146338.875,146416.995
146698.56,146966.805,147471.705,146929.275,146793.735,146781.27,147171.10499999998,147001.05
146518.785,146855.97,147421.62,146942.055,146917.845,147141.9,147242.835,147000.33
145549.97999999998,146092.5,146759.35499999998,146465.145,146470.095,147003.615,146015.55,146000.565
139864.005,139985.055,140192.28,140162.58,140219.775,140332.095,140083.83,140118.93
132927.255,132915.6,133023.735,133028.46,133093.125,133124.26499999998,133130.835,133134.57
127798.83,127788.525,127894.40999999999,127899.45,127962.045,127993.905,127999.39499999999,128001.19499999999
128928.78,128917.98,129024.36,129029.12999999999,129092.04,129123.72,129128.985,129131.37
137690.145,137752.245,137908.53,137889.09,137926.08,137986.155,137812.815,137868.255
145460.745,146121.165,146797.335,146443.86,146175.21,146544.345,145210.86,145455.47999999998
146459.97,147144.555,147935.38499999998,147379.68,147063.285,147416.085,146492.72999999998,146543.625
146696.535,146971.62,147496.725,146956.32,146820.78,146816.415,147193.60499999998,146988.945
146517.66,146840.04,147425.31,146949.705,146931.435,147164.85,147246.345,146993.31
145490.85,145982.69999999998,146628.18,146349.585,146366.595,146866.365,145962.945,145933.91999999998
139750.74,139841.01,140031.405,140007.82499999998,140067.945,140164.065,139973.04,140000.22
133013.655,133001.775,133109.865,133114.725,133179.38999999998,133210.485,133216.965,133220.745
127648.08,127638.045,127743.345,127748.61,127811.11499999999,127842.93,127848.33,127850.08499999999
128552.04,128541.465,128647.53,128652.48,128715.03,128746.75499999999,128752.155,128754.315
137574.18,137623.455,137773.395,137757.555,137799.04499999998,137854.44,137705.76,137756.29499999998
145476.0,146088.675,146745.81,146412.44999999998,146169.09,146517.21,145258.785,145485.72
146484.81,147147.38999999998,147953.655,147403.035,147088.97999999998,147440.205,146518.60499999998,146563.02
146741.445,146964.50999999998,147490.91999999998,146955.555,146813.985,146819.29499999998,147201.38999999998,147016.08
146565.495,146844.85499999998,147431.52,146960.595,146934.09,147176.595,147265.91999999998,147023.955
145475.955,145966.77,146638.53,146354.66999999998,146361.375,146895.165,145932.47999999998,145910.655
139379.49,139482.135,139684.77,139657.86,139715.775,139823.415,139598.37,139628.385
132568.83,132556.86,132664.77,132669.585,132733.97999999998,132765.255,132771.87,132775.335
127487.97,127477.53,127583.45999999999,127588.545,127650.78,127682.325,127687.95,127689.75
128512.53,128501.955,128608.155,128613.06,128675.43,128707.01999999999,128712.735,128714.94
137776.995,137833.065,137989.53,137971.035,138008.52,138068.775,137904.12,137955.69
145564.245,146178.27,146857.41,146516.445,146259.0,146631.15,145336.22999999998,145561.86
146505.465,147147.12,147953.475,147407.22,147092.445,147457.845,146539.53,146585.25
146694.645,146962.305,147491.00999999998,146958.21,146819.97,146837.25,147207.78,147035.61
146542.86,146844.225,147437.505,146968.335,146945.16,147194.685,147258.44999999998,147049.47
145529.28,146030.94,146710.395,146426.805,146435.985,146975.715,145985.49,145990.485
139720.54499999998,139826.79,140031.18,140004.18,140062.13999999998,140170.815,139939.155,139975.155
132780.41999999998,132768.585,132876.72,132881.31,132945.79499999998,132977.07,132983.595,132987.285
127645.65,127635.65999999999,127741.5,127746.405,127808.955,127840.635,127845.81,127847.83499999999
128674.26,128663.685,128770.01999999999,128775.015,128837.655,128869.01999999999,128874.42,128876.76
137708.685,137770.335,137930.31,137910.195,137946.285,138008.34,137827.215,137887.155
145536.88499999998,146166.12,146858.13,146512.57499999998,146251.25999999998,146630.69999999998,145291.455,145549.845
146484.81,147133.16999999998,147942.81,147396.69,147085.965,147457.845,146525.985,146590.47
146647.97999999998,146942.32499999998,147470.94,146942.82,146807.1,146839.365,147202.51499999998,146981.025
146522.745,146834.415,147434.66999999998,146969.91,146946.375,147201.47999999998,147260.16,147021.79499999998
145500.705,146003.31,146680.56,146402.685,146414.925,146949.88499999998,145975.41,145962.85499999998
139693.32,139798.845,140000.085,139975.02,140033.52,140139.09,139915.755,139949.01
133020.315,133008.885,133117.02,133122.195,133186.185,133217.72999999998,133223.895,133227.85499999998
127981.125,127970.81999999999,128076.885,128082.15,128144.565,128176.33499999999,128181.465,128183.67
129074.805,129063.95999999999,129170.385,129175.33499999999,129237.795,129269.655,129275.01,129277.305
138321.945,138385.935,138547.26,138526.875,138562.965,138625.91999999998,138429.54,138494.07
145690.19999999998,146325.87,147023.775,146679.12,146420.00999999998,146805.03,145438.83,145688.805
146492.91,147134.745,147949.91999999998,147409.47,147097.97999999998,147465.36,146541.87,146596.54499999998
146704.05,146958.47999999998,147504.285,146973.33,146837.205,146845.485,147204.85499999998,147016.755
146523.735,146846.43,147458.565,146992.68,146956.455,147214.755,147249.54,147015.85499999998
145471.995,145977.38999999998,146646.81,146374.965,146377.935,146905.83,145941.12,145928.25
139649.26499999998,139747.32,139943.07,139919.985,139977.63,140078.43,139870.53,139901.715
133202.34,133190.415,133298.55,133303.5,133367.76,133399.08,133405.875,133409.205
127941.48,127931.08499999999,128037.19499999999,128042.09999999999,128104.78499999999,128136.33,128142.045,128143.575
128906.14499999999,128895.25499999999,129001.545,129006.495,129069.135,129100.815,129106.53,129108.42
137965.13999999998,138036.51,138202.065,138180.33,138212.505,138279.10499999998,138075.255,138138.705
145592.37,146255.35499999998,146968.965,146618.46,146341.08,146741.04,145345.185,145594.845
146481.75,147142.935,147960.9,147417.79499999998,147095.1,147474.85499999998,146535.93,146582.955
146704.54499999998,146955.06,147488.35499999998,146961.63,146814.79499999998,146855.835,147205.97999999998,147013.47
146541.78,146850.705,147444.525,146980.035,146948.085,147227.85,147258.04499999998,147027.96
145554.88499999998,146084.35499999998,146774.61,146491.91999999998,146491.51499999998,147064.455,146014.335,146011.86
139960.57499999998,140078.07,140287.635,140259.96,140316.3,140431.22999999998,140178.375,140216.04
133371.675,133359.79499999998,133468.065,133473.06,133537.635,133568.63999999998,133574.805,133578.85499999998
128094.885,128084.67,128190.33,128195.50499999999,128258.14499999999,128289.87,128295.0,128297.205
129142.08,129131.14499999999,129237.435,129242.43,129305.15999999999,129336.93,129342.19499999999,129344.84999999999
138198.555,138280.455,138450.87,138426.21,138454.83,138525.705,138298.77,138366.135
145663.47,146341.485,147057.84,146698.155,146408.31,146821.32,145396.16999999998,145647.09
146515.32,147156.75,147956.49,147411.36,147084.57,147458.025,146550.285,146605.59
146760.57,146997.18,147532.41,146997.36,146848.005,146861.055,147240.99,147074.58
146559.645,146878.56,147479.85,147013.38,146974.63499999998,147250.97999999998,147290.26499999998,147056.04
145495.44,146006.55,146677.63499999998,146403.18,146401.11,146947.905,145967.22,145952.46
139647.465,139746.735,139944.735,139920.79499999998,139977.495,140081.895,139869.27,139899.285
132962.895,132950.97,133058.97,133063.91999999998,133128.27,133159.5,133166.16,133169.625
127716.03,127705.72499999999,127811.655,127816.69499999999,127879.155,127910.655,127916.37,127917.94499999999
128822.715,128812.095,128918.51999999999,128923.29,128985.65999999999,129017.205,129023.055,129025.215
137913.03,137969.01,138123.85499999998,138106.305,138143.43,138203.235,138034.395,138091.005
145596.78,146221.245,146894.085,146552.715,146289.555,146671.02,145374.47999999998,145604.43
146519.595,147171.24,147973.68,147424.54499999998,147097.97999999998,147475.53,146578.275,146616.38999999998
146741.94,146993.625,147521.745,146987.37,146850.75,146869.875,147245.985,147067.60499999998
146561.4,146874.645,147472.74,147003.435,146980.125,147239.415,147281.22,147062.29499999998
145414.71,145883.655,146523.555,146256.12,146269.935,146769.615,145875.285,145863.85499999998
139294.88999999998,139369.5,139552.60499999998,139532.22,139592.29499999998,139682.385,139514.85,139540.905
132611.895,132599.835,132708.195,132712.83,132777.27,132808.5,132814.88999999998,132818.58
127718.37,127707.84,127813.995,127818.9,127881.58499999999,127912.905,127918.485,127920.465
129152.25,129141.54,129247.875,129252.915,129315.78,129346.875,129352.455,129355.11
138050.19,138116.835,138279.78,138258.135,138291.84,138355.51499999998,138165.38999999998,138226.13999999998
145623.82499999998,146265.435,146961.63,146608.29,146336.58,146718.63,145382.49,145628.32499999998
146528.595,147176.055,147973.995,147425.805,147106.665,147461.895,146579.66999999998,146628.04499999998
146680.785,146978.28,147499.02,146966.75999999998,146826.27,146849.715,147244.095,147005.91
146541.78,146864.655,147465.76499999998,146997.945,146969.63999999998,147232.035,147278.655,147029.445
145504.395,146030.04,146723.26499999998,146440.665,146440.215,146992.77,145959.975,145953.85499999998
139582.62,139697.28,139905.495,139877.91,139934.29499999998,140045.22,139799.745,139835.565
132938.955,132926.94,133035.47999999998,133040.07,133104.69,133135.47,133142.085,133146.09
128066.17499999999,128055.64499999999,128161.75499999999,128166.885,128229.435,128260.845,128266.33499999999,128268.72
129646.98,129635.90999999999,129742.69499999999,129747.42,129810.51,129842.01,129847.40999999999,129850.245
138773.88,138854.79,139021.155,138997.395,139029.79499999998,139095.18,138870.85499999998,138937.005
145803.555,146479.005,147181.86,146822.535,146546.505,146928.195,145539.36,145773.18
146538.76499999998,147172.005,147971.38499999998,147419.00999999998,147097.935,147435.57,146582.865,146620.935
146783.16,147010.63499999998,147546.76499999998,147005.055,146858.26499999998,146843.00999999998,147265.02,147088.125
146568.06,146882.475,147485.655,147012.66,146976.93,147231.675,147291.12,147058.02
145454.58,145926.04499999998,146564.685,146296.395,146301.88499999998,146796.255,145913.75999999998,145895.085
139525.02,139597.83,139779.18,139759.335,139818.915,139907.16,139744.125,139768.60499999998
132614.72999999998,132603.07499999998,132710.85,132715.755,132780.15,132811.155,132817.77,132821.46
127642.14,127632.06,127737.58499999999,127742.805,127805.08499999999,127836.81,127841.94,127844.055
129163.23,129152.385,129258.81,129263.89499999999,129326.31,129358.08,129363.29999999999,129365.90999999999
138145.86,138218.445,138384.585,138360.78,138391.56,138457.62,138254.535,138317.13
145664.46,146321.505,147025.125,146663.775,146378.745,146760.975,145416.69,145656.405
146542.22999999998,147192.47999999998,147988.57499999998,147435.12,147103.83,147449.115,146600.505,146635.60499999998
146694.465,146996.37,147515.75999999998,146978.37,146825.72999999998,146842.155,147264.75,147014.46
146551.54499999998,146884.905,147489.03,147015.99,146974.54499999998,147237.21,147291.93,147031.47
145528.60499999998,146057.895,146748.41999999998,146464.965,146455.875,147005.235,145981.665,145967.66999999998
139807.485,139915.845,140120.055,140093.685,140149.16999999998,140257.53,140023.755,140056.785
133201.97999999998,133189.965,133298.28,133302.78,133367.445,133398.81,133405.11,133408.935
128034.18,128023.92,128129.76,128134.75499999999,128197.575,128229.12,128234.51999999999,128236.545
129412.89,129402.09,129508.605,129513.42,129576.42,129607.73999999999,129613.185,129615.84
138652.91999999998,138758.58,138941.72999999998,138909.51,138929.805,139006.935,138744.36,138810.555
145797.66,146511.945,147252.69,146865.87,146554.60499999998,146958.345,145544.895,145761.435
146546.955,147179.38499999998,147964.095,147406.54499999998,147078.225,147408.93,146622.69,146641.41
146771.865,147007.665,147531.555,146980.755,146832.525,146823.435,147286.395,147111.615
146605.86,146895.345,147518.235,147019.86,146977.155,147240.18,147292.29,147096.945
145304.55,145767.645,146414.745,146136.735,146135.925,146634.93,145740.06,145744.29
138703.905,138771.04499999998,138949.91999999998,138930.345,138988.935,139074.975,138920.22,138944.385
131885.415,131874.03,131981.805,131986.665,132050.52,132081.885,132088.095,132091.47
126619.11,126609.345,126714.78,126720.045,126782.09999999999,126813.69,126818.81999999999,126820.485
128378.15999999999,128367.62999999999,128473.875,128478.735,128541.28499999999,128572.73999999999,128578.23,128580.435
138090.555,138180.735,138353.66999999998,138323.52,138345.93,138413.52,138174.705,138245.85
145764.675,146436.435,147142.62,146743.245,146419.11,146766.69,145459.755,145708.02
146653.425,147227.75999999998,147993.21,147399.57,147041.28,147280.455,146656.035,146717.63999999998
146944.665,147106.665,147598.02,147017.25,146856.375,146689.11,147393.675,147248.00999999998
146658.735,146969.145,147512.88,147011.04,146959.11,147142.88999999998,147397.005,147153.10499999998
145048.63499999998,145485.18,146044.845,145782.04499999998,145779.345,146206.25999999998,145504.44,145480.77
137558.835,137606.985,137764.62,137750.49,137809.8,137881.125,137776.68,137792.475
130495.995,130484.92499999999,130591.75499999999,130596.56999999999,130660.11,130691.385,130697.685,130700.61
125161.155,125151.435,125256.015,125261.14499999999,125322.795,125354.51999999999,125359.83,125360.81999999999
126977.48999999999,126967.185,127072.70999999999,127077.61499999999,127139.48999999999,127171.305,127176.56999999999,127178.19
137162.29499999998,137219.35499999998,137373.66,137350.88999999998,137381.94,137438.82,137293.02,137339.505
145596.41999999998,146218.905,146853.225,146471.895,146165.13,146474.19,145384.11,145589.895
146639.29499999998,147277.035,147991.68,147391.47,147027.735,147276.85499999998,146714.26499999998,146722.22999999998
146828.745,147072.285,147504.50999999998,146919.285,146757.195,146658.96,147425.22,147170.745
146649.41999999998,146947.455,147455.72999999998,146945.25,146905.155,147104.775,147439.485,147163.86
145108.16999999998,145520.595,146057.535,145790.91,145801.16999999998,146231.595,145592.91,145549.125
137866.68,137910.87,138065.49,138051.27,138112.65,138182.49,138088.53,138101.625
130266.18,130255.2,130361.84999999999,130366.845,130430.385,130461.65999999999,130468.185,130470.795
124773.75,124764.48,124868.745,124873.965,124935.345,124967.205,124972.47,124973.28
126368.415,126358.65,126463.545,126468.36,126530.235,126562.23,126567.36,126568.845
136884.69,136931.625,137080.08,137060.595,137096.32499999998,137151.945,137019.51,137066.4
145557.72,146145.915,146769.84,146402.55,146108.925,146437.245,145354.185,145567.25999999998
146662.155,147269.38499999998,147994.60499999998,147398.805,147034.485,147311.145,146727.04499999998,146747.97
146922.93,147100.59,147550.63499999998,146961.04499999998,146804.26499999998,146691.27,147474.04499999998,147217.05
146665.485,146950.56,147476.205,146970.315,146935.16999999998,147144.87,147485.16,147159.405
144905.625,145311.435,145849.77,145592.955,145605.645,146032.38,145412.595,145344.41999999998
136974.33,137014.875,137166.615,137154.41999999998,137215.8,137282.895,137197.53,137207.25
129612.64499999999,129601.75499999999,129708.26999999999,129713.22,129776.76,129807.9,129814.515,129816.94499999999
123982.65,123973.78499999999,124077.59999999999,124082.955,124144.245,124175.87999999999,124181.37,124181.73
125587.62,125577.98999999999,125682.705,125687.92499999999,125749.305,125780.94,125786.43,125787.555
136268.145,136305.585,136448.685,136433.52,136473.705,136525.41,136429.245,136456.38
145371.78,145936.845,146556.945,146212.02,145934.46,146268.405,145264.995,145404.945
146622.50999999998,147249.09,148000.41,147422.29499999998,147059.91,147381.165,146771.055,146732.66999999998
146775.285,147019.995,147494.745,146932.56,146780.955,146737.53,147492.585,147161.16
146606.715,146892.15,147460.005,146975.35499999998,146949.12,147186.675,147501.495,147162.78
144989.955,145401.47999999998,145983.50999999998,145734.75,145750.68,146204.1,145535.805,145459.62
137426.175,137471.535,137630.97,137618.37,137679.435,137750.535,137654.595,137663.91
129860.86499999999,129849.65999999999,129956.53499999999,129961.485,130024.75499999999,130056.29999999999,130062.64499999999,130064.985
124146.22499999999,124137.0,124241.04,124246.485,124307.415,124339.455,124344.62999999999,124345.08
125777.205,125767.485,125872.56,125877.735,125938.79999999999,125970.795,125976.28499999999,125977.40999999999
136497.915,136548.225,136703.205,136684.305,136718.685,136777.725,136647.72,136683.945
145436.085,146026.935,146706.84,146359.71,146069.63999999998,146439.27,145327.54499999998,145484.28
146597.805,147190.185,147983.625,147422.43,147076.83,147416.35499999998,146784.33,146738.205
146842.065,147002.31,147513.01499999998,146962.305,146829.50999999998,146800.16999999998,147497.22,147211.11
146591.28,146857.32,147450.24,146979.315,146973.285,147266.46,147468.15,147165.435
144746.37,145128.50999999998,145699.695,145468.935,145497.87,145951.19999999998,145275.66,145222.60499999998
136525.86,136561.275,136712.52,136703.205,136765.485,136830.645,136750.365,136760.66999999998
128853.855,128843.01,128949.39,128954.34,129017.43,129048.93,129055.00499999999,129057.29999999999
123457.31999999999,123448.23,123552.315,123557.84999999999,123618.735,123650.415,123655.455,123655.72499999999
125452.53,125442.98999999999,125547.705,125552.87999999999,125614.305,125646.03,125651.25,125652.06
135906.57,135951.705,136103.805,136086.705,136124.235,136181.385,136059.47999999998,136095.165
145264.365,145843.02,146528.685,146185.065,145907.46,146289.33,145143.04499999998,145325.655
146581.19999999998,147193.155,148008.465,147442.86,147104.595,147479.31,146747.655,146734.91999999998
146746.35,146983.77,147502.395,146953.035,146819.52,146825.775,147478.63499999998,147149.82
146575.8,146875.63499999998,147490.38,147014.91,146991.6,147273.12,147471.12,147153.555
144754.02,145159.785,145747.35,145513.16999999998,145534.32,145988.00999999998,145287.0,145230.66
136616.13,136654.91999999998,136807.74,136798.245,136860.435,136925.685,136841.26499999998,136851.57
129134.11499999999,129123.62999999999,129229.69499999999,129234.78,129298.31999999999,129329.50499999999,129335.58,129337.78499999999
123470.73,123462.09,123565.635,123570.94499999999,123632.09999999999,123664.04999999999,123668.81999999999,123669.45
125238.23999999999,125228.655,125333.28,125338.59,125399.745,125431.73999999999,125436.735,125437.95
136194.57,136242.585,136396.395,136379.16,136415.07,136472.66999999998,136344.78,136382.04
145367.595,145966.32,146662.965,146320.83,146028.915,146407.32,145240.83,145420.51499999998
146577.645,147208.185,148034.79,147476.07,147117.50999999998,147482.1,146743.065,146723.75999999998
146765.745,147002.625,147523.86,146977.38,146832.615,146832.88499999998,147473.235,147152.61
146572.245,146895.255,147515.625,147042.13499999998,147017.565,147295.215,147470.58,147140.235
144809.46,145247.04,145853.1,145616.445,145631.97,146098.485,145349.955,145285.155
136779.47999999998,136825.02,136982.565,136972.035,137033.595,137101.94999999998,137005.65,137016.36
129162.33,129151.575,129257.955,129262.95,129326.31,129357.54,129363.56999999999,129366.09
123814.305,123805.53,123909.525,123914.655,123975.855,124007.94,124012.79999999999,124013.385
125918.325,125908.83,126014.12999999999,126018.855,126080.45999999999,126112.40999999999,126117.45,126118.70999999999
136466.37,136528.51499999998,136692.18,136670.66999999998,136700.82,136764.72,136601.685,136646.28
145420.19999999998,146057.66999999998,146784.41999999998,146435.04,146122.02,146520.27,145275.79499999998,145452.465
146587.86,147207.96,148039.91999999998,147488.445,147126.06,147483.81,146757.555,146725.11
146819.38499999998,147010.005,147547.62,147005.1,146860.74,146849.75999999998,147485.07,147187.62
146577.285,146892.285,147508.695,147044.69999999998,147022.155,147316.77,147457.25999999998,147144.465
144654.525,145060.83,145636.695,145414.08,145435.5,145877.4,145176.12,145120.32
136373.13,136407.645,136556.19,136548.405,136610.955,136672.155,136595.925,136605.78
128927.83499999999,128917.305,129023.37,129028.68,129091.86,129122.955,129129.48,129131.37
123390.045,123381.405,123485.17499999999,123490.485,123551.685,123583.23,123588.36,123588.495
125478.315,125468.81999999999,125573.44499999999,125578.39499999999,125639.775,125671.40999999999,125676.72,125677.75499999999
136076.535,136120.815,136271.565,136255.905,136293.885,136350.495,136231.425,136265.13
145306.97999999998,145899.27,146590.91999999998,146259.63,145976.75999999998,146365.60499999998,145202.895,145364.085
146575.305,147212.1,148043.835,147496.905,147141.9,147529.44,146755.935,146724.12
146762.145,147009.195,147536.46,147001.095,146862.04499999998,146878.335,147481.47,147176.46
146562.21,146899.97999999998,147526.19999999998,147063.285,147047.31,147330.18,147463.785,147149.685
144683.63999999998,145112.35499999998,145699.335,145475.82,145498.05,145944.18,145218.50999999998,145161.945
136428.345,136467.495,136618.245,136610.01,136672.335,136735.155,136652.66999999998,136663.065
128781.135,128770.92,128876.84999999999,128882.06999999999,128945.06999999999,128976.345,128982.28499999999,128984.67
123463.62,123455.06999999999,123558.795,123564.06,123624.94499999999,123656.76,123661.665,123662.06999999999
125687.92499999999,125678.43,125783.325,125788.635,125849.745,125881.33499999999,125886.735,125887.995
136507.54499999998,136555.695,136707.885,136691.505,136728.63,136784.88,136661.04,136696.635
145418.625,146032.695,146728.62,146390.985,146105.235,146481.03,145315.53,145477.62
146578.41,147226.095,148059.36,147502.57499999998,147151.08,147508.965,146754.85499999998,146733.93
146824.785,147048.07499999998,147566.97,147025.305,146896.335,146880.9,147473.955,147223.88999999998
146574.04499999998,146920.22999999998,147531.10499999998,147065.22,147054.78,147347.00999999998,147427.02,147158.63999999998
144607.275,145021.365,145580.13,145360.97999999998,145388.88,145814.35499999998,145105.155,145077.21
136439.28,136471.68,136616.085,136608.975,136671.975,136730.025,136659.41999999998,136671.435
128869.29,128859.075,128965.40999999999,128970.18,129033.26999999999,129064.76999999999,129070.75499999999,129072.95999999999
123320.06999999999,123311.295,123415.2,123420.33,123481.215,123513.25499999999,123518.25,123518.61
125571.33,125561.83499999999,125667.22499999999,125671.86,125733.015,125765.09999999999,125770.095,125771.48999999999
136470.41999999998,136524.51,136681.425,136661.985,136696.095,136754.415,136612.53,136656.495
145438.02,146073.555,146776.22999999998,146424.41999999998,146127.87,146498.13,145273.185,145486.935
146579.985,147254.26499999998,148073.805,147506.625,147151.16999999998,147499.38,146718.13499999998,146730.10499999998
146739.78,147041.415,147550.725,147003.03,146862.495,146868.57,147446.685,147164.35499999998
146550.465,146911.185,147520.485,147047.85,147035.38499999998,147317.35499999998,147409.245,147135.24
144585.81,144990.44999999998,145535.26499999998,145317.645,145346.085,145751.985,145079.00999999998,145046.115
136551.555,136579.59,136720.44,136714.905,136777.94999999998,136832.895,136771.02,136781.685
128813.17499999999,128802.78,128909.25,128914.33499999999,128977.01999999999,129008.34,129014.685,129017.025
123415.65,123407.14499999999,123511.04999999999,123516.26999999999,123577.01999999999,123608.745,123613.83,123614.37
125548.73999999999,125539.47,125644.185,125649.26999999999,125710.56,125742.28499999999,125747.28,125748.855
136595.565,136645.965,136799.235,136781.01,136817.055,136872.85499999998,136736.955,136783.16999999998
145480.05,146111.535,146802.01499999998,146450.43,146160.405,146515.275,145311.12,145531.845
146597.085,147268.305,148086.495,147516.07499999998,147159.495,147482.19,146715.705,146749.455
146805.345,147047.35499999998,147584.475,147027.87,146887.245,146862.18,147429.225,147208.185
146567.835,146920.275,147541.63499999998,147063.555,147047.04,147338.82,147369.06,147146.085
144551.16,144954.63,145502.685,145282.77,145309.005,145723.095,145011.285,145010.205
136291.54499999998,136318.995,136459.845,136453.77,136516.725,136571.805,136507.41,136520.63999999998
128744.81999999999,128734.33499999999,128840.76,128845.485,128908.34999999999,128939.985,128946.19499999999,128948.22
123497.415,123488.595,123592.86,123597.94499999999,123658.73999999999,123690.78,123695.685,123695.955
125823.33,125813.745,125918.86499999999,125924.22,125985.51,126016.92,126022.095,126023.4
136490.535,136552.095,136712.925,136691.595,136722.10499999998,136782.81,136615.32,136672.785
145449.72,146106.36,146825.415,146461.095,146151.04499999998,146527.335,145218.555,145489.095
146598.705,147265.60499999998,148088.61,147514.05,147153.50999999998,147494.205,146676.06,146742.255
146814.345,147057.88499999998,147577.22999999998,147021.57,146875.995,146875.275,147398.94,147191.66999999998
146584.665,146931.705,147553.245,147074.75999999998,147051.63,147352.54499999998,147352.185,147147.57
144663.57,145085.04,145655.55,145428.88499999998,145447.38,145883.745,145099.305,145118.835
136543.365,136577.16,136722.78,136715.4,136777.68,136836.76499999998,136756.755,136773.81
128271.915,128261.43,128367.72,128371.68,128434.545,128465.955,128473.42499999999,128472.435
123626.7,123617.47499999999,123722.01,123726.015,123786.81,123818.89499999999,123825.375,123822.26999999999
126219.555,126210.105,126315.09,126319.95,126381.28499999999,126413.19,126418.36499999999,126419.76
136924.785,136990.71,137154.87,137131.83,137160.18,137222.775,137039.13,137103.255
145586.88,146245.63499999998,146971.53,146603.52,146285.28,146662.245,145322.595,145610.775
146624.94,147266.00999999998,148086.09,147509.72999999998,147150.585,147475.97999999998,146669.625,146752.245
146825.28,147058.91999999998,147573.63,147016.25999999998,146883.50999999998,146877.38999999998,147398.94,147192.47999999998
146584.88999999998,146937.69,147545.32499999998,147068.32499999998,147053.835,147384.945,147350.61,147140.235
144613.08,145036.88999999998,145600.56,145374.93,145398.06,145854.44999999998,145045.8,145063.8
136331.32499999998,136365.47999999998,136510.60499999998,136503.495,136565.775,136625.985,136544.76,136561.725
128947.545,128937.015,129043.125,129048.48,129111.345,129142.70999999999,129148.875,129151.215
123472.98,123464.205,123567.75,123573.555,123634.03499999999,123666.03,123670.89,123671.43
125679.95999999999,125670.64499999999,125775.18,125780.44499999999,125841.51,125873.54999999999,125878.5,125879.715
136820.205,136874.52,137030.715,137010.96,137044.35,137104.38,136941.93,137002.13999999998
145571.94,146203.29,146901.15,146542.22999999998,146244.195,146636.91,145321.425,145601.685
146633.085,147271.905,148080.50999999998,147511.16999999998,147160.25999999998,147527.00999999998,146677.86,146760.38999999998
146828.29499999998,147051.36,147567.82499999998,147022.02,146892.645,146907.72,147406.275,147195.36
146594.61,146939.175,147555.63,147098.52,147071.565,147397.005,147359.655,147146.85
144696.10499999998,145119.10499999998,145693.8,145475.235,145493.32499999998,145950.345,145128.645,145144.755
136634.985,136670.13,136817.32499999998,136810.44,136872.225,136933.51499999998,136848.645,136865.79
128884.40999999999,128874.105,128980.08,128985.39,129048.12,129079.53,129085.605,129087.98999999999
123648.03,123639.345,123742.70999999999,123748.33499999999,123809.4,123841.17,123845.985,123846.61499999999
126141.25499999999,126131.805,126236.92499999999,126241.83,126303.075,126334.845,126340.01999999999,126341.50499999999
136833.12,136892.025,137052.72,137031.3,137062.57499999998,137123.595,136947.41999999998,137011.185
145546.335,146183.58,146894.31,146537.82,146231.685,146619.405,145282.86,145561.86
146646.54,147267.495,148081.86,147516.84,147167.00999999998,147510.85499999998,146683.25999999998,146760.345
146897.82,147089.38499999998,147615.75,147051.585,146923.065,146918.16,147425.22,147237.525
146597.58,146939.805,147554.82,147078.63,147055.32,147392.595,147357.405,147138.84
144433.845,144809.00999999998,145330.60499999998,145121.58,145147.905,145554.345,144863.63999999998,144860.895
136182.06,136202.805,136337.535,136333.71,136396.71,136447.965,136395.09,136406.97
128472.03,128462.12999999999,128568.105,128573.28,128635.875,128667.15,128673.09,128675.385
123197.22,123188.76,123292.44,123297.93,123358.40999999999,123390.0,123395.12999999999,123395.31
125567.595,125558.28,125662.905,125667.9,125729.09999999999,125760.555,125766.18,125767.125
136776.87,136830.915,136987.965,136966.94999999998,136999.935,137058.93,136897.83,136957.275
145587.33,146215.845,146919.15,146552.22,146247.03,146630.025,145330.245,145603.215
146639.61,147290.445,148102.02,147523.22999999998,147159.63,147517.19999999998,146692.935,146761.56
146824.29,147077.055,147594.15,147037.68,146887.47,146903.895,147414.285,147205.035
146608.91999999998,146962.16999999998,147574.35,147098.115,147065.22,147386.655,147352.275,147148.83
144543.33,144936.495,145471.59,145256.85,145275.03,145694.115,144960.705,144971.235
136432.845,136457.32499999998,136595.29499999998,136590.03,136653.03,136706.76,136644.975,136658.655
128730.735,128720.43,128826.36,128831.58,128894.76,128926.08,128931.65999999999,128933.955
123457.68,123449.08499999999,123552.765,123558.345,123619.095,123650.90999999999,123655.76999999999,123656.17499999999
125806.5,125797.275,125901.855,125907.20999999999,125968.185,125999.90999999999,126005.17499999999,126006.48
136796.58,136868.94,137036.205,137010.645,137035.53,137101.365,136901.205,136969.83
145588.185,146261.61,146989.62,146611.215,146282.75999999998,146678.895,145298.205,145590.79499999998
146658.87,147302.55,148107.195,147531.06,147163.32,147506.805,146689.785,146773.44
146853.13499999998,147088.97999999998,147596.535,147053.745,146901.33,146907.72,147414.06,147230.00999999998
146617.91999999998,146965.095,147585.41999999998,147123.675,147087.63,147408.12,147352.77,147164.715
144586.57499999998,145000.395,145562.085,145347.84,145359.76499999998,145798.245,144995.13,145024.02
136275.07499999998,136306.08,136449.27,136443.285,136505.07,136562.76,136485.81,136503.27
129016.17,129005.73,129112.11,129117.15,129179.83499999999,129211.37999999999,129217.23,129219.65999999999
123710.94,123702.12,123806.295,123811.245,123872.355,123904.03499999999,123908.89499999999,123909.48
126336.375,126326.745,126432.18,126436.995,126498.33,126530.19,126535.185,126537.20999999999
137360.205,137441.025,137614.635,137586.96,137608.56,137676.645,137453.895,137530.08
145724.715,146406.24,147151.215,146776.05,146436.3,146827.845,145417.185,145724.94
146685.50999999998,147296.38499999998,148103.72999999998,147543.03,147179.205,147496.905,146702.745,146804.175
146911.725,147097.16999999998,147614.66999999998,147070.035,146937.465,146927.07,147447.63,147255.93
146593.305,146941.155,147560.805,147100.095,147085.11,147432.735,147373.60499999998,147135.375
144407.115,144787.63499999998,145324.035,145118.925,145145.205,145566.13499999998,144831.555,144831.735
135797.66999999998,135820.215,135957.375,135953.19,136016.01,136069.065,136009.88999999998,136022.4
128255.22,128244.735,128350.98,128356.065,128418.795,128450.295,128456.14499999999,128458.26
123163.83,123155.14499999999,123259.275,123264.36,123325.11,123357.105,123361.56,123362.09999999999
125915.44499999999,125905.86,126010.98,126015.795,126077.4,126109.125,126113.89499999999,126115.56
137009.88,137076.03,137242.125,137217.96,137246.085,137309.985,137118.51,137185.29
145655.775,146302.695,147032.63999999998,146664.675,146350.035,146743.91999999998,145385.72999999998,145663.785
146669.94,147287.97,148097.565,147536.685,147190.59,147534.255,146730.96,146788.02
146834.32499999998,147065.58,147575.07,147038.805,146922.47999999998,146942.00999999998,147446.1,147201.38999999998
146613.6,146946.69,147578.985,147121.02,147117.41999999998,147453.38999999998,147373.19999999998,147150.585
144543.87,144940.815,145502.82,145293.255,145322.91,145758.01499999998,144960.88499999998,144971.235
136144.97999999998,136172.88,136314.81,136309.54499999998,136372.32,136428.47999999998,136356.435,136371.555
128642.44499999999,128631.825,128738.205,128743.155,128806.245,128837.565,128843.325,128845.935
123507.495,123498.58499999999,123602.58,123607.935,123668.86499999999,123700.76999999999,123705.45,123706.03499999999
126019.39499999999,126009.72,126114.885,126120.105,126181.485,126213.12,126218.205,126219.555
137054.34,137119.68,137283.975,137260.935,137291.085,137352.735,137155.005,137223.675
145665.85499999998,146309.085,147036.87,146669.445,146370.10499999998,146746.53,145379.655,145657.16999999998
146683.665,147279.33,148093.60499999998,147529.16999999998,147202.83,147517.19999999998,146729.25,146788.91999999998
146905.56,147082.455,147606.47999999998,147064.86,146963.565,146944.25999999998,147469.275,147266.505
146620.755,146936.38499999998,147563.595,147105.81,147120.12,147423.01499999998,147374.235,147158.055
144230.66999999998,144568.16999999998,145073.97,144881.595,144928.08,145294.695,144644.4,144640.755
135617.04,135630.135,135760.68,135758.61,135822.69,135869.445,135827.955,135838.035
128165.31,128154.78,128260.935,128265.93,128328.61499999999,128360.15999999999,128365.83,128368.17
123133.40999999999,123124.68,123228.62999999999,123233.715,123294.51,123326.37,123331.095,123331.5
126006.29999999999,125996.625,126101.79,126106.65,126168.25499999999,126199.70999999999,126204.75,126206.45999999999
137145.01499999998,137212.83,137381.535,137355.57,137383.38,137445.07499999998,137249.055,137317.77
145707.03,146347.155,147086.28,146709.9,146408.49,146762.55,145417.68,145705.095
146683.25999999998,147295.16999999998,148106.205,147537.99,147213.36,147502.035,146739.645,146805.345
146821.5,147070.755,147585.06,147042.945,146935.08,146926.25999999998,147454.38,147212.72999999998
146607.3,146942.72999999998,147581.19,147119.26499999998,147131.19,147447.72,147369.555,147145.59
144535.725,144928.845,145487.88,145278.675,145316.655,145734.345,144949.05,144960.3
136372.635,136398.915,136539.585,136534.41,136598.04,136651.995,136583.72999999998,136598.445
128894.31,128883.87,128990.15999999999,128995.37999999999,129058.155,129089.7,129095.45999999999,129097.75499999999
123539.89499999999,123531.12,123634.98,123640.42499999999,123701.17499999999,123733.215,123737.805,123738.435
126062.90999999999,126053.37,126158.48999999999,126163.75499999999,126224.955,126256.36499999999,126261.67499999999,126263.295
137137.05,137204.415,137371.5,137346.38999999998,137375.685,137435.085,137235.51,137306.205
145699.38,146344.275,147081.15,146704.005,146409.165,146753.595,145407.555,145692.99
146695.63499999998,147292.38,148110.3,147539.655,147218.66999999998,147490.47,146736.675,146803.32
146911.13999999998,147103.19999999998,147637.125,147090.87,146982.10499999998,146950.785,147455.955,147253.22999999998
146628.72,146967.255,147612.285,147151.08,147156.07499999998,147479.985,147353.22,147155.58
144435.33,144815.35499999998,145359.495,145156.54499999998,145192.77,145595.565,144827.1,144848.29499999998
136099.305,136120.995,136257.885,136253.925,136317.555,136368.36,136308.51,136322.91
128475.405,128464.965,128570.89499999999,128576.15999999999,128638.935,128670.25499999999,128675.87999999999,128678.12999999999
123406.245,123397.56,123501.28499999999,123506.81999999999,123567.48,123599.295,123604.065,123604.33499999999
126281.97,126272.655,126377.81999999999,126382.72499999999,126444.105,126475.78499999999,126481.04999999999,126482.22
137176.02,137252.79,137426.76,137398.455,137423.34,137486.29499999998,137269.16999999998,137344.005
145701.13499999998,146367.54,147124.305,146739.645,146429.865,146781.85499999998,145382.175,145689.435
146679.57,147301.56,148120.02,147549.735,147224.07,147508.695,146723.04,146798.28
146821.94999999998,147085.65,147605.85,147065.175,146951.82,146955.33,147440.655,147209.22
146615.985,146980.485,147616.38,147156.165,147154.815,147490.335,147350.925,147145.455
144479.61,144888.345,145445.895,145236.87,145267.91999999998,145694.925,144872.82,144896.31
136130.85,136157.895,136297.97999999998,136293.03,136355.895,136410.345,136340.145,136356.03
128920.00499999999,128909.385,129015.81,129021.075,129083.58,129115.08,129121.01999999999,129123.405
123716.06999999999,123707.295,123811.37999999999,123816.69,123877.485,123909.48,123914.06999999999,123914.655
126339.795,126329.985,126435.33,126440.055,126501.65999999999,126533.47499999999,126538.42499999999,126540.0
137421.04499999998,137516.35499999998,137697.84,137665.62,137684.61,137752.65,137502.27,137582.37
145768.5,146480.31,147244.22999999998,146851.65,146525.31,146887.65,145441.125,145748.29499999998
146704.32,147320.19,148119.88499999998,147555.13499999998,147223.485,147493.71,146732.66999999998,146813.895
146879.235,147098.52,147608.055,147083.58,146966.75999999998,146942.63999999998,147453.255,147247.965
146612.16,146955.555,147583.35,147141.85499999998,147140.235,147456.81,147348.27,147139.19999999998
144391.185,144761.085,145283.895,145093.77,145127.88,145517.895,144787.77,144797.175
136212.3,136230.255,136363.86,136360.97999999998,136424.835,136474.065,136422.04499999998,136434.465
128622.555,128611.98,128718.045,128723.22,128785.86,128817.54,128823.39,128825.685
123543.54,123534.98999999999,123638.625,123643.89,123704.64,123736.68,123741.36,123741.855
126228.825,126219.42,126324.22499999999,126329.12999999999,126390.51,126422.45999999999,126427.545,126428.985
137344.86,137425.905,137596.59,137569.94999999998,137595.24,137655.945,137433.96,137509.91999999998
145760.535,146441.655,147179.97,146807.955,146494.665,146829.375,145444.22999999998,145744.91999999998
146721.41999999998,147321.81,148122.81,147572.37,147235.13999999998,147485.38499999998,146744.1,146830.41
146920.995,147121.83,147643.335,147117.41999999998,146993.75999999998,146957.31,147466.305,147283.11
146630.07,146980.97999999998,147616.11,147174.75,147165.66,147488.13,147350.655,147160.305
144298.71,144676.395,145205.235,145014.255,145045.35,145439.505,144682.83,144706.995
135655.38,135674.685,135808.11,135805.455,135868.86,135918.18,135863.55,135877.22999999998
128250.495,128239.92,128345.89499999999,128351.06999999999,128413.53,128444.89499999999,128450.87999999999,128452.905
123293.92499999999,123285.28499999999,123389.01,123394.04999999999,123455.15999999999,123486.75,123491.51999999999,123491.87999999999
126146.61,126137.43,126242.235,126246.915,126308.47499999999,126340.29,126345.23999999999,126346.95
137569.77,137657.025,137834.72999999998,137804.715,137825.46,137888.82,137653.065,137734.155
145843.60499999998,146534.175,147288.06,146907.225,146581.02,146919.15,145516.32,145831.22999999998
146723.625,147324.15,148125.41999999998,147570.79499999998,147234.465,147483.945,146749.05,146835.04499999998
146930.4,147128.805,147653.46,147127.41,147001.995,146967.12,147455.955,147276.18
146629.71,146980.8,147619.71,147180.195,147170.79,147497.85,147326.75999999998,147154.185
144256.095,144628.065,145151.19,144964.08,144994.905,145382.85,144623.29499999998,144659.43
135598.995,135616.095,135748.44,135746.055,135809.32499999998,135857.835,135805.725,135819.72
128384.235,128373.795,128479.905,128484.94499999999,128547.72,128579.17499999999,128585.025,128587.185
123222.825,123213.87,123317.86499999999,123322.905,123383.97,123415.92,123420.465,123421.04999999999
126022.68,126013.04999999999,126118.125,126122.805,126184.31999999999,126216.135,126221.31,126222.93
137493.99,137577.87,137754.315,137725.155,137746.845,137809.71,137577.24,137660.66999999998
145837.71,146522.115,147277.845,146899.62,146574.18,146911.63499999998,145495.935,145831.22999999998
146741.58,147335.895,148140.405,147590.505,147255.03,147499.245,146743.38,146855.07
146943.405,147121.02,147651.165,147123.81,147014.595,146977.91999999998,147478.54499999998,147277.845
146645.235,146962.755,147620.43,147166.83,147168.27,147497.58,147359.97,147138.345
144164.205,144497.835,145009.935,144823.63499999998,144863.46,145230.345,144542.69999999998,144548.55
135595.44,135607.275,135736.60499999998,135734.985,135799.065,135844.19999999998,135803.61,135813.96
128440.70999999999,128430.36,128536.47,128541.69,128604.28499999999,128635.56,128641.40999999999,128643.345
123305.08499999999,123296.04,123400.26,123405.48,123466.04999999999,123497.775,123502.72499999999,123502.905
126112.185,126102.06,126207.36,126212.355,126273.555,126305.37,126310.545,126312.075
137346.57,137420.595,137592.27,137565.04499999998,137591.72999999998,137650.905,137437.38,137511.04499999998
145796.58,146447.28,147204.04499999998,146818.97999999998,146514.69,146844.63,145479.195,145773.13499999998
146731.185,147313.53,148137.84,147570.93,147247.11,147499.245,146775.33,146833.38
146879.775,147093.88499999998,147633.57,147102.47999999998,146989.035,146974.185,147490.11,147230.775
146631.645,146961.36,147624.615,147178.935,147176.63999999998,147510.04499999998,147368.025,147137.58
144261.63,144607.94999999998,145129.63499999998,144944.72999999998,144980.82,145358.955,144649.665,144647.595
135951.93,135965.745,136096.155,136094.805,136158.525,136204.785,136161.18,136171.935
128383.78499999999,128373.25499999999,128479.36499999999,128484.26999999999,128546.955,128578.36499999999,128584.70999999999,128587.00499999999
123393.06,123384.15,123488.055,123493.40999999999,123554.11499999999,123585.97499999999,123590.92499999999,123591.555
126377.54999999999,126368.01,126472.905,126477.855,126539.73,126571.185,126576.22499999999,126577.98
137642.35499999998,137745.405,137935.08,137899.395,137914.425,137982.41999999998,137721.06,137799.495
145861.56,146562.345,147356.955,146956.63499999998,146621.97,146964.69,145541.38499999998,145827.36
146755.08,147317.31,148139.145,147574.395,147248.91,147482.00999999998,146794.005,146846.07
146948.35499999998,147123.04499999998,147669.88499999998,147134.16,147011.75999999998,146988.405,147519.76499999998,147294.495
146637.36,146968.38,147626.685,147181.32,147159.63,147518.055,147374.72999999998,147144.10499999998
144047.43,144373.185,144869.35499999998,144691.785,144723.96,145088.775,144434.79,144426.285
135324.945,135333.99,135460.035,135459.44999999998,135523.62,135567.18,135533.205,135542.29499999998
127907.28,127896.93,128002.635,128007.855,128070.315,128101.95,128107.70999999999,128109.69
123053.76,123045.25499999999,123148.62,123154.245,123214.76999999999,123246.81,123251.31,123251.805
126277.11,126267.75,126372.735,126377.685,126439.33499999999,126470.745,126475.73999999999,126477.45
137400.615,137486.655,137666.97,137634.79499999998,137654.595,137718.585,137489.085,137562.79499999998
145804.455,146481.705,147256.965,146860.02,146526.66,146872.53,145496.69999999998,145777.68
146752.02,147334.77,148156.11,147586.41,147243.375,147500.37,146808.85499999998,146854.08
146928.96,147130.785,147675.69,147133.845,147001.54499999998,146989.35,147514.815,147292.74
146650.905,146996.235,147664.8,147196.935,147176.55,147528.495,147368.29499999998,147164.085
144178.245,144537.47999999998,145063.57499999998,144867.735,144895.185,145282.32,144548.775,144565.965
135413.775,135428.535,135558.85499999998,135556.38,135620.145,135666.675,135620.505,135632.655
128012.48999999999,128002.5,128107.845,128112.885,128175.84,128206.845,128212.605,128214.81
123202.08,123193.575,123296.625,123301.89,123363.045,123394.68,123399.045,123399.72
126490.995,126481.31999999999,126586.08,126590.985,126652.86,126684.405,126689.355,126691.155
137814.885,137900.385,138076.83,138045.195,138067.11,138127.32,137898.04499999998,137976.975
145918.53,146601.81,147371.22,146961.72,146632.94999999998,146957.31,145587.96,145893.78
146761.51499999998,147351.555,148177.71,147587.805,147240.72,147474.18,146795.22,146872.485
146932.65,147136.095,147683.61,147132.27,146996.72999999998,146978.82,147499.38,147294.675
146640.24,146970.315,147634.695,147172.905,147153.50999999998,147512.835,147341.97,147135.87
144105.21,144433.125,144936.44999999998,144749.34,144779.75999999998,145147.32,144468.81,144483.345
135629.505,135638.82,135766.035,135764.775,135828.405,135872.415,135836.72999999998,135847.215
128062.75499999999,128052.67499999999,128158.56,128163.64499999999,128226.15,128257.515,128263.455,128265.56999999999
123200.90999999999,123192.36,123296.12999999999,123301.39499999999,123361.965,123393.95999999999,123398.415,123399.0
126559.665,126549.94499999999,126655.69499999999,126660.28499999999,126721.935,126753.435,126758.34,126760.275
137917.53,138010.68,138190.5,138157.60499999998,138177.9,138239.46,137993.66999999998,138077.19
145949.22,146641.41,147420.18,147008.38499999998,146673.81,147003.435,145598.805,145919.38499999998
146773.08,147352.77,148178.745,147591.585,147240.54,147474.72,146794.86,146874.50999999998
146905.38,147121.56,147669.84,147121.47,146983.725,146983.455,147510.945,147257.055
146643.84,146981.79,147659.66999999998,147199.185,147172.54499999998,147538.16999999998,147366.0,147142.08
144160.38,144499.275,145014.03,144825.975,144850.905,145231.425,144532.845,144534.285
135770.805,135781.785,135909.76499999998,135908.595,135972.135,136017.135,135978.525,135988.47
128239.01999999999,128228.805,128334.735,128340.045,128402.45999999999,128433.95999999999,128439.58499999999,128441.79
123399.855,123391.08,123495.12,123500.385,123561.0,123592.76999999999,123597.495,123598.08
126762.39,126752.48999999999,126857.92499999999,126862.69499999999,126924.345,126955.98,126961.155,126962.955
138091.635,138188.88,138371.66999999998,138337.60499999998,138355.91999999998,138419.145,138170.07,138249.85499999998
145974.41999999998,146675.88,147464.595,147051.36,146711.88,147046.77,145646.595,145940.175
146758.095,147340.8,148172.805,147589.065,147238.695,147484.16999999998,146812.275,146855.475
146891.925,147114.495,147670.19999999998,147127.77,146988.72,147008.52,147529.57499999998,147238.19999999998
146632.54499999998,146983.54499999998,147675.10499999998,147217.095,147190.59,147588.21,147385.395,147124.395
144239.085,144614.115,145162.935,144966.78,144986.715,145407.78,144621.85499999998,144614.29499999998
135603.72,135621.225,135754.245,135751.635,135814.68,135863.19,135811.215,135822.41999999998
128246.53499999999,128236.14,128342.11499999999,128347.2,128409.705,128440.75499999999,128446.78499999999,128448.94499999999
123489.18,123480.135,123584.22,123589.575,123650.235,123681.87,123686.90999999999,123687.405
126650.34,126640.26,126746.055,126750.87,126812.34,126843.93,126849.19499999999,126850.995
137960.775,138073.905,138264.21,138227.35499999998,138239.865,138307.365,138038.35499999998,138115.305
145940.75999999998,146672.82,147480.705,147061.53,146706.12,147052.845,145627.695,145896.21
146777.895,147352.77,148188.87,147605.175,147251.88,147495.735,146836.935,146860.60499999998
146955.96,147155.94,147712.05,147160.8,147017.205,147042.81,147567.06,147299.31
146633.805,147000.96,147681.36,147206.025,147176.145,147606.93,147404.25,147131.91
144076.095,144433.08,144948.87,144755.1,144778.185,145182.10499999998,144469.035,144446.805
135409.5,135420.885,135549.315,135547.91999999998,135611.145,135656.01,135617.94,135626.76
127809.45,127798.92,127905.12,127910.15999999999,127972.665,128003.625,128009.655,128011.76999999999
123005.205,122996.7,123100.605,123105.825,123166.44,123197.715,123202.845,123203.205
126438.20999999999,126428.44499999999,126533.87999999999,126538.92,126600.12,126631.62,126636.97499999999,126638.685
137637.585,137732.49,137911.32,137877.57,137897.01,137959.785,137726.82,137797.695
145872.9,146590.65,147374.46,146946.915,146604.33,146953.485,145583.1,145841.445
146762.55,147374.28,148205.52,147601.62,147244.22999999998,147523.13999999998,146865.06,146862.0
146891.61,147139.91999999998,147694.5,147137.35499999998,146995.425,147055.54499999998,147577.54499999998,147237.88499999998
146625.03,146997.04499999998,147679.56,147211.065,147181.63499999998,147596.085,147402.85499999998,147110.35499999998
143948.38499999998,144287.82,144784.125,144599.04,144624.87,145001.43,144342.495,144308.115
135224.955,135233.28,135358.19999999998,135357.705,135421.425,135463.86,135433.62,135440.775
127869.885,127859.67,127965.28499999999,127970.45999999999,128033.055,128064.375,128070.36,128072.25
123138.45,123129.62999999999,123233.31,123238.75499999999,123299.50499999999,123331.185,123335.955,123336.135
126628.56,126618.93,126724.23,126728.81999999999,126790.515,126822.015,126827.50499999999,126828.98999999999
137841.21,137951.865,138144.6,138104.28,138114.9,138183.38999999998,137926.26,137998.035
145910.745,146651.66999999998,147463.245,147027.69,146668.68,147019.185,145628.145,145876.86
146768.58,147371.175,148202.595,147605.085,147254.31,147513.87,146875.77,146870.00999999998
146921.58,147153.735,147709.16999999998,147155.66999999998,147017.61,147076.245,147573.85499999998,147286.935
146618.82,146997.04499999998,147662.00999999998,147201.57,147176.28,147620.925,147382.695,147120.705
143856.675,144189.76499999998,144670.005,144491.75999999998,144521.00999999998,144898.155,144242.28,144221.085
135056.61,135063.04499999998,135186.47999999998,135186.165,135250.11,135291.645,135264.41999999998,135271.845
127738.125,127727.775,127833.885,127838.565,127901.06999999999,127932.48,127938.375,127940.22
123069.64499999999,123061.36499999999,123164.90999999999,123169.905,123230.51999999999,123262.29,123267.19499999999,123267.51
126705.915,126696.23999999999,126801.62999999999,126806.31,126868.095,126899.235,126904.68,126906.25499999999
138198.82499999998,138310.695,138496.86,138459.195,138474.27,138541.13999999998,138278.835,138357.85499999998
146009.16,146756.205,147548.38499999998,147115.97999999998,146770.065,147128.535,145711.25999999998,145986.03
146774.745,147379.455,148195.16999999998,147602.07,147258.81,147531.465,146870.37,146889.27
146906.32499999998,147164.445,147697.02,147164.4,147032.235,147103.155,147576.41999999998,147289.94999999998
146596.41,147012.93,147675.465,147230.37,147206.16,147684.41999999998,147396.33,147117.87
144033.79499999998,144405.945,144910.71,144729.81,144755.37,145173.82499999998,144425.835,144411.345
135378.99,135391.05,135518.31,135517.365,135580.905,135625.635,135587.34,135596.52
127756.575,127746.58499999999,127852.605,127857.375,127919.97,127951.01999999999,127956.87,127959.03
123023.25,123014.83499999999,123118.69499999999,123123.64499999999,123184.26,123216.20999999999,123220.75499999999,123221.295
126631.03499999999,126621.36,126726.525,126731.15999999999,126792.9,126824.44499999999,126829.75499999999,126831.42
137893.41,138010.275,138203.505,138163.005,138172.77,138245.4,137977.65,138054.41999999998
145918.97999999998,146677.63499999998,147473.775,147050.32499999998,146694.195,147074.31,145638.945,145909.16999999998
146777.805,147383.72999999998,148185.9,147606.66,147267.81,147559.41,146878.91999999998,146900.205
146838.50999999998,147065.85,147600.405,147049.245,146943.225,147021.79499999998,147448.395,147198.6
146479.905,146887.19999999998,147554.63999999998,147091.68,147100.905,147583.57499999998,147250.25999999998,146995.02
144113.805,144501.255,145032.21,144834.705,144878.4,145323.04499999998,144512.72999999998,144504.76499999998
135517.185,135533.475,135664.47,135661.905,135725.895,135774.18,135725.535,135736.065
127886.48999999999,127876.68,127982.295,127987.2,128049.795,128081.205,128087.01,128088.855
123103.935,123095.47499999999,123198.93,123204.23999999999,123264.81,123296.67,123301.305,123301.62
126546.48,126536.89499999999,126641.97,126646.875,126708.435,126739.845,126745.01999999999,126746.64
138240.495,138366.99,138567.82499999998,138523.13999999998,138529.88999999998,138605.895,138316.635,138400.245
146029.68,146797.02,147609.81,147166.965,146820.33,147197.835,145743.165,146024.55
146782.845,147376.845,148180.32,147585.87,147272.085,147546.13499999998,146889.44999999998,146910.01499999998
146985.66,147160.16999999998,147700.57499999998,147149.00999999998,147048.12,147114.36,147601.71,147326.75999999998
146641.63499999998,146999.16,147667.995,147207.01499999998,147217.005,147686.75999999998,147410.505,147128.535
143953.335,144305.46,144809.37,144623.07,144663.88499999998,145073.07,144339.255,144321.88499999998
135037.845,135048.33,135174.69,135173.745,135237.555,135281.745,135245.25,135253.755
127642.36499999999,127632.19499999999,127738.575,127743.12,127805.53499999999,127836.495,127842.705,127844.37
123037.155,123028.69499999999,123132.69,123137.50499999999,123198.29999999999,123229.665,123234.61499999999,123234.795
126745.965,126736.065,126841.275,126846.22499999999,126907.92,126939.28499999999,126944.50499999999,126946.08
138070.57499999998,138192.21,138394.26,138348.495,138355.155,138430.665,138150.585,138228.03
145986.615,146726.235,147542.49,147097.53,146751.435,147125.16,145699.47,145966.54499999998
146796.88499999998,147380.31,148182.705,147589.74,147274.155,147539.925,146914.38,146921.625
146909.16,147152.07,147688.965,147137.895,147037.13999999998,147105.225,147617.82,147296.61
146626.91999999998,147008.88,147683.97,147221.55,147228.75,147694.41,147430.57499999998,147136.32
144030.735,144396.945,144908.055,144720.36,144758.69999999998,145174.275,144430.56,144404.72999999998
135455.22,135467.28,135594.36,135593.235,135657.36,135702.135,135663.885,135672.615
128109.33,128099.11499999999,128205.045,128209.905,128272.76999999999,128303.955,128309.76,128311.605
123184.665,123176.205,123279.93,123284.92499999999,123345.72,123377.355,123382.125,123382.39499999999
126608.355,126598.72499999999,126703.935,126708.84,126770.67,126801.72,126807.12,126808.78499999999
138129.84,138255.435,138452.985,138410.955,138419.72999999998,138494.16,138216.6,138290.35499999998
145998.81,146761.11,147573.85499999998,147133.97999999998,146791.305,147169.8,145749.78,145991.97
146794.005,147377.61,148188.6,147593.205,147282.345,147552.345,146939.535,146925.315
146964.645,147166.38,147714.12,147163.32,147058.83,147131.595,147643.11,147347.145
146615.35499999998,146990.88,147661.11,147205.665,147198.645,147674.925,147420.81,147137.805
143680.32,144001.53,144467.505,144299.16,144337.22999999998,144709.065,144079.38,144050.13
134822.43,134826.525,134947.755,134948.565,135012.96,135052.56,135030.78,135037.395
127774.39499999999,127764.18,127870.605,127874.87999999999,127937.83499999999,127969.065,127974.87,127976.94
123044.355,123035.4,123139.70999999999,123144.345,123205.185,123236.90999999999,123241.68,123242.4
126833.4,126823.455,126929.15999999999,126933.56999999999,126995.53499999999,127026.94499999999,127032.20999999999,127034.14499999999
138426.975,138546.585,138740.535,138699.315,138710.34,138782.69999999998,138512.655,138590.145
146070.99,146826.225,147634.29,147196.215,146850.12,147230.955,145820.43,146076.345
146781.13499999998,147383.72999999998,148196.61,147603.285,147278.38499999998,147564.54,146951.32499999998,146936.745
146898.76499999998,147158.055,147704.805,147159.13499999998,147047.66999999998,147136.32,147651.3,147314.88
146614.32,147014.72999999998,147699.225,147244.455,147239.055,147718.125,147441.69,147149.955
143857.35,144223.155,144727.83,144547.91999999998,144580.68,144988.785,144265.68,144241.875
134902.215,134912.385,135038.29499999998,135037.35,135101.205,135144.495,135110.88,135119.16
127509.65999999999,127499.58,127605.78,127610.64,127672.78499999999,127704.06,127709.90999999999,127711.98
122982.61499999999,122974.245,123078.465,123083.28,123143.4,123175.39499999999,123180.25499999999,123180.705
126871.83,126862.42499999999,126968.12999999999,126972.72,127034.055,127065.87,127070.955,127072.845
138266.72999999998,138394.665,138594.285,138551.76,138557.88,138633.435,138357.405,138431.52
146013.615,146788.47,147608.72999999998,147170.655,146815.51499999998,147193.875,145783.97999999998,146029.41
146802.78,147402.27,148215.285,147628.97999999998,147300.255,147565.57499999998,146964.78,146959.695
146967.57,147186.495,147738.465,147189.06,147072.10499999998,147149.28,147661.425,147371.75999999998
146624.445,147024.72,147708.495,147237.21,147228.57,147717.9,147436.29,147163.22999999998
143805.78,144158.085,144646.83,144466.335,144499.68,144894.375,144205.695,144187.695
134965.57499999998,134973.04499999998,135096.705,135096.615,135160.245,135202.185,135173.97,135181.935
127355.625,127345.545,127451.25,127456.37999999999,127518.525,127550.205,127555.73999999999,127557.45
122770.53,122762.06999999999,122865.525,122870.745,122931.135,122963.22,122967.67499999999,122968.17
126753.795,126743.89499999999,126849.465,126854.28,126915.61499999999,126947.385,126952.605,126954.495
138423.645,138546.04499999998,138739.41,138697.245,138707.72999999998,138779.72999999998,138512.07,138589.785
146079.495,146855.43,147666.645,147214.485,146864.88,147243.915,145837.88999999998,146098.35
146801.835,147411.225,148224.01499999998,147615.88499999998,147290.445,147572.46,146966.535,146958.38999999998
146950.785,147178.215,147721.275,147165.66,147066.57,147158.00999999998,147662.595,147331.035
146628.76499999998,147005.72999999998,147681.945,147220.91999999998,147226.54499999998,147709.35,147426.705,147128.58
143657.055,143972.235,144434.69999999998,144265.815,144309.01499999998,144674.685,144048.555,144018.0
134991.585,134994.735,135114.93,135115.83,135180.04499999998,135219.33,135199.62,135206.145
127724.76,127714.635,127820.385,127825.47,127887.93,127919.295,127925.09999999999,127927.26
122965.37999999999,122956.78499999999,123060.23999999999,123065.73,123126.345,123158.06999999999,123162.885,123163.33499999999
126903.825,126893.87999999999,126999.45,127004.31,127065.825,127097.235,127102.815,127104.48
138372.38999999998,138504.6,138716.685,138665.835,138665.34,138745.35,138456.27,138532.59
146064.555,146824.47,147665.29499999998,147204.945,146842.91999999998,147222.675,145808.955,146060.775
146816.55,147408.705,148212.225,147612.10499999998,147299.085,147561.21,146976.79499999998,146950.065
146923.38,147183.705,147715.155,147159.27,147075.57,147156.705,147667.005,147299.58
146627.055,147035.835,147715.785,147249.405,147268.215,147745.305,147436.83,147130.965
143799.66,144159.57,144651.915,144470.52,144514.16999999998,144909.36,144192.87,144163.845
134832.82499999998,134841.06,134964.99,134964.945,135028.97999999998,135070.965,135040.5,135047.97
127439.955,127429.65,127535.44499999999,127540.215,127602.495,127634.22,127639.845,127641.87
122976.135,122967.54,123070.905,123076.215,123136.605,123168.555,123173.45999999999,123173.86499999999
126998.90999999999,126989.09999999999,127094.58,127099.53,127160.81999999999,127192.68,127198.03499999999,127199.745
138451.59,138588.255,138797.37,138748.725,138749.76,138828.41999999998,138537.44999999998,138611.61
146070.09,146856.50999999998,147691.305,147229.335,146877.93,147249.495,145828.845,146064.96
146829.69,147427.91999999998,148225.41,147626.595,147324.50999999998,147563.00999999998,146982.50999999998,146955.375
146988.13499999998,147208.13999999998,147734.91,147198.69,147105.495,147168.72,147669.88499999998,147331.035
146624.85,147016.305,147673.125,147232.485,147244.275,147719.43,147417.705,147097.485
143556.79499999998,143872.785,144320.66999999998,144162.495,144208.97999999998,144563.13,143943.57,143902.215
134626.185,134628.03,134747.28,134748.63,134813.025,134851.41,134833.32,134839.16999999998
127361.87999999999,127351.70999999999,127457.45999999999,127462.36499999999,127524.735,127556.14499999999,127561.815,127563.705
122870.92499999999,122862.42,122965.965,122971.095,123031.935,123063.525,123068.025,123068.385
126664.605,126654.75,126760.185,126764.955,126826.69499999999,126857.745,126863.14499999999,126864.94499999999
138328.60499999998,138462.435,138668.985,138622.05,138624.255,138701.52,138412.88999999998,138485.565
146075.85,146854.16999999998,147682.755,147231.675,146878.335,147250.755,145823.85,146053.25999999998
146830.22999999998,147425.94,148212.36,147630.06,147325.815,147573.9,146984.085,146946.78
146970.675,147205.53,147717.18,147201.345,147106.16999999998,147181.05,147668.805,147353.175
146636.37,147023.235,147673.16999999998,147250.485,147259.08,147731.895,147411.54,147116.43
143575.155,143886.285,144328.005,144178.56,144223.65,144572.805,143952.03,143921.43
134888.13,134889.75,135008.775,135010.53,135074.835,135112.815,135095.13,135101.385
127635.65999999999,127625.53499999999,127731.51,127736.73,127798.875,127830.105,127836.135,127837.935
122920.33499999999,122911.73999999999,123015.51,123020.90999999999,123081.48,123112.935,123118.11,123118.245
126737.235,126727.605,126832.995,126837.855,126899.50499999999,126930.95999999999,126936.405,126938.15999999999
138408.47999999998,138546.54,138763.755,138711.33,138708.225,138787.785,138488.35499999998,138565.125
146100.01499999998,146867.75999999998,147700.035,147254.625,146895.03,147258.54,145835.37,146082.33
146845.16999999998,147426.47999999998,148201.785,147633.84,147330.27,147562.875,146988.81,146965.455
146979.76499999998,147216.50999999998,147739.995,147218.985,147124.755,147187.97999999998,147665.07,147337.785
146632.41,147022.425,147676.185,147253.815,147265.56,147741.66,147397.365,147094.47
143525.69999999998,143835.03,144274.77,144127.125,144173.69999999998,144520.785,143895.735,143863.83
134827.29,134828.595,134946.81,134948.745,135013.32,135050.805,135033.975,135039.96
127580.76,127570.5,127676.385,127681.245,127743.885,127775.11499999999,127780.73999999999,127782.54
122922.18,122913.315,123017.44499999999,123022.70999999999,123083.055,123114.735,123119.73,123119.81999999999
126990.98999999999,126981.135,127086.705,127091.51999999999,127153.305,127184.58,127189.98,127192.04999999999
138695.085,138831.93,139045.94999999998,138996.0,138994.785,139071.645,138766.59,138849.885
146168.46,146943.76499999998,147776.985,147334.54499999998,146977.155,147334.41,145882.935,146142.04499999998
146833.91999999998,147430.665,148209.66,147644.775,147340.8,147582.85499999998,146981.655,146942.235
146941.245,147193.47,147713.26499999998,147199.365,147109.22999999998,147210.435,147665.52,147276.63
146641.725,147036.735,147707.055,147284.1,147297.87,147808.97999999998,147419.32499999998,147085.02
143762.75999999998,144103.77,144580.77,144422.28,144465.12,144854.415,144135.63,144097.51499999998
135013.455,135018.945,135141.255,135142.245,135206.37,135246.645,135220.275,135226.97999999998
127552.00499999999,127541.745,127647.67499999999,127653.075,127715.08499999999,127746.36,127752.345,127754.09999999999
123163.78499999999,123155.09999999999,123259.00499999999,123264.135,123324.65999999999,123356.15999999999,123360.97499999999,123361.56
127382.355,127371.95999999999,127477.75499999999,127482.65999999999,127544.265,127575.58499999999,127580.985,127582.965
139034.745,139176.54,139398.435,139346.91,139339.26,139423.05,139095.495,139180.86
146231.415,147007.8,147859.38,147410.91,147038.085,147413.655,145937.16,146174.805
146850.84,147440.655,148223.475,147655.755,147347.55,147587.31,146994.93,146951.46
146950.83,147213.9,147743.145,147222.99,147128.13,147215.69999999998,147669.615,147315.69
146649.24,147067.91999999998,147745.125,147318.435,147322.305,147813.57,147414.375,147112.065
143687.025,144040.05,144517.455,144358.785,144397.305,144779.22,144053.1,144026.28
134739.09,134745.3,134867.43,134868.06,134932.41,134972.595,134944.91999999998,134952.705
127675.79999999999,127665.81,127771.78499999999,127776.51,127838.87999999999,127870.155,127875.95999999999,127877.985
123119.685,123111.26999999999,123215.58,123220.53,123280.65,123312.69,123317.595,123318.09
127063.98,127053.94499999999,127159.83,127164.64499999999,127226.025,127257.56999999999,127262.97,127264.86
138950.1,139100.22,139328.775,139272.435,139260.735,139341.82499999998,139007.07,139098.555
146231.63999999998,147025.845,147882.87,147428.235,147049.245,147397.185,145930.005,146189.745
146839.905,147448.62,148225.275,147657.50999999998,147346.695,147561.3,146988.13499999998,146941.155
146945.835,147227.94,147753.72,147232.305,147132.945,147203.37,147664.71,147293.32499999998
146628.76499999998,147062.655,147731.85,147304.53,147306.285,147779.505,147393.63,147082.86
143631.72,143972.955,144426.195,144274.185,144313.875,144668.205,143997.57,143963.00999999998
135061.38,135065.025,135184.41,135185.985,135250.335,135288.495,135267.84,135274.22999999998
127831.995,127821.69,127927.75499999999,127932.75,127994.985,128026.215,128032.33499999999,128034.135
123211.305,123202.485,123306.48,123311.565,123372.315,123403.86,123408.67499999999,123409.305
127154.7,127144.39499999999,127250.28,127254.95999999999,127316.87999999999,127347.93,127353.33,127355.355
138815.91,138965.31,139193.235,139137.47999999998,139125.78,139204.16999999998,138881.16,138967.155
146181.645,146992.13999999998,147856.41,147395.38499999998,147012.435,147346.785,145893.87,146146.005
146836.08,147464.63999999998,148244.445,147672.405,147360.195,147559.22999999998,146989.25999999998,146940.21
