ch0,ch1,ch2,ch3,ch4,ch5,ch6,ch7
322890.93,357134.22,367592.535,377441.055,361641.015,329558.89499999996,267593.49,195136.335
323047.665,357272.45999999996,367734.14999999997,377487.315,361860.885,329843.43,267946.11,195370.695
324034.605,358251.165,368725.45499999996,377487.315,362957.49,331020.89999999997,269108.45999999996,196433.82
326192.22,360422.55,370919.61,377487.315,365234.57999999996,333331.515,271239.255,198586.35
325813.05,360039.42,370547.14499999996,377487.315,364927.815,333103.95,270984.06,198255.87
325823.08499999996,360056.83499999996,370567.98,377487.315,364945.635,333140.31,270980.37,198266.805
326596.455,360856.665,371367.36,377487.315,365656.635,333759.42,271474.74,198931.005
325796.535,360067.32,370566.72,377487.315,364745.43,332750.83499999996,270463.27499999997,198039.01499999998
322923.375,357172.56,367646.355,377487.315,361752.48,329747.22,267693.345,195199.02
322919.82,357170.94,367633.305,377485.96499999997,361678.185,329607.945,267596.685,195159.41999999998
322762.185,357005.385,367463.97,377312.355,361512.675,329430.825,267466.58999999997,195008.535
322841.565,357066.18,367527.77999999997,377411.08499999996,361656.26999999996,329639.76,267742.44,195166.305
324067.545,358283.83499999996,368758.485,377487.315,362992.23,331055.955,269141.13,196467.03
326247.705,360477.63,370975.23,377487.315,365291.505,333389.385,271295.37,198642.24
325831.58999999997,360057.6,370565.55,377487.315,364947.3,333124.15499999997,271005.57,198275.94
325858.23,360092.16,370603.39499999996,377487.315,364980.285,333173.65499999997,271012.095,198301.275
326627.595,360888.3,371398.995,377487.315,365686.065,333786.285,271499.985,198959.805
325794.6,360064.845,370563.93,377487.315,364741.01999999996,332745.255,270461.205,198036.53999999998
322913.07,357161.89499999996,367635.95999999996,377487.315,361740.51,329733.99,267681.87,195188.35499999998
322853.89499999996,357104.79,367567.2,377419.365,361611.18,329539.185,267527.79,195092.28
322953.975,357196.725,367654.90499999997,377487.315,361705.185,329623.74,267662.43,195201.63
322841.295,357065.505,367527.51,377411.625,361657.62,329642.77499999997,267748.065,195168.41999999998
323901.18,358117.56,368592.615,377487.315,362827.70999999996,330891.705,268975.845,196301.43
326124.81,360355.14,370852.82999999996,377487.315,365170.365,333268.15499999997,271172.83499999996,198520.11
325885.455,360111.51,370619.27999999997,377487.315,365001.48,333179.235,271060.785,198330.93
325937.88,360171.81,370682.865,377487.315,365059.17,333251.595,271088.415,198379.755
326679.165,360940.095,371450.51999999996,377487.315,365736.06,333833.625,271544.805,199008.99
325726.605,359996.535,370495.44,377487.315,364671.135,332674.33499999996,270392.445,197968.59
322768.08,357016.86,367490.33999999997,377374.86,361593.36,329585.805,267535.665,195043.13999999998
322879.455,357130.35,367592.805,377444.745,361636.11,329562.945,267551.595,195117.705
322911.135,357153.20999999996,367611.48,377460.945,361662.20999999996,329580.58499999996,267619.455,195159.01499999998
323088.3,357312.015,367773.75,377487.315,361906.15499999997,329892.435,267998.985,195416.955
324157.005,358373.33999999997,368848.485,377487.315,363085.64999999997,331150.455,269233.29,196558.02
326284.425,360514.485,371012.31,377487.315,365331.555,333430.74,271334.25,198680.175
325857.24,360082.935,370590.83999999997,377487.315,364973.57999999996,333152.235,271034.27999999997,198303.345
326089.70999999996,360323.91,370834.96499999997,377487.315,365210.595,333401.89499999996,271238.22,198530.72999999998
326775.14999999997,361036.575,371546.95499999996,377487.315,365830.695,333926.19,271636.74,199102.77
325430.235,359700.20999999996,370198.62,377487.315,364372.11,332374.23,270095.76,197671.77
322666.38,356915.43,367388.685,377272.305,361489.95,329480.45999999996,267432.66,194940.85499999998
322905.87,357157.17,367619.445,377470.8,361661.57999999996,329587.01999999996,267576.705,195142.815
323032.545,357274.52999999997,367733.115,377487.315,361784.65499999997,329703.57,267745.185,195281.46
322996.545,357219.89999999997,367682.22,377487.315,361815.795,329803.33499999996,267911.01,195326.41499999998
323969.355,358186.005,368661.87,377487.315,362899.35,330964.38,269043.83999999997,196369.695
326256.66,360486.45,370985.08499999996,377487.315,365305.32,333404.77499999997,271305.89999999997,198652.05
325819.52999999997,360044.64,370552.90499999997,377487.315,364936.41,333115.425,270998.37,198266.31
325902.33,360136.62,370647.72,377487.315,365021.95499999996,333211.185,271045.08,198341.19
326617.38,360879.02999999997,371389.05,377487.315,365670.54,333762.75,271470.735,198941.715
325457.055,359726.445,370224.045,377487.315,364396.41,332397.495,270122.445,197698.365
322880.89499999996,357129.26999999996,367601.985,377485.15499999997,361702.485,329691.95999999996,267647.535,195155.595
323064.945,357315.66,367778.07,377487.315,361820.25,329744.43,267735.555,195301.845
322977.915,357219.495,367677.945,377487.315,361730.65499999997,329649.57,267692.85,195227.72999999998
322954.92,357178.05,367640.235,377487.315,361776.015,329763.77999999997,267872.85,195286.32
323946.945,358163.82,368639.865,377487.315,362879.14499999996,330943.815,269021.16,196347.555
326075.985,360306.045,370804.68,377487.315,365126.13,333225.81,271125.08999999997,198471.645
325818.495,360043.92,370551.735,377487.315,364935.95999999996,333116.14499999996,270999.72,198266.31
326104.15499999997,360339.12,370849.95,377487.315,365223.77999999997,333412.875,271246.635,198542.925
326670.435,360932.625,371442.735,377487.315,365722.065,333812.205,271519.64999999997,198993.10499999998
325511.45999999996,359780.76,370278.0,377487.315,364449.105,332449.96499999997,270179.77499999997,197753.49
322783.605,357032.16,367504.38,377386.92,361604.07,329593.185,267551.505,195058.395
322842.285,357093.315,367555.095,377405.82,361596.87,329519.88,267511.365,195078.50999999998
322931.07,357172.47,367630.92,377480.925,361684.305,329603.355,267648.20999999996,195181.91999999998
322850.745,357073.875,367536.32999999996,377423.14499999996,361673.37,329662.52999999997,267772.365,195184.215
324077.76,358294.725,368771.08499999996,377487.315,363011.94,331077.69,269153.27999999997,196479.36
326350.485,360580.27499999997,371078.95499999996,377487.315,365401.89,333503.1,271402.11,198746.685
325890.72,360115.785,370623.87,377487.315,365008.635,333189.81,271073.745,198339.435
326188.845,360423.63,370934.82,377487.315,365307.75,333495.72,271328.58,198626.535
326885.625,361147.68,371657.745,377487.315,365935.68,334023.83999999997,271730.52,199206.225
325519.695,359788.23,370285.2,377487.315,364455.40499999997,332455.68,270189.945,197762.35499999998
322810.2,357058.70999999996,367530.57,377412.70499999996,361629.36,329617.44,267579.27,195085.62
322959.285,357210.45,367672.05,377487.315,361713.555,329635.935,267629.22,195195.82499999998
322787.745,357028.92,367487.505,377338.005,361541.16,329460.48,267506.55,195039.495
323014.995,357237.18,367699.90499999997,377487.315,361839.285,329830.065,267941.52,195350.085
324249.20999999996,358466.31,368942.805,377487.315,363185.73,331251.885,269326.035,196650.85499999998
326244.105,360474.075,370973.385,377487.315,365297.535,333399.375,271296.945,198640.845
325731.87,359956.935,370465.29,377487.315,364850.505,333032.175,270916.515,198181.53
326033.27999999997,360268.695,370779.93,377487.315,365151.77999999997,333338.22,271169.505,198470.16
326575.52999999997,360838.665,371348.55,377487.315,365623.96499999997,333709.29,271413.855,198893.97
325176.345,359444.97,369941.67,377487.315,364109.76,332109.0,269846.1,197419.185
322651.44,356899.995,367371.81,377252.865,361468.575,329455.17,267418.17,194926.32
323044.74,357296.13,367757.91,377487.315,361798.92,329720.04,267712.83,195280.785
322876.035,357117.165,367575.48,377426.115,361630.62,329550.345,267597.045,195128.775
323089.695,357311.83499999996,367774.33499999996,377487.315,361915.64999999997,329907.77999999997,268019.595,195426.76499999998
324335.61,358552.62,369029.295,377487.315,363274.15499999997,331340.445,269412.345,196737.38999999998
326310.255,360540.40499999997,371039.76,377487.315,365365.305,333467.82,271364.76,198707.66999999998
325732.995,359958.105,370466.45999999996,377487.315,364851.855,333034.47,270919.70999999996,198183.33
325904.805,360140.67,370651.815,377487.315,365022.18,333207.63,271037.33999999997,198340.56
326609.82,360873.315,371383.15499999997,377487.315,365656.32,333739.485,271442.745,198926.505
325221.255,359489.51999999996,369985.635,377487.315,364152.195,332150.89499999996,269892.765,197464.41
322771.005,357019.065,367490.43,377371.39499999996,361586.475,329572.39499999996,267538.68,195046.02
322857.225,357108.20999999996,367570.125,377419.68,361610.235,329530.32,267523.83,195092.91
322805.385,357046.38,367505.235,377356.095,361560.555,329480.055,267527.745,195059.16
322915.76999999996,357137.73,367600.90499999997,377487.315,361743.12,329735.65499999997,267847.56,195253.91999999998
324229.76999999996,358447.32,368924.625,377487.315,363170.02499999997,331236.40499999997,269303.625,196631.32499999998
326252.205,360482.57999999996,370982.07,377487.315,365308.785,333411.52499999997,271305.135,198650.025
325879.425,360104.76,370612.89,377487.315,364999.14,333181.755,271066.815,198330.705
326242.62,360478.89,370989.81,377487.315,365359.86,333544.32,271373.58,198677.43
326881.845,361145.475,371655.225,377487.315,365926.995,334007.685,271710.72,199196.28
325192.90499999997,359460.675,369956.565,377487.315,364122.135,332119.98,269866.35,197436.735
322681.32,356929.74,367400.925,377281.17,361495.485,329479.695,267447.42,194956.51499999998
323109.63,357360.795,367822.35,377487.315,361862.685,329781.555,267776.73,195345.495
323014.185,357254.91,367713.315,377487.315,361770.255,329690.97,267742.62,195269.715
323047.035,357268.76999999996,367731.40499999997,377487.315,361876.45499999996,329870.97,267986.52,195387.75
324300.555,358518.195,368995.68,377487.315,363243.285,331310.115,269378.1,196703.055
326103.12,360333.495,370833.435,377487.315,365161.76999999996,333265.455,271160.45999999996,198502.155
325708.515,359933.76,370442.20499999996,377487.315,364828.815,333012.555,270898.785,198160.695
326122.15499999997,360358.785,370869.885,377487.315,365238.855,333421.425,271248.435,198555.47999999998
326774.16,361038.64499999996,371548.035,377487.315,365817.95999999996,333896.08499999996,271597.455,199086.66
325035.40499999997,359303.13,369798.52499999997,377487.315,363962.43,331959.64499999996,269709.12,197279.46
322567.01999999996,356815.485,367286.445,377166.06,361379.51999999996,329362.425,267331.185,194841.675
322933.90499999997,357185.07,367646.94,377487.315,361686.32999999996,329603.805,267598.8,195169.22999999998
322996.90499999997,357237.225,367695.765,377487.315,361753.96499999997,329674.41,267726.51,195253.155
322958.475,357179.985,367643.115,377487.315,361789.29,329784.83999999997,267899.49,195300.495
324448.38,358666.15499999997,369144.0,377487.315,363392.91,331460.45999999996,269525.16,196852.005
326137.815,360359.27999999997,370857.6,377487.315,365188.095,333300.51,271207.8,198567.27
325869.12,360088.92,370596.06,377487.315,364984.2,333172.89,271067.49,198339.345
326113.33499999996,360349.875,370861.33499999996,377487.315,365229.135,333410.535,271236.105,198545.94
326852.91,361117.52999999997,371626.96499999997,377487.315,365895.0,333970.515,271670.58,199163.34
325071.945,359338.995,369833.85,377487.315,363996.81,331993.70999999996,269747.91,197316.72
322615.125,356862.95999999996,367333.74,377212.76999999996,361425.77999999997,329407.605,267379.33499999996,194889.735
322972.92,357223.545,367685.14499999996,377487.315,361724.355,329640.93,267637.185,195207.345
323044.245,357284.115,367742.51999999996,377487.315,361801.575,329722.785,267776.27999999997,195301.16999999998
323055.58499999996,357276.6,367739.77499999997,377487.315,361888.15499999997,329884.83,268001.145,195399.27
324251.91,358469.685,368948.25,377487.315,363198.285,331265.385,269327.25,196654.54499999998
326167.33499999996,360397.17,370897.47,377487.315,365228.37,333333.40499999997,271224.945,198567.04499999998
325777.095,360001.575,370509.93,377487.315,364898.02499999997,333082.305,270968.175,198230.175
326229.615,360466.56,370977.345,377487.315,365344.695,333524.43,271348.47,198660.33
326845.70999999996,361110.735,371619.81,377487.315,365886.26999999996,333959.31,271657.52999999997,199153.8
324964.70999999996,359231.31,369725.67,377487.315,363887.27999999997,331883.55,269641.08,197209.62
322592.985,356841.18,367311.555,377189.82,361402.2,329382.26999999996,267354.45,194866.56
322950.77999999997,357201.45,367662.87,377487.315,361701.495,329616.855,267612.975,195184.44
322885.575,357124.995,367583.67,377435.83499999996,361642.995,329564.16,267618.6,195142.905
323025.795,357246.765,367710.02999999997,377487.315,361859.76,329857.245,267973.875,195370.965
324605.88,358823.65499999997,369302.31,377487.315,363554.505,331621.92,269681.39999999997,197008.38
326446.785,360676.035,371176.64999999997,377487.315,365509.39499999996,333615.77999999997,271507.725,198847.125
325804.185,360028.485,370536.93,377487.315,364924.98,333110.16,270996.3,198257.535
326222.325,360459.72,370970.685,377487.315,365336.235,333514.935,271337.355,198651.50999999998
326831.535,361096.605,371606.08499999996,377487.315,365869.575,333940.32,271637.415,199136.745
324910.08,359176.005,369670.05,377487.315,363830.13,331825.725,269588.61,197155.25999999998
322688.745,356936.39999999997,367406.37,377283.825,361496.20499999996,329474.88,267450.02999999997,194961.645
322900.01999999996,357150.64499999996,367611.885,377459.685,361650.42,329564.475,267561.81,195133.32
322930.89,357170.08499999996,367628.31,377481.06,361689.39,329611.23,267667.875,195189.705
322947.945,357168.42,367631.505,377487.315,361783.17,329782.185,267899.94,195294.33
324519.52499999997,358737.615,369216.40499999997,377487.315,363469.635,331537.41,269594.64,196922.16
326212.33499999996,360441.675,370942.47,377487.315,365275.89,333383.445,271274.22,198613.395
325755.225,359979.48,370487.925,377487.315,364876.01999999996,333061.83,270948.33,198209.34
326245.68,360483.345,370994.355,377487.315,365358.735,333535.27499999997,271355.76,198673.11
326704.76999999996,360970.2,371479.41,377487.315,365740.875,333808.47,271503.45,199007.46
324872.14499999996,359137.62,369631.44,377487.315,363789.945,331784.235,269550.225,197117.37
322621.33499999996,356869.26,367339.095,377215.96499999997,361427.22,329403.46499999997,267379.11,194893.02
322953.885,357204.51,367665.70499999996,377487.315,361703.65499999997,329616.495,267614.415,195186.735
322906.27499999997,357144.795,367603.47,377456.625,361665.135,329586.975,267644.745,195165.9
323143.11,357362.95499999996,367826.57999999996,377487.315,361980.18,329980.365,268099.64999999997,195491.34
324453.6,358671.95999999996,369151.425,377487.315,363405.735,331473.6,269527.23,196855.785
326204.45999999996,360433.98,370934.95499999996,377487.315,365269.545,333377.73,271266.52499999997,198605.655
325771.38,359995.68,370503.81,377487.315,364892.57999999996,333078.66,270964.98,198225.72
326241.58499999996,360479.51999999996,370990.26,377487.315,365354.055,333529.38,271348.515,198667.97999999998
326401.47,360660.87,371168.505,377487.315,365428.39499999996,333499.41,271204.38,198726.255
323868.69,358095.32999999996,368580.105,377487.315,362740.45499999996,330768.81,268602.975,196251.47999999998
323214.39,357449.57999999996,367915.90499999997,377487.315,362005.47,329991.795,267992.64,195530.26499999998
323052.93,357302.97,367764.255,377487.315,361802.33999999997,329714.82,267715.485,195286.455
322925.58,357164.01,367622.505,377476.2,361685.61,329608.8,267668.77499999997,195186.78
323049.95999999996,357269.89499999996,367733.565,377487.315,361889.01,329890.32,268010.325,195399.81
324404.325,358622.685,369102.64499999996,377487.315,363358.575,331425.855,269477.01,196806.195
326164.365,360393.66,370895.175,377487.315,365231.20499999996,333340.245,271229.67,198566.775
325740.555,359965.07999999996,370473.57,377487.315,364862.51999999996,333049.005,270936.675,198196.02
326236.185,360475.01999999996,370985.985,377487.315,365347.62,333521.235,271339.11,198661.005
326706.615,360972.945,371482.33499999996,377487.315,365739.57,333802.17,271495.755,199005.615
324928.125,359192.88,369685.665,377487.315,363842.37,331836.3,269612.955,197175.50999999998
322714.665,356962.185,367431.435,377307.18,361517.85,329492.02499999997,267472.665,194986.395
322869.77999999997,357119.77499999997,367581.105,377427.87,361618.56,329530.005,267530.985,195102.76499999998
322935.93,357173.685,367632.225,377486.37,361696.725,329620.23,267682.185,195198.345
323094.915,357314.175,367778.02499999997,377487.315,361935.81,329938.15499999997,268059.95999999996,195446.655
324635.805,358854.57,369334.70999999996,377487.315,363592.755,331660.70999999996,269709.795,197038.305
326319.57,360549.045,371050.47,377487.315,365388.435,333498.735,271388.07,198722.835
325663.56,359887.86,370396.39499999996,377487.315,364785.70499999996,332972.865,270860.49,198120.01499999998
325791.63,360018.89999999997,370527.57,377487.315,364888.8,333071.37,270906.48,198256.455
326431.44,360674.73,371178.495,377487.315,365435.865,333517.14,271248.48,198810.81
324675.36,358914.6,369400.90499999997,377487.315,363559.005,331574.805,269397.54,197010.495
322562.565,356791.185,367255.485,377124.20999999996,361342.935,329332.95,267346.35,194900.895
323274.69,357511.995,367969.635,377487.315,362009.43,329931.495,267954.795,195553.035
322906.76999999996,357130.62,367585.82999999996,377435.295,361652.76,329588.595,267674.31,195219.315
322978.32,357176.51999999996,367635.735,377487.315,361797.02999999997,329818.41,267974.37,195404.985
324886.995,359090.82,369567.36,377487.315,363828.6,331909.56,269980.47,197342.72999999998
326392.11,360607.14,371105.235,377487.315,365445.81,333568.62,271480.90499999997,198846.04499999998
325689.705,359897.985,370402.785,377487.315,364793.985,332994.735,270909.045,198203.03999999998
326259.855,360484.96499999997,370992.69,377487.315,365353.92,333536.22,271373.355,198730.35
326352.46499999997,360596.115,371100.015,377487.315,365355.26999999996,333433.52999999997,271161.855,198727.56
324628.33499999996,358870.14,369357.20999999996,377487.315,363512.925,331524.855,269345.33999999997,196952.535
322715.02499999997,356945.445,367410.06,377278.29,361495.755,329482.125,267492.735,195046.83
323056.26,357284.51999999996,367740.135,377487.315,361780.29,329708.97,267746.39999999997,195364.935
323103.87,357327.945,367783.515,377487.315,361851.39,329786.595,267872.08499999996,195414.38999999998
323269.96499999997,357479.415,367941.555,377487.315,362103.435,330116.58,268254.495,195659.55
324724.95,358935.02999999997,369413.91,377487.315,363674.88,331750.845,269807.805,197161.11
326227.95,360445.41,370944.63,377487.315,365285.385,333406.8,271312.785,198675.27
325871.1,360084.42,370590.255,377487.315,364981.005,333178.065,271083.375,198367.74
326235.64499999996,360465.885,370974.42,377487.315,365333.445,333510.48,271338.615,198690.03
326775.06,361033.38,371539.665,377487.315,365791.90499999997,333855.08999999997,271560.6,199099.66499999998
324863.595,359121.015,369610.82999999996,377487.315,363764.51999999996,331762.14,269561.43,197132.985
322948.125,357195.87,367664.13,377487.315,361747.70999999996,329717.745,267702.57,195218.82
322960.545,357206.71499999997,367666.47,377487.315,361704.555,329617.08,267627.645,195207.345
322460.595,356677.38,367131.51,376979.355,361200.64499999996,329143.41,267242.94,194799.50999999998
323165.51999999996,357364.755,367824.64499999996,377487.315,361989.54,330012.36,268167.285,195590.29499999998
324391.095,358579.70999999996,369054.58499999996,377487.315,363318.885,331413.57,269502.20999999996,196900.785
326207.16,360400.14,370894.58999999997,377487.315,365238.99,333382.86,271328.535,198739.305
325570.365,359753.89499999996,370253.61,377487.315,364647.105,332870.13,270824.58,198171.675
326184.75,360383.535,370885.27499999997,377487.315,365246.1,333449.01,271327.27499999997,198747.76499999998
326708.1,360933.52499999997,371432.43,377487.315,365686.47,333775.935,271535.445,199146.10499999998
324620.64,358842.555,369324.18,377487.315,363480.255,331507.70999999996,269370.08999999997,197012.61
323043.66,357267.46499999997,367730.1,377487.315,361814.94,329803.92,267829.29,195396.03
322873.11,357105.77999999997,367562.565,377402.89499999996,361601.415,329524.33499999996,267556.995,195165.945
322654.23,356866.38,367319.295,377166.51,361390.41,329336.955,267444.27,195007.63499999998
323471.88,357674.67,368135.685,377487.315,362302.2,330322.545,268472.83499999996,195884.46
324983.205,359191.485,369670.5,377487.315,363935.16,332013.105,270069.75,197425.935
326261.97,360479.295,370978.92,377487.315,365322.51,333446.31,271352.33999999997,198710.1
325464.12,359669.16,370173.69,377487.315,364565.385,332769.77999999997,270688.545,197990.82
326281.455,360505.52999999997,371012.85,377487.315,365370.165,333549.135,271384.515,198756.27
326685.33,360937.98,371442.77999999997,377487.315,365691.915,333755.45999999996,271469.02499999997,199028.205
324735.3,358987.995,369476.505,377487.315,363627.855,331627.68,269442.045,197018.72999999998
322609.545,356841.135,367305.795,377172.225,361387.70999999996,329368.68,267381.36,194936.085
323090.235,357325.38,367782.48,377487.315,361820.925,329740.96499999997,267770.61,195374.69999999998
323058.64499999996,357282.36,367738.065,377487.315,361809.495,329746.76999999996,267836.49,195371.505
323201.51999999996,357411.77999999997,367874.55,377487.315,362041.74,330056.91,268194.42,195589.44
324938.205,359148.77999999997,369628.47,377487.315,363894.48,331970.805,270020.02499999997,197373.06
326196.855,360414.315,370914.345,377487.315,365259.51,333383.89499999996,271289.43,198645.03
325502.685,359707.68,370212.345,377487.315,364604.08499999996,332809.15499999997,270728.505,198031.095
326388.64499999996,360612.72,371120.22,377487.315,365475.87,333653.49,271487.97,198863.55
327319.15499999997,361584.765,372092.355,377487.315,366339.06,334388.88,272080.70999999996,199613.745
324712.485,358973.95499999996,369464.08499999996,377487.315,363613.45499999996,331604.595,269408.115,196964.145
322872.3,357119.64,367587.45,377459.685,361667.25,329632.47,267619.95,195141.195
323130.195,357379.33499999996,367839.58499999996,377487.315,361876.86,329783.89499999996,267791.71499999997,195363.585
322954.785,357190.47,367649.14499999996,377487.315,361720.44,329647.635,267719.535,195225.07499999998
323140.23,357357.77999999997,367822.845,377487.315,361991.16,330001.11,268127.595,195502.185
324882.045,359102.43,369584.73,377487.315,363851.325,331919.91,269952.20999999996,197284.54499999998
326278.26,360507.285,371009.745,377487.315,365354.865,333471.33,271358.415,198686.88
325598.22,359823.32999999996,370332.36,377487.315,364722.255,332910.36,270796.90499999997,198055.88999999998
326047.815,360289.26,370800.40499999997,377487.315,365153.13,333314.77499999997,271119.42,198461.43
326568.735,360837.135,371345.39999999997,377487.315,365588.505,333634.41,271321.02,198852.525
324345.33,358606.665,369096.615,377487.315,363244.41,331235.37,269044.11,196597.97999999998
322738.785,356986.44,367454.385,377325.63,361532.7,329496.165,267484.725,195006.96
322914.77999999997,357163.64999999997,367624.07999999996,377469.63,361660.86,329566.545,267574.005,195147.63
322807.90499999997,357043.58999999997,367501.90499999997,377359.38,361574.325,329501.07,267572.16,195078.87
323088.075,357305.76,367770.825,377487.315,361940.625,329950.485,268074.855,195451.155
324945.81,359166.51,369649.44,377487.315,363916.70999999996,331984.35,270010.935,197347.05
326488.95,360717.795,371220.70499999996,377487.315,365567.175,333683.325,271569.33,198897.88499999998
325828.98,360054.045,370563.12,377487.315,364953.555,333141.255,271027.755,198286.785
326414.295,360656.055,371167.33499999996,377487.315,365518.89,333678.555,271482.435,198826.28999999998
326843.01,361111.635,371619.81,377487.315,365861.33999999997,333904.86,271592.27999999997,199125.18
324301.635,358562.43,369051.615,377487.315,363198.195,331188.795,269002.62,196554.69
322600.185,356847.93,367315.47,377186.175,361392.345,329353.875,267342.615,194867.46
322935.975,357184.485,367645.095,377487.315,361681.605,329586.57,267594.83999999997,195168.82499999998
322883.55,357118.33499999996,367577.27999999997,377434.845,361650.555,329577.885,267650.77499999997,195155.32499999998
323274.64499999996,357491.925,367957.17,377487.315,362129.08499999996,330140.07,268265.97,195638.805
325083.14999999997,359304.12,369787.68,377487.315,364056.48,332124.52499999997,270149.08499999996,197484.07499999998
326369.43,360597.87,371101.45499999996,377487.315,365448.95999999996,333566.37,271453.14,198778.995
325698.345,359923.32,370432.44,377487.315,364823.055,333011.205,270898.11,198156.41999999998
326294.505,360537.02999999997,371048.13,377487.315,365398.2,333556.515,271358.91,198705.285
326628.855,360898.245,371406.015,377487.315,365645.20499999996,333686.61,271373.13,198909.495
324387.225,358647.39,369136.035,377487.315,363281.67,331272.675,269092.395,196641.81
322730.235,356977.845,367444.935,377315.055,361520.95499999996,329481.99,267473.83499999996,194997.285
322901.27999999997,357149.83499999996,367609.995,377455.545,361646.685,329551.33499999996,267562.21499999997,195134.445
322950.285,357184.70999999996,367643.475,377487.315,361718.55,329647.635,267723.89999999997,195224.13
323180.505,357397.2,367862.76,377487.315,362036.65499999997,330049.755,268177.86,195546.735
324896.625,359117.685,369601.515,377487.315,363871.575,331939.98,269962.15499999997,197297.82
326328.975,360557.37,371060.685,377487.315,365409.495,333528.48,271415.52,198740.07
325673.1,359898.165,370407.105,377487.315,364797.765,332986.23,270873.18,198131.49
326128.095,360370.8,370881.765,377487.315,365230.07999999996,333386.235,271186.02,198536.58
326560.23,360829.39499999996,371337.255,377487.315,365574.64499999996,333613.935,271299.825,198838.935
324181.44,358440.795,368929.07999999996,377487.315,363073.635,331064.14499999996,268888.23,196436.52
322766.055,357013.26,367479.99,377349.66,361555.15499999997,329514.57,267506.55,195031.8
322922.97,357171.345,367631.19,377476.47,361668.32999999996,329572.485,267583.95,195156.495
322841.88,357075.89999999997,367534.62,377393.71499999997,361611.0,329540.49,267617.205,195117.12
323252.415,357468.52499999997,367934.22,377487.315,362109.77999999997,330124.05,268251.345,195619.77
324998.685,359220.06,369704.475,377487.315,363975.795,332043.795,270061.47,197399.16
326250.72,360479.115,370982.97,377487.315,365332.68,333452.25,271338.48,198662.895
325795.76999999996,360020.925,370530.36,377487.315,364920.975,333109.08,270995.31,198254.29499999998
326476.17,360719.55,371230.56,377487.315,365577.66,333732.06,271530.36,198882.72
326827.935,361097.45999999996,371604.69,377487.315,365840.77499999997,333878.175,271564.83,199104.705
324162.81,358421.94,368909.595,377487.315,363052.98,331043.445,268873.33499999996,196419.285
322798.995,357046.605,367513.47,377382.285,361587.06,329544.81,267537.375,195064.02
323062.33499999996,357310.845,367770.735,377487.315,361807.74,329711.265,267723.81,195295.68
322765.38,356999.625,367458.255,377318.07,361535.71499999997,329465.51999999996,267543.225,195041.38499999998
323075.745,357292.26,367757.91,377487.315,361935.26999999996,329949.495,268075.845,195443.91
325173.105,359394.795,369879.02999999997,377487.315,364152.195,332219.97,270233.45999999996,197572.41
326224.485,360453.105,370956.64499999996,377487.315,365307.52499999997,333428.31,271314.045,198636.79499999998
325721.83499999996,359947.39499999996,370456.605,377487.315,364846.86,333034.785,270920.43,198179.82
326400.48,360643.90499999997,371155.005,377487.315,365500.62,333652.455,271448.82,198804.24
326598.93,360868.45499999996,371375.82,377487.315,365609.51999999996,333643.95,271329.795,198873.72
324034.56,358293.105,368780.445,377487.315,362922.57,330912.26999999996,268746.345,196292.205
322685.055,356932.8,367399.26,377267.22,361471.68,329426.73,267418.845,194949.13499999998
323156.385,357404.535,367864.01999999996,377487.315,361901.61,329804.37,267817.95,195389.865
323013.42,357247.26,367705.665,377487.315,361785.32999999996,329716.125,267796.70999999996,195291.315
323251.83,357468.20999999996,367933.725,377487.315,362113.33499999996,330129.26999999996,268258.32,195621.88499999998
325186.11,359407.665,369892.845,377487.315,364167.26999999996,332235.36,270248.22,197585.145
326292.75,360520.425,371024.505,377487.315,365377.095,333499.635,271387.35,198706.32
325620.945,359846.055,370355.535,377487.315,364746.015,332934.57,270820.485,198079.28999999998
326145.77999999997,360389.65499999997,370900.8,377487.315,365244.435,333394.47,271188.675,198547.965
326547.63,360817.245,371324.43,377487.315,365555.83499999996,333588.015,271273.815,198820.25999999998
324096.3,358354.125,368840.61,377487.315,362982.14999999997,330971.805,268811.595,196354.485
322630.74,356878.39499999996,367344.89999999997,377212.45499999996,361416.105,329369.76,267363.45,194893.965
323062.01999999996,357309.765,367769.65499999997,377487.315,361806.83999999997,329708.83499999996,267724.395,195295.54499999998
322960.545,357193.665,367652.385,377487.315,361733.08499999996,329665.005,267747.3,195239.745
323238.69,357454.52999999997,367920.945,377487.315,362102.22,330119.45999999996,268248.46499999997,195610.725
325211.31,359433.495,369918.855,377487.315,364194.945,332263.08,270272.33999999997,197610.93
326274.12,360501.795,371006.14499999996,377487.315,365359.86,333483.20999999996,271370.52,198688.725
325649.16,359874.36,370384.15499999997,377487.315,364774.76999999996,332963.14499999996,270849.195,198107.82
326350.08,360594.135,371105.14499999996,377487.315,365447.97,333596.565,271389.915,198750.87
326521.665,360791.415,371298.46499999997,377487.315,365528.20499999996,333558.58499999996,271244.97,198793.215
323915.58,358173.18,368659.17,377487.315,362799.18,330788.97,268634.07,196175.16
322770.14999999997,357018.12,367484.08499999996,377351.235,361554.70499999996,329507.325,267503.13,195033.01499999998
322939.89,357187.32,367647.165,377487.315,361684.305,329585.89499999996,267602.71499999997,195173.46
322944.165,357176.79,367635.735,377487.315,361717.695,329649.93,267733.8,195224.535
323158.635,357374.25,367840.485,377487.315,362023.47,330041.745,268170.48,195531.705
325323.63,359545.635,370031.31,377487.315,364308.795,332376.885,270382.90499999997,197722.395
326341.98,360569.295,371073.285,377487.315,365428.62,333552.87,271440.63,198757.66499999998
325697.13,359922.51,370431.81,377487.315,364822.74,333010.70999999996,270895.95,198155.655
326410.15499999997,360654.70499999996,371165.76,377487.315,365506.785,333653.31,271444.27499999997,198808.785
326720.16,360989.91,371496.64499999996,377487.315,365724.89999999997,333753.165,271439.77499999997,198989.46
323989.01999999996,358245.855,368731.35,377487.315,362870.595,330859.8,268710.02999999997,196248.96
322581.105,356828.85,367294.725,377161.11,361363.90499999997,329314.815,267310.485,194843.205
322905.51,357152.445,367611.93,377456.76,361649.385,329550.52499999997,267568.38,195139.71
322960.41,357192.045,367650.945,377487.315,361734.66,329668.33499999996,267753.95999999996,195242.535
323202.95999999996,357418.125,367884.63,377487.315,362069.73,330089.445,268218.945,195577.83
325364.08499999996,359586.40499999997,370072.485,377487.315,364351.32,332419.76999999996,270422.595,197762.94
326221.64999999997,360449.055,370953.72,377487.315,365309.37,333434.565,271321.83,198638.46
325708.96499999997,359934.885,370444.45499999996,377487.315,364834.62,333022.41,270906.975,198167.805
326331.945,360577.17,371088.36,377487.315,365427.54,333571.545,271360.305,198728.91
326728.17,360998.14499999996,371504.51999999996,377487.315,365730.885,333757.17,271443.825,198996.255
323908.56,358165.305,368650.035,377487.315,362788.065,330776.955,268631.73,196169.985
322839.81,357087.6,367552.98,377419.365,361621.575,329571.045,267567.615,195100.91999999998
323028.045,357274.8,367734.105,377487.315,361772.01,329672.65499999997,267692.58,195261.88499999998
322787.43,357019.38,367478.27999999997,377340.885,361562.985,329496.615,267583.455,195070.59
323273.925,357489.135,367955.95499999996,377487.315,362142.54,330163.11,268292.83499999996,195649.83
325198.26,359420.76,369907.64999999997,377487.315,364187.43,332255.745,270255.24,197596.66499999998
326135.925,360363.195,370867.86,377487.315,365224.725,333351.72,271239.48,198553.86
325708.875,359934.57,370444.32,377487.315,364833.81,333022.005,270905.625,198166.68
326306.65499999997,360552.42,371063.475,377487.315,365400.72,333542.83499999996,271328.71499999997,198701.055
326575.935,360846.225,371353.005,377487.315,365576.76,333600.02999999997,271286.19,198841.905
324009.045,358265.20499999996,368749.89,377487.315,362886.70499999996,330875.27999999997,268734.95999999996,196271.145
322858.35,357106.23,367571.83499999996,377437.095,361639.305,329586.75,267583.95,195118.56
323017.15499999997,357263.95499999996,367723.21499999997,377487.315,361761.255,329661.675,267682.995,195251.535
322785.135,357016.68,367475.49,377338.725,361561.95,329496.93,267585.39,195069.735
323321.22,357536.295,368003.16,377487.315,362191.76999999996,330213.69,268343.55,195698.43
325401.66,359624.88,370111.635,377487.315,364393.035,332462.07,270458.77499999997,197799.88499999998
326116.39499999996,360343.8,370848.015,377487.315,365206.23,333334.125,271222.74,198535.41
325652.31,359878.27499999997,370387.575,377487.315,364777.29,332964.72,270848.745,198110.16
326255.535,360501.93,371012.94,377487.315,365348.07,333487.62,271272.06,198647.685
326493.81,360764.595,371270.88,377487.315,365492.61,333513.81,271200.105,198758.205
323886.14999999997,358141.5,368625.6,377487.315,362761.33499999996,330749.235,268613.955,196148.88
322791.975,357039.72,367505.01,377369.73,361571.445,329517.18,267515.01,195051.195
322887.285,357134.175,367592.94,377437.90499999997,361630.8,329530.635,267552.72,195121.97999999998
322916.445,357147.89999999997,367606.52999999997,377470.62,361694.65499999997,329630.39999999997,267720.83999999997,195203.16
323175.33,357390.45,367857.495,377487.315,362047.58999999997,330069.95999999996,268199.82,195554.16
325304.82,359528.22,370015.64999999997,377487.315,364297.725,332366.445,270358.92,197702.37
326200.68,360427.635,370932.39,377487.315,365291.505,333420.57,271308.95999999996,198620.82
325775.205,360001.485,370510.82999999996,377487.315,364900.545,333087.885,270970.92,198233.235
326426.13,360673.11,371183.76,377487.315,365517.945,333655.56,271438.2,198816.57
326717.415,360988.33499999996,371494.07999999996,377487.315,365714.37,333733.635,271420.96499999997,198980.235
323771.22,358026.075,368509.68,377487.315,362644.15499999997,330631.425,268500.46499999997,196034.35499999998
322874.45999999996,357122.20499999996,367587.26999999996,377451.63,361652.805,329596.92,267595.605,195133.005
323085.375,357331.68,367790.71499999997,377487.315,361828.935,329728.635,267752.97,195320.655
322938.72,357169.41,367628.49,377487.315,361717.605,329654.51999999996,267746.67,195226.38
323268.57,357483.32999999996,367950.51,377487.315,362142.855,330166.26,268296.885,195648.47999999998
325258.11,359482.05,369969.57,377487.315,364253.175,332320.90499999997,270310.725,197654.75999999998
326056.365,360283.45499999996,370788.3,377487.315,365148.26999999996,333277.38,271165.90499999997,198476.865
325697.67,359924.08499999996,370433.51999999996,377487.315,364823.37,333010.39499999996,270893.65499999997,198155.475
326520.36,360767.65499999997,371278.26,377487.315,365611.23,333747.045,271529.235,198908.72999999998
326628.855,360899.325,371405.115,377487.315,365623.92,333641.61,271330.02,198890.145
323631.89999999997,357886.26,368369.77499999997,377487.315,362503.21499999997,330490.52999999997,268364.88,195896.745
322838.505,357086.565,367551.315,377414.95499999996,361615.815,329558.805,267558.75,195096.645
323081.91,357327.945,367786.755,377487.315,361825.2,329724.72,267750.72,195317.41499999998
322952.22,357182.505,367641.63,377487.315,361732.635,329670.36,267764.445,195241.63499999998
323351.14499999996,357565.725,368033.265,377487.315,362227.185,330252.20999999996,268382.97,195732.675
325515.95999999996,359739.945,370228.095,377487.315,364513.185,332581.815,270569.33999999997,197912.925
326223.81,360450.72,370955.83499999996,377487.315,365317.425,333448.33499999996,271338.345,198645.57
325628.235,359854.785,370364.57999999996,377487.315,364754.20499999996,332941.23,270824.39999999997,198085.86
326249.235,360496.89,371007.855,377487.315,365338.52999999997,333472.23,271251.945,198635.625
326399.89499999996,360670.90499999997,371176.38,377487.315,365392.845,333408.285,271096.83,198659.835
323687.745,357941.51999999996,368424.36,377487.315,362556.855,330544.39499999996,268424.01,195953.31
322776.08999999997,357023.65499999997,367488.495,377351.91,361552.185,329493.87,267494.39999999997,195033.41999999998
322834.095,357080.22,367539.02999999997,377383.725,361577.65499999997,329476.23,267501.87,195069.82499999998
322809.12,357039.58499999996,367498.845,377364.285,361590.795,329528.925,267621.885,195099.66
323416.89,357631.33499999996,368099.1,377487.315,362294.73,330320.16,268448.76,195798.87
325446.20999999996,359670.24,370159.245,377487.315,364445.055,332513.19,270496.125,197842.05
326109.64499999996,360336.06,370841.89499999996,377487.315,365203.62,333335.07,271224.135,198531.9
325734.255,359960.67,370470.6,377487.315,364859.95499999996,333046.26,270927.72,198191.29499999998
326442.33,360690.20999999996,371201.13,377487.315,365530.635,333661.86,271439.505,198826.785
326676.64499999996,360947.61,371452.815,377487.315,365668.01999999996,333681.795,271371.645,198935.46
323726.985,357980.31,368462.43,377487.315,362594.295,330581.295,268465.86,195993.495
322722.315,356970.06,367434.63,377297.19,361497.285,329436.99,267436.935,194978.61
323031.375,357277.05,367735.45499999996,377487.315,361775.07,329673.69,267700.86,195267.87
322807.23,357037.11,367496.19,377362.62,361589.985,329529.06,267624.225,195099.3
323274.06,357488.685,367956.81,377487.315,362153.745,330179.445,268307.91,195657.21
325510.785,359735.445,370224.72,377487.315,364512.14999999997,332580.105,270559.62,197906.58
326141.415,360368.235,370873.305,377487.315,365236.56,333369.36,271258.785,198564.705
325791.58499999996,360018.45,370528.15499999997,377487.315,364917.285,333102.915,270983.88,198248.22
326583.40499999997,360831.77999999997,371342.65499999997,377487.315,365670.81,333800.055,271575.945,198965.69999999998
326437.83,360708.795,371213.91,377487.315,365426.595,333438.705,271128.015,198694.845
323511.705,357764.67,368246.65499999997,377487.315,362376.54,330363.26999999996,268250.895,195779.25
322874.91,357122.925,367586.95499999996,377448.795,361649.07,329587.29,267587.91,195131.07
322905.64499999996,357150.6,367609.27499999997,377454.105,361648.39499999996,329546.83499999996,267575.445,195142.275
322858.035,357087.285,367546.23,377413.56,361641.51,329581.8,267678.63,195151.86
323503.245,357717.285,368185.41,377487.315,362385.135,330412.41,268541.45999999996,195888.33
325557.855,359782.605,370271.88,377487.315,364560.93,332629.245,270606.69,197953.83
326121.66,360348.165,370853.27999999997,377487.315,365217.83999999997,333351.58499999996,271242.045,198546.12
325760.39999999997,359987.39999999997,370497.14999999997,377487.315,364885.92,333071.27999999997,270951.57,198216.63
326426.76,360675.45,371186.505,377487.315,365512.45499999996,333639.045,271412.45999999996,198806.58
326408.08499999996,360678.42,371183.355,377487.315,365394.95999999996,333404.955,271095.705,198664.02
323472.285,357724.665,368205.885,377487.315,362335.185,330321.105,268213.455,195740.28
322766.505,357014.51999999996,367478.595,377340.39,361539.135,329475.735,267476.04,195021.495
322965.495,357210.08999999997,367668.765,377487.315,361708.82999999996,329606.45999999996,267636.51,195202.845
323042.985,357271.64999999997,367730.865,377487.315,361828.44,329769.58499999996,267868.44,195338.34
323476.01999999996,357689.97,368157.915,377487.315,362359.17,330387.435,268515.945,195862.095
324781.92,358986.32999999996,369471.51,377487.315,363763.26,331849.845,269857.35,197250.345
325864.21499999997,360055.935,370553.57999999996,377487.315,364922.865,333087.75,271035.765,198409.455
326349.135,360572.625,371081.51999999996,377487.315,365471.45999999996,333658.89,271544.805,198814.77
326668.995,360917.73,371428.605,377487.315,365753.16,333878.13,271650.915,199046.925
326389.365,360660.015,371164.545,377487.315,365374.21499999997,333382.995,271075.68,198644.58
323517.555,357769.26,368249.94,377487.315,362378.43,330364.485,268262.595,195787.08
322710.255,356957.91,367421.76,377282.97,361481.535,329416.33499999996,267418.26,194964.84
322876.62,357120.945,367579.17,377424.63,361619.55,329516.955,267549.255,195114.78
322845.3,357073.605,367532.37,377401.45499999996,361631.20499999996,329573.16,267673.5,195142.32
323392.32,357605.95499999996,368074.305,377487.315,362277.045,330305.76,268433.77499999997,195779.34
325667.205,359892.58499999996,370382.535,377487.315,364674.105,332742.285,270713.52,198062.775
326178.45,360404.865,370910.385,377487.315,365276.65499999997,333412.47,271303.2,198605.07
325819.44,360046.935,370556.82,377487.315,364945.05,333129.33,271007.685,198274.86
326460.87,360710.45999999996,371221.515,377487.315,365544.08999999997,333665.82,271434.87,198836.235
326386.845,360657.26999999996,371161.8,377487.315,365369.49,333375.75,271068.705,198640.215
323548.245,357799.32,368279.45999999996,377487.315,362406.87,330392.51999999996,268294.365,195817.815
322910.45999999996,357157.8,367621.38,377482.005,361680.93,329614.47,267617.115,195163.74
322984.98,357228.855,367687.21499999997,377487.315,361727.73,329625.63,267659.595,195223.22999999998
322765.74,356993.235,367452.81,377321.89499999996,361552.365,329495.58,267597.045,195064.02
323338.05,357551.415,368020.21499999997,377487.315,362224.125,330253.64999999997,268380.81,195725.34
325658.97,359884.485,370374.75,377487.315,364667.85,332735.805,270703.98,198053.235
326152.26,360378.135,370883.65499999997,377487.315,365251.45499999996,333387.99,271279.305,198579.33
325829.745,360057.105,370567.125,377487.315,364954.76999999996,333138.33,271015.245,198284.31
326506.32,360756.26999999996,371267.325,377487.315,365587.92,333707.49,271474.56,198879.38999999998
326351.745,360622.305,371126.385,377487.315,365332.45499999996,333337.14,271031.04,198604.305
323390.475,357641.01,368121.105,377487.315,362246.985,330231.46499999997,268137.18,195660.9
322944.93,357192.18,367656.02999999997,377487.315,361714.32,329645.83499999996,267648.615,195197.35499999998
322943.58,357186.95999999996,367645.23,377487.315,361686.42,329583.555,267618.735,195182.37
322967.83499999996,357194.925,367654.41,377487.315,361756.35,329700.51,267804.08999999997,195267.735
323399.565,357613.11,368082.225,377487.315,362288.295,330318.945,268446.14999999997,195788.565
325848.105,360073.485,370564.47,377487.315,364858.96499999997,332928.135,270894.645,198242.955
326253.735,360479.25,370985.355,377487.315,365353.92,333492.39,271385.505,198682.51499999998
325778.805,360006.57,370516.95,377487.315,364903.82999999996,333087.12,270963.81,198232.91999999998
326571.75,360822.64499999996,371333.7,377487.315,365652.36,333769.90499999997,271535.265,198942.525
326272.455,360543.42,371047.365,377487.315,365251.45499999996,333254.25,270949.58999999997,198523.71
323352.36,357602.94,368082.36,377487.315,362207.25,330191.505,268101.855,195623.685
322749.45,356997.105,367460.685,377320.27499999997,361517.57999999996,329447.925,267450.705,195001.51499999998
323049.87,357293.61,367751.51999999996,377487.315,361792.935,329690.565,267727.23,195289.83
322962.93,357189.885,367649.37,377487.315,361753.01999999996,329698.485,267803.685,195264.99
323369.82,357583.095,368052.75,377487.315,362260.62,330292.035,268418.52,195760.125
325709.64,359935.245,370426.68,377487.315,364722.435,332791.56,270754.425,198104.35499999998
326231.01,360456.66,370962.81,377487.315,365332.545,333471.95999999996,271365.435,198661.185
325817.595,360045.63,370556.055,377487.315,364942.70999999996,333125.415,271001.83499999996,198271.71
326608.695,360859.45499999996,371370.64499999996,377487.315,365687.685,333803.16,271567.52999999997,198977.66999999998
326218.455,360488.51999999996,370992.195,377487.315,365194.845,333196.605,270894.69,198469.25999999998
323164.305,357413.985,367893.135,377487.315,362016.675,330000.93,267915.51,195436.53
322761.195,357008.445,367471.845,377331.165,361528.38,329457.51,267460.33499999996,195012.9
322913.295,357156.0,367614.135,377459.55,361656.045,329553.495,267590.97,195153.93
322880.22,357106.32,367566.345,377437.545,361671.12,329617.62,267723.135,195183.675
323538.12,357751.07999999996,368220.95999999996,377487.315,362430.58499999996,330463.26,268588.62,195929.55
325985.85,360211.5,370703.295,377487.315,365000.535,333070.01999999996,271030.5,198380.205
326135.7,360360.855,370867.41,377487.315,365237.37,333377.685,271271.295,198566.46
325820.97,360049.23,370559.65499999997,377487.315,364945.45499999996,333127.935,271002.77999999997,198274.32
326544.075,360795.69,371306.79,377487.315,365621.805,333734.76,271496.07,198910.71
326268.58499999996,360538.82999999996,371042.505,377487.315,365243.175,333242.82,270941.58,198517.94999999998
323234.73,357483.95999999996,367962.93,377487.315,362085.255,330068.43,267987.24,195507.72
322829.865,357077.20499999996,367540.38,377398.935,361595.83499999996,329522.985,267527.43,195080.805
322977.06,357219.72,367677.63,377487.315,361719.81,329616.855,267656.31,195217.965
323070.345,357296.31,367755.93,377487.315,361862.865,329809.86,267918.48,195375.735
323676.135,357888.915,368358.93,377487.315,362571.02999999997,330603.83999999997,268729.92,196068.645
325946.97,360172.62,370665.045,377487.315,364963.68,333032.805,270990.765,198340.83
326135.65499999997,360361.035,370867.41,377487.315,365238.675,333379.755,271274.71499999997,198567.36
325689.93,359918.73,370429.245,377487.315,364814.595,332996.445,270871.64999999997,198143.145
326418.795,360671.08499999996,371182.095,377487.315,365494.90499999997,333605.745,271366.515,198783.81
326264.625,360534.77999999997,371037.6,377487.315,365236.695,333235.935,270938.16,198513.85499999998
323143.785,357392.745,367870.815,377487.315,361992.24,329975.865,267899.535,195417.85499999998
322936.425,357183.72,367646.57999999996,377487.315,361701.855,329628.64499999996,267633.89999999997,195187.41
323013.51,357255.855,367713.63,377487.315,361756.935,329654.205,267695.19,195255.36
322801.01999999996,357026.39999999997,367486.245,377359.245,361594.35,329542.47,267651.045,195107.31
323490.105,357702.885,368173.305,377487.315,362386.17,330419.88,268543.575,195883.11
325847.88,360074.02499999997,370566.81,377487.315,364866.255,332935.15499999997,270889.875,198241.425
326088.0,360313.245,370819.8,377487.315,365191.785,333333.26999999996,271227.95999999996,198520.425
325880.64,360109.62,370620.045,377487.315,365005.52999999997,333185.85,271059.435,198332.72999999998
326715.20999999996,360967.95,371478.77999999997,377487.315,365790.375,333898.785,271657.395,199077.57
326180.51999999996,360450.58499999996,370953.675,377487.315,365150.745,333148.005,270851.22,198428.58
323112.77999999997,357361.2,367839.495,377487.315,361959.345,329942.07,267868.89,195387.21
322814.745,357061.95,367525.17,377382.6,361579.14,329503.995,267508.52999999997,195064.47
322902.855,357145.2,367603.065,377449.29,361646.19,329543.19,267584.39999999997,195144.93
322885.575,357111.045,367570.70999999996,377444.65499999997,361680.52499999997,329629.23,267738.885,195193.44
323587.52999999997,357800.85,368271.08999999997,377487.315,362485.845,330519.555,268642.17,195981.38999999998
325924.245,360150.975,370644.075,377487.315,364944.735,333013.05,270964.08,198317.43
326096.955,360322.2,370829.20499999996,377487.315,365201.685,333343.44,271237.95,198530.00999999998
325864.98,360093.95999999996,370605.105,377487.315,364989.42,333168.885,271041.075,198316.25999999998
326569.68,360822.69,371333.83499999996,377487.315,365643.26999999996,333748.8,271504.70999999996,198929.745
326181.555,360451.52999999997,370953.89999999997,377487.315,365150.07,333145.52999999997,270850.68,198429.03
323265.69,357513.75,367990.785,377487.315,362110.90499999997,330092.91,268025.08499999996,195541.11
322819.065,357066.36,367529.08499999996,377386.38,361582.785,329506.01999999996,267511.90499999997,195068.16
322883.73,357125.71499999997,367583.22,377429.57999999996,361627.33499999996,329524.245,267568.15499999997,195127.02
322879.58999999997,357104.97,367564.635,377439.075,361675.935,329626.62,267738.345,195189.66
323606.25,357819.52499999997,368290.26,377487.315,362506.5,330541.92,268664.08499999996,196001.055
325985.58,360212.22,370705.545,377487.315,365007.42,333076.86,271026.72,198378.81
326255.625,360480.87,370987.33499999996,377487.315,365361.20999999996,333504.945,271401.12,198690.3
325867.68,360096.75,370607.175,377487.315,364991.535,333170.685,271041.57,198318.10499999998
326555.415,360808.56,371319.345,377487.315,365627.115,333730.70999999996,271484.505,198912.87
326232.26999999996,360502.11,371004.255,377487.315,365198.445,333193.095,270900.495,198478.935
323087.535,357335.37,367812.495,377487.315,361930.58999999997,329911.92,267847.065,195363.27
322950.95999999996,357197.94,367660.485,377487.315,361713.735,329635.755,267642.36,195199.47
322867.21499999997,357108.255,367566.02999999997,377412.48,361610.91,329508.225,267553.98,195111.13499999998
322872.93,357097.32,367557.48,377432.27999999997,361670.71499999997,329622.255,267736.005,195184.845
323787.77999999997,358000.695,368471.83499999996,377487.315,362690.27999999997,330726.51,268848.89999999997,196184.025
326135.295,360362.16,370855.935,377487.315,365159.88,333229.86,271177.83,198528.66
326191.90499999997,360416.65499999997,370923.75,377487.315,365298.435,333443.16,271340.37,198627.435
325840.185,360069.795,370580.67,377487.315,364964.08499999996,333142.605,271013.31,198290.205
326697.615,360951.615,371462.31,377487.315,365768.64,333869.985,271622.88,199053.405
326198.25,360467.95499999996,370969.56,377487.315,365162.31,333156.06,270866.43,198444.555
323122.005,357369.345,367845.48,377487.315,361962.81,329944.14,267884.505,195398.32499999998
322915.14,357162.345,367624.485,377481.195,361677.285,329598.08999999997,267605.77499999997,195163.245
322962.795,357203.745,367660.935,377487.315,361706.89499999996,329604.3,267652.44,195207.435
322933.23,357157.44,367617.24,377487.315,361732.41,329685.345,267801.435,195246.36
323633.61,357846.57,368317.755,377487.315,362537.505,330574.185,268695.58499999996,196029.585
325832.445,360059.355,370553.625,377487.315,364857.885,332928.18,270873.225,198225.13499999998
326033.01,360257.76,370764.72,377487.315,365139.81,333285.66,271182.95999999996,198468.76499999998
325775.97,360006.165,370516.995,377487.315,364899.555,333076.995,270946.26,198224.72999999998
326613.95999999996,360868.14,371378.65499999997,377487.315,365683.14,333781.785,271533.105,198966.78
325920.735,360190.26,370691.685,377487.315,364882.545,332874.225,270586.035,198166.185
322936.695,357183.99,367659.945,377487.315,361775.925,329755.455,267697.17,195213.06
322961.985,357209.14499999996,367671.42,377487.315,361723.05,329641.785,267648.615,195208.65
322879.995,357120.54,367578.08999999997,377425.17,361624.41,329521.27499999997,267569.82,195125.26499999998
322897.005,357120.675,367580.83499999996,377457.57,361697.57999999996,329651.01,267766.605,195211.44
323823.105,358036.01999999996,368507.565,377487.315,362729.385,330766.29,268885.52999999997,196219.71
325978.695,360206.14499999996,370700.45999999996,377487.315,365006.565,333076.86,271019.25,198371.475
325967.355,360192.015,370698.975,377487.315,365074.92,333220.995,271118.33999999997,198403.785
325875.95999999996,360106.065,370616.89499999996,377487.315,364999.185,333175.32,271043.01,198323.41499999998
326778.435,361033.2,371543.71499999997,377487.315,365846.355,333942.705,271691.055,199128.87
326130.435,360399.46499999997,370900.665,377487.315,365090.445,333081.26999999996,270796.27499999997,198375.435
322941.95999999996,357188.57999999996,367664.355,377487.315,361778.805,329758.01999999996,267704.055,195218.505
322982.055,357229.07999999996,367691.31,377487.315,361741.90499999997,329659.605,267667.065,195227.955
323020.035,357259.90499999997,367717.68,377487.315,361764.225,329661.18,267712.15499999997,195265.53
322953.66,357176.88,367637.13,377487.315,361755.675,329710.095,267827.895,195269.35499999998
323636.22,357849.18,368321.22,377487.315,362544.075,330581.385,268698.95999999996,196033.22999999998
326093.985,360321.345,370816.245,377487.315,365123.83499999996,333194.445,271134.855,198486.9
325951.245,360176.04,370683.225,377487.315,365059.845,333207.495,271105.33499999996,198389.29499999998
325849.995,360080.505,370591.33499999996,377487.315,364972.545,333148.455,271014.795,198296.955
326791.665,361046.65499999997,371557.17,377487.315,365857.96499999997,333951.93,271698.885,199140.07499999998
326131.425,360400.5,370901.07,377487.315,365089.45499999996,333079.15499999997,270796.77,198376.155
323070.12,357316.605,367791.70499999996,377487.315,361905.615,329884.425,267834.825,195347.52
322921.755,357168.6,367630.425,377485.695,361680.57,329597.14499999996,267606.315,195167.43
322794.18,357034.41,367491.555,377338.76999999996,361538.45999999996,329435.595,267487.56,195040.935
322855.83,357079.005,367539.48,377417.385,361658.97,329614.74,267733.575,195173.955
323896.005,358108.875,368581.32,377487.315,362806.29,330844.815,268961.625,196294.54499999998
326222.055,360449.64,370944.855,377487.315,365253.615,333324.72,271262.65499999997,198614.655
326077.15499999997,360301.365,370808.91,377487.315,365186.16,333334.485,271233.495,198515.38499999998
325803.735,360034.38,370545.435,377487.315,364926.105,333100.89,270966.95999999996,198249.66
326647.845,360903.51,371413.89,377487.315,365712.615,333803.745,271549.755,198993.78
325788.02999999997,360056.925,370557.26999999996,377487.315,364743.40499999997,332731.665,270451.575,198032.22
322810.065,357056.055,367530.885,377418.32999999996,361643.22,329621.04,267574.32,195087.87
322834.23,357080.985,367542.99,377397.18,361592.415,329507.37,267515.55,195079.59
322885.305,357124.76999999996,367582.545,377429.39999999997,361630.17,329527.62,267580.035,195133.13999999998
322922.16,357144.70499999996,367605.36,377484.12,361727.01,329683.76999999996,267803.055,195242.085
323862.57,358075.52999999997,368547.885,377487.315,362774.33999999997,330812.955,268927.15499999997,196261.335
326348.325,360575.73,371071.305,377487.315,365381.505,333452.88,271387.98,198740.835
326219.445,360443.79,370951.01999999996,377487.315,365329.52999999997,333478.70999999996,271378.395,198659.205
325932.795,360163.70999999996,370674.495,377487.315,365054.67,333228.555,271094.13,198378.405
326775.555,361031.08499999996,371541.6,377487.315,365838.20999999996,333927.40499999997,271672.15499999997,199119.50999999998
325975.86,360243.72,370743.52499999997,377487.315,364928.805,332916.48,270640.62,198219.96
322835.22,357080.57999999996,367554.87,377442.26999999996,361666.70999999996,329644.08,267601.23,195113.745
322864.11,357110.685,367572.46499999997,377426.61,361621.305,329535.18,267544.62,195109.245
323028.63,357267.32999999996,367724.745,377487.315,361773.63,329671.485,267726.735,195277.32
323002.17,357223.90499999997,367684.47,377487.315,361808.415,329767.01999999996,267889.23,195323.85
323724.825,357937.245,368410.41,377487.315,362638.485,330678.135,268792.065,196124.22
326024.415,360251.95499999996,370748.07,377487.315,365058.99,333131.08499999996,271064.65499999997,198417.50999999998
325928.33999999997,360152.73,370660.5,377487.315,365038.96499999997,333189.045,271088.27999999997,198369.13499999998
325911.64499999996,360143.01,370653.975,377487.315,365033.295,333206.595,271069.515,198356.35499999998
326814.705,361070.73,371581.245,377487.315,365876.235,333962.91,271704.77999999997,199156.22999999998
325952.91,360220.45499999996,370720.26,377487.315,364904.01,332890.47,270617.39999999997,198196.695
322868.33999999997,357113.385,367587.26999999996,377473.58999999997,361698.02999999997,329674.635,267635.565,195147.36
323006.67,357253.245,367714.935,377487.315,361763.73,329676.48,267687.08999999997,195251.445
322899.345,357138.225,367595.82,377443.485,361644.93,329542.245,267598.21499999997,195148.395
323053.92,357275.7,367736.13,377487.315,361861.74,329820.615,267943.5,195376.68
323948.61,358161.615,368634.77999999997,377487.315,362864.65499999997,330904.26,269016.435,196348.22999999998
326036.65499999997,360264.555,370760.89499999996,377487.315,365073.075,333144.675,271075.455,198428.625
325857.6,360081.855,370589.57999999996,377487.315,364968.58499999996,333118.52999999997,271018.395,198298.305
325866.14999999997,360097.785,370608.615,377487.315,364987.305,333158.94,271021.41,198309.465
326752.01999999996,361008.675,371518.92,377487.315,365812.38,333896.13,271636.47,199091.16
325841.985,360109.665,370608.48,377487.315,364790.925,332775.945,270505.62,198085.41
322759.8,357005.02499999997,367478.37,377364.14999999997,361587.64499999996,329562.945,267526.395,195038.72999999998
322845.885,357092.505,367553.925,377406.945,361601.45999999996,329512.23,267522.66,195089.13
322879.90499999997,357118.56,367575.83999999997,377423.73,361625.67,329522.85,267579.765,195129.315
322962.255,357183.63,367644.69,377487.315,361771.2,329731.11,267853.77,195286.22999999998
324047.83499999996,358260.52499999997,368734.45499999996,377487.315,362965.635,331005.77999999997,269115.3,196447.63499999998
326180.7,360408.06,370905.02999999997,377487.315,365218.56,333291.285,271220.58,198572.985
326101.815,360325.665,370833.20999999996,377487.315,365213.43,333365.13,271266.48,198543.69
325908.99,360140.57999999996,370651.545,377487.315,365029.38,333200.385,271061.73,198351.315
326624.58,360881.685,371391.70499999996,377487.315,365682.42,333763.92,271502.45999999996,198961.335
325859.71499999997,360127.39499999996,370625.805,377487.315,364806.54,332791.01999999996,270524.205,198103.41
322918.695,357163.38,367636.41,377487.315,361744.785,329719.58999999997,267687.40499999997,195198.21
322820.235,357066.40499999997,367528.095,377380.8,361574.91,329484.87,267497.01,195063.525
322852.23,357089.985,367547.08499999996,377395.47,361597.95,329495.85,267555.42,195102.85499999998
323065.26,357285.77999999997,367746.48,377487.315,361875.735,329837.445,267963.435,195391.44
323998.245,358211.16,368685.135,377487.315,362918.16,330959.295,269068.23,196399.395
326102.67,360330.52499999997,370827.58499999996,377487.315,365142.735,333216.135,271142.82,198495.495
325992.06,360215.82,370723.90499999997,377487.315,365104.485,333257.13,271158.345,198434.925
325875.77999999997,360107.685,370619.415,377487.315,364995.81,333165.735,271026.0,198317.38499999998
326742.93,361000.485,371510.77499999997,377487.315,365799.64499999996,333878.85,271615.90499999997,199077.705
325766.925,360033.93,370532.20499999996,377487.315,364711.45499999996,332694.855,270431.415,198010.44
322830.40499999997,357074.595,367547.39999999997,377432.235,361654.245,329628.195,267598.845,195109.785
322830.315,357076.62,367538.08499999996,377390.07,361584.135,329493.06,267505.47,195073.065
322993.575,357231.42,367688.745,377487.315,361740.555,329638.90499999997,267701.08499999996,195245.91
323012.7,357233.57999999996,367694.55,377487.315,361825.47,329788.305,267916.005,195341.35499999998
323894.51999999996,358108.01999999996,368581.90499999997,377487.315,362816.45999999996,330858.135,268965.45,196296.12
326275.875,360504.0,371001.42,377487.315,365317.82999999996,333392.13,271318.27499999997,198669.50999999998
325885.76999999996,360109.485,370617.93,377487.315,364998.555,333152.055,271054.035,198329.895
325907.865,360140.31,370651.90499999997,377487.315,365027.13,333195.795,271053.945,198348.345
326811.95999999996,361070.055,371580.255,377487.315,365866.96499999997,333943.47,271678.815,199144.53
325727.91,359994.735,370492.92,377487.315,364670.595,332652.64499999996,270392.31,197971.60499999998
322726.23,356970.32999999996,367443.26999999996,377327.565,361548.675,329521.185,267493.68,195005.745
323020.08,357266.25,367727.49,377487.315,361773.45,329681.07,267694.2,195262.065
322988.31,357225.795,367682.89499999996,377487.315,361735.605,329634.40499999997,267698.115,195241.365
323010.26999999996,357230.51999999996,367691.57999999996,377487.315,361823.985,329788.26,267917.535,195340.455
324054.58499999996,358267.725,368742.285,377487.315,362978.27999999997,331020.40499999997,269126.55,196456.41
326245.815,360473.805,370971.36,377487.315,365289.48,333364.185,271288.44,198639.13499999998
325797.345,360021.195,370528.92,377487.315,364910.805,333064.52999999997,270966.06,198241.65
325828.08,360060.66,370571.76,377487.315,364946.67,333113.94,270970.02,198266.985
326628.36,360886.68,371396.565,377487.315,365681.20499999996,333755.14499999996,271487.925,198958.22999999998
325668.42,359934.885,370432.575,377487.315,364608.72,332590.095,270332.505,197911.53
322728.345,356972.22,367444.575,377327.925,361548.855,329519.565,267494.39999999997,195007.185
322916.08499999996,357162.39,367623.26999999996,377474.85,361668.51,329573.88,267587.27999999997,195157.395
323038.39499999996,357275.61,367732.52999999997,377487.315,361785.87,329684.22,267749.145,195292.035
323079.39,357299.235,367760.65499999997,377487.315,361894.86,329859.58499999996,267989.58,195410.61
324099.72,358313.22,368788.005,377487.315,363026.02499999997,331067.83499999996,269171.685,196502.03999999998
326109.24,360337.635,370835.55,377487.315,365154.3,333228.24,271150.64999999997,198502.785
325758.77999999997,359982.81,370490.76,377487.315,364872.555,333026.73,270928.70999999996,198203.75999999998
325841.175,360074.16,370585.39499999996,377487.315,364959.54,333125.685,270980.64,198279.13499999998
326618.37,360877.095,371387.385,377487.315,365670.0,333741.195,271472.22,198945.72
325606.185,359872.2,370369.52999999997,377487.315,364544.27999999997,332524.62,270270.36,197849.205
322733.385,356977.44,367449.3,377332.605,361552.58999999997,329522.58,267499.62,195011.72999999998
323006.805,357252.83999999997,367713.54,377487.315,361758.51,329663.565,267678.0,195248.43
322834.95,357071.89499999996,367528.86,377377.92,361582.64999999997,329480.955,267546.825,195089.13
322907.08499999996,357126.885,367588.305,377473.41,361723.635,329689.485,267819.255,195239.835
324121.32,358335.135,368810.325,377487.315,363049.11,331091.235,269191.755,196523.72999999998
326458.26,360686.565,371184.70499999996,377487.315,365505.345,333580.76999999996,271501.38,198852.66
325954.17,360178.065,370686.105,377487.315,365068.755,333223.96499999997,271126.845,198400.68
325962.40499999997,360195.615,370706.71499999997,377487.315,365080.005,333245.295,271099.70999999996,198399.82499999998
326708.685,360967.725,371477.745,377487.315,365758.64999999997,333827.73,271557.855,199034.32499999998
325643.76,359909.505,370406.295,377487.315,364580.055,332560.035,270310.32,197887.77
322851.105,357095.07,367566.435,377448.885,361669.095,329638.23,267619.23,195130.88999999998
322852.76999999996,357098.805,367559.91,377410.545,361603.845,329507.505,267521.94,195093.18
322790.175,357026.49,367483.995,377333.19,361538.235,329437.035,267504.075,195045.255
322949.65499999997,357169.185,367630.605,377487.315,361767.95999999996,329734.8,267866.01,195284.475
324279.54,358493.355,368968.68,377487.315,363210.02999999997,331252.695,269351.595,196683.03
326403.36,360631.305,371130.075,377487.315,365452.15499999997,333528.3,271448.37,198798.435
325848.51,360071.73,370579.995,377487.315,364963.5,333119.83499999996,271023.52499999997,198295.91999999998
325907.235,360140.67,370652.13,377487.315,365024.295,333188.45999999996,271040.985,198343.485
326663.415,360922.76999999996,371432.61,377487.315,365711.67,333778.32,271506.555,198986.895
325563.615,359828.595,370325.43,377487.315,364497.48,332476.38,270229.95,197807.535
322866.26999999996,357109.64999999997,367580.88,377463.06,361682.01,329650.245,267633.945,195145.65
323000.955,357246.81,367707.555,377487.315,361751.49,329654.385,267670.62,195241.095
322806.555,357042.42,367499.745,377349.70499999996,361555.065,329454.58499999996,267524.145,195062.85
323021.475,357240.14999999997,367701.66,377487.315,361841.08499999996,329809.995,267943.58999999997,195357.91499999998
324108.135,358321.86,368797.545,377487.315,363039.75,331083.315,269180.595,196511.31
326374.2,360602.27999999997,371101.095,377487.315,365424.255,333501.345,271419.705,198769.13999999998
325853.955,360077.31,370585.39499999996,377487.315,364969.62,333126.36,271030.635,198301.86
325917.495,360151.11,370662.255,377487.315,365033.88,333196.92,271048.995,198352.62
326610.675,360870.20999999996,371379.95999999996,377487.315,365656.86,333721.035,271448.325,198931.63499999998
325314.26999999996,359578.845,370074.87,377487.315,364245.255,332223.57,269980.785,197557.785
322674.705,356914.62,367384.41,377264.83499999996,361484.73,329455.39499999996,267446.295,194964.84
322132.095,356342.67,366795.63,376632.63,360842.08499999996,328774.995,266847.705,194495.985
323363.295,357579.45,368031.64499999996,377487.315,362090.65499999997,330006.77999999997,268109.325,195687.72
323397.045,357615.135,368076.32999999996,377487.315,362217.77999999997,330187.41,268322.445,195735.15
324135.045,358349.22,368825.175,377487.315,363068.64,331111.98,269206.875,196538.49
326184.57,360412.875,370911.6,377487.315,365235.75,333313.33499999996,271230.615,198580.41
325390.86,359601.3,370106.595,377487.315,364492.035,332660.565,270585.72,197884.88999999998
325678.41,359887.45499999996,370393.01999999996,377487.315,364765.76999999996,332949.24,270840.105,198199.395
326900.88,361144.62,371649.915,377487.315,365927.31,334003.005,271755.58499999996,199275.975
325594.485,359845.33499999996,370337.355,377487.315,364508.64,332497.755,270281.88,197886.285
322974.99,357205.90499999997,367673.355,377487.315,361773.495,329750.27999999997,267758.505,195296.805
323028.135,357258.195,367714.98,377487.315,361759.86,329674.185,267716.79,195322.77
322928.595,357146.055,367599.105,377442.26999999996,361658.20499999996,329573.51999999996,267674.805,195250.095
323133.93,357338.7,367797.285,377487.315,361941.255,329923.125,268079.58,195520.095
324446.355,358650.45,369124.785,377487.315,363371.08499999996,331422.93,269531.1,196883.55
326429.64,360647.91,371145.195,377487.315,365471.95499999996,333558.54,271489.41,198858.69
325710.945,359921.07,370426.86,377487.315,364812.66,332981.685,270906.345,198204.21
325896.705,360113.445,370620.72,377487.315,364992.165,333167.355,271043.595,198389.745
326869.74,361119.285,371626.33499999996,377487.315,365901.02999999997,333969.075,271710.225,199223.055
325483.875,359737.64999999997,370230.255,377487.315,364399.64999999997,332385.165,270167.535,197765.055
322848.45,357081.93,367550.055,377426.475,361648.52999999997,329620.995,267626.83499999996,195160.63499999998
322942.995,357172.56,367629.70499999996,377472.95999999996,361673.77499999997,329586.795,267630.57,195238.66499999998
322920.495,357134.985,367587.40499999997,377430.52499999997,361647.81,329565.33,267672.105,195251.535
323240.71499999997,357443.685,367902.135,377487.315,362048.445,330032.51999999996,268192.35,195632.91
324591.255,358798.86,369274.23,377487.315,363522.32999999996,331570.845,269670.95999999996,197016.615
326391.795,360619.245,371119.27499999997,377487.315,365446.62,333525.285,271440.045,198788.58
325953.765,360176.445,370685.02499999997,377487.315,365071.185,333229.86,271135.52999999997,198403.91999999998
325956.69,360191.295,370702.305,377487.315,365071.185,333230.08499999996,271077.57,198388.08
326605.455,360866.16,371375.415,377487.315,365646.87,333703.035,271425.69,198919.53
325108.035,359371.62,369866.51999999996,377487.315,364032.89999999997,332008.515,269777.52,197352.72
322600.095,356843.43,367313.535,377192.83499999996,361409.04,329371.64999999997,267362.77499999997,194878.16999999998
322923.51,357169.76999999996,367630.29,377478.89999999997,361671.75,329569.47,267587.055,195161.715
322899.075,357134.31,367591.41,377442.26999999996,361650.51,329550.435,267624.40499999997,195158.52
323134.875,357352.47,367814.83499999996,377487.315,361961.37,329933.7,268070.22,195476.895
324323.91,358538.265,369015.57,377487.315,363263.805,331307.37,269394.02999999997,196726.86
326444.175,360671.85,371171.61,377487.315,365500.755,333580.635,271494.135,198841.005
325850.265,360073.07999999996,370581.615,377487.315,364967.91,333126.89999999997,271031.985,198300.96
326000.88,360235.665,370747.125,377487.315,365114.43,333271.98,271117.035,198430.965
326737.035,360998.14499999996,371507.49,377487.315,365776.605,333830.88,271551.95999999996,199049.22
325297.62,359560.845,370055.61,377487.315,364220.64,332195.985,269969.71499999997,197542.97999999998
322656.66,356899.68,367369.605,377248.095,361464.20999999996,329425.605,267419.16,194934.33
322939.26,357185.115,367645.635,377487.315,361687.365,329583.42,267601.995,195176.835
322907.445,357142.23,367599.555,377450.865,361659.555,329559.48,267635.16,195167.69999999998
323147.115,357364.39499999996,367826.76,377487.315,361975.23,329948.82,268086.285,195490.71
324327.14999999997,358541.37,369019.8,377487.315,363269.295,331312.90499999997,269397.58499999996,196730.32499999998
326308.68,360536.13,371036.79,377487.315,365366.65499999997,333446.67,271358.865,198705.91499999998
325957.455,360180.045,370688.76,377487.315,365075.73,333235.44,271141.56,198409.365
326021.58,360256.76999999996,370768.14,377487.315,365134.90499999997,333291.195,271136.7,198451.44
326798.82,361060.33499999996,371569.41,377487.315,365837.08499999996,333888.975,271610.325,199109.38499999998
325055.61,359318.33999999997,369812.61,377487.315,363976.38,331951.185,269729.325,197301.645
322748.14499999996,356990.76,367460.14499999996,377338.45499999996,361554.39,329514.57,267510.77999999997,195025.68
323023.185,357268.68,367728.93,377487.315,361770.57,329666.31,267687.0,195260.75999999998
322767.495,357001.56,367459.15499999997,377310.77999999997,361520.14499999996,329420.43,267498.135,195028.785
322965.58499999996,357182.505,367645.45499999996,377487.315,361795.23,329770.035,267907.77,195310.97999999998
324535.41,358750.07999999996,369228.42,377487.315,363480.165,331524.40499999997,269607.06,196939.71
326315.61,360543.285,371043.945,377487.315,365375.43,333456.615,271368.495,198714.195
325796.625,360019.39499999996,370527.885,377487.315,364914.945,333074.97,270980.82,198249.07499999998
326066.22,360301.58999999997,370812.95999999996,377487.315,365178.77999999997,333333.63,271176.57,198494.55
326866.005,361127.925,371636.73,377487.315,365902.47,333951.795,271670.895,199173.82499999998
325054.98,359317.52999999997,369811.07999999996,377487.315,363973.58999999997,331947.18,269728.33499999996,197300.52
322731.18,356973.885,367443.045,377320.995,361535.94,329494.635,267492.33,195008.35499999998
322933.005,357178.45499999996,367638.435,377486.73,361679.57999999996,329574.195,267595.02,195169.995
322961.04,357194.83499999996,367651.98,377487.315,361714.27499999997,329615.14499999996,267695.27999999997,195223.05
323068.23,357284.79,367747.695,377487.315,361899.26999999996,329875.515,268015.68,195414.93
324317.33999999997,358532.14499999996,369010.935,377487.315,363263.13,331307.64,269387.37,196720.695
326260.845,360488.43,370989.26999999996,377487.315,365321.745,333403.96499999997,271314.63,198659.52
325938.06,360160.605,370669.27499999997,377487.315,365057.055,333217.755,271123.92,198390.645
326060.45999999996,360296.19,370807.245,377487.315,365172.20999999996,333325.485,271166.445,198486.495
326840.67,361102.635,371611.39499999996,377487.315,365875.33499999996,333922.185,271639.8,199145.835
325108.845,359370.72,369863.91,377487.315,364025.51999999996,331998.75,269785.08,197355.01499999998
322751.16,356993.82,367462.89,377339.71499999997,361554.20999999996,329511.24,267510.555,195027.12
323003.16,357248.65499999997,367708.86,377487.315,361749.32999999996,329642.77499999997,267665.13,195239.52
322749.765,356983.56,367440.83999999997,377293.365,361503.58499999996,329404.32,267485.22,195012.405
322964.77499999997,357181.29,367644.105,377487.315,361797.345,329773.76999999996,267913.52999999997,195312.41999999998
324583.515,358798.545,369277.2,377487.315,363531.32999999996,331575.795,269652.915,196986.33
326302.96499999997,360530.685,371031.70499999996,377487.315,365365.305,333447.75,271357.33499999996,198701.865
325772.82,359995.32,370504.26,377487.315,364891.86,333052.33499999996,270958.725,198225.495
326073.77999999997,360309.95999999996,370821.32999999996,377487.315,365184.63,333336.105,271175.85,198498.465
326863.845,361126.17,371634.93,377487.315,365896.52999999997,333940.58999999997,271656.89999999997,199166.175
325063.44,359324.73,369817.74,377487.315,363978.08999999997,331950.64499999996,269741.07,197309.88
322693.11,356935.86,367404.48,377280.89999999997,361495.07999999996,329451.12,267452.505,194969.43
322856.595,357102.18,367561.89,377409.42,361602.45,329494.455,267516.99,195092.82
322780.41,357013.845,367471.21499999997,377323.96499999997,361535.04,329435.77499999997,267517.62,195043.94999999998
322993.89,357210.135,367673.265,377487.315,361828.26,329805.58499999996,267946.11,195343.38
324511.83,358727.49,369206.64,377487.315,363462.12,331506.0,269579.52,196915.095
326396.51999999996,360624.51,371125.665,377487.315,365461.01999999996,333544.725,271453.635,198796.815
326049.02999999997,360272.295,370780.82999999996,377487.315,365169.735,333330.885,271237.90499999997,198502.28999999998
326132.14499999996,360368.77499999997,370879.695,377487.315,365242.05,333391.90499999997,271230.57,198556.245
326742.12,361005.255,371513.83499999996,377487.315,365773.05,333814.455,271530.0,199043.37
325005.885,359267.08499999996,369759.42,377487.315,363918.285,331890.255,269685.18,197253.315
322652.51999999996,356895.40499999997,367363.89,377239.41,361452.77999999997,329406.57,267408.765,194927.895
323105.76,357350.985,367810.92,377487.315,361851.57,329742.945,267767.37,195342.03
322954.83,357187.725,367645.185,377487.315,361710.89999999997,329613.255,267698.925,195220.755
322977.555,357193.35,367656.70499999996,377487.315,361813.68,329792.94,267935.985,195329.29499999998
324643.68,358859.07,369338.67,377487.315,363595.635,331640.955,269713.935,197047.35
326426.625,360653.805,371155.5,377487.315,365492.20499999996,333577.89,271488.375,198828.04499999998
325722.69,359945.055,370454.08499999996,377487.315,364842.54,333004.90499999997,270912.69,198177.21
326004.83999999997,360241.33499999996,370752.66,377487.315,365113.52999999997,333262.62,271099.845,198426.87
326633.175,360895.58999999997,371404.39499999996,377487.315,365661.99,333701.82,271416.77999999997,198932.26499999998
324773.19,359033.57999999996,369525.735,377487.315,363683.25,331655.535,269455.23,197021.69999999998
322727.08499999996,356969.565,367437.735,377312.76,361525.725,329479.33499999996,267483.77999999997,195002.55
322926.255,357171.255,367631.055,377477.91,361671.075,329561.91,267586.56,195162.12
322837.695,357070.545,367527.95999999996,377381.33999999997,361594.07999999996,329496.83999999997,267582.285,195104.43
323046.945,357262.785,367726.095,377487.315,361884.64499999996,329864.85,268007.94,195400.035
324648.45,358864.11,369344.115,377487.315,363602.115,331646.58,269715.645,197051.625
326580.435,360807.435,371308.86,377487.315,365646.915,333733.05,271642.095,198982.25999999998
326010.69,360232.64999999997,370741.45499999996,377487.315,365130.99,333294.165,271202.805,198466.155
326130.885,360367.605,370879.15499999997,377487.315,365239.70999999996,333387.58499999996,271224.36,198552.87
326827.21499999997,361090.07999999996,371598.615,377487.315,365854.725,333892.8,271607.985,199125.225
324730.485,358990.38,369481.725,377487.315,363638.385,331610.445,269415.855,196980.03
322687.08,356929.82999999996,367397.55,377272.07999999996,361484.505,329436.63,267442.695,194962.185
322933.005,357178.27499999997,367637.985,377484.615,361677.735,329567.39999999997,267592.86,195168.735
322968.285,357200.64,367658.055,377487.315,361725.795,329628.51,267715.70999999996,195235.56
323127.765,357342.66,367806.6,377487.315,361967.22,329948.415,268092.855,195482.115
324570.555,358785.945,369266.57999999996,377487.315,363526.245,331570.665,269637.12,196973.055
326433.42,360659.88,371162.07,377487.315,365501.43,333588.77999999997,271497.915,198835.785
325898.45999999996,360120.285,370629.26999999996,377487.315,365019.345,333182.475,271091.745,198354.33
326040.20999999996,360277.245,370788.255,377487.315,365147.685,333293.76,271128.42,198459.9
326617.47,360880.695,371389.27499999997,377487.315,365642.82,333678.195,271391.71499999997,198912.87
324623.25,358882.695,369374.08499999996,377487.315,363529.39499999996,331500.46499999997,269309.52,196873.51499999998
322635.195,356877.81,367345.485,377219.20499999996,361430.95499999996,329380.515,267387.255,194909.445
323144.415,357389.37,367849.035,377487.315,361888.56,329777.235,267804.36,195380.28
322971.885,357203.97,367661.565,377487.315,361730.16,329633.415,267722.595,195240.41999999998
322984.35,357199.515,367663.23,377487.315,361825.425,329807.43,267952.5,195340.41
324618.20999999996,358834.41,369315.08999999997,377487.315,363575.97,331620.255,269683.74,197020.97999999998
326304.045,360530.82,371032.92,377487.315,365373.18,333460.575,271368.495,198707.31
325750.815,359972.37,370481.445,377487.315,364871.295,333034.605,270942.93,198207.13499999998
326141.055,360378.135,370889.415,377487.315,365247.58499999996,333392.535,271225.26,198559.71
326853.99,361117.755,371625.70499999996,377487.315,365878.035,333910.845,271623.77999999997,199147.68
324612.945,358871.76,369362.745,377487.315,363516.70499999996,331487.415,269301.555,196863.66
322593.345,356836.185,367303.86,377176.815,361387.755,329336.19,267343.92,194866.875
322999.83,357245.055,367704.58499999996,377487.315,361743.885,329630.985,267658.47,195235.47
323005.185,357237.18,367694.77499999997,377487.315,361764.675,329667.885,267758.77499999997,195275.29499999998
323087.22,357301.89,367765.605,377487.315,361930.005,329913.18,268059.06,195445.035
324901.98,359117.95499999996,369598.90499999997,377487.315,363862.39499999996,331907.39999999997,269968.995,197305.60499999998
326535.345,360761.625,371263.635,377487.315,365606.37,333695.79,271605.105,198940.68
325921.32,360142.96499999997,370651.68,377487.315,365042.61,333206.45999999996,271116.045,198378.585
326111.71499999997,360349.15499999997,370860.48,377487.315,365217.48,333360.18,271191.95999999996,198528.57
326764.485,361028.07,371536.245,377487.315,365786.64,333817.15499999997,271529.77499999997,199056.06
324498.285,358757.055,369247.45499999996,377487.315,363400.01999999996,331370.37,269189.27999999997,196750.035
322595.955,356838.75,367306.33499999996,377178.3,361389.06,329335.695,267344.77499999997,194869.035
323118.495,357363.045,367823.16,377487.315,361862.27999999997,329749.2,267777.945,195354.09
322940.16,357171.57,367629.435,377484.345,361700.55,329604.57,267697.08,195211.305
323010.855,357225.255,367689.51,377487.315,361855.52999999997,329839.96499999997,267986.61,195370.02
324844.01999999996,359060.22,369541.755,377487.315,363806.19,331851.285,269909.145,197246.61
326278.17,360504.58499999996,371007.18,377487.315,365349.95999999996,333439.64999999997,271346.67,198683.145
325693.62,359915.31,370424.25,377487.315,364814.37,332977.90499999997,270886.455,198150.435
326132.82,360370.62,370881.81,377487.315,365237.77499999997,333379.08,271208.745,198548.41499999998
326853.72,361117.35,371625.48,377487.315,365874.20999999996,333902.51999999996,271614.24,199143.18
324640.665,358898.31,369388.305,377487.315,363540.42,331510.635,269335.35,196893.13499999998
322633.755,356876.37,367343.73,377215.065,361425.46499999997,329370.885,267381.675,194905.97999999998
323091.18,357335.685,367795.62,377487.315,361834.695,329720.89499999996,267750.58499999996,195326.055
322854.885,357085.935,367543.98,377399.295,361615.90499999997,329520.77999999997,267614.19,195126.705
323222.67,357436.52999999997,367900.96499999997,377487.315,362069.37,330054.975,268202.65499999997,195583.41
324917.14499999996,359133.39,369615.375,377487.315,363881.07,331926.57,269982.765,197320.22999999998
326252.65499999997,360478.8,370981.52999999997,377487.315,365325.93,333417.105,271325.295,198659.29499999998
325696.545,359918.505,370427.76,377487.315,364817.88,332981.91,270889.875,198153.945
326151.855,360390.06,370901.745,377487.315,365255.415,333394.47,271221.93,198565.38
326792.51999999996,361056.735,371564.95499999996,377487.315,365811.255,333836.73,271547.235,199080.0
324407.51999999996,358665.20999999996,369154.755,377487.315,363304.98,331274.295,269102.07,196660.16999999998
322584.48,356827.45499999996,367294.76999999996,377165.51999999996,361374.795,329317.96499999997,267328.26,194855.26499999998
322993.305,357237.765,367697.33999999997,377487.315,361736.01,329620.76999999996,267650.235,195227.505
323028.135,357259.005,367716.69,377487.315,361790.19,329695.38,267789.735,195300.945
323247.69,357461.685,367926.12,377487.315,362095.92,330082.47,268230.375,195609.555
324966.33,359182.8,369665.235,377487.315,363932.45999999996,331977.64499999996,270030.195,197368.335
326433.375,360659.20499999996,371162.20499999996,377487.315,365508.26999999996,333600.57,271508.805,198840.78
325861.15499999997,360083.20499999996,370592.235,377487.315,364982.985,333147.105,271055.88,198318.78
326086.01999999996,360324.81,370836.135,377487.315,365188.45499999996,333325.8,271151.73,198497.43
326559.105,360823.815,371331.72,377487.315,365575.365,333598.095,271307.7,198844.02
324297.63,358554.825,369043.92,377487.315,363192.70499999996,331161.57,268994.745,196551.225
322630.065,356872.95,367340.04,377210.385,361419.075,329360.58,267372.27,194900.49
323100.675,357344.95499999996,367804.70999999996,377487.315,361843.47,329727.195,267759.045,195335.46
322823.16,357053.85,367511.805,377368.38,361585.98,329491.21499999997,267587.415,195097.455
323098.92,357312.285,367776.99,377487.315,361948.185,329935.635,268083.27,195462.04499999998
325050.255,359266.725,369749.33999999997,377487.315,364018.005,332063.14499999996,270112.32,197451.99
326458.39499999996,360683.82,371186.505,377487.315,365534.14499999996,333627.435,271535.71499999997,198866.475
325721.43,359943.3,370452.51,377487.315,364843.39499999996,333007.47,270915.83999999997,198179.41499999998
326157.615,360396.36,370907.95499999996,377487.315,365259.195,333394.785,271219.185,198567.405
326822.22,361086.795,371594.65499999997,377487.315,365836.725,333857.83499999996,271567.35,199105.38
324455.89499999996,358712.45999999996,369201.105,377487.315,363349.035,331317.89999999997,269156.43,196710.66
322571.79,356815.07999999996,367281.58499999996,377151.3,361359.495,329299.785,267312.87,194841.945
322954.92,357199.38,367658.64,377487.315,361697.04,329580.495,267612.75,195189.975
323032.27499999997,357262.245,367720.425,377487.315,361796.355,329702.76,267801.20999999996,195308.235
323279.955,357493.005,367958.02499999997,377487.315,362131.515,330120.54,268270.02,195644.835
325057.455,359274.51,369757.755,377487.315,364027.635,332072.955,270120.14999999997,197459.41499999998
326423.295,360648.63,371151.945,377487.315,365500.8,333595.26,271504.305,198832.905
325831.76999999996,360053.82,370562.67,377487.315,364954.365,333119.205,271028.65499999997,198290.61
326080.665,360320.13,370831.185,377487.315,365181.12,333315.36,271138.725,198489.33
326263.90499999997,360521.95499999996,371027.565,377487.315,365268.105,333293.535,271015.15499999997,198571.68
324215.055,358464.95999999996,368951.31,377487.315,363098.79,331072.92,268927.15499999997,196492.41
322647.02999999997,356889.87,367356.06,377225.415,361433.43,329372.235,267387.3,194917.005
322963.92,357208.065,367667.01,377487.315,361705.95,329588.415,267622.56,195199.155
323004.77999999997,357234.435,367692.20999999996,377487.315,361769.535,329677.11,267776.955,195282.36
323237.88,357450.75,367915.68,377487.315,362091.24,330081.795,268231.5,195604.965
324940.90499999997,359158.635,369641.88,377487.315,363912.93,331958.51999999996,270001.395,197342.00999999998
326381.985,360606.77999999997,371110.095,377487.315,365459.57999999996,333555.3,271463.265,198792.53999999998
325722.06,359943.795,370453.095,377487.315,364843.8,333008.82,270917.055,198180.9
326152.17,360392.13,370903.185,377487.315,365251.545,333383.89499999996,271204.47,198558.85499999998
326661.345,360926.77499999997,371433.95999999996,377487.315,365672.43,333688.815,271397.33999999997,198941.26499999998
324384.885,358639.96499999997,369127.39499999996,377487.315,363273.83999999997,331242.255,269090.505,196641.495
322790.31,357033.06,367498.935,377367.52499999997,361575.81,329513.67,267529.90499999997,195059.29499999998
323069.94,357313.86,367772.89499999996,377487.315,361811.97,329694.795,267730.92,195305.35499999998
322916.355,357146.055,367603.92,377461.8,361682.14499999996,329590.44,267692.58,195195.195
323200.17,357413.13,367877.925,377487.315,362055.105,330046.83,268197.795,195568.335
325090.485,359308.35,369792.08999999997,377487.315,364064.71499999997,332110.39499999996,270150.795,197492.085
326373.885,360599.22,371102.67,377487.315,365453.27999999997,333549.63,271457.37,198784.35
325765.26,359987.13,370496.51999999996,377487.315,364887.765,333052.33499999996,270960.93,198223.47
326046.51,360286.605,370797.70499999996,377487.315,365144.94,333275.58,271095.435,198451.53
326455.38,360720.63,371227.635,377487.315,365464.17,333478.755,271187.505,198733.32
324031.005,358285.90499999997,368772.70499999996,377487.315,362917.575,330885.54,268738.785,196288.245
322630.01999999996,356872.725,367338.555,377206.605,361413.99,329349.46499999997,267365.745,194897.69999999998
323103.735,357347.16,367806.195,377487.315,361845.18,329727.285,267762.555,195338.43
322826.985,357056.055,367514.19,377372.925,361593.495,329501.51999999996,267602.67,195105.735
323164.35,357376.76999999996,367842.375,377487.315,362020.68,330012.58499999996,268161.3,195532.785
325281.77999999997,359499.555,369984.06,377487.315,364258.035,332303.22,270340.02,197682.47999999998
326491.64999999997,360716.805,371220.345,377487.315,365572.485,333670.545,271578.825,198903.555
325755.945,359977.995,370487.16,377487.315,364878.135,333043.01999999996,270950.58,198214.245
326230.875,360471.46499999997,370982.43,377487.315,365328.135,333457.01999999996,271274.58,198634.095
326795.49,361060.92,371567.7,377487.315,365802.795,333815.22,271524.51,199071.63
324237.46499999997,358491.735,368978.31,377487.315,363122.235,331090.38,268948.305,196495.47
322601.67,356844.42,367309.755,377177.31,361383.795,329317.92,267334.245,194868.13499999998
322948.935,357192.58499999996,367651.17,377487.315,361689.83999999997,329570.91,267607.52999999997,195183.585
322980.885,357209.91,367667.595,377487.315,361748.475,329657.805,267761.295,195261.07499999998
323297.955,357510.105,367975.665,377487.315,362156.22,330149.88,268300.17,195668.19
325180.44,359398.35,369883.26,377487.315,364158.225,332203.41,270236.52,197580.15
326179.665,360404.73,370908.945,377487.315,365261.49,333359.325,271266.57,198591.435
325641.77999999997,359864.14499999996,370373.57999999996,377487.315,364764.51,332929.035,270836.055,198100.16999999998
326165.805,360406.485,370917.81,377487.315,365262.255,333389.115,271204.785,198567.18
326549.565,360814.995,371321.91,377487.315,365554.39499999996,333564.705,271272.87,198823.77
324011.16,358264.575,368750.7,377487.315,362893.14,330861.195,268723.08,196270.11
322674.93,356917.545,367383.195,377249.94,361456.29,329388.93,267406.11,194941.305
323025.075,357268.14,367726.995,377487.315,361765.62,329646.33,267684.12,195260.31
323012.88,357240.87,367698.87,377487.315,361781.01,329691.105,267796.35,195294.6
323173.845,357385.58999999997,367851.735,377487.315,362033.505,330027.795,268178.535,195545.745
325162.98,359381.33999999997,369866.295,377487.315,364142.65499999997,332187.66,270218.16,197563.22999999998
326463.93,360688.86,371192.625,377487.315,365547.06,333646.38,271554.83999999997,198877.86
325780.47,360002.33999999997,370511.64,377487.315,364902.66,333067.58999999997,270974.745,198239.31
326232.36,360473.175,370984.32,377487.315,365326.96499999997,333452.25,271265.805,198631.485
326591.37,360856.98,371363.445,377487.315,365594.175,333602.1,271310.39999999997,198863.685
324139.86,358392.87,368878.635,377487.315,363020.175,330987.64499999996,268855.47,196399.845
322792.785,357035.08499999996,367500.555,377366.57999999996,361572.795,329503.86,267522.93,195057.99
323014.185,357256.755,367715.65499999997,377487.315,361754.685,329634.99,267675.705,195249.555
322777.70999999996,357005.7,367463.745,377324.14499999996,361547.1,329457.95999999996,267565.05,195061.005
323298.72,357510.42,367976.43,377487.315,362160.495,330156.36,268307.82,195672.06
325277.14499999996,359495.45999999996,369981.315,377487.315,364258.70999999996,332304.20999999996,270332.45999999996,197677.16999999998
326189.07,360413.595,370918.035,377487.315,365273.01,333373.86,271282.455,198604.08
325693.17,359915.355,370424.88,377487.315,364815.855,332980.695,270887.355,198151.91999999998
326242.08,360483.93,370994.805,377487.315,365336.1,333458.91,271270.89,198639.76499999998
326593.89,360859.90499999997,371366.19,377487.315,365595.12,333600.705,271309.23,198864.945
324098.82,358351.785,368836.785,377487.315,362977.515,330944.58,268817.22,196359.75
322780.68,357023.7,367489.035,377354.65499999997,361560.42,329489.91,267509.88,195044.94
322868.65499999997,357111.495,367570.125,377414.055,361608.975,329488.56,267530.49,195105.375
322826.85,357054.795,367512.615,377373.6,361597.365,329508.765,267617.52,195111.9
323334.765,357546.555,368012.25,377487.315,362198.25,330194.83499999996,268346.33999999997,195709.41
325180.44,359399.385,369884.925,377487.315,364164.20999999996,332209.39499999996,270233.325,197579.69999999998
326113.64999999997,360336.555,370840.545,377487.315,365196.735,333299.925,271210.77,198535.63499999998
324751.095,358942.27499999997,369445.23,377487.315,363837.77999999997,332029.665,269985.6,197319.78
326537.14499999996,360754.82999999996,371260.125,377487.315,365602.90499999997,333744.255,271594.485,199017.09
327120.885,361386.26999999996,371891.745,377487.315,366119.55,334123.785,271833.435,199392.12
324046.845,358299.26999999996,368783.73,377487.315,362923.01999999996,330889.635,268765.64999999997,196308.585
322777.485,357020.595,367485.435,377350.2,361555.38,329482.845,267501.77999999997,195041.34
323149.23,357391.70999999996,367850.16,377487.315,361889.91,329768.685,267810.75,195384.96
322875.855,357103.39499999996,367561.26,377423.235,361647.72,329559.705,267669.225,195161.625
323266.095,357477.70499999996,367943.625,377487.315,362131.245,330128.27999999997,268279.695,195642.13499999998
325492.96499999997,359711.865,370198.07999999996,377487.315,364478.985,332524.485,270546.83999999997,197892.63
326459.295,360683.45999999996,371187.945,377487.315,365545.62,333648.72,271558.70999999996,198876.285
325762.785,359985.24,370494.765,377487.315,364885.38,333049.76999999996,270955.62,198221.22
326259.945,360502.515,371013.255,377487.315,365351.76,333470.745,271279.08,198654.03
326521.52999999997,360788.04,371293.695,377487.315,365519.16,333521.1,271229.31,198789.705
323838.72,358090.785,368574.70499999996,377487.315,362713.005,330679.08,268560.36,196101.27
322802.1,357044.76,367509.735,377374.185,361579.005,329505.255,267524.865,195064.785
322952.67,357195.06,367653.64499999996,377487.315,361692.63,329571.135,267613.92,195188.13
322940.565,357167.43,367625.745,377487.315,361713.105,329625.72,267737.22,195227.37
323195.625,357406.92,367873.64999999997,377487.315,362062.26,330060.14999999997,268211.295,195572.52
325269.36,359488.39499999996,369975.285,377487.315,364256.64,332301.46499999997,270319.455,197667.85499999998
326277.675,360501.795,371006.415,377487.315,365364.81,333468.26999999996,271377.045,198695.205
325944.58499999996,360166.995,370676.385,377487.315,365067.40499999997,333231.705,271137.42,198403.335
326365.47,360608.49,371119.27499999997,377487.315,365456.385,333573.52499999997,271380.555,198758.025
326735.055,361001.295,371506.95,377487.315,365731.01999999996,333731.16,271440.72,199001.61
323939.43,358191.045,368674.695,377487.315,362812.185,330778.08,268664.535,196202.745
322679.51999999996,356922.81,367387.38,377251.15499999997,361455.20999999996,329379.165,267399.40499999997,194941.16999999998
323048.925,357291.18,367749.495,377487.315,361789.33499999996,329666.805,267711.66,195284.835
322832.07,357058.70999999996,367516.845,377379.58499999996,361605.735,329518.755,267631.47,195120.18
323355.14999999997,357566.355,368032.90499999997,377487.315,362223.63,330222.735,268374.95999999996,195733.62
325310.67,359530.64999999997,370017.58499999996,377487.315,364300.11,332344.935,270360.765,197709.525
326213.91,360437.985,370942.605,377487.315,365302.07999999996,333406.35,271315.755,198632.29499999998
325874.43,360096.795,370606.32,377487.315,364997.16,333161.595,271067.22,198332.91
326271.64499999996,360514.70999999996,371025.72,377487.315,365360.89499999996,333476.415,271282.095,198662.085
326467.935,360734.31,371239.96499999997,377487.315,365461.56,333459.18,271168.74,198732.735
323849.83499999996,358100.82,368584.2,377487.315,362720.385,330686.055,268576.96499999997,196114.32
322783.425,357026.89499999996,367491.32999999996,377354.33999999997,361558.39499999996,329481.58499999996,267503.22,195045.21
322871.805,357113.97,367572.555,377416.035,361611.45,329489.235,267534.40499999997,195107.895
322821.45,357047.73,367506.36,377369.01,361595.83499999996,329510.07,267623.055,195110.46
323407.62,357618.735,368085.555,377487.315,362277.81,330277.76999999996,268429.23,195787.16999999998
325389.51,359609.355,370096.74,377487.315,364380.3,332425.485,270438.075,197787.87
326206.26,360430.15499999997,370935.0,377487.315,365295.195,333400.995,271310.76,198626.03999999998
325758.555,359980.875,370490.71499999997,377487.315,364881.285,333044.865,270949.58999999997,198216.9
326337.12,360580.68,371091.555,377487.315,365425.515,333538.29,271342.08,198725.75999999998
326501.235,360767.61,371272.86,377487.315,365492.745,333488.65499999997,271198.755,198764.46
323685.26999999996,357935.85,368418.825,377487.315,362553.57,330518.83499999996,268414.02,195950.655
322760.79,357004.39499999996,367468.56,377331.48,361534.58999999997,329455.62,267477.3,195021.945
323143.245,357385.23,367843.545,377487.315,361883.61,329760.495,267808.5,195380.32499999998
322989.02999999997,357215.13,367673.57999999996,377487.315,361765.575,329680.845,267796.935,195280.74
323356.41,357567.255,368034.345,377487.315,362228.85,330230.565,268382.385,195737.58
325321.96499999997,359541.855,370029.69,377487.315,364315.14,332360.82,270370.52999999997,197720.145
326149.38,360372.825,370877.805,377487.315,365239.44,333346.815,271257.52499999997,198570.82499999998
325866.77999999997,360089.505,370599.02999999997,377487.315,364989.51,333153.945,271059.12,198325.66499999998
326336.31,360580.27499999997,371091.32999999996,377487.315,365423.31,333534.825,271336.815,198723.10499999998
326601.72,360867.95999999996,371373.3,377487.315,365591.565,333586.035,271297.52999999997,198863.82
323735.67,357985.26,368467.785,377487.315,362601.89999999997,330567.20999999996,268468.11,196001.595
322690.005,356933.43,367397.73,377259.66,361462.635,329382.765,267405.345,194950.25999999998
323049.77999999997,357291.765,367750.26,377487.315,361789.96499999997,329667.02999999997,267715.35,195286.995
322844.58,357069.915,367528.90499999997,377392.86,361621.305,329537.61,267653.65499999997,195136.83
323417.745,357628.41,368096.04,377487.315,362291.94,330294.195,268445.16,195799.77
325425.06,359645.535,370134.135,377487.315,364420.39499999996,332465.805,270472.32,197823.285
326181.555,360405.225,370910.79,377487.315,365272.82999999996,333381.015,271291.68,198603.585
325903.23,360126.135,370635.975,377487.315,365026.095,333190.035,271094.76,198361.97999999998
326329.875,360574.56,371085.3,377487.315,365415.93,333525.46499999997,271325.925,198715.22999999998
326354.08499999996,360621.045,371126.07,377487.315,365341.95,333334.52999999997,271046.61,198615.24
323515.485,357765.02999999997,368247.24,377487.315,362379.51,330344.505,268249.095,195782.75999999998
322706.83499999996,356950.07999999996,367414.33499999996,377275.41,361477.89,329396.445,267418.575,194966.19
322959.915,357201.54,367659.81,377487.315,361699.695,329576.13,267624.81,195197.31
322873.01999999996,357098.355,367556.89499999996,377421.615,361650.915,329567.805,267685.38,195166.97999999998
323362.62,357573.285,368040.735,377487.315,362238.345,330241.365,268392.195,195746.085
325585.305,359805.87,370294.11,377487.315,364582.07999999996,332628.02999999997,270631.845,197983.35
326429.415,360652.545,371157.48,377487.315,365521.545,333631.52999999997,271543.005,198852.93
325854.58499999996,360077.57999999996,370587.24,377487.315,364976.95499999996,333140.535,271044.0,198312.975
326433.555,360678.51,371189.51999999996,377487.315,365518.26,333625.23,271423.70999999996,198816.705
326662.515,360929.33999999997,371433.95999999996,377487.315,365648.94,333639.40499999997,271352.745,198922.725
323741.33999999997,357990.615,368471.97,377487.315,362604.105,330568.785,268478.955,196009.695
322860.95999999996,357104.07,367568.14499999996,377429.355,361631.745,329548.58999999997,267573.33,195119.91
323004.14999999997,357245.235,367703.595,377487.315,361744.38,329620.635,267672.87,195242.26499999998
322786.125,357010.96499999997,367469.45999999996,377335.17,361565.415,329483.51999999996,267603.705,195081.75
323418.735,357628.995,368096.94,377487.315,362296.485,330300.855,268452.36,195803.72999999998
325457.82,359678.385,370167.975,377487.315,364456.845,332502.66,270503.64,197855.37
326092.185,360315.225,370820.745,377487.315,365185.07999999996,333295.47,271206.945,198515.97
325717.605,359940.32999999996,370450.125,377487.315,364839.615,333002.745,270905.31,198175.005
326380.635,360625.545,371136.285,377487.315,365463.72,333568.845,271365.165,198761.13
326558.25,360824.805,371329.01999999996,377487.315,365542.15499999997,333531.315,271245.105,198816.615
323524.70999999996,357773.31,368254.26,377487.315,362384.82,330349.545,268263.045,195793.38
322859.97,357103.44,367567.01999999996,377427.51,361629.63,329545.26,267569.27999999997,195117.975
322942.815,357183.81,367642.07999999996,377485.785,361682.91,329558.625,267611.175,195181.335
323006.31,357230.65499999997,367689.32999999996,377487.315,361787.22,329706.225,267828.435,195303.50999999998
323486.595,357696.945,368164.665,377487.315,362366.14499999996,330371.865,268524.27,195872.805
325543.76999999996,359764.82999999996,370253.79,377487.315,364544.505,332590.86,270589.90499999997,197941.185
326305.98,360528.93,371034.18,377487.315,365400.63,333512.505,271426.05,198731.78999999998
325907.01,360130.23,370640.43,377487.315,365029.785,333192.77999999997,271095.66,198364.995
326358.08999999997,360603.855,371114.91,377487.315,365440.32,333543.14999999997,271337.535,198737.1
326459.205,360726.075,371230.29,377487.315,365441.31,333428.31,271143.0,198716.445
323426.25,357674.49,368155.35,377487.315,362284.515,330248.295,268165.935,195695.41499999998
322850.16,357093.495,367557.20999999996,377417.02499999997,361618.515,329532.52499999997,267557.445,195107.26499999998
323045.82,357286.27499999997,367744.545,377487.315,361785.735,329661.765,267716.385,195284.61
322902.26999999996,357126.255,367585.245,377451.89999999997,361684.39499999996,329604.435,267727.815,195201.13499999998
323307.63,357517.485,367985.65499999997,377487.315,362188.62,330194.61,268345.70999999996,195695.37
325421.055,359633.925,370121.85,377487.315,364414.41,332467.695,270476.955,197847.18
326208.51,360426.105,370930.41,377487.315,365297.625,333414.495,271336.005,198653.03999999998
325820.61,360044.055,370553.89499999996,377487.315,364942.845,333104.76,271005.885,198277.83
326394.89999999997,360640.935,371151.855,377487.315,365475.51,333576.18,271368.63,198771.66
326367.89999999997,360634.635,371138.57999999996,377487.315,365347.98,333333.40499999997,271048.68,198623.97
323417.61,357665.535,368145.675,377487.315,362274.165,330237.225,268158.77999999997,195687.72
322778.565,357021.945,367485.615,377344.485,361546.01999999996,329458.005,267482.295,195034.995
323001.72,357241.995,367699.995,377487.315,361741.5,329616.63,267671.79,195240.645
323058.42,357282.26999999996,367740.765,377487.315,361841.535,329762.115,267886.62,195358.22999999998
323550.045,357759.99,368228.25,377487.315,362433.015,330439.76999999996,268590.46499999997,195938.1
325595.16,359816.39999999997,370306.305,377487.315,364599.18,332645.175,270638.27999999997,197991.81
326080.62,360303.12,370808.91,377487.315,365176.035,333289.575,271203.255,198507.82499999998
325728.89999999997,359952.57,370462.5,377487.315,364851.045,333012.46499999997,270913.14,198185.625
326416.68,360663.255,371173.86,377487.315,365496.02999999997,333594.36,271385.37,198791.41499999998
326506.095,360772.695,371276.055,377487.315,365483.88,333467.82,271184.895,198760.995
323528.985,357775.92,368255.97,377487.315,362383.605,330346.52999999997,268272.81,195799.41
322831.52999999997,357074.55,367538.08499999996,377397.135,361597.725,329508.58499999996,267534.36,195086.52
322837.11,357076.98,367534.935,377379.08999999997,361576.485,329451.615,267508.26,195076.305
322820.19,357043.14,367502.08499999996,377370.225,361603.98,329525.27999999997,267650.865,195121.44
323564.76,357774.39,368243.1,377487.315,362449.485,330456.69,268606.935,195953.805
325725.255,359946.36,370436.805,377487.315,364731.075,332777.25,270767.65499999997,198121.77
326299.635,360521.64,371027.43,377487.315,365396.08499999996,333510.705,271425.77999999997,198727.875
325802.25,360025.875,370536.20999999996,377487.315,364924.17,333085.32,270985.365,198258.47999999998
326399.805,360646.605,371157.66,377487.315,365478.12,333574.47,271363.455,198772.695
326313.135,360579.64499999996,371083.185,377487.315,365289.66,333271.70999999996,270990.0,198567.53999999998
323450.14499999996,357696.99,368176.365,377487.315,362303.1,330265.575,268196.535,195721.83
322740.855,356984.055,367447.365,377305.74,361506.24,329415.345,267440.85,194995.395
322924.185,357164.01,367622.1,377466.02999999997,361664.19,329538.69,267596.595,195164.28
322968.33,357191.19,367650.18,377487.315,361753.64999999997,329675.89499999996,267803.45999999996,195271.335
323451.045,357660.58499999996,368129.745,377487.315,362337.12,330345.36,268495.11,195840.945
325877.67,360098.73,370589.445,377487.315,364885.29,332931.77999999997,270920.16,198273.96
326293.11,360514.8,371020.635,377487.315,365390.73,333506.79,271422.72,198722.835
325766.33999999997,359989.82999999996,370500.20999999996,377487.315,364887.945,333049.005,270948.77999999997,198222.57
326386.755,360633.64499999996,371144.385,377487.315,365463.135,333557.64,271344.915,198757.44
326236.32,360502.515,371005.785,377487.315,365210.27999999997,333190.935,270910.08,198489.41999999998
323270.595,357517.07999999996,367996.095,377487.315,362121.48,330083.505,268017.165,195542.72999999998
322806.14999999997,357049.44,367512.66,377370.26999999996,361570.41,329478.39,267503.985,195060.285
322998.075,357237.45,367695.135,377487.315,361737.81,329612.67,267672.105,195238.62
323033.625,357256.07999999996,367714.98,377487.315,361820.25,329743.935,267872.895,195338.205
323518.185,357727.545,368196.975,377487.315,362406.24,330415.515,268564.58999999997,195909.435
325943.955,360165.735,370657.07999999996,377487.315,364953.87,333000.58499999996,270986.445,198340.785
326344.95,360566.91,371072.88,377487.315,365443.2,333560.16,271476.63,198775.57499999998
325948.05,360171.855,370681.82999999996,377487.315,365069.61,333230.625,271130.625,198404.055
326420.73,360668.385,371179.21499999997,377487.315,365496.255,333588.825,271375.33499999996,198789.75
326296.935,360563.31,371066.49,377487.315,365269.41,333248.94,270970.74,198549.53999999998
323176.32,357422.445,367901.37,377487.315,362025.36,329987.07,267925.95,195449.58
322737.02999999997,356980.23,367443.495,377300.43,361500.20999999996,329406.57,267433.33499999996,194990.22
322920.855,357159.95999999996,367618.005,377461.845,361660.5,329534.82,267594.885,195161.535
322913.83499999996,357136.01999999996,367595.45999999996,377465.08499999996,361701.72,329625.495,267754.23,195219.27
323678.115,357887.65499999997,368357.31,377487.315,362568.285,330578.01,268725.825,196069.77
325789.245,360011.20499999996,370502.95499999996,377487.315,364800.375,332846.955,270828.855,198184.77
326095.605,360317.51999999996,370823.445,377487.315,365194.39499999996,333311.71499999997,271227.51,198526.63499999998
325834.92,360059.08499999996,370568.97,377487.315,364956.02999999997,333116.1,271014.255,198290.29499999998
326533.86,360781.82999999996,371292.435,377487.315,365608.17,333698.49,271482.795,198900.945
326441.16,360707.67,371210.22,377487.315,365411.745,333389.61,271113.02999999997,198692.72999999998
323366.94,357612.48,368090.77499999997,377487.315,362214.315,330175.485,268119.045,195640.83
322750.62,356994.135,367457.08499999996,377314.11,361513.305,329418.18,267445.755,195003.495
322923.46499999997,357162.57,367620.345,377464.68,361663.605,329537.61,267599.385,195164.82
323002.26,357224.265,367683.48,377487.315,361791.26999999996,329716.485,267847.83,195309.585
323532.495,357742.17,368211.77999999997,377487.315,362424.24,330435.045,268582.365,195925.22999999998
325922.89499999996,360144.945,370636.74,377487.315,364936.45499999996,332983.26,270963.18,198318.555
326107.17,360328.76999999996,370834.92,377487.315,365207.13,333325.575,271242.18,198539.595
325929.285,360153.72,370663.82999999996,377487.315,365050.575,333209.83499999996,271107.63,198384.03
326438.73,360687.32999999996,371197.845,377487.315,365511.51,333599.265,271381.635,198803.43
326108.07,360374.445,370876.90499999997,377487.315,365076.225,333052.38,270776.88,198358.695
323155.17,357400.62,367878.6,377487.315,362000.385,329960.65499999997,267907.05,195429.555
322976.115,357219.675,367682.49,377487.315,361738.39499999996,329641.74,267669.0,195228.0
323058.51,357297.20999999996,367755.12,377487.315,361799.14499999996,329673.105,267736.23,195300.09
322830.36,357051.87,367511.67,377383.23,361620.945,329546.115,267677.73,195138.585
323558.955,357768.495,368238.64499999996,377487.315,362452.76999999996,330463.26,268608.69,195952.185
326055.6,360278.055,370770.435,377487.315,365071.32,333117.81,271094.355,198450.945
326310.12,360531.495,371038.095,377487.315,365411.565,333530.685,271448.145,198743.58
325971.855,360196.47,370706.805,377487.315,365093.235,333251.37,271148.31,198425.835
326464.245,360713.20499999996,371224.035,377487.315,365536.035,333621.045,271401.795,198826.56
326236.14,360501.93,371004.615,377487.315,365202.63,333177.12,270903.69,198485.63999999998
323092.21499999997,357336.945,367814.83499999996,377487.315,361935.495,329895.045,267845.04,195366.6
322754.89499999996,356998.005,367460.95499999996,377316.72,361515.46499999997,329417.055,267444.36,195005.835
322941.64499999996,357179.76,367637.625,377481.915,361681.785,329555.51999999996,267619.90499999997,195183.85499999998
323059.32,357280.33499999996,367739.82,377487.315,361850.985,329777.595,267911.505,195369.12
323713.52999999997,357922.755,368393.31,377487.315,362609.14499999996,330620.985,268767.27,196108.02
325820.295,360042.435,370535.49,377487.315,364836.915,332883.63,270858.33,198215.235
326041.605,360262.845,370769.535,377487.315,365142.735,333263.16,271180.8,198475.83
325956.285,360180.72,370691.37,377487.315,365076.72,333234.36,271130.265,198409.365
326514.375,360763.245,371274.075,377487.315,365584.32,333667.52999999997,271446.075,198874.215
326284.92,360550.44,371052.63,377487.315,365249.475,333223.2,270952.245,198534.10499999998
323266.68,357511.32,367988.355,377487.315,362108.295,330067.52999999997,268022.745,195542.145
322930.485,357173.73,367636.32,377487.315,361690.15499999997,329590.26,267619.995,195180.47999999998
322963.245,357201.135,367659.045,377487.315,361703.43,329577.255,267644.61,195205.86
322766.82,356987.745,367447.58999999997,377320.005,361559.43,329487.3,267622.38,195078.10499999998
323571.825,357781.5,368252.27999999997,377487.315,362469.32999999996,330481.52999999997,268626.105,195967.08
326059.01999999996,360282.06,370775.02499999997,377487.315,365078.385,333125.505,271098.08999999997,198454.725
326103.02999999997,360324.045,370830.42,377487.315,365204.97,333326.43,271245.645,198538.47
325943.055,360167.355,370677.64499999996,377487.315,365063.08499999996,333220.41,271116.135,198396.0
326461.90499999997,360711.045,371221.785,377487.315,365530.32,333611.235,271388.52,198820.08
325998.495,360263.97,370766.115,377487.315,364960.39499999996,332932.545,270663.075,198246.82499999998
323058.105,357302.20499999996,367779.06,377487.315,361897.56,329856.075,267813.945,195333.705
322993.665,357237.045,367699.68,377487.315,361752.93,329652.045,267681.555,195243.57
323031.555,357269.355,367727.31,377487.315,361772.235,329646.285,267715.035,195275.205
322840.035,357059.97,367520.22,377393.31,361633.68,329562.855,267699.555,195152.58
323727.02999999997,357935.85,368406.945,377487.315,362625.975,330639.66,268784.235,196123.095
325947.105,360169.56,370663.2,377487.315,364967.73,333015.66,270986.22,198342.945
326226.87,360447.885,370954.485,377487.315,365330.295,333452.925,271372.68,198663.705
325998.765,360223.785,370734.20999999996,377487.315,365118.93,333275.445,271169.01,198451.125
326506.365,360756.045,371267.235,377487.315,365573.475,333651.87,271426.77,198862.11
326134.845,360400.23,370902.24,377487.315,365095.21499999997,333065.745,270798.255,198382.22999999998
323000.37,357244.38,367720.82999999996,377487.315,361837.845,329794.74,267755.94,195275.565
322834.41,357078.105,367540.38,377394.57,361592.505,329488.92,267517.89,195082.245
323076.95999999996,357314.625,367772.445,377487.315,361818.36,329691.77999999997,267761.43,195320.97
322972.15499999997,357192.0,367651.98,377487.315,361767.87,329697.855,267836.175,195286.54499999998
323611.11,357820.29,368291.385,377487.315,362511.72,330525.54,268668.54,196007.535
326096.91,360319.32,370812.95999999996,377487.315,365119.11,333167.535,271135.70999999996,198492.435
326211.885,360432.135,370938.64499999996,377487.315,365315.31,333439.33499999996,271359.89999999997,198649.395
325962.81,360187.56,370698.075,377487.315,365082.02999999997,333237.64499999996,271130.71499999997,198413.91
326453.71499999997,360703.70999999996,371214.40499999997,377487.315,365518.62,333594.63,271368.0,198806.66999999998
325895.265,360160.425,370661.76,377487.315,364852.845,332821.935,270556.83,198141.93
322956.18,357200.01,367676.19,377487.315,361791.855,329748.12,267712.11,195231.50999999998
322853.08499999996,357096.735,367559.1,377412.48,361610.27999999997,329505.165,267534.0,195100.11
322934.445,357171.795,367629.70499999996,377474.13,361675.44,329548.41,267618.645,195178.77
322912.575,357132.195,367592.57999999996,377467.15499999997,361709.235,329639.535,267777.81,195228.18
323722.8,357931.8,368403.12,377487.315,362625.435,330639.57,268780.77,196120.25999999998
326034.18,360256.995,370751.04,377487.315,365058.40499999997,333106.33499999996,271071.945,198429.75
326092.86,360313.425,370819.845,377487.315,365197.32,333321.615,271241.91,198531.72
325919.565,360144.81,370655.055,377487.315,365038.605,333193.41,271084.77,198370.57499999998
326626.785,360877.185,371387.51999999996,377487.315,365690.97,333764.235,271535.895,198977.94
326147.985,360413.19,370913.94,377487.315,365104.26,333071.77499999997,270809.235,198393.975
323031.33,357274.845,367750.305,377487.315,361865.7,329820.975,267788.65499999997,195307.28999999998
322992.36,357235.74,367697.925,377487.315,361748.88,329643.045,267672.375,195238.66499999998
322927.065,357163.92,367621.515,377466.12,361667.7,329540.805,267611.445,195170.66999999998
322998.075,357217.605,367677.63,377487.315,361796.31,329727.33,267866.91,195314.58
323676.58499999996,357885.945,368358.02999999997,377487.315,362581.15499999997,330595.33499999996,268735.185,196074.18
325962.99,360185.805,370680.615,377487.315,364988.565,333036.855,270999.855,198358.38
326008.52999999997,360228.555,370735.605,377487.315,365113.39499999996,333238.545,271159.74,198448.245
325895.985,360121.14,370631.88,377487.315,365014.62,333168.705,271059.885,198346.815
326628.315,360879.20999999996,371389.45499999996,377487.315,365690.65499999997,333762.255,271532.43,198977.985
326157.57,360422.325,370922.76,377487.315,365111.595,333078.66,270819.36,198404.1
323112.735,357355.62,367831.035,377487.315,361945.21499999997,329900.355,267873.57,195389.72999999998
322816.635,357060.32999999996,367522.695,377375.08499999996,361572.435,329464.845,267495.705,195062.66999999998
322864.245,357101.73,367559.235,377404.065,361605.915,329478.975,267552.045,195109.83
322882.875,357102.26999999996,367562.295,377438.445,361682.235,329614.56,267755.895,195201.44999999998
323756.235,357965.37,368437.365,377487.315,362662.695,330677.82,268816.90499999997,196154.82
326039.04,360261.945,370756.62,377487.315,365066.37,333115.33499999996,271076.58,198434.655
326058.615,360278.37,370785.42,377487.315,365164.11,333290.51999999996,271212.795,198499.77
326063.88,360289.07999999996,370799.45999999996,377487.315,365181.975,333335.745,271226.07,198513.72
326586.375,360837.675,371347.92,377487.315,365647.32,333716.58,271485.045,198933.47999999998
325863.58499999996,360128.79,370628.82,377487.315,364815.40499999997,332780.67,270523.08,198109.08
322918.785,357162.20999999996,367636.815,377487.315,361749.14999999997,329703.255,267677.685,195195.555
322919.73,357163.82999999996,367625.745,377477.505,361674.72,329565.825,267596.055,195164.91
323084.7,357321.95999999996,367779.69,377487.315,361827.0,329700.105,267773.895,195330.285
322947.045,357166.305,367626.64499999996,377487.315,361748.02499999997,329681.51999999996,267822.89999999997,195266.88
323919.855,358129.26,368601.12,377487.315,362828.20499999996,330844.455,268981.64999999997,196318.62
326039.175,360261.81,370756.98,377487.315,365067.675,333117.36,271076.31,198434.38499999998
325981.485,360201.285,370708.065,377487.315,365087.33999999997,333214.56,271137.46499999997,198423.315
326017.035,360242.64,370752.975,377487.315,365134.76999999996,333287.865,271178.01,198466.56
326555.73,360807.12,371317.32,377487.315,365614.92,333682.245,271449.40499999997,198900.81
325789.695,360054.36,370554.20999999996,377487.315,364739.355,332703.855,270448.96499999997,198034.875
322901.73,357144.435,367619.13,377487.315,361730.65499999997,329683.86,267661.89,195178.815
323033.805,357277.725,367739.55,377487.315,361788.435,329678.325,267709.635,195278.22
322656.075,356883.12,367338.87,377180.325,361387.52999999997,329268.77999999997,267359.265,194936.085
322255.935,356435.27999999997,366887.295,376749.99,361013.76,328981.86,267187.14,194714.37
324699.795,358899.93,369369.765,377487.315,363600.225,331623.58499999996,269775.45,197129.97
326318.13,360540.855,371035.755,377487.315,365348.295,333397.98,271355.76,198713.655
326038.32,360257.57999999996,370764.45,377487.315,365144.805,333272.79,271196.01,198481.095
325687.41,359902.21499999997,370410.3,377487.315,364792.41,332953.38,270858.95999999996,198172.755
326299.455,360529.425,371034.58499999996,377487.315,365332.545,333416.33999999997,271217.52,198718.91999999998
326069.955,360317.745,370813.365,377487.315,364999.45499999996,332977.005,270752.85,198372.6
322918.065,357149.51999999996,367621.15499999997,377487.315,361732.76999999996,329694.66,267693.795,195234.435
322851.87,357077.745,367535.61,377379.89999999997,361585.35,329489.01,267549.255,195158.78999999998
323285.13,357511.23,367965.99,377487.315,362016.26999999996,329897.83499999996,267992.91,195569.955
322973.01,357182.1,367640.27999999997,377487.315,361765.98,329709.195,267870.105,195329.565
324028.755,358227.495,368697.825,377487.315,362929.005,330955.11,269107.56,196465.63499999998
326446.47,360661.45499999996,371155.005,377487.315,365469.83999999997,333527.67,271497.33,198871.38
326113.74,360321.93,370826.27999999997,377487.315,365208.39,333347.445,271289.88,198596.655
325554.795,359759.79,370265.71499999997,377487.315,364647.46499999997,332817.02999999997,270738.08999999997,198076.63499999998
326705.805,360941.76,371447.91,377487.315,365743.70999999996,333820.39499999996,271611.225,199104.705
325865.61,360111.015,370606.095,377487.315,364790.51999999996,332768.925,270550.665,198175.725
323155.935,357384.015,367854.795,377487.315,361966.005,329929.47,267937.2,195482.07
323062.83,357295.90499999997,367755.345,377487.315,361803.77999999997,329700.33,267749.91,195342.57
322858.125,357084.045,367539.57,377380.755,361589.31,329471.14499999996,267565.95,195142.13999999998
322962.255,357171.70499999996,367630.56,377487.315,361757.51999999996,329700.69,267860.07,195316.19999999998
323901.945,358101.63,368572.365,377487.315,362804.94,330829.96499999997,268978.365,196336.53
326135.33999999997,360347.535,370841.13,377487.315,365157.045,333216.675,271187.73,198569.835
325860.615,360061.15499999997,370563.975,377487.315,364947.255,333092.65499999997,271046.97,198369.945
326163.735,360369.72,370875.51,377487.315,365257.70999999996,333425.07,271343.7,198679.63499999998
326799.0,361038.42,371545.38,377487.315,365839.38,333910.755,271694.43,199183.095
325734.66,359977.5,370471.58999999997,377487.315,364655.07,332634.64499999996,270422.595,198052.56
323128.125,357351.70499999996,367821.045,377487.315,361931.57999999996,329897.83499999996,267915.285,195469.60499999998
322964.235,357194.385,367653.14999999997,377487.315,361700.91,329598.045,267652.305,195252.93
322912.935,357127.96499999997,367581.51,377419.23,361633.41,329523.795,267636.735,195232.63499999998
323078.985,357284.385,367742.65499999997,377487.315,361872.26999999996,329819.535,267986.16,195446.78999999998
324020.295,358216.2,368686.8,377487.315,362921.535,330950.565,269103.24,196467.88499999998
326164.095,360373.86,370867.14,377487.315,365184.58499999996,333246.77999999997,271219.455,198606.10499999998
325924.695,360121.95,370623.825,377487.315,365008.23,333157.14,271117.395,198445.22999999998
326252.115,360464.805,370971.495,377487.315,365352.93,333513.495,271421.27999999997,198746.055
326637.36,360875.83499999996,371382.20999999996,377487.315,365674.41,333744.39,271528.38,199025.00999999998
325987.875,360243.0,370739.65499999997,377487.315,364920.885,332887.76999999996,270657.81,198260.28
322809.795,357039.36,367509.555,377387.91,361618.15499999997,329577.83999999997,267586.605,195129.945
322822.755,357046.38,367503.255,377345.43,361551.32999999996,329453.14499999996,267517.98,195135.345
323233.92,357453.26999999996,367907.13,377487.315,361959.795,329846.49,267954.12,195538.815
323100.495,357299.82,367756.785,377487.315,361888.47,329842.39499999996,268020.81,195491.16
324022.095,358212.015,368681.445,377487.315,362918.07,330953.31,269115.705,196492.41
326213.415,360418.545,370911.06,377487.315,365230.485,333297.26999999996,271276.47,198672.12
325896.12,360095.355,370598.22,377487.315,364983.075,333130.185,271086.255,198409.095
326105.73,360317.51999999996,370824.435,377487.315,365204.475,333364.23,271270.89,198601.155
326842.74,361085.805,371593.035,377487.315,365883.02999999997,333946.70999999996,271721.83499999996,199213.60499999998
325889.595,360141.345,370636.785,377487.315,364816.62,332785.485,270563.67,198174.01499999998
323117.505,357349.545,367819.605,377487.315,361926.945,329883.255,267891.75,195429.96
322904.51999999996,357133.95,367592.265,377436.105,361639.17,329534.325,267590.88,195196.185
323070.02999999997,357294.195,367748.95499999996,377487.315,361801.62,329683.86,267784.605,195359.535
322746.48,356943.14999999997,367399.305,377272.70999999996,361532.79,329489.82,267672.285,195148.71
324234.495,358424.1,368893.62,377487.315,363131.95499999996,331167.42,269327.43,196706.475
326365.83,360578.97,371073.95999999996,377487.315,365393.51999999996,333453.95999999996,271418.13,198797.03999999998
326296.305,360508.86,371014.74,377487.315,365399.235,333535.725,271471.41,198764.00999999998
326125.35,360352.35,370862.77499999997,377487.315,365240.20499999996,333387.135,271269.40499999997,198570.06
326670.66,360924.70499999996,371434.68,377487.315,365720.985,333773.325,271530.27,199003.095
325638.765,359901.675,370399.45499999996,377487.315,364576.58999999997,332534.295,270297.81,197883.36
322941.825,357183.63,367655.805,377487.315,361760.985,329708.16,267703.15499999997,195219.85499999998
322939.35,357183.675,367645.185,377487.315,361689.885,329571.08999999997,267605.01,195180.03
323006.31,357241.365,367699.005,377487.315,361751.08499999996,329623.785,267708.105,195256.35
322887.015,357103.755,367564.86,377446.545,361697.805,329637.915,267788.475,195217.245
324002.385,358212.015,368686.485,377487.315,362923.74,330942.51,269068.68,196404.75
326332.845,360555.70499999996,371052.89999999997,377487.315,365373.225,333426.6,271374.165,198730.16999999998
325920.69,360139.185,370646.595,377487.315,365030.325,333163.70999999996,271089.81,198368.41499999998
325900.755,360128.02499999997,370638.495,377487.315,365014.845,333160.56,271041.20999999996,198343.71
326605.76999999996,360860.04,371369.745,377487.315,365654.565,333704.385,271459.98,198935.685
325553.94,359816.535,370313.95499999996,377487.315,364489.245,332446.41,270213.02999999997,197798.26499999998
322930.62,357171.93,367644.42,377487.315,361748.02499999997,329693.985,267691.635,195208.425
323063.14499999996,357306.48,367768.07999999996,377487.315,361812.6,329693.31,267728.31,195303.465
322995.555,357229.845,367687.62,377487.315,361740.77999999997,329614.38,267700.545,195247.035
323023.86,357239.79,367701.435,377487.315,361836.45,329778.36,267930.855,195355.755
324126.36,358335.81,368810.91,377487.315,363050.27999999997,331069.41,269194.90499999997,196528.94999999998
326249.91,360472.995,370970.73,377487.315,365292.495,333345.555,271292.535,198647.055
325830.51,360049.27499999997,370556.865,377487.315,364941.63,333074.43,271002.015,198278.685
326006.73,360234.54,370745.27999999997,377487.315,365121.045,333265.27499999997,271145.16,198447.12
326529.81,360784.44,371294.505,377487.315,365576.94,333624.33,271378.755,198857.205
325381.095,359642.97,370140.255,377487.315,364313.97,332270.505,270041.445,197626.455
322845.255,357086.20499999996,367558.15499999997,377438.31,361660.86,329606.1,267607.17,195122.88
322982.505,357225.885,367687.26,377487.315,361731.46499999997,329611.005,267646.77,195221.745
322817.58,357051.915,367509.95999999996,377356.545,361563.345,329436.89999999997,267523.875,195069.41999999998
322993.39499999996,357209.27999999997,367671.32999999996,377487.315,361807.82999999996,329750.27999999997,267903.63,195327.13499999998
324052.96499999997,358262.55,368738.01,377487.315,362978.505,330997.455,269119.98,196455.465
326365.92,360588.825,371086.82999999996,377487.315,365409.40499999997,333463.635,271408.5,198763.02
326043.81,360261.99,370769.805,377487.315,365155.11,333289.39499999996,271217.565,198493.19999999998
325895.805,360123.52499999997,370634.535,377487.315,365009.13,333152.55,271031.355,198336.735
326592.765,360847.62,371357.27999999997,377487.315,365638.41,333683.73,271436.535,198918.36
325567.26,359828.82,370325.20499999996,377487.315,364498.695,332454.735,270229.185,197812.035
322766.685,357007.41,367478.865,377358.75,361580.445,329524.695,267527.43,195044.4
323060.625,357303.77999999997,367764.66,377487.315,361808.95499999996,329687.505,267723.855,195300.36
322867.665,357101.82,367559.37,377406.81,361614.06,329487.885,267576.435,195121.16999999998
322910.235,357125.805,367587.495,377471.51999999996,361725.93,329669.505,267823.35,195245.595
324162.765,358372.755,368848.35,377487.315,363090.555,331109.91,269229.69,196565.75999999998
326436.48,360659.925,371157.975,377487.315,365482.17,333536.355,271479.285,198834.435
325969.065,360187.29,370695.06,377487.315,365080.76999999996,333215.01,271142.865,198419.03999999998
326108.745,360336.6,370847.33999999997,377487.315,365221.575,333363.51,271240.74,198548.00999999998
326617.875,360873.36,371382.93,377487.315,365661.81,333704.565,271455.345,198940.77
325318.815,359580.42,370076.535,377487.315,364247.95499999996,332202.87,269980.33499999996,197563.86
322695.58499999996,356936.535,367407.54,377286.795,361507.68,329450.625,267455.43,194973.705
322977.24,357220.52999999997,367681.545,377487.315,361724.805,329602.005,267638.31,195216.3
323053.83,357287.445,367745.08499999996,377487.315,361800.72,329674.68,267764.08499999996,195307.695
322973.14499999996,357188.535,367650.045,377487.315,361790.1,329734.755,267888.735,195309.405
324329.08499999996,358538.985,369014.67,377487.315,363258.495,331278.255,269396.01,196731.85499999998
326455.64999999997,360678.915,371177.055,377487.315,365502.77999999997,333557.955,271500.255,198853.91999999998
326031.48,360250.11,370757.475,377487.315,365144.08499999996,333279.135,271208.295,198482.03999999998
325923.02999999997,360151.695,370662.435,377487.315,365035.05,333175.545,271051.56,198361.395
326601.0,360856.8,371366.01,377487.315,365642.95499999996,333683.14499999996,271433.115,198921.78
325430.91,359691.66,370187.82,377487.315,364358.20499999996,332312.445,270094.68,197676.04499999998
322717.76999999996,356958.36,367429.41,377307.89999999997,361528.33499999996,329470.065,267477.615,194995.08
323055.045,357298.56,367759.07999999996,377487.315,361802.07,329678.235,267716.205,195293.61
322848.315,357081.885,367539.165,377387.1,361595.61,329469.615,267560.73,195103.035
322926.52499999997,357141.555,367603.38,377487.315,361745.1,329690.745,267846.39,195264.72
324329.31,358539.165,369015.435,377487.315,363260.83499999996,331280.82,269396.37,196732.305
326263.68,360486.72,370985.49,377487.315,365312.02499999997,333367.83,271308.195,198662.31
325994.175,360212.535,370720.35,377487.315,365107.005,333243.135,271172.205,198445.905
325959.52499999997,360188.415,370699.29,377487.315,365071.05,333210.64499999996,271085.175,198396.9
326588.89499999996,360845.14499999996,371354.76,377487.315,365629.635,333667.52999999997,271415.745,198907.83
325223.82,359484.57,369980.14499999996,377487.315,364148.73,332102.385,269887.635,197469.44999999998
322684.96499999997,356925.32999999996,367395.93,377274.285,361493.82,329434.47,267444.045,194962.68
322981.92,357224.89499999996,367685.64,377487.315,361728.225,329603.265,267641.19,195220.62
322932.015,357164.95499999996,367622.45999999996,377470.62,361679.805,329554.17,267646.635,195188.175
323034.705,357249.285,367711.29,377487.315,361855.125,329801.89499999996,267958.755,195375.285
324467.685,358678.07999999996,369154.52999999997,377487.315,363401.27999999997,331422.12,269535.825,196871.895
326498.89499999996,360721.845,371220.795,377487.315,365548.90499999997,333605.65499999997,271545.075,198898.28999999998
326030.71499999997,360248.985,370756.665,377487.315,365143.86,333280.26,271209.95999999996,198482.895
325954.08,360183.42,370693.935,377487.315,365064.93,333203.39999999997,271076.94,198390.78
326572.065,360828.72,371337.885,377487.315,365611.23,333646.92,271394.505,198889.47
325131.975,359392.41,369887.535,377487.315,364054.76999999996,332008.11,269797.68,197378.235
322679.07,356919.165,367389.89999999997,377267.175,361486.07999999996,329425.785,267437.52,194956.425
323121.95999999996,357364.62,367825.68,377487.315,361867.68,329741.955,267781.545,195360.03
323003.83499999996,357236.27999999997,367694.14499999996,377487.315,361752.255,329627.65499999997,267723.36,195261.3
322894.89,357108.93,367571.385,377458.56,361716.255,329664.77999999997,267823.35,195236.955
324253.70999999996,358463.88,368941.005,377487.315,363188.7,331209.81,269320.995,196657.785
326465.01,360687.95999999996,371187.45,377487.315,365516.505,333574.33499999996,271513.08,198865.125
326077.875,360296.1,370803.87,377487.315,365191.82999999996,333329.04,271259.01,198531.0
326175.20999999996,360404.595,370914.975,377487.315,365285.65499999997,333422.595,271295.01,198610.38
326624.445,360881.27999999997,371390.31,377487.315,365661.63,333694.98,271440.99,198939.285
325132.96499999997,359392.725,369887.67,377487.315,364053.87,332006.355,269799.435,197379.405
322810.38,357050.295,367520.31,377397.40499999997,361616.22,329554.935,267569.055,195087.285
323077.455,357320.115,367780.545,377487.315,361822.68,329696.325,267737.31,195315.345
322968.735,357200.73,367657.92,377487.315,361717.605,329593.27499999997,267690.87,195226.785
323038.755,357252.435,367714.485,377487.315,361862.1,329811.57,267972.52499999997,195382.25999999998
324339.66,358550.19,369027.36,377487.315,363276.945,331298.055,269408.83499999996,196743.96
326127.42,360350.865,370850.22,377487.315,365179.90499999997,333238.095,271175.76,198527.58
325704.285,359922.14999999997,370430.27999999997,377487.315,364817.475,332954.595,270883.935,198156.87
325915.785,360145.26,370656.045,377487.315,365024.745,333160.33499999996,271030.5,198349.02
326582.73,360840.105,371349.135,377487.315,365618.385,333649.17,271393.695,198895.185
325094.39999999997,359353.845,369848.295,377487.315,364013.235,331964.955,269762.22,197341.02
322784.325,357024.195,367494.165,377370.18,361588.76999999996,329525.505,267541.15499999997,195060.78
322915.095,357157.755,367618.27499999997,377464.005,361659.69,329531.535,267571.755,195152.13
322848.54,357080.535,367537.90499999997,377386.92,361597.76999999996,329473.62,267570.63,195107.35499999998
323029.125,357242.67,367704.63,377487.315,361853.055,329803.33499999996,267963.20999999996,195373.57499999998
324570.375,358780.725,369257.85,377487.315,363508.695,331529.85,269637.12,196973.91
326481.075,360703.845,371203.245,377487.315,365534.95499999996,333594.0,271530.945,198881.37
325846.62,360064.52999999997,370572.615,377487.315,364960.44,333098.01,271027.70999999996,198300.01499999998
325998.63,360228.46499999997,370739.475,377487.315,365106.87,333240.83999999997,271108.8,198430.425
326676.915,360934.38,371443.41,377487.315,365710.545,333738.89999999997,271481.58,198986.58
325210.23,359469.18,369962.73,377487.315,364126.86,332078.13,269879.76,197456.94
322662.42,356902.74,367371.945,377247.915,361465.065,329400.36,267416.955,194937.975
322950.87,357193.755,367653.735,377487.315,361694.83499999996,329565.285,267606.18,195187.54499999998
323043.885,357275.51999999996,367732.575,377487.315,361794.14999999997,329670.08999999997,267769.08,195303.555
323130.195,357343.56,367805.475,377487.315,361956.46499999997,329908.095,268069.455,195476.22
324466.875,358677.63,369155.295,377487.315,363407.85,331428.735,269533.305,196870.005
326223.855,360446.265,370946.295,377487.315,365279.22,333338.31,271274.265,198624.33
325895.22,360112.86,370620.81,377487.315,365009.76,333147.64499999996,271078.38,198349.11
325964.16,360194.71499999997,370705.32,377487.315,365072.13,333204.435,271072.08,198394.91999999998
326568.735,360826.92,371335.725,377487.315,365600.88,333626.39999999997,271368.495,198876.645
324996.165,359255.02499999997,369748.485,377487.315,363910.725,331860.87,269666.73,197243.685
322819.92,357059.925,367529.22,377404.38,361621.665,329555.65499999997,267575.08499999996,195095.655
323104.58999999997,357346.89,367807.365,377487.315,361848.32999999996,329718.555,267761.295,195340.905
322977.77999999997,357209.1,367666.695,377487.315,361728.40499999997,329605.01999999996,267706.305,195238.305
323067.06,357280.065,367742.61,377487.315,361894.635,329847.435,268010.505,195414.57
324469.575,358680.64499999996,369158.71499999997,377487.315,363412.485,331433.505,269535.555,196872.93
326166.705,360389.51999999996,370889.82,377487.315,365223.51,333283.5,271218.24,198568.035
325734.57,359952.20999999996,370460.385,377487.315,364848.93,332987.535,270918.135,198188.685
326107.70999999996,360338.04,370848.735,377487.315,365214.6,333346.005,271212.20999999996,198536.94
326574.63,360832.45499999996,371341.485,377487.315,365604.975,333628.47,271369.395,198880.19999999998
324831.33,359089.2,369582.48,377487.315,363743.14499999996,331693.065,269502.975,197078.75999999998
322606.21499999997,356846.08499999996,367315.2,377189.77499999997,361405.665,329338.26,267358.635,194880.96
322957.52999999997,357199.785,367660.07999999996,377487.315,361700.14499999996,329568.975,267611.445,195193.125
322923.195,357154.065,367611.70499999996,377461.755,361674.36,329551.01999999996,267652.575,195184.66499999998
323197.065,357409.52999999997,367872.3,377487.315,362026.44,329980.455,268143.52499999997,195546.41999999998
324627.3,358838.01,369316.755,377487.315,363571.92,331593.75,269693.505,197030.745
326314.305,360536.535,371037.195,377487.315,365372.37,333433.98,271368.765,198716.58
325949.94,360167.445,370675.52999999997,377487.315,365065.245,333204.435,271136.295,198405.405
326035.62,360266.76,370777.05,377487.315,365142.14999999997,333272.205,271137.6,198464.445
326636.415,360894.77999999997,371403.225,377487.315,365665.05,333686.61,271427.39999999997,198940.725
325044.72,359302.185,369794.65499999997,377487.315,363955.005,331905.06,269721.225,197293.905
322798.5,357038.14499999996,367506.765,377380.845,361597.185,329529.06,267553.035,195073.875
323064.0,357306.02999999997,367766.19,377487.315,361806.83999999997,329675.13,267720.435,195300.18
322913.97,357144.3,367601.985,377452.52999999997,361666.21499999997,329543.055,267647.805,195176.475
322908.93,357121.07999999996,367584.20999999996,377476.245,361739.97,329694.435,267858.675,195259.86
324563.355,358774.47,369253.44,377487.315,363510.45,331531.96499999997,269629.605,196967.43
326240.27999999997,360462.825,370963.39499999996,377487.315,365300.14499999996,333362.51999999996,271296.225,198643.455
325790.45999999996,360008.055,370516.185,377487.315,364905.855,333045.63,270976.32,198246.06
326205.99,360436.95,370947.64499999996,377487.315,365311.21499999997,333440.055,271303.695,198632.61
326636.415,360894.735,371403.135,377487.315,365663.385,333681.975,271421.235,198937.845
324818.01,359074.665,369566.95499999996,377487.315,363726.135,331675.065,269493.615,197066.97
322773.75,357013.21499999997,367481.65499999997,377355.32999999996,361570.86,329501.115,267525.54,195048.585
322994.925,357237.08999999997,367697.20499999996,377487.315,361737.26999999996,329604.255,267649.02,195230.88
323000.37,357230.43,367687.98,377487.315,361753.245,329630.58,267734.79,195263.32499999998
323022.555,357234.48,367697.51999999996,377487.315,361854.89999999997,329810.39999999997,267974.55,195374.16
324676.89,358888.545,369367.96499999997,377487.315,363625.605,331647.02999999997,269740.755,197080.11
326286.135,360508.635,371009.7,377487.315,365347.26,333409.725,271342.305,198689.35499999998
325806.705,360024.345,370532.88,377487.315,364922.415,333062.01,270992.83499999996,198262.53
326226.77999999997,360458.14499999996,370968.75,377487.315,365331.77999999997,333458.595,271321.11,198652.185
326668.455,360927.045,371435.76,377487.315,365693.805,333710.505,271449.27,198967.995
324885.06,359141.49,369633.105,377487.315,363791.16,331740.26999999996,269564.76,197134.60499999998
322760.385,356999.985,367467.75,377340.66,361555.82999999996,329485.05,267511.365,195034.05
323023.635,357265.485,367725.285,377487.315,361765.52999999997,329631.795,267678.27,195259.005
322810.56,357040.52999999997,367497.89999999997,377349.435,361563.93,329441.39999999997,267547.635,195074.865
323126.77499999997,357338.385,367801.56,377487.315,361960.82999999996,329917.545,268083.27,195480.225
324724.005,358935.48,369415.485,377487.315,363674.745,331696.305,269787.87,197127.18
326391.885,360614.115,371115.36,377487.315,365454.495,333518.31,271451.52,198796.185
325759.365,359977.095,370485.135,377487.315,364875.345,333015.48,270946.845,198215.63999999998
326184.12,360415.98,370926.26999999996,377487.315,365288.08499999996,333413.64,271274.76,198608.085
326638.98,360898.29,371406.46499999997,377487.315,365663.02499999997,333677.07,271414.98,198936.63
324802.08,359058.285,369549.54,377487.315,363706.56,331654.76999999996,269483.76,197052.705
322638.705,356878.305,367346.20499999996,377218.62,361432.665,329359.76999999996,267386.805,194912.055
323106.93,357348.69,367808.535,377487.315,361848.42,329713.695,267761.475,195342.345
323006.13,357235.33499999996,367693.15499999997,377487.315,361760.85,329639.08499999996,267748.29,195271.91999999998
323090.91,357301.98,367765.64999999997,377487.315,361926.945,329884.96499999997,268052.67,195446.29499999998
324566.91,358778.61,369259.01999999996,377487.315,363519.40499999997,331540.92,269630.055,196969.86
326360.97,360583.245,371084.31,377487.315,365424.885,333489.555,271422.135,198765.675
325764.675,359982.36,370490.535,377487.315,364880.88,333021.42,270952.695,198221.22
326178.135,360410.355,370921.005,377487.315,365281.15499999997,333405.26999999996,271264.185,198600.525
326615.58,360874.845,371382.75,377487.315,365636.925,333648.89999999997,271386.045,198911.16
324738.495,358993.755,369484.245,377487.315,363639.87,331587.945,269421.705,196989.525
322634.925,356874.3,367342.11,377213.445,361427.22,329352.705,267381.315,194907.465
323103.46499999997,357345.045,367804.52999999997,377487.315,361844.27999999997,329708.83499999996,267757.695,195338.835
323004.77999999997,357233.625,367690.995,377487.315,361760.04,329639.08499999996,267750.27,195271.91999999998
323125.425,357336.18,367799.89499999996,377487.315,361963.07999999996,329922.63,268091.055,195482.52
324599.08499999996,358810.82999999996,369291.42,377487.315,363553.38,331575.345,269661.555,197001.945
326265.975,360487.98,370989.36,377487.315,365330.97,333396.63,271328.71499999997,198671.535
325960.695,360178.245,370686.195,377487.315,365077.305,333218.7,271151.235,198418.22999999998
326266.11,360498.51,371008.98,377487.315,365368.095,333490.815,271349.37,198687.285
326628.36,360888.02999999997,371396.02499999997,377487.315,365647.90499999997,333657.54,271394.595,198922.05
324684.45,358939.665,369430.01999999996,377487.315,363584.33999999997,331531.92,269370.495,196936.51499999998
322625.51999999996,356864.985,367332.52499999997,377203.68,361416.64499999996,329340.95999999996,267371.01,194897.78999999998
323043.345,357284.745,367744.185,377487.315,361783.485,329647.5,267697.21499999997,195278.535
322844.805,357073.38,367530.93,377383.90499999997,361600.515,329480.37,267592.185,195113.16
323144.37,357354.855,367818.435,377487.315,361983.42,329944.095,268113.285,195502.995
324714.285,358926.345,369407.295,377487.315,363670.56,331692.795,269776.35,197117.41499999998
326467.845,360689.22,371191.05,377487.315,365533.92,333601.47,271533.46499999997,198874.305
325987.605,360204.83999999997,370713.195,377487.315,365104.305,333246.14999999997,271178.235,198445.13999999998
326253.69,360486.26999999996,370996.82999999996,377487.315,365354.595,333475.875,271331.91,198672.88499999998
326612.88,360872.73,371380.68,377487.315,365630.89499999996,333637.92,271372.995,198904.185
324670.14,358924.86,369414.675,377487.315,363567.735,331515.045,269357.805,196922.97
322741.845,356981.355,367448.57999999996,377319.24,361531.755,329454.72,267486.435,195013.485
322926.795,357168.015,367627.68,377471.51999999996,361666.70999999996,329529.64499999996,267580.17,195161.805
322976.16,357204.51,367662.195,377487.315,361732.815,329613.435,267727.095,195245.775
323177.67,357388.065,367851.64499999996,377487.315,362018.295,329980.32,268150.635,195538.32
324835.56,359047.98,369529.15499999997,377487.315,363793.86,331816.41,269897.355,197238.50999999998
326209.27499999997,360431.01,370932.975,377487.315,365276.51999999996,333344.385,271275.705,198616.32
325690.695,359908.38,370416.735,377487.315,364807.21499999997,332948.565,270879.66,198148.185
326023.64999999997,360256.185,370766.925,377487.315,365122.52999999997,333242.1,271095.83999999997,198443.115
325703.33999999997,359938.035,370440.36,377487.315,364689.765,332717.04,270492.12,198083.07
324448.83,358672.90499999997,369155.51999999996,377487.315,363310.065,331282.755,269179.515,196806.285
322997.13,357235.11,367701.66,377487.315,361783.665,329705.64,267741.18,195272.37
323016.48,357257.51999999996,367717.32,377487.315,361756.07999999996,329618.115,267670.17,195251.13
322751.83499999996,356979.87,367437.735,377291.61,361509.02999999997,329389.605,267504.255,195022.08
322990.695,357201.135,367665.02999999997,377487.315,361832.71499999997,329795.01,267963.795,195351.75
324802.98,359015.57999999996,369497.475,377487.315,363763.305,331784.73,269861.22,197205.03
326347.695,360568.935,371071.305,377487.315,365416.245,333484.83,271415.16,198755.63999999998
325843.92,360061.11,370569.64499999996,377487.315,364960.52999999997,333101.83499999996,271032.885,198301.815
326213.685,360447.12,370957.45499999996,377487.315,365312.20499999996,333429.52499999997,271281.195,198629.46
326693.33999999997,360953.73,371460.87,377487.315,365707.26,333709.695,271443.105,198980.37
324481.185,358734.555,369223.11,377487.315,363373.695,331319.88,269171.235,196734.645
322723.665,356963.355,367429.86,377299.26,361510.92,329430.195,267463.08,194994.0
323157.555,357398.91,367858.035,377487.315,361897.38,329758.56,267810.93,195392.69999999998
322867.485,357095.43,367552.845,377407.035,361625.805,329506.47,267622.425,195138.85499999998
323082.855,357292.935,367756.64999999997,377487.315,361926.45,329889.95999999996,268059.69,195445.53
325016.19,359229.24,369710.595,377487.315,363978.18,332000.505,270074.61,197418.285
326344.32,360565.96499999997,371067.83999999997,377487.315,365414.22,333484.11,271415.115,198753.615
325966.005,360183.69,370691.595,377487.315,365083.245,333225.08999999997,271156.995,198424.395
326329.605,360563.71499999997,371073.87,377487.315,365427.54,333542.925,271393.64999999997,198743.66999999998
326584.845,360845.45999999996,371352.95999999996,377487.315,365597.14499999996,333597.06,271330.065,198869.805
324339.02999999997,358591.76999999996,369080.55,377487.315,363229.785,331175.565,269031.285,196593.16499999998
322803.26999999996,357042.69,367509.375,377377.515,361589.13,329506.92,267541.11,195072.47999999998
323099.1,357339.915,367799.04,377487.315,361838.295,329698.845,267752.88,195333.88499999998
322841.61,357069.24,367526.83499999996,377381.51999999996,361601.055,329482.89,267600.735,195114.555
323219.295,357429.14999999997,367893.36,377487.315,362065.45499999996,330030.135,268201.755,195584.03999999998
325005.02999999997,359218.125,369699.975,377487.315,363969.495,331991.91,270064.485,197407.57499999998
326269.62,360490.90499999997,370992.77999999997,377487.315,365340.77999999997,333412.01999999996,271343.43,198679.995
325910.565,360127.845,370635.975,377487.315,365027.94,333170.1,271102.32,198369.13499999998
326301.57,360535.635,371046.285,377487.315,365398.785,333512.415,271361.65499999997,198714.06
326540.745,360801.36,371309.13,377487.315,365551.56,333549.18,271281.87,198824.31
324203.22,358455.77999999997,368944.15499999997,377487.315,363092.355,331037.73,268898.49,196458.88499999998
322636.185,356875.785,367342.33499999996,377210.385,361420.82999999996,329337.18,267371.685,194905.35
323107.64999999997,357348.195,367807.32,377487.315,361846.305,329706.225,267760.395,195342.57
322850.385,357077.33999999997,367535.16,377390.51999999996,361610.37,329492.205,267610.68,195124.095
323116.01999999996,357325.515,367789.90499999997,377487.315,361963.26,329928.255,268098.795,195481.53
325107.18,359320.32,369803.115,377487.315,364073.445,332095.14,270162.81,197508.555
326344.455,360565.15499999997,371067.885,377487.315,365417.01,333488.295,271419.48,198755.055
325969.605,360186.795,370695.6,377487.315,365087.7,333229.545,271161.945,198428.66999999998
326378.475,360612.72,371123.595,377487.315,365474.88,333587.16,271435.14,198789.84
326593.39499999996,360854.45999999996,371361.42,377487.315,365602.23,333597.95999999996,271330.64999999997,198875.34
324215.955,358468.11,368955.855,377487.315,363102.83999999997,331048.17,268914.105,196472.69999999998
322654.005,356893.56,367359.75,377227.035,361436.89499999996,329351.85,267387.48,194922.405
323028.495,357269.08499999996,367728.12,377487.315,361766.745,329625.765,267680.925,195263.505
323070.02999999997,357296.985,367754.535,377487.315,361831.45499999996,329714.055,267834.51,195345.27
323261.91,357471.18,367935.75,377487.315,362110.995,330077.295,268249.41,195628.905
324954.89999999997,359168.57999999996,369651.735,377487.315,363923.01,331944.345,270010.08,197355.82499999998
326397.51,360618.75,371121.435,377487.315,365471.77499999997,333544.32,271476.315,198809.37
325889.685,360107.325,370615.995,377487.315,365007.735,333149.39999999997,271081.26,198348.345
326126.295,360361.305,370871.95499999996,377487.315,365221.17,333331.11,271176.615,198535.13999999998
326504.205,360765.40499999997,371272.58999999997,377487.315,365511.105,333504.72,271236.555,198784.08
324144.0,358395.48,368882.91,377487.315,363028.635,330973.64999999997,268843.635,196401.06
322648.695,356888.385,367354.52999999997,377221.05,361430.37,329343.165,267379.11,194915.745
323015.76,357256.17,367715.295,377487.315,361753.695,329611.995,267667.515,195250.5
323035.875,357262.065,367719.885,377487.315,361797.885,329681.25,267802.785,195311.88
323152.64999999997,357361.515,367826.535,377487.315,362003.13,329970.555,268142.175,195520.455
325072.035,359285.94,369769.58999999997,377487.315,364041.945,332063.45999999996,270124.83,197472.33
326485.08,360705.735,371208.64499999996,377487.315,365559.70499999996,333633.42,271564.605,198897.255
325855.21499999997,360072.855,370581.435,377487.315,364972.815,333114.75,271046.25,198314.235
