ch0,ch1,ch2,ch3,ch4,ch5,ch6,ch7
210273.345,210585.87,211120.02,210368.06999999998,210066.93,209688.88499999998,210302.81999999998,210287.925
210320.505,210664.755,211200.975,210400.56,210061.125,209613.19499999998,210222.585,210259.485
210352.63499999998,210707.055,211238.19,210406.725,210040.065,209531.205,210175.02,210243.285
210324.06,210649.005,211181.85,210385.25999999998,210029.22,209550.15,210228.47999999998,210272.44499999998
210233.835,210502.395,211049.955,210349.71,210049.155,209708.91,210370.54499999998,210333.33
210163.31999999998,210389.85,210944.43,210318.12,210067.69499999998,209845.08,210479.22,210373.155
210135.10499999998,210337.19999999998,210891.01499999998,210306.285,210088.71,209924.28,210549.87,210416.94
210096.405,210289.5,210846.78,210290.895,210102.345,209995.155,210590.685,210433.94999999998
210127.005,210345.93,210901.31999999998,210314.88,210111.435,209977.38,210549.24,210397.365
210204.27,210474.27,211017.41999999998,210346.965,210094.335,209841.66,210421.88999999998,210340.25999999998
210273.88499999998,210589.65,211125.01499999998,210375.09,210074.175,209700.94499999998,210302.28,210289.5
210320.00999999998,210667.54499999998,211204.97999999998,210407.22,210067.60499999998,209625.56999999998,210222.18,210260.475
210357.53999999998,210716.63999999998,211250.97,210420.99,210052.935,209551.455,210176.145,210250.53
210322.485,210652.155,211191.525,210397.86,210046.005,209581.83,210226.275,210275.91
210237.12,210510.585,211066.065,210369.06,210072.285,209746.35,210369.33,210341.655
210166.91999999998,210397.41,210959.235,210336.255,210089.52,209879.235,210478.185,210380.35499999998
210125.025,210329.055,210885.88499999998,210303.13499999998,210092.22,209940.66,210547.845,210414.735
210088.97999999998,210283.91999999998,210844.71,210290.03999999998,210106.16999999998,210008.38499999998,210590.955,210440.61
210121.69499999998,210342.19499999998,210900.19499999998,210313.71,210114.53999999998,209985.255,210550.77,210423.6
210201.93,210471.12,211014.63,210342.01499999998,210091.13999999998,209838.10499999998,210426.21,210354.79499999998
210276.585,210591.405,211126.995,210375.04499999998,210072.465,209699.145,210308.26499999998,210307.22999999998
210310.785,210656.61,211193.145,210392.775,210058.19999999998,209619.04499999998,210222.9,210265.60499999998
210350.475,210709.845,211243.77,210414.465,210053.88,209556.99,210176.32499999998,210258.405
210315.10499999998,210645.94499999998,211183.785,210392.37,210048.88499999998,209589.21,210227.085,210284.55
210222.85499999998,210498.21,211050.72,210355.245,210069.44999999998,209750.4,210369.285,210344.75999999998
210160.62,210394.935,210954.19499999998,210331.16999999998,210092.85,209887.11,210481.91999999998,210401.685
210141.99,210334.41,210889.395,210307.68,210101.13,209955.50999999998,210559.05,210451.63499999998
210120.56999999998,210283.335,210840.38999999998,210286.35,210109.41,210022.11,210597.705,210471.07499999998
210126.285,210337.83,210890.97,210303.94499999998,210115.485,209997.81,210551.175,210465.09
210196.62,210459.87,210999.06,210328.875,210092.75999999998,209855.655,210419.00999999998,210378.285
210276.44999999998,210584.745,211117.22999999998,210369.96,210079.845,209721.87,210305.52,210336.56999999998
210313.305,210651.56999999998,211185.04499999998,210389.805,210065.35499999998,209640.555,210222.85499999998,210296.88
210356.72999999998,210704.94,211235.66999999998,210410.055,210054.69,209569.68,210179.745,210293.595
210325.63499999998,210646.44,211180.86,210393.72,210052.935,209603.025,210233.52,210325.5
210228.255,210491.37,211038.975,210347.46,210065.85,209755.88999999998,210375.85499999998,210381.07499999998
210164.66999999998,210383.28,210935.475,210314.475,210077.775,209877.47999999998,210489.79499999998,210435.93
210141.36,210318.88499999998,210869.46,210289.54499999998,210086.28,209941.91999999998,210566.565,210481.83
210123.585,210288.285,210844.71,210293.595,210114.18,210021.79499999998,210613.59,210496.185
210125.16,210339.0,210890.655,210308.715,210119.13,210007.71,210563.81999999998,210469.725
210193.38,210457.57499999998,210996.405,210329.55,210094.155,209864.925,210429.85499999998,210389.715
210265.785,210576.33,211107.87,210363.07499999998,210077.235,209727.94499999998,210312.585,210342.19499999998
210307.995,210649.77,211182.47999999998,210388.905,210066.345,209648.16,210231.04499999998,210307.86
210347.505,210699.18,211228.38,210404.06999999998,210052.035,209573.00999999998,210187.485,210299.535
210323.97,210647.38499999998,211181.535,210395.835,210054.50999999998,209610.63,210245.31,210337.47
210228.66,210495.01499999998,211044.33,210355.02,210071.61,209769.66,210385.62,210393.675
210164.4,210389.31,210945.375,210327.16499999998,210089.43,209900.52,210493.57499999998,210443.805
210124.8,210322.62,210874.365,210297.24,210092.58,209960.685,210562.28999999998,210491.46
210101.49,210282.79499999998,210835.08,210284.81999999998,210109.095,210026.16,210601.97999999998,210504.33
210156.66,210350.205,210892.005,210307.77,210128.75999999998,210000.285,210561.975,210483.9
210210.705,210477.78,211009.095,210339.44999999998,210104.81999999998,209857.77,210433.275,210412.71
210285.81,210598.28999999998,211122.04499999998,210373.785,210083.805,209714.22,210318.93,210368.06999999998
210330.53999999998,210670.60499999998,211194.675,210395.06999999998,210065.175,209621.88,210239.055,210334.41
210367.57499999998,210719.34,211238.865,210407.75999999998,210049.51499999998,209545.47,210194.46,210325.05
210335.805,210659.85,211185.9,210393.315,210050.685,209583.85499999998,210246.975,210356.055
210241.485,210510.85499999998,211053.285,210359.06999999998,210076.47,209753.28,210383.46,210414.06
210166.38,210393.9,210942.13499999998,210318.47999999998,210086.685,209877.12,210485.655,210444.93
210156.03,210340.16999999998,210886.335,210303.315,210105.585,209943.44999999998,210560.805,210489.84
210150.27,210304.44,210852.315,210295.25999999998,210132.225,210009.10499999998,210607.91999999998,210514.815
210175.83,210363.93,210899.835,210307.68,210138.255,209976.88499999998,210564.36,210484.16999999998
210222.27,210482.505,211007.61,210329.505,210108.06,209830.22999999998,210431.29499999998,210403.44
210301.91999999998,210608.595,211128.56999999998,210373.47,210095.685,209696.58,210318.07499999998,210363.03
210346.155,210683.43,211205.29499999998,210402.09,210085.83,209615.805,210235.995,210329.72999999998
210382.19999999998,210730.005,211247.865,210415.725,210069.85499999998,209539.53,210191.58,210320.685
210350.16,210667.41,211189.86,210396.50999999998,210066.255,209574.72,210245.535,210351.285
210250.16999999998,210510.18,211047.47999999998,210351.645,210080.43,209731.68,210384.585,210403.35
210180.6,210399.75,210941.235,210316.905,210094.155,209857.31999999998,210488.35499999998,210438.675
210171.285,210349.62,210889.395,210304.57499999998,210108.465,209917.935,210564.99,210485.025
210157.965,210309.525,210851.865,210292.47,210122.955,209974.185,210609.81,210503.835
210189.285,210363.66,210899.52,210307.005,210132.9,209952.04499999998,210568.86,210477.41999999998
210236.535,210485.835,211011.12,210333.10499999998,210108.555,209816.28,210434.75999999998,210399.12
210313.305,210611.745,211132.755,210379.31999999998,210102.03,209693.97,210319.02,210359.16
210357.36,210685.77,211208.625,210406.54499999998,210092.26499999998,209615.58,210237.345,210325.94999999998
210393.9,210731.13,211250.25,210419.145,210076.91999999998,209542.725,210194.505,210316.41
210362.44499999998,210669.88499999998,211193.37,210403.25999999998,210076.335,209582.91,210250.97999999998,210349.845
210268.71,210518.955,211057.69499999998,210365.235,210097.305,209746.395,210392.81999999998,210408.47999999998
210192.93,210402.18,210946.995,210324.6,210108.78,209870.37,210496.22999999998,210438.36
210178.485,210350.25,210888.81,210308.085,210126.735,209939.31,210571.69499999998,210484.16999999998
210164.13,210318.47999999998,210851.28,210296.38499999998,210150.36,210010.455,210616.28999999998,210509.235
210166.69499999998,210368.655,210899.565,210309.93,210145.86,209983.815,210567.555,210481.02
210236.03999999998,210489.88499999998,211007.565,210332.835,210122.55,209839.77,210433.63499999998,210401.505
210313.305,210612.10499999998,211124.655,210372.93,210111.03,209708.595,210320.505,210360.375
210347.72999999998,210676.905,211190.31,210390.47999999998,210094.51499999998,209625.07499999998,210236.4,210320.91
210384.495,210721.185,211229.235,210399.16499999998,210074.085,209544.56999999998,210196.755,210312.85499999998
210360.735,210664.935,211178.61,210388.94999999998,210072.78,209579.535,210259.16999999998,210352.41
210263.44499999998,210511.755,211039.785,210347.955,210091.905,209741.22,210400.91999999998,210407.715
210198.06,210407.715,210943.53,210322.035,210115.845,209876.895,210504.82499999998,210448.44
210172.05,210342.555,210875.35499999998,210296.34,210132.53999999998,209949.435,210573.63,210482.81999999998
210162.19499999998,210308.085,210843.63,210290.58,210160.845,210018.735,210619.08,210512.61
210168.675,210364.74,210897.44999999998,210309.21,210161.06999999998,209989.935,210570.84,210486.41999999998
210246.47999999998,210493.755,211015.395,210341.34,210142.8,209848.68,210440.06999999998,210413.52
210320.46,210612.33,211127.66999999998,210376.53,210127.54499999998,209716.155,210326.22,210368.43
210361.77,210684.06,211201.19999999998,210401.505,210115.845,209635.785,210243.87,210333.555
210395.88,210727.305,211240.845,210413.34,210099.6,209562.615,210201.47999999998,210323.655
210354.47999999998,210655.53,211173.255,210386.835,210092.35499999998,209598.75,210257.00999999998,210350.06999999998
210261.06,210505.995,211039.91999999998,210349.845,210113.72999999998,209763.18,210400.335,210411.0
210201.38999999998,210406.5,210946.095,210326.03999999998,210139.91999999998,209891.69999999998,210507.615,210463.69499999998
210166.155,210344.44499999998,210879.63,210301.02,210157.875,209960.145,210585.735,210506.35499999998
210127.68,210298.005,210835.62,210281.805,210160.62,210024.225,210623.66999999998,210498.21
210164.085,210361.455,210893.985,210303.44999999998,210163.005,209988.495,210578.13,210489.84
210246.16499999998,210493.215,211012.425,210335.58,210141.81,209839.41,210448.395,210419.91
210320.00999999998,210612.01499999998,211125.06,210371.805,210125.29499999998,209705.58,210333.87,210374.595
210358.755,210682.97999999998,211199.35499999998,210397.31999999998,210116.38499999998,209631.33,210248.235,210336.93
210386.655,210720.50999999998,211234.22999999998,210403.44,210100.365,209562.47999999998,210201.16499999998,210321.85499999998
210358.035,210661.245,211180.455,210391.245,210101.805,209605.68,210261.19499999998,210360.19499999998
210259.62,210505.905,211039.065,210347.41499999998,210117.78,209766.19499999998,210402.72,210415.63499999998
210191.175,210397.22999999998,210934.25999999998,210311.72999999998,210129.84,209888.63999999998,210506.175,210461.13
210174.47999999998,210340.25999999998,210877.74,210294.53999999998,210144.33,209955.06,210577.455,210514.455
210172.31999999998,210316.905,210858.66,210300.525,210173.175,210025.62,210623.31,210540.78
210202.245,210380.66999999998,210904.425,210312.18,210180.645,209997.27,210578.26499999998,210522.33
210256.69499999998,210508.51499999998,211020.975,210341.655,210154.68,209854.62,210446.81999999998,210434.75999999998
210327.525,210626.00999999998,211133.115,210376.755,210136.68,209720.43,210333.735,210390.56999999998
210369.735,210697.425,211206.6,210401.19,210123.0,209637.85499999998,210250.97999999998,210355.965
210403.53,210739.68,211244.44499999998,210410.72999999998,210106.305,209563.875,210209.22,210346.65
210363.56999999998,210667.31999999998,211176.27,210384.36,210099.33,209598.56999999998,210266.37,210374.055
210276.94499999998,210521.88,211044.78,210349.53,210116.38499999998,209754.9,210415.68,210439.845
210206.34,210409.155,210934.97999999998,210307.31999999998,210127.31999999998,209867.49,210520.935,210481.38
210169.215,210346.47,210867.38999999998,210279.96,210141.9,209939.44499999998,210604.275,210528.27
210144.41999999998,210316.77,210842.72999999998,210282.255,210160.08,210020.535,210643.74,210543.12
210174.38999999998,210376.88999999998,210901.005,210304.16999999998,210167.72999999998,209995.02,210590.91,210517.335
210251.16,210505.13999999998,211016.88,210334.05,210146.535,209849.58,210457.305,210443.715
210316.365,210613.995,211119.21,210359.655,210124.485,209712.33,210341.475,210391.875
210356.775,210683.88,211191.56999999998,210382.83,210110.94,209629.66499999998,210258.495,210354.93
210394.08,210729.91499999998,211233.96,210398.03999999998,210097.57499999998,209557.755,210218.03999999998,210348.76499999998
210366.72,210671.91,211181.13,210388.77,210101.66999999998,209603.835,210280.86,210389.44499999998
210267.76499999998,210516.38999999998,211040.595,210344.66999999998,210118.455,209765.16,210422.52,210444.705
210199.41,210408.3,210936.6,210308.22,210135.87,209884.905,210525.255,210489.3
210180.50999999998,210348.9,210876.88499999998,210289.31999999998,210158.91,209953.485,210604.63499999998,210540.41999999998
210168.63,210324.06,210858.705,210294.9,210177.85499999998,210024.85499999998,210649.86,210554.955
210176.235,210381.07499999998,210907.53,210308.44499999998,210173.535,209991.87,210598.38,210526.65
210247.11,210503.97,211016.205,210328.83,210145.815,209840.58,210462.435,210447.36
210328.60499999998,210627.405,211130.32499999998,210367.16999999998,210127.095,209698.91999999998,210355.785,210409.965
210372.47999999998,210700.305,211204.035,210391.02,210111.705,209612.115,210276.405,210375.9
210400.65,210735.27,211235.085,210394.215,210091.005,209536.83,210233.835,210362.175
210368.29499999998,210673.57499999998,211180.86,210383.685,210099.10499999998,209591.505,210293.055,210399.93
210269.745,210519.18,211041.99,210344.58,210121.785,209759.535,210434.22,210456.36
210211.47,210420.585,210947.985,210318.16499999998,210138.88499999998,209883.24,210537.85499999998,210508.19999999998
210179.205,210360.87,210884.4,210295.845,210148.155,209954.61,210609.315,210560.13
210159.36,210325.77,210855.6,210288.735,210165.47999999998,210021.03,210645.9,210572.91
210210.56999999998,210392.00999999998,210921.84,210315.6,210176.72999999998,209988.13499999998,210597.66,210542.175
210264.07499999998,210518.81999999998,211032.44999999998,210340.53,210149.775,209844.99,210464.19,210466.16999999998
210327.79499999998,210627.76499999998,211133.97,210367.16999999998,210128.35499999998,209711.115,210349.88999999998,210416.31
210375.405,210706.02,211213.305,210397.905,210120.38999999998,209633.985,210271.455,210387.41999999998
210411.585,210750.16499999998,211252.995,210411.9,210107.16,209565.13499999998,210233.38499999998,210383.28
210376.16999999998,210682.125,211191.705,210393.36,210107.205,209610.63,210295.8,210419.37
210282.16499999998,210532.59,211056.88499999998,210355.65,210129.88499999998,209778.47999999998,210440.835,210480.525
210215.115,210426.345,210953.29499999998,210320.1,210140.505,209896.60499999998,210542.895,210514.725
210174.75,210356.145,210875.805,210282.21,210136.22999999998,209947.63499999998,210616.11,210549.6
210154.13999999998,210320.37,210843.72,210273.3,210151.035,210006.36,210653.19,210575.97
210213.36,210394.845,210918.91499999998,210310.425,210171.19499999998,209979.9,210608.145,210549.41999999998
210267.63,210524.895,211035.33,210342.78,210152.115,209848.095,210473.955,210474.63
210335.58,210639.69,211144.86,210377.655,210138.56999999998,209722.54499999998,210361.095,210431.025
210375.63,210708.85499999998,211215.10499999998,210399.975,210125.52,209641.5,210279.50999999998,210394.71
210403.62,210743.235,211243.94999999998,210402.94499999998,210105.85499999998,209568.82499999998,210239.505,210381.47999999998
210373.69499999998,210681.13499999998,211187.835,210392.81999999998,210110.31,209619.405,210305.61,210422.925
210280.31999999998,210530.655,211053.06,210355.38,210134.205,209788.425,210451.63499999998,210484.71
210208.77,210418.60499999998,210944.78999999998,210314.16,210144.10499999998,209905.155,210549.41999999998,210514.365
210177.94499999998,210361.59,210884.085,210296.38499999998,210156.56999999998,209978.595,210624.3,210559.005
210153.06,210322.08,210849.255,210284.46,210169.88999999998,210041.81999999998,210658.5,210589.28999999998
210209.26499999998,210393.72,210921.12,210316.68,210184.02,210010.68,210609.495,210574.57499999998
210264.66,210522.10499999998,211033.88999999998,210343.725,210157.47,209868.38999999998,210477.10499999998,210489.255
210326.75999999998,210628.485,211133.655,210368.88,210135.87,209732.75999999998,210362.66999999998,210438.13499999998
210365.72999999998,210696.93,211202.37,210389.895,210119.75999999998,209647.035,210279.96,210402.04499999998
210401.685,210738.285,211236.93,210396.33,210096.81,209565.18,210245.4,210396.555
210365.81999999998,210669.705,211174.155,210377.475,210094.60499999998,209608.69499999998,210310.60499999998,210431.745
210271.455,210520.57499999998,211040.46,210342.41999999998,210118.5,209776.94999999998,210454.56,210492.09
210206.565,210420.04499999998,210945.645,210316.005,210141.04499999998,209906.505,210551.31,210527.19
210180.735,210367.395,210891.91499999998,210304.71,210158.595,209982.50999999998,210625.11,210563.955
210163.995,210337.19999999998,210863.745,210302.41499999998,210178.035,210046.365,210660.66,210576.78
210217.905,210406.185,210919.63499999998,210329.91,210190.13999999998,210010.455,210610.71,210557.97
210274.155,210535.69499999998,211038.56999999998,210358.08,210164.31,209867.58,210478.41,210483.85499999998
210341.78999999998,210649.095,211146.16499999998,210390.56999999998,210148.47,209738.115,210366.9,210438.63
210376.485,210712.455,211211.00999999998,210407.66999999998,210130.785,209653.335,210282.79499999998,210397.725
210413.97,210757.54499999998,211253.66999999998,210423.87,210119.4,209586.41999999998,210246.79499999998,210395.97
210372.79499999998,210683.29499999998,211184.235,210399.705,210116.06999999998,209632.31999999998,210308.31,210427.335
210282.75,210537.13499999998,211054.095,210367.845,210141.94499999998,209804.22,210455.00999999998,210491.19
210213.85499999998,210429.63,210950.1,210329.81999999998,210158.00999999998,209921.085,210554.055,210531.06
210183.21,210372.3,210890.52,210312.63,210181.31999999998,209994.16499999998,210633.975,210578.085
210165.93,210340.25999999998,210862.845,210307.995,210191.895,210057.66,210671.55,210578.985
210217.905,210405.24,210924.405,210327.975,210192.66,210009.19499999998,210623.22,210566.655
210263.895,210524.085,211026.6,210342.735,210158.72999999998,209858.625,210487.095,210487.59
210331.53,210636.81,211133.25,210377.655,210144.19499999998,209732.22,210375.63,210443.26499999998
210377.655,210716.1,211216.005,210413.475,210144.19499999998,209667.06,210292.965,210413.69999999998
210406.5,210750.47999999998,211247.235,210419.955,210127.455,209599.02,210253.41,210403.845
210373.02,210683.97,211187.69999999998,210406.725,210131.72999999998,209650.365,210320.19,210444.66
210274.51499999998,210528.585,211047.975,210366.36,210152.52,209816.46,210464.55,210501.85499999998
210216.41999999998,210432.87,210956.625,210340.125,210170.655,209937.69,210565.305,210540.96
210193.965,210367.97999999998,210888.09,210313.485,210177.85499999998,210003.93,210634.965,210577.63499999998
210194.72999999998,210339.09,210863.52,210310.245,210196.97999999998,210069.13499999998,210670.02,210603.91499999998
210230.00999999998,210400.155,210921.21,210327.615,210198.87,210030.345,210621.285,210574.62
210279.375,210525.345,211031.28,210350.025,210173.085,209880.36,210486.645,210494.52
210353.985,210645.36,211146.03,210392.91,210162.87,209756.205,210379.185,210456.315
210396.19499999998,210717.225,211219.65,210418.56,210151.395,209675.97,210297.69,210422.38499999998
210419.72999999998,210749.13,211246.47,210419.055,210131.00999999998,209602.71,210258.04499999998,210408.79499999998
210379.54499999998,210675.285,211177.935,210395.925,210127.86,209647.8,210322.935,210442.94999999998
210289.31999999998,210526.47,211042.71,210357.495,210145.185,209805.93,210472.02,210506.35499999998
210232.53,210432.10499999998,210952.8,210332.205,210169.035,209923.83,210574.16999999998,210557.25
210190.68,210363.47999999998,210882.465,210303.13499999998,210183.03,210000.735,210646.935,210590.685
210165.56999999998,210336.84,210860.595,210305.475,210203.145,210082.63499999998,210679.11,210583.97999999998
210200.44499999998,210403.97999999998,210923.685,210328.83,210208.31999999998,210047.13,210622.31999999998,210551.44499999998
210279.735,210535.155,211042.53,210359.38499999998,210185.685,209897.055,210487.13999999998,210490.38
210343.77,210642.255,211143.50999999998,210386.205,210165.79499999998,209766.19499999998,210374.55,210442.005
210391.245,210718.62,211221.675,210415.86,210156.38999999998,209687.895,210295.305,210411.405
210418.065,210751.245,211250.52,210420.0,210137.13,209616.47999999998,210256.245,210401.32499999998
210376.935,210676.68,211182.21,210399.12,210136.185,209665.97999999998,210321.225,210436.47
210284.145,210526.785,211048.47,210364.065,210159.99,209835.99,210466.97999999998,210498.255
210228.03,210432.87,210959.505,210339.53999999998,210183.47999999998,209954.115,210568.005,210548.16
210202.91999999998,210368.745,210894.255,210315.33,210204.36,210020.44499999998,210644.235,210595.63499999998
210190.54499999998,210346.60499999998,210878.28,210321.18,210223.485,210086.055,210683.38499999998,210597.47999999998
210204.81,210410.235,210934.62,210338.00999999998,210220.60499999998,210047.22,210627.85499999998,210551.75999999998
210285.72,210542.13,211052.565,210368.205,210196.08,209893.725,210494.655,210492.13499999998
210355.47,210653.37,211155.88499999998,210397.86,210172.86,209754.04499999998,210388.185,210449.43
210390.79499999998,210717.85499999998,211221.04499999998,210413.97,210154.995,209667.50999999998,210304.395,210408.56999999998
210428.91,210762.36,211263.07499999998,210432.375,210147.16499999998,209605.995,210269.88,210408.975
210388.005,210690.315,211198.54499999998,210417.435,210153.96,209667.69,210333.01499999998,210445.785
210284.46,210531.10499999998,211054.22999999998,210371.58,210172.13999999998,209835.0,210475.755,210498.975
210220.60499999998,210428.865,210955.815,210336.88499999998,210183.03,209947.725,210573.18,210540.87
210185.81999999998,210367.25999999998,210891.15,210314.115,210192.75,210020.94,210652.425,210594.645
210175.74,210342.15,210869.775,210317.805,210212.595,210089.52,210689.685,210611.61
210233.835,210407.22,210929.805,210349.035,210213.94499999998,210048.66,210638.34,210582.81
210290.625,210538.395,211048.065,210375.225,210193.155,209899.71,210507.21,210508.785
210357.225,210648.50999999998,211151.655,210406.005,210176.91,209772.85499999998,210399.47999999998,210463.91999999998
210392.145,210712.59,211214.835,210422.06999999998,210157.83,209688.03,210316.365,210423.78
210430.16999999998,210756.24,211254.93,210437.955,210147.12,209624.985,210284.955,210425.895
210390.705,210683.06999999998,211187.97,210418.60499999998,210147.79499999998,209679.345,210353.75999999998,210464.595
210287.78999999998,210522.24,211041.9,210371.13,210164.805,209844.72,210496.995,210517.335
210240.495,210422.97,210946.68,210339.0,210177.44999999998,209951.28,210596.985,210559.455
210230.81999999998,210367.16999999998,210890.61,210323.78999999998,210191.31,210011.31,210677.085,210606.75
210114.585,210260.29499999998,210788.46,210244.94999999998,210119.66999999998,209990.78999999998,210588.93,210501.18
210151.25999999998,210269.205,210808.755,210219.75,210077.595,209868.88499999998,210442.275,210450.6
210327.975,210513.87,211043.025,210366.81,210181.94999999998,209852.46,210482.775,210530.61
210273.255,210580.155,211091.13,210348.85499999998,210100.86,209704.725,210320.41499999998,210371.805
210308.085,210642.88499999998,211153.63499999998,210362.085,210081.24,209630.655,210253.77,210335.75999999998
210370.68,210707.41499999998,211213.44,210398.75999999998,210100.905,209602.935,210272.715,210371.26499999998
210341.925,210628.125,211148.055,210380.31,210097.395,209642.13,210315.06,210403.35
210272.35499999998,210507.705,211042.25999999998,210373.11,210155.75999999998,209850.16499999998,210516.75,210503.835
210207.6,210415.275,210952.25999999998,210348.63,210171.91499999998,209967.79499999998,210612.645,210535.965
210192.3,210353.31,210893.085,210330.09,210188.06999999998,210033.63,210685.095,210577.005
210143.38499999998,210321.53999999998,210862.97999999998,210321.04499999998,210198.735,210096.99,210720.285,210565.44
210177.495,210391.19999999998,210927.555,210344.22,210200.535,210053.06999999998,210658.275,210530.565
210219.75,210488.085,211011.435,210340.215,210138.03,209860.965,210464.955,210421.08
210254.985,210564.53999999998,211080.24,210337.47,210089.745,209706.12,210321.85499999998,210347.81999999998
210347.055,210680.32499999998,211193.955,210402.0,210130.60499999998,209668.31999999998,210317.35499999998,210395.29499999998
210394.25999999998,210733.74,211243.275,210426.03,210118.86,209607.93,210297.91499999998,210389.175
210310.60499999998,210617.505,211134.555,210365.235,210075.435,209621.52,210313.395,210384.18
210270.10499999998,210516.21,211049.46,210378.06,210157.785,209856.78,210546.9,210526.60499999998
210247.065,210461.085,211000.54499999998,210394.215,210214.755,210015.495,210678.975,210585.33
210209.22,210397.905,210935.205,210371.085,210223.08,210082.68,210746.69999999998,210608.32499999998
210161.88,210331.035,210875.85,210328.47,210194.37,210089.38499999998,210701.78999999998,210564.225
210169.485,210347.055,210891.33,210285.72,210145.31999999998,209979.495,210561.03,210481.11
210199.63499999998,210464.685,210987.405,210296.97,210104.72999999998,209820.41999999998,210422.97,210394.16999999998
210316.455,210624.255,211140.675,210378.645,210139.69499999998,209747.565,210391.245,210434.44499999998
210356.145,210697.28999999998,211216.185,210405.19499999998,210124.035,209666.34,210300.345,210377.38499999998
210379.995,210725.28,211239.44999999998,210404.835,210102.21,209595.375,210266.00999999998,210365.91
210360.06,210671.505,211192.02,210405.82499999998,210126.10499999998,209673.18,210365.595,210429.0
210256.02,210512.06999999998,211050.63,210364.065,210137.35499999998,209827.485,210486.735,210473.505
210219.03,210420.36,210965.4,210339.81,210157.065,209938.455,210584.205,210521.655
210179.655,210354.705,210895.91999999998,210313.305,210165.12,210007.305,210664.035,210551.895
210155.535,210341.61,210882.285,210318.75,210189.19499999998,210079.88999999998,210722.13,210564.405
210191.75999999998,210409.02,210945.24,210337.11,210180.91499999998,210020.75999999998,210650.58,210522.735
210248.505,210517.245,211038.66,210341.69999999998,210134.61,209846.52,210490.11,210436.38
210304.71,210618.585,211136.22,210370.185,210112.28999999998,209717.72999999998,210363.47999999998,210380.35499999998
210343.005,210687.03,211207.68,210393.63,210099.10499999998,209636.72999999998,210273.75,210344.13
210374.91,210723.47999999998,211239.18,210402.675,210088.08,209575.62,210248.63999999998,210344.58
210371.895,210684.555,211207.815,210421.125,210128.895,209669.805,210367.25999999998,210427.83
210286.935,210543.47999999998,211084.19999999998,210396.285,210160.57499999998,209847.96,210519.81,210502.57499999998
210229.47,210448.395,210991.41,210364.91999999998,210173.13,209962.16999999998,210613.995,210554.235
210226.185,210417.07499999998,210956.13,210372.12,210218.66999999998,210072.24,210739.5,210612.41999999998
210204.27,210393.36,210936.735,210371.75999999998,210237.255,210133.935,210770.685,210613.095
210248.72999999998,210470.35499999998,211010.13,210400.245,210243.01499999998,210090.78,210712.05,210584.205
210324.87,210598.335,211124.69999999998,210424.995,210217.68,209934.585,210574.215,210518.37
210392.595,210707.685,211228.69499999998,210458.745,210202.56,209809.845,210467.29499999998,210476.25
210443.625,210786.88499999998,211310.63999999998,210492.0,210194.72999999998,209730.87,210388.31999999998,210449.88
210476.43,210824.055,211344.21,210503.29499999998,210180.465,209666.06999999998,210357.9,210449.205
210433.54499999998,210744.63,211269.285,210477.15,210175.425,209713.68,210432.285,210487.54499999998
210331.88999999998,210583.66499999998,211121.72999999998,210427.47,210188.06999999998,209873.34,210577.86,210541.41
210271.905,210487.13999999998,211026.465,210395.205,210200.13,209982.33,210671.46,210573.76499999998
210240.675,210432.06,210971.38499999998,210384.63,210220.91999999998,210063.285,210742.965,210608.235
210208.94999999998,210398.85,210942.99,210374.41499999998,210236.625,210126.645,210768.435,210603.06
210251.97,210474.9,211014.495,210401.55,210242.88,210084.12,210710.835,210574.125
210334.13999999998,210610.08,211135.995,210435.88499999998,210222.13499999998,209934.495,210574.88999999998,210515.4
210394.57499999998,210711.96,211232.655,210462.525,210203.28,209810.115,210465.63,210468.6
210443.085,210789.53999999998,211311.85499999998,210493.305,210194.91,209732.31,210387.33,210440.52
210475.395,210826.08,211345.245,210504.78,210182.75999999998,209669.94,210358.035,210440.16
210431.34,210747.15,211272.93,210484.62,210184.425,209729.38499999998,210430.935,210479.31
210335.26499999998,210594.10499999998,211135.77,210446.235,210207.41999999998,209902.86,210578.49,210539.88
210277.44,210497.75999999998,211042.035,210414.465,210220.965,210012.525,210672.36,210572.72999999998
210241.485,210434.49,210976.51499999998,210392.055,210232.845,210082.31999999998,210745.125,210602.745
210215.205,210405.96,210951.13499999998,210385.62,210247.875,210141.13499999998,210772.88999999998,210603.555
210250.62,210474.04499999998,211013.00999999998,210403.71,210247.69499999998,210095.00999999998,210710.925,210567.06
210326.535,210600.585,211123.305,210423.91499999998,210216.19499999998,209931.525,210576.10499999998,210502.035
210398.175,210712.995,211230.94499999998,210460.995,210200.94,209805.93,210474.36,210466.62
210435.75,210779.81999999998,211297.86,210478.86,210184.47,209723.175,210392.32499999998,210429.04499999998
210467.61,210817.845,211334.75999999998,210495.82499999998,210178.66499999998,209672.235,210361.815,210430.71
210417.93,210733.065,211258.53,210472.38,210182.75999999998,209739.41999999998,210432.19499999998,210465.76499999998
210326.535,210584.88,211126.41,210440.835,210211.83,209915.63999999998,210580.335,210530.835
210262.455,210484.53,211027.31999999998,210401.955,210220.335,210021.255,210671.55,210557.655
210224.06999999998,210419.91,210960.76499999998,210378.06,210230.00999999998,210091.185,210744.13499999998,210585.10499999998
210201.03,210395.69999999998,210939.47999999998,210374.72999999998,210246.84,210151.035,210772.44,210588.03
210246.705,210474.76499999998,211015.25999999998,210406.185,210254.35499999998,210108.24,210712.94999999998,210559.86
210331.88999999998,210612.50999999998,211139.91,210441.82499999998,210234.41999999998,209956.63499999998,210577.185,210501.99
210399.21,210720.82499999998,211243.905,210475.53,210219.03,209833.38,210471.21,210462.12
210441.91499999998,210791.97,211316.31,210499.19999999998,210204.585,209750.03999999998,210390.66,210428.505
210469.68,210822.255,211343.75999999998,210506.58,210187.395,209685.33,210359.565,210423.96
210419.145,210735.36,211264.245,210477.50999999998,210184.785,209742.525,210429.9,210456.315
210327.705,210588.435,211132.395,210445.155,210211.91999999998,209915.145,210579.21,210520.305
210266.145,210488.22,211030.965,210403.935,210212.1,210006.85499999998,210671.505,210547.305
210229.245,210423.87,210963.41999999998,210378.555,210216.24,210068.46,210743.91,210574.16999999998
210207.50999999998,210399.93,210942.13499999998,210375.0,210232.25999999998,210125.88,210770.775,210575.925
210250.845,210478.5,211018.86,210406.63499999998,210244.31999999998,210089.52,210705.345,210544.69499999998
210327.66,210607.69499999998,211136.49,210434.175,210221.235,209938.455,210563.685,210478.86
210393.94499999998,210716.28,211239.63,210468.555,210205.25999999998,209815.28999999998,210457.25999999998,210437.235
210442.86,210794.625,211319.63999999998,210500.055,210194.91,209734.91999999998,210378.50999999998,210408.21
210468.285,210822.79499999998,211344.615,210504.06,210176.28,209669.66999999998,210348.04499999998,210402.13499999998
210429.81,210747.19499999998,211277.38499999998,210489.615,210182.85,209733.345,210424.13999999998,210446.145
210327.435,210589.38,211133.69999999998,210446.235,210201.21,209901.96,210566.88,210500.41499999998
210267.94499999998,210493.97999999998,211039.91999999998,210413.06999999998,210212.235,210008.16,210657.69,210530.205
210232.35,210432.19499999998,210975.07499999998,210391.83,210223.97999999998,210079.305,210729.78,210559.31999999998
210209.985,210407.22,210953.52,210387.555,210239.775,210135.735,210756.375,210560.13
210257.055,210487.275,211031.00999999998,210418.56,210247.38,210091.63499999998,210696.03,210531.15
210341.88,210624.88499999998,211155.79499999998,210453.66,210227.58,209940.47999999998,210560.895,210473.775
210406.13999999998,210730.095,211256.505,210483.72,210211.11,209817.53999999998,210455.46,210432.285
210441.41999999998,210791.025,211315.41,210492.405,210184.425,209719.16999999998,210375.315,210392.145
210467.655,210820.77,211339.485,210498.12,210166.83,209653.74,210347.37,210389.895
210420.495,210739.63499999998,211265.595,210476.925,210171.285,209720.655,210421.395,210429.27
210323.88,210587.985,211132.66499999998,210444.66,210203.81999999998,209905.60499999998,210565.395,210489.975
210272.75999999998,210501.0,211049.63999999998,210423.10499999998,210225.285,210022.335,210658.725,210527.32499999998
210229.91999999998,210430.755,210977.55,210394.755,210233.06999999998,210092.535,210730.5,210550.995
210204.94499999998,210402.405,210953.69999999998,210388.86,210247.83,210150.13499999998,210755.835,210550.275
210250.35,210480.705,211028.58,210418.56,210254.085,210105.94499999998,210694.68,210521.205
210327.56999999998,210609.495,211144.54499999998,210444.12,210229.335,209952.585,210556.16999999998,210456.09
210392.19,210715.69499999998,211246.60499999998,210477.01499999998,210215.43,209835.04499999998,210450.87,210415.185
210439.62,210793.095,211324.54499999998,210507.975,210207.41999999998,209756.835,210373.335,210387.50999999998
210463.47,210819.19499999998,211345.91999999998,210511.215,210190.77,209694.735,210343.77,210382.785
210421.035,210741.12,211275.9,210495.24,210197.88,209762.865,210422.78999999998,210427.11
210320.37,210584.205,211133.61,210453.705,210219.12,209935.16999999998,210569.26499999998,210483.13499999998
210268.125,210496.41,211049.145,210429.585,210234.87,210043.97999999998,210661.11,210519.44999999998
210227.44499999998,210428.81999999998,210979.755,210402.44999999998,210242.29499999998,210110.66999999998,210733.83,210545.37
210210.93,210408.93,210961.53,210399.79499999998,210253.905,210158.1,210764.52,210569.31
210252.69,210482.775,211029.79499999998,210421.88999999998,210253.455,210105.72,210699.495,210562.91999999998
210334.185,210616.785,211152.375,210453.705,210233.38499999998,209954.38499999998,210561.705,210475.845
210395.115,210721.22999999998,211256.055,210489.03,210225.78,209844.53999999998,210451.995,210431.205
210428.28,210784.815,211319.235,210504.41999999998,210209.13,209761.91999999998,210367.35,210390.16499999998
210454.56,210812.535,211343.085,210509.72999999998,210193.83,209701.845,210339.04499999998,210387.24
210408.47999999998,210730.455,211268.88,210490.02,210198.19499999998,209770.11,210417.56999999998,210428.595
210318.435,210584.655,211140.0,210461.985,210228.07499999998,209948.03999999998,210566.565,210494.565
210257.19,210487.185,211044.645,210426.07499999998,210236.66999999998,210051.18,210655.485,210531.375
210218.895,210421.035,210977.145,210401.235,210245.58,210121.47,210726.315,210581.055
210196.215,210396.87,210956.175,210396.19499999998,210260.475,210176.595,210750.12,210588.07499999998
210241.25999999998,210476.52,211030.83,210423.96,210265.11,210128.985,210686.31,210561.345
210317.985,210605.75999999998,211145.715,210450.41999999998,210238.56,209972.61,210546.44999999998,210481.83
210382.245,210710.88,211247.055,210483.53999999998,210224.78999999998,209854.395,210441.50999999998,210439.395
210430.935,210788.41499999998,211325.35499999998,210514.31999999998,210216.555,209774.69999999998,210363.12,210411.63
210453.79499999998,210813.21,211345.74,210515.895,210198.10499999998,209711.78999999998,210336.56999999998,210407.535
210412.035,210731.895,211270.77,210495.375,210197.16,209769.66,210419.46,210453.38999999998
210311.41499999998,210573.76499999998,211128.435,210452.35499999998,210216.01499999998,209938.22999999998,210564.9,210509.595
210260.43,210487.31999999998,211044.15,210427.19999999998,210238.065,210045.78,210657.645,210555.13499999998
210214.08,210416.49,210973.005,210400.47,210257.1,210126.555,210729.50999999998,210587.13
210188.88,210391.38,210951.675,210394.53,210267.27,210186.405,210753.76499999998,210578.75999999998
210236.66999999998,210474.04499999998,211029.88499999998,210425.985,210273.705,210139.155,210690.13499999998,210567.645
210319.69499999998,210611.43,211153.59,210459.87,210253.185,209984.03999999998,210552.16499999998,210494.655
210376.25999999998,210709.395,211247.235,210485.205,210233.61,209860.47,210445.245,210446.505
210416.985,210779.00999999998,211317.66,210506.4,210218.44499999998,209775.78,210363.975,210410.955
210444.21,210809.025,211343.895,210514.22999999998,210204.72,209716.335,210337.91999999998,210411.18
210398.49,210725.63999999998,211269.87,210494.29499999998,210208.22999999998,209784.19499999998,210415.905,210454.155
210308.985,210580.19999999998,211141.755,210466.25999999998,210237.66,209960.55,210564.405,210520.485
210264.79499999998,210483.94499999998,211045.995,210428.955,210244.275,210059.955,210653.46,210556.88999999998
210239.37,210419.055,210979.035,210404.205,210253.005,210134.16,210731.13,210603.735
210202.47,210402.99,210966.88499999998,210407.35499999998,210270.96,210192.03,210756.50999999998,210616.69499999998
210244.22999999998,210478.63499999998,211035.06,210427.02,210267.72,210134.25,210690.0,210583.845
210321.405,210605.58,211145.895,210445.91999999998,210231.36,209962.44,210552.3,210503.565
210384.72,210708.94499999998,211245.3,210475.97999999998,210214.395,209840.4,210448.44,210460.365
210427.11,210779.955,211317.345,210500.28,210200.985,209758.63499999998,210366.9,210425.22
210454.02,210810.15,211347.315,210513.735,210195.18,209709.495,210337.785,210424.725
210411.36,210732.03,211276.125,210500.505,210205.16999999998,209782.035,210418.11,210471.79499999998
210309.38999999998,210573.09,211130.81999999998,210456.495,210224.025,209952.04499999998,210562.51499999998,210527.00999999998
210270.645,210486.24,211047.435,210428.955,210240.04499999998,210053.06999999998,210651.93,210567.6
210269.16,210439.755,210999.78,210422.61,210268.97999999998,210129.525,210729.87,210622.54499999998
210240.675,210422.205,210975.21,210414.19499999998,210286.16999999998,210182.49,210752.72999999998,210627.0
210259.935,210494.97,211043.475,210434.44499999998,210279.82499999998,210126.19499999998,210684.19499999998,210593.34
210342.10499999998,210631.22999999998,211166.1,210465.9,210256.155,209971.845,210545.32499999998,210519.13499999998
210405.06,210734.145,211265.00999999998,210496.995,210240.53999999998,209853.63,210441.78,210476.925
210440.43,210796.785,211326.525,210511.485,210220.065,209764.485,210357.99,210436.19999999998
210467.06999999998,210825.0,211350.87,210517.91999999998,210205.035,209704.77,210334.185,210435.66
210426.705,210747.01499999998,211281.16499999998,210504.50999999998,210214.08,209777.625,210417.75,210484.57499999998
210332.655,210593.655,211143.41999999998,210466.125,210235.86,209947.54499999998,210567.10499999998,210546.27
210289.63499999998,210499.91999999998,211051.305,210428.63999999998,210239.81999999998,210032.28,210656.06999999998,210581.81999999998
210284.685,210450.82499999998,211006.035,210424.005,210265.245,210111.21,210734.41499999998,210634.11
210251.925,210432.69,210989.97,210423.91499999998,210281.895,210172.905,210758.75999999998,210626.72999999998
210268.755,210506.44499999998,211056.345,210444.21,210281.26499999998,210129.03,210687.345,210573.63
210351.06,210642.88499999998,211180.275,210477.87,210259.935,209977.56,210549.41999999998,210513.375
210412.97999999998,210745.53,211277.745,210508.47,210245.22,209861.055,210446.235,210472.335
210447.9,210807.27,211338.94499999998,210522.33,210225.06,209772.405,210361.94999999998,210431.205
210471.47999999998,210833.19,211360.68,210527.235,210209.49,209713.41,210336.66,210430.215
210423.96,210746.34,211282.91999999998,210506.175,210213.94499999998,209784.24,210418.83,210472.56
210328.965,210594.33,211148.055,210471.03,210240.04499999998,209960.81999999998,210567.465,210534.38999999998
210282.615,210513.87,211069.57499999998,210449.88,210257.235,210067.245,210660.47999999998,210583.97999999998
210245.805,210451.22999999998,211005.225,210427.69499999998,210268.57499999998,210144.69,210739.995,210636.36
210222.81,210428.235,210984.38999999998,210422.16,210280.455,210197.88,210761.775,210637.66499999998
210263.22,210502.97999999998,211053.10499999998,210442.13999999998,210277.305,210140.505,210691.71,210601.395
210338.1,210630.10499999998,211166.955,210465.99,210249.405,209980.88999999998,210549.87,210520.215
210399.93,210730.63499999998,211262.805,210494.745,210231.99,209858.31,210448.035,210478.815
210444.435,210801.10499999998,211330.845,210513.19499999998,210210.03,209762.81999999998,210371.895,210447.04499999998
210469.68,210827.835,211353.705,210520.16999999998,210195.495,209706.47999999998,210348.04499999998,210447.36
210420.13499999998,210741.525,211276.25999999998,210500.72999999998,210203.955,209783.88,210428.81999999998,210490.785
210328.785,210595.41,211148.72999999998,210473.955,210240.405,209972.61,210574.53,210555.44999999998
210286.97999999998,210501.85499999998,211055.805,210438.04499999998,210254.985,210071.29499999998,210661.56,210592.125
210266.595,210440.69999999998,210992.66999999998,210418.245,210277.53,210149.28,210741.255,210635.145
210218.94,210414.06,210968.055,210406.905,210282.66,210200.44499999998,210762.04499999998,210622.005
210265.28999999998,210496.54499999998,211045.455,210433.77,210284.955,210146.35499999998,210693.735,210604.22999999998
210344.985,210628.97999999998,211163.85,210462.12,210260.205,209988.495,210553.83,210526.155
210412.97999999998,210737.115,211269.10499999998,210501.13499999998,210250.305,209875.905,210453.615,210491.00999999998
210451.905,210804.03,211335.615,210519.585,210232.935,209789.72999999998,210371.175,210454.02
210482.685,210836.925,211365.405,210533.805,210223.8,209737.16999999998,210352.31999999998,210461.13
210434.26499999998,210750.79499999998,211287.41999999998,210512.97,210229.875,209811.19499999998,210435.21,210505.22999999998
210338.685,210597.84,211150.62,210476.34,210254.26499999998,209985.66,210582.36,210565.305
210301.02,210509.055,211061.835,210444.03,210269.06999999998,210083.085,210669.84,210605.085
210269.38499999998,210435.345,210984.12,210407.895,210276.13499999998,210148.245,210746.655,210647.835
210235.94999999998,210411.81,210961.215,210397.185,210278.69999999998,210189.19499999998,210771.13499999998,210648.96
210308.31,210495.285,211040.41499999998,210427.155,210294.76499999998,210134.69999999998,210709.16999999998,210619.25999999998
210369.06,210633.615,211167.72,210463.47,210271.725,209984.805,210570.3,210546.225
210426.255,210734.00999999998,211266.9,210497.805,210263.35499999998,209879.91,210464.91,210503.655
210460.365,210796.56,211328.46,210511.485,210243.96,209792.97,210381.21,210462.435
210482.955,210819.82499999998,211348.25999999998,210516.03,210228.93,209737.035,210359.25,210462.75
210432.82499999998,210731.4,211268.835,210494.835,210234.78,209811.69,210444.07499999998,210506.44499999998
210342.555,210584.97,211138.155,210464.685,210263.715,209989.66499999998,210594.285,210571.91999999998
210287.43,210493.53,211048.11,210429.94499999998,210272.13,210085.47,210678.93,210608.37
210272.49,210440.205,210991.095,210415.455,210288.50999999998,210161.78999999998,210753.225,210662.91
210267.18,210428.72999999998,210975.47999999998,210413.205,210303.04499999998,210212.235,210772.16999999998,210665.835
210287.43,210503.655,211045.275,210432.78,210300.345,210152.025,210699.81,210629.38499999998
210361.68,210632.22,211159.08,210455.37,210271.31999999998,209991.06,210557.655,210548.43
210424.22999999998,210734.55,211257.27,210488.26499999998,210257.28,209876.715,210456.27,210507.525
210474.675,210812.13,211336.56,210518.63999999998,210248.235,209795.94,210379.86,210480.21
210496.05,210831.705,211351.22999999998,210516.56999999998,210226.59,209731.77,210359.565,210479.31
210452.66999999998,210747.41999999998,211272.93,210496.68,210229.60499999998,209799.27,210447.63,210528.27
210357.72,210596.31,211137.66,210461.31,210254.44499999998,209974.94999999998,210597.345,210600.94499999998
210317.13,210505.995,211049.505,210429.63,210271.05,210080.97,210686.085,210649.365
210280.86,210432.375,210975.12,210398.985,210287.745,210162.555,210758.22,210665.205
210237.705,210411.85499999998,210957.345,210394.035,210295.125,210213.85499999998,210776.895,210648.06
210289.31999999998,210500.505,211040.32499999998,210426.75,210300.47999999998,210158.235,210708.72,210615.93
210375.13499999998,210640.41,211167.85499999998,210463.60499999998,210280.185,210002.85,210572.41499999998,210558.285
210435.79499999998,210742.02,211265.1,210495.06,210266.46,209889.13499999998,210470.805,210518.72999999998
210472.91999999998,210806.37,211328.37,210511.08,210248.00999999998,209801.655,210388.77,210480.56999999998
210502.935,210836.745,211356.63,210525.47999999998,210239.37,209750.58,210369.735,210487.815
210452.13,210745.25999999998,211275.585,210502.395,210244.095,209827.035,210453.75,210530.29499999998
210348.04499999998,210584.25,211130.055,210455.00999999998,210262.13999999998,209996.595,210598.425,210583.035
210307.815,210495.555,211040.775,210422.205,210275.685,210091.455,210684.285,210621.96
210287.205,210430.08,210974.44499999998,210398.805,210296.205,210168.36,210762.27,210660.79499999998
210252.87,210419.145,210966.75,210403.66499999998,210309.88499999998,210223.25999999998,210784.68,210657.19499999998
210299.44499999998,210499.91999999998,211038.93,210423.6,210304.62,210154.005,210715.065,210637.35
210378.19499999998,210628.97999999998,211152.555,210445.335,210271.31999999998,209983.22999999998,210575.16,210558.82499999998
210444.21,210735.0,211255.155,210483.315,210261.19499999998,209874.555,210477.78,210524.13
210483.27,210802.725,211323.10499999998,210503.78999999998,210249.53999999998,209797.19999999998,210396.87,210487.86
210510.53999999998,210831.79499999998,211351.365,210518.32499999998,210244.68,209753.72999999998,210375.13499999998,210493.62
210460.5,210743.00999999998,211271.805,210498.255,210251.88,209833.60499999998,210462.93,210540.41999999998
210361.095,210587.49,211132.125,210458.88,210273.12,210005.775,210605.985,210596.085
210323.29499999998,210502.25999999998,211042.845,210430.71,210286.395,210099.10499999998,210690.99,210633.705
210306.41999999998,210440.06999999998,210974.895,210414.735,210305.61,210172.31999999998,210769.38,210677.535
210275.235,210423.87,210965.66999999998,210412.485,210319.875,210221.145,210791.69999999998,210668.535
210303.9,210509.145,211042.88999999998,210438.495,210317.985,210163.22999999998,210721.59,210621.645
210381.255,210639.41999999998,211158.85499999998,210465.18,210291.435,210004.335,210582.13499999998,210556.25999999998
210441.555,210740.35499999998,211255.02,210496.905,210277.395,209893.31999999998,210482.595,210517.02
210493.035,210818.97,211334.44499999998,210529.035,210268.53,209813.13,210406.77,210492.18
210519.13499999998,210843.495,211355.72999999998,210536.72999999998,210256.69499999998,209761.83,210387.87,210498.255
210464.91,210749.625,211269.15,210510.99,210260.29499999998,209838.735,210473.235,210539.835
210362.13,210587.805,211119.88499999998,210460.22999999998,210273.12,210001.05,210622.13999999998,210592.935
210327.93,210504.78,211038.93,210430.71,210283.56,210088.35,210711.10499999998,210632.94
210315.735,210449.205,210988.215,210422.655,210306.50999999998,210163.22999999998,210785.22,210678.56999999998
210290.85,210442.54499999998,210985.74,210434.13,210330.585,210227.535,210808.08,210676.41
210313.08,210521.69999999998,211056.345,210456.72,210327.345,210174.525,210731.715,210622.185
210396.645,210656.78999999998,211179.10499999998,210487.995,210304.035,210017.52,210592.44,210560.625
210450.285,210749.03999999998,211268.52,210511.8,210284.775,209901.33,210490.785,210513.96
210492.72,210819.82499999998,211338.18,210533.75999999998,210270.01499999998,209815.425,210410.955,210480.66
210522.96,210850.83,211367.61,210549.82499999998,210263.66999999998,209766.91499999998,210394.755,210490.69499999998
210470.535,210757.41,211285.395,210527.46,210269.205,209845.66499999998,210481.11,210535.38
210368.925,210599.00999999998,211142.52,210482.91,210287.835,210015.94499999998,210623.985,210599.91
210324.01499999998,210520.395,211064.13,210459.33,210301.47,210110.895,210710.745,210656.925
210302.00999999998,210460.54499999998,210999.375,210437.505,210312.405,210181.86,210788.63999999998,210694.54499999998
210288.50999999998,210443.66999999998,210976.56,210424.54499999998,210317.13,210222.13499999998,210801.33,210686.26499999998
210317.085,210528.44999999998,211056.345,210452.805,210317.22,210159.94499999998,210727.88999999998,210654.85499999998
210396.96,210660.93,211174.02,210479.35499999998,210289.22999999998,209996.505,210584.78999999998,210575.29499999998
210457.305,210757.725,211267.845,210506.44499999998,210268.035,209871.94499999998,210489.03,210534.88499999998
210500.505,210827.38499999998,211337.46,210526.83,210248.235,209779.335,210410.145,210501.585
210522.735,210849.435,211355.505,210532.185,210234.735,209726.28,210389.75999999998,210502.97999999998
210385.035,210677.66999999998,211196.655,210436.335,210156.93,209723.805,210344.58,210437.00999999998
210349.755,210488.49,211044.01499999998,210375.81,210167.235,209823.345,210413.78999999998,210531.33
210424.5,210563.37,211107.555,210494.16,210343.275,210086.46,210736.08,210757.31999999998
210307.905,210506.44499999998,211038.03,210474.63,210336.47999999998,210193.38,210819.735,210711.06
210290.58,210493.845,211029.47999999998,210475.845,210350.655,210240.36,210833.235,210703.94999999998
210338.37,210578.805,211108.5,210500.32499999998,210348.94499999998,210175.91999999998,210757.59,210664.215
210422.745,210715.91999999998,211232.16,210532.31999999998,210325.095,210017.52,210617.145,210603.01499999998
210476.16,210807.405,211320.85499999998,210556.125,210305.61,209901.33,210514.31999999998,210556.485
210517.19999999998,210877.065,211389.345,210576.6,210288.465,209814.21,210432.465,210521.655
210539.61,210898.25999999998,211407.47999999998,210581.81999999998,210274.83,209762.505,210415.05,210525.93
210487.905,210805.47,211323.555,210559.54499999998,210281.535,209842.65,210503.565,210571.425
210397.86,210659.22,211193.685,210529.755,210310.83,210020.715,210653.775,210636.495
210343.31999999998,210570.435,211103.865,210494.34,210315.82499999998,210109.77,210736.62,210661.56
210304.8,210505.455,211035.69,210468.10499999998,210318.93,210170.52,210808.16999999998,210688.51499999998
210296.06999999998,210499.19999999998,211031.32499999998,210472.335,210335.895,210216.555,210830.66999999998,210691.845
210343.41,210583.08,211108.77,210497.31,210334.63499999998,210153.50999999998,210756.06,210651.79499999998
210417.3,210712.54499999998,211226.66999999998,210524.75999999998,210312.585,210000.15,210609.63,210584.16
210475.97999999998,210810.87,211323.82499999998,210558.24,210302.505,209895.79499999998,210508.785,210545.055
210526.425,210888.225,211401.27,210588.84,210292.65,209814.21,210431.835,210517.965
210542.13,210901.995,211410.85499999998,210586.68,210274.65,209760.38999999998,210413.475,210516.93
210486.6,210806.055,211323.285,210560.31,210279.6,209841.525,210501.405,210561.47999999998
210398.58,210661.785,211194.99,210531.735,210311.955,210022.335,210652.11,210628.125
210351.285,210580.38,211114.25999999998,210504.24,210323.52,210114.76499999998,210736.62,210658.455
210304.97999999998,210508.60499999998,211041.63,210473.72999999998,210329.595,210184.74,210806.28,210679.47
210286.53,210493.8,211027.905,210469.77,210341.745,210229.47,210821.085,210673.08
210342.41999999998,210587.26499999998,211115.38499999998,210503.88,210345.56999999998,210169.395,210748.63499999998,210640.185
210427.785,210726.09,211241.205,210538.395,210323.43,210011.31,210608.955,210580.785
210479.58,210815.00999999998,211328.505,210561.16499999998,210304.62,209896.65,210507.705,210535.245
210521.69999999998,210883.54499999998,211395.465,210580.19999999998,210286.755,209808.0,210428.81999999998,210501.72
210546.94499999998,210905.28,211411.44,210583.485,210268.08,209748.01499999998,210417.66,210509.595
210497.85,210815.37,211330.16999999998,210564.675,210275.37,209828.655,210509.865,210559.5
210396.645,210658.31999999998,211187.61,210521.52,210295.935,210001.68,210654.04499999998,210613.63499999998
210350.34,210580.60499999998,211113.04499999998,210501.315,210314.925,210103.69499999998,210734.685,210646.71
210308.085,210513.19499999998,211045.86,210476.88,210325.815,210179.25,210803.085,210669.79499999998
210296.69999999998,210504.735,211040.63999999998,210480.66,210343.86,210227.26499999998,210818.69999999998,210668.805
210344.85,210590.055,211119.435,210506.13,210342.375,210160.8,210742.74,210629.43
210423.33,210721.63499999998,211236.75,210531.15,210314.205,209997.9,210600.94499999998,210564.225
210487.995,210825.27,211338.36,210569.715,210304.97999999998,209890.88999999998,210504.91499999998,210529.97999999998
210528.85499999998,210892.59,211405.095,210589.02,210287.97,209804.085,210425.13,210495.06
210553.335,210915.495,211426.65,210599.91,210277.97999999998,209756.115,210408.975,210502.935
210475.215,210796.425,211317.705,210553.83,210259.755,209816.055,210465.18,210520.08
210361.31999999998,210623.75999999998,211158.36,210493.88999999998,210265.91999999998,209973.50999999998,210597.56999999998,210561.93
210353.03999999998,210583.08,211116.06,210505.455,210315.735,210103.065,210731.35499999998,210647.25
210318.88499999998,210524.31,211057.91999999998,210490.56,210332.205,210180.285,210802.31999999998,210690.94499999998
210302.685,210510.85499999998,211047.03,210487.41,210343.68,210222.36,210816.36,210678.66
210352.995,210594.82499999998,211123.16999999998,210507.21,210333.555,210143.025,210743.37,210655.16999999998
210437.595,210732.38999999998,211245.79499999998,210539.61,210308.58,209980.08,210603.87,210581.865
210494.43,210828.555,211340.06999999998,210571.11,210295.66499999998,209873.43,210504.82499999998,210541.13999999998
210530.205,210894.03,211405.905,210590.46,210283.02,209795.66999999998,210421.16999999998,210503.16
210554.28,210916.8,211427.685,210602.115,210275.955,209751.93,210404.925,210512.025
210496.995,210817.53,211339.16999999998,210576.33,210280.31999999998,209835.94499999998,210493.485,210555.09
210394.8,210659.22,211195.035,210531.50999999998,210301.69499999998,210010.41,210640.185,210609.09
210352.63499999998,210584.655,211119.93,210509.81999999998,210316.77,210103.47,210724.47,210653.41499999998
210315.01499999998,210521.78999999998,211056.345,210489.79499999998,210330.09,210177.675,210795.79499999998,210705.66
210291.705,210501.9,211038.03,210479.22,210337.785,210218.44499999998,210805.335,210700.125
210343.455,210591.27,211121.595,210508.56,210338.46,210153.96,210729.33,210667.455
210421.845,210720.96,211239.27,210534.88499999998,210311.81999999998,209992.77,210587.535,210587.805
210478.77,210816.13499999998,211332.555,210565.25999999998,210298.455,209884.59,210489.84,210546.94499999998
210521.97,210886.56,211402.16999999998,210586.86,210282.56999999998,209799.27,210410.1,210514.77
210543.66,210904.785,211418.00999999998,210592.395,210271.22999999998,209753.28,210397.005,210521.16
210495.19499999998,210814.51499999998,211337.775,210575.97,210282.03,209839.995,210491.81999999998,210574.62
210402.72,210663.99,211201.38,210538.215,210300.66,210006.36,210644.28,210637.62
210369.50999999998,210585.78,211124.565,210513.41999999998,210313.62,210094.56,210727.57499999998,210675.735
210354.255,210525.47999999998,211065.56999999998,210497.66999999998,210331.485,210171.6,210802.68,210721.54499999998
210326.985,210502.25999999998,211040.145,210481.69499999998,210331.395,210211.065,210811.86,210712.41
210358.035,210593.38499999998,211125.69,210512.43,210333.24,210145.54499999998,210734.685,210681.09
210444.12,210733.155,211253.26499999998,210548.97,210312.94499999998,209988.85499999998,210594.735,210609.72
210502.53,210829.77,211348.935,210580.60499999998,210301.785,209882.025,210499.47,210571.245
210544.155,210897.94499999998,211416.16499999998,210600.94499999998,210285.44999999998,209796.47999999998,210420.04499999998,210537.315
210554.595,210906.27,211421.205,210597.03,210268.25999999998,209748.78,210403.485,210536.055
210492.495,210805.11,211332.69,210572.81999999998,210282.345,209845.755,210491.145,210578.715
210394.845,210653.505,211197.10499999998,210536.28,210310.245,210027.06,210636.72,210637.395
210346.69499999998,210572.91,211115.655,210507.03,210319.83,210115.845,210719.43,210677.4
210324.82499999998,210509.41499999998,211051.97999999998,210485.34,210332.38499999998,210191.985,210799.88999999998,210729.78
210330.04499999998,210505.41,211049.55,210490.335,210349.755,210238.02,210815.145,210727.845
210358.53,210593.34,211130.00999999998,210515.44499999998,210348.9,210171.33,210736.16999999998,210674.38499999998
210435.56999999998,210723.21,211244.44499999998,210538.16999999998,210318.21,210005.595,210595.54499999998,210608.46
210495.41999999998,210818.29499999998,211336.02,210566.025,210298.31999999998,209887.785,210503.16,210572.505
210544.56,210894.21,211411.71,210594.375,210286.62,209804.22,210427.28999999998,210546.585
210557.655,210903.975,211418.72999999998,210592.16999999998,210271.54499999998,209758.815,210411.81,210546.72
210496.905,210802.995,211329.85499999998,210569.58,210284.505,209856.06,210500.37,210590.72999999998
210408.525,210658.905,211202.37,210540.735,210316.5,210038.94,210650.22,210657.15
210379.86,210580.56,211123.44,210513.10499999998,210333.375,210128.625,210733.965,210698.63999999998
210352.995,210515.66999999998,211056.79499999998,210491.00999999998,210352.13999999998,210206.205,210810.78,210735.44999999998
210315.555,210504.19499999998,211046.58,210487.455,210358.845,210249.94499999998,210822.75,210720.82499999998
210362.985,210590.28,211124.43,210509.81999999998,210354.21,210179.025,210743.055,210695.35499999998
210440.43,210720.19499999998,211240.62,210534.345,210325.22999999998,210014.72999999998,210599.63999999998,210614.44499999998
210495.69,210813.88499999998,211332.41999999998,210564.495,210312.36,209907.36,210502.8,210574.035
210539.745,210883.995,211401.85499999998,210586.22999999998,210297.33,209820.69,210424.905,210542.535
210559.77,210899.43,211414.725,210589.60499999998,210285.27,209773.935,210413.205,210549.19499999998
210501.13499999998,210797.865,211322.88,210563.055,210290.66999999998,209860.60499999998,210506.535,210594.50999999998
210407.085,210646.97999999998,211188.19499999998,210527.41499999998,210314.25,210035.835,210654.04499999998,210654.04499999998
210384.675,210578.75999999998,211120.91999999998,210510.9,210330.225,210119.625,210739.995,210699.81
210369.82499999998,210513.33,211054.905,210485.06999999998,210335.805,210185.505,210821.58,210742.65
210349.845,210505.005,211043.34,210482.41499999998,210343.005,210230.28,210834.36,210740.66999999998
210379.185,210595.68,211127.44499999998,210510.81,210342.41999999998,210160.845,210751.785,210703.63499999998
210460.095,210732.21,211253.985,210546.99,210323.52,210008.52,210606.56999999998,210628.935
210509.955,210819.06,211339.97999999998,210570.07499999998,210306.06,209899.08,210506.805,210582.04499999998
210553.11,210887.505,211407.21,210589.785,210288.41999999998,209809.035,210426.56999999998,210547.16999999998
210573.36,210905.46,211421.97,210595.68,210276.81,209762.46,210415.095,210554.55
210523.63499999998,210813.93,211339.8,210579.16499999998,210288.91499999998,209854.395,210511.485,210608.46
210430.44,210665.565,211207.59,210544.60499999998,210313.71,210028.905,210656.835,210668.22
210401.235,210591.13499999998,211135.455,210522.33,210327.525,210113.00999999998,210737.655,210706.155
210372.47999999998,210531.06,211078.305,210507.03,210343.86,210188.25,210812.58,210750.255
210328.19999999998,210511.25999999998,211056.79499999998,210492.13499999998,210343.54499999998,210224.52,210818.565,210741.975
210381.975,210604.905,211143.555,210522.285,210342.375,210153.555,210738.87,210708.225
210461.31,210736.485,211261.41,210548.61,210313.66499999998,209988.94499999998,210595.995,210627.99
210519.27,210830.895,211354.38,210580.02,210301.245,209883.69,210500.81999999998,210588.56999999998
210573.675,210910.095,211431.645,210609.85499999998,210288.41999999998,209795.44499999998,210426.79499999998,210564.53999999998
210596.49,210926.38499999998,211444.56,210613.455,210271.41,209740.815,210419.595,210575.61
210536.055,210823.785,211351.815,210586.455,210277.25999999998,209829.50999999998,210514.05,210621.645
210437.46,210670.875,211214.475,210548.29499999998,210302.955,210007.88999999998,210657.10499999998,210678.3
210382.65,210586.185,211129.425,210515.03999999998,210317.625,210099.96,210732.47999999998,210709.8
210347.145,210527.37,211070.655,210499.245,210342.15,210188.655,210810.41999999998,210761.91
210333.33,210518.91,211063.22999999998,210498.93,210349.62,210234.01499999998,210820.815,210762.04499999998
210383.145,210606.56999999998,211143.96,210522.24,210344.895,210161.115,210739.31999999998,210721.13999999998
210461.49,210736.845,211260.33,210546.76499999998,210316.275,209997.53999999998,210595.77,210640.455
210521.97,210836.565,211358.29499999998,210583.88999999998,210307.13999999998,209895.79499999998,210502.215,210606.84
210562.335,210902.75999999998,211423.59,210601.215,210289.455,209807.235,210422.38499999998,210573.18
210586.005,210921.525,211441.05,210611.745,210282.21,209767.31999999998,210415.095,210586.77
210528.18,210821.26499999998,211351.31999999998,210587.85,210291.615,209858.985,210511.88999999998,210634.56
210433.22999999998,210669.84,211214.88,210550.63499999998,210315.78,210033.315,210657.50999999998,210692.88
210403.845,210595.94999999998,211141.53,210527.37,210330.63,210118.41,210737.61,210731.22
210390.03,210540.50999999998,211091.35499999998,210518.81999999998,210355.19999999998,210196.62,210814.60499999998,210778.02
210376.66499999998,210533.4,211083.79499999998,210517.69499999998,210365.235,210231.405,210829.77,210770.28
210429.13499999998,210617.46,211155.66,210532.095,210358.57499999998,210151.53,210756.06,210730.365
210487.185,210752.28,211276.16999999998,210561.03,210327.615,209992.185,210615.705,210653.055
210532.54499999998,210837.87,211360.22999999998,210584.43,210311.81999999998,209889.585,210514.54499999998,210605.22
210573.675,210906.495,211429.16999999998,210607.74,210300.21,209812.22999999998,210432.735,210571.69499999998
210596.715,210924.9,211446.99,210619.57499999998,210293.41499999998,209773.71,210426.84,210586.05
210532.365,210817.35,211348.44,210588.3,210297.69,209861.955,210520.935,210628.97999999998
210443.22,210673.53,211219.83,210557.88,210326.985,210040.02,210669.07499999998,210692.97
210400.38,210598.51499999998,211144.185,210531.555,210341.69999999998,210125.655,210750.345,210732.93
210360.465,210532.995,211078.755,210509.685,210362.31,210205.62,210827.25,210771.585
210347.235,210524.44499999998,211072.94999999998,210508.69499999998,210369.645,210247.47,210836.29499999998,210755.43
210398.535,210614.985,211156.065,210534.38999999998,210365.505,210173.03999999998,210753.36,210730.41
210483.18,210753.675,211281.12,210567.19499999998,210341.52,210012.79499999998,210612.735,210658.22999999998
210538.97999999998,210847.54499999998,211373.685,210598.38,210329.91,209909.925,210518.955,210620.25
210583.08,210917.205,211441.86,210620.06999999998,210315.41999999998,209824.335,210441.96,210588.79499999998
210598.245,210926.745,211449.465,210621.50999999998,210303.04499999998,209782.035,210432.82499999998,210595.455
210530.29499999998,210813.84,211344.12,210582.72,210300.84,209863.08,210529.25999999998,210636.72
210435.56999999998,210661.875,211205.61,210541.41,210320.32499999998,210029.66999999998,210677.085,210695.26499999998
210412.25999999998,210595.05,211139.055,210525.93,210340.08,210117.41999999998,210759.705,210740.13
210377.115,210532.005,211079.205,210509.505,210360.41999999998,210201.255,210832.155,210782.61
210344.44499999998,210527.235,211075.47,210512.69999999998,210376.485,210254.58,210839.44499999998,210776.085
210396.285,210618.495,211159.485,210539.205,210373.91999999998,210182.985,210757.365,210720.87
210473.91,210749.22,211276.88999999998,210564.495,210345.88499999998,210020.985,210613.54499999998,210654.63
210535.47,210848.985,211376.29499999998,210604.185,210338.81999999998,209923.245,210522.50999999998,210624.12
210581.19,210920.49,211447.08,210629.205,210325.31999999998,209837.88,210445.19999999998,210595.185
210595.005,210928.905,211454.955,210630.735,210313.035,209796.88499999998,210436.785,210602.34
210527.145,210817.35,211354.335,210597.21,210315.41999999998,209887.56,210531.82499999998,210643.51499999998
210436.56,210672.04499999998,211224.285,210565.16999999998,210345.03,210064.41,210677.35499999998,210704.895
210402.18,210589.335,211139.865,210529.44,210355.60499999998,210144.33,210754.08,210738.285
210373.11,210520.97999999998,211071.375,210504.82499999998,210374.235,210225.645,210829.54499999998,210781.53
210340.25999999998,210514.68,211067.055,210504.375,210379.68,210266.685,210835.57499999998,210772.62
210400.875,210615.435,211161.19499999998,210540.41999999998,210380.49,210194.955,210754.035,210722.535
210488.715,210754.935,211286.78999999998,210572.595,210351.41999999998,210024.63,210616.56,210664.305
210538.035,210839.085,211368.285,210592.035,210328.245,209908.755,210521.61,210620.52
210580.065,210907.44,211434.88499999998,210612.375,210311.955,209821.095,210442.41,210587.535
210601.845,210924.63,211452.07499999998,210625.245,210309.435,209789.955,210434.31,210600.36
210534.66,210814.83,211353.79499999998,210595.41,210318.75,209888.145,210527.28,210642.21
210445.60499999998,210671.055,211226.31,210565.62,210348.0,210065.805,210674.43,210704.22
210402.495,210597.56999999998,211150.485,210540.285,210357.53999999998,210149.81999999998,210755.52,210744.495
210372.47999999998,210529.485,211082.26499999998,210514.86,210366.495,210233.34,210838.005,210789.585
210369.87,210514.095,211067.46,210503.205,210369.91499999998,210270.285,210842.72999999998,210772.71
210406.365,210612.91499999998,211159.215,210535.56,210370.995,210197.52,210761.46,210721.095
210492.72,210752.72999999998,211286.655,210571.65,210348.76499999998,210037.77,210621.285,210662.685
210539.88,210836.29499999998,211368.735,210594.01499999998,210330.81,209933.145,210524.75999999998,210619.16999999998
210583.16999999998,210905.685,211436.055,210614.58,210314.38499999998,209846.97,210447.76499999998,210587.35499999998
210603.78,210920.895,211451.31,210623.985,210308.44499999998,209812.86,210445.91999999998,210602.97
210537.495,210809.745,211349.835,210591.495,210314.06999999998,209906.81999999998,210543.03,210646.395
210446.775,210664.08,211218.705,210559.31999999998,210341.655,210083.75999999998,210691.08,210708.72
210415.005,210586.095,211140.53999999998,210527.46,210347.19,210155.44499999998,210773.52,210744.44999999998
210405.82499999998,210535.155,211087.485,210516.38999999998,210371.085,210237.03,210859.60499999998,210793.905
210387.82499999998,210533.895,211074.705,210509.505,210386.38499999998,210278.43,210865.22999999998,210782.61
210415.185,210624.56999999998,211160.745,210536.685,210382.785,210210.88499999998,210777.88499999998,210724.425
210496.68,210761.37,211285.215,210571.11,210362.985,210056.44499999998,210636.09,210663.85499999998
210542.535,210844.16999999998,211366.97999999998,210592.485,210346.11,209952.13499999998,210540.465,210620.78999999998
210585.285,210912.12,211432.86,210611.97,210329.955,209865.87,210463.38,210590.00999999998
210608.55,210929.66999999998,211448.16,210624.16499999998,210325.005,209832.435,210462.255,210607.69499999998
210545.685,210822.525,211351.77,210597.255,210334.31999999998,209929.995,210561.525,210656.655
210442.41,210663.72,211206.735,210549.78,210353.44499999998,210101.58,210703.905,210706.335
210413.205,210589.785,211133.38499999998,210524.985,210366.495,210182.805,210783.15,210742.83
210386.38499999998,210531.645,211078.215,210513.41999999998,210387.285,210264.345,210859.56,210781.08
210360.285,210531.78,211078.53,210517.91999999998,210399.975,210307.095,210868.38,210765.285
210414.78,210626.145,211165.38,210544.83,210395.655,210230.46,210784.31999999998,210722.175
210491.63999999998,210756.10499999998,211281.345,210568.095,210366.27,210065.085,210640.995,210655.035
210543.525,210845.43,211369.31999999998,210595.77,210352.095,209963.205,210547.88999999998,210617.32499999998
210589.83,210914.81999999998,211434.47999999998,210613.86,210330.13499999998,209866.365,210474.18,210588.16499999998
210605.22,210921.75,211439.115,210614.895,210315.555,209823.3,210470.895,210598.56
210542.03999999998,210814.47,211342.22999999998,210588.66,210323.97,209921.26499999998,210571.155,210647.205
210452.26499999998,210672.53999999998,211217.085,210561.21,210359.78999999998,210108.33,210714.255,210709.16999999998
210420.0,210593.655,211136.35499999998,210529.71,210367.53,210191.75999999998,210789.675,210743.46
210399.88499999998,210535.965,211079.34,210514.94999999998,210384.63,210271.59,210869.72999999998,210786.66
210368.655,210533.44499999998,211078.62,210517.155,210397.41,210307.41,210875.805,210771.36
210422.25,210626.55,211164.345,210544.11,210392.19,210228.3,210789.09,210743.955
210506.085,210762.675,211288.31999999998,210576.78,210367.215,210066.3,210647.925,210668.58
210553.965,210846.82499999998,211372.02,210599.91,210351.01499999998,209963.38499999998,210553.155,210625.38
210604.54499999998,210922.875,211446.63,210628.305,210340.71,209879.685,210478.59,210600.63
210621.19499999998,210932.505,211454.00999999998,210632.805,210331.97999999998,209843.955,210475.08,210613.31999999998
210557.835,210824.685,211356.36,210605.35499999998,210342.01499999998,209943.27,210574.71,210661.38
210463.28999999998,210675.19499999998,211221.18,210568.275,210366.9,210117.06,210718.71,210718.53
210436.785,210603.96,211151.61,210546.495,210379.22999999998,210195.9,210796.785,210755.88
210407.58,210546.09,211096.935,210533.535,210396.96,210273.435,210870.405,210802.095
210385.755,210538.215,211085.91,210527.19,210397.05,210297.33,210877.56,210807.495
210459.01499999998,210628.485,211167.44999999998,210560.085,210396.50999999998,210212.595,210794.895,210774.735
210510.63,210757.095,211282.065,210579.66,210360.06,210049.19999999998,210650.535,210679.19999999998
210560.4,210847.63499999998,211373.595,210613.095,210354.21,209959.02,210554.46,210639.01499999998
210610.66499999998,210923.91,211449.285,210644.00999999998,210346.83,209880.18,210478.095,210614.535
210618.36,210923.955,211448.16,210639.10499999998,210331.215,209839.815,210471.435,210618.675
210551.805,210813.3,211347.76499999998,210609.09,210338.955,209937.78,210571.155,210664.53
210458.835,210666.41999999998,211214.52,210573.675,210364.065,210113.32499999998,210716.19,210723.345
210423.96,210600.495,211146.975,210553.83,210376.755,210196.395,210795.12,210756.82499999998
210393.13499999998,210534.66,211084.425,210526.83,210391.65,210270.78,210863.88,210787.38
210397.095,210537.81,211092.88499999998,210524.58,210411.315,210302.235,210862.66499999998,210787.02
210437.81999999998,210639.41999999998,211184.28,210560.13,210407.44499999998,210225.78,210776.895,210737.88
210524.94,210780.405,211312.25999999998,210596.985,210385.8,210064.68,210637.035,210680.72999999998
210578.985,210870.94499999998,211402.845,210628.62,210374.55,209965.68,210545.955,210644.145
210620.78999999998,210938.44499999998,211468.275,210647.205,210357.0,209876.715,210468.33,210611.88
210627.225,210936.96,211464.04499999998,210640.095,210339.27,209834.145,210464.37,210616.47
210571.28999999998,210832.83,211369.54499999998,210615.21,210345.47999999998,209925.63,210571.965,210671.72999999998
210479.805,210686.44499999998,211236.12,210579.93,210370.31999999998,210098.38499999998,210716.91,210730.13999999998
210451.68,210616.155,211165.335,210556.25999999998,210384.225,210178.305,210792.285,210766.31999999998
210419.775,210556.53,211111.875,210545.37,210409.56,210266.81999999998,210860.41499999998,210799.97999999998
210386.16,210550.41,211104.675,210542.44499999998,210416.535,210304.485,210861.585,210774.24
210442.095,210646.935,211193.37,210570.21,210412.08,210223.97999999998,210774.735,210729.96
210527.055,210785.805,211318.69499999998,210603.82499999998,210388.86,210062.16,210633.16499999998,210670.47
210581.145,210875.75999999998,211407.75,210634.56,210377.43,209963.29499999998,210541.77,210634.245
210623.31,210942.94499999998,211473.675,210653.955,210359.29499999998,209874.375,210465.27,210600.85499999998
210627.85499999998,210939.88499999998,211468.905,210646.845,210342.10499999998,209834.63999999998,210460.68,210604.59
210562.69499999998,210829.185,211369.22999999998,210618.405,210350.52,209936.97,210563.775,210653.505
210474.675,210686.4,211241.88,210588.705,210380.22,210115.845,210710.25,210716.81999999998
210444.79499999998,210613.59,211168.485,210560.715,210391.02,210190.365,210785.31,210751.02
210421.97999999998,210561.345,211121.145,210554.235,210415.725,210273.66,210861.99,210790.71
210392.235,210558.645,211116.555,210553.155,210421.755,210308.985,210865.095,210767.35499999998
210446.595,210653.775,211203.18,210576.82499999998,210413.61,210223.485,210778.02,210722.44499999998
210527.19,210783.735,211316.625,210596.49,210376.53,210046.275,210638.88,210657.6
210579.47999999998,210873.01499999998,211403.29499999998,210624.93,210362.085,209944.755,210545.41499999998,210619.53
210591.04499999998,210913.245,211442.85,210618.81,210312.495,209824.91999999998,210421.44,210562.28999999998
210616.785,210929.58,211457.025,210632.03999999998,210323.78999999998,209832.21,210467.52,210603.285
210568.05,210835.8,211375.44,210622.86,210355.785,209965.905,210598.56,210662.00999999998
210467.38499999998,210680.81999999998,211235.66999999998,210579.345,210376.66499999998,210139.02,210737.88,210711.50999999998
210431.29499999998,210614.535,211168.035,210560.44499999998,210389.4,210221.685,210816.44999999998,210745.16999999998
210393.13499999998,210554.235,211107.78,210543.345,210405.91499999998,210301.51499999998,210888.94499999998,210774.01499999998
210383.28,210552.21,211107.735,210543.79499999998,210416.985,210333.10499999998,210889.97999999998,210762.04499999998
210437.72999999998,210647.43,211195.305,210569.31,210410.955,210250.395,210801.96,210715.69499999998
210515.895,210778.425,211313.52,210594.50999999998,210381.435,210085.74,210659.175,210649.94999999998
210568.54499999998,210866.625,211401.63,210626.00999999998,210370.31999999998,209989.035,210568.41,210614.31
210620.38499999998,210943.485,211477.22999999998,210656.78999999998,210360.91499999998,209906.46,210495.78,210592.935
210632.13,210948.12,211479.38999999998,210657.6,210350.655,209873.29499999998,210495.19499999998,210605.085
210558.15,210827.61,211369.86,210618.585,210353.4,209970.9,210596.75999999998,210647.25
210464.81999999998,210677.805,211234.77,210578.985,210376.125,210140.505,210741.84,210714.84
210450.375,210617.91,211171.725,210562.60499999998,210388.005,210208.94999999998,210824.37,210772.71
210439.8,210565.66499999998,211117.59,210552.21,210407.085,210287.29499999998,210899.06999999998,210807.72
210420.63,210568.455,211110.07499999998,210547.485,210411.09,210318.56999999998,210896.145,210791.655
210451.5,210661.11,211199.35499999998,210575.25,210409.965,210241.935,210801.735,210730.13999999998
210443.895,210710.29499999998,211237.83,210522.735,210292.11,209987.1,210527.505,210553.19999999998
210499.51499999998,210738.24,211265.505,210509.37,210235.995,209811.10499999998,210362.22,210521.29499999998
210615.79499999998,210903.56999999998,211418.32499999998,210625.69499999998,210321.94499999998,209861.1,210476.655,210630.01499999998
210612.555,210926.78999999998,211437.0,210639.78,210324.735,209877.705,210520.485,210627.585
210565.305,210835.97999999998,211357.44,210632.94,210355.74,210005.505,210647.29499999998,210685.455
210472.83,210691.44,211227.345,210598.60499999998,210380.805,210179.88,210788.865,210740.4
210435.07499999998,210623.085,211157.055,210574.35,210390.56999999998,210257.505,210864.285,210769.245
210402.72,210567.96,211103.19,210563.37,210409.335,210338.72999999998,210936.735,210801.15
210389.75999999998,210563.595,211100.715,210559.31999999998,210416.58,210366.585,210935.29499999998,210784.68
210452.26499999998,210667.13999999998,211198.005,210593.52,210414.96,210283.56,210847.22999999998,210744.585
210501.85499999998,210771.13499999998,211289.085,210593.29499999998,210352.77,210082.77,210653.00999999998,210639.645
210563.055,210863.16,211377.82499999998,210621.50999999998,210347.145,209991.645,210588.21,210620.43
210631.94999999998,210954.10499999998,211465.035,210661.065,210347.145,209915.63999999998,210543.84,210617.00999999998
210649.68,210965.44499999998,211474.97999999998,210670.91999999998,210341.43,209886.93,210544.56,210634.56
210533.13,210790.035,211315.185,210588.12,210288.645,209924.145,210550.68,210624.56999999998
210451.005,210582.81,211130.145,210515.44499999998,210280.185,210045.285,210631.995,210663.27
210439.62,210572.46,211106.745,210547.71,210353.85,210204.0,210824.595,210745.25999999998
210414.10499999998,210572.595,211101.705,210583.305,210422.475,210365.91,210989.16,210816.36
210405.465,210583.305,211114.305,210595.63499999998,210439.97999999998,210404.205,210987.81,210802.31999999998
210463.38,210682.935,211206.50999999998,210624.975,210434.895,210319.965,210896.37,210756.78
210548.655,210820.815,211331.97,210659.58,210411.81,210159.04499999998,210756.33,210697.60499999998
210600.18,210907.935,211417.91999999998,210688.69499999998,210399.56999999998,210063.24,210667.13999999998,210660.84
210639.555,210970.44,211478.44499999998,210702.06,210377.97,209972.97,210590.1,210625.785
210653.37,210975.705,211483.395,210707.00999999998,210371.4,209945.43,210593.61,210642.56999999998
210580.60499999998,210856.815,211375.66499999998,210672.81,210378.06,210049.60499999998,210698.37,210688.425
210491.32499999998,210712.63499999998,211246.69499999998,210640.77,210405.33,210225.78,210843.585,210748.365
210444.345,210634.69499999998,211165.83,210605.35499999998,210408.03,210298.31999999998,210915.27,210768.93
210405.69,210572.28,211102.875,210584.115,210419.63999999998,210371.805,210988.485,210795.93
210408.12,210583.08,211113.72,210592.08,210431.025,210394.125,210993.12,210791.52
210468.96,210684.555,211206.69,210622.725,210426.79499999998,210307.905,210902.805,210748.31999999998
210552.07499999998,210821.805,211331.475,210656.745,210404.835,210149.955,210760.785,210689.28
210601.305,210909.06,211420.53,210690.04499999998,210399.88499999998,210064.86,210667.05,210652.335
210643.785,210975.79499999998,211484.97,210708.76499999998,210383.595,209977.60499999998,210590.505,210622.365
210645.94499999998,210967.91999999998,211474.485,210699.81,210367.16999999998,209943.44999999998,210590.81999999998,210628.25999999998
210576.69,210852.405,211370.4,210670.60499999998,210377.43,210049.56,210697.83,210677.175
210490.28999999998,210712.365,211243.63499999998,210640.095,210407.13,210226.05,210842.19,210738.285
210443.625,210636.04499999998,211163.75999999998,210605.44499999998,210410.235,210297.41999999998,210913.155,210758.75999999998
210404.06999999998,210574.16999999998,211103.00999999998,210586.365,210425.66999999998,210376.305,210982.995,210784.54499999998
210406.005,210586.095,211117.13999999998,210598.47,210441.78,210409.91999999998,210984.03,210779.72999999998
210466.53,210688.91999999998,211211.63999999998,210629.34,210436.38,210323.88,210894.435,210736.125
210550.995,210824.595,211335.79499999998,210662.32499999998,210411.99,210159.99,210754.305,210676.31999999998
210597.12,210905.72999999998,211416.56999999998,210685.005,210396.33,210060.36,210661.47,210634.91999999998
210647.655,210980.745,211489.65,210711.50999999998,210383.46,209974.31999999998,210588.705,210610.62
210661.245,210983.31,211490.1,210711.78,210370.86,209940.3,210595.31999999998,210627.315
210595.185,210866.75999999998,211383.63,210678.79499999998,210375.09,210037.94999999998,210706.02,210678.3
210493.62,210712.22999999998,211241.835,210631.725,210391.74,210204.63,210842.055,210723.88499999998
210456.72,210647.88,211174.56,210611.025,210405.645,210286.71,210916.215,210754.71
210411.315,210582.04499999998,211111.425,210590.46,210422.745,210371.66999999998,210980.565,210775.54499999998
210410.46,210592.35,211123.035,210599.91,210438.04499999998,210402.36,210979.215,210767.895
210470.175,210693.87,211217.175,210628.8,210432.33,210313.71,210888.27,210722.535
210548.06999999998,210823.02,211333.5,210653.81999999998,210401.91,210147.03,210744.9,210656.43
210599.81999999998,210910.365,211420.88999999998,210684.285,210391.28999999998,210052.08,210654.675,210620.61
210652.91999999998,210987.585,211496.66999999998,210713.625,210379.94999999998,209967.03,210581.46,210599.00999999998
210664.215,210989.565,211497.435,210716.00999999998,210371.085,209938.41,210585.6,210613.54499999998
210595.095,210872.475,211392.0,210686.4,210380.895,210045.19499999998,210692.52,210663.495
210493.53,210717.315,211250.97,210640.31999999998,210401.055,210212.775,210831.345,210711.96
210452.75999999998,210647.34,211178.34,210612.96,210407.805,210286.35,210903.75,210737.06999999998
210422.025,210594.645,211127.66999999998,210603.82499999998,210427.56,210368.52,210976.245,210770.235
210418.60499999998,210601.035,211135.13999999998,210609.18,210439.08,210395.475,210972.78,210758.715
210478.86,210701.34,211224.87,210633.47999999998,210426.615,210297.735,210881.88,210711.96
210560.35499999998,210833.145,211341.555,210657.24,210390.345,210121.47,210742.19999999998,210648.87
210617.775,210926.29499999998,211435.91999999998,210694.41,210383.37,210028.94999999998,210654.85499999998,210618.315
210660.47999999998,210994.965,211503.69,210716.91,210369.33,209944.97999999998,210576.41999999998,210588.435
210659.85,210985.28999999998,211493.69999999998,210709.08,210359.43,209918.97,210574.035,210593.655
210588.21,210866.85,211386.06,210676.77,210368.25,210026.38499999998,210680.505,210642.21
210497.085,210722.31,211255.47,210641.22,210393.72,210198.82499999998,210822.03,210699.13499999998
210464.37,210658.77,211190.13,210623.13,210405.96,210275.055,210897.585,210731.535
210419.505,210591.405,211122.76499999998,210598.425,210415.815,210351.735,210964.41,210751.38
210412.71,210595.54499999998,211128.93,210600.585,210424.815,210375.27,210960.18,210735.94499999998
210478.94999999998,210705.435,211230.585,210636.04499999998,210423.69,210287.835,210870.495,210695.985
210560.13,210838.41,211349.88,210663.81,210396.06,210121.56,210728.835,210632.75999999998
210611.06999999998,210924.225,211436.595,210693.87,210384.63,210026.29499999998,210639.735,210597.435
210662.81999999998,210999.15,211508.955,210721.275,210372.12,209940.255,210566.655,210575.115
210665.025,210990.24,211498.83,210713.75999999998,210357.09,209909.16,210569.805,210582.495
210593.29499999998,210870.85499999998,211391.595,210682.215,210365.865,210018.06,210677.085,210631.68
210504.15,210726.63,211260.15,210644.595,210387.19499999998,210183.21,210822.21,210690.585
210473.055,210664.215,211194.72,210623.4,210394.97999999998,210250.97999999998,210900.735,210724.47
210428.955,210597.66,211128.79499999998,210599.055,210406.68,210328.11,210967.83,210745.845
210426.255,210609.675,211142.06999999998,210609.63,210424.815,210361.86,210961.53,210734.91
210487.41,210715.155,211240.935,210644.595,210424.185,210278.61,210865.41,210689.505
210571.245,210851.055,211364.28,210677.31,210399.12,210113.865,210724.83,210629.78999999998
210615.255,210929.66999999998,211442.49,210698.235,210382.875,210016.53,210634.02,210588.525
210663.85499999998,211002.88499999998,211513.185,210723.705,210367.8,209929.095,210561.21,210564.53999999998
210666.735,210995.28,211504.185,210717.76499999998,210353.44499999998,209900.29499999998,210566.29499999998,210575.16
210602.29499999998,210883.13999999998,211403.97,210694.77,210367.845,210014.28,210678.79499999998,210631.77
210512.43,210740.44499999998,211274.81999999998,210660.21,210394.485,210186.585,210821.22,210689.145
210472.60499999998,210671.595,211203.09,210630.555,210400.65,210258.585,210893.22,210714.345
210425.4,210602.205,211134.285,210603.19499999998,210409.245,210333.41999999998,210959.00999999998,210732.84
210420.04499999998,210607.51499999998,211140.76499999998,210605.66999999998,210418.51499999998,210356.37,210952.97999999998,210717.495
210488.44499999998,210718.305,211243.815,210642.93,210416.805,210267.225,210861.225,210677.13
210569.13,210851.37,211363.19999999998,210670.785,210388.31999999998,210100.41,210719.925,210615.07499999998
210626.865,210942.495,211452.66,210703.22999999998,210374.28,210000.50999999998,210637.485,210585.15
210669.525,211005.04499999998,211511.565,210715.47,210349.035,209902.185,210564.495,210553.335
210680.055,211005.72,211511.34,210719.29499999998,210342.41999999998,209878.875,210573.04499999998,210571.91999999998
210601.97999999998,210882.41999999998,211401.04499999998,210687.03,210354.84,209995.60499999998,210677.75999999998,210617.41499999998
210512.38499999998,210742.47,211275.36,210658.77,210387.465,210176.595,210818.16,210676.005
210466.755,210667.68,211196.115,210624.255,210389.625,210246.12,210887.955,210707.55
210425.715,210603.96,211135.005,210604.22999999998,210403.485,210324.285,210956.085,210753.85499999998
210428.00999999998,210617.55,211150.845,210615.12,210418.11,210351.06,210952.53,210752.595
210489.07499999998,210720.91499999998,211244.44499999998,210643.28999999998,210410.81999999998,210258.225,210857.44499999998,210712.31999999998
210567.06,210850.83,211360.31999999998,210668.44499999998,210382.155,210092.44499999998,210715.02,210633.56999999998
210623.535,210942.675,211453.335,210705.75,210376.125,210004.02,210629.88,210602.78999999998
210670.83,211012.47,211521.96,210728.38499999998,210360.78,209917.53,210557.61,210578.22
210677.31,211006.57499999998,211516.155,210727.57499999998,210351.96,209894.31,210565.97999999998,210593.655
210603.10499999998,210885.435,211406.44499999998,210696.47999999998,210362.715,210009.645,210677.22,210643.47
210503.835,210732.705,211266.99,210651.66,210382.11,210179.69999999998,210816.18,210691.97999999998
210486.6,210673.88999999998,211208.44499999998,210636.13499999998,210399.345,210255.47999999998,210891.50999999998,210735.13499999998
210475.57499999998,210620.06999999998,211154.13,210620.655,210420.18,210332.29499999998,210965.58,210780.44999999998
210455.595,210623.31,211145.805,210605.715,210422.69999999998,210349.125,210954.465,210762.18
210499.83,210732.21,211246.91999999998,210640.77,210414.78,210259.88999999998,210859.91999999998,210724.11
210583.97999999998,210871.44,211374.72,210679.83,210398.4,210107.115,210716.685,210652.335
210631.095,210955.94999999998,211459.68,210711.10499999998,210390.615,210020.085,210625.91999999998,210615.435
210666.78,211014.495,211514.44499999998,210720.645,210367.305,209926.8,210548.745,210579.88499999998
210670.245,211006.035,211506.12,210717.44999999998,210356.91,209902.815,210556.53,210593.69999999998
210599.72999999998,210888.13499999998,211402.035,210689.235,210371.13,210019.275,210667.77,210646.88999999998
210516.255,210753.495,211281.615,210663.04499999998,210402.405,210194.28,210811.22999999998,210709.305
210478.5,210686.13,211211.81999999998,210637.035,210410.145,210266.37,210883.68,210746.745
210430.305,210616.51499999998,211141.935,210609.81,210418.69499999998,210341.16,210947.31,210786.525
210424.905,210624.16499999998,211149.76499999998,210612.10499999998,210427.875,210361.86,210938.175,210774.33
210494.61,210737.16,211255.875,210650.26499999998,210426.705,210270.6,210844.66499999998,210738.82499999998
210580.875,210875.535,211381.91999999998,210685.31999999998,210403.485,210108.19499999998,210704.13,210667.41
210624.79499999998,210953.475,211460.085,210707.235,210386.475,210012.21,210613.815,210625.785
210673.97999999998,211024.8,211529.61,210731.35499999998,210370.86,209923.83,210541.995,210601.66499999998
210675.82499999998,211011.56999999998,211513.41,210719.61,210350.69999999998,209886.88499999998,210552.345,210612.78
210604.455,210890.205,211403.205,210687.255,210359.655,209997.94499999998,210666.555,210665.25
210520.305,210754.53,211281.21,210660.03,210390.47999999998,210174.03,210810.375,210726.81
210497.085,210692.025,211218.88499999998,210643.785,210409.28999999998,210255.56999999998,210880.485,210763.755
210465.495,210633.66,211165.785,210631.59,210430.97999999998,210341.06999999998,210949.155,210795.16499999998
210433.185,210632.31,211160.655,210621.645,210429.44999999998,210360.555,210937.68,210758.75999999998
210501.18,210744.09,211264.47,210658.59,210428.37,210268.53,210844.53,210716.72999999998
210589.02,210883.995,211391.955,210695.35499999998,210405.33,210106.215,210706.83,210661.02
210639.50999999998,210968.37,211476.87,210725.19,210394.16999999998,210015.405,210619.97999999998,210626.81999999998
210683.34,211035.06,211540.68,210743.81999999998,210376.97999999998,209927.38499999998,210546.13499999998,210599.595
210685.54499999998,211026.24,211529.925,210739.68,210367.8,209903.985,210555.585,210614.66999999998
210606.435,210898.125,211414.185,210701.97,210375.315,210017.61,210666.41999999998,210661.11
210521.655,210760.91999999998,211290.66,210672.04499999998,210404.38499999998,210191.94,210810.10499999998,210730.995
210499.065,210696.705,211225.59,210650.31,210416.535,210261.33,210882.19499999998,210780.94499999998
210460.725,210630.645,211164.255,210628.935,210430.125,210338.1,210949.785,210792.555
210434.66999999998,210635.055,211166.41499999998,210625.60499999998,210434.85,210358.16999999998,210942.13499999998,210768.38999999998
210506.31,210747.41999999998,211268.78999999998,210659.03999999998,210437.81999999998,210257.37,210857.4,210744.81
210593.97,210886.91999999998,211394.38499999998,210693.465,210406.995,210093.79499999998,210721.455,210675.06
210643.335,210970.935,211479.21,210724.785,210395.34,210003.56999999998,210632.94,210639.33
210684.555,211036.41,211543.91999999998,210747.06,210383.505,209923.38,210555.315,210610.25999999998
210688.28999999998,211028.75999999998,211535.72999999998,210746.06999999998,210378.15,209905.785,210565.215,210626.235
210613.22999999998,210904.965,211424.13,210712.815,210388.54499999998,210022.335,210678.03,210677.085
210514.185,210751.65,211285.035,210665.52,210406.41,210189.50999999998,210814.51499999998,210723.75
210490.69499999998,210686.31,211218.705,210642.66,210418.56,210261.06,210887.235,210759.345
210468.10499999998,210637.755,211173.47999999998,210639.6,210444.56999999998,210346.91999999998,210960.27,210797.63999999998
210438.76499999998,210639.6,211173.03,210634.02,210444.705,210366.675,210949.47,210763.395
210505.275,210750.79499999998,211275.81,210669.75,210441.69,210273.84,210854.69999999998,210720.33
210585.82499999998,210883.275,211395.555,210699.585,210415.365,210110.13,210713.22,210657.50999999998
210640.905,210973.905,211487.13,210736.755,210410.235,210023.19,210629.025,210629.06999999998
210687.975,211042.62,211554.315,210758.085,210394.71,209935.845,210557.34,210603.645
210690.85499999998,211031.63999999998,211543.83,210754.62,210384.94499999998,209915.28,210568.77,210618.495
210609.04499999998,210899.97,211423.94999999998,210713.535,210390.03,210027.555,210679.56,210673.395
210517.56,210752.41499999998,211287.01499999998,210668.85,210405.06,210184.51499999998,210822.79499999998,210751.83
210495.10499999998,210688.19999999998,211222.25999999998,210646.16999999998,210415.68,210251.43,210902.75999999998,210788.595
210471.3,210638.97,211177.71,210642.345,210442.13999999998,210338.32499999998,210975.79499999998,210823.83
210438.18,210640.455,211178.29499999998,210638.745,210447.53999999998,210365.595,210958.02,210798.13499999998
210504.33,210751.74,211282.60499999998,210675.87,210446.595,210275.235,210860.37,210741.56999999998
210584.52,210884.03999999998,211402.125,210705.88499999998,210419.865,210110.75999999998,210718.71,210679.11
210639.645,210973.815,211494.33,210744.0,210415.63499999998,210023.865,210633.56999999998,210649.86
210685.59,211043.205,211560.88499999998,210766.63499999998,210401.41499999998,209937.10499999998,210561.435,210624.255
210686.985,211031.775,211549.77,210763.305,210392.46,209917.71,210572.1,210639.41999999998
210605.895,210901.815,211432.63499999998,210725.55,210400.245,210033.495,210683.78999999998,210685.86
210521.745,210765.87,211310.46,210696.255,210429.85499999998,210206.835,210825.315,210744.53999999998
210503.78999999998,210702.555,211243.63499999998,210673.25999999998,210444.88499999998,210277.755,210896.1,210784.31999999998
210476.88,210640.815,211185.09,210653.505,210468.735,210355.155,210958.91999999998,210828.50999999998
210453.56999999998,210651.79499999998,211196.52,210657.19499999998,210472.60499999998,210372.12,210945.06,210811.905
210514.77,210758.085,211294.08,210687.705,210464.72999999998,210273.84,210845.38499999998,210749.22
210593.78999999998,210888.18,211411.845,210714.345,210435.75,210105.405,210703.41,210684.735
210649.995,210977.55,211500.85499999998,210747.01499999998,210423.50999999998,210006.09,210620.205,210654.85499999998
210688.38,211038.56999999998,211558.095,210759.435,210401.32499999998,209911.995,210545.145,210623.085
210688.11,211026.78,211545.94499999998,210755.205,210392.865,209894.13,210555.405,210638.43
210612.19499999998,210905.00999999998,211438.25999999998,210729.10499999998,210412.845,210023.46,210665.38499999998,210690.63
210531.78,210772.16999999998,211319.46,210702.555,210443.85,210197.88,210804.975,210750.975
210512.655,210712.13999999998,211249.935,210676.185,210455.685,210264.66,210874.725,210788.865
210476.745,210648.96,211181.31,210646.485,210471.345,210341.115,210942.18,210814.56
210453.66,210658.365,211194.675,210650.535,210472.875,210358.88999999998,210930.21,210782.52
210526.65,210776.85,211305.285,210691.755,210472.47,210263.805,210833.145,210742.155
210611.88,210914.00999999998,211431.24,210728.06999999998,210450.285,210100.77,210691.97999999998,210684.96
210654.94499999998,210991.455,211509.495,210752.145,210436.69499999998,210006.585,210601.8,210644.32499999998
210704.535,211064.22,211579.83,210778.02,210423.465,209919.15,210530.29499999998,210622.185
210702.06,211047.615,211563.27,210769.155,210410.00999999998,209896.245,210540.285,210634.425
210626.28,210921.56999999998,211450.63499999998,210735.495,210419.595,210012.255,210654.585,210685.68
210538.97999999998,210783.285,211323.555,210699.315,210442.275,210176.685,210793.31999999998,210740.715
210526.91999999998,210728.38499999998,211267.97999999998,210683.88,210453.705,210239.685,210868.11,210784.22999999998
210511.485,210668.03999999998,211208.66999999998,210661.245,210466.305,210306.24,210946.995,210823.11
210511.215,210683.205,211218.975,210664.44,210478.995,210322.44,210943.125,210811.54499999998
210552.345,210792.375,211319.28,210696.12,210466.395,210221.91,210840.88499999998,210766.41
210626.19,210921.03,211439.025,210726.94499999998,210443.4,210063.01499999998,210691.215,210686.22
210681.13499999998,211011.345,211532.175,210765.41999999998,210439.71,209975.94,210604.63499999998,210656.25
210728.25,211081.41,211598.72999999998,210788.46,210423.645,209884.05,210532.31999999998,210632.13
210731.66999999998,211071.06,211587.56999999998,210785.85,210413.61,209862.09,210546.27,210649.815
210656.745,210946.455,211474.485,210750.525,210422.06999999998,209976.345,210661.245,210701.69999999998
210563.28,210800.115,211339.125,210705.03,210438.225,210133.935,210795.435,210750.03
210550.455,210746.205,211277.52,210684.735,210452.44499999998,210198.96,210867.47999999998,210792.645
210525.525,210694.54499999998,211219.785,210664.62,210471.21,210278.655,210936.41999999998,210835.88999999998
210498.79499999998,210700.62,211227.345,210661.47,210466.44,210288.96,210918.375,210815.685
210568.54499999998,210815.55,211334.26499999998,210698.685,210460.68,210186.09,210817.935,210775.59
210649.005,210947.44499999998,211454.63999999998,210729.735,210434.75999999998,210018.10499999998,210675.50999999998,210700.08
210704.22,211037.985,211547.205,210769.02,210429.94499999998,209928.78,210589.02,210669.66
210752.63999999998,211107.555,211614.255,210790.485,210411.13499999998,209831.22,210517.785,210645.99
210758.44499999998,211097.29499999998,211602.01499999998,210784.725,210395.115,209798.81999999998,210535.065,210666.285
210684.555,210972.82499999998,211489.47,210750.38999999998,210403.08,209911.22999999998,210647.52,210717.76499999998
210587.31,210824.32499999998,211352.44499999998,210702.645,210418.335,210078.94499999998,210776.66999999998,210760.65
210564.18,210763.8,211290.12,210682.395,210430.755,210151.88999999998,210841.335,210795.345
210543.975,210718.755,211249.845,210679.02,210452.75999999998,210233.745,210909.50999999998,210832.47
210520.08,210727.71,211255.69499999998,210673.97999999998,210449.29499999998,210243.69,210892.13999999998,210795.84
210592.755,210845.25,211365.27,210714.255,210446.28,210141.405,210791.655,210753.04499999998
210677.895,210982.68,211492.845,210753.27,210424.68,209975.085,210649.995,210697.155
210718.44,211058.1,211569.93,210776.03999999998,210409.47,209877.56999999998,210557.835,210656.06999999998
210762.72,211123.755,211634.1,210796.65,210392.055,209782.845,210482.81999999998,210628.97999999998
210774.10499999998,211121.46,211633.38,210805.02,210390.435,209765.43,210500.63999999998,210655.25999999998
210704.625,211002.56999999998,211525.51499999998,210775.68,210400.91999999998,209880.99,210619.16999999998,210711.465
210615.84,210862.305,211396.54499999998,210734.19,210417.255,210044.88,210760.69499999998,210763.305
210587.4,210792.87,211316.895,210700.125,210416.535,210111.79499999998,210832.875,210790.97999999998
210560.085,210740.49,211257.85499999998,210688.02,210432.555,210192.345,210899.06999999998,210821.75999999998
210550.005,210764.16,211284.0,210698.28,210435.975,210199.455,210887.505,210805.425
210618.13499999998,210875.44499999998,211386.10499999998,210727.485,210421.66499999998,210089.475,210791.52,210774.50999999998
210695.26499999998,211004.28,211504.05,210757.05,210394.08,209926.57499999998,210648.41999999998,210696.03
210748.995,211094.865,211599.18,210799.25999999998,210394.305,209840.35499999998,210559.63499999998,210667.005
210791.655,211162.365,211666.86,210824.145,210385.71,209753.1,210482.145,210641.535
210785.625,211141.935,211646.97,210813.21,210370.86,209725.38,210493.125,210653.91
210712.455,211019.44499999998,211534.875,210779.46,210378.01499999998,209834.72999999998,210607.785,210709.305
210636.18,210893.085,211417.38,210748.68,210400.74,209987.72999999998,210744.585,210770.81999999998
210601.125,210828.91499999998,211347.675,210716.37,210402.72,210034.935,210811.77,210805.38
210570.435,210778.56,211297.94999999998,210701.97,210422.97,210109.63499999998,210887.37,210844.395
210575.06999999998,210798.09,211317.21,210709.16999999998,210422.43,210124.35,210869.91,210813.12
210641.85,210912.12,211423.275,210743.91,210413.655,210020.895,210763.035,210764.38499999998
210725.28,211048.60499999998,211550.805,210781.305,210390.38999999998,209853.85499999998,210618.94499999998,210707.055
210767.44499999998,211124.61,211628.925,210804.66,210375.36,209752.065,210526.875,210666.465
210811.095,211190.175,211691.97,210823.74,210357.13499999998,209650.94999999998,210451.41,210639.10499999998
210814.83,211180.54499999998,211681.53,210820.86,210346.02,209622.735,210466.305,210660.435
210745.62,211060.08,211569.03,210783.78,210345.93,209719.97999999998,210585.33,210717.18
210666.555,210926.88,211442.44499999998,210739.77,210357.04499999998,209862.13499999998,210734.28,210781.845
210637.88999999998,210870.85499999998,211380.21,210714.88499999998,210369.87,209935.035,210808.71,210835.08
210591.63,210806.685,211316.31,210683.655,210372.435,210048.03,210871.97999999998,210843.9
210601.08,210833.145,211344.38999999998,210698.41499999998,210378.555,210066.705,210850.83,210815.145
210671.41499999998,210950.055,211452.56999999998,210734.81999999998,210370.185,209948.22,210743.81999999998,210767.085
210748.365,211079.38499999998,211571.81999999998,210766.005,210341.61,209769.84,210596.26499999998,210703.41
210797.955,211164.03,211660.425,210800.745,210332.29499999998,209668.005,210505.095,210669.47999999998
210853.35,211240.62,211737.01499999998,210833.46,210319.28999999998,209567.61,210432.735,210651.66
210861.94499999998,211234.365,211729.995,210834.53999999998,210307.995,209534.94,210447.225,210675.06
210794.49,211117.41,211621.77,210799.66499999998,210310.91999999998,209632.185,210559.77,210731.44499999998
210714.345,210985.69499999998,211497.93,210756.645,210319.02,209776.185,210688.47,210784.095
210677.895,210919.86,211423.725,210716.37,210310.335,209826.53999999998,210758.22,210814.245
210643.38,210865.22999999998,211367.43,210690.85499999998,210323.16,209888.1,210829.68,210854.61
210650.715,210887.775,211387.86,210695.49,210324.69,209887.74,210814.56,210833.145
210725.46,211008.06,211498.69499999998,210734.595,210310.51499999998,209787.93,210709.35,210775.63499999998
210805.74,211137.705,211617.81,210764.925,210277.8,209611.53,210565.25999999998,210713.26499999998
210856.22999999998,211220.055,211701.50999999998,210795.3,210261.10499999998,209501.685,210475.755,210677.535
210901.905,211288.095,211767.12,210817.35,210242.61,209399.31,210400.335,210651.255
210905.145,211278.555,211758.345,210816.81,210233.78999999998,209374.19999999998,210410.685,210671.81999999998
210835.53,211161.41999999998,211651.965,210784.31999999998,210239.72999999998,209484.76499999998,210521.06999999998,210727.125
210761.46,211037.175,211535.235,210747.375,210250.485,209637.76499999998,210657.41999999998,210782.43
210637.305,210888.27,211382.1,210626.72999999998,210143.115,209593.62,210587.805,210684.78
210678.435,210810.41999999998,211322.205,210595.185,210142.62,209580.56999999998,210591.63,210759.3
210806.145,210986.685,211487.66999999998,210758.4,210316.77,209749.41,210804.75,210928.995
210790.25999999998,211101.07499999998,211581.44999999998,210785.75999999998,210278.61,209674.88999999998,210703.995,210798.53999999998
210868.11,211231.16999999998,211703.13,210822.345,210254.03999999998,209506.31999999998,210555.405,210732.03
210923.19,211319.595,211796.63999999998,210864.735,210251.43,209416.455,210468.41999999998,210702.19499999998
210969.04499999998,211384.755,211861.395,210888.81,210235.13999999998,209321.595,210396.06,210676.275
210963.10499999998,211363.155,211838.44499999998,210875.13,210216.285,209292.345,210410.00999999998,210689.955
210892.275,211242.6,211725.585,210836.205,210215.38499999998,209391.705,210524.715,210743.81999999998
210817.25999999998,211118.22,211607.41499999998,210797.235,210225.19499999998,209525.13,210656.205,210798.72
210800.06999999998,211070.38499999998,211552.425,210775.63499999998,210219.66,209562.56999999998,210726.63,210834.44999999998
210772.395,211021.28999999998,211501.935,210755.97,210221.28,209623.185,210786.525,210859.11
210777.84,211041.27,211522.22999999998,210761.46,210223.25999999998,209634.21,210761.955,210837.285
210839.4,211150.08,211624.245,210796.60499999998,210218.75999999998,209542.31999999998,210651.47999999998,210782.745
210908.61,211271.4,211737.375,210828.50999999998,210198.78,209391.435,210506.03999999998,210713.805
210952.35,211347.63,211817.78999999998,210859.335,210191.58,209305.485,210419.00999999998,210675.465
210994.65,211408.60499999998,211878.405,210879.675,210175.245,209218.275,210349.08,210648.41999999998
210996.09,211394.655,211863.87,210874.54499999998,210165.345,209201.535,210370.005,210670.11
210933.495,211282.38,211759.875,210845.61,210174.16499999998,209314.035,210491.72999999998,210733.56
210858.255,211156.38,211639.5,210806.00999999998,210185.595,209455.785,210623.715,210787.91999999998
210828.33,211096.97999999998,211572.72,210774.69,210179.835,209514.10499999998,210689.685,210812.985
210792.96,211042.35,211517.37,210750.975,210182.805,209591.235,210748.54499999998,210832.47
210791.205,211054.31999999998,211530.10499999998,210748.815,210181.31999999998,209606.35499999998,210722.58,210804.56999999998
210860.28,211168.62,211639.455,210791.34,210179.88,209523.50999999998,210618.04499999998,210757.63499999998
210938.22,211296.96,211760.145,210831.12,210163.725,209381.75999999998,210480.03,210698.595
210973.59,211363.965,211830.66,210853.97999999998,210152.88,209299.31999999998,210394.16999999998,210654.27
211014.81,211422.24,211885.60499999998,210869.595,210133.62,209208.87,210330.36,210627.9
211023.04499999998,211412.835,211875.705,210872.06999999998,210128.35499999998,209196.81,210357.585,210657.33
210953.25,211292.595,211764.06,210836.38499999998,210133.16999999998,209310.79499999998,210478.31999999998,210714.705
210869.81999999998,211161.78,211641.705,210793.86,210146.535,209471.58,210603.78,210763.485
210828.01499999998,211092.75,211565.565,210753.13499999998,210145.13999999998,209540.06999999998,210662.63999999998,210779.63999999998
210793.68,211039.69499999998,211510.44,210730.185,210159.72,209620.16999999998,210721.185,210799.62
210805.155,211066.60499999998,211537.53,210744.85499999998,210165.21,209645.37,210700.97999999998,210784.365
210867.615,211174.28999999998,211639.41,210780.99,210162.19499999998,209558.43,210598.11,210732.79499999998
210935.115,211291.425,211748.31,210810.645,210142.755,209413.395,210459.645,210666.15
210975.93,211365.44999999998,211826.34,210842.72999999998,210141.04499999998,209339.1,210376.62,210629.61
211022.145,211431.96,211892.31,210871.755,210136.185,209265.93,210313.25999999998,210611.205
211020.07499999998,211412.655,211874.22,210865.86,210127.815,209259.36,210338.28,210633.525
210940.965,211283.37,211752.405,210816.405,210125.29499999998,209369.61,210456.315,210683.29499999998
210861.315,211154.44499999998,211629.01499999998,210770.72999999998,210134.34,209516.35499999998,210585.50999999998,210734.145
210830.75999999998,211095.585,211561.83,210739.005,210129.88499999998,209580.12,210650.94,210760.335
210796.56,211042.08,211508.46,210716.46,210135.06,209659.455,210709.485,210781.71
210803.85,211062.645,211526.72999999998,210720.375,210134.34,209670.705,210689.37,210761.91
210873.96,211176.315,211633.83,210762.405,210132.94499999998,209600.055,210586.31999999998,210715.91999999998
210950.235,211302.405,211753.8,210805.02,210121.83,209473.56,210449.43,210656.925
210987.44999999998,211374.76499999998,211831.965,210838.995,210125.61,209408.75999999998,210361.815,210617.37
211016.06999999998,211425.255,211881.285,210852.405,210113.41499999998,209333.97,210290.985,210583.08
211018.005,211412.38499999998,211868.81999999998,210852.85499999998,210110.805,209331.405,210317.58,210609.94499999998
210947.26499999998,211291.02,211757.13,210814.65,210115.97999999998,209444.22,210436.425,210667.455
210862.62,211157.55,211629.41999999998,210763.88999999998,210120.12,209578.185,210562.69499999998,210712.86
210833.145,211100.58,211564.53,210734.28,210122.63999999998,209625.66,210628.53,210739.05
210809.52,211059.0,211522.86,210724.065,210144.555,209700.405,210688.245,210767.35499999998
210816.76499999998,211081.185,211546.25999999998,210732.79499999998,210146.03999999998,209719.845,210660.75,210745.25999999998
210878.91,211188.87,211648.005,210769.785,210143.38499999998,209632.455,210553.28999999998,210692.16
210955.05,211312.97999999998,211767.255,210810.735,210131.28,209494.16999999998,210417.03,210633.345
210995.1,211385.565,211846.005,210844.25999999998,210129.38999999998,209420.28,210332.745,210594.78
211026.96,211437.04499999998,211896.85499999998,210857.985,210113.685,209339.28,210262.22999999998,210561.79499999998
211029.615,211422.465,211881.78,210856.31999999998,210107.88,209330.46,210286.8,210587.535
210956.175,211296.06,211760.505,210806.81999999998,210097.8,209424.15,210405.50999999998,210639.06
210880.97999999998,211171.815,211640.49,210761.775,210100.5,209563.245,210531.10499999998,210690.405
210857.26499999998,211120.69499999998,211581.99,210736.57499999998,210103.155,209635.065,210593.25,210720.555
210813.93,211061.745,211522.54499999998,210707.91,210113.955,209750.03999999998,210635.46,210729.735
210818.88,211084.38,211544.46,210715.875,210113.505,209766.06,210604.86,210704.94
210891.645,211202.00999999998,211658.985,210764.88,210117.91499999998,209670.12,210500.28,210659.535
210966.705,211327.65,211780.935,210809.34,210106.66499999998,209527.60499999998,210361.995,210600.27
211001.58,211395.78,211854.19499999998,210838.185,210100.68,209450.38499999998,210273.975,210556.485
211043.29499999998,211457.655,211917.645,210865.54499999998,210093.705,209373.84,210207.735,210533.66999999998
211036.86,211435.11,211895.145,210854.52,210082.725,209358.585,210229.11,210551.625
210973.22999999998,211321.935,211789.66499999998,210820.095,210087.13499999998,209462.13,210349.125,210613.31999999998
210898.485,211199.58,211670.81999999998,210775.005,210089.115,209583.315,210474.675,210663.18
210881.52,211154.75999999998,211618.16999999998,210754.8,210092.895,209622.82499999998,210540.24,210697.155
210853.25999999998,211108.905,211571.235,210735.18,210103.60499999998,209682.225,210600.04499999998,210719.16
210854.06999999998,211126.275,211588.51499999998,210735.675,210095.685,209686.31999999998,210568.63499999998,210688.69499999998
210922.155,211239.27,211698.99,210779.595,210093.84,209598.345,210459.96,210638.38499999998
210992.535,211356.585,211809.82499999998,210812.31,210070.53,209448.27,210323.205,210574.62
211033.755,211430.16,211890.10499999998,210847.905,210067.83,209370.78,210237.75,210538.16999999998
211078.935,211495.41,211959.18,210882.645,210065.22,209298.645,210171.33,210519.405
211074.88499999998,211477.725,211942.97999999998,210881.43,210064.455,209296.305,210191.4,210541.905
210998.34,211351.995,211823.145,210832.425,210059.81999999998,209392.60499999998,210304.25999999998,210591.85499999998
210928.86,211233.555,211707.18,210786.66,210061.845,209512.08,210427.91999999998,210642.56999999998
210906.405,211183.38,211647.50999999998,210757.455,210059.72999999998,209559.15,210491.91,210670.335
210883.22999999998,211143.555,211605.47999999998,210742.51499999998,210072.96,209625.88499999998,210559.77,210695.22
210886.38,211163.4,211624.785,210745.08,210066.03,209630.16,210531.06,210664.62
210955.815,211279.41,211736.025,210792.555,210068.865,209542.31999999998,210422.43,210615.435
211029.56999999998,211402.97999999998,211856.13,210837.10499999998,210058.19999999998,209404.71,210284.055,210555.36
211064.085,211470.255,211929.345,210864.91499999998,210052.57499999998,209329.83,210196.62,210512.52
211108.095,211534.38,211994.28,210895.065,210046.22999999998,209255.22,210131.505,210492.585
211107.41999999998,211516.28999999998,211976.1,210888.27,210036.96,209239.83,210156.525,210516.03
211036.005,211394.06999999998,211859.37,210839.085,210029.58,209331.36,210271.815,210567.555
210974.58,211282.875,211750.65,210798.585,210031.28999999998,209457.27,210397.68,210622.725
210946.31999999998,211223.205,211678.065,210754.035,210011.175,209487.41999999998,210468.19499999998,210652.74
210917.115,211175.955,211628.475,210729.87,210020.085,209541.87,210533.44499999998,210679.74
210934.25999999998,211211.72999999998,211664.475,210748.77,210030.75,209550.87,210503.655,210646.8
210998.655,211324.59,211775.31,210795.75,210029.31,209468.43,210386.29499999998,210591.225
211069.44,211444.69499999998,211892.31,210837.6,210018.19499999998,209333.43,210245.13,210527.505
211101.345,211509.63,211962.87,210863.88,210010.77,209256.56999999998,210155.85,210480.79499999998
211136.49,211565.43,212018.175,210884.44499999998,209997.99,209177.685,210086.46,210450.465
211135.31999999998,211546.53,211999.13999999998,210877.425,209987.00999999998,209162.52,210111.255,210472.335
211071.06,211431.465,211888.88999999998,210835.125,209980.53,209254.095,210229.19999999998,210529.71
211006.44,211318.28999999998,211776.79499999998,210790.57499999998,209979.13499999998,209375.72999999998,210351.555,210583.395
210989.52,211272.3,211721.175,210762.72,209974.86,209427.705,210411.585,210614.985
210953.61,211219.56,211663.71,210728.69999999998,209972.835,209516.625,210455.055,210625.065
210963.50999999998,211245.66,211689.44999999998,210736.97999999998,209966.44499999998,209528.37,210420.495,210598.38
211036.095,211361.26499999998,211803.38999999998,210786.525,209969.32499999998,209446.425,210312.13499999998,210549.91499999998
211106.925,211481.37,211921.875,210829.725,209959.60499999998,209318.66999999998,210174.56999999998,210488.085
211138.11,211544.37,211990.22999999998,210855.10499999998,209950.65,209244.6,210085.91999999998,210440.655
211174.91999999998,211596.93,212042.29499999998,210871.8,209932.02,209160.09,210021.84,210409.875
211172.31,211576.185,212021.28,210863.205,209921.35499999998,209151.27,210047.03999999998,210430.125
211105.035,211460.175,211909.275,210820.455,209918.34,209253.33,210164.66999999998,210486.19499999998
211037.03999999998,211344.975,211798.035,210778.065,209922.435,209384.685,210283.02,210535.83
211013.72999999998,211293.18,211735.845,210746.29499999998,209917.125,209432.43,210344.625,210560.66999999998
210991.995,211254.56999999998,211694.58,210731.13,209928.06,209510.00999999998,210403.035,210583.755
211002.345,211281.255,211721.085,210741.21,209924.775,209530.125,210370.77,210557.61
211064.175,211387.54499999998,211824.675,210781.935,209923.11,209444.31,210258.72,210500.46
211133.205,211504.86,211939.91999999998,210825.18,209915.37,209317.54499999998,210121.65,210436.83
211170.33,211573.97999999998,212018.26499999998,210861.36,209917.53,209255.535,210037.54499999998,210395.925
211203.94499999998,211626.09,212072.4,210882.10499999998,209907.09,209186.145,209970.81,210365.72999999998
211193.505,211598.235,212042.06999999998,210865.275,209893.005,209176.02,209997.315,210381.93
211133.835,211488.84,211937.58,210828.645,209893.905,209278.62,210119.31,210445.11
211070.205,211377.41999999998,211828.13999999998,210785.75999999998,209894.94,209400.21,210240.585,210497.535
211042.935,211322.61,211762.88999999998,210747.96,209885.35499999998,209456.1,210300.07499999998,210520.97999999998
211005.18,211266.94499999998,211701.285,210709.395,209887.28999999998,209548.08,210355.155,210529.53
211020.84,211296.735,211729.5,210719.38499999998,209888.91,209555.055,210335.44499999998,210508.245
211083.615,211403.69999999998,211834.25999999998,210760.02,209883.41999999998,209466.72,210227.49,210452.085
211142.97,211511.61,211941.585,210795.84,209872.25999999998,209339.55,210087.0,210381.88499999998
211175.32499999998,211579.425,212018.26499999998,210832.83,209880.13499999998,209288.61,209998.62,210339.27
211209.03,211633.51499999998,212073.255,210855.465,209873.97,209225.115,209933.685,210311.685
211209.12,211616.28,212056.245,210853.25999999998,209869.56,209227.005,209966.985,210340.97999999998
211139.00999999998,211496.31,211938.75,210802.68,209861.145,209324.25,210088.57499999998,210395.88
211080.735,211390.785,211833.405,210763.71,209864.16,209441.025,210215.835,210454.51499999998
211058.72999999998,211340.52,211772.16,210731.58,209860.56,209475.9,210281.44499999998,210482.595
211021.965,211285.755,211714.38,210699.405,209862.36,209531.06999999998,210337.65,210493.395
211028.895,211309.91999999998,211738.22999999998,210707.505,209859.47999999998,209542.68,210304.8,210465.315
211095.675,211423.41,211850.00999999998,210757.22999999998,209867.35499999998,209463.75,210197.745,210414.24
211158.36,211532.625,211960.16999999998,210797.955,209860.83,209341.035,210063.33,210349.71
211199.535,211606.11,212042.69999999998,210840.21,209870.46,209291.44499999998,209984.66999999998,210316.455
211231.97999999998,211656.645,212094.94499999998,210861.585,209863.845,209230.65,209923.875,210290.75999999998
211220.28,211623.16499999998,212060.025,210840.93,209848.31999999998,209221.60499999998,209957.31,210309.79499999998
211158.53999999998,211509.09,211947.255,210795.93,209842.02,209317.455,210086.81999999998,210373.425
211086.0,211389.79499999998,211825.62,210739.095,209834.865,209442.06,210209.35499999998,210419.1
211058.00999999998,211335.93,211760.055,210702.10499999998,209830.31999999998,209495.97,210281.66999999998,210444.525
211032.72,211296.82499999998,211718.835,210688.155,209847.15,209572.785,210348.405,210467.16
211036.31999999998,211316.805,211739.13,210692.16,209842.60499999998,209580.56999999998,210315.735,210434.66999999998
211102.02,211427.235,211849.38,210741.79499999998,209851.91999999998,209501.63999999998,210207.69,210383.81999999998
211168.25999999998,211541.31,211964.03999999998,210789.9,209852.235,209387.78999999998,210076.155,210324.06
211200.3,211606.47,212038.335,210826.035,209858.805,209338.47,209996.28,210284.32499999998
211229.00999999998,211653.53999999998,212086.8,210845.34,209853.44999999998,209281.095,209934.18,210254.985
211213.08,211618.08,212050.035,210824.595,209840.58,209280.645,209965.54499999998,210271.63499999998
211143.555,211497.345,211931.865,210774.50999999998,209835.315,209384.63999999998,210090.645,210329.41499999998
211078.8,211385.06999999998,211818.91499999998,210726.405,209834.00999999998,209501.19,210215.78999999998,210382.245
211056.435,211333.77,211756.815,210691.845,209829.645,209537.41499999998,210284.955,210421.845
211027.41,211286.745,211706.955,210666.19499999998,209837.29499999998,209597.49,210351.96,210450.15
211036.31999999998,211312.53,211733.72999999998,210677.75999999998,209837.43,209607.93,210323.34,210411.585
211103.32499999998,211422.645,211842.495,210726.44999999998,209843.955,209523.735,210220.02,210362.895
211161.50999999998,211526.145,211945.185,210760.785,209833.11,209397.15,210090.465,210298.22999999998
211192.155,211589.685,212018.44499999998,210796.56,209839.815,209349.36,210010.905,210259.125
211226.66999999998,211643.775,212076.09,210828.33,209844.315,209302.335,209952.04499999998,210238.65
211210.74,211610.025,212042.925,210813.47999999998,209840.35499999998,209313.72,209984.535,210258.36
211146.705,211497.3,211932.225,210772.35,209839.995,209421.585,210114.495,210324.41999999998
211084.335,211388.58,211822.155,210726.585,209840.75999999998,209538.09,210242.475,210379.725
211059.495,211333.905,211757.03999999998,210689.41499999998,209833.60499999998,209572.065,210312.315,210419.685
211021.69499999998,211278.555,211697.055,210654.63,209840.13,209625.47999999998,210377.52,210442.365
211028.66999999998,211303.44,211721.895,210664.16999999998,209849.535,209634.21,210350.745,210403.25999999998
211094.41499999998,211414.63499999998,211834.305,210717.18,209855.16,209557.035,210244.185,210353.75999999998
211157.055,211524.255,211946.895,210763.935,209854.62,209444.58,210114.405,210294.99
211186.395,211586.13,212019.56999999998,210800.16,209862.72,209398.31999999998,210034.71,210256.38
211217.13,211633.875,212070.19499999998,210823.47,209861.955,209345.35499999998,209980.035,210233.475
211204.35,211602.375,212038.60499999998,210810.01499999998,209854.62,209351.205,210018.78,210258.72
211128.705,211476.6,211914.09,210754.35,209845.485,209450.835,210145.31999999998,210313.8
211072.63499999998,211370.805,211807.16999999998,210710.655,209850.03,209559.6,210277.97999999998,210373.02
211050.04499999998,211316.94,211740.66,210671.955,209847.6,209595.285,210357.585,210413.745
211017.285,211266.99,211686.03,210642.525,209851.60499999998,209667.285,210426.03,210450.735
211013.41499999998,211282.785,211703.66999999998,210645.13499999998,209856.645,209684.43,210396.375,210412.485
211072.22999999998,211389.705,211812.21,210696.435,209865.78,209618.145,210287.115,210346.02
211126.68,211491.315,211916.61,210737.025,209863.035,209506.68,210156.88499999998,210281.58
211161.465,211558.68,211996.97999999998,210781.71,209876.66999999998,209465.685,210082.095,210249.675
211189.41,211604.35499999998,212045.805,210803.22,209874.645,209414.115,210026.06999999998,210225.19499999998
211170.6,211564.845,212006.38499999998,210781.8,209862.53999999998,209418.525,210063.69,210244.31999999998
211100.805,211443.975,211887.495,210731.535,209857.77,209522.205,210194.145,210305.38499999998
211044.33,211341.33,211782.50999999998,210691.25999999998,209860.65,209637.405,210321.72,210365.505
211014.99,211283.1,211712.66999999998,210650.66999999998,209850.93,209668.815,210388.275,210390.79499999998
210984.975,211237.51499999998,211663.44,210626.46,209866.13999999998,209723.22,210442.905,210410.235
210995.19,211265.505,211692.82499999998,210640.13999999998,209879.28,209727.405,210410.46,210385.035
211058.775,211375.71,211802.805,210692.835,209887.02,209651.66999999998,210305.835,210335.13
211113.405,211477.275,211906.35,210733.065,209885.31,209542.905,210176.81999999998,210272.13
211149.405,211543.065,211982.535,210773.34,209895.56999999998,209497.54499999998,210104.685,210240.99
211179.41999999998,211588.335,212031.18,210794.895,209891.205,209441.655,210053.43,210219.03
211166.81999999998,211557.33,211998.735,210782.29499999998,209886.525,209451.41999999998,210095.505,210246.88499999998
211095.225,211436.81999999998,211880.655,210734.235,209885.35499999998,209562.47999999998,210221.685,210307.005
211023.13499999998,211319.235,211761.85499999998,210678.03,209882.38499999998,209677.41,210342.10499999998,210352.365
210997.25999999998,211263.345,211693.77,210639.50999999998,209875.31999999998,209712.50999999998,210409.425,210391.965
210968.685,211218.66,211644.76499999998,210615.435,209890.08,209773.53,210463.83,210422.88
210977.19,211246.155,211672.16999999998,210628.035,209902.63499999998,209782.08,210431.88,210384.09
211041.405,211355.595,211782.87,210681.585,209912.175,209709.18,210327.07499999998,210336.07499999998
211100.49,211460.94,211890.69,210726.85499999998,209915.055,209607.21,210200.66999999998,210277.305
211120.65,211513.185,211952.88,210753.85499999998,209918.97,209564.595,210120.705,210231.9
211146.03,211556.69999999998,211997.565,210773.115,209916.36,209516.535,210066.79499999998,210206.88
211142.16,211531.77,211973.26499999998,210769.11,209917.25999999998,209532.555,210112.56,210243.91499999998
211073.75999999998,211413.50999999998,211856.13,210719.25,209914.38,209639.25,210244.63499999998,210308.175
211003.425,211296.24,211735.215,210660.47999999998,209906.685,209748.10499999998,210368.29499999998,210354.47999999998
210979.25999999998,211242.10499999998,211668.88499999998,210624.705,209901.87,209783.025,210440.06999999998,210395.835
210958.425,211203.72,211624.19999999998,210604.59,209915.46,209838.01499999998,210508.56,210443.985
210961.305,211222.71,211642.065,210604.77,209916.04499999998,209843.775,210482.63999999998,210409.875
211021.02,211327.38,211748.58,210653.37,209922.47999999998,209774.52,210376.53,210344.44499999998
211072.005,211425.88499999998,211850.595,210693.06,209923.965,209676.24,210245.805,210279.555
211097.88,211484.655,211918.455,210725.91,209935.035,209640.33,210168.09,210240.315
211122.36,211525.91999999998,211961.745,210745.62,209933.81999999998,209593.71,210113.91,210216.375
211107.96,211492.25999999998,211927.005,210731.895,209929.725,209608.19999999998,210156.88499999998,210245.49
211038.75,211374.13499999998,211810.275,210683.88,209927.69999999998,209715.03,210288.19499999998,210309.93
210986.055,211274.685,211708.44,210644.91,209931.525,209829.87,210416.44499999998,210371.085
210964.275,211223.16,211645.08,210610.125,209927.25,209865.465,210486.645,210414.19499999998
210927.645,211170.24,211587.47999999998,210576.33,209936.565,209920.905,210536.37,210438.44999999998
210935.06999999998,211196.06999999998,211613.66999999998,210585.91499999998,209947.455,209925.18,210500.28,210397.185
210998.925,211305.06,211723.19999999998,210639.10499999998,209956.63499999998,209852.055,210393.53999999998,210346.83
211053.465,211404.645,211824.72,210679.335,209955.87,209749.455,210266.685,210283.60499999998
211085.91,211468.63499999998,211899.375,210719.97,209969.1,209712.735,210191.535,210250.25999999998
211108.185,211506.705,211940.1,210734.955,209963.52,209660.26499999998,210136.22999999998,210223.8
211103.91,211480.11,211911.56999999998,210724.69499999998,209956.365,209664.405,210187.215,210260.025
211037.66999999998,211361.22,211792.185,210673.53,209948.66999999998,209762.505,210320.145,210323.835
210969.405,211246.38,211672.755,210615.435,209945.745,209864.565,210439.53,210380.22
210944.565,211194.405,211608.585,210580.155,209954.835,209903.085,210502.845,210431.16
210924.315,211159.8,211571.235,210566.52,209972.61,209968.11,210560.35499999998,210466.485
210933.72,211187.835,211600.215,210577.77,209983.68,209970.63,210523.905,210438.04499999998
210989.38499999998,211289.985,211701.6,210620.745,209984.985,209890.08,210411.13499999998,210366.63
211041.675,211388.03999999998,211801.185,210658.31999999998,209982.19499999998,209783.52,210281.58,210301.065
211074.255,211454.00999999998,211877.55,210700.845,209996.145,209746.88999999998,210204.9,210266.72999999998
211096.71,211493.34,211918.31999999998,210716.91,209991.41999999998,209695.77,210147.12,210238.69499999998
211088.06999999998,211464.81,211890.735,210708.72,209990.29499999998,209709.315,210191.175,210271.77
211015.305,211341.645,211768.785,210654.495,209981.745,209809.97999999998,210319.335,210329.63999999998
210961.395,211243.905,211668.47999999998,210615.21,209983.815,209917.71,210442.13999999998,210386.97
210943.35,211196.16,211610.25,210584.61,209980.215,209950.56,210510.9,210430.845
210914.37,211150.755,211561.91999999998,210560.085,209994.615,210006.13499999998,210572.19,210467.61
210915.85499999998,211170.41999999998,211583.34,210563.72999999998,210000.735,210003.12,210533.75999999998,210430.16999999998
210982.05,211280.75999999998,211692.735,210613.86,210002.75999999998,209916.63,210426.88499999998,210367.485
211040.595,211386.82499999998,211801.095,210660.705,210003.47999999998,209811.24,210297.87,210307.54499999998
211060.25999999998,211438.97999999998,211865.895,210690.04499999998,210010.185,209767.905,210213.13499999998,210260.52
211084.245,211481.955,211914.405,210714.47999999998,210014.145,209726.145,210151.53,210233.78999999998
211078.57499999998,211458.10499999998,211892.22,210712.31999999998,210017.88,209745.85499999998,210194.1,210267.315
211009.54499999998,211339.8,211776.03,210663.53999999998,210013.245,209848.41,210321.85499999998,210328.19999999998
210944.115,211229.595,211662.495,210610.755,210006.85499999998,209948.31,210437.28,210373.60499999998
210927.69,211185.225,211606.19999999998,210584.025,210004.91999999998,209981.16,210502.16999999998,210416.58
210898.08,211140.36,211559.625,210559.41,210014.595,210024.85499999998,210547.845,210444.07499999998
210915.0,211177.57499999998,211600.845,210581.00999999998,210021.84,210023.91,210509.37,210406.185
210975.255,211283.46,211708.53,210629.34,210029.94,209942.46,210394.035,210348.18
211027.5,211382.37,211810.005,210669.88499999998,210027.555,209835.315,210261.87,210282.07499999998
211060.25999999998,211448.835,211889.115,210713.175,210042.04499999998,209797.02,210182.535,210246.255
211081.905,211487.03999999998,211930.245,210728.835,210036.19499999998,209742.79499999998,210122.32499999998,210215.97
211069.62,211453.60499999998,211896.94499999998,210715.83,210030.16499999998,209751.79499999998,210164.31,210243.555
211009.005,211342.68,211787.72999999998,210673.71,210026.88,209853.36,210295.305,210311.91
210949.28999999998,211235.175,211674.555,210618.18,210011.805,209940.3,210416.22,210360.50999999998
210934.845,211192.785,211619.655,210590.63999999998,210007.485,209968.56,210487.63499999998,210406.86
210910.41,211154.13,211577.31,210569.85,210017.205,210022.51499999998,210548.06999999998,210445.245
210919.725,211185.585,211612.41,210586.63499999998,210022.83,210028.94999999998,210504.555,210413.88
210977.685,211290.3,211718.34,210634.51499999998,210031.60499999998,209947.63499999998,210388.54499999998,210341.61
211035.87,211394.25,211825.53,210680.595,210031.51499999998,209842.065,210259.71,210280.54499999998
211063.905,211452.47999999998,211895.145,210715.335,210038.35499999998,209796.21,210178.16999999998,210238.69499999998
210991.63499999998,211403.38499999998,211849.51499999998,210645.76499999998,209935.935,209641.77,209983.77,210092.49
210907.97999999998,211293.72,211735.125,210573.36,209889.225,209577.15,209970.18,210132.405
210973.54499999998,211298.94,211736.38499999998,210647.655,210029.895,209849.13,210344.75999999998,210376.035
210924.76499999998,211211.235,211646.06999999998,210610.305,210020.22,209971.305,210470.4,210381.88499999998
210849.66,211103.865,211530.82499999998,210521.115,209950.69499999998,209928.41999999998,210437.46,210346.785
210807.585,210996.94499999998,211436.81999999998,210461.175,209928.82499999998,209904.16499999998,210421.66499999998,210376.305
210789.27,211034.43,211467.6,210496.05,209961.94499999998,209928.96,210435.47999999998,210374.055
210897.85499999998,211195.395,211628.16,210602.115,210031.69499999998,209919.375,210428.91,210374.72999999998
210960.27,211306.275,211743.0,210652.11,210022.965,209826.585,210311.91,210281.85
210979.305,211355.775,211803.07499999998,210677.13,210010.59,209755.845,210206.97,210222.44999999998
211018.995,211408.38,211858.11,210706.785,210016.935,209709.81,210172.59,210217.275
210985.335,211356.405,211805.46,210673.57499999998,209988.72,209698.51499999998,210185.055,210219.79499999998
210948.21,211266.81,211714.245,210649.185,210019.725,209841.435,210368.475,210327.03
210923.19,211198.22999999998,211643.32499999998,210635.81999999998,210049.785,209975.085,210524.625,210412.88999999998
210911.805,211160.97,211594.5,210615.56999999998,210044.61,210006.495,210591.225,210449.43
210892.59,211126.455,211557.41999999998,210600.13499999998,210047.085,210050.145,210641.175,210470.35499999998
210907.395,211161.15,211592.97,210616.065,210053.025,210040.38,210599.37,210441.285
210965.66999999998,211264.74,211698.36,210662.505,210060.27,209954.43,210483.675,210382.69499999998
211014.36,211360.94999999998,211798.125,210699.85499999998,210056.58,209845.53,210353.35499999998,210316.905
211041.04499999998,211420.25999999998,211868.41499999998,210734.865,210066.3,209802.19499999998,210273.12,210275.955
211068.315,211461.93,211912.38,210755.61,210063.41999999998,209748.96,210218.44499999998,210252.375
211056.88499999998,211428.36,211877.37,210740.895,210056.175,209756.925,210264.84,210282.88499999998
210990.91499999998,211312.25999999998,211761.72,210690.94499999998,210048.88499999998,209854.035,210396.19499999998,210347.055
210935.43,211212.63,211657.63499999998,210643.69499999998,210042.27,209948.58,210513.645,210399.435
210917.06999999998,211164.21,211596.705,210608.00999999998,210026.38499999998,209970.76499999998,210580.245,210431.115
210898.485,211128.84,211555.25999999998,210585.15,210018.78,210003.16499999998,210632.805,210451.095
210914.72999999998,211164.56999999998,211592.38499999998,210603.41999999998,210026.06999999998,209993.085,210592.44,210423.555
210980.745,211277.745,211707.495,210660.56999999998,210040.785,209914.245,210479.58,210372.21
211032.18,211377.96,211813.245,210705.84,210045.78,209817.99,210345.88499999998,210308.175
211065.03,211442.75999999998,211890.50999999998,210749.805,210060.81,209781.81,210268.395,210273.93
211086.27,211480.11,211929.88499999998,210763.88999999998,210053.38499999998,209726.91,210213.81,210247.875
211077.72,211450.905,211899.15,210752.63999999998,210047.895,209737.035,210262.86,210283.335
211004.955,211327.19999999998,211774.94999999998,210693.10499999998,210035.43,209830.59,210392.145,210341.78999999998
210949.69499999998,211228.38,211669.785,210644.72999999998,210028.905,209924.00999999998,210509.28,210392.595
210936.10499999998,211188.50999999998,211617.81,210619.35,210019.995,209952.13499999998,210578.75999999998,210431.38499999998
210909.10499999998,211147.56,211572.53999999998,210594.6,210014.81999999998,209990.115,210625.155,210446.055
210922.60499999998,211181.35499999998,211608.36,210611.61,210021.345,209979.18,210583.125,210415.905
210989.115,211293.72,211724.37,210668.49,210034.71,209897.595,210471.07499999998,210363.93
211042.35,211393.395,211828.05,210710.205,210033.94499999998,209792.69999999998,210344.805,210302.685
211076.595,211459.31999999998,211906.395,210753.495,210047.58,209750.985,210268.935,210270.555
211098.91499999998,211494.555,211943.29499999998,210765.82499999998,210036.87,209688.975,210215.69999999998,210243.50999999998
211086.94499999998,211459.365,211904.235,210745.71,210022.47,209684.29499999998,210268.88999999998,210276.85499999998
211027.63499999998,211350.50999999998,211794.79499999998,210701.29499999998,210017.61,209781.36,210403.935,210347.55
210969.36,211249.62,211688.775,210650.35499999998,210008.745,209873.29499999998,210517.60499999998,210394.755
210953.29499999998,211208.31,211637.78999999998,210625.965,210004.785,209907.44999999998,210581.1,210430.485
210926.29499999998,211166.91,211593.91499999998,210601.97999999998,210001.13999999998,209945.97,210626.145,210443.26499999998
210939.21,211200.03,211630.31999999998,210618.94499999998,210007.305,209934.09,210582.36,210412.485
211004.91,211312.8,211745.61,210676.86,210021.21,209852.81999999998,210470.22,210361.905
211054.54499999998,211408.91999999998,211845.87,210718.485,210019.005,209747.115,210342.33,210298.905
211081.41,211467.69,211915.62,210754.305,210027.10499999998,209703.33,210264.345,210259.08
211109.535,211511.34,211962.555,210776.75999999998,210024.63,209650.185,210213.76499999998,210239.145
211102.11,211482.315,211934.115,210768.03,210020.75999999998,209659.13999999998,210265.425,210277.305
211031.055,211360.86,211811.22,210709.215,210006.585,209747.38499999998,210394.08,210335.985
210976.245,211264.425,211709.61,210661.69499999998,209996.81999999998,209834.1,210508.60499999998,210385.66499999998
210959.1,211220.37,211654.845,210631.185,209981.78999999998,209852.595,210573.405,210416.805
210939.345,211187.745,211621.005,210615.525,209980.97999999998,209887.47,210619.215,210434.94
210958.19999999998,211226.35499999998,211662.18,210634.91999999998,209983.275,209868.07499999998,210576.82499999998,210406.68
211030.28999999998,211342.275,211781.29499999998,210692.475,209988.9,209773.305,210466.755,210356.19
211090.31999999998,211447.8,211894.245,210743.63999999998,209990.115,209667.50999999998,210340.66499999998,210298.185
211117.815,211510.8,211971.24,210784.185,209997.76499999998,209621.38499999998,210256.60499999998,210256.51499999998
211136.66999999998,211548.465,212014.71,210800.835,209989.71,209564.28,210196.08,210224.78999999998
211124.835,211516.28999999998,211982.13,210786.345,209978.32499999998,209563.245,210243.15,210255.79499999998
211066.47,211411.53,211877.235,210743.46,209971.305,209652.705,210373.91999999998,210325.63499999998
211009.455,211312.395,211773.78,210690.76499999998,209957.715,209732.175,210486.15,210370.41
210990.78,211268.205,211716.72,210657.285,209940.56999999998,209748.50999999998,210551.805,210402.18
210978.585,211243.68,211690.71,210650.94,209945.97,209792.025,210601.395,210428.145
210996.405,211281.47999999998,211730.895,210671.32499999998,209954.025,209784.10499999998,210559.22999999998,210399.88499999998
211054.185,211384.035,211834.755,210717.44999999998,209960.055,209701.035,210444.345,210339.85499999998
211101.705,211475.88,211929.3,210752.775,209954.745,209597.175,210316.31999999998,210273.12
211130.055,211535.685,211999.455,210788.37,209962.97999999998,209555.46,210240.81,210233.61
211165.11,211585.31999999998,212052.465,210817.71,209963.88,209506.275,210194.145,210220.91999999998
211154.44499999998,211551.705,212016.735,210802.41,209954.52,209511.72,210244.905,210255.435
211089.33,211434.975,211897.88999999998,210746.16,209942.685,209592.99,210378.87,210328.11
211030.69499999998,211331.34,211786.965,210686.66999999998,209937.10499999998,209666.38499999998,210490.56,210386.205
211012.28999999998,211285.16999999998,211729.13999999998,210653.955,209932.245,209709.44999999998,210551.895,210414.33
210980.16,211240.66499999998,211681.755,210625.91999999998,209929.31999999998,209800.845,210591.63,210430.53
210997.935,211280.85,211726.485,210652.47,209938.41,209815.60499999998,210546.225,210389.44499999998
211057.47,211383.53999999998,211832.055,210701.565,209945.925,209736.09,210431.38499999998,210330.04499999998
211101.435,211470.84,211923.18,210736.035,209940.16499999998,209634.525,210304.57499999998,210262.095
211126.94999999998,211525.69499999998,211987.53,210768.88499999998,209946.19499999998,209593.35,210227.31,210221.235
211152.555,211564.44,212026.68,210785.44499999998,209940.47999999998,209540.78999999998,210179.205,210201.255
211138.60499999998,211528.08,211987.845,210767.085,209929.455,209546.72999999998,210231.675,210235.725
211072.905,211413.33,211871.115,210714.975,209918.205,209635.02,210363.75,210300.79499999998
211021.56,211321.16999999998,211772.655,210668.66999999998,209914.69499999998,209717.37,210476.88,210351.06
211004.28,211276.66499999998,211715.775,210634.065,209915.00999999998,209740.005,210544.335,210394.44
210989.565,211249.215,211685.895,210622.05,209925.27,209789.505,210603.555,210437.41499999998
211004.46,211283.955,211723.83,210638.745,209931.93,209791.16999999998,210560.03999999998,210402.585
211061.52,211385.97,211827.285,210684.15,209930.985,209713.31999999998,210443.85,210328.65
211110.84,211477.005,211921.19999999998,210718.08,209922.12,209607.255,210322.215,210265.065
211144.94999999998,211540.86,211993.91999999998,210755.97,209927.835,209561.58,210250.08,210230.955
211165.245,211574.205,212028.56999999998,210766.275,209917.485,209506.22999999998,210199.005,210204.76499999998
211148.685,211537.215,211989.87,210747.735,209909.97,209516.85,210246.88499999998,210237.47999999998
211084.155,211428.72,211880.835,210700.71,209908.305,209614.63499999998,210377.38499999998,210304.53
211040.235,211345.785,211793.4,210664.125,209906.955,209700.405,210491.685,210360.91499999998
211018.05,211296.87,211733.81999999998,210627.76499999998,209906.00999999998,209726.595,210551.805,210401.46
210986.91,211254.21,211688.28,210597.56999999998,209915.41499999998,209793.555,210588.93,210420.76499999998
211007.655,211295.16,211732.56,210621.06,209928.33,209799.27,210545.91,210382.11
211069.215,211400.28,211839.615,210672.81,209933.595,209722.41,210433.095,210325.455
211120.785,211495.41,211938.705,210715.155,209934.63,209630.52,210312.13499999998,210266.955
211139.145,211544.055,211996.97999999998,210740.22,209938.185,209591.865,210235.31999999998,210222.0
211163.805,211581.405,212037.03,210757.41,209932.69499999998,209543.35499999998,210188.43,210202.785
211154.805,211552.28999999998,212006.38499999998,210748.095,209929.63499999998,209556.04499999998,210243.69,210244.22999999998
211084.83,211435.335,211888.08,210693.10499999998,209918.52,209644.245,210373.91999999998,210305.43
211040.37,211350.50999999998,211799.205,210656.475,209916.85499999998,209729.29499999998,210487.68,210361.41
211005.405,211274.32499999998,211714.965,210606.435,209902.095,209709.585,210508.335,210393.315
210988.755,211238.00999999998,211674.69,210606.75,209953.845,209783.565,210595.365,210483.76499999998
210993.47999999998,211281.16499999998,211717.845,210624.21,209942.72999999998,209817.18,210580.51499999998,210401.46
211056.345,211392.225,211833.63,210683.655,209959.425,209751.07499999998,210463.91999999998,210342.78
211110.255,211490.37,211938.615,210734.1,209968.11,209669.44499999998,210340.8,210285.72
211137.16499999998,211546.57499999998,212006.025,210770.685,209976.56999999998,209633.75999999998,210264.79499999998,210246.3
211160.97,211583.655,212045.44499999998,210787.83,209970.13499999998,209583.585,210216.87,210226.31999999998
211144.68,211546.395,212007.10499999998,210770.955,209961.09,209592.09,210268.71,210259.485
211077.09,211431.69,211892.44499999998,210719.29499999998,209951.81999999998,209680.02,210398.535,210323.06999999998
211019.805,211335.21,211791.10499999998,210669.12,209940.975,209755.845,210506.895,210366.76499999998
211005.04499999998,211296.15,211741.38,210642.975,209930.35499999998,209775.50999999998,210572.63999999998,210402.18
210980.16,211260.10499999998,211704.975,210623.85,209928.41999999998,209811.465,210612.96,210414.78
211001.66999999998,211301.145,211751.955,210650.94,209940.56999999998,209807.235,210569.175,210388.455
211061.205,211404.06,211856.85,210699.63,209948.75999999998,209731.455,210455.32499999998,210329.37
211107.50999999998,211492.16999999998,211949.1,210735.13499999998,209946.465,209639.925,210332.88,210265.245
211138.74,211554.13499999998,212021.235,210775.275,209958.435,209608.83,210260.655,210230.55
211160.655,211586.66999999998,212052.06,210783.87,209944.53,209550.06,210216.06,210207.19499999998
211150.305,211552.69499999998,212017.095,210769.19999999998,209934.85499999998,209556.85499999998,210273.88499999998,210246.75
211079.61,211435.155,211899.645,210713.715,209924.41499999998,209644.965,210402.81,210308.03999999998
211033.71,211353.47999999998,211816.08,210681.13499999998,209928.78,209737.62,210511.08,210362.26499999998
211013.055,211310.46,211762.53,210654.405,209920.94999999998,209764.125,210573.13499999998,210394.16999999998
210986.055,211272.435,211722.47999999998,210631.77,209918.835,209800.035,210613.095,210403.845
211006.215,211314.06,211766.58,210656.06999999998,209930.66999999998,209796.47999999998,210568.59,210375.63
211065.79499999998,211417.60499999998,211870.8,210705.975,209940.12,209723.895,210455.865,210317.49
211116.50999999998,211509.09,211968.09,210747.465,209943.315,209639.34,210337.155,210259.88999999998
211141.97999999998,211564.08,212033.78999999998,210781.395,209953.08,209609.1,210263.35499999998,210221.235
211163.58,211598.81999999998,212069.29499999998,210795.435,209947.725,209564.00999999998,210216.91499999998,210200.535
211138.335,211551.615,212019.255,210767.49,209933.41499999998,209571.975,210268.71,210228.255
211068.94499999998,211435.28999999998,211903.335,210715.02,209924.37,209662.38,210399.255,210290.805
211018.77,211346.46,211811.13,210673.16999999998,209919.645,209744.145,210508.155,210340.485
210999.69,211301.91,211756.455,210641.985,209915.00999999998,209766.33,210572.72999999998,210383.91
210979.035,211270.185,211723.56,210628.215,209926.16999999998,209810.745,210614.44499999998,210412.395
211002.93,211313.38499999998,211767.705,210652.02,209928.465,209801.38499999998,210575.38499999998,210375.405
211061.925,211412.925,211868.595,210696.525,209933.955,209722.86,210464.28,210316.275
211103.685,211495.54499999998,211954.68,210728.925,209930.58,209636.81999999998,210342.82499999998,210250.305
211125.06,211549.095,212019.21,210763.485,209944.215,209615.13,210263.715,210209.35499999998
211146.705,211583.38499999998,212055.88499999998,210781.485,209944.755,209577.735,210218.13,210190.095
211128.12,211541.895,212013.315,210761.91,209938.68,209592.13499999998,210274.83,210225.96
211060.755,211428.04499999998,211899.735,210712.905,209933.81999999998,209685.91499999998,210407.535,210293.505
211015.755,211346.19,211813.47,210679.245,209934.9,209771.72999999998,210519.225,210348.81
210990.33,211295.205,211751.685,210642.525,209927.205,209792.29499999998,210581.595,210388.185
210971.52,211265.72999999998,211721.805,210631.77,209942.32499999998,209840.805,210623.94,210417.93
210981.50999999998,211294.755,211754.025,210643.60499999998,209941.785,209835.405,210575.61,210367.845
211043.06999999998,211398.56999999998,211859.28,210694.455,209954.34,209766.69,210464.91,210313.57499999998
211086.63,211482.405,211945.77,210727.8,209953.25999999998,209683.53,210346.245,210250.66499999998
211109.03999999998,211533.435,212005.71,210758.26499999998,209961.72,209656.215,210273.345,210210.21
211133.16,211569.12,212043.06,210775.68,209959.425,209616.21,210232.16999999998,210193.425
211121.1,211535.1,212007.645,210763.935,209958.56999999998,209634.56999999998,210292.11,210236.715
211048.38,211412.925,211884.615,210703.905,209943.63,209715.435,210425.13,210297.96
210996.63,211323.15,211791.10499999998,210660.79499999998,209943.225,209792.52,210535.28999999998,210355.785
210980.25,211281.66,211740.705,210637.305,209952.94499999998,209822.49,210601.16999999998,210416.75999999998
210950.145,211243.095,211702.905,210618.76499999998,209959.74,209881.44,210640.86,210433.095
210968.1,211283.955,211747.275,210645.36,209970.18,209891.205,210597.345,210404.16
211023.85499999998,211383.04499999998,211847.49,210691.305,209977.91999999998,209820.19499999998,210481.74,210331.035
211070.16,211469.985,211937.22,210728.29499999998,209979.585,209740.68,210364.875,210272.26499999998
211087.485,211514.66999999998,211990.68,210752.235,209985.435,209712.735,210292.56,210227.75999999998
211109.75999999998,211548.285,212025.375,210767.44499999998,209983.77,209673.36,210252.19499999998,210210.255
211094.28,211511.745,211988.115,210755.29499999998,209982.33,209692.755,210307.41,210249.44999999998
211019.49,211389.93,211868.595,210700.035,209974.095,209783.43,210434.66999999998,210309.03
210976.51499999998,211309.83,211785.79499999998,210668.03999999998,209977.425,209869.51499999998,210547.125,210365.91
210957.21,211266.63,211732.56,210640.365,209975.085,209893.455,210611.115,210410.685
210932.775,211232.025,211697.955,210624.255,209987.00999999998,209934.04499999998,210649.54499999998,210435.38999999998
210940.785,211260.06,211728.78,210634.91999999998,209986.74,209926.25999999998,210599.46,210382.785
211003.785,211364.865,211833.585,210686.175,209997.495,209857.095,210489.93,210327.75
211051.395,211448.655,211918.05,210717.36,209990.16,209766.15,210377.78999999998,210267.585
211081.63499999998,211505.85,211985.00999999998,210753.405,210002.085,209740.455,210308.58,210233.16
211098.24,211533.3,212014.66499999998,210763.305,209995.19999999998,209698.245,210262.22999999998,210209.49
211081.77,211498.02,211980.6,210755.88,210000.555,209727.18,210316.13999999998,210249.53999999998
211014.225,211386.33,211871.06999999998,210713.085,210001.995,209827.57499999998,210446.81999999998,210316.455
210962.06999999998,211297.005,211779.315,210671.145,209998.395,209906.55,210551.535,210362.44499999998
210931.38,211241.475,211712.895,210629.78999999998,209989.125,209923.335,210610.88999999998,210395.835
210907.35,211208.175,211678.245,210612.285,210000.285,209963.655,210648.24,210418.47
210923.72999999998,211245.21,211718.655,210632.35499999998,210004.83,209958.66,210599.46,210371.625
210988.485,211352.31,211827.01499999998,210686.535,210018.24,209889.27,210488.535,210318.435
211031.235,211434.975,211912.47,210720.78,210015.675,209806.60499999998,210369.87,210255.84
211054.59,211486.41,211974.435,210753.13499999998,210024.675,209780.37,210297.33,210216.645
211082.66999999998,211524.79499999998,212015.29499999998,210774.96,210026.52,209742.88499999998,210256.56,210204.405
211057.11,211476.555,211965.88499999998,210750.255,210016.8,209756.61,210310.38,210233.925
210986.145,211360.725,211852.71,210700.66499999998,210012.93,209850.525,210440.88,210296.52
210938.35499999998,211275.0,211764.645,210661.65,210010.31999999998,209929.185,210546.99,210355.69499999998
210924.99,211234.455,211712.22,210635.91,210004.60499999998,209944.215,210619.35,210418.56
210895.74,211195.755,211671.63,210613.095,210010.185,209989.08,210668.715,210434.66999999998
210915.72,211237.28999999998,211715.595,210636.99,210016.125,209991.735,210623.58,210402.18
210975.21,211340.61,211822.19999999998,210688.56,210031.28999999998,209930.75999999998,210506.085,210329.28
211023.72,211429.395,211915.62,210729.50999999998,210035.835,209855.06999999998,210388.86,210271.54499999998
211046.625,211478.85,211975.56,210758.35499999998,210044.43,209828.745,210315.10499999998,210231.495
211058.28,211500.94499999998,211997.835,210761.685,210034.755,209783.97,210269.38499999998,210204.0
211036.68,211456.08,211952.69999999998,210743.46,210030.16499999998,209802.735,210325.995,210239.145
210973.22999999998,211347.0,211846.455,210704.085,210032.37,209903.175,210459.10499999998,210310.02
210918.645,211255.965,211752.495,210659.58,210027.33,209980.97999999998,210561.435,210353.13
210902.985,211216.54499999998,211704.615,210637.71,210030.21,210007.755,210626.145,210400.91999999998
210882.01499999998,211187.16,211674.645,210625.47,210046.455,210050.865,210663.225,210426.47999999998
210897.27,211224.555,211713.38999999998,210643.785,210050.46,210045.06,210612.91499999998,210379.005
210954.465,211323.41999999998,211811.805,210687.255,210056.895,209972.34,210498.435,210317.985
210995.72999999998,211403.16,211894.875,210719.16,210055.005,209890.935,210380.085,210254.175
211019.13,211453.155,211953.555,210747.96,210061.62,209861.955,210308.625,210213.405
211041.94499999998,211484.025,211983.79499999998,210757.59,210051.09,209812.41,210270.87,210195.495
211021.065,211440.645,211938.66,210738.735,210046.31999999998,209831.22,210328.19999999998,210231.09
210952.035,211325.985,211828.41,210694.77,210046.41,209932.28999999998,210456.495,210296.52
210907.755,211248.81,211752.585,210670.155,210057.12,210025.8,210557.43,210348.85499999998
210885.93,211203.585,211697.865,210642.66,210057.615,210053.34,210619.035,210391.56
210856.54499999998,211164.93,211657.54499999998,210621.06,210067.335,210092.895,210653.72999999998,210408.88499999998
210877.60499999998,211207.63499999998,211703.805,210645.18,210074.31,210089.29499999998,210603.87,210365.595
210937.41,211308.56999999998,211805.28,210690.72,210082.68,210016.215,210489.255,210305.38499999998
210977.81999999998,211387.455,211886.91,210720.465,210079.845,209934.36,210370.63499999998,210240.72
211001.85,211439.61,211947.705,210753.04499999998,210088.935,209909.61,210297.96,210201.705
211029.93,211478.535,211987.035,210775.31999999998,210089.97,209874.465,210258.76499999998,210190.185
211002.16499999998,211427.41499999998,211935.01499999998,210749.35499999998,210081.24,209892.24,210314.06999999998,210220.38
210931.11,211309.38,211819.94999999998,210701.52,210079.62,209991.19499999998,210445.02,210283.965
210888.72,211229.505,211739.26499999998,210671.00999999998,210084.705,210074.66999999998,210550.22999999998,210336.66
210863.06999999998,211179.41999999998,211679.00999999998,210636.81,210079.57499999998,210096.63,210610.935,210375.13499999998
210846.06,211153.13999999998,211652.145,210626.595,210100.63499999998,210137.85,210649.77,210414.33
210859.155,211185.0,211683.15,210634.245,210102.12,210116.655,210598.38,210373.02
210923.41499999998,211292.685,211790.43,210685.77,210109.185,210045.69,210485.38499999998,210305.29499999998
210971.52,211381.11,211882.455,210727.305,210114.44999999998,209972.745,210368.475,210248.235
210986.595,211424.985,211937.13,210753.405,210125.025,209951.72999999998,210288.87,210201.03
211007.61,211455.585,211968.63,210766.095,210123.44999999998,209913.345,210248.28,210183.56999999998
210991.54499999998,211417.245,211931.00999999998,210755.43,210124.8,209939.03999999998,210307.005,210225.735
210921.03,211300.65,211816.71,210708.9,210123.405,210038.94,210439.25999999998,210291.16499999998
210864.41999999998,211206.96,211719.285,210660.345,210114.94499999998,210113.81999999998,210539.06999999998,210330.36
210842.055,211160.475,211662.85499999998,210630.19499999998,210112.785,210138.16499999998,210601.935,210372.345
210826.25999999998,211137.255,211639.185,210623.985,210132.18,210183.975,210640.41,210402.405
210838.68,211171.54499999998,211675.05,210637.25999999998,210130.785,210173.13,210586.63499999998,210349.845
210902.805,211278.50999999998,211782.06,210688.065,210141.94499999998,210100.725,210473.46,210294.18
210946.185,211360.94999999998,211866.93,210722.03999999998,210141.0,210020.35499999998,210356.91,210233.52
210977.72999999998,211420.305,211934.97,210761.505,210155.22,209996.865,210286.44,210200.805
211000.905,211452.93,211967.955,210776.03999999998,210152.97,209957.4,210246.435,210185.1
210973.22999999998,211399.56,211913.865,210747.50999999998,210141.63,209971.66499999998,210307.005,210216.96
210909.87,211288.13999999998,211804.11,210703.22999999998,210137.94,210064.275,210444.16499999998,210299.13
210863.06999999998,211205.835,211718.88,210666.555,210137.13,210142.62,210545.055,210369.19499999998
210838.54499999998,211157.145,211662.225,210635.46,210134.745,210168.53999999998,210603.15,210409.155
210806.235,211118.75999999998,211625.37,210615.435,210148.11,210214.035,210628.88999999998,210420.63
210822.21,211156.51499999998,211665.555,210633.79499999998,210151.035,210203.91,210574.845,210384.675
210889.125,211266.0,211774.095,210686.535,210162.96,210131.595,210462.66,210317.22
210931.65,211347.72,211858.60499999998,210719.43,210161.745,210050.505,210346.785,210256.11
210963.41999999998,211406.35499999998,211926.91499999998,210758.75999999998,210175.19999999998,210026.655,210275.685,210223.16999999998
210986.91,211439.52,211960.395,210774.41999999998,210172.185,209985.79499999998,210236.175,210209.03999999998
210964.005,211393.395,211913.41499999998,210754.71,210167.19,210007.62,210296.69999999998,210246.84
210893.66999999998,211276.8,211799.69999999998,210707.235,210165.47999999998,210106.395,210427.425,210310.74
210846.19499999998,211193.28,211713.88499999998,210668.58,210163.05,210182.94,210528.585,210357.36
