ch0,ch1,ch2,ch3,ch4,ch5,ch6,ch7
-10889.775,-11689.47,-22496.895,-6487.74,456.3,-30258.675,-13086.404999999999,-4129.605
-10886.4,-11668.77,-22442.85,-6468.75,486.35999999999996,-30212.73,-13023.63,-4134.24
-10899.18,-11685.33,-22476.105,-6519.915,466.78499999999997,-30211.695,-13012.92,-4141.305
-10903.68,-11697.345,-22509.18,-6575.355,411.16499999999996,-30343.14,-13180.23,-4159.71
-10927.755,-11733.029999999999,-22555.754999999997,-6614.009999999999,359.685,-30375.585,-13174.38,-4171.635
-10881.494999999999,-11683.35,-22511.655,-6585.165,365.085,-30394.53,-13138.38,-4121.415
-10850.67,-11635.335,-22445.19,-6525.945,465.16499999999996,-30301.875,-13106.25,-4111.5599999999995
-10874.115,-11657.654999999999,-22447.844999999998,-6482.969999999999,560.8349999999999,-30069.719999999998,-13018.5,-4124.43
-10906.244999999999,-11703.42,-22501.71,-6521.04,508.455,-30120.614999999998,-13016.25,-4128.974999999999
-10912.23,-11711.744999999999,-22513.725,-6522.344999999999,497.745,-30191.805,-13068.855,-4138.38
-10900.619999999999,-11695.32,-22494.059999999998,-6501.78,502.695,-30179.789999999997,-13061.025,-4134.375
-10901.744999999999,-11689.785,-22484.43,-6495.389999999999,490.275,-30178.125,-13056.57,-4143.78
-10920.105,-11700.27,-22506.165,-6537.87,433.62,-30237.03,-13058.369999999999,-4178.115
-10900.664999999999,-11675.609999999999,-22485.105,-6529.1849999999995,428.13,-30281.76,-13089.465,-4167.63
-10858.32,-11636.369999999999,-22438.215,-6466.005,523.98,-30218.579999999998,-13143.644999999999,-4121.6849999999995
-10891.619999999999,-11677.904999999999,-22480.245,-6498.99,528.795,-30205.62,-13153.904999999999,-4148.415
-10882.98,-11648.789999999999,-22445.82,-6469.2,558.675,-30172.59,-13153.455,-4167.45
-10854.225,-11604.6,-22399.605,-6436.755,582.2099999999999,-30084.03,-13000.59,-4145.94
-10874.25,-11648.475,-22448.114999999998,-6483.195,547.605,-30111.614999999998,-12945.914999999999,-4121.6849999999995
-10944.045,-11725.83,-22522.68,-6543.09,508.455,-30197.655,-13195.71,-4186.665
-10972.845,-11781.135,-22584.69,-6596.054999999999,451.395,-30272.309999999998,-13180.095,-4172.805
-10903.814999999999,-11722.904999999999,-22544.19,-6576.884999999999,406.755,-30368.52,-13092.84,-4103.82
-10878.255,-11693.43,-22516.695,-6551.82,411.75,-30307.364999999998,-13076.73,-4097.79
-10897.965,-11704.365,-22521.149999999998,-6551.37,416.115,-30323.925,-13059.045,-4138.83
-10904.13,-11683.035,-22490.055,-6521.804999999999,452.15999999999997,-30333.914999999997,-13032.72,-4171.32
-10893.105,-11649.375,-22447.44,-6468.3,554.715,-30080.25,-12990.33,-4174.92
-10877.445,-11662.965,-22468.59,-6483.599999999999,561.15,-30041.235,-13100.22,-4126.68
-10880.189999999999,-11683.215,-22497.344999999998,-6517.71,525.78,-30126.42,-13089.465,-4114.17
-10836.585,-11635.289999999999,-22446.989999999998,-6469.74,558.765,-30119.805,-13036.185,-4081.41
-10871.1,-11673.81,-22485.329999999998,-6512.759999999999,493.155,-30199.14,-13042.71,-4104.224999999999
-10956.42,-11769.39,-22583.655,-6610.995,400.455,-30254.355,-13026.779999999999,-4167.945
-10965.42,-11785.635,-22594.59,-6609.105,409.85999999999996,-30248.73,-13062.869999999999,-4184.55
-10917.855,-11721.914999999999,-22543.965,-6571.304999999999,438.435,-30297.645,-13143.195,-4147.0199999999995
-10882.89,-11674.529999999999,-22496.445,-6537.42,471.15,-30271.23,-13074.705,-4098.6449999999995
-10846.664999999999,-11633.67,-22455.585,-6487.92,515.745,-30167.504999999997,-13041.314999999999,-4088.16
-10879.695,-11657.475,-22463.055,-6488.46,506.025,-30176.37,-13076.189999999999,-4129.29
-10884.734999999999,-11678.13,-22489.335,-6517.62,486.63,-30210.39,-13090.68,-4122.135
-10861.965,-11655.404999999999,-22474.395,-6501.15,510.03,-30177.405,-13055.939999999999,-4107.33
-10899.045,-11689.244999999999,-22506.165,-6539.8949999999995,467.145,-30214.664999999997,-13067.144999999999,-4133.25
-10919.475,-11715.975,-22527.719999999998,-6557.535,449.325,-30237.344999999998,-13079.385,-4142.205
-10898.865,-11691.09,-22502.07,-6527.969999999999,479.835,-30213.495,-13072.725,-4137.795
-10874.654999999999,-11662.515,-22476.78,-6511.275,489.51,-30211.695,-13080.914999999999,-4127.76
-10850.939999999999,-11631.195,-22451.355,-6495.525,496.44,-30217.905,-13105.98,-4116.6449999999995
-10887.255,-11670.255,-22485.915,-6538.545,463.09499999999997,-30241.035,-13122.314999999999,-4140.99
-10916.865,-11713.635,-22533.254999999997,-6579.2699999999995,457.83,-30237.66,-13088.43,-4147.11
-10886.58,-11670.164999999999,-22483.71,-6526.62,500.21999999999997,-30227.399999999998,-13104.225,-4131.63
-10884.779999999999,-11663.1,-22466.024999999998,-6494.49,500.715,-30195.405,-13093.38,-4132.575
-10907.82,-11690.055,-22476.96,-6493.05,508.22999999999996,-30204.27,-13059.539999999999,-4138.92
-10918.755,-11700.99,-22493.114999999998,-6529.41,462.195,-30229.559999999998,-13095.449999999999,-4156.47
-10922.355,-11700.09,-22507.065,-6552.09,468.945,-30238.515,-13127.939999999999,-4175.19
-10903.14,-11675.654999999999,-22487.265,-6545.565,478.48499999999996,-30213.855,-13072.095,-4163.49
-10863.9,-11640.42,-22453.245,-6504.57,520.56,-30174.03,-12992.894999999999,-4113.8099999999995
-10872.99,-11656.17,-22462.92,-6475.59,527.535,-30202.695,-13084.38,-4111.605
-10894.32,-11676.689999999999,-22481.64,-6494.3099999999995,484.91999999999996,-30199.004999999997,-13127.67,-4141.215
-10908.314999999999,-11700.81,-22513.635,-6524.865,443.115,-30198.149999999998,-13068.539999999999,-4139.6849999999995
-10897.83,-11690.775,-22507.29,-6525.945,459.495,-30203.954999999998,-13021.289999999999,-4133.115
-10860.21,-11646.585,-22486.5,-6525.99,507.645,-30205.89,-13052.654999999999,-4108.005
-10844.775,-11629.17,-22467.825,-6494.175,516.555,-30190.949999999997,-13088.97,-4099.275
-10943.145,-11726.01,-22534.02,-6579.63,410.31,-30283.065,-13156.965,-4199.49
-10981.08,-11751.57,-22542.84,-6603.165,405.765,-30279.195,-13190.49,-4243.365
-10923.119999999999,-11706.3,-22506.885,-6554.115,481.95,-30191.94,-13038.164999999999,-4149.2699999999995
-10874.52,-11676.96,-22486.86,-6502.365,485.685,-30256.155,-13035.51,-4077.6749999999997
-10897.965,-11694.645,-22510.53,-6547.95,401.49,-30388.77,-13099.545,-4125.42
-10889.055,-11676.465,-22491.719999999998,-6539.58,411.435,-30355.92,-13113.72,-4130.955
-10899.63,-11684.88,-22495.454999999998,-6529.634999999999,464.76,-30212.235,-13081.32,-4139.505
-10930.725,-11722.455,-22537.754999999997,-6575.04,426.28499999999997,-30289.59,-13102.605,-4161.87
-10926.225,-11722.005,-22546.125,-6600.69,370.755,-30408.03,-13166.055,-4164.885
-10859.085,-11646.585,-22468.32,-6521.804999999999,448.78499999999997,-30290.399999999998,-13139.82,-4110.705
-10825.875,-11605.095,-22409.055,-6434.325,577.755,-30109.68,-13060.215,-4093.1099999999997
-10827.045,-11599.335,-22399.965,-6403.094999999999,643.3199999999999,-29997.225,-13034.115,-4109.76
-10902.689999999999,-11662.65,-22464.27,-6484.455,558.225,-30082.32,-13009.904999999999,-4148.415
-10962.539999999999,-11735.595,-22540.094999999998,-6569.639999999999,451.755,-30208.14,-13047.255,-4187.835
-10922.039999999999,-11707.199999999999,-22520.43,-6558.3,438.255,-30262.77,-13160.609999999999,-4168.44
-10877.715,-11667.869999999999,-22477.274999999998,-6513.795,477.495,-30239.774999999998,-13089.24,-4123.215
-10912.095,-11717.189999999999,-22541.219999999998,-6579.36,427.995,-30235.86,-13060.26,-4125.15
-10924.154999999999,-11728.619999999999,-22557.87,-6607.304999999999,414.85499999999996,-30217.14,-13071.195,-4127.13
-10895.49,-11690.145,-22510.079999999998,-6553.215,469.755,-30203.594999999998,-13059.18,-4119.48
-10880.055,-11668.814999999999,-22490.325,-6531.57,481.68,-30204.18,-13077.99,-4121.415
-10910.564999999999,-11695.275,-22511.565,-6538.724999999999,464.17499999999995,-30241.89,-13107.869999999999,-4146.705
-10902.779999999999,-11684.34,-22494.87,-6523.245,461.655,-30268.215,-13106.789999999999,-4136.849999999999
-10863.99,-11639.25,-22448.114999999998,-6486.705,481.22999999999996,-30291.84,-13097.564999999999,-4115.295
-10878.57,-11653.244999999999,-22460.219999999998,-6502.05,448.83,-30394.53,-13151.43,-4133.655
-10899.675,-11680.605,-22491.495,-6534.855,439.245,-30360.42,-13143.824999999999,-4144.545
-10908.27,-11688.75,-22501.215,-6536.07,515.0699999999999,-30060.585,-12985.019999999999,-4133.745
-10914.705,-11691.404999999999,-22499.91,-6523.245,526.185,-30069.18,-12996.135,-4147.245
-10912.455,-11689.74,-22501.844999999998,-6525.764999999999,493.56,-30179.34,-13112.279999999999,-4153.455
-10897.65,-11666.789999999999,-22475.475,-6493.455,510.34499999999997,-30214.664999999997,-13136.58,-4151.79
-10913.265,-11696.039999999999,-22510.305,-6544.665,456.57,-30262.184999999998,-13112.46,-4149.18
-10914.66,-11709.045,-22529.07,-6564.24,445.40999999999997,-30260.745,-13126.68,-4142.16
-10925.82,-11719.845,-22539.87,-6563.025,464.98499999999996,-30197.655,-13081.05,-4150.62
-10907.1,-11699.82,-22513.995,-6548.219999999999,476.01,-30205.305,-13054.545,-4130.505
-10894.5,-11683.89,-22499.055,-6548.49,471.78,-30228.254999999997,-13074.705,-4127.849999999999
-10896.255,-11684.295,-22504.545,-6559.065,477.765,-30222.495,-13073.4,-4129.335
-10895.039999999999,-11687.445,-22515.39,-6575.985,467.59499999999997,-30222.449999999997,-13077.63,-4126.995
-10899.72,-11686.77,-22519.44,-6559.514999999999,467.325,-30228.254999999997,-13083.164999999999,-4137.165
-10901.25,-11686.545,-22523.94,-6545.79,464.13,-30224.07,-13078.215,-4140.315
-10906.92,-11682.539999999999,-22493.43,-6505.2,477.81,-30214.395,-13042.89,-4149.585
-10915.605,-11692.439999999999,-22493.114999999998,-6522.12,486.405,-30220.739999999998,-13041.449999999999,-4158.585
-10877.085,-11658.555,-22469.94,-6532.0199999999995,487.48499999999996,-30226.274999999998,-13142.205,-4130.28
-10879.605,-11660.49,-22476.285,-6536.61,483.255,-30232.62,-13169.564999999999,-4136.355
-10928.115,-11716.56,-22540.454999999998,-6553.125,449.41499999999996,-30241.844999999998,-13095.765,-4151.295
-10919.699999999999,-11706.84,-22547.655,-6519.509999999999,473.49,-30267.27,-13081.32,-4149.8099999999995
-10909.89,-11694.779999999999,-22534.829999999998,-6521.985,492.93,-30224.699999999997,-13071.555,-4151.474999999999
-10902.645,-11681.145,-22493.745,-6527.565,490.54499999999996,-30196.53,-13066.154999999999,-4145.625
-10873.529999999999,-11650.095,-22447.44,-6490.349999999999,492.435,-30211.829999999998,-13089.24,-4123.44
-10833.705,-11605.455,-22405.32,-6453.719999999999,512.145,-30215.114999999998,-13119.93,-4094.955
-10849.14,-11621.699999999999,-22427.19,-6456.554999999999,514.53,-30194.01,-13070.97,-4099.635
-10869.795,-11640.24,-22446.36,-6475.365,485.19,-30228.57,-13096.8,-4122.855
-10812.555,-11573.685,-22384.079999999998,-6453.315,521.37,-30237.614999999998,-13081.545,-4095.4049999999997
-10879.47,-11645.055,-22448.34,-6482.925,523.98,-30206.655,-13041.0,-4146.885
-10947.105,-11734.289999999999,-22543.245,-6563.295,460.26,-30191.94,-13064.265,-4175.505
-10908.539999999999,-11703.06,-22521.239999999998,-6559.605,451.26,-30242.34,-13100.939999999999,-4137.615
-10889.955,-11681.369999999999,-22509.18,-6576.929999999999,400.14,-30343.77,-13184.64,-4134.915
-10959.84,-11756.025,-22588.739999999998,-6673.1849999999995,280.395,-30460.68,-13223.34,-4185.855
-10926.18,-11721.105,-22547.204999999998,-6595.875,406.48499999999996,-30266.28,-13066.47,-4139.19
-10913.265,-11706.705,-22521.105,-6528.554999999999,561.285,-30089.879999999997,-13017.779999999999,-4129.29
-10929.42,-11725.154999999999,-22536.405,-6528.285,519.255,-30177.719999999998,-13052.34,-4148.865
-10908.18,-11702.115,-22516.29,-6533.91,451.305,-30238.829999999998,-13055.49,-4130.37
-10895.805,-11683.484999999999,-22499.864999999998,-6531.48,456.21,-30253.32,-13064.4,-4127.715
-10885.59,-11659.365,-22476.375,-6520.365,446.21999999999997,-30327.12,-13126.949999999999,-4142.5199999999995
-10874.654999999999,-11642.895,-22455.36,-6493.59,484.10999999999996,-30305.969999999998,-13177.035,-4145.8949999999995
-10868.445,-11642.13,-22450.004999999997,-6477.57,524.97,-30189.42,-13178.744999999999,-4140.764999999999
-10888.56,-11673.18,-22478.355,-6499.8,517.005,-30163.68,-13091.894999999999,-4138.5599999999995
-10891.89,-11680.56,-22492.62,-6520.679999999999,486.18,-30185.19,-12929.58,-4101.57
-10923.21,-11713.5,-22533.03,-6565.455,450.53999999999996,-30218.895,-13006.755,-4132.845
-10926.449999999999,-11698.875,-22511.655,-6537.24,485.505,-30218.265,-13160.16,-4181.175
-10898.414999999999,-11659.455,-22464.225,-6482.7,536.265,-30159.449999999997,-13162.14,-4174.65
-10903.095,-11687.4,-22497.03,-6517.035,503.54999999999995,-30155.579999999998,-13072.904999999999,-4140.135
-10919.115,-11725.47,-22546.89,-6572.34,445.905,-30211.469999999998,-13007.475,-4120.65
-10905.705,-11704.095,-22526.82,-6561.36,450.63,-30249.09,-13051.17,-4114.349999999999
-10907.369999999999,-11705.939999999999,-22523.309999999998,-6554.7,463.365,-30234.105,-13059.72,-4126.95
-10908.585,-11699.279999999999,-22520.16,-6554.34,452.385,-30232.395,-13085.73,-4137.165
-10894.635,-11675.205,-22489.515,-6520.995,488.43,-30219.524999999998,-13100.22,-4125.87
-10882.08,-11666.385,-22478.04,-6516.63,493.245,-30217.454999999998,-13085.279999999999,-4119.93
-10854.765,-11638.619999999999,-22458.735,-6510.509999999999,487.44,-30234.51,-13103.46,-4108.139999999999
-10875.869999999999,-11651.805,-22480.515,-6530.04,463.905,-30255.57,-13130.279999999999,-4130.6849999999995
-10914.84,-11694.689999999999,-22514.489999999998,-6557.085,439.56,-30243.645,-13093.92,-4146.84
-10920.06,-11704.859999999999,-22521.735,-6547.275,447.75,-30256.289999999997,-13106.654999999999,-4153.005
-10896.435,-11674.935,-22498.469999999998,-6528.0599999999995,462.33,-30271.094999999998,-13135.455,-4146.165
-10871.1,-11642.445,-22465.665,-6504.795,479.07,-30293.37,-13128.975,-4129.785
-10849.005,-11620.755,-22441.59,-6486.57,502.695,-30303.539999999997,-13082.085,-4102.875
-10867.32,-11645.73,-22469.579999999998,-6525.9,473.76,-30316.635,-13123.17,-4121.055
-10925.865,-11715.029999999999,-22538.43,-6568.155,466.10999999999996,-30215.204999999998,-13134.914999999999,-4168.17
-10943.64,-11736.18,-22558.5,-6594.4349999999995,442.48499999999996,-30171.015,-13071.465,-4165.5599999999995
-10932.93,-11719.35,-22538.745,-6577.5599999999995,466.38,-30188.52,-13071.42,-4159.215
-10931.939999999999,-11718.675,-22537.17,-6568.245,484.245,-30200.129999999997,-13102.515,-4165.245
-10899.225,-11683.484999999999,-22497.254999999997,-6516.315,526.3199999999999,-30215.969999999998,-13095.945,-4137.21
-10882.664999999999,-11666.115,-22489.559999999998,-6537.554999999999,471.28499999999997,-30271.32,-13076.324999999999,-4120.0199999999995
-10897.83,-11676.015,-22496.489999999998,-6525.45,452.835,-30259.844999999998,-13072.814999999999,-4136.13
-10894.545,-11671.02,-22482.629999999997,-6523.965,452.205,-30253.545,-13095.045,-4136.76
-10878.074999999999,-11655.765,-22475.61,-6510.285,472.995,-30255.75,-13070.25,-4128.705
-10899.045,-11687.58,-22538.34,-6529.7699999999995,454.14,-30264.344999999998,-13107.33,-4140.945
-10923.705,-11712.914999999999,-22557.329999999998,-6524.28,460.26,-30261.465,-13232.654999999999,-4169.205
-10898.189999999999,-11668.095,-22474.53,-6475.094999999999,531.135,-30161.385,-13164.66,-4161.15
-10903.68,-11672.46,-22465.035,-6519.6449999999995,517.725,-30191.219999999998,-13102.56,-4152.915
-10919.295,-11696.76,-22505.175,-6558.884999999999,473.085,-30224.385,-13099.005,-4153.05
-10894.185,-11674.529999999999,-22489.695,-6533.639999999999,469.62,-30182.85,-13063.05,-4129.29
-10833.029999999999,-11597.939999999999,-22412.79,-6456.554999999999,552.555,-30088.754999999997,-13029.93,-4092.435
-10896.66,-11654.234999999999,-22468.77,-6495.165,520.8299999999999,-30134.969999999998,-13027.23,-4160.205
-10958.805,-11751.75,-22581.225,-6591.33,412.56,-30325.41,-13134.96,-4167.675
-10912.904999999999,-11719.439999999999,-22554.855,-6577.469999999999,410.085,-30358.215,-13123.08,-4114.889999999999
-10880.189999999999,-11668.095,-22489.649999999998,-6556.094999999999,419.66999999999996,-30302.145,-13089.06,-4106.745
-10864.215,-11648.744999999999,-22469.129999999997,-6531.344999999999,439.2,-30250.754999999997,-13056.615,-4096.62
-10864.26,-11651.22,-22485.69,-6519.105,482.31,-30188.204999999998,-13053.24,-4102.83
-10891.035,-11662.109999999999,-22479.614999999998,-6503.175,506.385,-30169.8,-13048.605,-4125.915
-10899.18,-11660.895,-22469.67,-6503.175,503.64,-30167.774999999998,-13009.814999999999,-4145.355
-10917.404999999999,-11696.535,-22515.975,-6549.075,452.655,-30222.765,-13060.8,-4160.655
-10918.89,-11717.685,-22541.129999999997,-6567.525,423.71999999999997,-30306.375,-13181.85,-4146.12
-10917.09,-11717.055,-22541.04,-6566.759999999999,435.15,-30311.55,-13157.73,-4132.845
-10917.225,-11715.074999999999,-22533.344999999998,-6554.5199999999995,455.445,-30266.055,-13111.605,-4141.3949999999995
-10905.164999999999,-11685.734999999999,-22511.295,-6538.634999999999,469.26,-30248.594999999998,-13091.31,-4139.639999999999
-10884.015,-11650.365,-22477.05,-6516.63,484.42499999999995,-30262.68,-13130.685,-4126.815
-10885.68,-11653.74,-22471.2,-6501.87,513.9449999999999,-30200.039999999997,-13096.755,-4128.974999999999
-10895.085,-11667.285,-22483.89,-6511.005,508.455,-30194.19,-13087.17,-4134.6449999999995
-10856.385,-11640.645,-22456.26,-6482.745,531.81,-30194.864999999998,-13115.115,-4085.865
-10854.765,-11629.755,-22453.379999999997,-6481.665,528.795,-30183.164999999997,-13110.345,-4099.724999999999
-10899.18,-11668.68,-22486.23,-6513.84,504.85499999999996,-30163.23,-13062.734999999999,-4136.04
-10946.25,-11724.21,-22542.344999999998,-6567.84,454.905,-30202.155,-13058.234999999999,-4167.405
-10937.34,-11712.869999999999,-22531.815,-6566.13,437.13,-30289.454999999998,-13109.894999999999,-4162.905
-10928.654999999999,-11707.199999999999,-22528.89,-6565.679999999999,431.01,-30331.215,-13144.095,-4165.065
-10913.67,-11690.685,-22513.68,-6546.96,465.255,-30246.3,-13133.519999999999,-4156.605
-10913.445,-11688.3,-22511.295,-6550.38,476.46,-30213.18,-13140.404999999999,-4154.8949999999995
-10909.08,-11691.09,-22514.85,-6555.42,462.645,-30227.129999999997,-13100.445,-4129.695
-10889.73,-11664.0,-22482.945,-6516.99,488.07,-30229.739999999998,-13155.57,-4128.84
-10903.545,-11670.074999999999,-22480.695,-6504.3,502.83,-30229.695,-13167.135,-4151.295
-10925.955,-11700.855,-22510.754999999997,-6538.5,493.91999999999996,-30170.34,-13034.835,-4152.69
-10906.02,-11682.9,-22502.024999999998,-6544.3949999999995,477.405,-30182.355,-13060.08,-4141.845
-10894.904999999999,-11673.945,-22502.204999999998,-6533.054999999999,475.155,-30229.065,-13117.904999999999,-4137.21
-10909.305,-11684.654999999999,-22509.719999999998,-6532.425,479.655,-30234.78,-13093.65,-4150.845
-10903.365,-11675.25,-22497.165,-6535.125,485.685,-30199.545,-13039.47,-4147.74
-10869.705,-11635.74,-22457.07,-6481.3949999999995,531.27,-30169.934999999998,-13068.135,-4131.9
-10908.539999999999,-11669.58,-22483.079999999998,-6511.005,492.705,-30201.57,-13100.175,-4175.639999999999
-10953.18,-11734.92,-22556.25,-6584.67,426.465,-30277.395,-13140.135,-4195.71
-10921.005,-11717.955,-22549.41,-6576.12,424.89,-30314.43,-13136.76,-4136.805
-10896.21,-11689.02,-22533.165,-6549.21,471.375,-30240.899999999998,-13078.17,-4116.87
-10873.619999999999,-11666.88,-22521.105,-6531.12,502.245,-30205.53,-13082.625,-4096.889999999999
-10924.515,-11709.045,-22539.645,-6563.115,442.8,-30242.475,-13070.43,-4150.62
-10931.76,-11710.619999999999,-22514.129999999997,-6556.679999999999,439.245,-30214.305,-13028.715,-4154.58
-10877.039999999999,-11660.58,-22478.67,-6519.554999999999,482.84999999999997,-30209.445,-13084.289999999999,-4107.78
-10847.789999999999,-11625.75,-22450.274999999998,-6500.7,488.205,-30241.89,-13169.025,-4100.58
-10863.945,-11632.41,-22452.704999999998,-6520.995,448.02,-30301.965,-13135.545,-4118.94
-10874.16,-11638.215,-22453.2,-6516.719999999999,462.465,-30313.125,-13062.96,-4123.53
-10883.564999999999,-11654.91,-22474.17,-6515.6849999999995,489.96,-30228.48,-13074.48,-4131.945
-10922.49,-11709.494999999999,-22537.035,-6557.085,469.26,-30202.695,-13154.49,-4157.505
-10908.045,-11687.76,-22511.07,-6529.455,502.38,-30174.254999999997,-13136.175,-4147.695
-10880.64,-11654.145,-22474.665,-6523.65,509.35499999999996,-30161.835,-13110.615,-4122.63
-10852.38,-11618.685,-22430.295,-6457.275,544.5,-30124.215,-13063.635,-4105.845
-10834.875,-11610.449999999999,-22418.46,-6438.465,545.22,-30155.94,-12996.855,-4085.055
-10842.615,-11623.095,-22451.175,-6480.224999999999,495.27,-30233.024999999998,-13056.84,-4083.21
-10911.689999999999,-11689.109999999999,-22538.655,-6588.09,387.63,-30326.445,-13186.529999999999,-4150.305
-10982.744999999999,-11766.285,-22612.635,-6673.679999999999,335.47499999999997,-30378.195,-13172.805,-4209.345
-10966.5,-11757.689999999999,-22591.844999999998,-6646.545,354.33,-30392.46,-13175.505,-4185.405
-10914.84,-11689.605,-22496.445,-6528.735,451.755,-30263.715,-13098.644999999999,-4159.755
-10910.925,-11677.095,-22487.805,-6521.49,490.995,-30186.36,-13064.445,-4175.415
-10941.164999999999,-11722.41,-22548.42,-6585.795,452.29499999999996,-30214.664999999997,-13157.369999999999,-4173.885
-10951.83,-11739.24,-22564.485,-6596.19,441.135,-30258.27,-13203.9,-4167.2699999999995
-10907.055,-11696.265,-22523.129999999997,-6541.38,474.79499999999996,-30260.024999999998,-13061.025,-4111.514999999999
-10880.64,-11662.695,-22490.504999999997,-6511.545,475.245,-30289.815,-13104.18,-4105.889999999999
-10879.38,-11656.98,-22474.17,-6500.969999999999,506.835,-30167.64,-13097.564999999999,-4121.01
-10877.13,-11651.085,-22474.215,-6497.955,513.855,-30185.1,-13071.51,-4120.785
-10915.244999999999,-11686.635,-22511.79,-6536.969999999999,469.66499999999996,-30278.745,-13078.71,-4141.17
-10898.82,-11657.07,-22470.39,-6494.219999999999,527.175,-30159.045,-13042.619999999999,-4133.43
-10844.145,-11596.365,-22413.69,-6442.38,559.98,-30178.754999999997,-13036.005,-4111.38
-10845.72,-11609.145,-22431.42,-6463.17,525.8249999999999,-30265.155,-13112.955,-4122.72
-10942.695,-11737.08,-22567.184999999998,-6595.514999999999,426.91499999999996,-30230.864999999998,-13119.345,-4171.23
-10958.76,-11746.845,-22577.309999999998,-6613.514999999999,420.79499999999996,-30202.829999999998,-13104.404999999999,-4183.695
-10929.195,-11693.16,-22519.44,-6562.844999999999,455.21999999999997,-30205.35,-13142.205,-4185.315
-10907.46,-11667.105,-22488.03,-6527.205,493.42499999999995,-30144.69,-13059.765,-4157.325
-10878.39,-11638.98,-22460.76,-6496.245,510.79499999999996,-30166.199999999997,-13016.205,-4121.37
-10909.98,-11687.22,-22516.739999999998,-6562.035,428.895,-30281.445,-13153.14,-4139.37
-10929.914999999999,-11720.925,-22555.844999999998,-6595.65,404.72999999999996,-30283.02,-13109.67,-4130.235
-10939.185,-11705.355,-22525.29,-6531.12,500.805,-30193.875,-13080.689999999999,-4171.365
-10948.275,-11708.64,-22517.82,-6529.679999999999,507.91499999999996,-30195.719999999998,-13075.154999999999,-4179.555
-10913.31,-11692.08,-22509.045,-6547.23,479.07,-30229.515,-13073.625,-4130.6849999999995
-10863.99,-11649.465,-22483.98,-6517.8,499.905,-30233.925,-13125.375,-4101.075
-10899.314999999999,-11680.064999999999,-22524.12,-6536.79,492.79499999999996,-30226.995,-13121.279999999999,-4144.995
-10909.215,-11679.885,-22515.614999999998,-6517.304999999999,520.965,-30189.059999999998,-13056.074999999999,-4154.355
-10900.89,-11683.529999999999,-22514.309999999998,-6520.5,512.145,-30191.895,-13043.654999999999,-4119.885
-10880.73,-11665.17,-22497.48,-6525.0,460.26,-30237.885,-13137.345,-4114.889999999999
-10909.529999999999,-11695.275,-22531.815,-6590.88,400.22999999999996,-30274.965,-13152.24,-4145.22
-10905.615,-11694.689999999999,-22538.79,-6570.945,434.385,-30256.425,-13126.185,-4134.6449999999995
-10899.045,-11681.955,-22537.079999999998,-6546.465,475.10999999999996,-30240.899999999998,-13127.49,-4138.425
-10919.115,-11697.93,-22545.405,-6566.67,486.81,-30227.219999999998,-13132.89,-4162.905
-10905.84,-11677.994999999999,-22503.285,-6546.915,525.555,-30204.855,-13109.039999999999,-4153.905
-10873.664999999999,-11637.135,-22459.184999999998,-6504.57,505.71,-30205.215,-13117.185,-4135.41
-10877.039999999999,-11641.904999999999,-22475.07,-6563.429999999999,402.79499999999996,-30262.32,-13093.605,-4140.18
-10886.67,-11665.484999999999,-22512.105,-6626.79,344.205,-30369.914999999997,-13094.279999999999,-4133.43
-10888.289999999999,-11665.89,-22498.875,-6570.45,362.745,-30470.94,-13273.064999999999,-4144.32
-10928.205,-11694.645,-22512.195,-6538.41,388.305,-30501.36,-13291.74,-4192.5599999999995
-10904.76,-11667.285,-22487.219999999998,-6545.925,412.46999999999997,-30413.295,-13118.535,-4162.139999999999
-10870.289999999999,-11643.615,-22461.66,-6502.23,529.38,-30142.62,-12991.59,-4106.205
-10839.42,-11618.46,-22453.829999999998,-6483.96,536.085,-30112.829999999998,-13131.449999999999,-4090.14
-10892.609999999999,-11669.4,-22508.774999999998,-6522.66,465.705,-30210.164999999997,-13172.22,-4161.195
-10912.59,-11692.619999999999,-22527.0,-6512.58,479.835,-30167.055,-13025.115,-4138.65
-10896.885,-11673.945,-22481.954999999998,-6479.6849999999995,565.56,-30045.465,-12943.26,-4102.065
-10874.115,-11648.205,-22465.754999999997,-6482.5199999999995,554.0849999999999,-30110.535,-13030.38,-4109.13
-10861.02,-11625.164999999999,-22444.829999999998,-6459.12,563.895,-30143.07,-13071.24,-4113.855
-10868.039999999999,-11631.24,-22451.85,-6470.73,543.105,-30159.315,-13087.845,-4118.445
-10957.725,-11734.74,-22561.155,-6590.295,418.95,-30274.92,-13168.17,-4190.94
-10947.645,-11731.41,-22560.48,-6588.54,412.065,-30302.324999999997,-13143.779999999999,-4172.8949999999995
-10942.199999999999,-11717.324999999999,-22543.605,-6571.62,423.04499999999996,-30296.07,-13143.644999999999,-4175.91
-10932.75,-11719.664999999999,-22547.295,-6569.054999999999,442.935,-30212.55,-13054.14,-4149.54
-10880.595,-11662.92,-22489.965,-6500.79,520.65,-30153.015,-13075.74,-4107.915
-10885.185,-11653.064999999999,-22481.19,-6507.99,485.23499999999996,-30273.704999999998,-13200.164999999999,-4137.03
-10945.17,-11714.49,-22539.239999999998,-6564.195,433.08,-30333.465,-13195.664999999999,-4188.51
-10932.345,-11711.295,-22538.655,-6561.224999999999,459.315,-30276.629999999997,-13076.279999999999,-4155.389999999999
-10897.154999999999,-11678.085,-22506.344999999998,-6533.82,497.52,-30189.105,-13046.265,-4118.8949999999995
-10902.105,-11677.545,-22500.585,-6538.95,474.79499999999996,-30238.965,-13102.92,-4138.065
-10913.22,-11696.939999999999,-22517.46,-6550.38,450.585,-30298.905,-13112.189999999999,-4148.415
-10915.064999999999,-11706.525,-22530.42,-6549.84,475.60499999999996,-30159.675,-13073.175,-4140.405
-10913.67,-11690.414999999999,-22516.469999999998,-6527.655,505.575,-30131.82,-13081.545,-4140.72
-10907.865,-11678.445,-22503.78,-6521.8949999999995,501.255,-30182.895,-13103.505,-4142.7
-10905.885,-11676.15,-22502.25,-6523.605,494.37,-30208.004999999997,-13126.455,-4147.065
-10918.395,-11686.32,-22510.079999999998,-6531.389999999999,489.195,-30225.735,-13172.49,-4168.3949999999995
-10933.695,-11687.58,-22505.219999999998,-6529.094999999999,486.81,-30238.155,-13171.994999999999,-4200.57
-10916.595,-11654.234999999999,-22463.055,-6490.665,523.755,-30191.715,-13121.55,-4200.57
-10873.484999999999,-11624.939999999999,-22442.129999999997,-6462.495,561.9599999999999,-30138.434999999998,-13105.89,-4137.93
-10896.074999999999,-11685.465,-22523.309999999998,-6546.599999999999,476.46,-30218.805,-13072.725,-4104.315
-10883.07,-11675.43,-22517.73,-6553.08,463.32,-30248.594999999998,-13037.85,-4084.065
-10898.55,-11683.664999999999,-22521.87,-6560.505,475.065,-30251.43,-13077.765,-4114.17
-10894.949999999999,-11669.67,-22502.204999999998,-6550.605,483.12,-30239.324999999997,-13131.494999999999,-4133.61
-10858.59,-11625.705,-22461.885,-6525.719999999999,430.83,-30264.524999999998,-13145.039999999999,-4121.055
-10865.564999999999,-11636.055,-22488.93,-6581.34,330.84,-30389.039999999997,-13161.869999999999,-4126.68
-10896.795,-11673.945,-22541.76,-6605.955,340.2,-30340.035,-13142.789999999999,-4143.15
-10873.395,-11650.365,-22512.465,-6494.94,557.055,-30113.37,-13017.42,-4107.285
-10917.045,-11675.43,-22501.17,-6467.985,601.605,-30137.489999999998,-13039.74,-4170.555
-10958.58,-11734.154999999999,-22545.809999999998,-6559.74,477.135,-30232.98,-13129.92,-4199.535
-10932.93,-11713.455,-22547.43,-6560.37,477.04499999999996,-30235.815,-13173.119999999999,-4176.63
-10938.645,-11709.63,-22552.695,-6595.425,463.14,-30253.545,-13189.32,-4189.545
-10876.005,-11657.34,-22507.11,-6616.485,463.09499999999997,-30258.315,-13116.195,-4103.19
-10849.095,-11627.145,-22465.844999999998,-6571.98,462.645,-30251.745,-13057.92,-4076.2349999999997
-10870.38,-11643.39,-22466.879999999997,-6530.219999999999,450.45,-30240.405,-13037.984999999999,-4099.59
-10906.695,-11685.465,-22517.504999999997,-6558.929999999999,417.28499999999997,-30266.594999999998,-13110.345,-4132.889999999999
-10895.265,-11672.73,-22496.895,-6499.62,463.905,-30193.469999999998,-13094.91,-4129.965
-10865.385,-11638.17,-22463.37,-6493.7699999999995,485.41499999999996,-30249.855,-13144.68,-4118.4
-10931.265,-11703.779999999999,-22536.765,-6556.32,428.98499999999996,-30337.02,-13173.164999999999,-4167.36
-10947.779999999999,-11721.779999999999,-22546.754999999997,-6550.74,431.145,-30329.235,-13149.449999999999,-4166.055
-10897.65,-11675.25,-22502.385,-6516.63,465.12,-30335.67,-13151.34,-4124.655
-10886.039999999999,-11665.664999999999,-22484.114999999998,-6481.71,535.4549999999999,-30159.315,-13094.64,-4118.264999999999
-10869.93,-11629.574999999999,-22446.945,-6444.945,574.47,-30162.96,-13099.23,-4125.51
-10918.305,-11654.685,-22468.23,-6475.094999999999,568.035,-30158.594999999998,-13106.699999999999,-4191.93
-10977.93,-11722.859999999999,-22537.89,-6567.165,475.65,-30136.23,-13048.605,-4234.59
-10917.18,-11688.48,-22501.71,-6535.889999999999,496.755,-30144.6,-13030.289999999999,-4152.42
-10864.755,-11636.73,-22445.684999999998,-6475.545,521.28,-30165.795,-13110.84,-4097.385
-10884.33,-11665.17,-22493.295,-6521.219999999999,460.84499999999997,-30219.57,-13096.529999999999,-4089.915
-10909.619999999999,-11697.48,-22531.184999999998,-6558.525,442.755,-30231.045,-13113.18,-4119.345
-10911.285,-11701.845,-22536.0,-6557.13,453.10499999999996,-30217.815,-13114.529999999999,-4136.355
-10910.205,-11690.91,-22525.605,-6547.679999999999,456.75,-30234.195,-13139.369999999999,-4152.285
-10924.289999999999,-11687.984999999999,-22514.895,-6547.545,447.47999999999996,-30265.379999999997,-13178.835,-4176.2699999999995
-10922.4,-11687.85,-22516.829999999998,-6547.59,456.21,-30245.625,-13196.88,-4182.84
-10891.529999999999,-11652.57,-22480.155,-6507.495,498.465,-30200.805,-13161.689999999999,-4155.48
-10900.17,-11665.439999999999,-22490.64,-6516.764999999999,487.48499999999996,-30210.12,-13092.345,-4136.625
-10871.55,-11639.744999999999,-22467.51,-6490.17,528.795,-30172.59,-13051.26,-4108.1849999999995
-10898.279999999999,-11655.404999999999,-22481.46,-6505.605,508.40999999999997,-30189.105,-13070.295,-4154.13
-10937.295,-11701.395,-22528.89,-6557.804999999999,444.195,-30258.18,-13068.539999999999,-4170.6449999999995
-10914.705,-11695.14,-22528.079999999998,-6556.679999999999,457.2,-30249.719999999998,-13123.574999999999,-4131.72
-10904.13,-11679.029999999999,-22510.665,-6541.83,467.82,-30243.914999999997,-13171.095,-4128.165
-10920.869999999999,-11696.715,-22528.35,-6561.945,443.88,-30272.715,-13163.13,-4139.595
-10908.9,-11679.93,-22507.559999999998,-6530.759999999999,492.75,-30191.895,-13072.005,-4142.205
-10903.59,-11678.67,-22503.825,-6524.639999999999,496.26,-30179.565,-13040.189999999999,-4136.535
-10899.99,-11675.115,-22502.879999999997,-6530.67,482.625,-30209.445,-13083.345,-4136.355
-10912.859999999999,-11691.449999999999,-22525.065,-6547.995,468.63,-30225.914999999997,-13102.47,-4145.085
-10912.949999999999,-11697.119999999999,-22541.715,-6551.82,465.435,-30236.94,-13108.41,-4144.139999999999
-10904.445,-11690.91,-22551.434999999998,-6548.715,475.10999999999996,-30234.645,-13125.15,-4137.389999999999
-10892.789999999999,-11670.705,-22522.77,-6534.2699999999995,477.35999999999996,-30239.55,-13137.164999999999,-4132.665
-10889.595,-11655.81,-22476.195,-6515.009999999999,484.83,-30232.934999999998,-13147.515,-4132.98
-10872.72,-11639.07,-22459.59,-6502.724999999999,491.66999999999996,-30219.164999999997,-13086.855,-4111.38
-10849.455,-11616.48,-22450.14,-6503.219999999999,486.04499999999996,-30191.265,-13043.97,-4092.8399999999997
-10846.439999999999,-11595.779999999999,-22427.415,-6500.745,476.685,-30182.039999999997,-13081.725,-4128.57
-10853.145,-11599.244999999999,-22427.235,-6503.804999999999,448.695,-30280.77,-13102.244999999999,-4153.095
-10885.14,-11647.035,-22475.07,-6518.295,434.15999999999997,-30410.73,-13195.619999999999,-4151.5199999999995
-10890.314999999999,-11645.055,-22471.695,-6476.625,515.295,-30298.14,-13157.144999999999,-4143.51
-10876.455,-11634.164999999999,-22461.66,-6479.325,553.275,-30117.465,-13066.244999999999,-4128.705
-10900.619999999999,-11673.99,-22509.09,-6550.74,467.325,-30187.035,-13104.9,-4131.18
-10957.545,-11774.115,-22626.765,-6675.3,348.885,-30284.414999999997,-13117.23,-4137.165
-10938.689999999999,-11733.615,-22579.559999999998,-6610.094999999999,414.63,-30299.445,-13223.564999999999,-4159.3949999999995
-10923.164999999999,-11687.805,-22518.135,-6531.974999999999,463.995,-30308.985,-13198.904999999999,-4162.905
-10913.22,-11684.115,-22505.535,-6530.219999999999,449.01,-30304.754999999997,-13104.269999999999,-4135.23
-10891.845,-11674.125,-22499.28,-6500.295,471.015,-30283.379999999997,-13095.675,-4117.095
-10892.295,-11667.24,-22496.219999999998,-6513.12,511.74,-30180.105,-13104.72,-4136.085
-10897.965,-11660.625,-22486.725,-6502.455,534.015,-30155.129999999997,-13109.039999999999,-4152.195
-10915.74,-11678.355,-22507.875,-6537.599999999999,477.63,-30263.309999999998,-13103.144999999999,-4159.17
-10944.494999999999,-11717.595,-22553.91,-6605.28,413.28,-30258.765,-13124.16,-4185.315
-10961.64,-11733.615,-22569.21,-6603.795,464.03999999999996,-30157.199999999997,-13096.35,-4196.07
-10927.98,-11704.32,-22544.954999999998,-6555.96,499.85999999999996,-30198.195,-13077.855,-4150.53
-10861.875,-11649.06,-22489.515,-6496.965,518.715,-30227.489999999998,-13109.67,-4081.815
-10885.32,-11662.244999999999,-22490.46,-6497.28,521.415,-30205.89,-13095.539999999999,-4107.465
-10917.99,-11693.744999999999,-22509.405,-6524.82,483.435,-30220.289999999997,-13087.619999999999,-4130.19
-10911.645,-11688.48,-22508.774999999998,-6524.55,440.505,-30240.989999999998,-13099.185,-4128.03
-10897.605,-11670.795,-22496.085,-6527.745,420.885,-30331.8,-13135.005,-4129.695
-10863.18,-11633.715,-22464.765,-6501.78,483.21,-30272.175,-13106.205,-4112.595
-10869.345,-11642.355,-22475.745,-6504.525,515.655,-30165.03,-13086.945,-4118.625
-10917.855,-11695.994999999999,-22530.195,-6557.8949999999995,446.66999999999996,-30246.795,-13126.904999999999,-4147.425
-10941.615,-11711.16,-22537.035,-6553.665,463.68,-30219.39,-13137.345,-4172.085
-10916.82,-11668.725,-22502.295,-6510.42,529.29,-30136.905,-13119.84,-4178.34
-10919.925,-11668.635,-22493.52,-6495.48,553.545,-30109.815,-13096.394999999999,-4183.74
-10891.845,-11648.43,-22459.14,-6474.465,556.65,-30125.475,-13095.945,-4145.22
-10914.119999999999,-11703.914999999999,-22557.69,-6570.179999999999,440.325,-30241.305,-13071.689999999999,-4131.315
-10928.744999999999,-11719.17,-22584.825,-6587.37,425.88,-30260.25,-13115.475,-4166.6849999999995
-10917.9,-11697.029999999999,-22526.37,-6549.3,460.755,-30245.535,-13154.805,-4162.95
-10880.64,-11652.48,-22462.605,-6509.115,490.54499999999996,-30237.12,-13159.439999999999,-4117.5
-10879.605,-11657.295,-22482.719999999998,-6526.665,473.53499999999997,-30247.155,-13130.189999999999,-4117.815
-10894.455,-11672.775,-22505.715,-6558.075,446.76,-30263.129999999997,-13097.205,-4127.849999999999
-10896.3,-11675.699999999999,-22511.295,-6563.025,438.75,-30258.855,-13070.25,-4118.04
-10878.435,-11660.625,-22491.855,-6525.855,486.71999999999997,-30218.355,-13087.664999999999,-4103.325
-10898.055,-11674.845,-22499.91,-6519.69,508.5,-30203.235,-13104.765,-4127.94
-10916.01,-11686.545,-22514.219999999998,-6541.92,487.71,-30202.289999999997,-13113.99,-4148.505
-10880.189999999999,-11645.595,-22473.495,-6495.57,493.02,-30232.574999999997,-13114.935,-4123.575
-10874.52,-11644.695,-22481.19,-6523.469999999999,462.06,-30282.164999999997,-13128.57,-4120.425
-10879.605,-11643.615,-22482.315,-6526.44,464.21999999999997,-30256.155,-13183.83,-4146.795
-10919.43,-11678.175,-22514.85,-6558.615,456.525,-30254.805,-13191.975,-4202.73
-10930.185,-11703.15,-22544.19,-6577.965,443.60999999999996,-30274.92,-13103.46,-4177.71
-10909.98,-11706.93,-22551.48,-6575.13,449.37,-30253.5,-13100.58,-4122.8099999999995
-10882.215,-11661.119999999999,-22497.12,-6534.495,472.455,-30250.844999999998,-13097.789999999999,-4119.21
-10888.335,-11657.789999999999,-22487.489999999998,-6540.75,414.71999999999997,-30329.504999999997,-13101.164999999999,-4126.815
-10920.42,-11693.475,-22525.695,-6580.665,417.33,-30287.879999999997,-13065.795,-4147.65
-10913.939999999999,-11692.755,-22531.14,-6569.505,473.4,-30243.78,-13111.335,-4143.6449999999995
-10898.324999999999,-11670.615,-22505.219999999998,-6521.49,502.38,-30237.704999999998,-13195.26,-4164.48
-10869.3,-11619.72,-22440.69,-6425.6849999999995,538.92,-30181.5,-13228.064999999999,-4167.2699999999995
-10874.88,-11635.695,-22456.53,-6446.745,497.78999999999996,-30263.76,-13229.55,-4148.55
-10937.205,-11730.914999999999,-22573.215,-6604.83,363.28499999999997,-30380.625,-13116.015,-4134.555
-10925.64,-11714.895,-22550.94,-6589.98,435.645,-30248.64,-13018.41,-4110.3
-10898.55,-11677.725,-22509.0,-6523.83,487.395,-30204.855,-13050.135,-4120.29
-10879.47,-11657.34,-22487.265,-6519.465,477.945,-30253.905,-13117.635,-4115.5199999999995
-10854.314999999999,-11636.775,-22478.085,-6513.705,486.04499999999996,-30262.905,-13124.789999999999,-4094.64
-10899.449999999999,-11672.595,-22515.885,-6547.23,477.63,-30209.715,-13094.865,-4125.87
-10936.71,-11701.98,-22524.84,-6530.355,533.43,-30163.545,-13085.595,-4153.68
-10905.885,-11659.41,-22476.42,-6487.425,516.645,-30201.03,-13071.24,-4153.095
-10902.42,-11668.095,-22492.754999999997,-6515.865,477.71999999999997,-30213.18,-13084.019999999999,-4144.68
-10891.35,-11667.42,-22502.879999999997,-6527.655,475.38,-30185.46,-13105.529999999999,-4127.175
-10894.185,-11660.805,-22497.165,-6528.465,468.09,-30193.92,-13106.115,-4140.135
-10903.59,-11670.48,-22507.155,-6542.325,459.405,-30254.265,-13072.814999999999,-4135.59
-10879.515,-11632.365,-22460.489999999998,-6486.48,529.605,-30214.395,-13106.88,-4128.03
-10909.98,-11656.17,-22476.645,-6490.349999999999,539.775,-30182.355,-13168.755,-4180.095
-10964.115,-11720.789999999999,-22545.989999999998,-6580.215,446.35499999999996,-30268.664999999997,-13214.475,-4217.175
-10972.305,-11752.199999999999,-22586.04,-6632.19,400.22999999999996,-30298.635,-13181.894999999999,-4187.655
-10921.05,-11704.635,-22539.015,-6581.07,449.82,-30245.94,-13100.894999999999,-4130.639999999999
-10924.244999999999,-11696.984999999999,-22526.594999999998,-6554.429999999999,478.53,-30221.594999999998,-13107.195,-4154.849999999999
-10928.52,-11693.654999999999,-22513.725,-6529.905,491.35499999999996,-30212.37,-13108.005,-4165.965
-10921.005,-11692.125,-22518.36,-6542.594999999999,458.55,-30214.215,-13070.43,-4150.845
-10898.189999999999,-11677.32,-22520.61,-6534.36,471.10499999999996,-30183.3,-13072.904999999999,-4125.33
-10899.945,-11671.605,-22510.665,-6519.195,477.945,-30237.57,-13112.414999999999,-4138.83
-10896.3,-11671.335,-22514.805,-6543.719999999999,448.28999999999996,-30288.824999999997,-13174.019999999999,-4137.75
-10905.615,-11684.385,-22531.77,-6559.92,437.35499999999996,-30294.945,-13189.5,-4148.415
-10922.715,-11695.455,-22531.364999999998,-6556.634999999999,446.31,-30286.26,-13171.32,-4168.845
-10902.824999999999,-11660.49,-22475.565,-6501.195,506.88,-30168.945,-13111.695,-4152.195
-10913.58,-11673.72,-22484.25,-6509.969999999999,500.58,-30150.09,-13069.8,-4155.255
-10918.26,-11690.234999999999,-22513.77,-6533.325,482.94,-30205.485,-13103.369999999999,-4149.54
-10882.305,-11654.189999999999,-22488.12,-6511.32,502.38,-30212.414999999997,-13110.029999999999,-4117.545
-10843.605,-11611.17,-22444.335,-6478.92,510.705,-30214.62,-13109.31,-4099.545
-10863.18,-11640.465,-22479.39,-6509.25,458.28,-30283.92,-13148.369999999999,-4116.69
-10917.9,-11699.595,-22570.695,-6597.315,372.78,-30369.149999999998,-13170.96,-4147.335
-10923.164999999999,-11712.6,-22606.155,-6623.19,382.59,-30329.145,-13104.449999999999,-4137.705
-10893.42,-11679.119999999999,-22550.715,-6555.87,482.895,-30230.684999999998,-13125.824999999999,-4122.54
-10881.404999999999,-11645.91,-22460.805,-6498.719999999999,508.275,-30218.039999999997,-13140.404999999999,-4127.715
-10847.385,-11598.39,-22403.7,-6449.13,550.485,-30139.515,-13082.445,-4101.03
-10892.609999999999,-11658.15,-22483.575,-6529.139999999999,475.065,-30181.86,-13068.81,-4130.28
-10949.265,-11733.975,-22572.809999999998,-6623.415,391.32,-30275.82,-13146.074999999999,-4164.615
-10881.945,-11656.664999999999,-22491.989999999998,-6538.005,489.96,-30217.77,-13089.689999999999,-4121.73
-10865.115,-11639.115,-22477.41,-6529.1849999999995,551.835,-30192.3,-13090.545,-4110.615
-10923.255,-11694.42,-22537.305,-6579.179999999999,498.555,-30266.145,-13146.615,-4152.6449999999995
-10947.015,-11719.755,-22560.524999999998,-6593.264999999999,434.15999999999997,-30240.945,-13089.734999999999,-4165.695
-10940.445,-11711.654999999999,-22545.36,-6556.995,440.09999999999997,-30231.629999999997,-13104.945,-4175.415
-10940.715,-11708.955,-22550.04,-6600.285,407.34,-30297.015,-13152.015,-4187.16
-10937.835,-11707.83,-22561.92,-6662.07,359.59499999999997,-30365.055,-13127.445,-4174.29
-10880.279999999999,-11650.095,-22498.515,-6566.3099999999995,393.705,-30409.875,-13221.63,-4124.34
-10889.505,-11652.164999999999,-22487.04,-6513.344999999999,422.775,-30299.085,-13239.045,-4146.075
-10907.1,-11660.715,-22481.37,-6463.304999999999,529.65,-30128.175,-13141.71,-4154.3099999999995
-10888.74,-11642.13,-22460.895,-6434.1449999999995,583.92,-30130.695,-13099.455,-4130.6849999999995
-10902.465,-11660.67,-22489.155,-6488.415,520.47,-30213.0,-13131.359999999999,-4147.65
-10915.02,-11691.449999999999,-22533.344999999998,-6551.505,448.46999999999997,-30272.355,-13103.775,-4145.49
-10898.414999999999,-11673.494999999999,-22509.405,-6522.795,484.28999999999996,-30268.8,-13078.35,-4132.755
-10923.84,-11695.59,-22530.465,-6538.815,489.06,-30232.62,-13084.605,-4150.665
-10887.705,-11658.779999999999,-22492.89,-6499.08,545.04,-30129.48,-13098.644999999999,-4107.78
-10925.01,-11689.695,-22515.57,-6525.179999999999,516.8249999999999,-30205.305,-13132.439999999999,-4150.26
-10947.42,-11706.66,-22532.04,-6552.764999999999,471.10499999999996,-30276.899999999998,-13162.32,-4168.53
-10931.58,-11690.55,-22516.02,-6535.215,487.97999999999996,-30245.94,-13141.26,-4160.565
-10906.92,-11662.605,-22491.27,-6517.125,512.505,-30211.335,-13055.13,-4143.915
-10908.27,-11661.345,-22495.094999999998,-6521.58,511.515,-30230.1,-13067.279999999999,-4159.305
-10919.295,-11681.955,-22514.04,-6519.42,513.765,-30180.645,-13134.734999999999,-4159.9349999999995
-10895.265,-11660.805,-22490.055,-6490.755,524.2049999999999,-30142.125,-13144.814999999999,-4128.795
-10896.255,-11659.545,-22487.985,-6505.514999999999,486.135,-30211.829999999998,-13165.695,-4133.115
-10916.145,-11695.949999999999,-22530.645,-6560.28,434.205,-30261.914999999997,-13135.14,-4136.4
-10925.369999999999,-11720.609999999999,-22561.829999999998,-6586.514999999999,414.81,-30265.785,-13098.555,-4138.065
-10911.42,-11696.85,-22545.135,-6570.764999999999,416.07,-30268.485,-13097.385,-4135.5
-10919.789999999999,-11683.619999999999,-22524.975,-6559.0199999999995,426.15,-30280.725,-13126.904999999999,-4156.155
-10924.695,-11692.574999999999,-22529.79,-6556.5,448.78499999999997,-30252.149999999998,-13126.23,-4162.455
-10928.07,-11699.279999999999,-22536.405,-6556.139999999999,458.325,-30230.55,-13089.105,-4160.5199999999995
-10906.92,-11677.77,-22514.489999999998,-6535.125,482.085,-30215.43,-13085.055,-4136.22
-10909.98,-11684.295,-22516.829999999998,-6539.625,479.88,-30215.16,-13103.955,-4136.58
-10899.449999999999,-11677.545,-22513.454999999998,-6529.679999999999,492.93,-30205.125,-13135.994999999999,-4123.665
-10895.895,-11665.215,-22504.725,-6511.7699999999995,504.9,-30203.504999999997,-13118.894999999999,-4127.67
-10903.095,-11663.73,-22504.364999999998,-6511.23,500.66999999999996,-30222.899999999998,-13150.845,-4149.675
-10903.32,-11666.609999999999,-22507.739999999998,-6527.5199999999995,479.205,-30231.719999999998,-13121.64,-4147.47
-10889.91,-11667.645,-22513.004999999997,-6556.995,437.94,-30253.949999999997,-13092.39,-4120.29
-10893.285,-11677.77,-22520.655,-6560.054999999999,438.21,-30265.245,-13135.68,-4119.615
-10899.675,-11680.38,-22532.129999999997,-6550.155,448.695,-30287.52,-13174.289999999999,-4134.33
-10898.1,-11669.715,-22525.29,-6532.5599999999995,471.645,-30294.09,-13207.635,-4151.07
-10897.56,-11648.34,-22480.785,-6498.63,512.01,-30219.57,-13211.46,-4166.82
-10879.515,-11629.215,-22443.075,-6489.495,492.03,-30265.469999999998,-13156.109999999999,-4135.724999999999
-10828.619999999999,-11579.355,-22403.114999999998,-6449.94,513.72,-30251.07,-13021.064999999999,-4072.995
-10781.505,-11528.234999999999,-22353.21,-6379.74,626.76,-30074.175,-13010.715,-4047.48
-10886.355,-11653.244999999999,-22483.53,-6505.965,518.805,-30147.75,-13083.48,-4122.405
-10946.699999999999,-11738.564999999999,-22586.219999999998,-6639.84,336.10499999999996,-30394.934999999998,-13229.685,-4165.74
-10968.3,-11767.32,-22620.015,-6687.764999999999,269.955,-30483.765,-13262.894999999999,-4195.44
-10939.365,-11731.14,-22576.545,-6619.32,369.945,-30422.385,-13164.39,-4170.6449999999995
-10922.984999999999,-11705.445,-22557.51,-6595.695,441.135,-30286.17,-13112.865,-4150.3949999999995
-10900.664999999999,-11685.375,-22551.165,-6590.025,507.73499999999996,-30069.225,-13059.269999999999,-4119.48
-10900.305,-11676.824999999999,-22537.53,-6550.469999999999,495.405,-30199.32,-13111.47,-4139.91
-10965.734999999999,-11744.234999999999,-22577.175,-6571.08,422.55,-30328.245,-13129.38,-4198.905
-10957.814999999999,-11729.88,-22548.195,-6531.884999999999,479.52,-30273.704999999998,-13167.09,-4182.84
-10932.074999999999,-11696.085,-22517.1,-6495.48,573.12,-30142.44,-13135.14,-4159.305
-10898.145,-11657.385,-22486.59,-6517.215,523.17,-30184.199999999997,-13147.47,-4147.514999999999
-10872.359999999999,-11632.814999999999,-22466.7,-6546.105,480.69,-30216.059999999998,-13109.535,-4128.03
-10898.414999999999,-11673.72,-22512.465,-6550.965,494.145,-30170.34,-13046.4,-4129.605
-10915.65,-11690.64,-22522.05,-6519.15,520.6949999999999,-30188.114999999998,-13164.074999999999,-4149.315
-10890.72,-11646.72,-22471.515,-6475.23,537.3,-30151.17,-13138.109999999999,-4144.005
-10918.755,-11676.645,-22501.305,-6522.615,483.57,-30189.195,-13109.445,-4164.885
-10919.744999999999,-11694.195,-22526.19,-6536.429999999999,473.17499999999995,-30224.969999999998,-13106.34,-4152.735
-10870.02,-11632.77,-22467.329999999998,-6490.17,507.465,-30235.14,-13146.345,-4103.1449999999995
-10845.27,-11605.994999999999,-22437.045,-6471.63,539.775,-30193.739999999998,-13083.345,-4070.8799999999997
-10875.689999999999,-11654.505,-22492.665,-6522.4349999999995,508.68,-30203.145,-13041.0,-4090.0499999999997
-10928.34,-11713.725,-22559.219999999998,-6589.035,438.03,-30253.995,-13097.07,-4143.285
-10951.605,-11730.914999999999,-22568.805,-6579.2699999999995,431.055,-30249.719999999998,-13117.455,-4167.54
-10930.05,-11700.09,-22527.54,-6530.445,479.88,-30222.18,-13132.619999999999,-4156.5599999999995
-10898.01,-11668.994999999999,-22492.53,-6507.224999999999,503.775,-30219.164999999997,-13138.064999999999,-4130.099999999999
-10894.455,-11667.15,-22501.62,-6521.715,485.055,-30241.395,-13165.154999999999,-4133.474999999999
-10923.39,-11694.869999999999,-22539.87,-6554.5199999999995,463.72499999999997,-30256.469999999998,-13171.455,-4160.5199999999995
-10886.895,-11645.46,-22484.204999999998,-6502.905,534.3299999999999,-30176.235,-13086.225,-4134.15
-10855.215,-11612.115,-22447.395,-6477.795,556.0649999999999,-30171.914999999997,-13072.904999999999,-4103.505
-10868.895,-11636.64,-22481.504999999997,-6521.849999999999,496.305,-30253.004999999997,-13147.65,-4110.57
-10937.385,-11725.695,-22578.614999999998,-6631.245,400.22999999999996,-30312.989999999998,-13141.619999999999,-4148.865
-10943.145,-11731.77,-22575.78,-6619.7699999999995,408.51,-30295.754999999997,-13135.41,-4153.005
-10920.645,-11698.515,-22545.225,-6558.255,434.835,-30252.42,-13122.404999999999,-4146.165
-10918.935,-11691.63,-22559.535,-6564.285,443.29499999999996,-30255.12,-13138.515,-4159.62
-10909.664999999999,-11673.27,-22535.235,-6547.32,468.63,-30265.155,-13150.574999999999,-4163.625
-10918.439999999999,-11682.675,-22510.62,-6563.16,438.03,-30297.6,-13158.0,-4165.29
-10895.715,-11669.355,-22500.135,-6588.855,402.75,-30313.664999999997,-13184.73,-4129.92
-10913.535,-11693.115,-22538.879999999997,-6601.139999999999,414.405,-30264.84,-13146.164999999999,-4143.375
-10902.779999999999,-11679.525,-22517.684999999998,-6525.764999999999,501.29999999999995,-30184.559999999998,-13074.21,-4123.53
-10902.195,-11672.91,-22499.325,-6473.34,535.77,-30177.539999999997,-13057.65,-4127.67
-10917.945,-11688.525,-22520.295,-6509.16,514.035,-30201.614999999998,-13067.01,-4146.66
-10873.439999999999,-11636.505,-22471.469999999998,-6483.014999999999,523.035,-30219.93,-13142.744999999999,-4123.3949999999995
-10870.875,-11623.814999999999,-22454.055,-6482.115,495.405,-30233.745,-13179.689999999999,-4138.5599999999995
-10939.32,-11693.789999999999,-22521.195,-6544.17,462.87,-30203.64,-13113.404999999999,-4186.08
-10958.49,-11727.72,-22556.655,-6563.969999999999,456.255,-30207.329999999998,-13047.029999999999,-4177.485
-10893.195,-11681.595,-22521.6,-6531.615,471.41999999999996,-30259.664999999997,-13081.859999999999,-4104.045
-10856.43,-11632.814999999999,-22478.129999999997,-6511.634999999999,482.84999999999997,-30274.92,-13159.394999999999,-4099.635
-10852.199999999999,-11614.859999999999,-22456.665,-6512.04,459.09,-30326.579999999998,-13222.17,-4111.965
-10841.13,-11595.689999999999,-22436.055,-6484.365,478.125,-30343.5,-13226.715,-4116.33
-10905.975,-11659.365,-22497.57,-6527.205,454.635,-30274.875,-13160.925,-4172.985
-10965.779999999999,-11738.52,-22578.704999999998,-6603.615,388.26,-30299.715,-13124.744999999999,-4188.555
-10925.279999999999,-11705.625,-22550.67,-6586.469999999999,367.515,-30480.57,-13234.5,-4144.365
-10901.609999999999,-11666.88,-22505.715,-6540.57,429.255,-30374.504999999997,-13208.715,-4140.495
-10881.945,-11649.375,-22477.59,-6490.035,551.385,-30096.045,-13090.68,-4112.595
-10886.039999999999,-11669.445,-22496.94,-6488.639999999999,579.51,-30072.465,-13033.71,-4101.255
-10907.865,-11688.525,-22516.29,-6514.83,520.6949999999999,-30184.739999999998,-13073.039999999999,-4127.715
-10923.75,-11690.324999999999,-22528.844999999998,-6541.38,496.71,-30158.504999999997,-13094.955,-4149.0
-10908.135,-11668.32,-22513.95,-6543.8099999999995,477.81,-30190.815,-13152.465,-4156.11
-10920.06,-11687.535,-22532.805,-6561.675,465.12,-30253.5,-13211.505,-4166.6849999999995
-10938.555,-11703.465,-22545.18,-6580.215,431.19,-30265.649999999998,-13194.269999999999,-4177.53
-10941.615,-11714.445,-22550.399999999998,-6570.2699999999995,441.945,-30232.35,-13076.64,-4147.0199999999995
-10880.369999999999,-11644.56,-22474.305,-6471.405,544.005,-30172.815,-13027.635,-4094.2349999999997
-10905.435,-11665.08,-22493.16,-6498.9,512.415,-30190.905,-13086.225,-4134.555
-10920.6,-11679.119999999999,-22505.579999999998,-6511.41,504.63,-30199.86,-13101.255,-4159.26
-10904.13,-11665.664999999999,-22499.954999999998,-6509.34,514.845,-30192.48,-13092.435,-4145.94
-10916.64,-11685.195,-22522.815,-6534.495,486.315,-30228.84,-13161.555,-4149.63
-10931.4,-11688.164999999999,-22518.54,-6534.36,472.22999999999996,-30237.704999999998,-13173.345,-4176.9
-10929.555,-11689.02,-22522.815,-6537.69,457.515,-30256.469999999998,-13141.17,-4167.855
-10887.345,-11658.779999999999,-22499.415,-6521.715,477.945,-30232.62,-13069.619999999999,-4105.53
-10858.23,-11630.07,-22475.204999999998,-6512.8949999999995,491.085,-30251.879999999997,-13097.97,-4091.9849999999997
-10924.695,-11694.51,-22538.925,-6568.875,423.63,-30312.719999999998,-13174.92,-4173.615
-10922.805,-11685.465,-22527.855,-6550.29,452.29499999999996,-30245.039999999997,-13130.595,-4184.19
-10902.914999999999,-11662.064999999999,-22502.925,-6524.1449999999995,489.555,-30213.539999999997,-13159.035,-4164.795
-10942.965,-11711.97,-22550.625,-6586.965,457.78499999999997,-30221.324999999997,-13134.06,-4172.805
-10917.494999999999,-11687.895,-22523.265,-6542.28,487.935,-30212.954999999998,-13089.42,-4141.3949999999995
-10880.414999999999,-11645.82,-22480.155,-6492.0599999999995,534.3299999999999,-30199.32,-13110.57,-4117.905
-10928.699999999999,-11703.914999999999,-22545.495,-6581.07,436.68,-30287.789999999997,-13149.72,-4151.07
-10920.779999999999,-11716.65,-22568.76,-6601.139999999999,413.28,-30298.41,-13150.394999999999,-4120.514999999999
-10888.965,-11673.855,-22521.915,-6546.42,451.48499999999996,-30278.745,-13168.664999999999,-4117.68
-10928.385,-11704.41,-22553.28,-6587.91,418.95,-30282.93,-13156.289999999999,-4163.805
-10926.539999999999,-11699.64,-22560.165,-6589.44,428.21999999999997,-30248.055,-13105.574999999999,-4161.42
-10907.82,-11688.345,-22552.785,-6587.37,421.91999999999996,-30287.34,-13143.914999999999,-4134.6449999999995
-10917.99,-11685.645,-22531.905,-6567.929999999999,442.97999999999996,-30309.254999999997,-13207.994999999999,-4158.855
-10917.225,-11676.195,-22500.045,-6543.675,488.96999999999997,-30226.004999999997,-13155.795,-4155.84
-10885.275,-11649.465,-22477.454999999998,-6496.695,538.335,-30165.704999999998,-13087.71,-4111.83
-10864.8,-11632.59,-22470.03,-6489.495,506.78999999999996,-30231.855,-13120.244999999999,-4101.84
-10863.99,-11630.925,-22474.62,-6507.134999999999,464.715,-30272.265,-13129.38,-4106.925
-10860.345,-11625.39,-22467.42,-6496.65,482.21999999999997,-30243.914999999997,-13134.734999999999,-4110.705
-10898.955,-11660.13,-22500.09,-6517.215,482.49,-30252.195,-13201.74,-4158.224999999999
-10933.335,-11696.175,-22526.954999999998,-6548.13,488.52,-30257.19,-13240.394999999999,-4192.47
-10924.785,-11695.77,-22530.329999999998,-6571.17,468.135,-30262.184999999998,-13166.189999999999,-4157.055
-10925.1,-11703.015,-22542.84,-6572.295,437.085,-30363.39,-13138.38,-4135.995
-10911.33,-11692.71,-22541.265,-6602.085,387.405,-30454.065,-13155.21,-4128.12
-10855.08,-11627.82,-22481.504999999997,-6547.139999999999,452.205,-30321.09,-13056.164999999999,-4083.2999999999997
-10838.97,-11590.02,-22426.515,-6432.389999999999,617.4,-30089.745,-13041.539999999999,-4106.295
-10927.35,-11677.14,-22520.79,-6485.985,510.12,-30209.219999999998,-13117.005,-4202.639999999999
-11002.814999999999,-11776.635,-22623.3,-6626.5199999999995,372.33,-30290.399999999998,-13118.85,-4227.84
-10893.645,-11675.654999999999,-22494.105,-6539.355,477.63,-30182.715,-13154.715,-4115.61
-10885.365,-11657.88,-22464.09,-6518.565,503.055,-30165.795,-13146.345,-4118.49
-10923.39,-11699.595,-22525.739999999998,-6558.57,453.91499999999996,-30187.844999999998,-13138.154999999999,-4149.315
-10919.744999999999,-11690.685,-22520.475,-6537.69,484.60499999999996,-30163.995,-13112.595,-4148.19
-10906.515,-11675.43,-22499.19,-6496.11,527.085,-30160.17,-13119.93,-4135.05
-10917.314999999999,-11692.395,-22514.219999999998,-6507.045,523.485,-30182.94,-13131.09,-4138.92
-10926.449999999999,-11699.82,-22528.575,-6535.08,494.145,-30214.53,-13081.59,-4139.595
-10913.58,-11687.715,-22524.84,-6548.625,467.59499999999997,-30243.015,-13080.195,-4127.985
-10918.619999999999,-11698.02,-22537.35,-6560.505,453.96,-30242.07,-13120.965,-4137.705
-10917.494999999999,-11694.824999999999,-22540.815,-6568.83,444.33,-30267.18,-13180.32,-4147.74
-10886.039999999999,-11649.42,-22490.504999999997,-6517.889999999999,498.24,-30218.67,-13170.15,-4134.465
-10869.795,-11628.045,-22463.82,-6484.679999999999,521.3249999999999,-30178.98,-13117.095,-4119.389999999999
-10890.72,-11658.33,-22491.945,-6498.09,522.27,-30198.105,-13113.0,-4127.805
-10911.645,-11682.449999999999,-22519.844999999998,-6521.804999999999,515.6999999999999,-30220.425,-13144.59,-4147.38
-10929.15,-11696.039999999999,-22534.92,-6550.695,462.73499999999996,-30264.795,-13169.564999999999,-4163.805
-10914.029999999999,-11676.06,-22516.155,-6542.73,457.695,-30262.86,-13200.119999999999,-4161.555
-10912.545,-11670.57,-22503.375,-6523.155,491.31,-30235.05,-13221.045,-4171.23
-10928.025,-11691.27,-22522.5,-6535.665,473.805,-30263.399999999998,-13174.515,-4169.025
-10918.664999999999,-11695.32,-22532.76,-6552.495,456.57,-30270.465,-13122.09,-4141.215
-10900.215,-11681.955,-22529.52,-6549.3,469.935,-30231.719999999998,-13098.734999999999,-4121.775
-10897.154999999999,-11677.185,-22515.975,-6536.115,489.28499999999997,-30209.129999999997,-13087.664999999999,-4118.264999999999
-10880.955,-11661.39,-22497.39,-6512.625,518.4,-30184.829999999998,-13060.619999999999,-4095.495
-10863.63,-11626.605,-22464.18,-6500.205,521.8199999999999,-30174.12,-13056.885,-4098.555
-10918.215,-11682.045,-22525.829999999998,-6590.925,408.91499999999996,-30268.664999999997,-13111.92,-4153.32
-10948.365,-11717.955,-22560.524999999998,-6619.7699999999995,368.325,-30327.524999999998,-13156.695,-4176.045
-10903.545,-11680.47,-22510.62,-6525.045,481.77,-30248.684999999998,-13115.654999999999,-4128.84
-10892.07,-11674.845,-22504.68,-6494.219999999999,515.385,-30293.954999999998,-13183.74,-4118.58
-10921.635,-11699.55,-22551.704999999998,-6577.29,420.84,-30377.699999999997,-13197.105,-4149.18
-10921.904999999999,-11689.875,-22540.59,-6605.37,435.96,-30232.035,-13110.615,-4148.055
-10939.77,-11701.574999999999,-22541.04,-6600.285,437.84999999999997,-30230.64,-13092.57,-4171.995
-10955.925,-11723.76,-22560.84,-6578.775,444.645,-30283.469999999998,-13168.574999999999,-4189.1849999999995
-10910.52,-11682.539999999999,-22524.03,-6534.405,506.115,-30220.605,-13202.279999999999,-4144.7699999999995
-10910.925,-11689.56,-22537.8,-6559.514999999999,493.65,-30219.84,-13147.83,-4128.075
-10917.494999999999,-11703.555,-22566.69,-6624.134999999999,412.02,-30282.704999999998,-13139.055,-4122.9
-10906.785,-11695.77,-22573.98,-6610.995,403.695,-30310.469999999998,-13113.63,-4117.005
-10898.46,-11670.93,-22524.66,-6517.035,475.91999999999996,-30276.045,-13156.965,-4132.3949999999995
-10935.63,-11695.77,-22507.515,-6493.005,513.0,-30217.41,-13173.074999999999,-4174.38
-10940.49,-11699.414999999999,-22515.165,-6516.945,482.76,-30228.3,-13114.529999999999,-4170.0599999999995
-10892.16,-11658.33,-22492.079999999998,-6516.9,453.06,-30322.574999999997,-13139.955,-4125.555
-10901.07,-11676.42,-22518.495,-6542.865,453.645,-30277.305,-13149.765,-4125.15
-10899.314999999999,-11672.324999999999,-22513.59,-6518.25,505.62,-30199.905,-13128.029999999999,-4120.0199999999995
-10876.904999999999,-11635.244999999999,-22466.114999999998,-6479.505,520.29,-30262.635,-13168.484999999999,-4122.764999999999
-10884.555,-11641.275,-22475.07,-6504.615,465.93,-30346.335,-13183.244999999999,-4134.105
-10897.74,-11662.56,-22498.155,-6519.78,467.01,-30313.71,-13172.265,-4139.955
-10911.06,-11686.32,-22518.585,-6522.57,503.46,-30164.94,-13139.775,-4144.815
-10935.09,-11716.38,-22553.954999999998,-6553.485,485.01,-30146.94,-13150.664999999999,-4163.49
-10922.039999999999,-11687.85,-22527.045,-6535.485,494.64,-30190.23,-13155.93,-4158.63
-10892.925,-11653.425,-22492.035,-6512.219999999999,508.635,-30207.015,-13117.32,-4132.575
-10907.279999999999,-11678.039999999999,-22516.649999999998,-6541.245,471.91499999999996,-30249.09,-13101.345,-4136.805
-10955.475,-11721.645,-22556.565,-6579.0,425.205,-30273.254999999997,-13171.185,-4196.07
-10918.439999999999,-11680.785,-22514.715,-6530.445,483.255,-30215.114999999998,-13170.15,-4161.195
-10904.085,-11662.154999999999,-22489.605,-6502.005,525.465,-30163.094999999998,-13075.515,-4137.885
-10903.77,-11661.21,-22483.53,-6500.7,527.4449999999999,-30154.094999999998,-13043.25,-4127.04
-10880.91,-11648.654999999999,-22474.53,-6491.25,531.855,-30173.94,-13075.605,-4105.035
-10936.619999999999,-11706.705,-22537.844999999998,-6548.264999999999,473.66999999999996,-30256.739999999998,-13131.404999999999,-4154.67
-10972.574999999999,-11745.855,-22584.465,-6602.985,416.205,-30294.989999999998,-13145.939999999999,-4181.535
-10921.77,-11699.145,-22543.559999999998,-6566.985,437.21999999999997,-30281.76,-13148.955,-4139.73
-10902.779999999999,-11679.84,-22524.434999999998,-6546.014999999999,461.385,-30273.344999999998,-13185.18,-4134.42
-10896.975,-11669.4,-22508.145,-6518.474999999999,505.03499999999997,-30224.34,-13162.949999999999,-4123.08
-10886.535,-11651.715,-22486.32,-6496.155,527.265,-30203.235,-13141.89,-4124.16
-10882.935,-11646.765,-22489.829999999998,-6513.389999999999,486.585,-30256.425,-13119.975,-4129.425
-10923.93,-11679.705,-22518.0,-6546.42,447.39,-30291.93,-13166.189999999999,-4172.805
-10958.67,-11722.635,-22553.325,-6578.73,428.805,-30288.42,-13176.855,-4184.505
-10934.955,-11703.96,-22539.915,-6566.445,451.66499999999996,-30280.23,-13153.814999999999,-4148.37
-10913.13,-11695.68,-22541.355,-6578.1449999999995,445.905,-30302.954999999998,-13156.47,-4121.595
-10926.63,-11719.08,-22567.5,-6590.5199999999995,462.59999999999997,-30245.489999999998,-13091.805,-4130.325
-10916.145,-11698.875,-22545.585,-6567.615,475.56,-30190.094999999998,-13083.345,-4128.885
-10924.83,-11696.22,-22540.995,-6569.1449999999995,431.19,-30250.62,-13164.66,-4152.375
-10922.895,-11691.494999999999,-22527.675,-6534.045,461.34,-30252.69,-13166.64,-4152.87
-10873.98,-11634.345,-22465.215,-6473.7,513.855,-30259.305,-13175.189999999999,-4118.04
-10847.789999999999,-11603.34,-22440.285,-6458.219999999999,528.21,-30249.045,-13180.59,-4105.3949999999995
-10889.414999999999,-11651.939999999999,-22493.565,-6514.965,485.145,-30239.73,-13139.234999999999,-4134.78
-10959.525,-11734.38,-22577.67,-6601.59,402.255,-30282.344999999998,-13100.535,-4168.215
-10968.074999999999,-11743.74,-22585.995,-6606.045,408.59999999999997,-30274.02,-13065.795,-4175.505
-10917.314999999999,-11682.404999999999,-22519.71,-6546.42,470.15999999999997,-30224.475,-13108.23,-4141.485
-10914.119999999999,-11686.68,-22532.895,-6587.639999999999,402.16499999999996,-30320.64,-13208.894999999999,-4149.495
-10889.91,-11674.664999999999,-22530.87,-6588.09,388.16999999999996,-30356.46,-13212.539999999999,-4119.3
-10887.435,-11658.33,-22502.969999999998,-6537.105,463.005,-30253.949999999997,-13163.4,-4120.875
-10930.77,-11698.83,-22531.77,-6534.8099999999995,491.76,-30225.78,-13166.505,-4162.95
-10884.869999999999,-11632.59,-22469.94,-6495.57,522.27,-30272.445,-13179.06,-4159.3949999999995
-10893.375,-11642.13,-22492.35,-6520.5,485.775,-30344.355,-13180.904999999999,-4159.035
-10949.13,-11731.14,-22581.855,-6575.3099999999995,446.085,-30245.985,-13106.744999999999,-4136.445
-10965.105,-11746.305,-22583.114999999998,-6531.795,501.435,-30112.515,-13084.154999999999,-4151.565
-10955.88,-11740.455,-22596.975,-6561.224999999999,477.81,-30205.125,-13096.755,-4153.139999999999
-10897.244999999999,-11669.715,-22543.469999999998,-6552.99,523.035,-30190.77,-13100.67,-4117.905
-10869.48,-11631.555,-22481.28,-6488.955,547.785,-30201.975,-13157.369999999999,-4110.705
-10872.09,-11643.164999999999,-22470.3,-6539.13,493.78499999999997,-30235.949999999997,-13181.49,-4106.565
-10909.8,-11690.01,-22534.379999999997,-6664.275,397.16999999999996,-30297.78,-13159.17,-4123.215
-10919.97,-11686.545,-22536.675,-6625.08,411.84,-30290.715,-13156.605,-4153.815
-10944.72,-11707.965,-22549.77,-6548.264999999999,445.905,-30281.175,-13163.085,-4182.705
-10962.945,-11723.31,-22561.29,-6539.985,411.93,-30368.34,-13185.99,-4198.724999999999
-10955.88,-11709.855,-22541.715,-6540.344999999999,425.925,-30358.44,-13173.435,-4192.965
-10924.199999999999,-11686.77,-22517.64,-6522.389999999999,516.6899999999999,-30188.16,-13169.25,-4149.36
-10895.22,-11660.49,-22487.715,-6466.365,608.04,-30085.02,-13118.715,-4116.465
-10874.564999999999,-11618.1,-22433.535,-6407.594999999999,621.495,-30127.094999999998,-13145.58,-4127.22
-10877.4,-11623.095,-22443.795,-6425.19,596.8349999999999,-30132.449999999997,-13137.57,-4124.88
-10920.6,-11686.455,-22517.415,-6518.429999999999,501.12,-30184.965,-13113.81,-4140.09
-10957.095,-11727.449999999999,-22563.27,-6575.67,437.31,-30227.129999999997,-13117.769999999999,-4170.78
-10964.295,-11738.07,-22582.17,-6603.165,414.675,-30270.555,-13100.355,-4177.98
-10909.664999999999,-11697.345,-22554.315,-6586.695,416.78999999999996,-30314.969999999998,-13130.955,-4119.255
-10880.685,-11660.939999999999,-22511.07,-6540.12,462.24,-30278.745,-13184.369999999999,-4110.705
-10906.74,-11675.97,-22512.87,-6529.7699999999995,479.07,-30212.774999999998,-13152.914999999999,-4144.59
-10936.395,-11709.404999999999,-22539.42,-6552.764999999999,457.10999999999996,-30224.745,-13110.345,-4152.105
-10909.845,-11683.89,-22523.94,-6542.46,469.34999999999997,-30225.914999999997,-13064.894999999999,-4111.74
-10886.939999999999,-11662.289999999999,-22506.75,-6530.625,467.955,-30232.17,-13093.515,-4103.82
-10869.435,-11642.039999999999,-22483.215,-6503.759999999999,497.60999999999996,-30223.305,-13122.675,-4108.95
-10890.765,-11648.564999999999,-22488.21,-6511.094999999999,480.555,-30257.01,-13174.65,-4134.735
-10926.314999999999,-11686.23,-22525.425,-6553.44,426.41999999999996,-30318.12,-13197.555,-4153.095
-10913.67,-11682.855,-22528.844999999998,-6564.014999999999,401.03999999999996,-30357.855,-13167.765,-4140.045
-10912.994999999999,-11689.244999999999,-22538.879999999997,-6573.78,404.01,-30338.504999999997,-13191.255,-4139.235
-10905.074999999999,-11681.865,-22524.614999999998,-6548.49,465.65999999999997,-30235.364999999998,-13126.23,-4124.565
-10899.539999999999,-11667.24,-22500.629999999997,-6506.28,523.26,-30181.364999999998,-13106.115,-4135.68
-10941.84,-11717.414999999999,-22560.12,-6559.965,472.32,-30232.44,-13154.445,-4170.105
-10924.47,-11689.56,-22538.114999999998,-6558.84,456.525,-30265.065,-13144.814999999999,-4146.075
-10897.154999999999,-11658.33,-22500.18,-6519.915,500.58,-30216.465,-13121.144999999999,-4124.43
-10912.68,-11677.095,-22519.98,-6538.139999999999,480.51,-30221.64,-13116.51,-4142.43
-10883.07,-11637.09,-22481.28,-6512.535,485.82,-30247.199999999997,-13192.244999999999,-4134.15
-10913.085,-11666.654999999999,-22517.64,-6568.65,394.74,-30364.515,-13208.894999999999,-4171.139999999999
-11009.115,-11784.33,-22636.305,-6674.13,314.01,-30364.425,-13126.23,-4227.075
-10948.59,-11725.92,-22567.635,-6571.98,467.145,-30195.405,-13141.17,-4160.97
-10855.17,-11625.164999999999,-22461.48,-6460.0199999999995,579.555,-30161.43,-13145.625,-4083.795
-10857.465,-11623.725,-22467.059999999998,-6488.054999999999,533.88,-30202.289999999997,-13119.57,-4091.355
-10946.25,-11715.705,-22561.11,-6587.415,437.13,-30281.535,-13112.189999999999,-4156.0199999999995
-10939.77,-11713.05,-22564.53,-6605.054999999999,399.91499999999996,-30368.295,-13181.715,-4155.93
-10850.58,-11625.119999999999,-22486.815,-6553.62,424.26,-30405.285,-13232.43,-4088.565
-10885.725,-11660.984999999999,-22522.454999999998,-6595.605,384.255,-30404.475,-13225.814999999999,-4120.695
-10958.984999999999,-11737.89,-22590.945,-6637.275,406.8,-30252.914999999997,-13133.25,-4170.87
-10975.904999999999,-11747.115,-22586.265,-6571.304999999999,515.5649999999999,-30147.66,-13091.355,-4181.849999999999
-10926.585,-11685.914999999999,-22534.155,-6503.355,585.045,-30094.559999999998,-13067.595,-4146.48
-10896.21,-11664.855,-22541.94,-6535.844999999999,541.0799999999999,-30153.78,-13109.13,-4119.795
-10927.574999999999,-11700.9,-22566.78,-6566.759999999999,480.33,-30206.114999999998,-13188.914999999999,-4149.315
-10969.56,-11740.095,-22562.415,-6533.054999999999,469.575,-30213.495,-13160.519999999999,-4178.655
-10945.755,-11705.85,-22515.165,-6515.415,502.42499999999995,-30199.364999999998,-13127.445,-4163.49
-10936.305,-11678.895,-22498.335,-6508.844999999999,487.575,-30268.53,-13158.855,-4181.849999999999
-10921.41,-11664.675,-22492.665,-6495.615,485.82,-30326.535,-13258.215,-4176.045
-10901.34,-11653.92,-22486.05,-6488.415,506.115,-30205.035,-13224.914999999999,-4150.53
-10896.795,-11653.199999999999,-22487.67,-6493.905,509.445,-30165.48,-13094.1,-4136.715
-10919.475,-11691.449999999999,-22545.27,-6592.7699999999995,419.13,-30297.78,-13110.39,-4141.755
-10940.76,-11726.55,-22589.82,-6648.705,391.77,-30314.204999999998,-13165.154999999999,-4145.355
-10919.025,-11702.97,-22551.03,-6550.83,454.995,-30266.55,-13178.835,-4128.389999999999
-10897.289999999999,-11675.654999999999,-22516.469999999998,-6503.3099999999995,505.34999999999997,-30216.285,-13140.765,-4114.755
-10868.13,-11622.24,-22464.225,-6468.389999999999,547.425,-30163.995,-13086.855,-4115.295
-10885.5,-11636.189999999999,-22478.04,-6493.905,520.92,-30192.074999999997,-13126.365,-4135.905
-10916.73,-11680.785,-22521.735,-6535.08,498.78,-30230.28,-13161.734999999999,-4144.23
-10862.64,-11624.58,-22467.195,-6480.764999999999,544.095,-30199.32,-13077.585,-4091.3999999999996
-10862.865,-11632.095,-22484.565,-6510.78,495.45,-30240.629999999997,-13075.064999999999,-4089.105
-10933.199999999999,-11708.055,-22560.975,-6585.3,431.23499999999996,-30292.829999999998,-13168.935,-4153.365
-10958.715,-11735.775,-22589.1,-6629.445,357.3,-30354.3,-13206.24,-4171.815
-10950.75,-11726.055,-22582.89,-6638.04,356.13,-30379.364999999998,-13260.51,-4167.045
-10954.529999999999,-11733.3,-22582.485,-6607.44,435.51,-30250.62,-13150.26,-4156.2
-10915.154999999999,-11692.395,-22539.87,-6551.6849999999995,462.41999999999996,-30198.42,-13115.295,-4129.2
-10902.555,-11680.695,-22527.719999999998,-6528.0599999999995,456.16499999999996,-30233.07,-13151.115,-4129.695
-10925.865,-11702.295,-22544.954999999998,-6542.19,444.555,-30295.079999999998,-13133.744999999999,-4142.07
-10934.685,-11714.265,-22556.16,-6571.485,406.03499999999997,-30347.055,-13128.029999999999,-4141.3949999999995
-10926.359999999999,-11687.265,-22529.879999999997,-6560.505,414.9,-30318.975,-13167.81,-4149.315
-10947.6,-11702.744999999999,-22539.51,-6561.179999999999,425.385,-30321.989999999998,-13163.355,-4168.62
-10932.21,-11693.88,-22538.07,-6552.945,446.98499999999996,-30291.12,-13149.63,-4152.599999999999
-10890.045,-11657.744999999999,-22510.754999999997,-6532.38,461.29499999999996,-30280.32,-13189.68,-4118.8949999999995
-10894.814999999999,-11661.029999999999,-22510.71,-6522.344999999999,511.60499999999996,-30162.555,-13136.85,-4123.9349999999995
-10916.82,-11685.555,-22535.01,-6553.259999999999,456.75,-30302.73,-13168.26,-4147.0199999999995
-10933.38,-11695.545,-22536.45,-6548.804999999999,464.03999999999996,-30297.42,-13176.09,-4163.8949999999995
-10934.279999999999,-11697.885,-22537.665,-6548.445,477.0,-30180.645,-13117.545,-4157.73
-10909.08,-11673.72,-22512.6,-6522.705,511.875,-30155.715,-13120.199999999999,-4125.0599999999995
-10936.89,-11702.564999999999,-22543.065,-6566.625,468.22499999999997,-30200.67,-13069.574999999999,-4148.55
-10941.795,-11706.615,-22548.375,-6576.389999999999,460.03499999999997,-30222.989999999998,-13132.17,-4163.58
-10880.369999999999,-11631.06,-22469.67,-6495.165,524.43,-30214.98,-13249.935,-4135.139999999999
-10859.76,-11605.994999999999,-22443.39,-6454.62,542.745,-30218.355,-13156.289999999999,-4114.98
-10870.38,-11635.83,-22487.309999999998,-6498.0,488.25,-30264.434999999998,-13190.894999999999,-4108.05
-10896.885,-11657.789999999999,-22503.375,-6512.085,494.64,-30262.77,-13240.035,-4144.7699999999995
-10921.77,-11677.14,-22516.695,-6528.24,503.23499999999996,-30212.1,-13151.07,-4174.425
-10946.564999999999,-11711.88,-22549.274999999998,-6550.065,491.53499999999997,-30189.329999999998,-13088.789999999999,-4176.09
-10950.705,-11734.695,-22577.579999999998,-6577.155,456.705,-30239.64,-13099.455,-4147.155
-10910.97,-11699.865,-22547.7,-6554.969999999999,478.305,-30243.51,-13128.21,-4106.745
-10930.814999999999,-11710.439999999999,-22555.215,-6582.554999999999,459.405,-30229.155,-13104.494999999999,-4140.18
-10926.359999999999,-11694.96,-22543.335,-6572.565,473.625,-30217.32,-13063.949999999999,-4149.135
-10929.734999999999,-11683.439999999999,-22523.265,-6521.8949999999995,494.055,-30249.449999999997,-13122.855,-4169.88
-10937.115,-11688.345,-22517.145,-6499.71,496.84499999999997,-30249.405,-13198.23,-4177.305
-10894.59,-11646.494999999999,-22477.86,-6471.405,560.8349999999999,-30177.315,-13210.244999999999,-4147.335
-10907.685,-11664.63,-22510.934999999998,-6540.075,529.02,-30200.039999999997,-13217.984999999999,-4172.715
-10922.085,-11701.484999999999,-22558.995,-6596.19,438.705,-30282.614999999998,-13178.519999999999,-4149.18
-10898.279999999999,-11674.755,-22516.695,-6516.0,483.075,-30244.635,-13111.65,-4099.995
-10899.225,-11659.59,-22491.135,-6496.65,498.645,-30215.43,-13171.545,-4132.125
-10906.47,-11674.08,-22519.754999999997,-6552.719999999999,450.945,-30257.73,-13176.945,-4151.07
-10947.42,-11720.88,-22566.645,-6603.12,433.16999999999996,-30247.695,-13081.904999999999,-4172.04
-10970.414999999999,-11752.92,-22595.94,-6608.925,439.695,-30235.77,-13071.285,-4181.805
-10953.27,-11748.689999999999,-22594.905,-6593.8949999999995,454.635,-30256.065,-13090.005,-4142.205
-10889.145,-11653.965,-22500.18,-6505.74,469.16999999999996,-30262.86,-13111.47,-4127.355
-10915.92,-11692.395,-22545.945,-6565.005,412.02,-30300.164999999997,-13147.92,-4143.33
-10965.33,-11772.72,-22627.89,-6640.74,374.13,-30335.715,-13207.904999999999,-4155.255
-10923.39,-11714.265,-22563.945,-6572.295,446.715,-30315.87,-13255.74,-4142.295
-10932.615,-11705.039999999999,-22560.524999999998,-6586.875,399.51,-30350.16,-13276.935,-4163.264999999999
-10935.359999999999,-11708.685,-22568.129999999997,-6593.985,391.68,-30318.93,-13166.369999999999,-4148.595
-10910.52,-11684.25,-22542.03,-6560.19,447.65999999999997,-30250.98,-13096.17,-4123.215
-10918.529999999999,-11681.414999999999,-22520.114999999998,-6535.53,470.47499999999997,-30270.914999999997,-13161.105,-4152.465
-10923.21,-11691.945,-22532.715,-6539.445,480.96,-30257.46,-13189.59,-4159.17
-10913.4,-11673.765,-22518.405,-6533.46,478.305,-30276.585,-13180.994999999999,-4145.76
-10907.189999999999,-11680.38,-22535.73,-6549.4349999999995,476.72999999999996,-30236.85,-13075.875,-4111.65
-10904.625,-11682.135,-22558.77,-6559.65,471.59999999999997,-30189.914999999997,-13090.32,-4117.455
-10888.02,-11663.324999999999,-22539.465,-6541.965,468.135,-30256.289999999997,-13143.689999999999,-4113.99
-10876.32,-11640.465,-22484.835,-6506.415,484.38,-30306.465,-13173.885,-4112.82
-10882.35,-11636.055,-22464.765,-6506.594999999999,478.71,-30295.62,-13176.72,-4122.2699999999995
-10911.24,-11675.835,-22516.379999999997,-6544.62,464.715,-30270.87,-13176.18,-4137.075
-10923.39,-11694.24,-22537.844999999998,-6558.3,442.03499999999997,-30312.495,-13199.49,-4150.035
-10934.055,-11708.279999999999,-22551.57,-6552.99,451.305,-30300.524999999998,-13156.515,-4154.13
-10927.125,-11703.645,-22548.915,-6547.275,515.61,-30163.59,-13093.65,-4140.315
-10923.39,-11695.949999999999,-22543.335,-6562.889999999999,502.335,-30178.26,-13126.59,-4145.67
-10916.64,-11678.085,-22525.245,-6585.389999999999,435.51,-30250.574999999997,-13192.244999999999,-4161.465
-10921.814999999999,-11669.895,-22512.239999999998,-6563.295,437.03999999999996,-30254.985,-13174.83,-4188.6449999999995
-10937.744999999999,-11687.895,-22530.555,-6546.15,465.705,-30197.34,-13051.98,-4191.4349999999995
-10903.095,-11661.525,-22511.7,-6518.655,514.845,-30207.465,-13098.15,-4149.36
-10880.279999999999,-11634.48,-22487.895,-6494.264999999999,528.12,-30248.46,-13169.43,-4145.535
-10907.145,-11660.49,-22505.535,-6553.3949999999995,492.47999999999996,-30267.495,-13175.01,-4165.965
-10937.97,-11724.029999999999,-22584.015,-6635.745,439.46999999999997,-30290.039999999997,-13120.695,-4130.1449999999995
-10924.965,-11705.535,-22567.32,-6584.94,456.65999999999997,-30283.02,-13176.18,-4128.795
-10965.689999999999,-11719.215,-22548.329999999998,-6498.179999999999,495.09,-30197.52,-13174.785,-4205.34
-10920.869999999999,-11660.4,-22476.465,-6472.125,543.915,-30145.41,-13101.345,-4165.065
-10880.279999999999,-11651.715,-22487.85,-6536.79,495.405,-30288.69,-13184.234999999999,-4085.2349999999997
-10915.74,-11699.595,-22555.305,-6631.065,417.73499999999996,-30317.489999999998,-13258.529999999999,-4128.795
-10946.564999999999,-11723.805,-22581.719999999998,-6631.92,392.895,-30305.835,-13234.904999999999,-4176.09
-10962.945,-11729.385,-22571.954999999998,-6566.445,422.19,-30294.675,-13255.515,-4199.94
-10957.59,-11714.715,-22538.655,-6482.565,518.5799999999999,-30196.754999999997,-13164.795,-4179.87
-10908.72,-11673.855,-22509.405,-6485.8949999999995,539.8199999999999,-30190.5,-13111.244999999999,-4119.165
-10845.18,-11621.385,-22468.59,-6483.96,530.73,-30212.1,-13068.269999999999,-4060.08
-10865.564999999999,-11640.689999999999,-22482.585,-6475.59,538.425,-30208.05,-13097.564999999999,-4095.18
-10942.154999999999,-11718.675,-22560.12,-6559.469999999999,455.53499999999997,-30242.699999999997,-13143.465,-4173.03
-10959.885,-11741.85,-22591.305,-6604.92,403.515,-30300.795,-13156.38,-4183.155
-10946.205,-11737.755,-22590.989999999998,-6603.389999999999,406.84499999999997,-30311.594999999998,-13157.324999999999,-4146.75
-10918.215,-11691.494999999999,-22537.665,-6546.825,465.21,-30252.059999999998,-13135.725,-4128.21
-10918.8,-11688.84,-22533.93,-6547.59,462.375,-30245.67,-13130.955,-4137.165
-10913.625,-11695.814999999999,-22544.19,-6558.21,448.155,-30268.079999999998,-13147.244999999999,-4133.79
-10910.205,-11682.09,-22531.5,-6546.735,456.84,-30276.27,-13170.33,-4141.08
-10906.38,-11664.63,-22514.265,-6537.96,466.91999999999996,-30262.68,-13171.994999999999,-4147.2
-10913.85,-11674.845,-22521.149999999998,-6554.025,458.28,-30246.164999999997,-13165.605,-4145.76
-10911.015,-11675.744999999999,-22515.434999999998,-6543.54,469.26,-30238.199999999997,-13161.15,-4136.13
-10914.21,-11682.945,-22521.375,-6531.389999999999,488.29499999999996,-30225.6,-13143.734999999999,-4135.365
-10931.22,-11698.289999999999,-22531.725,-6521.085,506.07,-30229.92,-13137.525,-4149.315
-10925.055,-11685.914999999999,-22526.594999999998,-6517.17,495.81,-30252.239999999998,-13131.9,-4146.84
-10912.41,-11674.439999999999,-22524.254999999997,-6538.59,464.21999999999997,-30272.85,-13132.08,-4138.74
-10905.66,-11673.18,-22525.829999999998,-6546.465,456.34499999999997,-30272.175,-13139.055,-4132.17
-10883.88,-11652.795,-22509.18,-6533.505,470.385,-30256.379999999997,-13148.369999999999,-4118.76
-10857.42,-11623.545,-22478.175,-6505.245,495.63,-30251.61,-13192.425,-4104.855
-10904.895,-11671.154999999999,-22522.635,-6548.67,456.57,-30297.465,-13219.965,-4144.095
-10971.225,-11749.23,-22599.945,-6619.5,394.56,-30354.164999999997,-13205.205,-4178.925
-10955.205,-11723.445,-22571.325,-6589.304999999999,419.085,-30337.065,-13197.779999999999,-4180.995
-10933.74,-11688.57,-22532.355,-6548.04,463.455,-30278.114999999998,-13216.32,-4189.635
-10911.105,-11664.449999999999,-22505.445,-6528.285,472.995,-30253.23,-13224.015,-4169.97
-10879.74,-11637.449999999999,-22484.925,-6514.965,450.35999999999996,-30366.765,-13263.39,-4130.415
-10904.13,-11669.76,-22522.68,-6563.5199999999995,396.22499999999997,-30393.585,-13266.135,-4139.639999999999
-10948.77,-11726.414999999999,-22583.925,-6633.8099999999995,347.03999999999996,-30362.355,-13198.769999999999,-4161.285
-10960.335,-11743.74,-22598.415,-6640.92,376.46999999999997,-30320.145,-13111.109999999999,-4153.455
-10960.199999999999,-11737.98,-22587.93,-6611.8949999999995,465.34499999999997,-30142.89,-13007.34,-4158.224999999999
-10936.89,-11695.275,-22538.07,-6554.7,513.54,-30154.364999999998,-13015.755,-4168.62
-10913.49,-11672.505,-22511.204999999998,-6494.985,539.55,-30219.03,-13053.105,-4149.675
-10872.855,-11646.72,-22492.62,-6489.179999999999,514.035,-30278.565,-13201.83,-4101.93
-10864.395,-11631.51,-22477.14,-6485.94,520.605,-30276.135,-13308.48,-4106.565
-10892.43,-11654.505,-22493.34,-6506.19,497.60999999999996,-30270.87,-13260.644999999999,-4135.635
-10914.84,-11677.095,-22508.46,-6555.465,414.35999999999996,-30324.015,-13216.725,-4150.17
-10950.029999999999,-11719.574999999999,-22553.415,-6579.45,432.945,-30256.065,-13121.955,-4167.45
-10921.59,-11681.234999999999,-22517.415,-6526.44,508.72499999999997,-30168.899999999998,-13092.029999999999,-4156.514999999999
-10915.74,-11680.02,-22518.225,-6518.115,515.97,-30133.98,-13084.785,-4141.349999999999
-10943.46,-11732.31,-22574.565,-6576.929999999999,455.715,-30228.704999999998,-13109.67,-4134.465
-10932.255,-11718.675,-22577.579999999998,-6568.11,471.87,-30248.64,-13165.515,-4138.695
-10955.07,-11731.5,-22599.225,-6579.8099999999995,484.65,-30229.695,-13158.494999999999,-4165.92
-10949.895,-11732.49,-22578.57,-6580.08,467.505,-30294.585,-13197.914999999999,-4162.545
-10932.119999999999,-11706.119999999999,-22535.504999999997,-6557.8949999999995,465.885,-30288.555,-13192.605,-4149.72
-10904.85,-11667.734999999999,-22499.01,-6498.0,497.52,-30212.864999999998,-13092.029999999999,-4113.405
-10900.619999999999,-11673.765,-22516.065,-6503.804999999999,493.46999999999997,-30220.559999999998,-13102.289999999999,-4108.815
-10930.14,-11713.095,-22559.625,-6602.8949999999995,460.755,-30251.475,-13170.779999999999,-4148.505
-10937.295,-11714.13,-22561.425,-6639.884999999999,465.705,-30256.829999999998,-13206.689999999999,-4165.2
-10936.529999999999,-11693.88,-22537.35,-6577.92,464.84999999999997,-30284.91,-13213.035,-4169.34
-10943.82,-11712.779999999999,-22559.04,-6582.87,412.65,-30314.969999999998,-13170.195,-4162.5
-10909.305,-11680.965,-22531.454999999998,-6532.0199999999995,440.055,-30286.98,-13142.07,-4129.38
-10910.88,-11666.295,-22506.93,-6518.384999999999,468.45,-30239.46,-13126.365,-4140.405
-10917.0,-11676.779999999999,-22522.545,-6549.615,449.685,-30263.805,-13138.425,-4147.0199999999995
-10926.72,-11686.32,-22529.79,-6553.3949999999995,485.01,-30244.905,-13175.055,-4156.965
-10955.52,-11718.135,-22563.18,-6602.49,465.03,-30242.024999999998,-13130.73,-4180.32
-10950.255,-11724.255,-22575.915,-6620.175,427.635,-30305.879999999997,-13138.335,-4166.6849999999995
-10896.795,-11659.904999999999,-22515.03,-6556.05,449.46,-30346.92,-13216.455,-4143.87
-10905.84,-11658.195,-22505.579999999998,-6522.165,462.195,-30338.954999999998,-13207.185,-4165.29
-10931.939999999999,-11710.17,-22554.09,-6543.045,436.85999999999996,-30255.795,-13116.195,-4139.415
-10887.615,-11675.789999999999,-22521.239999999998,-6525.675,436.85999999999996,-30276.495,-13131.99,-4090.5899999999997
-10911.33,-11702.97,-22553.64,-6559.514999999999,432.27,-30311.19,-13211.324999999999,-4125.375
-10931.895,-11703.779999999999,-22549.77,-6553.53,467.46,-30297.87,-13267.529999999999,-4165.965
-10918.26,-11673.9,-22504.23,-6507.045,495.81,-30303.09,-13218.615,-4159.3949999999995
-10911.105,-11677.814999999999,-22513.23,-6516.09,511.46999999999997,-30233.43,-13126.185,-4120.245
-10936.17,-11709.855,-22552.379999999997,-6553.215,498.28499999999997,-30178.125,-13109.355,-4143.69
-10938.824999999999,-11715.21,-22562.64,-6570.495,449.82,-30213.18,-13125.689999999999,-4147.92
-10931.805,-11707.154999999999,-22551.614999999998,-6558.66,440.145,-30269.52,-13138.56,-4137.57
-10922.895,-11687.715,-22528.98,-6537.285,464.805,-30301.11,-13182.66,-4150.845
-10925.369999999999,-11681.46,-22524.165,-6542.865,449.23499999999996,-30306.914999999997,-13226.22,-4174.0199999999995
-10900.664999999999,-11665.664999999999,-22514.67,-6546.014999999999,424.305,-30355.739999999998,-13236.615,-4141.215
-10874.295,-11645.73,-22496.265,-6525.675,455.35499999999996,-30322.71,-13171.859999999999,-4105.08
-10898.865,-11668.005,-22507.155,-6509.16,529.875,-30168.855,-13124.744999999999,-4130.55
-10952.01,-11728.484999999999,-22573.305,-6579.675,463.365,-30241.71,-13177.845,-4170.915
-10928.16,-11707.154999999999,-22553.73,-6566.849999999999,454.455,-30303.719999999998,-13177.26,-4142.88
-10919.789999999999,-11699.505,-22543.695,-6553.9349999999995,465.93,-30265.695,-13172.939999999999,-4137.795
-10939.994999999999,-11722.814999999999,-22564.8,-6570.99,453.555,-30246.524999999998,-13134.195,-4143.15
-10934.324999999999,-11708.955,-22555.62,-6571.259999999999,440.46,-30280.454999999998,-13147.695,-4145.04
-10893.914999999999,-11659.904999999999,-22504.545,-6523.469999999999,481.09499999999997,-30256.469999999998,-13148.369999999999,-4118.805
-10888.02,-11656.395,-22499.954999999998,-6514.875,489.33,-30254.265,-13137.255,-4110.389999999999
-10928.564999999999,-11707.47,-22551.39,-6567.03,442.89,-30268.26,-13125.33,-4141.665
-10955.88,-11738.295,-22578.93,-6590.429999999999,427.54499999999996,-30262.004999999997,-13141.08,-4173.795
-10955.205,-11727.585,-22564.8,-6569.19,461.205,-30236.265,-13148.369999999999,-4180.995
-10926.99,-11693.34,-22524.21,-6520.365,507.375,-30267.945,-13197.779999999999,-4160.025
-10928.744999999999,-11695.814999999999,-22541.04,-6549.389999999999,460.48499999999996,-30358.53,-13230.0,-4157.91
-10926.765,-11692.17,-22540.905,-6554.745,472.59,-30272.94,-13196.699999999999,-4145.8949999999995
-10902.6,-11655.72,-22495.364999999998,-6509.655,519.03,-30178.934999999998,-13109.894999999999,-4130.01
-10899.675,-11653.064999999999,-22487.309999999998,-6510.825,504.45,-30199.05,-13099.005,-4125.465
-10921.32,-11688.345,-22524.03,-6552.495,453.28499999999997,-30239.82,-13132.305,-4133.474999999999
-10942.154999999999,-11705.13,-22547.52,-6577.0199999999995,421.56,-30318.84,-13214.744999999999,-4181.445
-10948.59,-11705.625,-22550.129999999997,-6573.375,439.83,-30302.954999999998,-13256.91,-4199.535
-10928.835,-11684.385,-22524.48,-6539.849999999999,479.745,-30265.469999999998,-13247.91,-4163.94
-10925.01,-11687.355,-22523.535,-6524.955,511.74,-30225.42,-13146.84,-4134.24
-10916.595,-11684.25,-22524.57,-6538.23,488.43,-30276.449999999997,-13156.154999999999,-4137.255
-10921.32,-11699.189999999999,-22551.03,-6570.315,436.77,-30300.66,-13128.39,-4131.18
-10896.39,-11664.225,-22511.79,-6514.5599999999995,492.39,-30217.364999999998,-13054.949999999999,-4110.795
-10940.805,-11716.92,-22563.629999999997,-6575.219999999999,463.54499999999996,-30247.289999999997,-13112.775,-4147.38
-10961.279999999999,-11738.475,-22585.454999999998,-6641.639999999999,418.14,-30287.61,-13204.755,-4171.32
-10927.89,-11693.654999999999,-22534.379999999997,-6576.344999999999,466.065,-30252.42,-13176.314999999999,-4147.29
-10924.244999999999,-11700.09,-22550.805,-6583.23,448.60499999999996,-30240.765,-13134.644999999999,-4134.915
-10924.154999999999,-11701.395,-22547.52,-6566.264999999999,465.84,-30234.735,-13132.215,-4129.38
-10920.105,-11697.84,-22541.219999999998,-6538.32,486.315,-30242.969999999998,-13145.894999999999,-4125.42
-10923.615,-11703.869999999999,-22546.62,-6525.405,487.26,-30257.684999999998,-13141.394999999999,-4127.4
-10930.455,-11707.83,-22554.629999999997,-6553.125,459.135,-30302.19,-13158.314999999999,-4139.865
-10922.535,-11700.0,-22575.149999999998,-6596.415,419.35499999999996,-30342.465,-13180.095,-4140.315
-10906.92,-11677.635,-22566.69,-6587.82,453.91499999999996,-30316.41,-13215.644999999999,-4141.485
-10912.095,-11677.59,-22540.725,-6547.95,508.905,-30244.68,-13215.15,-4154.04
-10923.39,-11688.3,-22517.19,-6515.594999999999,513.18,-30217.905,-13162.859999999999,-4155.615
-10929.24,-11698.605,-22528.665,-6563.474999999999,419.35499999999996,-30280.004999999997,-13153.41,-4141.98
-10927.619999999999,-11699.145,-22541.265,-6557.94,420.39,-30295.125,-13202.1,-4140.855
-10924.65,-11698.154999999999,-22541.985,-6551.325,440.72999999999996,-30264.254999999997,-13148.955,-4135.5
-10909.215,-11683.395,-22526.864999999998,-6538.905,445.22999999999996,-30306.015,-13165.109999999999,-4128.57
-10913.58,-11686.994999999999,-22535.235,-6552.134999999999,429.03,-30334.995,-13180.32,-4133.835
-10924.695,-11695.455,-22531.905,-6533.099999999999,475.91999999999996,-30292.649999999998,-13169.34,-4140.764999999999
-10912.05,-11686.005,-22526.37,-6531.344999999999,471.465,-30347.864999999998,-13199.31,-4136.445
-10918.035,-11685.33,-22531.004999999997,-6545.88,446.805,-30394.44,-13228.289999999999,-4147.875
-10957.23,-11718.72,-22558.004999999997,-6566.715,452.385,-30272.94,-13176.855,-4179.33
-10972.439999999999,-11744.055,-22586.219999999998,-6584.445,455.445,-30195.09,-13119.39,-4179.915
-10933.92,-11703.96,-22546.44,-6550.245,477.71999999999997,-30226.14,-13142.295,-4140.72
-10911.779999999999,-11678.58,-22517.415,-6528.24,483.615,-30246.03,-13186.17,-4135.95
-10896.39,-11658.869999999999,-22498.065,-6510.6449999999995,484.91999999999996,-30268.98,-13218.48,-4145.94
-10937.97,-11697.705,-22546.665,-6566.94,431.145,-30304.664999999997,-13189.859999999999,-4174.605
-10958.67,-11713.59,-22553.415,-6561.99,460.215,-30276.18,-13172.85,-4180.139999999999
-10949.4,-11713.68,-22548.375,-6542.19,512.1899999999999,-30213.719999999998,-13172.49,-4158.99
-10920.914999999999,-11686.725,-22524.975,-6529.05,503.055,-30224.879999999997,-13124.564999999999,-4127.94
-10948.41,-11715.48,-22555.8,-6565.86,445.09499999999997,-30303.27,-13170.555,-4160.025
-10929.015,-11701.755,-22545.225,-6556.995,447.075,-30310.695,-13223.519999999999,-4161.6449999999995
-10902.779999999999,-11673.09,-22524.48,-6538.1849999999995,475.245,-30245.985,-13163.265,-4141.62
-10832.76,-11589.345,-22446.629999999997,-6474.69,528.48,-30193.469999999998,-13058.369999999999,-4068.045
-10822.545,-11564.145,-22406.445,-6435.585,561.285,-30184.289999999997,-13060.619999999999,-4068.6299999999997
-10961.145,-11719.89,-22561.29,-6581.7,429.47999999999996,-30330.315,-13194.314999999999,-4176.72
-10979.279999999999,-11760.795,-22608.36,-6613.0199999999995,431.90999999999997,-30307.949999999997,-13177.89,-4165.38
-10912.455,-11672.324999999999,-22507.829999999998,-6503.804999999999,532.215,-30206.52,-13148.1,-4147.5599999999995
-10974.869999999999,-11729.16,-22569.254999999997,-6570.99,460.62,-30254.535,-13222.35,-4223.205
-10985.715,-11755.664999999999,-22597.2,-6609.96,415.16999999999996,-30282.254999999997,-13176.0,-4196.25
-10950.84,-11736.449999999999,-22584.42,-6596.099999999999,425.115,-30276.27,-13159.394999999999,-4138.83
-10961.145,-11744.955,-22589.82,-6608.16,394.65,-30345.795,-13192.515,-4155.4349999999995
-10938.15,-11717.73,-22561.785,-6580.035,412.335,-30386.969999999998,-13220.01,-4142.655
-10920.645,-11691.135,-22534.02,-6557.94,455.98499999999996,-30266.73,-13190.894999999999,-4139.955
-10929.869999999999,-11703.465,-22554.585,-6582.24,428.085,-30258.989999999998,-13188.734999999999,-4158.045
-10936.89,-11710.89,-22561.92,-6585.344999999999,409.72499999999997,-30347.82,-13171.814999999999,-4151.34
-10926.045,-11689.154999999999,-22528.62,-6537.6449999999995,487.08,-30240.36,-13090.814999999999,-4133.565
-10947.33,-11708.82,-22551.165,-6567.57,466.56,-30239.73,-13141.935,-4167.72
-10945.755,-11716.605,-22566.51,-6605.639999999999,397.84499999999997,-30350.879999999997,-13262.939999999999,-4163.49
-10935.404999999999,-11708.279999999999,-22557.059999999998,-6599.655,386.685,-30416.94,-13256.414999999999,-4147.785
-10940.67,-11720.744999999999,-22575.69,-6593.219999999999,418.14,-30296.204999999998,-13167.72,-4149.315
-10927.98,-11709.225,-22572.405,-6564.285,484.965,-30204.09,-13136.67,-4144.635
-10944.539999999999,-11723.49,-22583.295,-6617.025,478.935,-30210.66,-13150.529999999999,-4159.26
-10944.585,-11715.48,-22571.055,-6655.905,474.885,-30237.48,-13143.015,-4163.985
-10943.64,-11713.545,-22565.565,-6631.469999999999,464.895,-30282.254999999997,-13155.795,-4158.54
-10933.65,-11710.755,-22553.235,-6545.745,501.255,-30307.725,-13162.275,-4136.535
-10924.154999999999,-11696.939999999999,-22534.335,-6512.445,463.5,-30348.899999999998,-13208.49,-4135.905
-10926.945,-11695.994999999999,-22536.27,-6528.014999999999,435.87,-30349.305,-13202.73,-4144.005
-10928.564999999999,-11700.675,-22535.64,-6513.705,479.835,-30243.42,-13163.31,-4142.745
-10921.904999999999,-11691.765,-22525.695,-6506.46,487.89,-30201.48,-13131.855,-4133.205
-10915.875,-11686.77,-22544.91,-6535.349999999999,460.755,-30253.14,-13153.545,-4130.639999999999
-10911.285,-11695.275,-22585.454999999998,-6584.04,447.79499999999996,-30283.425,-13168.08,-4126.455
-10913.939999999999,-11696.715,-22577.445,-6587.28,464.445,-30264.795,-13157.279999999999,-4127.985
-10939.5,-11706.074999999999,-22533.254999999997,-6547.094999999999,455.13,-30266.504999999997,-13147.695,-4150.62
-10950.975,-11721.555,-22538.52,-6566.94,440.505,-30281.355,-13163.58,-4158.495
-10930.904999999999,-11716.02,-22547.565,-6570.134999999999,445.68,-30283.559999999998,-13173.435,-4146.974999999999
-10928.25,-11701.529999999999,-22542.39,-6556.59,451.53,-30293.504999999997,-13176.314999999999,-4153.545
-10912.994999999999,-11669.49,-22507.155,-6516.2699999999995,493.245,-30270.645,-13185.539999999999,-4146.93
-10884.15,-11635.92,-22473.855,-6498.134999999999,484.83,-30287.43,-13218.48,-4140.2699999999995
-10908.855,-11658.42,-22501.35,-6533.28,432.9,-30331.574999999997,-13212.99,-4164.84
-10900.574999999999,-11647.664999999999,-22483.44,-6496.92,499.04999999999995,-30271.545,-13148.144999999999,-4148.37
-10890.9,-11640.15,-22467.285,-6464.5199999999995,567.99,-30197.789999999997,-13124.295,-4124.925
-10928.115,-11684.34,-22516.245,-6513.66,530.28,-30193.695,-13173.029999999999,-4156.695
-10990.215,-11756.97,-22593.42,-6591.195,467.685,-30226.68,-13232.88,-4206.195
-10981.08,-11768.265,-22612.77,-6615.045,425.205,-30291.66,-13183.92,-4172.715
-10969.65,-11762.145,-22610.61,-6615.63,414.18,-30306.824999999997,-13139.189999999999,-4150.62
-10950.255,-11729.744999999999,-22573.35,-6580.3949999999995,457.875,-30261.239999999998,-13145.984999999999,-4147.065
-10951.244999999999,-11719.755,-22556.204999999998,-6567.795,459.135,-30261.105,-13143.644999999999,-4157.73
-10902.06,-11673.99,-22517.46,-6538.32,466.335,-30302.145,-13157.955,-4117.86
-10898.955,-11677.68,-22526.504999999997,-6548.04,453.51,-30284.055,-13135.725,-4113.495
-10913.715,-11694.15,-22544.64,-6563.969999999999,446.895,-30257.19,-13158.404999999999,-4141.665
-10879.965,-11630.34,-22470.21,-6487.605,521.8199999999999,-30239.37,-13240.98,-4147.92
-10928.699999999999,-11682.63,-22522.05,-6535.98,479.88,-30274.11,-13187.295,-4184.37
-10954.484999999999,-11731.005,-22574.114999999998,-6587.73,430.695,-30316.274999999998,-13112.685,-4155.615
-10960.38,-11742.435,-22582.395,-6599.565,414.9,-30312.719999999998,-13178.609999999999,-4158.9
-10956.195,-11743.38,-22589.73,-6620.759999999999,373.05,-30346.515,-13227.93,-4155.66
-10931.85,-11705.895,-22556.295,-6603.615,371.88,-30384.36,-13260.33,-4146.345
-10917.404999999999,-11682.99,-22528.125,-6568.065,420.65999999999997,-30316.725,-13217.13,-4143.87
-10917.99,-11690.91,-22535.01,-6557.804999999999,436.995,-30298.454999999998,-13198.365,-4139.73
-10912.994999999999,-11695.68,-22533.57,-6523.875,489.24,-30256.289999999997,-13190.445,-4129.155
-10954.529999999999,-11744.324999999999,-22586.04,-6577.605,454.68,-30265.965,-13130.73,-4153.095
-10952.82,-11731.095,-22574.79,-6574.23,460.215,-30264.48,-13092.84,-4147.74
-10936.395,-11701.17,-22538.835,-6542.19,497.78999999999996,-30228.48,-13113.494999999999,-4144.32
-10925.234999999999,-11695.365,-22533.3,-6540.165,489.96,-30220.379999999997,-13111.199999999999,-4138.065
-10941.119999999999,-11718.99,-22562.64,-6583.094999999999,424.48499999999996,-30302.324999999997,-13175.955,-4157.415
-10915.965,-11680.244999999999,-22520.43,-6560.865,410.98499999999996,-30414.87,-13211.595,-4143.51
-10890.585,-11652.164999999999,-22493.969999999998,-6535.755,464.4,-30370.545,-13200.795,-4119.255
-10925.189999999999,-11701.17,-22552.739999999998,-6583.275,482.66999999999996,-30206.204999999998,-13154.4,-4148.235
-10992.195,-11774.789999999999,-22629.015,-6641.73,423.135,-30230.37,-13169.25,-4201.514999999999
-10963.215,-11733.345,-22594.454999999998,-6592.139999999999,436.54499999999996,-30285.315,-13211.955,-4189.7699999999995
-10947.6,-11724.435,-22597.155,-6567.84,468.53999999999996,-30259.62,-13231.394999999999,-4173.84
-10935.855,-11716.289999999999,-22576.094999999998,-6549.929999999999,466.65,-30253.364999999998,-13184.46,-4152.69
-10921.095,-11691.27,-22525.29,-6537.375,475.10999999999996,-30251.745,-13144.005,-4130.235
-10932.795,-11699.145,-22532.76,-6549.705,475.695,-30250.395,-13163.625,-4150.889999999999
-10946.789999999999,-11714.58,-22553.415,-6557.94,483.255,-30273.434999999998,-13187.88,-4163.3099999999995
-10927.98,-11705.175,-22551.75,-6562.665,489.24,-30278.024999999998,-13154.939999999999,-4134.15
-10928.789999999999,-11704.949999999999,-22545.27,-6554.655,460.935,-30277.17,-13163.13,-4138.065
-10918.305,-11695.994999999999,-22533.57,-6538.86,405.135,-30310.605,-13188.644999999999,-4138.155
-10928.16,-11699.73,-22549.995,-6570.315,404.145,-30350.61,-13225.59,-4161.195
-10960.92,-11717.64,-22566.105,-6636.735,409.22999999999996,-30322.71,-13196.475,-4192.425
-10972.8,-11739.105,-22589.19,-6628.005,443.47499999999997,-30233.745,-13113.585,-4178.025
-10940.58,-11717.685,-22570.785,-6570.945,476.23499999999996,-30231.629999999997,-13138.785,-4134.105
-10935.045,-11718.27,-22562.325,-6533.009999999999,473.085,-30280.995,-13180.994999999999,-4138.0199999999995
-10913.895,-11691.494999999999,-22534.515,-6529.545,466.74,-30321.18,-13202.234999999999,-4128.255
-10901.654999999999,-11663.595,-22499.82,-6515.865,490.68,-30298.004999999997,-13183.56,-4126.455
-10910.475,-11675.744999999999,-22515.48,-6534.764999999999,449.865,-30308.219999999998,-13159.8,-4127.8949999999995
-10938.645,-11713.545,-22558.23,-6578.82,394.065,-30390.164999999997,-13199.355,-4147.245
-10940.13,-11712.015,-22554.135,-6565.23,433.16999999999996,-30314.655,-13187.43,-4153.5
-10908.945,-11669.805,-22504.5,-6510.554999999999,516.285,-30172.05,-13130.73,-4138.2
-10901.88,-11656.08,-22490.28,-6497.1449999999995,524.385,-30164.895,-13120.515,-4147.785
-10961.865,-11728.664999999999,-22569.48,-6579.8099999999995,431.055,-30285.09,-13214.07,-4185.315
-10947.914999999999,-11727.0,-22571.19,-6588.99,413.23499999999996,-30321.945,-13288.59,-4156.47
-10897.47,-11676.914999999999,-22524.66,-6544.53,448.515,-30305.969999999998,-13259.744999999999,-4123.485
-10939.365,-11720.52,-22568.355,-6598.9349999999995,368.865,-30387.465,-13180.59,-4144.095
-10927.305,-11700.855,-22550.805,-6579.405,397.03499999999997,-30359.565,-13174.965,-4137.389999999999
-10930.635,-11698.965,-22544.19,-6556.094999999999,466.46999999999997,-30263.535,-13167.63,-4151.88
-10931.22,-11686.23,-22517.46,-6510.69,543.06,-30194.504999999997,-13171.14,-4168.3949999999995
-10913.13,-11654.775,-22474.98,-6463.844999999999,586.845,-30146.445,-13167.9,-4165.965
-10920.465,-11677.859999999999,-22511.16,-6506.325,535.14,-30189.914999999997,-13147.515,-4146.93
-10949.67,-11732.175,-22574.204999999998,-6582.33,439.155,-30288.51,-13115.654999999999,-4128.03
-10970.189999999999,-11765.475,-22612.274999999998,-6625.17,387.27,-30322.62,-13114.08,-4146.165
-10958.85,-11736.675,-22579.515,-6593.264999999999,407.565,-30316.274999999998,-13138.965,-4161.375
-10941.119999999999,-11703.689999999999,-22544.19,-6562.035,442.8,-30305.745,-13198.365,-4162.139999999999
-10951.83,-11727.63,-22576.454999999998,-6595.29,425.655,-30314.655,-13254.21,-4163.58
-10946.115,-11739.015,-22585.815,-6618.554999999999,391.32,-30352.905,-13231.394999999999,-4153.005
-10921.455,-11711.34,-22563.405,-6593.49,408.87,-30352.905,-13187.744999999999,-4135.455
-10920.195,-11686.095,-22533.21,-6561.09,445.005,-30275.055,-13162.68,-4144.905
-10940.22,-11703.869999999999,-22549.004999999997,-6549.525,470.745,-30231.899999999998,-13149.494999999999,-4167.405
-10923.3,-11683.305,-22524.39,-6520.545,501.075,-30242.745,-13183.74,-4139.28
-10905.029999999999,-11672.775,-22516.785,-6523.065,502.83,-30264.03,-13213.574999999999,-4120.335
-10885.365,-11650.59,-22492.035,-6496.155,530.145,-30228.3,-13145.4,-4110.974999999999
-10903.545,-11664.539999999999,-22498.2,-6504.57,517.14,-30235.59,-13167.585,-4140.045
-10978.965,-11747.744999999999,-22590.18,-6604.74,403.83,-30369.015,-13234.455,-4198.59
-10971.855,-11751.885,-22627.844999999998,-6629.4,378.27,-30407.445,-13242.195,-4179.014999999999
-10966.05,-11752.875,-22631.129999999997,-6627.554999999999,393.39,-30330.945,-13191.84,-4173.389999999999
-10958.939999999999,-11726.279999999999,-22562.19,-6591.014999999999,424.84499999999997,-30286.664999999997,-13191.795,-4180.32
-10949.895,-11713.095,-22536.945,-6584.715,454.59,-30241.89,-13173.525,-4171.59
-10942.289999999999,-11720.88,-22566.329999999998,-6602.8949999999995,450.9,-30265.155,-13158.72,-4143.014999999999
-10933.74,-11700.81,-22542.795,-6566.219999999999,458.145,-30264.795,-13175.055,-4146.165
-10943.595,-11710.439999999999,-22550.94,-6570.179999999999,457.46999999999997,-30242.925,-13154.13,-4151.474999999999
-10934.955,-11712.869999999999,-22557.329999999998,-6551.91,480.51,-30233.969999999998,-13145.31,-4134.69
-10930.68,-11709.81,-22545.36,-6529.05,466.155,-30267.18,-13159.305,-4133.34
-10926.27,-11700.945,-22535.235,-6526.259999999999,485.28,-30244.454999999998,-13144.814999999999,-4134.195
-10922.49,-11696.58,-22535.37,-6533.054999999999,488.78999999999996,-30239.324999999997,-13129.83,-4132.62
-10925.055,-11702.654999999999,-22545.675,-6556.7699999999995,447.57,-30279.555,-13147.56,-4131.224999999999
-10944.314999999999,-11728.529999999999,-22573.395,-6583.634999999999,422.505,-30309.795,-13183.785,-4140.0
-10936.395,-11713.59,-22555.305,-6559.245,455.31,-30303.989999999998,-13220.324999999999,-4150.98
-10931.039999999999,-11701.08,-22545.809999999998,-6555.465,468.04499999999996,-30301.379999999997,-13224.644999999999,-4157.595
-10936.98,-11709.09,-22559.895,-6573.465,448.2,-30304.305,-13212.539999999999,-4159.53
-10953.855,-11726.91,-22579.739999999998,-6595.245,424.305,-30317.489999999998,-13221.09,-4173.255
-10946.43,-11717.189999999999,-22568.85,-6614.19,445.85999999999996,-30290.175,-13224.33,-4174.65
-10938.914999999999,-11704.994999999999,-22554.855,-6629.355,475.91999999999996,-30255.795,-13218.795,-4171.815
-10934.73,-11708.505,-22562.01,-6590.655,465.65999999999997,-30236.489999999998,-13133.519999999999,-4145.67
-10914.84,-11692.35,-22539.015,-6515.415,470.385,-30289.05,-13142.295,-4117.23
-10903.32,-11677.904999999999,-22512.87,-6495.795,433.215,-30381.03,-13199.67,-4113.495
-10903.904999999999,-11675.564999999999,-22519.98,-6565.815,379.575,-30420.045,-13228.92,-4122.54
-10919.564999999999,-11695.32,-22545.855,-6592.995,407.385,-30307.32,-13184.685,-4132.889999999999
-10950.66,-11730.42,-22576.32,-6589.304999999999,460.16999999999996,-30222.539999999997,-13110.029999999999,-4147.965
-10942.47,-11717.55,-22558.274999999998,-6540.66,485.955,-30268.754999999997,-13117.5,-4150.755
-10950.345,-11729.925,-22578.254999999997,-6569.505,428.49,-30323.024999999998,-13176.09,-4166.82
-10954.619999999999,-11727.135,-22573.98,-6593.219999999999,411.79499999999996,-30323.07,-13196.789999999999,-4177.17
-10920.465,-11700.359999999999,-22551.57,-6594.929999999999,418.455,-30336.614999999998,-13233.195,-4139.1449999999995
-10905.615,-11679.525,-22532.445,-6549.795,420.65999999999997,-30403.395,-13295.519999999999,-4136.625
-10926.09,-11693.475,-22530.555,-6524.325,475.60499999999996,-30311.28,-13292.144999999999,-4157.82
-10923.705,-11690.414999999999,-22523.715,-6516.855,524.0699999999999,-30211.695,-13252.455,-4148.82
-10890.945,-11661.975,-22500.315,-6505.785,502.91999999999996,-30256.245,-13125.689999999999,-4110.795
-10866.015,-11634.84,-22485.015,-6500.5199999999995,478.755,-30300.164999999997,-13058.279999999999,-4084.83
-10866.375,-11630.43,-22473.945,-6485.67,517.68,-30248.64,-13135.725,-4102.83
-10948.68,-11725.695,-22562.28,-6556.815,495.04499999999996,-30188.34,-13163.49,-4168.305
-11002.14,-11777.58,-22620.239999999998,-6617.655,432.35999999999996,-30228.704999999998,-13129.785,-4203.45
-10972.574999999999,-11749.725,-22593.645,-6593.759999999999,444.645,-30224.114999999998,-13120.154999999999,-4175.55
-10931.13,-11700.72,-22543.29,-6549.4349999999995,473.35499999999996,-30243.735,-13174.38,-4162.139999999999
-10924.92,-11684.115,-22520.565,-6525.63,496.71,-30295.079999999998,-13263.57,-4176.675
-10948.185,-11710.89,-22552.649999999998,-6558.344999999999,463.04999999999995,-30361.004999999997,-13294.619999999999,-4184.1449999999995
-10979.279999999999,-11776.455,-22630.905,-6641.639999999999,390.78,-30326.895,-13148.865,-4144.365
-10945.529999999999,-11731.68,-22575.645,-6583.455,449.505,-30266.73,-13135.904999999999,-4128.03
-10917.945,-11686.994999999999,-22526.19,-6535.485,476.90999999999997,-30285.0,-13167.269999999999,-4129.065
-10936.98,-11704.59,-22549.23,-6560.775,446.35499999999996,-30296.114999999998,-13166.73,-4153.724999999999
-10975.365,-11757.195,-22619.879999999997,-6604.514999999999,429.255,-30283.695,-13161.015,-4169.34
-10957.994999999999,-11740.05,-22604.04,-6584.715,450.81,-30285.36,-13189.095,-4152.465
-10943.865,-11719.98,-22557.329999999998,-6568.605,444.78,-30294.899999999998,-13217.894999999999,-4155.615
-10953.539999999999,-11724.39,-22549.23,-6589.844999999999,410.35499999999996,-30322.305,-13195.484999999999,-4170.375
-10940.265,-11720.699999999999,-22563.18,-6596.37,414.71999999999997,-30305.024999999998,-13146.029999999999,-4145.8949999999995
-10920.33,-11704.095,-22548.465,-6580.755,442.71,-30289.004999999997,-13193.01,-4126.139999999999
-10950.795,-11739.914999999999,-22578.39,-6594.344999999999,429.65999999999997,-30304.754999999997,-13189.14,-4151.295
-10947.195,-11736.63,-22580.415,-6563.7,469.03499999999997,-30262.545,-13158.314999999999,-4147.605
-10928.564999999999,-11699.595,-22541.805,-6546.24,472.85999999999996,-30258.27,-13164.525,-4141.08
-10926.09,-11684.744999999999,-22500.585,-6529.995,475.60499999999996,-30235.14,-13158.404999999999,-4139.639999999999
-10931.67,-11701.035,-22531.41,-6548.13,475.155,-30250.53,-13169.115,-4144.05
-10943.55,-11717.505,-22557.735,-6567.21,480.06,-30264.03,-13182.615,-4156.11
-10948.365,-11723.984999999999,-22568.04,-6586.38,460.935,-30282.975,-13188.689999999999,-4159.305
-10946.43,-11723.67,-22575.105,-6589.665,436.32,-30309.614999999998,-13190.535,-4154.3099999999995
-10932.39,-11706.75,-22559.445,-6568.695,442.125,-30307.77,-13205.654999999999,-4147.83
-10926.63,-11700.404999999999,-22555.17,-6564.42,460.305,-30308.265,-13209.975,-4146.389999999999
-10922.039999999999,-11699.369999999999,-22551.3,-6554.655,473.445,-30283.875,-13171.904999999999,-4135.23
-10922.625,-11696.715,-22542.614999999998,-6553.889999999999,437.66999999999996,-30285.855,-13162.635,-4133.025
-10931.49,-11702.97,-22544.91,-6557.219999999999,443.15999999999997,-30287.879999999997,-13177.619999999999,-4144.005
-10935.494999999999,-11705.984999999999,-22549.14,-6568.29,440.59499999999997,-30293.414999999997,-13187.925,-4150.53
-10933.605,-11705.49,-22550.85,-6575.94,430.335,-30328.695,-13201.154999999999,-4149.2699999999995
-10946.205,-11721.42,-22570.245,-6594.389999999999,417.78,-30372.03,-13226.939999999999,-4162.905
-10960.695,-11734.154999999999,-22581.585,-6595.83,422.865,-30335.175,-13233.689999999999,-4181.67
-10932.39,-11700.81,-22550.399999999998,-6542.594999999999,488.115,-30277.485,-13235.984999999999,-4164.4349999999995
-10886.49,-11645.46,-22486.14,-6498.945,534.87,-30235.454999999998,-13188.96,-4125.42
-10919.34,-11679.615,-22521.239999999998,-6564.554999999999,446.265,-30313.44,-13113.045,-4153.1849999999995
-10970.595,-11753.55,-22608.315,-6654.6449999999995,336.59999999999997,-30458.565,-13186.89,-4170.014999999999
-10907.865,-11693.744999999999,-22554.18,-6597.719999999999,428.21999999999997,-30339.765,-13193.55,-4111.92
-10896.66,-11671.425,-22526.28,-6550.469999999999,461.655,-30240.945,-13173.164999999999,-4125.15
-10910.43,-11675.115,-22517.415,-6532.695,437.94,-30336.704999999998,-13260.824999999999,-4155.12
-10936.935,-11709.18,-22547.43,-6559.38,424.125,-30347.954999999998,-13290.119999999999,-4158.36
-10909.17,-11678.355,-22514.355,-6515.6849999999995,481.95,-30205.844999999998,-13133.295,-4120.514999999999
-10894.14,-11665.439999999999,-22503.329999999998,-6497.955,497.07,-30261.78,-13159.394999999999,-4109.264999999999
-10931.22,-11714.805,-22557.825,-6561.405,430.695,-30360.6,-13201.83,-4132.035
-10973.744999999999,-11767.545,-22612.454999999998,-6610.86,389.385,-30371.219999999998,-13185.585,-4161.465
-10973.25,-11756.52,-22593.555,-6573.014999999999,467.72999999999996,-30297.465,-13168.394999999999,-4168.215
-10972.395,-11751.795,-22588.245,-6581.835,464.4,-30310.065,-13182.705,-4172.849999999999
-10967.715,-11744.82,-22580.594999999998,-6580.53,473.03999999999996,-30240.09,-13131.045,-4171.095
-10914.119999999999,-11682.72,-22514.309999999998,-6511.59,531.045,-30168.135,-13116.824999999999,-4134.014999999999
-10865.789999999999,-11634.074999999999,-22466.475,-6465.915,567.225,-30174.885,-13153.635,-4094.46
-10924.92,-11709.27,-22550.489999999998,-6557.625,476.59499999999997,-30259.71,-13210.064999999999,-4131.99
-10996.47,-11790.27,-22635.675,-6648.389999999999,393.65999999999997,-30318.795,-13196.07,-4173.795
-10952.64,-11737.529999999999,-22585.68,-6596.009999999999,449.64,-30251.385,-13140.63,-4156.0199999999995
-10953.855,-11716.064999999999,-22555.62,-6555.554999999999,481.815,-30260.114999999998,-13194.045,-4175.415
-10953.0,-11704.185,-22532.489999999998,-6521.49,509.84999999999997,-30277.71,-13228.47,-4176.495
-10902.869999999999,-11655.225,-22487.309999999998,-6492.6449999999995,513.225,-30304.35,-13257.269999999999,-4146.525
-10928.115,-11681.55,-22519.44,-6536.79,452.15999999999997,-30316.815,-13180.32,-4171.905
-10984.59,-11758.14,-22604.715,-6621.615,389.385,-30311.37,-13135.859999999999,-4200.795
-10955.43,-11744.64,-22598.954999999998,-6614.955,408.33,-30330.27,-13236.795,-4162.724999999999
-10929.96,-11718.945,-22569.344999999998,-6587.55,434.025,-30304.035,-13215.285,-4129.155
-10941.074999999999,-11735.369999999999,-22586.399999999998,-6606.45,414.71999999999997,-30307.004999999997,-13123.17,-4115.655
-10935.494999999999,-11720.97,-22566.78,-6578.865,445.59,-30297.059999999998,-13161.42,-4133.07
-10927.484999999999,-11705.715,-22541.715,-6554.295,474.65999999999997,-30273.885,-13220.595,-4144.86
-10933.92,-11703.689999999999,-22529.745,-6540.12,485.685,-30267.495,-13227.39,-4156.92
-10935.945,-11711.609999999999,-22551.66,-6560.82,455.4,-30306.465,-13198.365,-4153.86
-10944.135,-11725.244999999999,-22573.485,-6582.285,436.54499999999996,-30302.954999999998,-13175.01,-4155.21
-10946.744999999999,-11729.295,-22571.864999999998,-6578.054999999999,445.54499999999996,-30290.715,-13185.404999999999,-4153.139999999999
-10939.814999999999,-11718.045,-22560.03,-6567.57,456.705,-30278.07,-13158.045,-4144.68
-10928.115,-11703.06,-22545.945,-6557.8949999999995,463.185,-30281.039999999997,-13171.859999999999,-4142.43
-10930.904999999999,-11715.39,-22571.774999999998,-6580.62,434.47499999999997,-30325.05,-13211.595,-4147.965
-10934.955,-11731.545,-22605.975,-6616.8,403.74,-30351.645,-13214.34,-4149.18
-10948.095,-11740.68,-22606.245,-6618.42,402.03,-30335.265,-13174.875,-4150.3949999999995
-10933.695,-11712.24,-22545.855,-6572.295,439.155,-30291.164999999997,-13183.965,-4139.595
-10936.98,-11711.609999999999,-22545.405,-6599.655,413.90999999999997,-30298.59,-13215.51,-4151.88
-10935.945,-11715.795,-22563.54,-6613.245,402.65999999999997,-30305.204999999998,-13184.955,-4146.3
-10931.13,-11710.529999999999,-22555.62,-6574.23,453.51,-30278.295,-13165.92,-4138.514999999999
-10931.22,-11707.605,-22547.969999999998,-6518.474999999999,518.4,-30276.405,-13184.279999999999,-4142.115
-10936.98,-11714.984999999999,-22557.78,-6538.32,480.555,-30316.274999999998,-13199.13,-4149.2699999999995
-10934.055,-11710.08,-22548.465,-6547.59,444.87,-30341.024999999998,-13201.83,-4146.389999999999
-10929.914999999999,-11704.68,-22545.989999999998,-6546.78,412.91999999999996,-30348.989999999998,-13204.035,-4142.61
-10927.035,-11700.765,-22545.0,-6562.215,402.21,-30353.355,-13213.215,-4144.815
-10919.52,-11692.035,-22546.62,-6604.29,406.97999999999996,-30334.094999999998,-13222.755,-4144.32
-10932.66,-11700.765,-22551.39,-6585.03,438.79499999999996,-30313.44,-13227.615,-4162.68
-10929.645,-11701.035,-22549.905,-6559.245,482.31,-30321.045,-13198.814999999999,-4154.94
-10915.154999999999,-11691.72,-22544.1,-6528.825,525.87,-30242.295,-13141.215,-4137.4349999999995
-10939.275,-11708.414999999999,-22553.235,-6541.335,489.33,-30260.789999999997,-13170.33,-4161.33
-10936.08,-11706.39,-22540.004999999997,-6563.115,446.66999999999996,-30281.895,-13202.01,-4144.005
-10897.244999999999,-11661.705,-22493.879999999997,-6532.965,490.32,-30261.78,-13176.359999999999,-4112.505
-10919.609999999999,-11686.095,-22521.645,-6525.764999999999,508.995,-30256.425,-13191.615,-4133.97
-10979.1,-11764.215,-22603.454999999998,-6611.4,394.83,-30397.05,-13289.76,-4183.875
-10959.3,-11742.48,-22586.04,-6597.675,415.84499999999997,-30346.785,-13263.119999999999,-4187.07
-10984.68,-11762.234999999999,-22602.375,-6613.38,415.16999999999996,-30280.32,-13208.715,-4203.945
-10982.115,-11776.23,-22613.175,-6619.455,436.22999999999996,-30262.184999999998,-13199.265,-4181.4
-10945.8,-11726.055,-22569.21,-6578.73,475.245,-30227.039999999997,-13156.064999999999,-4156.065
-10886.22,-11652.3,-22490.19,-6488.91,532.305,-30209.039999999997,-13134.869999999999,-4105.845
-10874.115,-11648.609999999999,-22484.114999999998,-6458.67,544.995,-30224.745,-13130.775,-4083.93
-10957.32,-11743.605,-22584.78,-6571.889999999999,431.865,-30317.085,-13183.785,-4147.5599999999995
-10982.07,-11772.18,-22622.309999999998,-6623.55,388.755,-30348.09,-13203.72,-4170.15
-10955.789999999999,-11733.57,-22579.29,-6583.455,432.04499999999996,-30312.045,-13195.484999999999,-4162.815
-10951.605,-11727.81,-22571.864999999998,-6571.9349999999995,448.515,-30305.655,-13178.97,-4156.514999999999
-10952.055,-11733.975,-22579.425,-6579.36,434.655,-30327.164999999997,-13175.73,-4152.375
-10943.865,-11717.145,-22560.165,-6568.38,435.96,-30366.765,-13230.945,-4160.43
-10941.615,-11703.51,-22549.14,-6561.63,448.695,-30328.155,-13213.484999999999,-4172.355
-10948.455,-11710.439999999999,-22551.66,-6555.87,462.96,-30250.485,-13166.369999999999,-4171.05
-10945.529999999999,-11722.365,-22562.594999999998,-6568.065,440.82,-30305.43,-13202.369999999999,-4155.12
-10923.48,-11700.404999999999,-22545.27,-6555.915,449.09999999999997,-30302.594999999998,-13171.904999999999,-4135.455
-10929.465,-11712.779999999999,-22554.36,-6553.665,471.28499999999997,-30259.485,-13150.305,-4124.88
-10918.439999999999,-11693.295,-22532.219999999998,-6533.82,488.43,-30267.0,-13211.055,-4128.75
-10934.279999999999,-11701.98,-22543.469999999998,-6547.32,482.13,-30266.055,-13204.664999999999,-4148.73
-10925.055,-11692.89,-22535.954999999998,-6545.384999999999,474.705,-30292.92,-13200.795,-4143.78
-10901.88,-11677.275,-22527.495,-6553.62,428.4,-30346.155,-13193.414999999999,-4118.849999999999
-10933.064999999999,-11707.965,-22555.89,-6581.025,401.805,-30336.3,-13168.035,-4149.0
-10973.789999999999,-11751.029999999999,-22596.39,-6611.4,401.98499999999996,-30314.07,-13187.744999999999,-4185.8099999999995
-10958.265,-11743.785,-22587.39,-6588.0,448.10999999999996,-30293.64,-13192.199999999999,-4151.7
-10935.404999999999,-11716.064999999999,-22559.219999999998,-6571.035,463.85999999999996,-30267.27,-13181.355,-4129.92
-10935.045,-11713.904999999999,-22560.795,-6583.815,434.52,-30299.67,-13194.449999999999,-4140.405
-10935.675,-11713.994999999999,-22561.605,-6576.795,436.54499999999996,-30322.17,-13212.18,-4146.12
-10935.855,-11710.755,-22554.45,-6546.96,470.88,-30320.055,-13224.465,-4153.1849999999995
-10938.06,-11709.314999999999,-22552.875,-6546.735,481.85999999999996,-30269.114999999998,-13199.85,-4156.514999999999
-10951.965,-11726.369999999999,-22571.325,-6581.07,432.765,-30308.805,-13206.644999999999,-4162.32
-10934.775,-11713.23,-22563.09,-6587.46,410.66999999999996,-30350.204999999998,-13228.515,-4146.345
-10944.18,-11723.4,-22568.489999999998,-6602.849999999999,420.57,-30284.954999999998,-13188.689999999999,-4151.295
-10951.199999999999,-11729.25,-22583.34,-6613.29,415.62,-30314.07,-13191.93,-4158.09
-10939.455,-11717.865,-22593.149999999998,-6607.665,420.885,-30330.045,-13213.439999999999,-4152.375
-10920.24,-11698.695,-22567.68,-6549.48,487.575,-30292.155,-13153.365,-4132.845
-10916.865,-11688.39,-22526.1,-6520.545,489.51,-30300.344999999998,-13153.949999999999,-4140.8099999999995
-10936.935,-11705.085,-22533.975,-6558.615,460.53,-30304.934999999998,-13242.465,-4168.665
-10970.595,-11745.539999999999,-22587.524999999998,-6599.88,432.09,-30272.219999999998,-13244.22,-4187.43
-10969.92,-11752.515,-22593.78,-6591.69,445.40999999999997,-30306.329999999998,-13179.285,-4165.155
-10935.945,-11719.619999999999,-22556.114999999998,-6547.365,459.315,-30297.329999999998,-13181.31,-4132.71
-10942.875,-11724.975,-22566.69,-6565.1849999999995,433.48499999999996,-30315.105,-13201.47,-4153.724999999999
-10931.175,-11712.465,-22566.555,-6582.465,444.24,-30334.454999999998,-13254.029999999999,-4160.43
-10928.88,-11708.279999999999,-22574.969999999998,-6640.875,456.885,-30312.315,-13264.47,-4159.485
-10949.67,-11716.02,-22559.265,-6601.23,457.02,-30285.36,-13215.195,-4161.87
-10964.52,-11739.24,-22567.59,-6601.7699999999995,435.24,-30286.305,-13154.445,-4155.84
-10959.615,-11745.18,-22583.07,-6607.08,430.02,-30284.91,-13181.715,-4161.465
-10939.68,-11720.16,-22559.04,-6544.62,477.71999999999997,-30291.84,-13221.63,-4163.22
-10924.47,-11696.67,-22529.07,-6497.865,492.75,-30309.03,-13210.154999999999,-4144.005
-10929.869999999999,-11712.465,-22552.965,-6542.415,468.63,-30293.954999999998,-13173.345,-4132.26
-10942.47,-11718.225,-22571.55,-6579.315,435.15,-30311.82,-13219.244999999999,-4160.25
-10929.869999999999,-11688.48,-22537.575,-6551.46,463.40999999999997,-30302.64,-13248.225,-4174.0199999999995
-10942.83,-11718.27,-22568.895,-6582.195,450.99,-30293.37,-13180.185,-4153.41
-10952.414999999999,-11742.615,-22589.82,-6592.23,431.55,-30323.789999999997,-13161.195,-4131.315
-10930.77,-11717.145,-22562.954999999998,-6562.44,457.2,-30309.704999999998,-13171.275,-4122.99
-10926.99,-11698.695,-22533.614999999998,-6543.945,472.09499999999997,-30281.805,-13183.38,-4138.245
-10932.525,-11697.21,-22531.094999999998,-6542.235,460.44,-30318.84,-13213.845,-4157.235
-10949.355,-11717.369999999999,-22559.715,-6576.57,405.945,-30438.09,-13236.435,-4168.665
-10946.43,-11712.869999999999,-22555.395,-6572.34,414.18,-30421.62,-13201.064999999999,-4165.245
-10965.555,-11746.89,-22594.725,-6609.375,407.43,-30266.19,-13138.92,-4161.33
-10938.914999999999,-11712.914999999999,-22555.89,-6572.205,447.03,-30202.785,-13131.63,-4147.605
-10895.265,-11663.145,-22506.165,-6527.205,472.905,-30276.719999999998,-13184.505,-4127.8949999999995
-10917.314999999999,-11685.195,-22528.305,-6541.065,472.185,-30308.085,-13216.545,-4150.71
-10936.439999999999,-11703.465,-22530.015,-6523.65,516.555,-30242.789999999997,-13168.755,-4156.695
-10925.145,-11705.22,-22538.565,-6533.594999999999,500.35499999999996,-30262.815,-13186.08,-4131.36
-10974.645,-11765.52,-22613.715,-6620.985,400.635,-30378.78,-13279.05,-4165.155
-10983.734999999999,-11763.585,-22607.954999999998,-6616.575,410.98499999999996,-30336.795,-13221.269999999999,-4183.695
-10971.63,-11758.5,-22601.43,-6604.875,425.655,-30303.765,-13178.115,-4160.115
-10939.5,-11726.82,-22577.805,-6591.105,389.385,-30443.94,-13241.34,-4136.535
-10942.109999999999,-11723.175,-22575.78,-6609.195,332.72999999999996,-30564.989999999998,-13289.49,-4153.905
-10933.83,-11714.895,-22550.489999999998,-6563.79,429.84,-30381.795,-13224.779999999999,-4144.635
-10938.645,-11723.67,-22555.125,-6536.61,534.78,-30169.574999999997,-13166.055,-4145.22
-10918.529999999999,-11690.64,-22528.215,-6520.5,530.055,-30209.445,-13193.505,-4133.88
-10911.645,-11687.265,-22530.78,-6537.105,502.155,-30237.93,-13187.205,-4127.8949999999995
-10931.58,-11711.475,-22556.52,-6563.115,474.29999999999995,-30240.09,-13156.425,-4137.12
-10942.199999999999,-11718.0,-22555.035,-6559.155,475.46999999999997,-30240.27,-13165.515,-4144.005
-10935.314999999999,-11707.695,-22543.245,-6562.889999999999,462.645,-30251.925,-13187.385,-4145.715
-10959.164999999999,-11725.515,-22560.165,-6586.514999999999,431.685,-30307.77,-13223.34,-4176.2699999999995
-10996.74,-11774.564999999999,-22609.079999999998,-6622.065,410.76,-30334.545,-13240.8,-4205.115
-10966.77,-11752.83,-22596.795,-6592.905,436.455,-30334.905,-13234.14,-4176.764999999999
-10953.09,-11733.93,-22583.79,-6588.405,419.58,-30368.879999999997,-13224.42,-4161.195
-10948.994999999999,-11730.33,-22577.579999999998,-6582.42,441.18,-30325.14,-13193.595,-4152.33
-10930.005,-11715.119999999999,-22564.53,-6567.795,480.69,-30260.565,-13184.1,-4137.57
-10926.135,-11704.005,-22549.364999999998,-6572.835,457.28999999999996,-30280.004999999997,-13201.109999999999,-4138.83
-10944.045,-11726.279999999999,-22572.315,-6603.929999999999,428.58,-30289.545,-13175.955,-4145.535
-10942.875,-11729.564999999999,-22601.07,-6612.344999999999,440.955,-30285.36,-13188.96,-4148.55
-10948.904999999999,-11737.215,-22619.565,-6613.965,451.48499999999996,-30292.469999999998,-13221.09,-4162.68
-10949.22,-11725.47,-22566.915,-6554.429999999999,495.27,-30287.969999999998,-13226.984999999999,-4167.315
-10945.664999999999,-11708.414999999999,-22520.879999999997,-6523.65,483.75,-30304.8,-13215.869999999999,-4163.04
-10938.195,-11711.789999999999,-22544.504999999997,-6533.639999999999,442.755,-30339.629999999997,-13216.545,-4154.22
-10942.515,-11730.645,-22577.579999999998,-6598.3949999999995,410.805,-30340.44,-13199.85,-4151.07
-10931.939999999999,-11726.145,-22585.004999999997,-6609.554999999999,447.03,-30302.01,-13190.984999999999,-4131.2699999999995
-10926.494999999999,-11713.14,-22584.195,-6582.42,440.505,-30300.344999999998,-13178.025,-4127.67
-10957.635,-11735.189999999999,-22594.635,-6590.61,436.09499999999997,-30297.285,-13170.33,-4161.599999999999
-10980.72,-11747.34,-22577.67,-6591.78,442.44,-30280.364999999998,-13159.845,-4191.345
-10935.09,-11700.225,-22522.32,-6540.929999999999,476.685,-30262.004999999997,-13191.66,-4152.78
-10851.3,-11619.539999999999,-22451.175,-6468.165,524.43,-30269.34,-13244.265,-4077.315
-10915.56,-11693.835,-22529.655,-6546.554999999999,433.62,-30359.43,-13200.615,-4126.095
-10988.369999999999,-11777.715,-22620.915,-6628.815,344.88,-30461.175,-13244.039999999999,-4191.03
-10972.215,-11763.09,-22607.64,-6611.58,380.61,-30416.085,-13236.93,-4175.6849999999995
-10933.38,-11704.814999999999,-22545.54,-6553.53,460.71,-30302.774999999998,-13240.125,-4158.63
-10933.74,-11704.545,-22544.145,-6548.58,479.7,-30248.01,-13161.689999999999,-4143.285
-10927.215,-11704.949999999999,-22550.085,-6556.905,466.10999999999996,-30279.735,-13130.46,-4134.78
-10968.615,-11747.609999999999,-22590.855,-6597.179999999999,430.65,-30301.155,-13210.965,-4184.55
-10921.32,-11707.605,-22554.09,-6566.94,437.805,-30334.23,-13255.785,-4132.125
-10864.845,-11645.91,-22493.79,-6510.15,483.65999999999997,-30313.89,-13222.664999999999,-4071.7349999999997
-10916.369999999999,-11694.779999999999,-22538.52,-6552.405,464.625,-30276.18,-13172.58,-4113.495
-10942.02,-11719.845,-22553.37,-6559.965,456.12,-30291.48,-13147.289999999999,-4145.355
-10900.305,-11670.66,-22516.245,-6538.86,440.72999999999996,-30424.364999999998,-13272.255,-4141.755
-10872.27,-11631.869999999999,-22480.605,-6512.264999999999,456.885,-30469.14,-13290.885,-4129.965
-10936.26,-11718.99,-22556.07,-6565.455,459.04499999999996,-30307.68,-13224.33,-4153.7699999999995
-10987.154999999999,-11774.115,-22610.745,-6598.755,474.12,-30136.995,-13126.23,-4179.825
-10996.695,-11780.595,-22614.39,-6606.2699999999995,450.585,-30233.295,-13163.894999999999,-4182.165
-10962.18,-11744.505,-22587.254999999997,-6589.665,444.41999999999996,-30297.195,-13229.64,-4156.74
-10957.77,-11736.99,-22580.28,-6591.465,432.53999999999996,-30305.204999999998,-13234.05,-4158.54
-10967.4,-11750.49,-22596.39,-6605.6849999999995,419.98499999999996,-30296.25,-13157.82,-4162.32
-10954.395,-11733.39,-22572.18,-6574.7699999999995,466.78499999999997,-30250.574999999997,-13140.945,-4151.115
-10952.279999999999,-11733.39,-22570.605,-6566.175,478.44,-30269.789999999997,-13196.97,-4158.54
-10969.02,-11746.305,-22589.19,-6587.235,454.005,-30295.844999999998,-13228.875,-4173.66
-10969.965,-11737.215,-22576.14,-6575.8949999999995,462.645,-30293.684999999998,-13253.939999999999,-4179.69
-10959.029999999999,-11731.05,-22571.82,-6575.715,452.96999999999997,-30313.62,-13245.029999999999,-4164.48
-10952.595,-11728.17,-22568.579999999998,-6574.95,453.10499999999996,-30315.105,-13208.039999999999,-4150.98
-10956.285,-11737.395,-22576.95,-6585.165,440.72999999999996,-30324.149999999998,-13196.43,-4146.255
-10952.189999999999,-11732.58,-22577.04,-6599.34,429.57,-30301.065,-13195.845,-4154.04
-10960.289999999999,-11732.76,-22582.754999999997,-6599.835,435.78,-30290.85,-13234.994999999999,-4180.545
-10959.39,-11735.91,-22609.754999999997,-6610.365,424.84499999999997,-30308.94,-13254.435,-4183.335
-10958.805,-11747.609999999999,-22617.135,-6606.495,419.66999999999996,-30322.035,-13191.84,-4161.33
-10948.68,-11733.39,-22566.105,-6570.179999999999,448.965,-30298.05,-13140.449999999999,-4135.724999999999
-10933.47,-11705.67,-22527.675,-6544.44,469.53,-30288.96,-13178.699999999999,-4131.495
-10931.939999999999,-11707.605,-22543.245,-6554.655,465.12,-30308.67,-13217.58,-4136.67
-10935.855,-11721.914999999999,-22564.754999999997,-6578.955,445.185,-30325.68,-13209.75,-4134.96
-10934.595,-11721.869999999999,-22563.989999999998,-6579.9,446.175,-30316.004999999997,-13204.439999999999,-4134.555
-10940.265,-11724.885,-22574.16,-6584.04,451.16999999999996,-30300.164999999997,-13200.3,-4142.43
-10933.65,-11718.449999999999,-22569.975,-6607.304999999999,424.395,-30306.329999999998,-13192.74,-4136.805
-10931.22,-11710.98,-22553.504999999997,-6625.259999999999,413.82,-30312.135,-13199.894999999999,-4138.425
-10943.01,-11721.779999999999,-22563.899999999998,-6607.71,430.245,-30304.53,-13204.71,-4148.955
-10944.765,-11723.895,-22566.42,-6566.219999999999,440.01,-30308.129999999997,-13211.64,-4151.88
-10944.314999999999,-11724.57,-22573.754999999997,-6548.8949999999995,462.96,-30334.545,-13225.994999999999,-4156.38
-10933.154999999999,-11719.664999999999,-22580.504999999997,-6558.929999999999,442.755,-30358.62,-13245.75,-4145.58
-10921.859999999999,-11709.855,-22575.195,-6572.295,419.35499999999996,-30398.94,-13256.369999999999,-4132.62
-10928.835,-11711.295,-22564.26,-6579.9,439.10999999999996,-30404.16,-13239.63,-4142.43
-10922.49,-11683.574999999999,-22519.035,-6548.219999999999,502.155,-30255.795,-13168.845,-4150.98
-10875.914999999999,-11618.324999999999,-22438.665,-6440.355,563.85,-30180.059999999998,-13105.619999999999,-4117.095
-10867.994999999999,-11624.175,-22450.635,-6442.83,572.0849999999999,-30180.329999999998,-13102.064999999999,-4089.69
-10922.715,-11699.91,-22542.075,-6552.855,454.365,-30298.86,-13236.795,-4129.155
-11017.98,-11805.255,-22651.379999999997,-6673.7699999999995,325.08,-30456.495,-13290.3,-4210.065
-11008.215,-11800.98,-22648.23,-6668.28,337.09499999999997,-30468.239999999998,-13269.689999999999,-4195.485
-10956.195,-11745.18,-22594.454999999998,-6620.49,357.705,-30472.469999999998,-13275.585,-4153.95
-10951.335,-11741.22,-22593.78,-6625.215,361.62,-30391.605,-13226.49,-4147.695
-10959.795,-11740.68,-22584.329999999998,-6597.945,441.135,-30236.175,-13204.394999999999,-4167.855
-10955.52,-11724.84,-22557.6,-6555.15,502.875,-30210.57,-13194.765,-4175.595
-10889.595,-11661.57,-22505.175,-6510.509999999999,535.635,-30219.03,-13162.365,-4099.365
-10880.505,-11647.08,-22492.44,-6514.245,498.59999999999997,-30311.954999999998,-13227.705,-4094.0099999999998
-10990.035,-11765.654999999999,-22606.965,-6616.3949999999995,403.155,-30400.425,-13316.625,-4201.425
-11011.994999999999,-11799.314999999999,-22639.14,-6625.17,423.585,-30306.555,-13202.955,-4210.785
-10993.05,-11781.585,-22622.355,-6608.205,453.41999999999996,-30253.23,-13121.91,-4178.34
-10959.3,-11738.385,-22578.254999999997,-6579.315,457.695,-30290.039999999997,-13204.8,-4148.055
-10966.095,-11749.41,-22591.44,-6597.09,431.505,-30322.62,-13227.48,-4159.08
-10967.895,-11748.824999999999,-22589.37,-6594.929999999999,436.635,-30319.92,-13219.335,-4168.485
-10964.654999999999,-11731.59,-22565.25,-6565.815,471.78,-30294.945,-13221.359999999999,-4184.73
-10948.32,-11707.47,-22535.64,-6535.755,505.08,-30255.57,-13172.535,-4173.974999999999
-10901.16,-11663.369999999999,-22495.05,-6501.0599999999995,524.0699999999999,-30259.71,-13160.43,-4117.635
-10902.689999999999,-11678.58,-22511.295,-6517.125,498.465,-30307.635,-13188.644999999999,-4119.4349999999995
-10970.055,-11768.58,-22608.27,-6604.695,424.48499999999996,-30339.27,-13204.215,-4157.505
-10978.83,-11754.18,-22596.795,-6602.355,431.775,-30305.114999999998,-13201.965,-4159.305
-10949.535,-11721.24,-22567.545,-6585.344999999999,423.945,-30376.44,-13303.8,-4153.23
-10938.24,-11711.34,-22560.93,-6585.165,409.635,-30411.405,-13296.644999999999,-4156.155
-10939.545,-11715.525,-22569.524999999998,-6583.7699999999995,429.885,-30329.504999999997,-13203.585,-4144.41
-10962.63,-11734.289999999999,-22597.829999999998,-6577.65,483.39,-30210.48,-13143.015,-4160.5199999999995
-10948.68,-11716.199999999999,-22577.535,-6550.155,513.9449999999999,-30217.364999999998,-13191.75,-4155.389999999999
-10921.904999999999,-11701.395,-22545.989999999998,-6557.264999999999,464.895,-30300.57,-13214.34,-4123.44
-10937.835,-11720.205,-22558.41,-6601.95,397.03499999999997,-30377.565,-13203.09,-4136.4
-10944.855,-11714.805,-22559.085,-6605.37,404.055,-30353.355,-13239.765,-4158.405
-10969.064999999999,-11741.445,-22576.95,-6610.86,425.205,-30300.66,-13253.4,-4179.42
-10964.654999999999,-11749.275,-22593.42,-6618.554999999999,406.8,-30346.965,-13218.615,-4165.0199999999995
-10954.935,-11747.699999999999,-22598.19,-6605.594999999999,415.395,-30371.67,-13204.574999999999,-4147.425
-10949.13,-11738.205,-22587.12,-6591.6449999999995,417.96,-30407.85,-13247.865,-4149.09
-10945.98,-11729.34,-22573.62,-6592.7699999999995,405.27,-30401.145,-13237.605,-4148.73
-10943.414999999999,-11731.994999999999,-22576.905,-6588.315,423.315,-30331.89,-13208.13,-4142.295
-10952.685,-11740.77,-22591.98,-6590.429999999999,440.685,-30307.004999999997,-13202.414999999999,-4153.139999999999
-10952.369999999999,-11732.939999999999,-22580.55,-6573.78,473.53499999999997,-30274.289999999997,-13192.47,-4151.97
-10950.074999999999,-11734.154999999999,-22580.235,-6567.344999999999,493.46999999999997,-30252.87,-13185.72,-4147.155
-10948.814999999999,-11730.105,-22569.975,-6568.605,481.59,-30273.164999999997,-13194.72,-4147.92
-10952.189999999999,-11730.689999999999,-22579.515,-6601.41,447.57,-30299.039999999997,-13205.744999999999,-4154.175
-10945.17,-11730.51,-22591.17,-6645.42,412.46999999999997,-30355.829999999998,-13219.515,-4149.54
-10934.145,-11723.85,-22585.364999999998,-6656.13,382.635,-30381.48,-13226.894999999999,-4140.45
-10931.939999999999,-11707.605,-22544.28,-6596.594999999999,409.85999999999996,-30292.965,-13194.99,-4144.635
-10952.64,-11724.93,-22556.25,-6546.105,446.895,-30312.539999999997,-13192.289999999999,-4164.3
-10944.9,-11719.98,-22556.969999999998,-6528.6449999999995,478.66499999999996,-30337.245,-13245.975,-4160.385
-10928.88,-11694.33,-22530.149999999998,-6500.969999999999,521.73,-30283.515,-13278.689999999999,-4167.54
-10972.619999999999,-11737.439999999999,-22575.375,-6556.455,460.03499999999997,-30328.515,-13241.34,-4202.505
-10989.045,-11781.855,-22627.485,-6635.205,433.34999999999997,-30336.12,-13176.045,-4174.695
-10944.675,-11743.425,-22591.844999999998,-6622.92,449.41499999999996,-30290.895,-13216.005,-4121.955
-10911.824999999999,-11689.74,-22518.629999999997,-6512.445,477.71999999999997,-30293.73,-13229.279999999999,-4114.889999999999
-10899.494999999999,-11673.494999999999,-22508.055,-6518.565,470.565,-30349.395,-13238.91,-4111.2
-10898.91,-11673.0,-22513.454999999998,-6544.08,426.73499999999996,-30419.28,-13246.38,-4116.6449999999995
-10882.98,-11648.97,-22487.579999999998,-6518.07,453.51,-30360.78,-13250.835,-4130.955
-10869.57,-11626.154999999999,-22459.68,-6478.695,526.41,-30238.469999999998,-13204.98,-4135.7699999999995
-10911.105,-11672.01,-22510.98,-6540.344999999999,466.46999999999997,-30338.1,-13185.585,-4152.69
-10987.154999999999,-11765.295,-22601.385,-6618.825,425.835,-30344.445,-13241.609999999999,-4188.465
-11045.744999999999,-11848.59,-22687.739999999998,-6680.429999999999,401.445,-30288.824999999997,-13219.785,-4210.83
-11007.314999999999,-11808.314999999999,-22645.575,-6636.6449999999995,421.74,-30294.539999999997,-13188.644999999999,-4170.51
-10967.85,-11764.574999999999,-22597.245,-6594.615,447.65999999999997,-30266.46,-13169.519999999999,-4145.985
-10951.064999999999,-11738.52,-22577.625,-6586.875,442.48499999999996,-30301.02,-13184.055,-4138.065
-10948.545,-11725.56,-22561.29,-6571.665,444.91499999999996,-30346.92,-13213.125,-4146.885
-10943.91,-11711.88,-22544.145,-6561.09,438.34499999999997,-30400.02,-13248.09,-4157.235
-10963.619999999999,-11735.324999999999,-22580.774999999998,-6609.375,368.01,-30471.93,-13244.13,-4176.36
-10970.01,-11746.125,-22590.18,-6611.94,392.53499999999997,-30363.03,-13232.385,-4177.71
-10925.64,-11700.855,-22536.989999999998,-6540.615,496.48499999999996,-30232.395,-13211.595,-4148.505
-10930.814999999999,-11707.83,-22540.364999999998,-6539.625,515.61,-30228.344999999998,-13155.435,-4142.295
-10971.359999999999,-11758.005,-22594.68,-6593.58,460.305,-30284.37,-13183.47,-4155.255
-10988.73,-11767.5,-22602.42,-6601.275,451.84499999999997,-30277.485,-13262.355,-4172.264999999999
-10980.045,-11758.14,-22587.03,-6591.554999999999,450.85499999999996,-30284.73,-13232.88,-4168.485
-10974.51,-11750.895,-22580.145,-6579.63,466.83,-30273.074999999997,-13196.07,-4167.45
-10966.23,-11738.97,-22562.415,-6557.58,482.085,-30279.6,-13233.465,-4171.365
-10942.154999999999,-11721.869999999999,-22561.515,-6570.764999999999,453.465,-30313.53,-13202.01,-4146.21
-10932.795,-11714.85,-22558.905,-6588.09,441.18,-30309.795,-13195.98,-4132.44
-10927.98,-11708.369999999999,-22550.489999999998,-6579.179999999999,455.21999999999997,-30299.715,-13245.84,-4133.88
-10937.744999999999,-11719.215,-22579.335,-6590.384999999999,437.66999999999996,-30310.379999999997,-13204.17,-4139.19
-10944.539999999999,-11728.439999999999,-22600.844999999998,-6578.19,461.385,-30302.82,-13204.8,-4157.055
-10971.27,-11755.08,-22605.48,-6582.15,459.45,-30326.715,-13230.18,-4184.235
-10954.619999999999,-11735.775,-22558.41,-6580.215,441.945,-30337.199999999997,-13203.539999999999,-4156.245
-10942.38,-11730.914999999999,-22564.395,-6590.429999999999,427.54499999999996,-30335.579999999998,-13192.154999999999,-4129.83
-10959.525,-11743.244999999999,-22576.094999999998,-6586.92,444.73499999999996,-30317.129999999997,-13201.244999999999,-4150.305
-10954.845,-11736.63,-22567.77,-6574.545,461.88,-30308.489999999998,-13214.295,-4153.005
-10945.125,-11732.49,-22569.12,-6585.929999999999,436.77,-30337.875,-13221.9,-4144.095
-10935.27,-11724.119999999999,-22564.62,-6593.04,417.195,-30361.77,-13220.64,-4136.04
-10942.154999999999,-11723.22,-22561.515,-6591.87,425.43,-30357.09,-13223.654999999999,-4146.705
-10944.494999999999,-11723.895,-22567.77,-6596.415,434.96999999999997,-30339.09,-13230.09,-4153.59
-10942.74,-11725.965,-22571.46,-6624.764999999999,407.88,-30353.219999999998,-13228.109999999999,-4150.08
-10935.494999999999,-11721.869999999999,-22569.344999999998,-6618.599999999999,429.57,-30309.795,-13206.42,-4136.76
-10935.855,-11716.289999999999,-22556.879999999997,-6582.24,450.945,-30280.23,-13194.18,-4139.73
-10916.865,-11691.09,-22524.075,-6531.48,511.695,-30275.055,-13182.615,-4130.37
-10911.96,-11695.545,-22531.68,-6528.42,524.0699999999999,-30319.065,-13222.26,-4121.415
-10916.685,-11698.56,-22545.405,-6562.8,462.78,-30387.375,-13268.564999999999,-4125.285
-10915.695,-11685.195,-22523.895,-6537.6449999999995,443.025,-30336.03,-13256.595,-4135.7699999999995
-10975.59,-11760.39,-22600.665,-6602.759999999999,404.41499999999996,-30299.895,-13206.869999999999,-4169.295
-10985.13,-11770.244999999999,-22610.204999999998,-6602.759999999999,426.91499999999996,-30326.579999999998,-13224.195,-4175.639999999999
-10971.945,-11751.84,-22591.754999999997,-6590.16,444.28499999999997,-30361.635,-13253.49,-4173.974999999999
-10960.785,-11739.51,-22577.895,-6603.57,432.585,-30391.739999999998,-13212.045,-4163.13
-10936.755,-11712.06,-22547.34,-6567.165,453.33,-30339.495,-13176.81,-4143.105
-10930.949999999999,-11700.314999999999,-22540.004999999997,-6579.09,436.22999999999996,-30264.48,-13184.414999999999,-4149.495
-10934.055,-11702.564999999999,-22546.844999999998,-6638.715,397.71,-30374.1,-13270.904999999999,-4157.19
-10955.789999999999,-11741.265,-22582.8,-6619.7699999999995,384.21,-30444.75,-13298.805,-4151.79
-10963.8,-11749.095,-22582.17,-6576.705,422.685,-30418.199999999997,-13284.855,-4162.1849999999995
-10997.369999999999,-11771.595,-22601.655,-6595.65,420.885,-30403.98,-13347.09,-4220.28
-11010.824999999999,-11784.42,-22614.795,-6617.88,402.615,-30365.55,-13318.154999999999,-4235.58
-10949.22,-11727.855,-22554.27,-6537.915,520.605,-30198.285,-13158.675,-4147.965
-10885.095,-11659.23,-22487.399999999998,-6473.925,584.91,-30157.065,-13115.519999999999,-4083.5699999999997
-10907.189999999999,-11675.385,-22499.864999999998,-6493.23,555.615,-30185.01,-13128.885,-4114.665
-10959.119999999999,-11745.81,-22574.655,-6571.755,469.34999999999997,-30264.614999999998,-13139.55,-4140.0
-10960.47,-11748.6,-22586.175,-6594.21,430.425,-30334.815,-13247.234999999999,-4145.22
-10963.89,-11734.425,-22569.704999999998,-6582.554999999999,454.54499999999996,-30293.46,-13250.744999999999,-4178.79
-10992.645,-11776.59,-22609.44,-6610.365,444.91499999999996,-30281.445,-13231.8,-4195.125
-10955.385,-11748.24,-22584.78,-6583.32,456.255,-30315.69,-13231.08,-4151.25
-10966.68,-11754.494999999999,-22581.855,-6585.165,443.60999999999996,-30310.829999999998,-13194.81,-4162.59
-10963.574999999999,-11761.38,-22615.245,-6607.665,429.03,-30303.225,-13198.59,-4171.095
-10952.73,-11724.435,-22588.965,-6579.315,449.37,-30335.399999999998,-13305.465,-4186.665
-10955.205,-11711.744999999999,-22545.585,-6548.219999999999,468.495,-30344.219999999998,-13300.965,-4188.105
-10982.789999999999,-11756.88,-22568.805,-6591.195,430.10999999999996,-30312.629999999997,-13181.085,-4176.135
-10970.505,-11763.72,-22595.219999999998,-6619.5,404.46,-30324.87,-13133.34,-4124.115
-10878.21,-11662.02,-22501.71,-6520.905,491.58,-30345.975,-13253.175,-4079.205
-10908.539999999999,-11685.6,-22521.915,-6534.855,490.95,-30342.87,-13258.89,-4116.825
-10985.67,-11768.175,-22603.635,-6613.155,432.27,-30304.305,-13198.23,-4164.075
-10996.695,-11786.49,-22624.605,-6634.62,421.245,-30293.37,-13182.39,-4171.59
-10968.795,-11752.965,-22590.36,-6592.7699999999995,447.47999999999996,-30309.12,-13203.225,-4160.295
-10963.89,-11740.725,-22572.045,-6571.3949999999995,453.69,-30316.14,-13228.965,-4162.815
-10980.63,-11757.914999999999,-22596.165,-6602.849999999999,427.005,-30338.594999999998,-13277.16,-4186.44
-10977.57,-11760.975,-22609.125,-6625.304999999999,397.89,-30370.815,-13277.925,-4180.139999999999
-10958.67,-11745.765,-22597.379999999997,-6625.9349999999995,399.41999999999996,-30360.914999999997,-13223.34,-4153.59
-10929.96,-11715.615,-22565.565,-6604.469999999999,430.46999999999997,-30333.105,-13189.32,-4123.125
-10928.835,-11707.56,-22554.629999999997,-6594.165,427.77,-30342.555,-13220.279999999999,-4132.8
-10946.97,-11724.93,-22567.454999999998,-6584.355,431.145,-30358.664999999997,-13242.24,-4153.139999999999
-10948.5,-11726.279999999999,-22567.68,-6567.12,446.98499999999996,-30375.225,-13250.43,-4155.12
-10939.095,-11717.82,-22562.954999999998,-6576.255,408.87,-30394.305,-13251.465,-4144.5
-10935.494999999999,-11718.9,-22567.32,-6594.615,396.18,-30384.0,-13240.305,-4135.41
-10947.869999999999,-11732.49,-22573.62,-6581.655,457.78499999999997,-30261.059999999998,-13196.025,-4142.205
-10955.52,-11741.715,-22583.835,-6585.255,460.34999999999997,-30299.265,-13203.135,-4151.61
-10958.22,-11738.88,-22577.579999999998,-6575.264999999999,452.205,-30335.129999999997,-13222.755,-4156.38
-10954.845,-11733.705,-22569.03,-6564.69,472.22999999999996,-30293.37,-13219.965,-4154.94
-10955.115,-11737.664999999999,-22578.39,-6586.605,464.21999999999997,-30291.48,-13221.449999999999,-4156.785
-10959.795,-11741.49,-22585.41,-6597.495,463.455,-30308.805,-13220.144999999999,-4159.44
-10959.66,-11744.73,-22590.405,-6603.974999999999,454.95,-30336.3,-13226.58,-4157.055
-10951.289999999999,-11733.164999999999,-22573.35,-6572.384999999999,460.53,-30332.25,-13224.465,-4148.595
-10950.39,-11732.58,-22568.535,-6559.875,465.79499999999996,-30312.899999999998,-13221.045,-4150.26
-10951.38,-11726.865,-22567.59,-6587.6849999999995,469.71,-30295.035,-13214.88,-4156.83
-10947.555,-11720.52,-22566.645,-6600.509999999999,448.335,-30308.219999999998,-13200.75,-4157.505
-10942.02,-11713.994999999999,-22549.094999999998,-6572.745,451.71,-30326.219999999998,-13223.519999999999,-4150.17
-10936.305,-11705.625,-22533.795,-6559.965,462.51,-30321.495,-13235.894999999999,-4145.04
-10943.145,-11709.855,-22534.739999999998,-6551.19,443.745,-30309.164999999997,-13194.855,-4151.43
-10924.65,-11694.51,-22529.43,-6548.804999999999,412.83,-30364.92,-13225.994999999999,-4141.665
-10935.945,-11702.88,-22547.565,-6582.15,368.59499999999997,-30438.315,-13303.215,-4177.665
-10970.685,-11734.92,-22577.219999999998,-6608.205,371.835,-30400.065,-13280.984999999999,-4212.764999999999
-10970.955,-11752.47,-22585.094999999998,-6583.05,476.055,-30287.655,-13276.98,-4170.195
-10955.205,-11754.045,-22585.635,-6575.804999999999,485.055,-30293.594999999998,-13241.744999999999,-4124.385
-10962.765,-11757.105,-22600.575,-6603.66,437.805,-30306.239999999998,-13160.519999999999,-4141.215
-10962.539999999999,-11750.535,-22596.03,-6609.33,421.83,-30318.344999999998,-13158.269999999999,-4139.055
-10908.81,-11678.939999999999,-22516.785,-6523.11,508.09499999999997,-30274.065,-13240.89,-4124.655
-10922.984999999999,-11686.545,-22519.485,-6523.514999999999,516.285,-30257.864999999998,-13256.64,-4147.65
-10978.83,-11761.515,-22596.39,-6601.365,440.685,-30327.84,-13264.199999999999,-4173.57
-11002.994999999999,-11798.775,-22634.01,-6633.495,406.53,-30369.285,-13236.119999999999,-4175.55
-10967.445,-11750.895,-22584.645,-6577.785,467.505,-30301.739999999998,-13196.205,-4152.51
-10984.005,-11760.3,-22593.915,-6595.155,443.07,-30333.69,-13226.22,-4167.63
-10979.505,-11758.095,-22594.86,-6604.92,427.5,-30356.055,-13224.914999999999,-4163.355
-10938.645,-11717.775,-22558.95,-6572.34,455.58,-30321.719999999998,-13206.015,-4135.365
-10916.505,-11695.859999999999,-22541.175,-6553.53,480.195,-30259.215,-13205.385,-4123.845
-10928.025,-11702.564999999999,-22548.329999999998,-6564.87,462.33,-30313.53,-13257.945,-4144.139999999999
-10986.57,-11759.265,-22599.719999999998,-6615.99,412.46999999999997,-30367.754999999997,-13285.08,-4198.7699999999995
-10962.314999999999,-11729.564999999999,-22558.184999999998,-6563.429999999999,469.755,-30325.77,-13246.605,-4175.955
-10881.99,-11635.515,-22465.53,-6473.7,543.105,-30263.715,-13120.65,-4106.295
-10898.595,-11670.119999999999,-22509.719999999998,-6531.705,469.03499999999997,-30324.285,-13119.164999999999,-4092.5699999999997
-10975.68,-11777.805,-22630.995,-6652.575,363.735,-30401.414999999997,-13265.865,-4151.88
-10994.22,-11792.07,-22639.59,-6644.025,407.025,-30323.52,-13215.24,-4176.675
-10968.029999999999,-11753.369999999999,-22596.48,-6601.365,429.47999999999996,-30353.579999999998,-13203.63,-4160.295
-10962.045,-11748.824999999999,-22591.62,-6604.92,411.57,-30419.235,-13279.095,-4163.805
-10951.92,-11732.67,-22586.265,-6608.205,407.88,-30386.34,-13282.425,-4157.82
-10947.555,-11720.789999999999,-22565.745,-6589.8,426.24,-30325.86,-13242.914999999999,-4145.085
-10956.914999999999,-11739.96,-22578.93,-6578.19,476.59499999999997,-30246.344999999998,-13195.98,-4146.615
-10962.765,-11740.545,-22578.21,-6575.535,484.155,-30271.23,-13226.355,-4161.24
-10963.305,-11734.38,-22568.309999999998,-6567.974999999999,480.33,-30287.204999999998,-13217.76,-4154.94
-10958.22,-11738.025,-22574.52,-6576.165,466.155,-30294.495,-13192.064999999999,-4143.42
-10947.645,-11730.465,-22573.62,-6589.889999999999,445.815,-30318.48,-13204.439999999999,-4138.65
-10948.994999999999,-11726.055,-22572.855,-6602.3099999999995,438.12,-30322.62,-13217.894999999999,-4144.545
-10948.275,-11730.195,-22582.62,-6621.615,420.34499999999997,-30329.19,-13224.15,-4144.41
-10950.795,-11735.189999999999,-22585.905,-6626.655,404.72999999999996,-30333.015,-13227.164999999999,-4146.03
-10949.58,-11728.98,-22570.02,-6590.429999999999,435.015,-30322.305,-13221.855,-4145.13
-10945.8,-11722.185,-22561.2,-6568.74,453.06,-30317.94,-13219.875,-4143.33
-10946.52,-11723.49,-22565.879999999997,-6567.12,458.23499999999996,-30322.485,-13226.445,-4145.715
-10950.21,-11728.98,-22572.09,-6561.855,472.005,-30329.504999999997,-13229.91,-4148.73
-10954.215,-11733.119999999999,-22571.91,-6578.37,449.09999999999997,-30330.405,-13227.795,-4150.08
-10955.205,-11732.625,-22575.78,-6589.844999999999,444.10499999999996,-30330.629999999997,-13233.015,-4154.985
-10970.414999999999,-11739.195,-22586.04,-6599.295,454.005,-30321.629999999997,-13243.005,-4187.745
-10980.18,-11745.135,-22590.27,-6600.105,464.94,-30313.89,-13244.265,-4205.745
-10947.689999999999,-11727.314999999999,-22574.43,-6584.355,466.91999999999996,-30336.03,-13249.619999999999,-4142.79
-10922.039999999999,-11712.015,-22561.469999999998,-6583.32,454.95,-30360.42,-13252.994999999999,-4100.355
-10956.015,-11740.994999999999,-22591.079999999998,-6621.929999999999,391.09499999999997,-30384.899999999998,-13223.835,-4143.285
-10974.645,-11759.805,-22606.965,-6614.639999999999,388.215,-30352.725,-13178.34,-4161.6449999999995
-10949.895,-11728.845,-22573.53,-6563.205,429.705,-30329.055,-13215.015,-4151.205
-10942.92,-11720.88,-22566.015,-6569.1449999999995,420.435,-30363.344999999998,-13253.265,-4145.715
-10943.414999999999,-11721.24,-22561.29,-6584.4,434.385,-30338.82,-13240.755,-4140.99
-10946.789999999999,-11722.904999999999,-22557.329999999998,-6566.58,465.21,-30298.23,-13224.869999999999,-4142.925
-10949.715,-11722.635,-22557.239999999998,-6562.035,471.555,-30285.765,-13198.59,-4148.595
-10959.345,-11731.005,-22564.395,-6565.1849999999995,467.775,-30308.489999999998,-13231.98,-4165.514999999999
-10962.494999999999,-11741.265,-22581.855,-6586.695,448.91999999999996,-30317.129999999997,-13246.65,-4164.12
-10957.59,-11742.705,-22586.219999999998,-6591.195,441.45,-30320.774999999998,-13228.965,-4150.62
-10947.465,-11733.119999999999,-22581.495,-6589.08,442.84499999999997,-30318.795,-13211.865,-4138.38
-10941.57,-11721.914999999999,-22567.905,-6575.445,456.34499999999997,-30307.68,-13200.84,-4131.99
-10942.605,-11723.715,-22569.975,-6578.594999999999,454.365,-30313.844999999998,-13207.904999999999,-4136.085
-10947.779999999999,-11727.675,-22572.54,-6580.53,451.755,-30321.27,-13214.34,-4142.655
-10951.289999999999,-11730.51,-22576.454999999998,-6583.23,448.78499999999997,-30322.215,-13217.49,-4147.2
-10948.41,-11728.574999999999,-22575.195,-6585.705,444.24,-30326.67,-13226.13,-4146.705
-10942.515,-11724.39,-22565.204999999998,-6568.5599999999995,462.555,-30317.805,-13221.269999999999,-4140.72
-10938.645,-11706.525,-22546.89,-6548.759999999999,485.54999999999995,-30303.36,-13229.505,-4144.95
-10928.789999999999,-11689.515,-22530.285,-6537.915,493.155,-30288.239999999998,-13221.63,-4146.93
-10950.074999999999,-11716.785,-22559.94,-6567.57,462.91499999999996,-30300.524999999998,-13174.74,-4160.34
-10923.3,-11693.115,-22532.579999999998,-6539.985,490.32,-30286.53,-13175.595,-4129.5599999999995
-10865.564999999999,-11637.63,-22480.155,-6490.3949999999995,525.735,-30290.805,-13218.164999999999,-4087.665
