ch0,ch1,ch2,ch3,ch4,ch5,ch6,ch7
-10688.58,-11582.1,-22079.295,-6305.219999999999,534.645,-29858.309999999998,-12192.119999999999,-4251.599999999999
-10673.414999999999,-11541.914999999999,-22050.945,-6298.155,519.345,-29880.855,-12204.63,-4236.705
-10672.244999999999,-11537.82,-22016.969999999998,-6303.825,505.84499999999997,-29904.614999999998,-12235.59,-4247.55
-10700.369999999999,-11573.234999999999,-22038.12,-6322.365,507.33,-29892.555,-12211.064999999999,-4267.665
-10705.23,-11581.83,-22054.14,-6319.575,483.65999999999997,-29893.454999999998,-12168.494999999999,-4266.405
-10673.73,-11539.71,-22017.285,-6310.304999999999,489.195,-29888.28,-12243.15,-4249.665
-10670.265,-11530.845,-22010.355,-6312.78,512.37,-29888.414999999997,-12314.16,-4258.889999999999
-10704.824999999999,-11579.535,-22062.42,-6344.505,486.135,-29897.145,-12263.355,-4273.29
-10687.725,-11565.675,-22046.715,-6303.285,503.37,-29886.03,-12236.175,-4250.295
-10661.805,-11527.38,-22005.405,-6267.33,532.62,-29869.02,-12244.814999999999,-4237.29
-10672.425,-11528.685,-22003.29,-6287.13,544.41,-29869.469999999998,-12283.695,-4259.925
-10675.484999999999,-11551.68,-22035.285,-6304.905,490.32,-29947.77,-12292.695,-4255.065
-10657.215,-11529.945,-22025.969999999998,-6306.03,461.47499999999997,-29974.05,-12250.619999999999,-4228.065
-10647.63,-11509.154999999999,-21999.6,-6307.785,477.85499999999996,-29934.0,-12186.449999999999,-4219.425
-10669.59,-11550.42,-22027.77,-6311.474999999999,504.405,-29876.129999999997,-12177.09,-4241.745
-10664.279999999999,-11560.814999999999,-22037.085,-6277.365,577.53,-29815.289999999997,-12178.305,-4234.86
-10684.845,-11546.685,-22024.62,-6284.565,546.0749999999999,-29862.765,-12236.895,-4253.67
-10711.17,-11583.945,-22074.614999999998,-6357.15,454.995,-29963.204999999998,-12276.539999999999,-4267.44
-10689.525,-11579.715,-22076.415,-6346.53,499.22999999999996,-29927.07,-12260.115,-4252.59
-10678.095,-11565.045,-22065.93,-6357.78,519.93,-29858.129999999997,-12199.185,-4231.53
-10686.824999999999,-11558.789999999999,-22056.704999999998,-6358.679999999999,468.85499999999996,-29922.12,-12246.975,-4257.09
-10699.154999999999,-11560.77,-22045.59,-6320.5199999999995,458.09999999999997,-29918.25,-12228.795,-4278.465
-10663.244999999999,-11525.039999999999,-22001.129999999997,-6272.054999999999,554.85,-29856.149999999998,-12209.535,-4246.514999999999
-10642.859999999999,-11502.449999999999,-21974.895,-6229.349999999999,585.27,-29879.82,-12259.529999999999,-4219.065
-10652.175,-11510.1,-21998.25,-6273.54,493.83,-30074.67,-12325.275,-4235.22
-10692.135,-11560.68,-22048.29,-6326.955,405.585,-30150.405,-12304.26,-4266.36
-10686.779999999999,-11570.535,-22049.01,-6314.58,494.46,-29870.1,-12206.385,-4243.68
-10655.055,-11536.965,-22014.675,-6257.61,624.555,-29647.17,-12153.015,-4221.36
-10672.154999999999,-11536.154999999999,-22022.954999999998,-6276.195,563.22,-29782.53,-12235.59,-4251.599999999999
-10695.195,-11556.494999999999,-22041.405,-6304.41,525.285,-29854.98,-12239.369999999999,-4274.235
-10654.109999999999,-11520.449999999999,-22008.195,-6273.8099999999995,551.2049999999999,-29862.855,-12152.88,-4225.095
-10623.96,-11491.515,-21976.29,-6246.2699999999995,571.68,-29891.52,-12189.33,-4188.24
-10652.265,-11513.52,-21994.515,-6261.974999999999,553.05,-29874.465,-12282.255,-4238.82
-10705.904999999999,-11584.845,-22071.6,-6344.46,460.71,-29915.46,-12268.484999999999,-4285.08
-10718.865,-11591.595,-22078.62,-6344.415,473.715,-29937.824999999997,-12234.555,-4282.83
-10725.84,-11585.88,-22072.23,-6339.69,494.72999999999996,-29869.739999999998,-12245.715,-4297.32
-10692.18,-11558.295,-22042.934999999998,-6302.969999999999,529.1999999999999,-29840.895,-12268.845,-4273.245
-10643.265,-11502.404999999999,-21984.84,-6245.594999999999,579.735,-29839.86,-12258.63,-4235.3099999999995
-10659.24,-11515.994999999999,-21998.25,-6263.415,551.655,-29910.465,-12303.314999999999,-4254.345
-10704.195,-11575.125,-22063.635,-6337.53,469.62,-29966.129999999997,-12279.6,-4273.065
-10696.859999999999,-11572.38,-22052.655,-6318.135,506.60999999999996,-29846.61,-12132.404999999999,-4240.8
-10708.785,-11581.695,-22058.28,-6314.715,520.8299999999999,-29844.629999999997,-12154.365,-4261.68
-10746.765,-11619.765,-22103.64,-6362.73,471.375,-29932.289999999997,-12269.97,-4310.639999999999
-10727.369999999999,-11599.335,-22086.495,-6354.764999999999,466.10999999999996,-29966.895,-12304.439999999999,-4292.639999999999
-10666.89,-11549.699999999999,-22046.579999999998,-6332.715,475.46999999999997,-29935.844999999998,-12251.609999999999,-4224.51
-10622.025,-11504.654999999999,-22000.23,-6270.21,556.605,-29831.67,-12194.414999999999,-4186.9349999999995
-10639.574999999999,-11510.055,-21999.149999999998,-6264.855,558.855,-29858.895,-12219.21,-4215.014999999999
-10659.914999999999,-11528.73,-22005.36,-6259.635,573.975,-29876.175,-12255.84,-4240.98
-10689.84,-11569.994999999999,-22047.524999999998,-6297.255,532.89,-29900.204999999998,-12300.66,-4270.455
-10715.67,-11593.26,-22084.469999999998,-6356.969999999999,449.72999999999996,-29943.719999999998,-12276.945,-4273.155
-10691.279999999999,-11571.21,-22068.629999999997,-6351.525,455.03999999999996,-29958.704999999998,-12227.58,-4256.82
-10686.015,-11571.795,-22063.815,-6333.615,493.2,-29935.89,-12217.68,-4254.389999999999
-10692.18,-11588.175,-22088.655,-6336.719999999999,512.01,-29879.504999999997,-12215.25,-4249.62
-10684.664999999999,-11567.25,-22069.395,-6323.804999999999,524.97,-29837.835,-12234.105,-4253.8949999999995
-10669.23,-11567.25,-22074.975,-6338.655,521.46,-29841.66,-12177.494999999999,-4241.295
-10650.914999999999,-11507.58,-21988.17,-6283.755,550.125,-29903.94,-12191.58,-4232.474999999999
-10621.845,-11459.07,-21934.035,-6250.679999999999,565.6949999999999,-29947.815,-12289.23,-4216.455
-10694.88,-11574.404999999999,-22075.92,-6372.945,505.935,-29886.48,-12236.58,-4251.465
-10703.744999999999,-11580.074999999999,-22088.114999999998,-6426.54,493.91999999999996,-29858.489999999998,-12223.664999999999,-4253.67
-10684.71,-11564.414999999999,-22068.989999999998,-6393.375,534.96,-29863.89,-12217.545,-4241.385
-10687.815,-11552.715,-22035.915,-6262.469999999999,545.895,-29885.265,-12225.6,-4250.025
-10687.68,-11542.68,-22015.17,-6223.545,503.055,-29950.92,-12252.824999999999,-4258.8
-10677.779999999999,-11541.6,-22031.504999999997,-6291.179999999999,465.34499999999997,-29985.03,-12272.715,-4255.29
-10656.135,-11513.34,-22013.28,-6275.565,477.63,-29977.245,-12282.615,-4253.22
-10678.994999999999,-11533.859999999999,-22031.864999999998,-6270.12,508.185,-29940.39,-12293.595,-4280.625
-10700.64,-11575.755,-22074.66,-6320.7,507.96,-29920.05,-12286.845,-4267.71
-10683.494999999999,-11568.869999999999,-22056.975,-6347.34,553.905,-29862.945,-12203.685,-4228.0199999999995
-10680.615,-11549.25,-22027.815,-6306.48,537.03,-29836.305,-12213.81,-4239.72
-10669.77,-11530.439999999999,-22018.23,-6316.514999999999,461.385,-29942.414999999997,-12276.945,-4249.3949999999995
-10670.895,-11529.675,-22021.155,-6301.035,476.145,-29992.77,-12252.06,-4257.135
-10680.615,-11546.234999999999,-22035.42,-6301.665,453.06,-29997.315,-12273.435,-4260.69
-10679.67,-11547.765,-22025.61,-6296.535,480.78,-29915.19,-12272.265,-4255.38
-10684.664999999999,-11554.47,-22039.695,-6309.36,510.79499999999996,-29911.725,-12282.975,-4261.545
-10677.465,-11542.545,-22029.075,-6289.92,558.81,-29824.695,-12229.92,-4243.724999999999
-10665.135,-11529.675,-22009.68,-6266.5199999999995,573.93,-29843.82,-12251.835,-4236.795
-10634.94,-11486.25,-21961.53,-6221.025,613.5749999999999,-29787.48,-12195.09,-4225.5
-10640.25,-11499.75,-21971.969999999998,-6221.205,630.9449999999999,-29724.614999999998,-12097.395,-4217.445
-10670.805,-11554.605,-22036.14,-6285.915,556.8299999999999,-29821.949999999997,-12181.545,-4229.639999999999
-10742.445,-11621.205,-22112.864999999998,-6379.83,445.185,-29958.524999999998,-12276.449999999999,-4278.69
-10741.005,-11607.615,-22093.92,-6362.505,470.07,-29927.07,-12226.904999999999,-4284.315
-10682.73,-11533.635,-22014.18,-6283.349999999999,533.835,-29899.934999999998,-12283.92,-4273.605
-10691.234999999999,-11559.779999999999,-22048.695,-6321.24,489.28499999999997,-29926.305,-12271.904999999999,-4266.405
-10657.35,-11533.59,-22028.85,-6298.469999999999,512.1,-29911.815,-12251.52,-4230.945
-10643.355,-11511.494999999999,-22010.535,-6281.82,527.04,-29906.145,-12278.16,-4239.54
-10667.925,-11530.484999999999,-22016.34,-6282.855,532.71,-29901.51,-12306.24,-4264.47
-10678.32,-11545.515,-22029.84,-6293.07,521.505,-29899.305,-12302.64,-4266.315
-10701.315,-11581.02,-22063.95,-6319.215,508.54499999999996,-29863.395,-12204.63,-4264.875
-10711.395,-11606.939999999999,-22090.454999999998,-6340.23,483.65999999999997,-29910.51,-12224.43,-4266.99
-10707.164999999999,-11605.635,-22085.864999999998,-6337.304999999999,491.805,-29952.629999999997,-12266.055,-4258.755
-10686.914999999999,-11557.26,-22046.85,-6304.815,527.355,-29934.899999999998,-12230.91,-4250.745
-10680.705,-11544.074999999999,-22035.375,-6293.5199999999995,544.41,-29848.905,-12197.43,-4251.87
-10676.43,-11555.1,-22049.954999999998,-6313.275,507.78,-29866.995,-12200.265,-4227.615
-10664.505,-11542.455,-22042.485,-6309.719999999999,515.6999999999999,-29889.315,-12230.865,-4224.285
-10651.185,-11511.72,-22009.05,-6273.405,552.285,-29867.625,-12261.285,-4246.47
-10675.395,-11533.59,-22021.29,-6281.415,539.28,-29866.995,-12276.314999999999,-4274.955
-10696.005,-11565.945,-22058.37,-6324.12,497.655,-29882.024999999998,-12195.09,-4250.565
-10675.395,-11551.32,-22054.41,-6316.155,510.34499999999997,-29899.934999999998,-12207.105,-4214.97
-10674.315,-11548.439999999999,-22058.37,-6310.08,511.155,-29918.204999999998,-12249.18,-4230.72
-10692.18,-11563.244999999999,-22072.32,-6335.37,486.9,-29922.975,-12252.465,-4253.58
-10683.225,-11548.755,-22042.665,-6336.764999999999,475.695,-29918.52,-12238.875,-4251.0599999999995
-10665.315,-11533.14,-22017.465,-6308.639999999999,499.54499999999996,-29911.004999999997,-12230.73,-4239.855
-10665.18,-11548.98,-22047.704999999998,-6304.23,519.66,-29894.715,-12224.564999999999,-4232.565
-10672.74,-11551.365,-22072.905,-6300.405,522.09,-29929.815,-12260.34,-4243.5
-10674.81,-11557.17,-22073.265,-6322.365,485.59499999999997,-29979.989999999998,-12267.494999999999,-4249.71
-10680.48,-11556.09,-22038.795,-6310.98,500.66999999999996,-29951.504999999997,-12265.109999999999,-4252.23
-10676.43,-11542.59,-22016.34,-6299.639999999999,530.865,-29885.039999999997,-12259.08,-4250.745
-10685.97,-11562.164999999999,-22051.53,-6336.9,509.76,-29908.079999999998,-12242.88,-4255.74
-10707.119999999999,-11589.57,-22090.995,-6393.915,459.85499999999996,-29939.265,-12233.744999999999,-4270.139999999999
-10717.02,-11597.355,-22110.614999999998,-6420.0599999999995,428.31,-29970.989999999998,-12275.414999999999,-4285.08
-10664.865,-11527.695,-22032.0,-6331.545,469.16999999999996,-29956.77,-12293.234999999999,-4241.025
-10644.705,-11502.63,-21983.129999999997,-6256.3949999999995,514.35,-29918.879999999997,-12259.755,-4218.255
-10665.315,-11527.56,-22006.485,-6246.945,571.545,-29856.914999999997,-12190.725,-4231.665
-10647.315,-11506.68,-21991.23,-6229.889999999999,612.27,-29826.585,-12166.74,-4212.315
-10606.815,-11473.92,-21969.18,-6208.335,617.49,-29806.605,-12206.789999999999,-4185.945
-10627.695,-11496.555,-21989.835,-6214.139999999999,594.0,-29836.8,-12241.08,-4217.535
-10696.455,-11565.18,-22060.89,-6316.695,518.4449999999999,-29924.954999999998,-12324.285,-4281.165
-10705.095,-11571.705,-22067.64,-6370.0199999999995,487.575,-29941.469999999998,-12346.154999999999,-4291.245
-10669.635,-11529.09,-22026.78,-6318.09,482.53499999999997,-29935.62,-12294.404999999999,-4266.855
-10625.94,-11486.789999999999,-21983.489999999998,-6267.51,517.23,-29879.684999999998,-12212.64,-4218.57
-10610.865,-11458.395,-21952.89,-6257.295,549.765,-29927.789999999997,-12236.22,-4218.12
-10721.789999999999,-11584.395,-22081.454999999998,-6405.525,416.115,-30033.855,-12273.48,-4305.555
-10764.449999999999,-11644.154999999999,-22136.579999999998,-6409.349999999999,477.85499999999996,-29856.375,-12261.195,-4331.61
-10702.35,-11553.119999999999,-22035.375,-6252.389999999999,616.68,-29741.399999999998,-12198.195,-4292.099999999999
-10676.789999999999,-11540.475,-22027.094999999998,-6246.045,569.655,-29834.1,-12215.564999999999,-4242.0599999999995
-10697.715,-11592.765,-22087.62,-6322.094999999999,517.05,-29892.645,-12200.13,-4217.264999999999
-10684.619999999999,-11562.615,-22052.024999999998,-6293.835,537.93,-29874.914999999997,-12211.605,-4234.1849999999995
-10665.449999999999,-11528.145,-22008.195,-6249.105,575.685,-29844.09,-12243.465,-4250.474999999999
-10668.734999999999,-11552.535,-22039.335,-6283.125,536.895,-29905.379999999997,-12252.689999999999,-4254.075
-10690.289999999999,-11571.029999999999,-22078.98,-6339.33,478.305,-29939.265,-12210.164999999999,-4258.9349999999995
-10674.045,-11555.505,-22054.545,-6318.585,508.68,-29898.135,-12236.039999999999,-4240.17
-10692.494999999999,-11611.845,-22096.71,-6333.48,510.75,-29920.5,-12289.77,-4248.9
-10690.109999999999,-11580.029999999999,-22072.23,-6312.33,516.42,-29929.274999999998,-12276.045,-4251.195
-10638.494999999999,-11489.67,-21991.95,-6264.495,539.73,-29937.105,-12229.695,-4203.18
-10618.695,-11480.895,-21978.495,-6255.764999999999,537.66,-29968.515,-12254.085,-4198.275
-10667.835,-11541.96,-22038.57,-6299.01,521.145,-29903.985,-12250.529999999999,-4246.47
-10716.119999999999,-11571.705,-22063.545,-6328.665,500.085,-29880.0,-12251.07,-4286.16
-10688.4,-11549.654999999999,-22043.43,-6303.465,520.335,-29884.815,-12228.255,-4263.165
-10688.445,-11561.4,-22063.68,-6329.115,492.525,-29906.19,-12233.564999999999,-4251.69
-10686.24,-11565.675,-22058.55,-6317.054999999999,514.71,-29895.48,-12229.064999999999,-4251.33
-10674.539999999999,-11559.555,-22058.145,-6316.065,507.96,-29907.719999999998,-12260.789999999999,-4245.255
-10633.904999999999,-11494.035,-21997.26,-6262.785,552.555,-29869.289999999997,-12231.765,-4217.13
-10617.885,-11458.125,-21950.504999999997,-6219.495,598.4549999999999,-29840.715,-12209.76,-4213.305
-10662.119999999999,-11502.99,-21988.53,-6255.8099999999995,548.37,-29935.844999999998,-12305.16,-4274.865
-10732.05,-11594.34,-22090.23,-6354.135,462.87,-29986.065,-12299.67,-4321.53
-10727.55,-11615.49,-22127.715,-6395.3099999999995,421.245,-29985.21,-12236.355,-4274.865
-10655.19,-11545.515,-22076.19,-6332.715,475.965,-29968.245,-12254.039999999999,-4206.15
-10635.029999999999,-11515.68,-22042.53,-6305.625,492.79499999999996,-29994.12,-12236.445,-4201.47
-10658.97,-11531.564999999999,-22025.969999999998,-6311.745,492.93,-29926.079999999998,-12188.16,-4225.815
-10690.065,-11568.195,-22055.489999999998,-6337.755,486.09,-29883.375,-12225.24,-4246.38
-10669.365,-11539.98,-22032.315,-6297.705,538.02,-29886.48,-12254.805,-4238.595
-10640.25,-11506.41,-21995.82,-6245.415,607.005,-29832.164999999997,-12240.63,-4224.599999999999
-10647.99,-11514.015,-21999.735,-6259.905,554.31,-29885.489999999998,-12272.4,-4238.19
-10683.315,-11558.25,-22054.68,-6343.11,480.15,-29955.87,-12274.064999999999,-4266.72
-10690.065,-11565.63,-22075.649999999998,-6373.035,499.95,-29954.969999999998,-12258.09,-4263.615
-10663.605,-11542.455,-22052.969999999998,-6341.76,547.56,-29920.364999999998,-12293.369999999999,-4239.945
-10662.84,-11540.34,-22043.295,-6297.4349999999995,526.23,-29897.414999999997,-12246.164999999999,-4240.845
-10670.4,-11527.74,-22015.754999999997,-6238.665,520.47,-29919.149999999998,-12209.895,-4240.665
-10691.82,-11555.189999999999,-22035.78,-6272.73,531.9449999999999,-29879.145,-12252.06,-4252.7699999999995
-10717.38,-11600.505,-22092.93,-6336.675,499.77,-29888.1,-12251.835,-4263.165
-10676.88,-11567.115,-22059.629999999997,-6303.69,531.18,-29911.41,-12237.93,-4244.04
-10657.305,-11521.619999999999,-22018.68,-6300.63,572.5799999999999,-29875.59,-12203.595,-4231.98
-10677.195,-11539.71,-22047.39,-6387.974999999999,553.005,-29878.155,-12229.244999999999,-4237.11
-10687.005,-11559.195,-22047.614999999998,-6355.98,507.195,-29918.565,-12264.48,-4252.095
-10673.01,-11537.145,-22008.149999999998,-6292.26,448.91999999999996,-29991.239999999998,-12344.939999999999,-4263.885
-10692.045,-11541.779999999999,-22012.155,-6281.6849999999995,448.335,-30044.565,-12396.42,-4292.505
-10685.744999999999,-11533.994999999999,-22002.524999999998,-6282.9,453.195,-29968.11,-12292.289999999999,-4284.0
-10654.965,-11511.045,-21982.274999999998,-6273.99,519.7049999999999,-29778.03,-12192.705,-4241.5199999999995
-10629.945,-11496.33,-21959.594999999998,-6247.889999999999,597.465,-29712.285,-12174.525,-4197.78
-10659.015,-11519.955,-21979.98,-6272.415,611.01,-29715.03,-12191.535,-4247.775
-10675.664999999999,-11527.83,-21993.57,-6287.445,587.52,-29796.66,-12203.279999999999,-4268.34
-10692.135,-11565.539999999999,-22053.51,-6335.325,493.965,-29968.199999999997,-12241.529999999999,-4245.4349999999995
-10673.73,-11546.55,-22032.27,-6303.825,485.72999999999996,-29957.895,-12210.435,-4219.425
-10637.91,-11500.154999999999,-21970.305,-6232.635,547.38,-29815.245,-12178.619999999999,-4207.5
-10666.755,-11514.105,-21981.329999999998,-6255.855,519.885,-29888.55,-12253.814999999999,-4254.075
-10740.555,-11611.35,-22104.27,-6385.455,423.27,-29979.945,-12314.205,-4299.75
-10709.324999999999,-11590.785,-22094.954999999998,-6382.53,430.2,-29990.114999999998,-12269.97,-4260.195
-10704.105,-11575.664999999999,-22077.045,-6354.495,461.52,-29963.024999999998,-12268.395,-4264.605
-10695.824999999999,-11567.52,-22060.89,-6319.035,492.12,-29914.965,-12251.25,-4249.755
-10669.904999999999,-11539.845,-22040.73,-6309.2699999999995,474.57,-29994.48,-12283.064999999999,-4241.61
-10654.92,-11526.795,-22021.469999999998,-6288.21,515.97,-29930.355,-12243.15,-4227.84
-10635.57,-11511.404999999999,-22005.09,-6255.945,586.62,-29769.21,-12172.275,-4207.815
-10663.92,-11532.195,-22033.305,-6298.965,523.305,-29880.765,-12230.369999999999,-4240.755
-10722.195,-11596.635,-22087.17,-6347.429999999999,484.91999999999996,-29947.545,-12271.095,-4288.95
-10710.539999999999,-11577.555,-22068.045,-6320.88,539.235,-29870.954999999998,-12253.05,-4279.905
-10689.435,-11552.625,-22047.39,-6307.785,523.935,-29891.655,-12232.89,-4251.285
-10670.715,-11546.865,-22047.975,-6313.365,509.58,-29888.01,-12248.324999999999,-4239.224999999999
-10669.904999999999,-11542.77,-22034.925,-6297.974999999999,519.93,-29911.364999999998,-12313.08,-4261.455
-10669.23,-11539.08,-22034.79,-6296.219999999999,524.385,-29914.515,-12353.85,-4275.315
-10695.69,-11561.85,-22054.14,-6315.705,513.54,-29899.8,-12239.324999999999,-4274.639999999999
-10670.039999999999,-11539.529999999999,-22056.03,-6315.3,510.39,-29887.469999999998,-12128.58,-4225.005
-10673.505,-11547.18,-22073.805,-6325.38,499.72499999999997,-29917.44,-12227.805,-4235.715
-10694.295,-11579.939999999999,-22091.895,-6339.915,485.82,-29942.055,-12256.56,-4254.84
-10681.335,-11548.935,-22030.02,-6305.49,516.1949999999999,-29934.495,-12266.73,-4251.42
-10657.619999999999,-11517.39,-22009.59,-6291.63,545.5799999999999,-29911.004999999997,-12268.71,-4230.72
-10645.515,-11515.365,-22014.045,-6291.54,587.295,-29877.93,-12251.88,-4224.014999999999
-10592.505,-11451.914999999999,-21947.67,-6235.335,606.015,-29864.745,-12266.685,-4207.995
-10612.98,-11478.465,-21966.975,-6248.429999999999,519.03,-29939.805,-12312.404999999999,-4227.389999999999
-10707.164999999999,-11609.64,-22095.899999999998,-6360.075,415.48499999999996,-30097.844999999998,-12333.33,-4267.485
-10700.145,-11582.955,-22090.14,-6348.78,453.73499999999996,-30099.824999999997,-12321.045,-4263.075
-10670.58,-11540.789999999999,-22053.375,-6318.675,518.355,-29962.17,-12321.449999999999,-4249.575
-10686.195,-11566.574999999999,-22076.1,-6338.385,549.045,-29885.489999999998,-12265.515,-4252.815
-10692.585,-11557.17,-22046.129999999997,-6341.625,503.685,-29939.219999999998,-12234.645,-4264.83
-10668.015,-11527.244999999999,-22018.004999999997,-6331.995,500.84999999999997,-29907.539999999997,-12245.039999999999,-4259.07
-10692.539999999999,-11546.775,-22050.09,-6377.849999999999,492.84,-29858.715,-12226.904999999999,-4272.48
-10721.475,-11595.285,-22099.545,-6385.679999999999,459.495,-29852.73,-12208.859999999999,-4273.5599999999995
-10729.8,-11601.0,-22100.489999999998,-6346.8,457.02,-29867.129999999997,-12205.664999999999,-4293.45
-10700.324999999999,-11558.34,-22048.739999999998,-6294.87,469.305,-29931.03,-12229.335,-4284.405
-10658.97,-11533.994999999999,-22039.379999999997,-6321.465,474.79499999999996,-29982.015,-12263.039999999999,-4219.0199999999995
-10666.529999999999,-11549.385,-22056.48,-6332.58,521.775,-29907.135,-12308.175,-4220.46
-10698.39,-11577.06,-22086.945,-6315.795,560.52,-29858.895,-12278.564999999999,-4263.48
-10641.96,-11514.6,-22023.405,-6239.385,599.13,-29850.704999999998,-12246.435,-4222.215
-10652.355,-11513.744999999999,-21999.915,-6252.389999999999,559.215,-29815.065,-12211.109999999999,-4230.224999999999
-10696.365,-11552.715,-22017.195,-6295.86,498.51,-29875.454999999998,-12249.27,-4263.48
-10692.0,-11551.005,-22029.254999999997,-6291.855,516.555,-29898.09,-12278.97,-4270.23
-10688.94,-11564.595,-22057.02,-6309.99,506.92499999999995,-29915.91,-12271.14,-4260.96
-10681.065,-11551.23,-22044.69,-6305.67,511.02,-29930.94,-12267.09,-4252.995
-10692.359999999999,-11565.63,-22050.045,-6309.09,535.8149999999999,-29876.985,-12250.935,-4260.465
-10679.22,-11545.244999999999,-22057.29,-6301.755,566.235,-29827.305,-12242.205,-4264.38
-10676.205,-11527.199999999999,-22049.235,-6289.92,552.96,-29870.594999999998,-12297.42,-4278.735
-10719.539999999999,-11590.74,-22100.445,-6342.57,488.385,-29945.969999999998,-12302.73,-4295.655
-10705.59,-11576.699999999999,-22056.93,-6333.03,490.40999999999997,-29948.265,-12235.23,-4258.665
-10664.505,-11535.21,-22016.475,-6285.105,550.935,-29876.489999999998,-12207.779999999999,-4222.305
-10674.81,-11558.34,-22046.129999999997,-6294.87,545.49,-29857.905,-12252.914999999999,-4239.585
-10658.205,-11527.605,-22022.01,-6290.37,508.14,-29909.925,-12259.98,-4228.47
-10644.48,-11512.619999999999,-22013.37,-6288.525,513.63,-29933.73,-12272.58,-4227.885
-10681.47,-11566.08,-22068.899999999998,-6331.7699999999995,497.92499999999995,-29923.469999999998,-12287.699999999999,-4255.0199999999995
-10679.13,-11552.67,-22049.91,-6307.065,521.01,-29913.21,-12278.52,-4257.945
-10672.109999999999,-11534.175,-22025.34,-6284.25,540.585,-29917.89,-12278.295,-4250.115
-10634.67,-11496.285,-21990.195,-6258.375,551.745,-29911.5,-12287.115,-4222.305
-10609.109999999999,-11466.404999999999,-21965.355,-6238.665,559.35,-29887.515,-12261.6,-4204.845
-10682.955,-11541.734999999999,-22040.864999999998,-6309.719999999999,503.01,-29924.055,-12278.97,-4264.74
-10710.9,-11580.57,-22079.655,-6348.78,464.21999999999997,-29951.504999999997,-12245.445,-4274.595
-10709.82,-11591.865,-22098.465,-6368.13,447.075,-29973.465,-12248.01,-4257.315
-10679.94,-11565.63,-22071.105,-6335.415,490.54499999999996,-29940.93,-12258.585,-4235.49
-10657.305,-11540.88,-22048.469999999998,-6307.335,522.63,-29910.645,-12257.64,-4226.49
-10674.945,-11563.47,-22059.719999999998,-6312.599999999999,524.61,-29882.43,-12232.71,-4236.795
-10669.949999999999,-11552.445,-22048.29,-6302.34,520.605,-29889.18,-12257.189999999999,-4246.38
-10677.51,-11528.505,-22035.825,-6310.125,493.02,-29931.93,-12262.5,-4270.68
-10672.47,-11518.65,-22024.575,-6302.745,487.26,-29978.145,-12231.27,-4272.525
-10629.315,-11476.395,-21970.44,-6250.7699999999995,529.875,-30002.85,-12292.65,-4232.34
-10603.529999999999,-11463.255,-21963.195,-6248.474999999999,560.6999999999999,-29893.5,-12349.664999999999,-4196.115
-10641.869999999999,-11522.97,-22027.32,-6319.889999999999,503.685,-29872.485,-12282.39,-4209.795
-10678.32,-11565.09,-22076.73,-6374.565,438.21,-29980.305,-12254.039999999999,-4236.345
-10723.949999999999,-11616.75,-22112.73,-6376.139999999999,461.205,-29977.785,-12213.449999999999,-4260.599999999999
-10706.85,-11608.244999999999,-22103.684999999998,-6334.5599999999995,524.835,-29877.434999999998,-12202.965,-4250.5199999999995
-10660.185,-11533.994999999999,-22026.329999999998,-6269.355,560.385,-29881.079999999998,-12254.805,-4241.97
-10684.215,-11540.295,-22042.844999999998,-6317.91,513.99,-29934.405,-12298.365,-4272.705
-10689.255,-11541.465,-22041.225,-6321.87,508.635,-29915.37,-12318.39,-4283.235
-10648.98,-11494.574999999999,-21987.495,-6242.67,566.28,-29879.28,-12294.27,-4255.245
-10614.42,-11463.39,-21958.469999999998,-6198.885,626.31,-29803.454999999998,-12235.545,-4215.465
-10621.26,-11463.84,-21955.59,-6203.07,645.165,-29774.07,-12281.039999999999,-4227.974999999999
-10688.58,-11539.619999999999,-22024.754999999997,-6274.665,586.935,-29839.274999999998,-12269.88,-4276.17
-10757.34,-11637.314999999999,-22132.754999999997,-6372.179999999999,496.44,-29911.454999999998,-12238.83,-4304.295
-10752.029999999999,-11636.595,-22136.985,-6380.19,495.53999999999996,-29910.645,-12244.185,-4294.71
-10697.805,-11577.105,-22086.855,-6315.165,557.91,-29875.5,-12255.525,-4256.19
-10669.859999999999,-11549.295,-22076.954999999998,-6318.2699999999995,523.305,-29898.989999999998,-12257.775,-4238.82
-10677.779999999999,-11559.015,-22078.98,-6342.255,491.49,-29925.135,-12284.82,-4247.1449999999995
-10687.949999999999,-11570.039999999999,-22061.295,-6350.445,467.64,-29970.315,-12274.244999999999,-4257.54
-10672.425,-11561.13,-22057.739999999998,-6335.91,446.445,-30023.414999999997,-12294.135,-4247.235
-10700.324999999999,-11575.98,-22085.64,-6361.425,448.965,-29978.055,-12304.17,-4262.94
-10702.89,-11566.664999999999,-22069.17,-6346.98,512.46,-29881.62,-12263.13,-4267.845
-10676.97,-11542.005,-22041.495,-6305.849999999999,528.5699999999999,-29862.495,-12215.925,-4263.255
-10682.865,-11548.664999999999,-22046.895,-6327.179999999999,499.455,-29907.809999999998,-12255.029999999999,-4258.485
-10680.705,-11556.27,-22061.024999999998,-6360.705,491.35499999999996,-29913.12,-12284.955,-4241.34
-10683.72,-11555.865,-22065.93,-6376.7699999999995,453.375,-29941.605,-12330.63,-4256.055
-10679.895,-11539.71,-22046.129999999997,-6332.76,485.23499999999996,-29897.55,-12301.38,-4258.665
-10672.289999999999,-11537.279999999999,-22037.715,-6309.764999999999,509.715,-29879.504999999997,-12247.83,-4239.224999999999
-10653.84,-11512.8,-22007.024999999998,-6267.6449999999995,586.935,-29855.789999999997,-12247.515,-4235.22
-10652.85,-11506.949999999999,-22000.14,-6243.165,604.17,-29876.715,-12307.005,-4251.87
-10695.375,-11565.404999999999,-22066.245,-6317.82,521.3249999999999,-29956.41,-12295.17,-4268.07
-10697.805,-11576.205,-22081.995,-6366.915,502.65,-29931.254999999997,-12215.699999999999,-4257.495
-10668.465,-11549.295,-22056.48,-6339.195,512.55,-29917.89,-12224.654999999999,-4232.5199999999995
-10639.215,-11521.305,-22027.95,-6313.59,456.885,-30012.48,-12297.42,-4212.405
-10651.455,-11523.015,-22035.105,-6297.615,423.71999999999997,-30101.265,-12343.005,-4239.224999999999
-10657.89,-11528.82,-22027.32,-6302.025,414.09,-30149.64,-12385.89,-4261.905
-10683.18,-11569.185,-22069.44,-6343.514999999999,442.97999999999996,-30100.77,-12352.365,-4282.245
-10706.805,-11568.645,-22077.945,-6342.705,524.5649999999999,-29934.135,-12266.91,-4278.555
-10712.97,-11597.13,-22105.89,-6361.65,581.67,-29760.21,-12180.06,-4244.49
-10684.035,-11567.385,-22071.149999999998,-6302.34,599.265,-29747.565,-12204.135,-4236.255
-10669.275,-11530.215,-22021.515,-6268.275,538.65,-29814.3,-12215.25,-4236.615
-10628.73,-11481.525,-21973.454999999998,-6236.865,545.31,-29860.92,-12260.654999999999,-4227.57
-10641.015,-11497.275,-21991.094999999998,-6245.91,567.3149999999999,-29868.84,-12278.88,-4250.295
-10664.505,-11517.57,-22006.305,-6261.3,541.845,-29870.28,-12218.4,-4264.965
-10639.484999999999,-11499.435,-22004.235,-6273.0,503.505,-29886.75,-12173.445,-4227.48
-10630.08,-11497.41,-22001.805,-6268.86,518.805,-29924.504999999997,-12300.255,-4197.195
-10680.029999999999,-11573.414999999999,-22070.879999999997,-6317.235,528.7049999999999,-29897.414999999997,-12268.305,-4227.615
-10653.48,-11547.494999999999,-22046.265,-6284.969999999999,556.875,-29881.98,-12210.345,-4223.565
-10671.345,-11531.43,-22020.03,-6265.3949999999995,595.935,-29811.105,-12247.965,-4256.82
-10696.5,-11555.1,-22063.68,-6318.63,532.26,-29887.515,-12288.689999999999,-4269.69
-10684.17,-11548.98,-22054.77,-6315.929999999999,509.21999999999997,-29926.934999999998,-12332.564999999999,-4254.93
-10704.555,-11575.305,-22067.73,-6327.315,486.63,-29981.024999999998,-12401.955,-4296.465
-10735.154999999999,-11610.945,-22124.07,-6368.8949999999995,452.205,-30005.864999999998,-12372.615,-4322.88
-10745.505,-11609.55,-22132.754999999997,-6373.889999999999,457.46999999999997,-29969.73,-12263.039999999999,-4300.29
-10682.279999999999,-11545.154999999999,-22049.73,-6290.865,535.635,-29904.57,-12274.785,-4252.635
-10690.83,-11558.385,-22045.95,-6309.54,531.72,-29844.18,-12212.279999999999,-4250.07
-10694.609999999999,-11558.205,-22051.17,-6319.9349999999995,520.02,-29838.914999999997,-12153.24,-4244.49
-10669.5,-11528.595,-22028.579999999998,-6291.585,549.36,-29855.475,-12233.88,-4242.87
-10666.125,-11518.92,-22011.254999999997,-6273.764999999999,574.875,-29857.14,-12307.77,-4248.8099999999995
-10689.39,-11542.095,-22031.73,-6283.889999999999,565.155,-29867.219999999998,-12265.109999999999,-4265.1449999999995
-10688.175,-11555.414999999999,-22059.54,-6322.05,522.0,-29922.344999999998,-12271.859999999999,-4260.69
-10676.925,-11550.24,-22058.504999999997,-6321.69,508.455,-29945.879999999997,-12311.1,-4256.46
-10657.44,-11524.32,-22031.594999999998,-6305.67,484.02,-29955.195,-12298.365,-4235.67
-10644.84,-11515.59,-22024.53,-6301.8,498.465,-29944.574999999997,-12266.505,-4212.0
-10677.195,-11555.234999999999,-22066.425,-6339.554999999999,471.06,-29987.414999999997,-12259.439999999999,-4239.585
-10694.025,-11565.135,-22068.315,-6349.7699999999995,439.245,-30070.44,-12316.365,-4269.465
-10661.355,-11538.855,-22033.71,-6305.804999999999,494.82,-29989.754999999997,-12349.619999999999,-4264.47
-10620.99,-11464.47,-21962.295,-6219.99,628.11,-29762.954999999998,-12238.289999999999,-4240.305
-10600.425,-11434.23,-21930.704999999998,-6175.3949999999995,665.865,-29766.329999999998,-12190.455,-4201.965
-10641.195,-11513.115,-22013.954999999998,-6260.04,576.9,-29869.92,-12254.49,-4210.785
-10714.005,-11599.875,-22105.665,-6362.865,494.865,-29911.14,-12260.789999999999,-4270.724999999999
-10743.39,-11620.215,-22131.09,-6405.57,435.06,-29965.905,-12244.095,-4290.974999999999
-10693.8,-11573.145,-22083.03,-6340.679999999999,466.245,-29962.53,-12315.105,-4255.11
-10663.244999999999,-11540.744999999999,-22049.73,-6291.719999999999,525.285,-29898.045,-12263.939999999999,-4230.135
-10652.49,-11516.715,-22023.09,-6304.995,555.5699999999999,-29883.69,-12254.58,-4223.88
-10671.885,-11537.055,-22033.35,-6318.54,541.26,-29896.469999999998,-12268.619999999999,-4243.139999999999
-10695.375,-11563.02,-22060.754999999997,-6351.84,495.63,-29910.555,-12260.385,-4260.69
-10691.955,-11558.564999999999,-22066.829999999998,-6363.719999999999,473.085,-29920.725,-12265.47,-4264.74
-10694.744999999999,-11573.55,-22097.655,-6345.495,490.5,-29917.305,-12252.105,-4263.255
-10679.175,-11560.77,-22108.23,-6359.535,497.205,-29939.355,-12260.475,-4248.8099999999995
-10663.65,-11545.605,-22077.315,-6365.385,514.305,-29953.844999999998,-12280.275,-4230.72
-10653.975,-11537.414999999999,-22033.079999999998,-6355.755,474.29999999999995,-30017.295,-12293.865,-4224.825
-10669.859999999999,-11551.275,-22057.469999999998,-6334.245,449.46,-30056.715,-12290.895,-4243.724999999999
-10682.91,-11535.3,-22032.765,-6286.275,515.835,-29980.17,-12300.164999999999,-4262.8949999999995
-10643.715,-11500.244999999999,-22000.905,-6266.5199999999995,588.87,-29848.274999999998,-12321.765,-4236.075
-10647.675,-11525.445,-22013.64,-6269.625,563.805,-29817.989999999998,-12307.05,-4239.585
-10702.484999999999,-11564.145,-22058.46,-6309.8099999999995,506.60999999999996,-29882.43,-12231.675,-4270.095
-10715.085,-11561.13,-22055.309999999998,-6312.105,523.62,-29909.385,-12275.324999999999,-4287.105
-10680.525,-11530.89,-22029.165,-6281.639999999999,542.025,-29917.17,-12342.869999999999,-4268.88
-10673.505,-11537.145,-22043.204999999998,-6317.594999999999,479.7,-29942.594999999998,-12262.68,-4231.53
-10646.82,-11515.365,-22017.87,-6270.03,542.295,-29892.824999999997,-12234.645,-4207.32
-10628.055,-11483.91,-21982.364999999998,-6233.264999999999,563.13,-29918.024999999998,-12286.17,-4216.545
-10653.029999999999,-11520.449999999999,-22022.864999999998,-6278.49,525.015,-29919.87,-12274.02,-4234.995
-10709.46,-11581.064999999999,-22079.52,-6328.889999999999,494.505,-29921.625,-12282.525,-4282.065
-10719.63,-11588.67,-22096.754999999997,-6359.804999999999,461.835,-29961.675,-12268.8,-4294.17
-10695.195,-11552.039999999999,-22055.355,-6326.28,514.845,-29912.67,-12239.865,-4276.485
-10653.615,-11512.71,-22014.855,-6284.115,546.5699999999999,-29920.364999999998,-12344.49,-4248.45
-10626.39,-11480.76,-21988.44,-6262.965,561.78,-29873.114999999998,-12301.47,-4216.32
-10602.855,-11457.81,-21965.355,-6223.545,613.26,-29835.27,-12227.445,-4180.32
-10643.355,-11507.939999999999,-22007.969999999998,-6251.804999999999,585.045,-29882.565,-12248.055,-4217.805
-10724.22,-11607.48,-22117.05,-6357.195,497.43,-29904.39,-12260.43,-4289.22
-10754.595,-11626.965,-22130.145,-6375.0599999999995,483.255,-29923.515,-12274.02,-4312.08
-10687.23,-11544.074999999999,-22036.815,-6298.335,538.74,-29894.895,-12243.42,-4256.639999999999
-10608.885,-11475.09,-21968.055,-6223.815,588.42,-29905.559999999998,-12220.785,-4187.295
-10606.994999999999,-11497.32,-21975.84,-6224.085,568.125,-29981.565,-12284.145,-4189.365
-10685.565,-11555.369999999999,-22054.77,-6305.8949999999995,510.29999999999995,-29965.32,-12325.545,-4262.805
-10741.095,-11584.215,-22089.059999999998,-6365.5199999999995,457.425,-29948.265,-12301.38,-4304.97
-10728.63,-11612.385,-22119.795,-6378.21,449.055,-29953.395,-12260.16,-4286.07
-10696.23,-11575.305,-22090.77,-6362.955,457.28999999999996,-29982.914999999997,-12316.275,-4262.22
-10703.295,-11577.33,-22089.239999999998,-6367.815,470.205,-29950.155,-12338.685,-4280.625
-10689.525,-11564.145,-22072.32,-6338.07,514.17,-29942.414999999997,-12335.175,-4279.23
-10673.279999999999,-11534.895,-22033.71,-6309.495,524.97,-29908.079999999998,-12250.439999999999,-4260.0599999999995
-10671.705,-11544.435,-22052.25,-6314.625,526.77,-29846.969999999998,-12237.435,-4244.445
-10686.015,-11532.015,-22032.629999999997,-6296.985,550.17,-29829.329999999998,-12317.67,-4272.12
-10703.295,-11564.91,-22064.309999999998,-6332.58,528.12,-29823.164999999997,-12261.375,-4280.715
-10677.33,-11565.225,-22088.16,-6371.19,477.99,-29881.71,-12214.484999999999,-4220.19
-10625.22,-11510.64,-22039.245,-6321.69,542.43,-29873.114999999998,-12219.3,-4180.005
-10630.035,-11502.27,-22022.145,-6289.335,623.16,-29853.045,-12239.91,-4203.8099999999995
-10676.654999999999,-11528.685,-22027.905,-6277.995,568.0799999999999,-29904.254999999997,-12275.685,-4250.655
-10694.25,-11562.795,-22062.239999999998,-6297.48,491.895,-29940.03,-12251.34,-4251.375
-10683.404999999999,-11553.795,-22056.93,-6304.41,491.76,-29954.565,-12293.1,-4249.305
-10682.73,-11552.175,-22056.84,-6321.96,513.63,-29939.94,-12301.515,-4254.48
-10665.99,-11537.865,-22063.545,-6326.594999999999,533.52,-29900.25,-12265.064999999999,-4238.955
-10663.38,-11533.904999999999,-22066.875,-6305.085,521.235,-29906.64,-12264.39,-4237.11
-10671.074999999999,-11537.73,-22050.719999999998,-6274.62,536.265,-29910.195,-12256.02,-4241.295
-10671.48,-11538.045,-22046.085,-6296.67,535.77,-29900.969999999998,-12256.74,-4241.34
-10670.355,-11539.215,-22051.62,-6316.245,506.52,-29917.395,-12268.8,-4243.545
-10669.095,-11533.5,-22028.94,-6314.219999999999,518.355,-29902.364999999998,-12268.305,-4244.13
-10670.085,-11532.555,-22027.32,-6310.889999999999,539.1,-29893.635,-12270.734999999999,-4248.045
-10673.369999999999,-11535.119999999999,-22040.504999999997,-6329.969999999999,539.685,-29892.555,-12250.619999999999,-4257.18
-10670.445,-11529.09,-22043.61,-6348.24,503.955,-29917.574999999997,-12231.945,-4256.73
-10654.965,-11521.619999999999,-22039.739999999998,-6324.615,494.72999999999996,-29977.739999999998,-12282.93,-4228.965
-10665.315,-11535.119999999999,-22033.665,-6304.5,503.325,-29959.965,-12314.835,-4229.37
-10680.21,-11543.4,-22036.68,-6269.175,525.645,-29904.254999999997,-12297.15,-4252.095
-10667.115,-11526.705,-22018.995,-6251.715,556.29,-29869.605,-12297.689999999999,-4245.615
-10635.615,-11491.154999999999,-21988.665,-6242.085,574.3349999999999,-29865.195,-12293.865,-4226.805
-10609.244999999999,-11455.515,-21947.805,-6214.815,584.1,-29871.765,-12296.835,-4221.09
-10597.05,-11436.164999999999,-21934.53,-6207.57,578.88,-29920.905,-12296.16,-4221.855
-10599.795,-11438.189999999999,-21941.19,-6214.455,571.095,-29926.26,-12235.904999999999,-4210.514999999999
-10657.26,-11520.314999999999,-22026.375,-6290.505,505.305,-29964.465,-12152.88,-4211.37
-10724.895,-11600.234999999999,-22105.98,-6365.16,448.10999999999996,-30021.93,-12256.154999999999,-4273.5599999999995
-10760.4,-11649.869999999999,-22152.69,-6404.715,443.835,-29941.065,-12358.215,-4301.73
-10727.55,-11611.98,-22111.379999999997,-6353.325,514.035,-29823.3,-12275.775,-4270.545
-10709.82,-11592.72,-22088.43,-6324.255,532.845,-29896.469999999998,-12312.81,-4273.605
-10705.77,-11590.875,-22094.73,-6348.6449999999995,449.82,-30077.28,-12417.705,-4299.165
-10693.619999999999,-11561.355,-22069.395,-6330.915,469.395,-30050.594999999998,-12418.695,-4286.385
-10700.19,-11561.535,-22056.254999999997,-6304.32,551.385,-29859.57,-12306.24,-4262.445
-10671.345,-11555.279999999999,-22034.385,-6267.69,601.245,-29724.03,-12203.279999999999,-4227.795
-10694.925,-11578.814999999999,-22052.565,-6290.865,561.915,-29790.405,-12176.64,-4238.955
-10690.244999999999,-11547.855,-22027.77,-6283.98,568.0799999999999,-29782.395,-12180.465,-4235.3099999999995
-10660.23,-11533.365,-22017.735,-6285.33,550.53,-29808.18,-12216.645,-4217.67
-10629.404999999999,-11475.404999999999,-21975.975,-6260.985,559.17,-29826.27,-12233.16,-4217.715
-10640.565,-11479.14,-21984.434999999998,-6272.01,535.68,-29871.629999999997,-12275.865,-4239.585
-10661.13,-11515.994999999999,-22012.739999999998,-6292.304999999999,508.995,-29887.065,-12314.07,-4256.099999999999
-10650.33,-11493.449999999999,-21991.094999999998,-6261.165,558.225,-29848.59,-12255.525,-4235.535
-10669.005,-11522.789999999999,-22031.594999999998,-6300.224999999999,536.13,-29913.704999999998,-12256.02,-4238.55
-10706.039999999999,-11574.09,-22083.84,-6350.4,497.34,-29948.535,-12260.295,-4255.29
-10686.105,-11554.695,-22064.175,-6321.195,522.36,-29889.045,-12242.654999999999,-4242.96
-10675.395,-11532.33,-22031.954999999998,-6287.804999999999,522.495,-29898.0,-12269.34,-4243.995
-10650.105,-11506.77,-22008.825,-6254.37,569.655,-29872.44,-12248.414999999999,-4226.4
-10638.225,-11498.895,-22006.8,-6262.245,555.525,-29894.085,-12254.355,-4216.32
-10660.41,-11530.71,-22049.01,-6318.8099999999995,489.825,-29956.86,-12301.92,-4232.25
-10680.975,-11551.41,-22067.01,-6335.865,488.565,-29949.03,-12289.095,-4240.889999999999
-10654.244999999999,-11513.654999999999,-22025.024999999998,-6298.0199999999995,533.835,-29906.145,-12274.965,-4234.23
-10662.3,-11527.74,-22045.95,-6311.835,510.93,-29926.664999999997,-12302.279999999999,-4248.945
-10678.23,-11556.945,-22080.825,-6359.94,443.385,-30005.864999999998,-12334.68,-4252.455
-10662.255,-11541.105,-22064.579999999998,-6352.785,460.395,-29990.34,-12290.13,-4227.48
-10656.315,-11523.33,-22040.504999999997,-6309.179999999999,520.1999999999999,-29889.989999999998,-12239.189999999999,-4224.6449999999995
-10662.345,-11527.289999999999,-22052.79,-6280.5599999999995,540.36,-29869.739999999998,-12236.85,-4235.264999999999
-10682.145,-11554.154999999999,-22093.559999999998,-6308.639999999999,507.28499999999997,-29928.69,-12324.914999999999,-4256.01
-10697.039999999999,-11572.335,-22097.295,-6358.455,462.645,-29957.129999999997,-12310.109999999999,-4264.965
-10693.17,-11571.255,-22085.774999999998,-6403.5,488.60999999999996,-29938.41,-12270.6,-4252.68
-10673.01,-11547.494999999999,-22075.605,-6411.105,533.655,-29925.765,-12298.635,-4243.68
-10674.63,-11542.904999999999,-22059.045,-6336.63,554.13,-29947.364999999998,-12306.465,-4250.565
-10667.34,-11527.38,-22020.795,-6226.065,570.3299999999999,-29953.035,-12277.845,-4247.595
-10649.475,-11497.23,-21990.285,-6206.76,519.165,-29916.855,-12254.49,-4248.8099999999995
-10621.529999999999,-11469.24,-21970.215,-6233.94,513.585,-29934.855,-12292.74,-4230.2699999999995
-10647.18,-11512.395,-22023.27,-6309.63,472.815,-29991.42,-12385.664999999999,-4245.885
-10672.605,-11546.414999999999,-22058.64,-6355.98,481.54499999999996,-29945.43,-12336.705,-4252.7699999999995
-10641.824999999999,-11499.255,-22000.635,-6261.389999999999,588.735,-29819.114999999998,-12255.84,-4214.79
-10667.654999999999,-11521.35,-22022.774999999998,-6261.12,553.905,-29837.835,-12292.515,-4245.66
-10733.67,-11601.359999999999,-22106.114999999998,-6355.53,437.31,-29978.64,-12308.67,-4296.33
-10706.49,-11591.865,-22093.785,-6338.88,472.59,-29993.445,-12251.789999999999,-4255.92
-10659.779999999999,-11541.465,-22043.79,-6269.94,578.2049999999999,-29896.695,-12280.814999999999,-4215.014999999999
-10701.18,-11561.13,-22066.605,-6307.875,543.375,-29885.489999999998,-12306.779999999999,-4257.72
-10709.279999999999,-11582.055,-22080.329999999998,-6317.639999999999,532.845,-29881.754999999997,-12312.09,-4271.264999999999
-10702.215,-11584.529999999999,-22067.504999999997,-6290.415,573.75,-29844.945,-12280.455,-4264.2
-10687.994999999999,-11546.865,-22052.7,-6300.54,532.125,-29921.579999999998,-12289.14,-4253.445
-10685.97,-11525.13,-22039.559999999998,-6312.69,484.46999999999997,-29992.725,-12301.109999999999,-4270.95
-10681.02,-11529.27,-22030.379999999997,-6282.719999999999,541.845,-29891.25,-12305.07,-4283.37
-10667.654999999999,-11548.215,-22053.329999999998,-6298.469999999999,539.9549999999999,-29863.53,-12310.92,-4250.61
-10682.145,-11557.619999999999,-22075.379999999997,-6322.679999999999,522.0,-29901.824999999997,-12265.02,-4245.48
-10680.75,-11523.42,-22033.89,-6299.1449999999995,525.645,-29931.524999999998,-12236.895,-4252.32
-10618.92,-11463.255,-21963.51,-6223.365,601.47,-29856.329999999998,-12201.795,-4201.92
-10632.69,-11490.57,-21987.989999999998,-6241.365,593.8199999999999,-29820.87,-12232.664999999999,-4211.01
-10719.315,-11596.994999999999,-22108.14,-6364.62,467.46,-29955.42,-12307.814999999999,-4272.165
-10690.695,-11553.66,-22066.379999999997,-6322.7699999999995,515.34,-29946.645,-12284.055,-4253.4
-10655.505,-11512.845,-22024.305,-6292.17,537.7049999999999,-29925.719999999998,-12276.045,-4227.974999999999
-10678.545,-11546.279999999999,-22054.68,-6316.92,512.55,-29912.489999999998,-12250.664999999999,-4244.264999999999
-10697.355,-11563.47,-22071.015,-6329.61,500.13,-29920.004999999997,-12285.99,-4268.5199999999995
-10691.279999999999,-11564.595,-22079.879999999997,-6343.155,486.35999999999996,-29926.934999999998,-12279.42,-4255.155
-10687.77,-11553.57,-22064.895,-6341.625,476.685,-29965.184999999998,-12327.39,-4255.0199999999995
-10683.18,-11555.055,-22065.39,-6355.889999999999,481.09499999999997,-29993.579999999998,-12359.34,-4258.62
-10662.48,-11533.365,-22050.855,-6335.19,484.10999999999996,-30046.635,-12366.81,-4244.805
-10669.859999999999,-11539.755,-22052.114999999998,-6319.844999999999,469.84499999999997,-30050.774999999998,-12324.645,-4232.745
-10668.015,-11548.71,-22084.02,-6316.469999999999,498.28499999999997,-29928.329999999998,-12295.395,-4234.1849999999995
-10654.425,-11525.175,-22075.29,-6320.61,502.2,-29939.445,-12262.59,-4220.82
-10686.51,-11552.625,-22062.195,-6294.195,572.13,-29840.445,-12238.47,-4247.415
-10694.295,-11550.96,-22033.89,-6287.04,574.6949999999999,-29856.555,-12275.145,-4268.205
-10691.775,-11546.82,-22036.14,-6284.07,555.0749999999999,-29903.985,-12304.619999999999,-4278.42
-10687.14,-11548.17,-22048.02,-6301.53,546.525,-29894.67,-12304.395,-4266.945
-10678.545,-11549.564999999999,-22057.379999999997,-6325.695,526.275,-29909.969999999998,-12291.57,-4239.72
-10666.44,-11550.914999999999,-22081.545,-6371.46,494.055,-29930.94,-12263.67,-4223.115
-10640.295,-11530.035,-22059.585,-6343.155,519.21,-29920.86,-12257.64,-4216.05
-10646.91,-11503.664999999999,-22015.934999999998,-6282.09,593.145,-29898.315,-12255.84,-4231.53
-10631.789999999999,-11468.43,-21973.454999999998,-6251.13,635.85,-29866.77,-12308.039999999999,-4224.915
-10661.715,-11514.24,-22016.475,-6277.995,515.925,-29926.62,-12337.289999999999,-4246.065
-10714.994999999999,-11578.41,-22084.965,-6341.355,425.205,-29978.235,-12324.015,-4275.045
-10702.8,-11572.785,-22083.614999999998,-6349.005,429.03,-30001.094999999998,-12313.17,-4249.44
-10682.73,-11551.545,-22063.68,-6307.83,500.66999999999996,-29951.954999999998,-12290.715,-4230.675
-10687.095,-11550.42,-22054.545,-6291.585,545.85,-29877.704999999998,-12272.67,-4248.54
-10699.92,-11574.314999999999,-22073.805,-6322.815,502.695,-29930.985,-12275.64,-4264.5599999999995
-10687.05,-11567.97,-22074.93,-6335.19,470.205,-29984.445,-12262.59,-4256.055
-10681.92,-11543.265,-22054.274999999998,-6324.84,473.21999999999997,-30011.129999999997,-12313.755,-4264.11
-10662.57,-11543.175,-22043.745,-6307.38,507.41999999999996,-29997.675,-12373.83,-4246.155
-10632.105,-11496.51,-22011.66,-6268.275,570.915,-29935.125,-12284.82,-4207.41
-10661.895,-11491.965,-22006.125,-6273.719999999999,555.75,-29905.649999999998,-12171.6,-4225.905
-10670.445,-11517.3,-22009.41,-6270.615,565.56,-29816.774999999998,-12238.154999999999,-4233.105
-10715.13,-11560.635,-22044.329999999998,-6318.764999999999,513.18,-29880.315,-12343.545,-4295.97
-10707.84,-11562.57,-22057.11,-6331.679999999999,486.765,-29931.344999999998,-12368.205,-4294.44
-10684.529999999999,-11546.865,-22052.07,-6313.32,508.5,-29918.52,-12350.52,-4275.2699999999995
-10671.029999999999,-11527.47,-22036.094999999998,-6279.705,569.61,-29870.684999999998,-12314.699999999999,-4261.905
-10659.24,-11511.27,-22025.565,-6276.6449999999995,568.8,-29916.09,-12329.324999999999,-4247.955
-10661.67,-11514.375,-22023.855,-6286.05,551.0699999999999,-29920.23,-12309.84,-4245.48
-10705.77,-11574.09,-22091.355,-6368.67,460.16999999999996,-29952.405,-12210.029999999999,-4248.18
-10697.805,-11567.744999999999,-22084.965,-6369.255,454.5,-29967.074999999997,-12236.939999999999,-4239.0
-10671.39,-11541.06,-22053.465,-6321.465,509.4,-29995.289999999997,-12299.355,-4236.57
-10665.855,-11529.359999999999,-22037.355,-6283.71,564.12,-29967.254999999997,-12292.695,-4240.17
-10632.51,-11488.14,-22008.645,-6264.09,563.31,-29850.434999999998,-12256.47,-4208.67
-10658.43,-11520.63,-22041.225,-6302.969999999999,517.3199999999999,-29910.69,-12295.935,-4223.79
-10672.38,-11530.35,-22044.375,-6306.344999999999,523.215,-29949.66,-12326.58,-4247.73
-10690.02,-11546.505,-22054.635,-6314.985,514.4399999999999,-29963.07,-12340.305,-4275.0
-10706.355,-11573.73,-22092.795,-6367.23,456.3,-29999.34,-12346.965,-4269.15
-10674.18,-11542.59,-22065.704999999998,-6340.95,464.265,-29979.27,-12293.189999999999,-4236.12
-10658.565,-11529.045,-22041.719999999998,-6301.53,505.66499999999996,-29921.265,-12236.175,-4219.83
-10699.92,-11590.92,-22110.21,-6363.54,474.255,-29977.155,-12290.895,-4248.2699999999995
-10683.09,-11557.26,-22081.14,-6365.745,471.51,-30028.41,-12315.33,-4242.6449999999995
-10671.885,-11528.73,-22041.045,-6319.665,510.885,-30029.355,-12334.185,-4246.92
-10694.43,-11562.21,-22060.26,-6280.0199999999995,551.97,-29896.425,-12279.555,-4255.155
-10697.67,-11568.24,-22078.754999999997,-6300.405,551.61,-29869.11,-12263.49,-4253.805
-10699.515,-11566.305,-22103.37,-6329.565,541.395,-29901.059999999998,-12307.59,-4271.085
-10694.744999999999,-11532.06,-22055.805,-6296.49,580.095,-29871.675,-12311.865,-4292.19
-10665.18,-11504.205,-22001.579999999998,-6267.105,581.76,-29873.61,-12284.505,-4263.075
-10672.74,-11542.23,-22051.89,-6327.99,480.645,-29946.285,-12274.92,-4233.15
-10685.654999999999,-11561.49,-22077.18,-6354.2699999999995,453.59999999999997,-29986.875,-12298.005,-4232.88
-10675.529999999999,-11568.51,-22081.635,-6357.915,481.59,-29989.305,-12312.314999999999,-4236.48
-10652.58,-11533.904999999999,-22048.829999999998,-6322.139999999999,526.545,-29939.805,-12285.539999999999,-4221.18
-10634.22,-11463.21,-21984.3,-6240.599999999999,598.68,-29858.625,-12285.225,-4220.595
-10660.14,-11498.984999999999,-22017.78,-6224.535,606.1949999999999,-29858.94,-12289.904999999999,-4238.28
-10677.06,-11530.484999999999,-22042.44,-6257.7,561.1949999999999,-29911.454999999998,-12306.734999999999,-4253.13
-10694.88,-11573.775,-22081.14,-6357.915,512.37,-29932.515,-12298.005,-4259.07
-10678.994999999999,-11583.404999999999,-22127.85,-6481.53,451.03499999999997,-29967.704999999998,-12290.67,-4241.025
-10693.98,-11585.564999999999,-22170.555,-6572.16,375.57,-30055.41,-12292.515,-4254.84
-10701.09,-11568.105,-22124.43,-6468.705,384.255,-30094.515,-12330.09,-4274.6849999999995
-10670.13,-11521.215,-22025.07,-6276.78,517.77,-29994.66,-12343.59,-4255.38
-10662.164999999999,-11514.555,-22006.395,-6186.69,616.635,-29844.585,-12277.439999999999,-4245.12
-10685.34,-11544.255,-22051.665,-6276.375,515.295,-29912.219999999998,-12245.22,-4257.945
-10681.83,-11533.41,-22045.995,-6303.195,487.03499999999997,-29997.36,-12361.32,-4262.13
-10706.265,-11566.484999999999,-22078.844999999998,-6353.82,459.85499999999996,-30030.93,-12367.484999999999,-4273.514999999999
-10680.119999999999,-11537.505,-22043.16,-6275.025,537.795,-29909.114999999998,-12294.99,-4234.005
-10627.83,-11476.845,-21981.42,-6213.6449999999995,585.045,-29869.695,-12263.715,-4204.62
-10665.63,-11519.82,-22027.68,-6279.165,502.56,-30034.53,-12298.59,-4245.389999999999
-10727.91,-11600.865,-22122.629999999997,-6376.094999999999,420.21,-30121.425,-12354.435,-4283.865
-10707.255,-11562.57,-22076.82,-6326.37,512.055,-29916.315,-12307.68,-4281.795
-10700.595,-11568.015,-22075.469999999998,-6304.7699999999995,551.745,-29835.945,-12222.945,-4265.19
-10690.605,-11560.32,-22069.754999999997,-6298.38,556.605,-29884.23,-12264.84,-4248.99
-10666.17,-11525.13,-22044.78,-6301.844999999999,538.0649999999999,-29942.37,-12330.72,-4241.385
-10645.154999999999,-11503.395,-22029.48,-6303.78,525.555,-29963.745,-12343.59,-4226.445
-10656.27,-11516.535,-22039.379999999997,-6317.415,485.01,-29959.92,-12306.15,-4231.08
-10675.8,-11548.935,-22068.315,-6332.445,480.195,-29948.399999999998,-12272.22,-4229.505
-10677.42,-11538.045,-22046.895,-6294.6449999999995,545.4449999999999,-29892.555,-12272.895,-4242.87
-10691.505,-11555.82,-22065.84,-6307.155,557.1899999999999,-29857.094999999998,-12270.555,-4256.6849999999995
-10674.404999999999,-11557.89,-22070.204999999998,-6317.37,519.7049999999999,-29917.395,-12292.335,-4236.48
-10653.345,-11522.88,-22040.37,-6299.505,507.645,-29967.84,-12289.949999999999,-4219.83
-10677.42,-11520.855,-22031.504999999997,-6295.59,526.185,-29962.395,-12332.52,-4259.745
-10714.365,-11572.83,-22081.14,-6331.815,510.885,-29931.3,-12331.664999999999,-4292.055
-10699.244999999999,-11585.564999999999,-22094.594999999998,-6340.905,488.835,-29954.925,-12317.895,-4268.7
-10636.605,-11502.09,-22020.48,-6288.84,502.02,-29990.655,-12322.17,-4221.45
-10614.465,-11445.119999999999,-21963.87,-6251.49,517.4549999999999,-30028.68,-12364.965,-4225.1849999999995
-10674.18,-11525.22,-22045.05,-6312.105,516.42,-29942.864999999998,-12324.06,-4260.33
-10706.175,-11576.205,-22080.105,-6325.29,553.905,-29838.69,-12250.529999999999,-4255.2
-10687.365,-11552.67,-22070.879999999997,-6316.245,550.755,-29866.14,-12271.725,-4256.639999999999
-10667.34,-11535.074999999999,-22057.739999999998,-6318.99,530.775,-29916.989999999998,-12305.07,-4246.0199999999995
-10688.039999999999,-11573.82,-22080.015,-6338.205,519.615,-29945.835,-12305.744999999999,-4253.264999999999
-10676.789999999999,-11541.33,-22046.445,-6312.96,530.235,-29900.204999999998,-12247.92,-4230.855
-10678.23,-11557.935,-22065.344999999998,-6312.375,516.735,-29921.129999999997,-12305.789999999999,-4235.175
-10705.23,-11569.949999999999,-22081.545,-6328.755,499.09499999999997,-29952.945,-12292.605,-4262.985
-10699.695,-11542.365,-22061.79,-6336.09,476.64,-29982.465,-12293.64,-4275.855
-10705.904999999999,-11558.654999999999,-22082.805,-6381.405,425.96999999999997,-30012.39,-12337.74,-4281.795
-10687.32,-11552.58,-22069.125,-6341.445,490.09499999999997,-29932.065,-12358.395,-4257.315
-10666.484999999999,-11531.07,-22045.32,-6287.804999999999,555.165,-29914.11,-12343.814999999999,-4236.12
-10669.904999999999,-11529.81,-22048.515,-6284.205,561.915,-29924.145,-12268.935,-4233.33
-10675.215,-11534.67,-22069.35,-6313.59,537.3,-29933.19,-12278.699999999999,-4251.33
-10688.445,-11557.98,-22105.98,-6345.179999999999,505.305,-29946.69,-12283.515,-4257.315
-10669.77,-11544.57,-22075.335,-6325.605,497.655,-29942.864999999998,-12283.244999999999,-4225.7699999999995
-10661.31,-11520.99,-22017.239999999998,-6292.125,520.8299999999999,-29939.175,-12305.43,-4230.09
-10632.42,-11491.02,-21990.915,-6257.115,565.02,-29883.645,-12250.395,-4212.855
-10634.49,-11478.465,-21988.62,-6251.219999999999,568.665,-29874.195,-12242.34,-4231.889999999999
-10707.3,-11555.279999999999,-22068.629999999997,-6329.969999999999,497.88,-29941.335,-12306.555,-4284.2699999999995
-10706.76,-11573.64,-22092.3,-6351.12,488.43,-29975.67,-12367.439999999999,-4260.42
-10660.23,-11518.064999999999,-22039.965,-6306.57,526.005,-29938.635,-12302.414999999999,-4237.155
-10657.845,-11507.265,-22034.655,-6328.304999999999,512.37,-29954.925,-12336.93,-4260.375
-10695.015,-11548.529999999999,-22072.32,-6368.085,494.505,-29962.844999999998,-12353.175,-4286.7
-10687.5,-11560.095,-22087.53,-6378.075,479.655,-29987.37,-12320.955,-4242.014999999999
-10655.73,-11525.039999999999,-22049.415,-6337.17,529.56,-29974.545,-12275.595,-4213.53
-10706.805,-11573.234999999999,-22092.03,-6327.135,526.86,-29928.42,-12267.09,-4257.54
-10712.609999999999,-11579.175,-22090.68,-6314.4,514.62,-29881.215,-12254.445,-4266.495
-10677.555,-11541.645,-22063.32,-6302.7,496.79999999999995,-29925.585,-12278.97,-4247.55
-10673.19,-11524.32,-22046.04,-6292.755,491.53499999999997,-30000.6,-12338.055,-4250.5199999999995
-10664.64,-11513.564999999999,-22032.629999999997,-6305.3099999999995,494.37,-30056.355,-12343.904999999999,-4250.835
-10632.015,-11479.005,-21992.579999999998,-6261.255,557.055,-29923.649999999998,-12348.99,-4231.3949999999995
-10655.82,-11509.199999999999,-22024.215,-6273.99,570.78,-29821.725,-12345.66,-4252.5
-10697.94,-11569.77,-22090.32,-6353.415,509.31,-29928.824999999997,-12320.055,-4268.474999999999
-10684.17,-11590.02,-22109.985,-6394.41,461.43,-30039.75,-12340.215,-4247.6849999999995
-10700.685,-11587.365,-22124.879999999997,-6430.995,392.21999999999997,-30115.26,-12402.045,-4268.655
-10679.49,-11529.63,-22067.055,-6376.32,471.33,-30024.495,-12346.244999999999,-4249.305
-10640.34,-11479.05,-22001.67,-6237.54,611.91,-29841.57,-12294.09,-4226.58
-10707.255,-11545.244999999999,-22044.915,-6271.065,545.085,-29885.985,-12271.59,-4280.805
-10725.029999999999,-11598.525,-22114.62,-6354.09,496.53,-29903.625,-12246.975,-4269.96
-10673.64,-11540.88,-22066.11,-6302.61,557.91,-29875.32,-12265.199999999999,-4229.505
-10646.595,-11541.375,-22048.875,-6294.69,578.43,-29844.855,-12221.73,-4201.0199999999995
-10637.145,-11531.654999999999,-22037.85,-6255.945,623.52,-29832.57,-12300.255,-4222.125
-10711.529999999999,-11545.515,-22056.165,-6287.67,547.92,-29911.14,-12393.945,-4314.24
-10733.22,-11572.38,-22084.065,-6342.795,451.26,-30020.129999999997,-12402.675,-4318.245
-10655.324999999999,-11497.59,-22028.625,-6320.385,438.97499999999997,-30062.969999999998,-12347.64,-4250.79
-10638.225,-11486.564999999999,-22008.375,-6295.23,483.39,-29995.289999999997,-12245.535,-4206.15
-10659.869999999999,-11545.38,-22061.745,-6308.054999999999,505.08,-29913.39,-12198.6,-4192.74
-10666.935,-11540.97,-22058.954999999998,-6296.49,544.77,-29877.84,-12285.045,-4233.105
-10706.4,-11568.105,-22095.945,-6342.57,510.79499999999996,-29920.59,-12322.17,-4273.605
-10693.484999999999,-11553.39,-22065.614999999998,-6314.804999999999,528.885,-29924.864999999998,-12292.064999999999,-4256.235
-10667.295,-11548.845,-22069.44,-6319.17,517.905,-29934.495,-12252.555,-4215.375
-10674.09,-11538.539999999999,-22068.18,-6331.23,503.23499999999996,-29931.48,-12289.14,-4224.78
-10680.164999999999,-11533.68,-22053.105,-6316.0199999999995,518.22,-29929.274999999998,-12311.279999999999,-4241.474999999999
-10671.119999999999,-11521.845,-22041.495,-6295.724999999999,543.645,-29920.5,-12305.205,-4249.26
-10681.695,-11532.33,-22052.745,-6305.715,544.4549999999999,-29906.055,-12304.439999999999,-4262.13
-10678.23,-11529.855,-22052.16,-6311.34,535.9499999999999,-29922.164999999997,-12306.555,-4264.0199999999995
-10691.64,-11549.07,-22070.879999999997,-6346.125,481.77,-29981.925,-12328.83,-4264.74
-10703.475,-11572.38,-22095.54,-6363.63,465.255,-29987.46,-12333.015,-4256.55
-10679.94,-11539.035,-22057.065,-6312.69,521.505,-29917.125,-12297.015,-4250.79
-10679.984999999999,-11536.515,-22055.535,-6314.219999999999,539.415,-29920.364999999998,-12295.8,-4252.995
-10666.17,-11529.765,-22052.385,-6319.755,532.17,-29942.864999999998,-12305.34,-4232.43
-10668.195,-11531.925,-22057.92,-6322.724999999999,513.225,-29996.594999999998,-12352.23,-4240.9349999999995
-10674.99,-11539.215,-22061.61,-6308.91,516.15,-29988.09,-12316.005,-4244.264999999999
-10653.57,-11517.21,-22023.18,-6279.389999999999,517.68,-29930.805,-12301.83,-4231.845
-10629.99,-11484.135,-21978.855,-6231.33,576.99,-29848.68,-12298.814999999999,-4229.19
-10652.175,-11496.914999999999,-22011.254999999997,-6269.355,551.655,-29910.555,-12343.185,-4255.065
-10702.71,-11558.97,-22073.94,-6327.54,514.395,-29964.465,-12364.605,-4265.37
-10681.965,-11560.005,-22076.73,-6320.61,539.865,-29900.61,-12273.3,-4227.165
-10648.395,-11511.045,-22030.425,-6281.37,564.7049999999999,-29915.64,-12276.765,-4222.71
-10679.13,-11539.17,-22059.54,-6303.465,535.86,-29968.829999999998,-12311.865,-4262.22
-10651.41,-11489.58,-21999.735,-6254.639999999999,552.78,-29891.114999999998,-12266.775,-4240.71
-10684.71,-11523.285,-22023.855,-6291.135,509.84999999999997,-29856.329999999998,-12264.164999999999,-4257.45
-10727.64,-11573.865,-22077.809999999998,-6350.58,462.825,-29960.1,-12333.465,-4289.805
-10693.125,-11564.46,-22073.175,-6338.88,477.945,-29987.37,-12331.845,-4237.695
-10647.765,-11527.244999999999,-22046.129999999997,-6314.804999999999,511.515,-29922.75,-12279.015,-4200.57
-10653.164999999999,-11502.27,-22010.805,-6297.344999999999,530.37,-29856.6,-12300.84,-4232.61
-10649.52,-11500.695,-22022.325,-6287.8949999999995,541.62,-29876.219999999998,-12331.529999999999,-4245.93
-10665.27,-11511.27,-22026.555,-6282.855,530.685,-29885.85,-12298.814999999999,-4259.205
-10696.904999999999,-11557.26,-22064.489999999998,-6325.38,479.96999999999997,-29947.59,-12293.414999999999,-4285.485
-10680.705,-11523.96,-22043.565,-6314.219999999999,489.825,-29975.355,-12296.97,-4274.099999999999
-10645.92,-11478.24,-22000.77,-6277.455,552.465,-29891.43,-12282.39,-4236.93
-10653.75,-11515.77,-22041.629999999997,-6319.755,541.26,-29873.07,-12273.705,-4199.76
-10660.005,-11525.445,-22053.96,-6355.17,512.595,-29907.045,-12330.855,-4221.405
-10647.675,-11524.904999999999,-22057.469999999998,-6359.355,475.695,-29986.739999999998,-12301.38,-4211.865
-10669.545,-11549.295,-22081.364999999998,-6361.65,461.60999999999996,-30049.245,-12330.63,-4227.885
-10750.005,-11627.369999999999,-22142.969999999998,-6342.03,502.10999999999996,-30009.87,-12343.14,-4300.83
-10735.154999999999,-11589.48,-22104.27,-6309.54,546.12,-29888.28,-12276.359999999999,-4298.625
-10683.09,-11519.189999999999,-22035.329999999998,-6268.679999999999,577.62,-29898.18,-12281.355,-4264.38
-10666.305,-11511.045,-22025.43,-6270.4349999999995,558.54,-29907.989999999998,-12251.744999999999,-4243.095
-10674.9,-11525.715,-22041.315,-6288.75,550.26,-29878.335,-12273.795,-4252.59
-10694.475,-11552.895,-22068.09,-6322.724999999999,515.745,-29928.555,-12331.89,-4259.88
-10678.725,-11547.945,-22060.71,-6315.48,516.96,-29901.465,-12300.029999999999,-4236.795
-10685.925,-11557.484999999999,-22081.454999999998,-6344.46,478.575,-29950.605,-12308.895,-4246.245
-10687.59,-11544.119999999999,-22068.09,-6337.755,487.305,-29967.93,-12347.279999999999,-4264.0199999999995
-10642.77,-11502.27,-22023.135,-6276.554999999999,558.135,-29919.914999999997,-12348.63,-4234.68
-10653.93,-11533.904999999999,-22056.3,-6299.865,542.88,-29913.434999999998,-12295.98,-4229.955
-10666.664999999999,-11536.154999999999,-22064.175,-6314.67,534.375,-29905.379999999997,-12237.119999999999,-4229.1449999999995
-10676.565,-11537.955,-22063.725,-6315.57,533.385,-29963.114999999998,-12321.27,-4246.514999999999
-10683.945,-11538.945,-22075.515,-6327.045,539.235,-30019.545,-12404.025,-4263.705
-10686.465,-11537.055,-22075.515,-6338.205,558.27,-29967.434999999998,-12354.48,-4266.54
-10668.96,-11524.365,-22054.77,-6345.945,572.4,-29878.965,-12311.01,-4249.26
-10629.225,-11476.035,-22020.66,-6296.264999999999,573.48,-29876.085,-12313.755,-4222.665
-10632.465,-11491.154999999999,-22058.64,-6371.73,444.41999999999996,-29952.539999999997,-12312.765,-4217.355
-10681.244999999999,-11556.27,-22103.82,-6428.25,382.40999999999997,-30048.3,-12361.365,-4253.13
-10695.555,-11562.21,-22071.69,-6314.804999999999,486.945,-29975.579999999998,-12341.609999999999,-4259.565
-10687.23,-11549.43,-22060.305,-6285.96,512.9549999999999,-29896.92,-12267.855,-4234.995
-10684.664999999999,-11559.015,-22065.614999999998,-6299.505,513.585,-29930.129999999997,-12283.65,-4236.93
-10685.385,-11558.744999999999,-22073.265,-6310.215,510.65999999999997,-29933.684999999998,-12308.175,-4250.5199999999995
-10685.07,-11530.845,-22051.665,-6291.2699999999995,536.355,-29917.395,-12335.039999999999,-4265.055
-10671.029999999999,-11509.335,-22033.305,-6282.45,542.385,-29930.895,-12324.6,-4261.724999999999
-10676.654999999999,-11522.385,-22043.295,-6299.594999999999,516.915,-29988.719999999998,-12316.949999999999,-4266.585
-10681.875,-11536.425,-22057.875,-6310.62,516.15,-30011.085,-12394.125,-4284.36
-10717.289999999999,-11602.26,-22115.61,-6340.59,518.13,-29946.69,-12384.27,-4292.73
-10689.795,-11558.43,-22080.6,-6319.17,512.145,-29900.204999999998,-12294.449999999999,-4248.764999999999
-10632.869999999999,-11457.81,-21985.515,-6257.474999999999,547.515,-29916.539999999997,-12239.73,-4203.585
-10639.755,-11481.029999999999,-22005.719999999998,-6277.815,531.9449999999999,-29920.004999999997,-12243.645,-4211.82
-10694.025,-11561.31,-22082.67,-6338.61,495.585,-29930.489999999998,-12280.545,-4246.335
-10684.619999999999,-11551.23,-22079.879999999997,-6327.719999999999,511.83,-29957.715,-12318.66,-4242.15
-10701.225,-11545.47,-22073.175,-6333.48,501.16499999999996,-29958.164999999997,-12302.055,-4268.474999999999
-10721.88,-11583.63,-22103.954999999998,-6351.21,507.87,-29912.175,-12320.73,-4298.49
-10660.904999999999,-11506.814999999999,-22026.465,-6275.07,574.47,-29885.129999999997,-12338.55,-4269.24
-10606.455,-11440.439999999999,-21963.42,-6227.82,589.095,-29883.42,-12314.115,-4206.555
-10653.525,-11511.404999999999,-22040.82,-6305.04,510.84,-29976.614999999998,-12352.005,-4210.29
-10727.64,-11597.715,-22125.69,-6380.415,463.185,-29994.84,-12336.795,-4265.639999999999
-10697.49,-11557.755,-22077.54,-6327.99,513.855,-29960.504999999997,-12304.484999999999,-4257.315
-10681.74,-11537.955,-22057.425,-6315.525,495.315,-30020.219999999998,-12316.455,-4257.99
-10679.67,-11522.43,-22046.489999999998,-6307.469999999999,510.03,-29951.594999999998,-12285.765,-4257.405
-10660.41,-11514.06,-22042.98,-6300.945,531.72,-29893.905,-12294.539999999999,-4224.51
-10641.105,-11497.994999999999,-22024.079999999998,-6279.84,559.665,-29883.914999999997,-12291.164999999999,-4204.98
-10649.07,-11499.615,-22026.915,-6279.66,564.39,-29887.695,-12263.535,-4223.34
-10681.785,-11529.449999999999,-22053.239999999998,-6306.21,531.855,-29918.43,-12298.32,-4264.29
-10694.744999999999,-11547.945,-22073.445,-6338.835,486.585,-29983.725,-12344.895,-4270.139999999999
-10657.08,-11520.63,-22046.715,-6313.094999999999,493.78499999999997,-30039.704999999998,-12388.77,-4237.065
-10664.82,-11546.595,-22065.075,-6307.065,505.305,-30016.934999999998,-12411.314999999999,-4254.974999999999
-10702.89,-11578.41,-22111.515,-6357.599999999999,469.62,-29989.844999999998,-12357.0,-4279.455
-10694.07,-11537.279999999999,-22073.085,-6341.625,501.47999999999996,-29914.605,-12266.685,-4258.9349999999995
-10681.875,-11537.865,-22062.69,-6325.65,525.465,-29904.614999999998,-12258.72,-4233.69
-10675.619999999999,-11537.64,-22059.945,-6311.88,543.1949999999999,-29900.925,-12250.17,-4223.745
-10692.315,-11560.545,-22089.329999999998,-6340.455,520.11,-29935.89,-12287.564999999999,-4251.33
-10699.02,-11568.285,-22096.844999999998,-6332.535,526.995,-29973.735,-12318.39,-4260.33
-10682.1,-11522.789999999999,-22049.055,-6310.08,502.245,-30031.289999999997,-12341.97,-4249.845
-10677.914999999999,-11518.244999999999,-22044.87,-6319.215,474.29999999999995,-30080.699999999997,-12377.609999999999,-4253.264999999999
-10692.765,-11537.324999999999,-22053.149999999998,-6321.78,497.52,-29972.655,-12390.93,-4283.28
-10697.22,-11532.824999999999,-22041.855,-6318.54,519.12,-29846.43,-12333.195,-4299.615
-10689.21,-11518.47,-22030.965,-6326.01,521.055,-29857.815,-12268.619999999999,-4272.165
-10673.234999999999,-11535.48,-22067.684999999998,-6363.63,507.645,-29946.6,-12263.49,-4224.105
-10676.295,-11545.244999999999,-22081.905,-6353.415,512.9549999999999,-29973.105,-12327.119999999999,-4234.59
-10668.375,-11527.515,-22065.48,-6347.429999999999,473.76,-29991.645,-12379.59,-4242.735
-10698.029999999999,-11574.494999999999,-22101.3,-6353.955,462.195,-29966.265,-12354.164999999999,-4261.905
-10719.945,-11592.539999999999,-22114.125,-6329.115,466.38,-29964.015,-12310.335,-4273.65
-10700.775,-11537.73,-22060.395,-6292.215,517.995,-29935.754999999997,-12289.41,-4264.2
-10645.605,-11486.43,-22020.93,-6289.605,567.72,-29891.879999999997,-12303.09,-4230.99
-10584.765,-11440.574999999999,-22005.855,-6275.925,586.125,-29888.055,-12342.15,-4186.44
-10636.605,-11501.955,-22071.915,-6333.795,520.47,-29898.765,-12274.47,-4209.12
-10718.64,-11583.63,-22115.07,-6374.429999999999,495.67499999999995,-29967.795,-12293.865,-4264.875
-10705.455,-11553.705,-22057.11,-6307.83,577.98,-29928.6,-12336.795,-4270.455
-10716.84,-11555.64,-22067.19,-6300.63,553.14,-29936.43,-12356.189999999999,-4297.365
-10763.055,-11601.675,-22118.265,-6358.094999999999,467.505,-29976.254999999997,-12346.605,-4340.295
-10736.865,-11586.24,-22105.215,-6344.82,474.29999999999995,-29952.18,-12314.295,-4302.8099999999995
-10639.215,-11506.32,-22028.67,-6271.155,558.0,-29896.965,-12274.289999999999,-4200.795
-10619.775,-11481.93,-22004.28,-6244.514999999999,587.295,-29896.425,-12304.215,-4205.745
-10658.43,-11505.285,-22035.78,-6282.945,569.43,-29908.079999999998,-12319.02,-4237.83
-10653.074999999999,-11499.074999999999,-22027.815,-6289.245,538.47,-29947.364999999998,-12343.68,-4225.32
-10705.815,-11575.125,-22106.565,-6370.92,426.78,-30043.395,-12371.939999999999,-4263.705
-10681.425,-11541.779999999999,-22075.155,-6340.7699999999995,466.695,-29996.28,-12350.115,-4253.67
-10667.789999999999,-11520.404999999999,-22051.395,-6309.99,511.335,-29939.355,-12292.605,-4240.845
-10656.0,-11518.65,-22052.25,-6310.304999999999,510.255,-29944.53,-12325.23,-4226.535
-10694.565,-11567.52,-22098.239999999998,-6356.025,457.155,-30000.329999999998,-12348.18,-4251.24
-10690.83,-11574.045,-22096.844999999998,-6341.445,470.385,-29995.92,-12327.93,-4254.4349999999995
-10694.699999999999,-11537.145,-22067.91,-6336.54,454.905,-30047.399999999998,-12325.5,-4276.9349999999995
-10709.055,-11546.055,-22068.855,-6357.014999999999,397.305,-30138.614999999998,-12347.369999999999,-4307.264999999999
-10654.199999999999,-11517.57,-22046.94,-6313.815,470.43,-30045.555,-12335.76,-4242.465
-10622.789999999999,-11458.755,-21989.655,-6245.865,599.0849999999999,-29902.05,-12377.295,-4202.595
-10690.425,-11538.494999999999,-22062.465,-6309.045,571.995,-29866.094999999998,-12321.72,-4237.245
-10701.855,-11555.955,-22084.785,-6336.945,514.53,-29916.09,-12315.375,-4250.43
-10647.539999999999,-11504.025,-22035.87,-6289.83,537.795,-29925.18,-12380.13,-4232.07
-10656.09,-11514.195,-22045.05,-6297.66,533.0699999999999,-29913.344999999998,-12336.119999999999,-4240.44
-10711.08,-11578.77,-22112.73,-6362.73,485.775,-29922.84,-12256.965,-4263.165
-10709.82,-11576.699999999999,-22102.515,-6350.219999999999,491.53499999999997,-29910.059999999998,-12283.515,-4267.889999999999
-10702.98,-11555.324999999999,-22087.8,-6350.94,483.12,-29934.585,-12296.97,-4272.345
-10686.869999999999,-11530.35,-22054.59,-6327.495,510.12,-29933.504999999997,-12311.64,-4259.61
-10677.914999999999,-11530.395,-22047.704999999998,-6313.815,528.975,-29940.164999999997,-12325.545,-4255.92
-10674.09,-11529.404999999999,-22038.57,-6287.535,563.4449999999999,-29901.239999999998,-12312.855,-4246.425
-10664.82,-11500.289999999999,-22024.215,-6267.285,587.5649999999999,-29917.89,-12302.055,-4229.37
-10687.904999999999,-11527.425,-22054.14,-6316.11,541.665,-29932.695,-12317.039999999999,-4248.764999999999
-10725.795,-11572.02,-22099.094999999998,-6358.23,483.255,-29956.77,-12344.939999999999,-4283.91
-10695.105,-11541.824999999999,-22066.29,-6305.3099999999995,541.305,-29926.62,-12325.005,-4253.715
-10669.994999999999,-11512.664999999999,-22042.98,-6301.755,535.05,-29909.52,-12323.43,-4252.455
-10700.505,-11539.215,-22067.774999999998,-6358.05,464.35499999999996,-29940.21,-12286.755,-4280.264999999999
-10727.775,-11586.869999999999,-22118.895,-6371.865,477.18,-29920.14,-12212.865,-4275.675
-10686.734999999999,-11551.635,-22090.725,-6323.13,505.935,-29929.545,-12308.265,-4236.93
-10659.015,-11528.505,-22081.32,-6300.0,527.22,-29957.489999999998,-12393.045,-4236.075
-10659.69,-11507.265,-22051.62,-6294.554999999999,529.335,-29949.57,-12393.225,-4246.74
-10663.335,-11491.47,-22009.05,-6298.38,527.895,-29909.745,-12353.58,-4249.665
-10663.289999999999,-11494.89,-22000.86,-6305.219999999999,530.37,-29877.93,-12307.32,-4243.59
-10667.835,-11509.154999999999,-22030.245,-6298.92,530.37,-29932.379999999997,-12349.529999999999,-4251.78
-10715.445,-11572.515,-22103.28,-6373.9349999999995,465.84,-30023.64,-12362.939999999999,-4278.465
-10696.005,-11563.515,-22103.73,-6384.69,450.09,-30000.285,-12307.859999999999,-4242.69
-10654.785,-11506.275,-22044.555,-6319.665,492.255,-29967.434999999998,-12368.205,-4238.28
-10681.785,-11535.345,-22069.485,-6316.155,495.945,-30020.175,-12410.1,-4255.425
-10711.395,-11579.22,-22111.065,-6353.865,438.885,-30056.94,-12339.494999999999,-4255.5599999999995
-10684.845,-11550.195,-22091.129999999997,-6402.15,428.58,-29994.164999999997,-12276.72,-4239.18
-10677.96,-11536.695,-22080.42,-6406.965,471.195,-29994.12,-12338.91,-4245.345
-10690.74,-11549.025,-22082.219999999998,-6336.675,539.73,-29917.98,-12321.63,-4253.355
-10690.289999999999,-11549.97,-22074.795,-6306.525,540.585,-29931.3,-12319.56,-4254.165
-10688.895,-11542.14,-22073.535,-6346.889999999999,479.47499999999997,-29987.28,-12311.775,-4259.835
-10676.88,-11516.805,-22048.29,-6327.045,485.505,-29941.695,-12260.744999999999,-4255.695
-10704.195,-11540.609999999999,-22062.42,-6315.344999999999,486.04499999999996,-29937.96,-12304.395,-4283.73
-10710.404999999999,-11558.205,-22072.77,-6283.8,533.2049999999999,-29923.245,-12363.345,-4284.945
-10678.545,-11524.32,-22038.39,-6254.82,585.09,-29859.524999999998,-12344.445,-4263.075
-10681.65,-11543.22,-22066.92,-6297.705,534.645,-29927.204999999998,-12344.625,-4248.224999999999
-10695.645,-11568.33,-22100.535,-6340.094999999999,494.685,-29962.35,-12267.27,-4242.33
-10659.555,-11539.755,-22072.815,-6314.804999999999,521.73,-29954.34,-12325.365,-4215.96
-10649.789999999999,-11512.71,-22052.969999999998,-6310.62,502.02,-29975.309999999998,-12335.31,-4212.405
-10667.88,-11524.005,-22057.469999999998,-6318.764999999999,475.02,-30047.94,-12348.314999999999,-4231.305
-10677.869999999999,-11517.57,-22051.079999999998,-6317.054999999999,475.155,-30061.079999999998,-12372.164999999999,-4248.45
-10679.22,-11521.215,-22059.09,-6331.23,472.40999999999997,-29986.605,-12366.72,-4250.79
-10674.72,-11536.74,-22066.605,-6319.17,503.01,-29952.18,-12349.89,-4246.47
-10667.295,-11520.18,-22047.48,-6292.304999999999,536.715,-29916.899999999998,-12358.664999999999,-4258.755
-10676.25,-11535.885,-22052.204999999998,-6295.86,539.9549999999999,-29916.315,-12367.89,-4263.03
-10661.805,-11511.449999999999,-22037.129999999997,-6284.429999999999,558.9449999999999,-29873.07,-12302.414999999999,-4231.8
-10669.32,-11508.029999999999,-22043.879999999997,-6303.42,528.75,-29917.079999999998,-12313.89,-4235.4
-10691.82,-11551.545,-22096.8,-6349.815,478.755,-29983.274999999998,-12306.779999999999,-4240.9349999999995
-10668.375,-11514.689999999999,-22048.695,-6314.49,506.025,-29958.12,-12277.125,-4226.13
-10664.414999999999,-11508.705,-22037.399999999998,-6298.875,511.56,-29990.52,-12282.57,-4227.21
-10669.095,-11520.314999999999,-22050.675,-6312.105,499.32,-30005.55,-12331.574999999999,-4237.245
-10688.22,-11534.984999999999,-22061.969999999998,-6316.2,510.93,-29951.01,-12356.73,-4267.665
-10729.08,-11583.09,-22110.165,-6357.915,479.07,-29963.52,-12326.445,-4293.18
-10703.295,-11554.064999999999,-22084.92,-6332.849999999999,507.51,-29932.649999999998,-12319.064999999999,-4266.675
-10656.27,-11497.814999999999,-22032.45,-6289.785,521.505,-29955.96,-12352.32,-4232.565
-10665.585,-11516.13,-22052.745,-6313.86,491.21999999999997,-30010.905,-12377.115,-4242.24
-10704.105,-11555.955,-22089.915,-6356.295,486.18,-29974.59,-12343.23,-4278.15
-10714.14,-11565.539999999999,-22091.445,-6353.19,507.51,-29902.364999999998,-12315.555,-4288.275
-10691.19,-11522.88,-22053.555,-6322.23,523.26,-29917.395,-12335.715,-4286.385
-10674.27,-11503.619999999999,-22039.965,-6330.87,506.565,-29952.045,-12308.939999999999,-4257.99
-10632.24,-11477.07,-22010.579999999998,-6266.745,582.255,-29898.36,-12274.47,-4197.465
-10637.91,-11491.74,-22023.899999999998,-6260.625,574.6949999999999,-29923.649999999998,-12254.805,-4195.665
-10708.965,-11588.22,-22135.364999999998,-6340.365,514.395,-29992.094999999998,-12333.734999999999,-4250.745
-10727.145,-11608.289999999999,-22167.765,-6345.764999999999,526.68,-29972.204999999998,-12399.119999999999,-4277.474999999999
-10703.609999999999,-11549.88,-22079.61,-6303.105,556.785,-29934.405,-12344.715,-4260.375
-10664.73,-11498.895,-22002.84,-6251.715,582.39,-29888.594999999998,-12278.34,-4228.0199999999995
-10664.955,-11505.645,-22023.675,-6265.575,558.63,-29909.789999999997,-12319.38,-4238.55
-10694.205,-11552.58,-22089.149999999998,-6337.26,489.465,-29973.195,-12377.34,-4264.514999999999
-10689.66,-11559.869999999999,-22098.105,-6345.54,458.90999999999997,-29991.555,-12351.42,-4254.615
-10676.475,-11544.615,-22098.239999999998,-6358.815,447.79499999999996,-29996.37,-12308.4,-4231.26
-10637.865,-11483.91,-22018.905,-6318.855,479.92499999999995,-29961.36,-12318.3,-4214.5199999999995
-10582.02,-11421.945,-21946.95,-6238.215,583.0649999999999,-29880.719999999998,-12294.27,-4172.8949999999995
-10626.074999999999,-11472.39,-21994.559999999998,-6243.03,585.135,-29934.765,-12343.545,-4213.845
-10752.975,-11627.145,-22155.48,-6411.554999999999,411.47999999999996,-30066.12,-12388.904999999999,-4300.425
-10737.72,-11590.47,-22123.62,-6379.92,446.445,-29991.329999999998,-12363.84,-4288.59
-10697.76,-11542.14,-22064.94,-6311.655,521.46,-29914.379999999997,-12302.145,-4253.985
-10673.369999999999,-11535.164999999999,-22066.155,-6328.844999999999,496.03499999999997,-29988.585,-12328.515,-4228.965
-10659.105,-11511.675,-22054.454999999998,-6329.385,513.27,-29990.295,-12340.529999999999,-4227.525
-10670.94,-11521.08,-22063.23,-6335.19,532.98,-29938.23,-12303.314999999999,-4234.139999999999
-10676.295,-11529.314999999999,-22068.405,-6327.855,533.52,-29913.344999999998,-12315.824999999999,-4238.415
-10675.484999999999,-11529.855,-22071.329999999998,-6328.98,495.765,-29953.53,-12340.89,-4240.665
-10692.765,-11550.734999999999,-22088.295,-6357.87,470.07,-29982.78,-12329.234999999999,-4251.42
-10690.335,-11546.955,-22078.17,-6323.085,481.455,-30007.62,-12322.125,-4247.955
-10688.715,-11540.835,-22070.969999999998,-6319.215,483.34499999999997,-30012.39,-12317.175,-4249.215
-10690.47,-11542.005,-22072.77,-6320.88,510.21,-29956.5,-12348.314999999999,-4258.71
-10690.154999999999,-11536.199999999999,-22065.48,-6312.735,530.865,-29926.079999999998,-12373.92,-4266.63
-10704.105,-11546.91,-22072.905,-6323.13,522.4499999999999,-29940.21,-12326.805,-4276.17
-10686.96,-11528.685,-22055.94,-6314.13,520.965,-29944.98,-12268.664999999999,-4254.57
-10634.039999999999,-11483.414999999999,-22016.16,-6278.175,541.5749999999999,-29943.675,-12265.064999999999,-4200.12
-10636.965,-11514.779999999999,-22037.085,-6289.469999999999,520.29,-29953.89,-12277.845,-4204.98
-10685.654999999999,-11582.91,-22111.965,-6354.764999999999,463.635,-29996.73,-12328.064999999999,-4241.79
-10718.19,-11572.02,-22117.635,-6378.3,459.63,-29974.004999999997,-12338.324999999999,-4265.28
-10690.335,-11539.215,-22070.25,-6321.0599999999995,526.905,-29935.844999999998,-12373.244999999999,-4256.82
-10649.654999999999,-11495.97,-22014.27,-6256.349999999999,574.155,-29954.475,-12473.505,-4245.93
-10674.63,-11507.805,-22025.655,-6271.469999999999,541.665,-29970.765,-12430.439999999999,-4275.09
-10687.14,-11526.21,-22059.765,-6316.11,506.205,-29981.61,-12362.22,-4268.79
-10668.465,-11512.035,-22048.155,-6318.45,506.7,-29966.489999999998,-12280.275,-4226.625
-10657.98,-11526.029999999999,-22050.989999999998,-6315.165,539.8199999999999,-29885.445,-12237.345,-4217.3099999999995
-10672.83,-11534.58,-22071.735,-6346.3949999999995,512.8199999999999,-29913.164999999997,-12257.189999999999,-4239.945
-10737.09,-11574.99,-22114.575,-6420.87,418.905,-30002.489999999998,-12307.275,-4272.03
-10685.07,-11523.734999999999,-22047.434999999998,-6311.115,528.345,-29891.16,-12311.145,-4239.72
-10621.755,-11456.145,-21983.129999999997,-6209.054999999999,615.42,-29878.02,-12332.925,-4215.599999999999
-10650.24,-11479.275,-22010.129999999997,-6255.2699999999995,567.855,-29931.254999999997,-12363.615,-4255.245
-10724.49,-11564.414999999999,-22098.645,-6352.83,482.265,-29977.245,-12364.965,-4305.555
-10732.68,-11580.029999999999,-22113.045,-6354.719999999999,481.85999999999996,-29997.405,-12359.115,-4289.8949999999995
-10711.755,-11559.105,-22082.579999999998,-6329.745,501.885,-30001.815,-12335.22,-4257.72
-10673.775,-11526.66,-22060.665,-6310.98,535.275,-29924.864999999998,-12249.945,-4231.08
-10666.305,-11516.355,-22033.665,-6295.05,537.525,-29898.405,-12283.92,-4233.6449999999995
-10644.029999999999,-11503.619999999999,-22018.815,-6279.12,526.3199999999999,-29956.14,-12403.35,-4215.105
-10653.795,-11497.365,-22027.14,-6315.66,474.12,-30096.855,-12419.46,-4220.37
-10691.73,-11539.395,-22060.844999999998,-6355.62,452.60999999999996,-30057.704999999998,-12346.02,-4242.105
-10725.795,-11586.914999999999,-22119.344999999998,-6386.219999999999,485.145,-29952.945,-12316.455,-4270.095
-10701.9,-11559.33,-22113.225,-6348.33,559.305,-29880.225,-12283.74,-4261.815
-10694.699999999999,-11548.619999999999,-22086.765,-6334.38,514.395,-29889.989999999998,-12286.484999999999,-4253.8949999999995
-10692.72,-11545.83,-22064.085,-6347.655,455.66999999999996,-29926.17,-12314.835,-4252.41
-10694.295,-11542.904999999999,-22062.285,-6349.724999999999,485.685,-29933.864999999998,-12337.154999999999,-4258.3949999999995
-10691.73,-11540.115,-22073.129999999997,-6339.014999999999,507.10499999999996,-29949.84,-12361.77,-4259.25
-10690.109999999999,-11538.99,-22074.344999999998,-6336.719999999999,528.48,-29958.57,-12361.275,-4257.9
-10670.4,-11517.93,-22045.545,-6294.6449999999995,528.84,-30005.504999999997,-12344.49,-4238.775
-10653.57,-11500.289999999999,-22028.445,-6285.735,510.84,-30051.09,-12349.619999999999,-4227.165
-10654.154999999999,-11507.984999999999,-22044.51,-6324.57,455.265,-30064.41,-12347.595,-4227.345
-10695.779999999999,-11567.744999999999,-22087.934999999998,-6355.62,442.08,-29938.545,-12327.885,-4257.045
-10670.355,-11552.58,-22069.844999999998,-6321.42,516.6899999999999,-29898.855,-12349.215,-4238.955
-10666.484999999999,-11519.369999999999,-22054.454999999998,-6303.24,529.335,-29933.594999999998,-12325.05,-4237.11
-10685.565,-11532.555,-22069.89,-6334.245,475.245,-29970.629999999997,-12311.685,-4243.32
-10692.539999999999,-11545.47,-22082.895,-6356.474999999999,464.49,-29975.129999999997,-12329.595,-4252.23
-10688.265,-11543.625,-22081.41,-6359.94,488.78999999999996,-29924.19,-12339.27,-4256.01
-10683.404999999999,-11548.529999999999,-22084.829999999998,-6364.304999999999,468.35999999999996,-29968.829999999998,-12340.755,-4255.38
-10675.845,-11544.795,-22077.225,-6332.4,507.73499999999996,-29958.434999999998,-12331.529999999999,-4255.74
-10684.619999999999,-11530.484999999999,-22053.51,-6272.37,572.67,-29933.145,-12347.685,-4269.33
-10685.385,-11531.654999999999,-22066.829999999998,-6315.344999999999,526.3199999999999,-29957.805,-12360.465,-4254.075
-10680.029999999999,-11526.93,-22064.94,-6324.66,495.945,-29982.015,-12344.58,-4235.13
-10678.32,-11530.17,-22065.344999999998,-6307.469999999999,508.455,-29960.19,-12304.529999999999,-4234.635
-10678.77,-11546.91,-22079.43,-6314.58,522.405,-29959.739999999998,-12315.51,-4231.575
-10681.154999999999,-11549.52,-22083.3,-6323.715,504.81,-29998.89,-12339.314999999999,-4247.28
-10662.525,-11520.359999999999,-22053.105,-6305.085,519.12,-29974.545,-12336.39,-4250.115
-10660.59,-11495.475,-22035.015,-6284.115,545.265,-29937.69,-12346.695,-4263.84
-10697.22,-11509.38,-22026.825,-6286.23,542.295,-29940.12,-12326.49,-4280.76
-10671.255,-11505.96,-22027.274999999998,-6278.94,564.345,-29910.285,-12292.02,-4237.605
-10624.545,-11469.375,-21996.675,-6242.13,612.5849999999999,-29885.175,-12352.185,-4196.5199999999995
-10655.865,-11506.5,-22029.84,-6274.844999999999,577.53,-29891.745,-12344.67,-4221.8099999999995
-10715.58,-11589.57,-22115.114999999998,-6353.865,480.96,-29949.795,-12319.38,-4255.74
-10669.005,-11522.025,-22055.895,-6301.62,546.975,-29918.925,-12318.66,-4233.195
-10671.885,-11517.705,-22050.629999999997,-6309.495,546.48,-29925.36,-12303.18,-4240.665
-10710.404999999999,-11576.654999999999,-22111.965,-6379.0199999999995,484.245,-29982.6,-12341.789999999999,-4276.125
-10742.265,-11594.835,-22124.565,-6371.82,476.28,-30013.605,-12391.785,-4305.87
-10694.565,-11524.41,-22050.045,-6315.48,494.28,-30055.41,-12432.105,-4281.345
-10676.43,-11526.255,-22068.0,-6356.88,432.85499999999996,-30097.62,-12392.865,-4257.63
-10700.685,-11575.305,-22126.004999999997,-6403.5,411.75,-30058.829999999998,-12323.699999999999,-4247.46
-10718.775,-11585.744999999999,-22127.04,-6358.679999999999,516.51,-29960.28,-12325.365,-4270.23
-10699.02,-11553.345,-22088.565,-6326.235,553.365,-29963.879999999997,-12377.34,-4271.985
-10675.125,-11530.619999999999,-22066.379999999997,-6337.08,556.02,-29956.59,-12375.63,-4258.44
-10677.33,-11537.64,-22083.03,-6372.585,515.475,-29970.945,-12318.3,-4248.18
-10697.445,-11558.88,-22099.41,-6390.45,445.14,-29967.39,-12311.82,-4252.815
-10697.715,-11555.279999999999,-22081.094999999998,-6316.38,465.97499999999997,-29967.39,-12334.814999999999,-4255.65
-10662.029999999999,-11502.0,-22024.53,-6264.045,518.085,-29929.68,-12327.435,-4245.03
-10661.355,-11517.074999999999,-22032.495,-6271.2,564.7049999999999,-29890.664999999997,-12300.93,-4244.58
-10672.02,-11579.76,-22098.645,-6318.585,517.635,-29942.46,-12306.555,-4216.815
-10632.105,-11493.225,-22034.385,-6288.03,520.0649999999999,-29921.219999999998,-12291.795,-4195.305
-10662.074999999999,-11492.73,-22026.105,-6297.66,505.125,-29949.75,-12311.865,-4237.514999999999
-10714.725,-11590.605,-22117.905,-6357.105,467.505,-30006.899999999998,-12346.74,-4261.815
-10720.71,-11576.475,-22109.129999999997,-6340.1849999999995,494.90999999999997,-29990.745,-12334.68,-4256.415
-10693.305,-11538.18,-22081.32,-6327.405,502.78499999999997,-29969.73,-12333.869999999999,-4247.1449999999995
-10673.279999999999,-11521.664999999999,-22062.915,-6315.84,515.43,-29929.14,-12333.105,-4239.2699999999995
-10659.51,-11508.39,-22042.575,-6292.53,546.345,-29900.34,-12329.595,-4233.51
-10666.35,-11512.439999999999,-22040.91,-6289.38,545.9399999999999,-29924.37,-12370.455,-4253.805
-10700.369999999999,-11555.324999999999,-22097.7,-6352.0199999999995,484.245,-29986.92,-12394.89,-4274.099999999999
-10684.44,-11550.105,-22099.364999999998,-6373.53,458.37,-29994.434999999998,-12359.34,-4246.83
-10677.285,-11536.605,-22078.844999999998,-6368.849999999999,449.28,-30017.699999999997,-12356.685,-4245.66
-10682.46,-11533.365,-22078.71,-6371.55,439.515,-30045.285,-12390.119999999999,-4253.849999999999
-10666.845,-11518.47,-22049.82,-6310.53,503.46,-30033.719999999998,-12370.455,-4227.615
-10658.789999999999,-11510.91,-22036.59,-6289.469999999999,504.135,-30046.364999999998,-12384.359999999999,-4226.76
-10681.875,-11536.83,-22069.89,-6322.23,486.945,-30023.73,-12381.975,-4248.855
-10696.455,-11550.914999999999,-22082.129999999997,-6323.4,516.735,-29933.145,-12331.08,-4260.24
-10710.72,-11562.119999999999,-22086.629999999997,-6317.01,546.21,-29876.309999999998,-12293.595,-4273.38
-10710.63,-11558.07,-22079.745,-6306.4349999999995,561.42,-29872.44,-12293.279999999999,-4275.224999999999
-10676.115,-11519.505,-22042.485,-6281.28,575.505,-29886.344999999998,-12321.404999999999,-4251.15
-10681.154999999999,-11532.555,-22062.195,-6316.0199999999995,521.685,-29932.965,-12336.615,-4247.6849999999995
-10685.565,-11538.314999999999,-22068.765,-6323.085,502.2,-29965.59,-12355.74,-4252.139999999999
-10669.68,-11522.025,-22048.829999999998,-6300.405,531.585,-29944.934999999998,-12371.445,-4246.11
-10686.914999999999,-11542.59,-22076.864999999998,-6331.005,499.95,-29961.809999999998,-12365.145,-4259.745
-10696.949999999999,-11556.494999999999,-22078.8,-6338.969999999999,485.90999999999997,-29982.555,-12381.435,-4260.465
-10669.14,-11531.205,-22050.719999999998,-6301.44,532.5749999999999,-29944.664999999997,-12375.539999999999,-4236.705
-10690.965,-11537.955,-22065.12,-6308.19,541.98,-29910.645,-12297.555,-4253.805
-10721.205,-11566.035,-22086.135,-6328.035,514.395,-29932.379999999997,-12291.57,-4280.985
-10672.74,-11520.855,-22037.265,-6279.57,549.81,-29930.895,-12372.57,-4253.985
-10633.23,-11491.965,-22010.805,-6243.57,584.64,-29929.905,-12419.145,-4234.05
-10678.095,-11531.295,-22060.754999999997,-6310.575,507.825,-30001.454999999998,-12416.715,-4275.495
-10735.785,-11590.92,-22120.695,-6386.849999999999,428.895,-30049.155,-12363.66,-4296.33
-10712.52,-11592.765,-22130.64,-6388.38,449.775,-30010.815,-12296.97,-4249.98
-10692.449999999999,-11576.744999999999,-22109.805,-6364.665,464.58,-29995.785,-12296.699999999999,-4230.45
-10673.145,-11547.27,-22071.329999999998,-6321.599999999999,487.89,-29970.449999999997,-12313.664999999999,-4223.745
-10633.275,-11499.074999999999,-22029.614999999998,-6274.62,541.845,-29972.969999999998,-12357.045,-4214.115
-10637.369999999999,-11476.305,-22022.91,-6289.155,507.28499999999997,-30032.64,-12369.689999999999,-4232.565
-10674.404999999999,-11514.689999999999,-22051.844999999998,-6311.79,501.12,-29987.64,-12333.51,-4244.8949999999995
-10683.855,-11547.0,-22065.344999999998,-6301.98,566.595,-29878.155,-12296.88,-4225.995
-10672.83,-11543.445,-22081.094999999998,-6315.165,568.935,-29888.954999999998,-12304.845,-4225.724999999999
-10681.515,-11518.154999999999,-22057.29,-6340.455,514.53,-29974.14,-12364.92,-4252.23
-10698.39,-11551.949999999999,-22095.18,-6390.09,442.16999999999996,-30039.75,-12379.365,-4269.24
-10715.039999999999,-11567.88,-22118.04,-6411.285,401.21999999999997,-30054.015,-12379.994999999999,-4289.3099999999995
-10735.244999999999,-11571.255,-22108.004999999997,-6381.719999999999,468.495,-30023.46,-12403.574999999999,-4316.264999999999
-10694.609999999999,-11536.965,-22066.29,-6298.965,567.9449999999999,-29930.805,-12363.84,-4264.425
-10642.14,-11506.05,-22058.73,-6285.915,524.97,-29972.789999999997,-12351.779999999999,-4209.615
-10671.48,-11545.064999999999,-22110.66,-6386.355,436.77,-29984.715,-12362.895,-4237.11
-10701.855,-11552.265,-22088.7,-6391.304999999999,459.495,-29943.27,-12312.539999999999,-4270.635
-10707.705,-11569.77,-22103.415,-6384.375,428.895,-30025.305,-12342.779999999999,-4263.705
-10676.385,-11542.725,-22079.114999999998,-6314.849999999999,491.35499999999996,-30048.84,-12427.289999999999,-4236.57
-10652.85,-11514.06,-22047.165,-6285.6449999999995,532.395,-30002.399999999998,-12339.945,-4211.955
-10655.82,-11513.654999999999,-22039.379999999997,-6292.44,567.0,-29947.14,-12297.015,-4215.69
-10702.26,-11551.095,-22076.46,-6327.764999999999,518.49,-29955.555,-12354.84,-4271.175
-10698.074999999999,-11536.425,-22054.23,-6306.255,491.805,-29968.289999999997,-12326.805,-4274.19
-10684.08,-11541.06,-22069.89,-6343.0199999999995,440.82,-30010.05,-12274.289999999999,-4244.22
-10652.49,-11519.73,-22057.469999999998,-6321.465,466.74,-30048.48,-12374.91,-4219.605
-10650.51,-11515.455,-22055.94,-6306.974999999999,508.275,-30030.57,-12395.43,-4225.635
-10664.685,-11535.119999999999,-22076.684999999998,-6301.844999999999,562.545,-29910.375,-12331.305,-4234.139999999999
-10696.68,-11559.914999999999,-22090.86,-6333.885,512.055,-29987.01,-12362.4,-4257.945
-10690.335,-11550.869999999999,-22076.73,-6348.105,453.24,-30108.015,-12390.705,-4258.17
-10675.935,-11526.93,-22049.82,-6310.665,455.66999999999996,-30071.52,-12356.955,-4246.47
-10660.41,-11510.775,-22041.18,-6291.495,523.215,-29898.719999999998,-12289.23,-4225.32
-10675.17,-11532.555,-22061.879999999997,-6305.355,528.0749999999999,-29922.344999999998,-12324.555,-4235.58
-10702.395,-11559.869999999999,-22090.41,-6335.325,494.955,-29992.86,-12360.24,-4264.695
-10689.885,-11539.619999999999,-22069.035,-6314.985,525.3299999999999,-29933.73,-12343.859999999999,-4261.995
-10676.789999999999,-11532.914999999999,-22061.204999999998,-6309.495,522.675,-29921.67,-12312.18,-4244.04
-10675.395,-11537.145,-22065.614999999998,-6324.165,505.125,-29948.489999999998,-12336.75,-4242.014999999999
-10676.16,-11532.465,-22061.295,-6315.84,521.505,-29945.024999999998,-12348.855,-4244.58
-10644.615,-11491.064999999999,-22019.625,-6265.755,576.18,-29920.635,-12346.064999999999,-4227.885
-10631.295,-11477.88,-22002.344999999998,-6249.69,576.045,-29939.039999999997,-12376.845,-4234.41
-10710.359999999999,-11571.75,-22095.719999999998,-6332.985,501.255,-30012.704999999998,-12398.939999999999,-4298.04
-10740.734999999999,-11615.22,-22144.5,-6384.285,434.15999999999997,-30069.989999999998,-12426.84,-4305.195
-10693.664999999999,-11576.16,-22093.425,-6335.235,471.78,-30012.704999999998,-12384.27,-4258.349999999999
-10698.255,-11578.365,-22110.614999999998,-6347.07,498.24,-29944.89,-12309.705,-4252.139999999999
-10679.535,-11511.045,-22045.545,-6301.44,542.97,-29915.19,-12316.365,-4250.5199999999995
-10658.115,-11499.525,-22029.165,-6281.37,547.335,-29936.789999999997,-12320.775,-4240.62
-10642.23,-11496.285,-22024.8,-6266.88,558.36,-29919.465,-12284.82,-4236.93
-10637.055,-11475.585,-22006.35,-6255.09,571.23,-29915.19,-12325.68,-4237.92
-10690.199999999999,-11564.369999999999,-22094.954999999998,-6338.429999999999,499.14,-29966.715,-12335.76,-4225.365
-10715.355,-11588.175,-22128.48,-6385.995,434.88,-30032.01,-12316.32,-4237.965
-10704.779999999999,-11555.55,-22093.469999999998,-6358.139999999999,457.02,-30036.555,-12379.77,-4258.305
-10679.265,-11532.96,-22067.37,-6329.385,490.185,-30005.684999999998,-12391.154999999999,-4253.22
-10681.065,-11540.43,-22068.09,-6328.3949999999995,491.94,-29985.12,-12342.645,-4249.98
-10696.455,-11547.359999999999,-22073.399999999998,-6332.085,482.84999999999997,-29986.875,-12307.994999999999,-4253.04
-10667.744999999999,-11522.609999999999,-22049.19,-6305.13,513.405,-29974.995,-12321.585,-4217.715
-10626.164999999999,-11484.045,-22021.2,-6286.365,545.13,-29947.454999999998,-12336.975,-4195.44
-10680.21,-11509.289999999999,-22037.67,-6306.344999999999,545.535,-29941.425,-12353.67,-4262.264999999999
-10734.885,-11571.84,-22097.655,-6356.88,500.265,-29974.59,-12380.22,-4303.08
-10718.055,-11570.895,-22104.315,-6349.365,517.3199999999999,-29988.449999999997,-12380.49,-4279.455
-10696.949999999999,-11564.595,-22127.265,-6372.09,477.315,-30022.379999999997,-12353.76,-4257.405
-10690.965,-11566.529999999999,-22140.899999999998,-6398.73,445.185,-30035.385,-12333.96,-4244.22
-10671.795,-11537.145,-22079.204999999998,-6328.17,488.655,-30010.094999999998,-12337.965,-4229.099999999999
-10662.84,-11516.715,-22038.704999999998,-6299.01,486.71999999999997,-30047.489999999998,-12374.64,-4230.0
-10648.44,-11499.795,-22037.895,-6323.219999999999,458.64,-30110.219999999998,-12396.285,-4228.695
-10634.67,-11489.085,-22032.135,-6347.295,431.055,-30071.16,-12390.84,-4220.82
-10659.24,-11520.045,-22049.415,-6333.344999999999,513.99,-29963.34,-12357.945,-4234.59
-10695.105,-11555.775,-22083.434999999998,-6343.74,478.755,-30024.765,-12335.13,-4246.29
-10697.85,-11556.81,-22093.739999999998,-6349.679999999999,439.56,-30150.945,-12399.119999999999,-4256.6849999999995
-10694.43,-11553.705,-22087.26,-6335.19,456.16499999999996,-30056.489999999998,-12407.715,-4261.1849999999995
-10693.89,-11542.904999999999,-22059.18,-6287.67,545.895,-29879.1,-12336.975,-4260.69
-10692.81,-11531.115,-22049.01,-6278.085,571.185,-29901.735,-12351.33,-4272.03
-10711.529999999999,-11554.064999999999,-22077.09,-6309.945,555.165,-29902.77,-12341.789999999999,-4283.01
-10702.619999999999,-11550.645,-22077.405,-6326.28,515.385,-29939.445,-12268.125,-4268.295
-10715.355,-11582.55,-22117.41,-6377.219999999999,438.47999999999996,-30012.39,-12321.63,-4278.78
-10692.404999999999,-11554.65,-22100.219999999998,-6376.905,442.755,-30038.355,-12428.1,-4272.12
-10640.025,-11467.484999999999,-22005.135,-6312.014999999999,569.115,-29949.21,-12415.005,-4255.0199999999995
-10642.41,-11471.445,-22020.795,-6362.235,597.645,-30010.05,-12512.385,-4267.665
-10718.955,-11593.395,-22140.09,-6421.545,542.835,-30077.1,-12501.539999999999,-4287.87
-10738.619999999999,-11658.689999999999,-22189.68,-6409.889999999999,553.14,-29970.36,-12360.465,-4260.599999999999
-10718.865,-11609.955,-22148.82,-6389.73,481.635,-29904.12,-12283.83,-4236.345
-10686.869999999999,-11537.145,-22068.945,-6307.605,409.40999999999997,-29985.57,-12320.1,-4229.28
-10680.39,-11533.05,-22057.965,-6282.855,446.98499999999996,-29972.879999999997,-12300.525,-4241.835
-10676.744999999999,-11538.99,-22069.079999999998,-6290.505,491.21999999999997,-29994.704999999998,-12298.77,-4234.23
-10676.565,-11550.285,-22082.265,-6324.03,453.28499999999997,-30062.07,-12380.355,-4235.445
-10671.21,-11565.404999999999,-22084.92,-6309.99,496.26,-29985.524999999998,-12374.505,-4230.945
-10672.515,-11553.525,-22094.46,-6323.715,507.015,-29935.485,-12353.625,-4239.495
-10664.82,-11474.369999999999,-22003.469999999998,-6280.2,518.67,-29958.164999999997,-12382.605,-4258.305
-10675.574999999999,-11503.08,-22023.09,-6303.465,493.38,-29967.84,-12372.57,-4261.23
-10707.255,-11558.295,-22081.364999999998,-6355.62,455.58,-29975.219999999998,-12338.685,-4259.5199999999995
-10682.595,-11536.289999999999,-22068.855,-6323.8949999999995,501.57,-29936.745,-12295.439999999999,-4228.29
-10644.66,-11498.22,-22030.065,-6280.514999999999,539.91,-29938.905,-12317.76,-4206.42
-10600.47,-11455.695,-21990.195,-6230.205,596.925,-29920.454999999998,-12321.494999999999,-4174.514999999999
-10667.025,-11497.68,-22017.059999999998,-6261.57,578.25,-29924.954999999998,-12373.92,-4250.295
-10763.01,-11609.414999999999,-22129.92,-6368.264999999999,495.81,-29961.719999999998,-12402.09,-4324.815
-10740.69,-11590.335,-22114.079999999998,-6349.455,513.81,-29948.219999999998,-12372.48,-4297.545
-10677.69,-11520.585,-22046.309999999998,-6294.51,535.095,-29938.815,-12305.564999999999,-4237.11
-10631.43,-11480.67,-22016.969999999998,-6277.815,530.145,-29952.899999999998,-12293.955,-4202.415
-10649.43,-11504.43,-22044.555,-6303.014999999999,517.14,-29964.735,-12326.715,-4218.615
-10709.82,-11569.005,-22109.219999999998,-6368.804999999999,453.28499999999997,-30017.61,-12357.494999999999,-4269.599999999999
-10720.574999999999,-11575.755,-22110.795,-6378.21,440.28,-30025.98,-12393.99,-4285.53
-10707.48,-11557.395,-22088.52,-6350.355,473.895,-30001.725,-12350.475,-4272.255
-10657.664999999999,-11507.939999999999,-22043.475,-6299.73,526.59,-29964.555,-12366.09,-4227.4349999999995
-10628.865,-11470.859999999999,-22002.48,-6254.1449999999995,572.355,-29932.829999999998,-12409.83,-4221.315
-10669.365,-11511.314999999999,-22038.57,-6286.59,546.75,-29940.074999999997,-12397.5,-4259.43
-10703.52,-11575.664999999999,-22109.76,-6361.83,462.645,-30023.414999999997,-12362.625,-4252.005
-10712.295,-11581.38,-22124.879999999997,-6383.295,427.72499999999997,-30074.129999999997,-12403.755,-4271.264999999999
-10712.34,-11573.46,-22106.7,-6368.849999999999,433.44,-30087.0,-12438.18,-4288.23
-10675.529999999999,-11536.92,-22074.75,-6341.085,461.88,-30083.129999999997,-12456.585,-4261.139999999999
-10648.305,-11510.595,-22040.594999999998,-6294.6449999999995,536.535,-29945.204999999998,-12308.445,-4216.5
-10661.445,-11526.885,-22062.329999999998,-6305.13,547.47,-29872.395,-12290.715,-4213.215
-10675.305,-11526.48,-22067.415,-6326.099999999999,508.005,-29964.42,-12354.119999999999,-4232.16
-10681.605,-11542.32,-22070.43,-6318.2699999999995,523.26,-29939.039999999997,-12341.295,-4234.365
-10724.22,-11608.92,-22128.885,-6363.179999999999,489.015,-29943.315,-12332.88,-4267.98
-10733.22,-11594.025,-22127.579999999998,-6381.405,453.555,-29989.26,-12365.189999999999,-4290.705
-10714.59,-11566.484999999999,-22099.725,-6365.205,443.78999999999996,-30031.335,-12384.855,-4279.68
-10661.94,-11504.25,-22041.945,-6315.12,481.95,-30062.07,-12434.265,-4242.87
-10608.119999999999,-11441.43,-21973.77,-6248.385,560.8349999999999,-29949.975,-12358.845,-4202.505
-10633.365,-11492.64,-22021.515,-6261.03,609.975,-29774.699999999997,-12213.404999999999,-4199.13
-10705.725,-11587.77,-22113.045,-6348.42,516.78,-29875.545,-12320.775,-4247.955
-10716.029999999999,-11569.68,-22117.95,-6370.83,471.51,-29969.414999999997,-12408.39,-4274.1449999999995
-10703.385,-11555.279999999999,-22125.51,-6381.99,444.28499999999997,-30036.914999999997,-12424.41,-4267.665
-10690.02,-11544.93,-22105.754999999997,-6364.62,478.84499999999997,-29994.795,-12391.605,-4254.03
-10677.6,-11538.09,-22059.09,-6321.014999999999,554.265,-29893.77,-12368.43,-4247.639999999999
-10678.994999999999,-11541.42,-22068.405,-6316.695,577.845,-29888.145,-12388.994999999999,-4254.93
-10703.16,-11550.42,-22079.475,-6326.235,554.22,-29952.629999999997,-12422.205,-4272.48
-10702.89,-11567.295,-22094.684999999998,-6337.53,536.715,-29946.105,-12357.045,-4261.7699999999995
-10701.99,-11564.64,-22092.795,-6346.035,544.095,-29866.41,-12328.875,-4267.845
-10696.32,-11534.22,-22057.29,-6315.389999999999,561.1949999999999,-29894.715,-12383.369999999999,-4279.32
-10672.065,-11528.01,-22054.14,-6305.58,517.9499999999999,-29919.6,-12394.17,-4245.84
-10682.865,-11552.13,-22092.434999999998,-6347.7,463.22999999999996,-29953.215,-12352.68,-4233.014999999999
-10690.154999999999,-11543.984999999999,-22081.905,-6359.49,490.04999999999995,-29944.71,-12369.42,-4252.59
-10705.455,-11557.17,-22102.335,-6390.495,469.08,-29959.605,-12389.805,-4275.99
-10686.24,-11540.475,-22084.605,-6349.094999999999,500.21999999999997,-29928.51,-12348.63,-4253.175
-10647.27,-11499.119999999999,-22026.239999999998,-6243.165,560.61,-29907.989999999998,-12342.105,-4222.17
-10648.305,-11489.13,-22007.7,-6212.295,606.78,-29874.735,-12364.74,-4232.474999999999
-10678.815,-11522.744999999999,-22049.504999999997,-6304.23,565.56,-29877.57,-12345.39,-4255.335
-10716.119999999999,-11580.84,-22115.655,-6370.965,478.16999999999996,-29930.399999999998,-12362.805,-4263.57
-10698.164999999999,-11568.779999999999,-22104.945,-6356.429999999999,485.46,-29939.309999999998,-12359.925,-4244.13
-10680.84,-11542.455,-22074.704999999998,-6318.855,535.41,-29889.315,-12349.755,-4249.17
-10658.52,-11509.244999999999,-22042.575,-6298.605,545.355,-29910.555,-12406.23,-4244.13
-10676.744999999999,-11538.09,-22077.315,-6359.58,472.85999999999996,-30006.809999999998,-12418.605,-4244.085
-10695.015,-11551.994999999999,-22086.765,-6377.264999999999,457.91999999999996,-30020.219999999998,-12392.324999999999,-4262.264999999999
-10717.47,-11568.555,-22099.995,-6385.724999999999,480.645,-29915.46,-12370.725,-4294.755
-10720.035,-11588.85,-22121.864999999998,-6364.53,531.72,-29889.945,-12345.119999999999,-4268.16
-10688.31,-11564.414999999999,-22096.215,-6328.17,512.505,-29934.989999999998,-12360.645,-4228.514999999999
-10651.095,-11531.97,-22059.719999999998,-6314.715,500.66999999999996,-29921.175,-12331.619999999999,-4211.82
-10652.895,-11551.275,-22065.48,-6288.03,529.29,-29896.515,-12315.105,-4219.2
-10674.18,-11526.615,-22058.235,-6298.155,520.47,-29930.445,-12372.615,-4246.2
-10693.89,-11544.119999999999,-22068.36,-6317.37,507.51,-29961.045,-12447.945,-4267.349999999999
-10666.845,-11542.14,-22070.79,-6309.63,504.495,-29972.565,-12449.205,-4248.224999999999
-10632.15,-11473.695,-22016.25,-6287.94,483.79499999999996,-30023.19,-12425.13,-4222.755
-10641.105,-11456.145,-21989.43,-6270.974999999999,532.4399999999999,-29945.655,-12353.58,-4222.755
-10693.935,-11534.715,-22059.54,-6309.179999999999,557.685,-29846.879999999997,-12308.22,-4260.0599999999995
-10737.045,-11611.845,-22141.8,-6388.65,486.315,-29905.875,-12327.525,-4279.59
-10723.455,-11621.115,-22156.065,-6392.745,465.525,-29958.795,-12343.994999999999,-4261.905
-10704.914999999999,-11561.805,-22096.754999999997,-6351.165,484.695,-29970.27,-12381.255,-4266.945
-10716.48,-11558.97,-22091.895,-6353.55,475.38,-29984.129999999997,-12397.635,-4284.495
-10689.435,-11544.074999999999,-22074.03,-6331.139999999999,502.38,-29969.055,-12387.555,-4253.264999999999
-10665.449999999999,-11523.24,-22053.239999999998,-6309.855,514.89,-29984.94,-12405.555,-4238.55
-10652.13,-11513.385,-22037.445,-6282.99,543.285,-29949.164999999997,-12408.119999999999,-4244.355
-10688.895,-11540.07,-22065.57,-6307.335,540.99,-29903.265,-12319.154999999999,-4265.1449999999995
-10717.515,-11558.925,-22087.35,-6336.36,517.05,-29899.754999999997,-12276.99,-4264.514999999999
-10688.895,-11539.439999999999,-22069.62,-6322.679999999999,541.26,-29905.965,-12362.715,-4256.73
-10662.21,-11512.08,-22047.12,-6313.679999999999,549.63,-29927.43,-12409.965,-4256.82
-10653.029999999999,-11507.355,-22041.225,-6304.32,517.995,-29964.375,-12395.025,-4229.19
-10650.195,-11509.289999999999,-22042.71,-6297.48,509.94,-29941.155,-12341.925,-4201.83
-10698.93,-11557.8,-22093.29,-6348.96,482.4,-29937.735,-12297.015,-4253.13
-10732.994999999999,-11589.345,-22122.45,-6374.115,437.805,-30007.53,-12354.345,-4288.23
-10693.98,-11545.335,-22067.91,-6311.025,506.52,-30013.92,-12424.994999999999,-4260.87
-10694.88,-11558.34,-22082.489999999998,-6321.735,517.3199999999999,-29983.14,-12438.539999999999,-4252.59
-10711.125,-11571.255,-22100.805,-6342.615,505.16999999999996,-29953.079999999998,-12401.64,-4266.315
-10706.13,-11573.955,-22095.09,-6330.69,523.0799999999999,-29939.579999999998,-12407.355,-4272.255
-10689.795,-11560.725,-22089.285,-6331.7699999999995,509.895,-29967.074999999997,-12414.555,-4266.315
-10684.44,-11545.785,-22082.129999999997,-6334.965,496.125,-29959.245,-12369.689999999999,-4256.639999999999
-10669.77,-11521.98,-22065.03,-6328.215,495.35999999999996,-29953.664999999997,-12342.6,-4236.525
-10652.895,-11499.119999999999,-22048.469999999998,-6292.53,530.145,-29958.344999999998,-12377.97,-4232.79
-10647.18,-11496.465,-22052.969999999998,-6293.835,524.88,-29999.25,-12441.555,-4250.115
-10648.17,-11529.675,-22059.585,-6312.78,491.085,-30007.844999999998,-12382.695,-4239.585
-10670.67,-11543.355,-22063.23,-6349.59,454.185,-29983.815,-12297.869999999999,-4224.0599999999995
-10697.13,-11545.695,-22080.645,-6374.5199999999995,448.695,-30049.155,-12399.345,-4254.165
-10721.52,-11584.845,-22130.594999999998,-6409.889999999999,450.18,-30038.94,-12485.654999999999,-4290.48
-10703.654999999999,-11561.58,-22092.39,-6353.55,546.0749999999999,-29888.055,-12390.39,-4266.18
-10671.885,-11528.055,-22050.855,-6278.445,607.4549999999999,-29867.085,-12265.289999999999,-4224.195
-10656.99,-11524.455,-22062.375,-6285.6449999999995,532.305,-29962.215,-12290.984999999999,-4212.405
-10667.205,-11548.17,-22085.954999999998,-6318.179999999999,469.08,-30008.34,-12407.4,-4223.79
-10671.93,-11541.465,-22076.37,-6312.24,535.635,-29887.965,-12364.605,-4232.655
-10706.265,-11560.455,-22097.969999999998,-6390.585,488.835,-29911.59,-12355.289999999999,-4258.08
-10707.57,-11557.17,-22093.695,-6375.6449999999995,484.91999999999996,-29960.055,-12388.814999999999,-4265.639999999999
-10696.095,-11545.02,-22074.39,-6332.13,510.885,-29939.399999999998,-12381.345,-4261.005
-10683.9,-11534.13,-22059.495,-6311.474999999999,513.4499999999999,-29933.684999999998,-12373.47,-4250.025
-10679.67,-11534.939999999999,-22055.085,-6322.545,499.54499999999996,-29958.03,-12372.074999999999,-4240.889999999999
-10679.445,-11537.324999999999,-22066.2,-6346.17,507.10499999999996,-29964.914999999997,-12370.005,-4239.315
-10672.065,-11532.689999999999,-22076.145,-6371.1449999999995,501.12,-29963.969999999998,-12381.84,-4241.97
-10663.515,-11515.14,-22053.735,-6357.42,493.38,-29994.57,-12418.425,-4251.014999999999
-10663.244999999999,-11504.744999999999,-22033.215,-6312.195,528.84,-30014.28,-12407.355,-4250.07
-10676.52,-11534.625,-22065.57,-6315.165,487.62,-29997.18,-12351.015,-4233.465
-10700.055,-11583.539999999999,-22105.035,-6293.5199999999995,529.6949999999999,-29927.114999999998,-12346.38,-4237.965
-10688.58,-11565.855,-22095.495,-6297.389999999999,520.965,-29973.824999999997,-12376.529999999999,-4243.139999999999
-10665.045,-11508.975,-22035.78,-6287.625,522.135,-29946.78,-12378.24,-4237.29
-10648.395,-11500.875,-22034.565,-6290.1449999999995,521.28,-29926.754999999997,-12379.68,-4230.63
-10658.97,-11519.279999999999,-22053.87,-6309.09,496.97999999999996,-29979.765,-12394.08,-4243.5
-10663.154999999999,-11518.064999999999,-22048.155,-6292.17,531.3149999999999,-29966.129999999997,-12387.734999999999,-4241.79
-10693.755,-11550.779999999999,-22069.754999999997,-6309.09,523.305,-29963.16,-12411.225,-4251.24
-10706.445,-11583.314999999999,-22107.329999999998,-6337.53,504.765,-29964.015,-12406.14,-4254.57
-10691.73,-11570.895,-22104.989999999998,-6335.73,504.71999999999997,-29959.695,-12381.84,-4249.215
-10698.615,-11556.945,-22076.145,-6320.61,499.32,-29981.565,-12384.81,-4277.025
-10718.01,-11566.26,-22088.34,-6335.865,478.84499999999997,-29978.055,-12359.789999999999,-4304.655
-10673.369999999999,-11501.46,-22033.395,-6293.925,527.85,-29930.265,-12372.39,-4255.92
-10623.69,-11461.994999999999,-21997.53,-6264.54,548.685,-29940.3,-12349.935,-4194.224999999999
-10677.465,-11536.244999999999,-22078.215,-6335.46,490.77,-29994.704999999998,-12441.42,-4250.07
-10715.49,-11585.115,-22120.92,-6367.455,466.56,-30014.55,-12411.945,-4270.5
-10693.529999999999,-11587.725,-22107.465,-6333.57,515.385,-29945.295,-12326.039999999999,-4226.04
-10680.795,-11569.994999999999,-22101.93,-6333.57,510.79499999999996,-29932.155,-12321.494999999999,-4215.69
-10666.574999999999,-11513.52,-22063.545,-6324.21,499.995,-29965.004999999997,-12340.845,-4221.675
-10657.44,-11502.27,-22047.84,-6314.13,490.32,-30000.914999999997,-12367.98,-4228.965
-10662.57,-11506.635,-22041.585,-6307.0199999999995,483.255,-30021.074999999997,-12369.465,-4243.68
-10665.63,-11517.164999999999,-22054.004999999997,-6318.09,480.33,-30045.015,-12372.029999999999,-4234.139999999999
-10666.845,-11531.97,-22061.745,-6307.469999999999,522.63,-30002.579999999998,-12379.095,-4226.04
-10690.785,-11559.779999999999,-22087.44,-6323.04,519.975,-29949.3,-12418.47,-4255.514999999999
-10696.23,-11545.47,-22078.575,-6330.24,508.905,-29936.204999999998,-12408.93,-4259.5199999999995
-10661.22,-11501.414999999999,-22035.555,-6309.99,507.06,-29996.19,-12433.814999999999,-4237.0199999999995
-10692.045,-11542.455,-22075.425,-6341.535,487.71,-29939.625,-12381.525,-4262.49
-10716.57,-11588.805,-22123.8,-6368.535,477.35999999999996,-29949.12,-12374.46,-4261.139999999999
-10695.645,-11562.93,-22095.09,-6320.5199999999995,529.335,-29957.76,-12390.255,-4247.325
-10686.555,-11544.029999999999,-22077.405,-6312.87,526.23,-29951.414999999997,-12369.779999999999,-4239.09
-10675.664999999999,-11536.47,-22087.575,-6315.795,518.4449999999999,-29977.965,-12383.64,-4232.745
-10675.17,-11530.619999999999,-22085.37,-6327.09,509.17499999999995,-29999.61,-12390.57,-4241.25
-10683.63,-11542.41,-22067.64,-6317.1449999999995,547.11,-29897.55,-12334.545,-4246.695
-10698.93,-11558.07,-22071.465,-6327.945,558.0,-29874.42,-12346.695,-4258.755
-10700.64,-11557.215,-22080.375,-6319.8,538.56,-29960.324999999997,-12433.095,-4272.795
-10678.725,-11534.535,-22067.82,-6309.045,529.245,-29955.87,-12443.625,-4255.965
-10686.195,-11555.055,-22086.495,-6329.025,500.4,-29966.94,-12385.215,-4247.235
-10687.23,-11571.615,-22110.03,-6362.19,478.16999999999996,-29958.03,-12320.145,-4236.21
-10704.195,-11548.529999999999,-22057.785,-6314.445,517.59,-29949.84,-12373.74,-4266.63
-10707.57,-11566.17,-22074.434999999998,-6299.37,521.145,-29952.225,-12391.74,-4274.73
-10688.895,-11574.18,-22104.719999999998,-6316.83,526.05,-29946.42,-12369.555,-4251.33
-10677.779999999999,-11567.699999999999,-22112.91,-6345.135,521.46,-29957.805,-12374.505,-4228.11
-10668.24,-11521.935,-22079.295,-6358.5,482.085,-29988.449999999997,-12362.984999999999,-4220.505
-10685.52,-11542.77,-22085.145,-6369.165,446.31,-30044.43,-12380.984999999999,-4243.005
-10691.145,-11577.375,-22119.57,-6436.889999999999,392.76,-30079.754999999997,-12398.175,-4252.095
-10673.91,-11531.385,-22072.364999999998,-6382.98,433.26,-29983.77,-12402.585,-4243.455
-10665.315,-11515.814999999999,-22048.11,-6359.445,464.98499999999996,-29941.425,-12400.695,-4238.82
-10673.865,-11524.994999999999,-22060.53,-6356.745,476.90999999999997,-29977.875,-12407.175,-4246.965
-10680.029999999999,-11533.814999999999,-22063.59,-6281.46,536.355,-29966.445,-12430.215,-4257.495
-10683.855,-11534.67,-22066.155,-6297.974999999999,468.63,-30016.71,-12417.39,-4255.875
-10695.465,-11557.125,-22090.004999999997,-6330.42,434.745,-30045.195,-12351.15,-4246.965
-10704.195,-11566.035,-22097.385,-6329.61,483.75,-30005.684999999998,-12365.82,-4256.73
-10645.065,-11497.23,-22025.79,-6268.59,545.355,-29945.295,-12383.279999999999,-4218.255
-10607.535,-11452.455,-21982.364999999998,-6236.19,555.75,-29956.86,-12391.154999999999,-4202.415
-10646.955,-11494.71,-22022.504999999997,-6266.88,552.1949999999999,-29925.09,-12353.039999999999,-4233.42
-10641.914999999999,-11486.07,-22009.23,-6248.79,572.715,-29931.254999999997,-12402.314999999999,-4239.855
-10653.074999999999,-11501.91,-22029.165,-6270.615,552.96,-29947.815,-12389.535,-4242.24
-10700.64,-11563.965,-22093.245,-6332.804999999999,503.055,-29962.305,-12316.41,-4250.97
-10682.775,-11544.255,-22076.954999999998,-6329.115,483.525,-30041.28,-12396.465,-4241.16
-10633.365,-11492.234999999999,-22023.18,-6274.844999999999,536.805,-30004.379999999997,-12423.6,-4190.94
-10616.13,-11473.47,-22005.405,-6262.38,549.135,-29978.055,-12362.939999999999,-4180.23
-10644.48,-11507.939999999999,-22039.155,-6287.04,542.835,-29929.59,-12342.689999999999,-4210.11
-10728.81,-11599.38,-22129.379999999997,-6368.04,493.155,-29917.44,-12416.445,-4281.57
-10772.145,-11648.564999999999,-22179.825,-6421.1849999999995,435.73499999999996,-30008.565,-12436.199999999999,-4304.655
-10713.285,-11578.275,-22110.075,-6360.525,462.51,-30031.965,-12412.439999999999,-4268.115
-10704.779999999999,-11562.705,-22091.489999999998,-6341.219999999999,474.12,-30001.23,-12417.75,-4273.785
-10710.225,-11567.564999999999,-22094.235,-6335.82,495.585,-29980.125,-12409.92,-4281.615
-10673.55,-11544.39,-22073.219999999998,-6311.474999999999,518.535,-29968.785,-12335.939999999999,-4236.165
-10660.994999999999,-11543.715,-22077.27,-6306.255,533.745,-29946.78,-12364.425,-4228.875
-10662.75,-11526.48,-22045.635,-6275.565,571.905,-29930.579999999998,-12440.744999999999,-4246.875
-10669.545,-11539.17,-22052.835,-6270.255,582.93,-29904.614999999998,-12363.75,-4258.575
-10726.335,-11556.135,-22080.69,-6321.6449999999995,540.765,-29912.715,-12335.445,-4320.9
-10742.445,-11569.725,-22095.09,-6348.87,513.27,-29955.69,-12388.949999999999,-4326.03
-10712.385,-11561.76,-22088.925,-6323.94,545.625,-29969.1,-12466.215,-4299.345
-10696.59,-11538.045,-22064.579999999998,-6295.724999999999,574.155,-29923.379999999997,-12386.654999999999,-4267.8
-10678.095,-11528.775,-22033.485,-6268.7699999999995,573.03,-29915.19,-12315.285,-4227.389999999999
-10678.23,-11532.285,-22057.379999999997,-6300.179999999999,536.49,-30013.02,-12369.555,-4239.224999999999
-10702.664999999999,-11568.6,-22115.204999999998,-6381.764999999999,419.66999999999996,-30092.579999999998,-12385.35,-4241.565
-10687.05,-11558.385,-22101.93,-6374.07,412.335,-29999.475,-12359.43,-4235.3099999999995
-10684.305,-11548.755,-22089.465,-6363.675,446.66999999999996,-29979.225,-12380.625,-4239.224999999999
-10703.52,-11570.58,-22106.879999999997,-6369.84,442.44,-30023.055,-12407.939999999999,-4260.6449999999995
-10689.615,-11547.314999999999,-22073.67,-6320.295,500.94,-30014.324999999997,-12414.15,-4259.025
-10657.35,-11490.795,-22011.704999999998,-6262.74,562.725,-29982.87,-12424.05,-4240.215
-10649.16,-11500.02,-22036.59,-6318.179999999999,517.095,-29934.855,-12369.15,-4220.73
-10696.68,-11585.205,-22131.045,-6416.37,450.85499999999996,-29972.385,-12362.039999999999,-4226.8949999999995
-10679.49,-11571.795,-22112.055,-6342.255,489.51,-30006.899999999998,-12414.105,-4224.78
-10646.595,-11515.77,-22046.579999999998,-6269.67,502.38,-30046.004999999997,-12415.77,-4214.565
-10661.31,-11523.285,-22057.875,-6302.835,497.29499999999996,-30043.754999999997,-12387.555,-4221.764999999999
-10681.785,-11545.244999999999,-22077.18,-6331.275,480.73499999999996,-29996.774999999998,-12397.68,-4238.865
-10681.92,-11544.57,-22076.415,-6330.33,468.99,-30029.399999999998,-12419.505,-4244.715
-10678.365,-11535.164999999999,-22064.265,-6323.94,484.56,-29997.539999999997,-12394.08,-4248.2699999999995
-10687.545,-11540.475,-22064.219999999998,-6324.21,513.495,-29941.065,-12366.63,-4262.67
-10697.22,-11557.755,-22080.555,-6333.885,508.32,-30004.11,-12435.164999999999,-4265.28
-10686.6,-11550.645,-22081.59,-6331.905,491.895,-30039.39,-12485.385,-4255.335
-10694.07,-11563.695,-22095.765,-6326.325,509.53499999999997,-29977.605,-12395.295,-4244.445
-10676.654999999999,-11546.82,-22074.524999999998,-6310.349999999999,528.12,-29961.945,-12349.89,-4221.945
-10626.345,-11484.765,-22017.015,-6271.245,516.51,-30082.454999999998,-12419.685,-4202.82
-10588.815,-11428.515,-21960.36,-6239.61,496.16999999999996,-30189.285,-12484.529999999999,-4203.18
-10640.744999999999,-11480.22,-22008.105,-6290.82,463.77,-30070.934999999998,-12463.83,-4250.34
-10729.845,-11592.494999999999,-22116.195,-6355.349999999999,497.655,-29867.355,-12374.685,-4282.514999999999
-10744.154999999999,-11607.93,-22124.204999999998,-6337.125,555.345,-29855.204999999998,-12367.619999999999,-4281.84
-10726.425,-11588.265,-22128.57,-6342.03,508.22999999999996,-29955.78,-12368.835,-4278.69
-10702.529999999999,-11571.255,-22125.195,-6343.514999999999,488.205,-29961.629999999997,-12339.225,-4267.53
-10660.635,-11545.289999999999,-22089.465,-6332.625,481.5,-29970.855,-12379.59,-4217.355
-10654.154999999999,-11519.82,-22039.739999999998,-6295.679999999999,536.625,-29934.495,-12410.82,-4216.23
-10708.83,-11574.09,-22093.469999999998,-6333.57,528.975,-29954.61,-12418.47,-4268.655
-10687.949999999999,-11562.255,-22085.145,-6319.755,537.345,-29934.18,-12382.47,-4246.92
-10671.795,-11534.265,-22055.085,-6292.3949999999995,551.2049999999999,-29935.26,-12388.14,-4243.365
-10683.315,-11543.535,-22064.805,-6310.215,533.2049999999999,-29939.445,-12389.67,-4260.42
-10693.305,-11568.015,-22092.57,-6331.815,506.7,-29946.105,-12343.859999999999,-4250.474999999999
-10678.32,-11541.195,-22074.165,-6315.84,526.3199999999999,-29962.215,-12378.465,-4234.275
-10663.425,-11531.744999999999,-22067.504999999997,-6319.575,511.875,-29998.53,-12411.765,-4222.125
-10665.27,-11537.685,-22075.02,-6321.51,508.905,-29991.555,-12364.02,-4224.6449999999995
-10689.345,-11567.43,-22090.95,-6335.639999999999,470.835,-30018.96,-12401.414999999999,-4253.805
-10678.32,-11578.635,-22110.885,-6344.46,474.435,-30015.539999999997,-12386.88,-4238.73
-10678.994999999999,-11557.305,-22084.695,-6324.21,499.40999999999997,-29989.305,-12369.195,-4226.8949999999995
-10705.05,-11550.015,-22082.535,-6349.275,480.51,-29992.77,-12364.335,-4248.045
-10694.88,-11549.385,-22083.12,-6339.735,497.15999999999997,-29990.07,-12361.05,-4256.055
-10702.664999999999,-11568.869999999999,-22101.39,-6357.014999999999,484.10999999999996,-30041.055,-12406.949999999999,-4268.79
-10703.205,-11563.965,-22094.864999999998,-6345.99,483.435,-30076.92,-12463.515,-4281.57
-10706.805,-11555.46,-22093.379999999997,-6326.505,493.91999999999996,-30062.34,-12478.994999999999,-4286.61
-10678.275,-11531.88,-22072.14,-6318.36,502.38,-30073.949999999997,-12481.064999999999,-4240.035
-10636.065,-11491.02,-22025.879999999997,-6306.795,502.78499999999997,-30000.6,-12367.574999999999,-4195.62
-10641.24,-11498.355,-22032.629999999997,-6320.34,511.245,-29999.43,-12363.029999999999,-4205.61
-10692.18,-11549.654999999999,-22079.114999999998,-6322.905,522.81,-29998.574999999997,-12403.08,-4251.014999999999
-10721.25,-11583.585,-22106.295,-6322.005,492.03,-29974.59,-12369.33,-4267.305
-10698.029999999999,-11552.265,-22075.965,-6305.445,497.15999999999997,-30013.739999999998,-12449.205,-4267.44
-10689.119999999999,-11540.789999999999,-22065.57,-6300.855,516.105,-29977.92,-12463.289999999999,-4267.62
-10683.27,-11539.845,-22064.579999999998,-6301.665,511.60499999999996,-30004.425,-12397.994999999999,-4243.59
-10680.48,-11540.52,-22064.219999999998,-6300.764999999999,513.27,-30026.295,-12406.994999999999,-4240.125
-10689.48,-11539.98,-22076.504999999997,-6326.73,478.215,-30096.629999999997,-12472.244999999999,-4276.485
-10667.744999999999,-11511.404999999999,-22050.629999999997,-6326.415,489.33,-30044.969999999998,-12450.689999999999,-4267.125
-10668.914999999999,-11530.439999999999,-22061.969999999998,-6339.465,504.18,-29921.985,-12328.335,-4232.655
-10673.19,-11557.17,-22089.42,-6352.245,481.635,-30030.84,-12349.845,-4218.345
-10683.404999999999,-11565.63,-22092.57,-6326.415,500.49,-30055.14,-12437.1,-4250.88
-10659.105,-11504.835,-22027.32,-6240.195,591.48,-29869.515,-12402.72,-4249.3949999999995
-10695.779999999999,-11537.865,-22056.3,-6285.15,570.735,-29873.34,-12379.365,-4272.03
-10749.195,-11624.805,-22149.989999999998,-6388.965,477.765,-29978.55,-12355.199999999999,-4280.13
-10702.395,-11607.66,-22147.335,-6398.955,425.88,-30065.895,-12388.005,-4228.65
-10669.994999999999,-11551.904999999999,-22101.75,-6362.639999999999,469.575,-30032.19,-12411.225,-4218.165
-10682.73,-11541.869999999999,-22087.8,-6327.54,522.27,-29901.015,-12362.265,-4235.49
-10672.92,-11536.92,-22083.21,-6290.054999999999,568.215,-29915.145,-12380.49,-4234.455
-10665.539999999999,-11521.215,-22074.885,-6341.625,498.825,-30021.975,-12422.43,-4240.08
-10694.52,-11553.164999999999,-22091.985,-6369.255,457.425,-30125.024999999998,-12466.755,-4271.849999999999
-10715.039999999999,-11582.73,-22106.61,-6343.11,527.895,-30040.065,-12443.265,-4275.315
-10666.98,-11515.005,-22043.655,-6291.855,615.645,-29960.324999999997,-12404.07,-4236.66
-10656.81,-11498.265,-22021.559999999998,-6294.285,568.035,-29909.385,-12406.725,-4231.575
-10670.355,-11522.564999999999,-22029.885,-6288.4349999999995,489.51,-29894.715,-12346.244999999999,-4227.705
-10651.455,-11508.345,-22011.84,-6279.885,465.47999999999996,-29977.649999999998,-12392.865,-4223.97
-10700.369999999999,-11565.045,-22086.54,-6341.8949999999995,428.98499999999996,-30096.629999999997,-12433.275,-4255.65
-10695.824999999999,-11564.505,-22092.66,-6341.264999999999,453.51,-30055.77,-12412.305,-4237.065
-10682.369999999999,-11563.38,-22079.43,-6312.33,508.32,-29939.129999999997,-12378.96,-4231.665
-10722.24,-11591.1,-22108.094999999998,-6340.139999999999,478.575,-29959.515,-12383.055,-4287.195
-10702.035,-11533.545,-22061.114999999998,-6327.99,459.18,-30035.024999999998,-12452.67,-4296.555
-10665.945,-11520.539999999999,-22057.335,-6312.15,503.01,-30047.579999999998,-12471.255,-4238.82
-10696.23,-11560.59,-22098.149999999998,-6346.3949999999995,485.145,-30077.64,-12426.255,-4230.9
-10712.565,-11596.41,-22136.489999999998,-6369.3,481.905,-29991.87,-12334.994999999999,-4236.615
-10697.13,-11570.58,-22104.09,-6338.115,511.56,-29931.164999999997,-12355.02,-4240.665
-10681.83,-11534.58,-22066.245,-6311.565,521.01,-29969.774999999998,-12400.965,-4239.8099999999995
-10677.779999999999,-11540.16,-22073.805,-6318.945,506.07,-29986.02,-12384.855,-4234.23
-10681.605,-11537.865,-22071.555,-6324.885,494.23499999999996,-29998.664999999997,-12415.365,-4247.37
-10689.39,-11539.935,-22069.665,-6319.53,508.32,-29978.414999999997,-12426.3,-4256.639999999999
-10687.455,-11543.939999999999,-22070.925,-6317.19,519.75,-29967.21,-12398.039999999999,-4246.29
-10678.185,-11552.715,-22080.105,-6317.46,518.76,-29974.815,-12365.775,-4228.695
-10672.515,-11548.935,-22081.86,-6317.1449999999995,509.35499999999996,-30003.704999999998,-12387.33,-4232.745
-10692.09,-11557.619999999999,-22084.11,-6327.63,494.90999999999997,-30018.465,-12403.17,-4247.595
-10691.19,-11544.93,-22079.204999999998,-6325.514999999999,503.145,-29995.065,-12393.945,-4247.6849999999995
-10672.65,-11512.574999999999,-22045.454999999998,-6305.264999999999,495.585,-30048.93,-12460.185,-4252.139999999999
-10670.984999999999,-11511.855,-22041.54,-6302.79,480.78,-30103.92,-12491.1,-4264.155
-10681.74,-11542.005,-22071.825,-6318.585,505.71,-30006.765,-12433.14,-4260.915
-10661.67,-11519.145,-22047.48,-6281.594999999999,569.52,-29899.98,-12375.045,-4234.23
-10651.635,-11502.72,-22030.515,-6270.255,553.995,-29960.324999999997,-12408.39,-4231.44
-10697.58,-11569.365,-22099.905,-6337.889999999999,489.78,-30014.145,-12404.88,-4248.224999999999
-10684.619999999999,-11558.699999999999,-22099.86,-6347.205,479.92499999999995,-30018.329999999998,-12369.779999999999,-4220.415
-10620.539999999999,-11461.545,-22000.815,-6275.205,531.135,-29973.059999999998,-12359.52,-4181.715
-10630.215,-11468.295,-22000.815,-6276.78,517.05,-30020.219999999998,-12415.14,-4210.0199999999995
-10696.05,-11548.215,-22076.37,-6343.695,492.39,-29985.885,-12414.33,-4262.13
-10727.1,-11592.945,-22127.85,-6375.42,463.72499999999997,-30023.01,-12422.97,-4278.375
-10718.955,-11568.689999999999,-22098.285,-6336.405,494.055,-30005.145,-12428.955,-4277.16
-10668.96,-11519.234999999999,-22047.12,-6267.42,586.4399999999999,-29931.57,-12419.145,-4234.59
-10639.98,-11502.449999999999,-22035.96,-6265.304999999999,593.9549999999999,-29892.645,-12352.545,-4197.014999999999
-10722.42,-11600.01,-22143.105,-6374.07,490.85999999999996,-29941.155,-12365.279999999999,-4270.005
-10754.145,-11606.13,-22129.379999999997,-6373.125,460.71,-30091.68,-12473.73,-4311.36
-10718.055,-11574.09,-22082.445,-6333.795,443.43,-30224.07,-12475.529999999999,-4288.68
-10684.215,-11558.564999999999,-22086.09,-6340.455,427.455,-30097.53,-12370.5,-4247.73
-10670.94,-11526.255,-22087.89,-6342.525,514.5749999999999,-29886.84,-12322.574999999999,-4233.555
-10702.8,-11563.38,-22136.715,-6361.2,546.165,-29956.094999999998,-12436.47,-4259.34
-10729.935,-11610.225,-22160.34,-6383.115,468.35999999999996,-30049.065,-12508.02,-4265.73
-10708.785,-11590.244999999999,-22096.53,-6328.08,517.68,-29970.18,-12398.895,-4237.335
-10668.914999999999,-11531.835,-22038.075,-6282.045,557.1,-29924.774999999998,-12393.359999999999,-4222.08
-10664.82,-11516.625,-22026.51,-6276.195,531.0,-29948.895,-12415.14,-4235.22
-10674.72,-11531.88,-22057.515,-6297.48,519.5699999999999,-29976.074999999997,-12380.355,-4226.49
-10679.22,-11535.029999999999,-22060.62,-6309.585,511.2,-29997.0,-12357.135,-4221.045
-10684.845,-11540.385,-22066.739999999998,-6320.385,497.15999999999997,-30000.465,-12403.574999999999,-4243.815
-10688.22,-11537.91,-22067.73,-6316.469999999999,509.625,-30006.449999999997,-12435.66,-4253.94
-10673.414999999999,-11533.005,-22065.03,-6290.28,544.59,-29990.655,-12426.029999999999,-4234.095
-10665.539999999999,-11516.67,-22042.17,-6252.57,574.56,-29962.754999999997,-12378.914999999999,-4217.8949999999995
-10705.32,-11550.869999999999,-22069.53,-6317.1449999999995,516.78,-29998.215,-12453.119999999999,-4270.455
-10714.23,-11571.84,-22102.649999999998,-6417.495,424.34999999999997,-30045.239999999998,-12484.98,-4278.375
-10698.345,-11574.449999999999,-22112.594999999998,-6427.44,383.21999999999997,-30079.71,-12420.539999999999,-4247.91
-10671.39,-11558.385,-22103.415,-6406.74,427.72499999999997,-30037.545,-12369.465,-4219.245
-10685.565,-11534.265,-22079.969999999998,-6352.965,512.46,-30012.93,-12405.51,-4245.48
-10693.395,-11543.805,-22072.545,-6277.094999999999,517.275,-30022.155,-12449.564999999999,-4259.79
-10688.625,-11546.055,-22073.219999999998,-6299.054999999999,478.215,-30036.69,-12408.795,-4244.67
-10661.4,-11515.77,-22050.045,-6299.505,503.685,-30014.46,-12350.699999999999,-4215.555
-10660.815,-11519.73,-22059.135,-6312.195,516.96,-29968.829999999998,-12354.84,-4218.75
-10669.904999999999,-11540.43,-22071.42,-6323.94,509.895,-29972.925,-12426.3,-4231.845
-10660.23,-11546.865,-22077.0,-6336.99,484.155,-30004.155,-12430.17,-4212.764999999999
-10658.205,-11524.185,-22074.12,-6327.179999999999,504.04499999999996,-30014.145,-12434.31,-4218.615
-10670.265,-11520.539999999999,-22053.69,-6297.615,548.1899999999999,-29992.32,-12423.6,-4231.845
-10671.525,-11528.685,-22057.695,-6292.304999999999,549.3149999999999,-30010.77,-12440.475,-4249.62
-10667.789999999999,-11538.135,-22081.95,-6321.599999999999,515.43,-30046.32,-12441.689999999999,-4251.33
-10665.63,-11520.135,-22054.995,-6318.495,476.685,-30041.504999999997,-12445.515,-4234.139999999999
-10671.48,-11527.83,-22056.434999999998,-6314.8949999999995,482.76,-29993.895,-12412.89,-4222.98
-10691.145,-11549.34,-22064.94,-6296.085,536.5799999999999,-29888.864999999998,-12370.68,-4237.38
-10708.02,-11569.77,-22095.315,-6330.6449999999995,504.04499999999996,-29979.539999999997,-12417.615,-4267.215
-10667.07,-11514.779999999999,-22048.965,-6296.715,525.555,-30046.59,-12409.199999999999,-4229.46
-10665.404999999999,-11506.275,-22029.48,-6267.78,559.53,-29940.57,-12352.994999999999,-4230.045
-10712.565,-11569.904999999999,-22098.329999999998,-6335.955,510.47999999999996,-29940.795,-12375.9,-4263.75
-10708.289999999999,-11573.189999999999,-22106.295,-6347.61,498.91499999999996,-30001.23,-12482.505,-4258.62
-10692.63,-11557.215,-22093.92,-6339.51,496.575,-30036.375,-12498.705,-4252.41
-10715.355,-11571.48,-22099.635,-6353.415,468.04499999999996,-30084.39,-12454.695,-4279.32
-10728.72,-11598.885,-22113.945,-6360.705,440.28,-30126.195,-12460.994999999999,-4283.415
-10728.855,-11609.73,-22123.53,-6348.87,477.585,-30004.065,-12408.48,-4271.849999999999
-10714.005,-11549.34,-22073.76,-6318.179999999999,524.0699999999999,-29936.745,-12400.244999999999,-4268.79
-10694.34,-11530.395,-22054.77,-6300.135,548.235,-29936.114999999998,-12401.189999999999,-4259.07
-10710.404999999999,-11567.115,-22098.6,-6348.69,480.28499999999997,-29997.855,-12387.51,-4264.5599999999995
-10703.34,-11588.67,-22120.829999999998,-6367.5,443.96999999999997,-30060.539999999997,-12444.029999999999,-4260.555
-10685.43,-11582.279999999999,-22122.585,-6356.474999999999,478.44,-30037.14,-12481.92,-4236.345
-10655.46,-11526.885,-22045.14,-6277.005,560.5649999999999,-29937.42,-12387.42,-4206.014999999999
-10591.47,-11461.185,-21970.754999999997,-6195.599999999999,645.525,-29860.335,-12322.395,-4156.0199999999995
-10629.225,-11476.845,-22004.055,-6248.5199999999995,600.345,-29898.225,-12319.965,-4196.745
-10717.425,-11556.225,-22096.17,-6372.54,464.03999999999996,-30025.35,-12381.66,-4271.3099999999995
-10732.095,-11586.555,-22126.905,-6383.79,432.35999999999996,-30053.07,-12425.535,-4275.9
-10716.164999999999,-11576.654999999999,-22107.645,-6349.7699999999995,476.325,-30012.164999999997,-12454.335,-4263.255
-10687.23,-11529.945,-22051.98,-6285.465,547.11,-29950.469999999998,-12425.13,-4257.495
-10704.015,-11556.359999999999,-22102.515,-6320.88,525.42,-29991.69,-12440.564999999999,-4268.115
-10723.005,-11591.82,-22151.79,-6380.01,457.02,-30059.954999999998,-12455.055,-4260.825
-10692.765,-11565.63,-22098.465,-6350.13,472.635,-30032.28,-12420.135,-4229.1449999999995
-10680.615,-11544.255,-22068.495,-6331.86,478.97999999999996,-30039.75,-12419.82,-4234.005
-10673.955,-11535.795,-22071.329999999998,-6337.665,458.90999999999997,-30096.09,-12460.77,-4236.4349999999995
-10682.865,-11545.965,-22076.19,-6332.94,467.01,-30076.92,-12446.369999999999,-4239.855
-10703.744999999999,-11563.92,-22084.649999999998,-6328.3949999999995,496.97999999999996,-30005.73,-12421.529999999999,-4255.29
-10711.98,-11576.25,-22104.719999999998,-6357.195,492.34499999999997,-29976.524999999998,-12401.55,-4258.9349999999995
-10705.815,-11573.055,-22112.73,-6381.719999999999,476.01,-29949.84,-12374.73,-4253.805
-10693.755,-11552.58,-22089.555,-6364.44,466.56,-29984.535,-12369.24,-4248.495
-10675.529999999999,-11533.275,-22070.475,-6331.32,487.84499999999997,-30056.175,-12470.13,-4242.599999999999
-10678.815,-11543.13,-22080.465,-6320.115,516.78,-30050.37,-12506.265,-4242.014999999999
-10671.48,-11543.355,-22083.57,-6331.545,535.41,-29963.835,-12435.75,-4224.105
-10672.065,-11544.57,-22073.129999999997,-6319.17,546.885,-29945.114999999998,-12390.57,-4224.195
-10677.465,-11546.955,-22066.379999999997,-6312.33,497.25,-30055.23,-12438.09,-4230.72
-10671.75,-11536.02,-22067.594999999998,-6316.29,462.28499999999997,-30097.844999999998,-12473.865,-4235.085
-10672.92,-11526.119999999999,-22057.739999999998,-6313.32,485.59499999999997,-29984.489999999998,-12449.205,-4241.5199999999995
-10671.119999999999,-11522.07,-22062.059999999998,-6341.13,532.665,-29874.195,-12396.15,-4235.175
-10644.57,-11495.205,-22037.445,-6324.12,575.415,-29948.175,-12405.779999999999,-4220.82
-10673.234999999999,-11537.145,-22069.754999999997,-6315.57,531.27,-30068.01,-12494.16,-4254.075
-10693.17,-11557.305,-22084.469999999998,-6348.465,443.52,-30023.145,-12473.189999999999,-4259.88
-10686.06,-11563.83,-22086.495,-6334.469999999999,435.51,-30056.489999999998,-12426.57,-4238.639999999999
-10695.69,-11607.93,-22131.495,-6337.665,466.60499999999996,-30081.78,-12411.0,-4239.045
-10712.43,-11565.404999999999,-22084.605,-6300.99,558.09,-29940.614999999998,-12400.289999999999,-4267.62
-10708.065,-11543.13,-22073.805,-6316.695,531.72,-29958.57,-12457.035,-4279.455
-10668.869999999999,-11511.09,-22035.195,-6286.679999999999,520.8299999999999,-30015.719999999998,-12479.715,-4255.92
-10674.09,-11521.439999999999,-22052.475,-6307.38,504.71999999999997,-30013.155,-12431.25,-4250.385
-10673.145,-11532.24,-22060.17,-6311.429999999999,519.795,-29971.89,-12339.945,-4208.445
-10675.619999999999,-11538.99,-22057.92,-6300.945,540.27,-29966.67,-12377.564999999999,-4220.1449999999995
-10698.57,-11592.765,-22117.77,-6352.469999999999,466.155,-30073.77,-12451.005,-4235.625
-10702.664999999999,-11577.779999999999,-22112.82,-6358.365,438.75,-30128.219999999998,-12408.48,-4242.555
-10704.015,-11550.42,-22081.32,-6348.87,440.46,-30113.01,-12465.404999999999,-4265.415
-10719.63,-11569.77,-22099.635,-6364.26,434.745,-30092.67,-12465.72,-4280.8949999999995
-10713.645,-11575.619999999999,-22097.925,-6337.8,510.84,-29955.824999999997,-12408.57,-4257.54
-10693.619999999999,-11561.67,-22097.925,-6332.535,522.9,-29962.664999999997,-12427.289999999999,-4237.065
-10703.43,-11555.414999999999,-22076.145,-6319.9349999999995,528.7049999999999,-29929.14,-12438.539999999999,-4261.1849999999995
-10722.015,-11579.265,-22093.2,-6326.594999999999,529.245,-29941.739999999998,-12415.725,-4282.83
-10683.585,-11534.355,-22054.77,-6282.99,578.025,-29907.989999999998,-12371.265,-4242.6449999999995
-10637.64,-11491.064999999999,-22017.555,-6258.735,579.735,-29931.75,-12430.17,-4206.78
-10706.039999999999,-11580.84,-22110.21,-6352.695,487.34999999999997,-30008.745,-12429.18,-4253.849999999999
-10705.05,-11595.42,-22132.305,-6367.365,484.60499999999996,-29985.164999999997,-12376.17,-4239.09
-10699.695,-11562.074999999999,-22093.155,-6334.38,517.23,-29968.379999999997,-12403.664999999999,-4257.54
-10691.145,-11551.365,-22084.559999999998,-6334.83,496.53,-30000.465,-12408.615,-4258.26
-10672.83,-11547.359999999999,-22082.489999999998,-6327.764999999999,489.015,-30035.835,-12438.855,-4227.974999999999
-10642.23,-11499.255,-22021.92,-6269.625,546.03,-30007.62,-12458.205,-4213.44
-10626.705,-11486.25,-22016.114999999998,-6264.855,554.805,-29990.655,-12461.85,-4214.79
-10668.779999999999,-11536.605,-22068.18,-6321.69,492.21,-30039.704999999998,-12456.99,-4225.815
-10694.43,-11553.93,-22080.555,-6347.565,463.77,-30064.86,-12442.59,-4239.99
-10688.355,-11545.289999999999,-22069.17,-6348.915,483.615,-29973.195,-12388.095,-4246.74
-10689.93,-11569.545,-22101.165,-6367.05,480.78,-29963.745,-12360.689999999999,-4235.22
-10696.275,-11558.744999999999,-22090.995,-6333.615,498.87,-30005.684999999998,-12430.89,-4256.28
-10697.895,-11554.289999999999,-22074.704999999998,-6304.455,518.13,-30016.98,-12476.789999999999,-4270.59
-10694.565,-11559.195,-22081.454999999998,-6321.78,516.285,-29976.48,-12425.67,-4251.24
-10656.404999999999,-11535.75,-22068.405,-6313.635,523.53,-29961.449999999997,-12358.529999999999,-4196.565
-10661.85,-11552.76,-22077.315,-6306.615,524.745,-30007.844999999998,-12402.404999999999,-4208.76
-10686.6,-11571.75,-22101.48,-6323.49,505.84499999999997,-30023.73,-12411.63,-4235.67
-10697.265,-11583.359999999999,-22132.35,-6357.87,492.12,-30024.539999999997,-12400.83,-4241.5199999999995
-10661.85,-11537.189999999999,-22099.545,-6338.205,504.22499999999997,-30027.105,-12450.15,-4218.705
-10652.715,-11499.975,-22031.46,-6309.99,491.49,-30058.02,-12476.07,-4223.43
-10673.055,-11529.99,-22048.379999999997,-6328.26,438.075,-30099.914999999997,-12482.595,-4243.32
-10699.244999999999,-11566.619999999999,-22098.42,-6354.719999999999,430.56,-30116.204999999998,-12467.88,-4258.665
-10710.045,-11570.939999999999,-22097.16,-6327.945,508.85999999999996,-30010.815,-12424.095,-4266.18
-10702.395,-11562.255,-22083.885,-6311.025,518.31,-30012.164999999997,-12437.1,-4255.74
-10676.835,-11536.515,-22067.64,-6331.995,482.66999999999996,-30103.199999999997,-12450.6,-4240.62
-10660.904999999999,-11525.58,-22062.329999999998,-6351.66,481.32,-30078.495,-12398.805,-4223.43
-10640.475,-11501.234999999999,-22024.754999999997,-6278.175,558.18,-29987.864999999998,-12410.1,-4201.605
-10621.935,-11473.38,-21992.355,-6257.16,542.745,-30069.765,-12479.895,-4201.74
-10677.51,-11563.244999999999,-22076.37,-6307.2,494.325,-30010.004999999997,-12469.59,-4245.615
-10758.15,-11659.14,-22157.594999999998,-6347.79,516.735,-29921.805,-12394.484999999999,-4288.095
-10719.404999999999,-11592.945,-22109.67,-6337.349999999999,485.82,-30018.42,-12374.1,-4246.335
-10678.14,-11527.875,-22055.579999999998,-6319.44,507.28499999999997,-29974.364999999998,-12400.92,-4223.97
-10683.09,-11536.47,-22066.29,-6326.73,502.335,-30039.3,-12478.725,-4246.514999999999
-10652.13,-11511.63,-22037.85,-6282.179999999999,542.295,-30043.62,-12490.785,-4227.21
-10638.404999999999,-11499.119999999999,-22023.405,-6266.115,571.185,-29930.625,-12452.265,-4216.005
-10702.484999999999,-11563.199999999999,-22084.02,-6337.889999999999,529.29,-29865.195,-12377.475,-4252.905
-10716.39,-11575.8,-22099.004999999997,-6362.19,483.65999999999997,-29941.289999999997,-12421.664999999999,-4274.955
-10679.31,-11545.965,-22082.579999999998,-6343.965,465.705,-30026.204999999998,-12476.205,-4254.705
-10677.69,-11533.23,-22057.829999999998,-6312.554999999999,489.51,-30068.37,-12490.425,-4242.915
-10738.44,-11619.27,-22136.085,-6374.969999999999,475.10999999999996,-30011.895,-12440.97,-4271.535
-10749.914999999999,-11624.355,-22146.434999999998,-6398.865,439.56,-30037.004999999997,-12433.185,-4286.43
-10723.32,-11582.64,-22106.969999999998,-6360.795,478.755,-29982.914999999997,-12435.345,-4280.625
-10705.904999999999,-11569.365,-22090.004999999997,-6319.3949999999995,530.685,-29955.195,-12401.82,-4258.26
-10656.045,-11554.064999999999,-22075.965,-6292.53,547.6949999999999,-29979.0,-12382.92,-4201.47
-10630.664999999999,-11507.939999999999,-22029.75,-6259.005,568.8,-29947.815,-12352.41,-4198.41
-10662.75,-11502.945,-22023.945,-6268.5,555.48,-29951.19,-12392.055,-4245.4349999999995
-10711.845,-11569.185,-22092.165,-6341.804999999999,481.68,-30032.64,-12469.14,-4264.47
-10695.555,-11586.465,-22108.14,-6346.62,475.83,-30048.48,-12464.145,-4238.055
-10690.289999999999,-11572.83,-22099.5,-6341.94,471.015,-30056.039999999997,-12455.189999999999,-4233.285
-10685.654999999999,-11549.205,-22084.965,-6348.78,448.2,-30089.16,-12450.869999999999,-4241.16
-10674.99,-11546.1,-22086.629999999997,-6347.745,454.77,-30081.6,-12402.63,-4227.615
-10668.96,-11532.33,-22063.545,-6316.425,524.2049999999999,-29983.59,-12421.98,-4221.36
-10701.0,-11564.145,-22084.559999999998,-6327.855,525.78,-29968.02,-12466.574999999999,-4258.665
-10733.984999999999,-11609.279999999999,-22129.785,-6373.44,476.90999999999997,-29993.85,-12437.64,-4280.445
-10688.625,-11583.314999999999,-22094.774999999998,-6339.33,502.83,-30011.489999999998,-12433.05,-4237.38
-10632.105,-11513.744999999999,-22046.265,-6304.365,545.67,-29986.739999999998,-12419.145,-4187.07
-10587.914999999999,-11418.66,-21957.254999999997,-6227.1449999999995,611.4599999999999,-29880.765,-12360.42,-4166.91
-10622.88,-11458.125,-21987.495,-6246.45,569.79,-29944.574999999997,-12436.064999999999,-4221.63
-10736.955,-11600.1,-22115.745,-6344.415,470.025,-30073.184999999998,-12490.289999999999,-4299.93
-10738.619999999999,-11611.35,-22135.004999999997,-6361.245,470.565,-30048.344999999998,-12450.465,-4278.014999999999
-10706.265,-11570.49,-22097.61,-6348.825,478.71,-30007.844999999998,-12417.345,-4243.455
-10678.994999999999,-11559.375,-22095.719999999998,-6354.719999999999,472.09499999999997,-30044.52,-12441.914999999999,-4211.415
-10683.945,-11564.189999999999,-22098.465,-6343.74,480.10499999999996,-30106.395,-12458.744999999999,-4223.61
-10682.505,-11553.074999999999,-22082.895,-6327.09,472.635,-30110.805,-12463.965,-4235.085
-10685.34,-11552.4,-22077.899999999998,-6320.07,502.83,-30016.125,-12437.73,-4239.45
-10685.475,-11560.814999999999,-22105.17,-6334.245,518.22,-30020.085,-12433.275,-4237.0199999999995
-10687.815,-11564.55,-22123.125,-6346.844999999999,512.9549999999999,-30003.164999999997,-12437.055,-4235.355
-10687.725,-11570.58,-22116.015,-6363.405,488.43,-29977.92,-12429.81,-4235.8949999999995
-10691.82,-11559.33,-22075.515,-6372.135,491.35499999999996,-29976.03,-12424.14,-4243.23
-10678.32,-11543.31,-22061.7,-6348.78,514.125,-29993.309999999998,-12443.895,-4238.73
-10675.26,-11540.07,-22058.37,-6300.63,511.335,-30054.96,-12475.619999999999,-4238.595
-10674.404999999999,-11537.189999999999,-22059.495,-6309.495,489.06,-30074.355,-12467.609999999999,-4238.775
-10662.345,-11521.215,-22043.52,-6304.815,471.375,-30092.445,-12471.164999999999,-4232.745
-10670.895,-11535.75,-22056.165,-6293.5199999999995,528.48,-30011.085,-12454.289999999999,-4232.745
-10688.67,-11567.115,-22098.645,-6333.525,503.59499999999997,-29981.204999999998,-12424.23,-4233.465
-10693.529999999999,-11556.675,-22076.684999999998,-6328.304999999999,479.7,-30036.285,-12479.355,-4267.3949999999995
-10693.125,-11550.42,-22052.835,-6307.875,502.42499999999995,-29994.84,-12489.705,-4280.22
-10692.765,-11569.635,-22077.629999999997,-6317.054999999999,513.135,-29969.414999999997,-12441.914999999999,-4250.655
-10646.955,-11510.055,-22026.735,-6280.695,546.48,-29934.315,-12368.43,-4185.09
-10636.83,-11506.904999999999,-22021.469999999998,-6271.38,555.93,-29968.065,-12417.255,-4196.025
-10704.96,-11595.645,-22114.17,-6356.115,468.71999999999997,-30086.73,-12474.314999999999,-4257.18
-10714.68,-11571.029999999999,-22093.965,-6353.865,441.585,-30172.32,-12464.73,-4280.8949999999995
-10731.06,-11582.685,-22101.344999999998,-6357.42,450.675,-30125.385,-12390.48,-4273.245
-10706.13,-11578.41,-22096.844999999998,-6339.915,506.88,-29936.16,-12396.105,-4235.264999999999
-10684.08,-11572.199999999999,-22085.37,-6314.67,550.71,-29926.53,-12452.265,-4229.19
-10685.744999999999,-11585.295,-22094.954999999998,-6319.035,534.51,-29962.305,-12428.865,-4234.905
-10685.07,-11555.505,-22077.675,-6314.804999999999,522.27,-29999.565,-12443.085,-4242.825
-10641.555,-11485.89,-22014.54,-6274.17,544.77,-30011.625,-12476.025,-4217.13
-10612.395,-11463.75,-21982.59,-6238.08,588.9599999999999,-29930.355,-12439.529999999999,-4190.625
-10651.815,-11509.064999999999,-22023.945,-6267.599999999999,567.0,-29960.19,-12431.52,-4229.865
-10709.414999999999,-11585.43,-22096.079999999998,-6341.445,473.4,-30068.1,-12494.564999999999,-4268.025
-10678.05,-11567.744999999999,-22097.34,-6347.385,459.63,-30065.67,-12476.97,-4224.555
-10693.71,-11569.5,-22089.87,-6340.365,486.765,-30008.295,-12431.07,-4236.615
-10709.82,-11597.49,-22121.415,-6357.375,500.49,-29954.43,-12371.49,-4251.15
-10631.385,-11529.09,-22056.254999999997,-6288.12,554.805,-29938.77,-12361.455,-4192.335
-10673.775,-11542.14,-22070.16,-6314.535,515.52,-29999.745,-12402.9,-4219.92
-10730.34,-11585.744999999999,-22107.96,-6361.83,467.72999999999996,-30048.885,-12459.645,-4261.7699999999995
-10721.43,-11579.4,-22104.09,-6362.37,459.63,-30040.695,-12410.64,-4266.224999999999
-10708.65,-11572.74,-22094.325,-6350.8949999999995,460.395,-30044.835,-12400.695,-4258.215
-10681.83,-11552.67,-22081.41,-6331.005,493.78499999999997,-30017.295,-12454.064999999999,-4230.09
-10675.935,-11546.91,-22072.635,-6326.955,486.9,-30065.489999999998,-12491.73,-4224.87
-10690.289999999999,-11567.835,-22097.25,-6354.8099999999995,444.465,-30160.17,-12480.164999999999,-4235.264999999999
-10683.539999999999,-11557.439999999999,-22084.515,-6345.764999999999,466.335,-30117.42,-12517.875,-4247.01
-10669.185,-11540.115,-22060.89,-6315.929999999999,520.11,-30011.85,-12549.33,-4248.045
-10665.225,-11526.705,-22046.265,-6301.98,544.5,-29975.579999999998,-12485.564999999999,-4236.75
-10655.369999999999,-11515.725,-22038.524999999998,-6305.13,525.96,-29987.594999999998,-12392.145,-4213.755
-10665.99,-11535.795,-22058.01,-6322.95,490.365,-30047.535,-12481.064999999999,-4241.025
-10712.295,-11590.335,-22117.5,-6373.62,464.445,-30065.85,-12484.215,-4272.48
-10728.225,-11604.779999999999,-22138.92,-6419.745,420.97499999999997,-30050.235,-12398.85,-4261.005
-10704.285,-11591.91,-22137.93,-6427.349999999999,417.555,-30018.645,-12409.695,-4234.724999999999
-10681.695,-11560.005,-22106.204999999998,-6358.23,492.39,-30034.8,-12457.619999999999,-4230.18
-10713.33,-11589.255,-22128.12,-6316.155,564.12,-30005.864999999998,-12419.91,-4259.745
-10706.445,-11600.505,-22137.075,-6333.795,496.97999999999996,-29992.32,-12402.945,-4248.18
-10685.925,-11564.414999999999,-22068.18,-6279.165,518.04,-30023.504999999997,-12445.109999999999,-4229.595
-10683.539999999999,-11549.295,-22054.184999999998,-6292.844999999999,512.9549999999999,-30031.92,-12456.99,-4235.04
-10693.89,-11577.914999999999,-22091.67,-6349.86,487.08,-30018.42,-12456.765,-4249.125
-10680.119999999999,-11544.795,-22063.635,-6312.69,509.31,-30039.39,-12505.994999999999,-4250.88
-10685.744999999999,-11537.145,-22064.219999999998,-6325.65,503.23499999999996,-30031.875,-12450.24,-4249.17
-10696.23,-11574.81,-22097.34,-6373.9349999999995,489.91499999999996,-30005.46,-12395.34,-4234.635
-10665.09,-11545.47,-22076.325,-6354.719999999999,494.145,-30068.235,-12487.545,-4219.5599999999995
-10688.039999999999,-11554.154999999999,-22086.495,-6372.945,486.81,-30069.405,-12488.58,-4244.13
-10689.21,-11556.494999999999,-22087.844999999998,-6346.62,535.68,-29988.765,-12459.105,-4243.59
-10674.135,-11528.73,-22041.36,-6264.495,527.85,-29977.02,-12472.56,-4250.115
-10642.005,-11475.945,-21978.225,-6205.23,579.78,-29966.805,-12493.439999999999,-4245.93
-10643.265,-11483.369999999999,-21991.454999999998,-6220.304999999999,607.9499999999999,-29948.94,-12477.689999999999,-4242.014999999999
-10682.64,-11558.88,-22067.37,-6305.04,527.985,-29999.204999999998,-12421.619999999999,-4236.12
-10697.4,-11606.31,-22124.114999999998,-6391.665,439.695,-30070.98,-12383.73,-4222.755
-10695.824999999999,-11598.345,-22121.91,-6424.65,414.04499999999996,-30052.079999999998,-12441.285,-4239.315
-10710.855,-11602.125,-22135.32,-6420.465,419.085,-30022.515,-12477.555,-4250.07
-10712.52,-11565.63,-22076.1,-6362.955,442.8,-30037.77,-12465.135,-4258.53
-10687.904999999999,-11540.88,-22046.895,-6269.58,534.015,-30016.844999999998,-12513.689999999999,-4257.045
-10686.195,-11545.83,-22060.485,-6269.76,531.045,-30042.045,-12504.24,-4253.94
-10708.695,-11581.154999999999,-22097.745,-6327.99,486.585,-30046.23,-12425.22,-4250.115
-10713.555,-11597.895,-22115.295,-6355.304999999999,434.655,-30148.829999999998,-12444.93,-4248.72
