ch0,ch1,ch2,ch3,ch4,ch5,ch6,ch7
-10962.63,-11683.98,-22592.79,-6567.48,490.185,-30233.699999999997,-13150.845,-4076.685
-10968.615,-11690.369999999999,-22609.17,-6594.84,470.29499999999996,-30283.245,-13291.605,-4098.96
-11016.99,-11732.13,-22650.885,-6634.304999999999,470.52,-30261.78,-13236.84,-4156.47
-11068.875,-11803.455,-22743.495,-6717.87,390.96,-30335.445,-13206.644999999999,-4172.445
-11031.48,-11771.865,-22715.145,-6682.995,429.97499999999997,-30307.545,-13250.88,-4136.805
-10964.97,-11691.359999999999,-22602.42,-6564.87,528.615,-30241.62,-13259.385,-4095.99
-10973.295,-11694.6,-22588.695,-6552.134999999999,507.825,-30263.355,-13228.38,-4098.78
-11012.625,-11749.365,-22661.594999999998,-6605.594999999999,453.645,-30299.309999999998,-13160.97,-4109.13
-11023.92,-11761.154999999999,-22685.04,-6634.53,428.66999999999996,-30308.715,-13184.865,-4127.8949999999995
-11010.96,-11743.56,-22662.855,-6622.245,437.445,-30299.715,-13229.865,-4128.389999999999
-10988.955,-11723.895,-22621.77,-6592.365,462.51,-30324.239999999998,-13270.545,-4112.595
-10992.734999999999,-11723.49,-22634.055,-6591.915,482.805,-30307.77,-13273.92,-4120.74
-10983.555,-11703.195,-22617.495,-6591.825,505.395,-30257.954999999998,-13232.97,-4110.389999999999
-10969.83,-11687.939999999999,-22595.399999999998,-6584.445,495.9,-30257.64,-13185.585,-4093.29
-11010.105,-11742.795,-22655.25,-6628.59,419.35499999999996,-30368.204999999998,-13242.51,-4125.375
-11039.039999999999,-11777.76,-22695.03,-6653.565,391.22999999999996,-30393.675,-13274.189999999999,-4150.98
-11001.689999999999,-11733.975,-22657.364999999998,-6624.855,434.205,-30343.905,-13263.48,-4116.915
-10996.289999999999,-11733.48,-22647.239999999998,-6609.0599999999995,471.465,-30263.355,-13206.824999999999,-4104.495
-11004.029999999999,-11738.564999999999,-22646.385,-6595.965,495.04499999999996,-30240.945,-13217.939999999999,-4117.23
-11001.33,-11730.645,-22635.45,-6589.44,495.85499999999996,-30240.629999999997,-13216.275,-4114.215
-11003.445,-11721.914999999999,-22622.715,-6590.969999999999,472.185,-30288.285,-13197.689999999999,-4113.72
-11004.164999999999,-11726.955,-22636.98,-6602.67,449.82,-30337.695,-13201.064999999999,-4112.46
-10983.465,-11710.529999999999,-22622.04,-6580.889999999999,474.435,-30314.745,-13240.664999999999,-4099.32
-10984.994999999999,-11706.57,-22622.715,-6609.6449999999995,502.46999999999997,-30261.824999999997,-13271.715,-4114.17
-11009.16,-11731.455,-22662.045,-6670.71,454.005,-30272.535,-13275.765,-4134.42
-11012.58,-11738.025,-22660.29,-6654.735,452.29499999999996,-30276.539999999997,-13239.0,-4131.99
-10953.539999999999,-11673.72,-22582.079999999998,-6580.575,518.31,-30211.469999999998,-13171.14,-4085.0099999999998
-10947.914999999999,-11662.605,-22569.84,-6551.73,505.755,-30269.295,-13252.769999999999,-4096.08
-11018.789999999999,-11743.47,-22650.57,-6595.605,423.315,-30373.965,-13249.619999999999,-4130.955
-11036.699999999999,-11759.49,-22663.305,-6608.655,432.85499999999996,-30317.805,-13153.769999999999,-4145.58
-11028.779999999999,-11755.215,-22665.465,-6626.34,433.34999999999997,-30290.76,-13210.154999999999,-4151.115
-11012.49,-11743.02,-22653.0,-6626.835,427.365,-30334.32,-13237.019999999999,-4128.165
-10954.755,-11683.17,-22594.905,-6577.5599999999995,470.60999999999996,-30336.704999999998,-13231.845,-4069.7999999999997
-10922.265,-11638.529999999999,-22550.895,-6530.715,511.46999999999997,-30317.985,-13288.994999999999,-4060.125
-10991.654999999999,-11715.345,-22622.445,-6597.719999999999,452.34,-30312.18,-13295.34,-4114.98
-11042.414999999999,-11783.654999999999,-22686.704999999998,-6657.929999999999,393.93,-30379.274999999998,-13307.039999999999,-4157.55
-10988.595,-11726.595,-22634.415,-6599.79,448.10999999999996,-30322.71,-13279.59,-4132.035
-10970.414999999999,-11702.835,-22613.579999999998,-6578.054999999999,482.17499999999995,-30287.385,-13234.365,-4106.565
-10987.785,-11720.564999999999,-22642.515,-6618.014999999999,423.945,-30362.129999999997,-13260.465,-4098.599999999999
-11001.645,-11744.775,-22656.69,-6629.804999999999,414.405,-30359.204999999998,-13243.365,-4104.135
-11022.525,-11772.99,-22667.895,-6617.16,461.25,-30280.545,-13212.09,-4130.91
-11036.34,-11757.33,-22653.27,-6593.49,523.98,-30195.945,-13177.664999999999,-4138.5599999999995
-10990.755,-11697.93,-22605.075,-6560.46,543.78,-30188.879999999997,-13175.685,-4099.41
-11017.529999999999,-11736.585,-22645.305,-6610.995,477.135,-30250.98,-13189.41,-4126.23
-11037.689999999999,-11765.925,-22674.105,-6646.23,427.85999999999996,-30316.86,-13219.199999999999,-4155.389999999999
-11026.305,-11751.93,-22671.27,-6643.889999999999,431.72999999999996,-30327.795,-13266.269999999999,-4155.345
-11023.425,-11766.285,-22694.805,-6661.8,422.145,-30326.309999999998,-13250.97,-4127.4
-11000.789999999999,-11734.785,-22651.605,-6616.844999999999,457.65,-30298.68,-13184.1,-4096.755
-10990.619999999999,-11708.505,-22624.379999999997,-6592.005,466.83,-30322.35,-13207.185,-4098.105
-10995.3,-11713.859999999999,-22639.815,-6604.785,455.84999999999997,-30320.504999999997,-13220.055,-4109.22
-10966.095,-11687.805,-22631.399999999998,-6600.105,488.43,-30254.805,-13242.285,-4091.805
-10977.345,-11696.49,-22642.559999999998,-6610.455,505.53,-30242.114999999998,-13308.119999999999,-4119.57
-11042.64,-11763.855,-22680.719999999998,-6674.4,435.10499999999996,-30290.67,-13259.789999999999,-4159.17
-11031.345,-11761.064999999999,-22654.98,-6639.4349999999995,441.81,-30318.524999999998,-13201.335,-4121.325
-11001.914999999999,-11733.795,-22635.54,-6591.915,442.89,-30363.614999999998,-13234.725,-4103.595
-10993.005,-11731.32,-22641.704999999998,-6603.57,435.06,-30353.129999999997,-13245.255,-4103.775
-10992.06,-11737.484999999999,-22644.36,-6608.384999999999,462.645,-30282.344999999998,-13215.555,-4099.86
-11002.095,-11730.375,-22641.704999999998,-6603.389999999999,480.15,-30271.77,-13219.019999999999,-4109.985
-10992.734999999999,-11704.14,-22618.665,-6581.79,502.02,-30278.745,-13226.445,-4110.03
-10992.51,-11700.765,-22608.045,-6566.264999999999,521.73,-30271.23,-13245.705,-4125.465
-10992.555,-11693.25,-22597.965,-6551.37,536.4449999999999,-30239.91,-13234.005,-4136.58
-11000.88,-11710.26,-22620.555,-6564.69,500.4,-30244.635,-13227.795,-4140.405
-11010.555,-11752.515,-22674.78,-6606.719999999999,417.91499999999996,-30359.61,-13259.88,-4116.195
-10993.23,-11733.57,-22657.95,-6627.69,403.425,-30392.64,-13272.57,-4096.08
-11006.189999999999,-11727.045,-22628.745,-6639.075,438.34499999999997,-30294.0,-13230.99,-4116.105
-11034.539999999999,-11760.164999999999,-22652.055,-6653.34,420.34499999999997,-30277.53,-13207.095,-4134.24
-10996.38,-11719.17,-22614.93,-6636.014999999999,461.52,-30245.399999999998,-13174.109999999999,-4093.29
-10980.585,-11695.23,-22594.23,-6610.005,490.32,-30202.02,-13167.81,-4090.3199999999997
-11001.33,-11718.18,-22628.879999999997,-6624.495,467.09999999999997,-30281.579999999998,-13267.484999999999,-4132.17
-11038.814999999999,-11765.16,-22681.754999999997,-6654.24,403.56,-30378.149999999998,-13314.285,-4165.155
-11033.414999999999,-11760.119999999999,-22673.295,-6638.49,382.22999999999996,-30436.02,-13270.32,-4146.345
-11002.904999999999,-11725.695,-22625.64,-6599.745,444.375,-30384.449999999997,-13237.019999999999,-4113.945
-10989.449999999999,-11719.755,-22601.295,-6580.53,472.635,-30258.585,-13219.74,-4102.2
-10985.445,-11714.265,-22601.114999999998,-6586.335,453.73499999999996,-30229.335,-13185.135,-4100.715
-10980.72,-11695.365,-22591.754999999997,-6567.165,473.53499999999997,-30236.445,-13186.619999999999,-4104.495
-10978.47,-11694.51,-22603.5,-6570.0,503.23499999999996,-30236.579999999998,-13210.83,-4098.105
-11003.895,-11730.465,-22626.945,-6603.165,464.895,-30256.155,-13221.359999999999,-4111.74
-11031.75,-11759.805,-22649.67,-6639.929999999999,417.465,-30280.86,-13237.244999999999,-4140.945
-11004.48,-11710.89,-22610.16,-6614.235,444.87,-30249.945,-13193.234999999999,-4129.5599999999995
-10992.734999999999,-11699.189999999999,-22601.114999999998,-6603.4349999999995,463.85999999999996,-30257.55,-13151.025,-4117.59
-10983.6,-11709.225,-22628.879999999997,-6604.425,482.76,-30279.78,-13193.324999999999,-4093.29
-10954.619999999999,-11675.34,-22593.329999999998,-6545.25,515.925,-30308.579999999998,-13319.55,-4082.94
-10980.945,-11695.949999999999,-22602.42,-6545.969999999999,513.135,-30309.344999999998,-13288.365,-4113.09
-11024.414999999999,-11750.895,-22650.75,-6600.24,481.09499999999997,-30279.645,-13245.84,-4137.255
-11046.914999999999,-11792.295,-22703.94,-6667.11,413.145,-30306.195,-13210.965,-4123.755
-11005.605,-11727.225,-22646.835,-6617.429999999999,451.53,-30297.78,-13202.055,-4106.655
-10975.545,-11690.955,-22607.684999999998,-6586.2,480.24,-30280.14,-13212.675,-4100.175
-10977.3,-11690.189999999999,-22604.895,-6598.665,458.64,-30291.614999999998,-13234.095,-4124.43
-10993.23,-11704.14,-22624.29,-6620.715,423.27,-30346.155,-13275.81,-4150.215
-10989.72,-11704.814999999999,-22629.825,-6617.115,421.83,-30388.815,-13353.84,-4134.24
-11010.33,-11739.375,-22658.175,-6608.88,461.835,-30342.69,-13309.74,-4117.95
-11063.789999999999,-11805.48,-22724.954999999998,-6674.759999999999,412.83,-30325.14,-13192.74,-4135.32
-11028.195,-11764.619999999999,-22687.379999999997,-6656.8949999999995,418.32,-30372.254999999997,-13237.38,-4122.63
-11005.83,-11735.279999999999,-22657.68,-6645.33,438.03,-30364.469999999998,-13255.244999999999,-4119.4349999999995
-10981.8,-11708.595,-22620.195,-6576.03,507.69,-30245.265,-13196.654999999999,-4100.175
-10989.449999999999,-11721.645,-22615.469999999998,-6543.45,543.96,-30190.14,-13186.17,-4110.795
-11000.88,-11713.545,-22612.364999999998,-6554.925,528.795,-30230.055,-13221.99,-4129.514999999999
-11008.89,-11707.92,-22618.125,-6580.575,492.255,-30271.545,-13272.345,-4137.03
-11016.404999999999,-11743.965,-22662.045,-6626.655,437.895,-30305.16,-13239.045,-4122.315
-11018.744999999999,-11759.58,-22676.129999999997,-6644.429999999999,415.935,-30327.48,-13199.445,-4112.415
-11023.154999999999,-11768.31,-22688.594999999998,-6645.105,438.47999999999996,-30309.93,-13197.869999999999,-4112.639999999999
-11006.685,-11734.605,-22651.965,-6611.67,475.38,-30288.375,-13252.23,-4123.53
-11006.64,-11728.305,-22645.215,-6600.195,486.81,-30280.815,-13269.869999999999,-4135.005
-10989.81,-11699.414999999999,-22613.085,-6579.179999999999,494.54999999999995,-30274.695,-13238.189999999999,-4121.325
-10993.14,-11709.945,-22623.03,-6602.804999999999,444.555,-30330.899999999998,-13226.4,-4120.695
-11021.039999999999,-11743.92,-22662.719999999998,-6645.195,408.645,-30355.469999999998,-13243.14,-4143.33
-11061.855,-11778.164999999999,-22695.84,-6672.78,413.505,-30351.69,-13228.289999999999,-4176.99
-11033.145,-11760.66,-22685.579999999998,-6661.755,425.925,-30379.635,-13238.91,-4129.514999999999
-10986.39,-11719.574999999999,-22653.945,-6628.275,455.66999999999996,-30382.605,-13263.57,-4087.2599999999998
-10996.38,-11733.885,-22667.129999999997,-6614.054999999999,476.82,-30337.289999999997,-13287.465,-4103.73
-11004.39,-11730.869999999999,-22646.565,-6586.2,501.03,-30235.14,-13229.189999999999,-4108.905
-10999.215,-11718.855,-22623.975,-6581.835,484.155,-30241.17,-13200.795,-4098.24
-10997.055,-11717.685,-22634.82,-6602.49,455.03999999999996,-30303.719999999998,-13227.39,-4101.12
-10988.505,-11706.255,-22626.54,-6578.054999999999,485.325,-30281.129999999997,-13237.83,-4108.905
-10999.395,-11725.605,-22665.239999999998,-6589.889999999999,486.99,-30271.77,-13240.619999999999,-4118.805
-11015.414999999999,-11749.59,-22716.045,-6639.615,459.63,-30309.795,-13246.335,-4131.045
-11003.895,-11731.814999999999,-22682.295,-6657.705,468.585,-30326.399999999998,-13256.865,-4117.455
-10991.744999999999,-11709.18,-22610.655,-6605.37,478.16999999999996,-30316.41,-13224.465,-4104.224999999999
-11003.265,-11728.755,-22618.35,-6595.245,466.46999999999997,-30321.315,-13235.58,-4110.21
-11017.71,-11756.43,-22654.44,-6623.37,447.705,-30294.405,-13214.835,-4118.085
-11000.43,-11738.475,-22658.265,-6643.304999999999,462.375,-30265.829999999998,-13203.855,-4104.2699999999995
-10996.02,-11723.625,-22652.415,-6633.719999999999,456.93,-30310.379999999997,-13227.39,-4109.58
-11009.609999999999,-11729.97,-22649.219999999998,-6636.014999999999,437.31,-30352.05,-13261.904999999999,-4126.365
-10992.869999999999,-11709.855,-22622.715,-6614.6849999999995,498.41999999999996,-30319.695,-13256.82,-4113.8099999999995
-10986.3,-11701.8,-22620.6,-6614.639999999999,455.49,-30332.34,-13229.505,-4108.365
-11032.02,-11755.305,-22679.19,-6677.775,373.72499999999997,-30381.164999999997,-13225.23,-4139.91
-11039.715,-11765.16,-22698.315,-6645.69,418.275,-30343.14,-13249.08,-4149.675
-11029.904999999999,-11757.465,-22685.085,-6599.565,440.685,-30343.949999999997,-13289.265,-4156.605
-11022.029999999999,-11754.539999999999,-22665.78,-6604.92,447.65999999999997,-30340.844999999998,-13294.26,-4140.675
-11016.63,-11731.095,-22630.77,-6595.0199999999995,474.29999999999995,-30299.985,-13272.345,-4127.355
-11008.439999999999,-11730.33,-22631.85,-6592.545,490.905,-30259.62,-13247.189999999999,-4106.34
-11011.455,-11732.265,-22647.87,-6613.11,460.84499999999997,-30301.289999999997,-13257.63,-4123.845
-11026.619999999999,-11748.24,-22665.195,-6636.78,426.59999999999997,-30363.12,-13267.035,-4139.099999999999
-10999.215,-11721.914999999999,-22638.915,-6610.905,457.38,-30333.329999999998,-13271.265,-4115.97
-10964.52,-11674.305,-22590.899999999998,-6568.965,498.10499999999996,-30254.355,-13223.925,-4096.665
-10986.39,-11692.98,-22592.295,-6582.6449999999995,480.375,-30239.82,-13237.425,-4123.62
-11021.445,-11748.24,-22647.239999999998,-6626.429999999999,441.85499999999996,-30306.015,-13234.994999999999,-4124.79
-11023.244999999999,-11741.625,-22653.0,-6618.87,464.76,-30314.565,-13262.445,-4139.73
-11037.779999999999,-11751.93,-22658.67,-6623.28,464.53499999999997,-30298.094999999998,-13254.39,-4149.045
-11032.199999999999,-11769.84,-22677.795,-6644.655,419.21999999999997,-30341.204999999998,-13243.949999999999,-4125.87
-11029.5,-11768.22,-22683.825,-6661.62,371.88,-30418.469999999998,-13276.17,-4130.91
-10986.615,-11729.744999999999,-22653.36,-6634.62,394.74,-30400.515,-13248.765,-4079.79
-10988.145,-11720.07,-22643.64,-6616.215,441.135,-30347.73,-13214.744999999999,-4091.7599999999998
-11021.805,-11753.234999999999,-22665.375,-6619.679999999999,486.0,-30255.39,-13165.109999999999,-4117.365
-11003.67,-11739.06,-22648.364999999998,-6598.215,506.96999999999997,-30235.545,-13183.109999999999,-4106.43
-10989.0,-11724.119999999999,-22633.739999999998,-6596.325,474.075,-30324.42,-13251.555,-4100.58
-10965.6,-11687.085,-22602.195,-6566.8949999999995,503.90999999999997,-30275.73,-13239.314999999999,-4097.115
-10943.145,-11652.119999999999,-22566.51,-6535.665,539.73,-30197.07,-13179.42,-4071.1949999999997
-10983.105,-11708.279999999999,-22622.94,-6586.38,499.77,-30245.085,-13178.295,-4084.2
-11010.555,-11740.904999999999,-22655.79,-6622.065,463.54499999999996,-30296.969999999998,-13227.705,-4113.764999999999
-11004.66,-11737.8,-22649.805,-6622.785,464.84999999999997,-30316.094999999998,-13242.689999999999,-4120.695
-11020.41,-11774.609999999999,-22692.375,-6679.62,408.15,-30374.235,-13265.91,-4121.325
-10992.42,-11725.244999999999,-22650.39,-6666.929999999999,432.495,-30336.254999999997,-13245.885,-4103.1449999999995
-11021.895,-11736.945,-22661.91,-6669.9,456.435,-30289.32,-13225.455,-4131.405
-11038.77,-11776.14,-22690.26,-6645.014999999999,467.72999999999996,-30280.23,-13212.855,-4132.62
-11020.725,-11759.13,-22681.079999999998,-6615.99,479.07,-30280.184999999998,-13241.835,-4124.115
-11039.175,-11756.835,-22666.05,-6607.125,463.455,-30297.329999999998,-13235.67,-4144.995
-11035.98,-11744.324999999999,-22650.93,-6602.58,453.28499999999997,-30313.079999999998,-13249.26,-4154.625
-11033.55,-11745.18,-22650.795,-6582.509999999999,488.88,-30299.579999999998,-13276.664999999999,-4154.4
-11012.175,-11723.76,-22648.68,-6585.48,499.455,-30285.27,-13284.225,-4137.66
-11004.48,-11729.609999999999,-22661.954999999998,-6616.8,465.885,-30300.704999999998,-13245.345,-4116.24
-10986.255,-11727.0,-22656.87,-6609.24,466.38,-30308.129999999997,-13203.765,-4083.165
-10985.895,-11698.38,-22610.52,-6592.995,476.325,-30309.75,-13231.664999999999,-4112.82
-11016.18,-11727.314999999999,-22644.45,-6639.03,446.66999999999996,-30331.8,-13257.675,-4152.42
-11023.02,-11745.72,-22666.68,-6666.165,437.265,-30325.23,-13254.705,-4132.44
-11008.439999999999,-11741.039999999999,-22661.145,-6649.65,446.49,-30314.925,-13235.58,-4087.71
-11001.6,-11729.564999999999,-22644.675,-6589.44,467.90999999999997,-30318.03,-13249.71,-4098.51
-11008.08,-11727.27,-22637.745,-6586.469999999999,479.78999999999996,-30314.34,-13243.814999999999,-4124.43
-11025.72,-11742.48,-22653.719999999998,-6612.48,461.29499999999996,-30310.335,-13230.09,-4143.105
-11002.23,-11725.38,-22635.27,-6597.945,463.5,-30312.539999999997,-13224.824999999999,-4105.98
-10978.74,-11714.58,-22630.23,-6598.889999999999,452.655,-30332.925,-13276.89,-4083.39
-10996.695,-11713.725,-22639.05,-6614.865,444.825,-30355.92,-13360.994999999999,-4127.94
-11007.72,-11727.314999999999,-22651.065,-6632.865,430.91999999999996,-30386.745,-13307.894999999999,-4112.73
-10971.314999999999,-11704.994999999999,-22626.765,-6605.55,447.47999999999996,-30385.98,-13200.074999999999,-4057.83
-10944.494999999999,-11663.414999999999,-22583.34,-6562.71,479.565,-30336.975,-13176.855,-4056.66
-10987.38,-11705.22,-22625.19,-6600.554999999999,453.51,-30341.43,-13245.345,-4107.6449999999995
-11026.755,-11759.85,-22678.695,-6643.62,429.525,-30313.26,-13249.394999999999,-4126.815
-11038.545,-11781.404999999999,-22689.135,-6642.9,444.555,-30291.12,-13226.445,-4128.255
-11020.275,-11765.97,-22672.53,-6621.389999999999,482.805,-30222.629999999997,-13184.865,-4115.115
-10969.154999999999,-11685.734999999999,-22602.42,-6564.014999999999,523.845,-30239.73,-13217.715,-4089.4649999999997
-10972.755,-11671.83,-22586.129999999997,-6560.55,522.81,-30268.44,-13238.73,-4094.46
-11012.895,-11742.164999999999,-22659.3,-6636.42,436.5,-30336.885,-13216.5,-4111.245
-11026.395,-11770.199999999999,-22696.92,-6672.69,370.03499999999997,-30396.239999999998,-13241.88,-4112.6849999999995
-11019.24,-11740.77,-22663.395,-6640.65,394.46999999999997,-30440.295,-13317.345,-4129.695
-10984.59,-11693.43,-22610.34,-6586.0199999999995,463.32,-30409.605,-13323.105,-4121.37
-10919.564999999999,-11622.285,-22529.204999999998,-6497.505,584.73,-30196.215,-13190.31,-4065.8399999999997
-10940.939999999999,-11650.23,-22560.075,-6536.429999999999,529.245,-30268.844999999998,-13197.42,-4079.475
-11058.615,-11779.38,-22698.495,-6700.815,352.215,-30452.039999999997,-13300.38,-4175.865
-11095.515,-11821.725,-22735.395,-6722.19,385.28999999999996,-30303.539999999997,-13255.83,-4198.32
-11040.66,-11777.355,-22690.26,-6658.65,473.58,-30214.89,-13218.164999999999,-4134.014999999999
-11019.645,-11755.305,-22675.004999999997,-6629.715,479.115,-30272.715,-13216.68,-4104.72
-11016.945,-11743.154999999999,-22659.39,-6605.054999999999,504.09,-30280.905,-13236.93,-4120.245
-11001.779999999999,-11714.715,-22623.03,-6566.67,522.72,-30299.579999999998,-13242.914999999999,-4121.325
-11009.609999999999,-11725.515,-22637.34,-6599.565,488.47499999999997,-30356.145,-13299.074999999999,-4128.3
-11022.39,-11758.949999999999,-22678.649999999998,-6649.335,429.47999999999996,-30373.469999999998,-13326.029999999999,-4111.875
-11029.725,-11768.715,-22683.645,-6636.735,442.305,-30285.629999999997,-13212.269999999999,-4108.1849999999995
-11034.63,-11776.095,-22684.86,-6610.995,463.59,-30260.565,-13141.98,-4114.665
-11017.08,-11755.439999999999,-22676.219999999998,-6603.48,456.57,-30276.539999999997,-13165.38,-4112.235
-11011.185,-11728.755,-22656.239999999998,-6604.5599999999995,462.645,-30313.844999999998,-13269.015,-4123.845
-11020.545,-11740.904999999999,-22663.754999999997,-6658.605,457.60499999999996,-30333.375,-13299.029999999999,-4137.525
-11024.1,-11741.85,-22657.59,-6654.599999999999,462.825,-30319.92,-13258.71,-4135.545
-11008.529999999999,-11729.97,-22647.915,-6629.715,478.755,-30300.75,-13203.314999999999,-4105.845
-11028.779999999999,-11759.355,-22698.719999999998,-6645.42,447.255,-30321.989999999998,-13226.939999999999,-4118.175
-10999.484999999999,-11745.855,-22714.605,-6649.5599999999995,461.34,-30312.18,-13236.57,-4094.955
-10912.095,-11648.789999999999,-22609.98,-6539.58,576.81,-30218.895,-13182.074999999999,-4032.27
-10897.38,-11604.15,-22506.93,-6497.82,594.045,-30201.704999999998,-13194.045,-4043.6549999999997
-11016.045,-11737.439999999999,-22642.92,-6651.855,449.145,-30299.355,-13215.285,-4130.595
-11057.939999999999,-11794.814999999999,-22727.475,-6689.115,372.41999999999996,-30368.789999999997,-13247.82,-4140.495
-11024.145,-11761.109999999999,-22685.445,-6642.764999999999,404.55,-30392.954999999998,-13285.394999999999,-4121.46
-11008.845,-11746.755,-22633.92,-6605.594999999999,445.95,-30392.055,-13272.345,-4126.139999999999
-10996.74,-11718.99,-22606.649999999998,-6573.105,461.205,-30354.57,-13277.564999999999,-4129.425
-11033.73,-11744.64,-22664.745,-6613.0199999999995,441.81,-30309.93,-13269.869999999999,-4150.62
-11041.38,-11771.82,-22685.219999999998,-6643.844999999999,422.46,-30335.895,-13229.279999999999,-4121.235
-10988.91,-11722.23,-22638.78,-6597.719999999999,470.385,-30317.535,-13234.41,-4089.33
-11006.64,-11723.895,-22638.285,-6605.82,463.455,-30318.66,-13237.515,-4113.09
-11017.574999999999,-11739.555,-22653.629999999997,-6628.005,431.41499999999996,-30355.515,-13240.35,-4122.36
-11025.18,-11750.085,-22664.295,-6646.139999999999,413.01,-30360.914999999997,-13219.289999999999,-4122.99
-11027.43,-11757.015,-22675.094999999998,-6651.63,411.65999999999997,-30336.12,-13207.365,-4121.595
-11015.595,-11748.15,-22672.98,-6635.969999999999,423.53999999999996,-30337.155,-13240.755,-4113.8099999999995
-10995.615,-11719.395,-22634.594999999998,-6596.82,474.39,-30309.164999999997,-13285.394999999999,-4106.97
-10994.67,-11711.43,-22625.82,-6581.969999999999,505.26,-30268.98,-13293.585,-4114.17
-11012.895,-11715.885,-22632.344999999998,-6600.78,475.245,-30313.125,-13321.845,-4147.245
-11034.765,-11736.72,-22653.225,-6625.17,442.97999999999996,-30336.614999999998,-13273.605,-4170.24
-11024.055,-11739.555,-22657.004999999997,-6627.78,436.68,-30334.094999999998,-13208.984999999999,-4137.345
-10953.585,-11677.545,-22596.344999999998,-6563.16,501.57,-30304.754999999997,-13227.164999999999,-4051.2599999999998
-10956.555,-11672.46,-22588.29,-6555.014999999999,510.65999999999997,-30335.129999999997,-13278.015,-4068.18
-11025.945,-11744.595,-22658.805,-6635.25,409.09499999999997,-30455.1,-13358.97,-4148.19
-11023.064999999999,-11741.22,-22662.18,-6643.665,400.40999999999997,-30417.434999999998,-13349.43,-4148.1449999999995
-10985.715,-11686.095,-22603.32,-6592.365,482.4,-30297.105,-13274.189999999999,-4123.17
-11005.785,-11714.49,-22635.045,-6633.764999999999,456.3,-30290.67,-13172.625,-4139.775
-11032.154999999999,-11759.445,-22683.105,-6670.17,414.27,-30314.204999999998,-13167.359999999999,-4141.62
-11045.97,-11804.085,-22716.495,-6669.495,417.195,-30316.59,-13244.13,-4125.96
-11003.13,-11749.68,-22668.524999999998,-6603.884999999999,500.085,-30266.55,-13240.89,-4097.43
-10991.97,-11701.619999999999,-22616.594999999998,-6574.275,524.655,-30245.85,-13182.255,-4087.575
-11012.355,-11719.664999999999,-22627.17,-6583.905,501.97499999999997,-30265.379999999997,-13220.64,-4123.9349999999995
-11055.869999999999,-11776.77,-22683.69,-6629.94,467.09999999999997,-30307.41,-13312.755,-4173.345
-11069.414999999999,-11797.56,-22707.945,-6660.8099999999995,434.07,-30316.32,-13252.005,-4158.675
-10982.609999999999,-11701.619999999999,-22603.32,-6562.665,513.36,-30237.75,-13185.045,-4065.8399999999997
-11008.395,-11721.96,-22627.215,-6586.965,505.935,-30231.18,-13150.664999999999,-4108.32
-11040.39,-11771.01,-22681.17,-6635.88,456.885,-30285.855,-13234.68,-4145.985
-11017.439999999999,-11765.385,-22682.925,-6641.235,434.385,-30323.07,-13250.609999999999,-4111.425
-10996.244999999999,-11731.994999999999,-22654.305,-6627.24,441.405,-30342.375,-13230.945,-4079.0699999999997
-10975.32,-11692.17,-22617.18,-6595.2,485.28,-30308.76,-13249.664999999999,-4087.2599999999998
-10965.645,-11685.195,-22615.829999999998,-6566.49,527.355,-30254.309999999998,-13242.644999999999,-4098.24
-10984.41,-11704.05,-22647.015,-6571.71,535.4549999999999,-30252.735,-13218.164999999999,-4110.12
-11045.295,-11764.35,-22688.37,-6627.554999999999,460.16999999999996,-30301.469999999998,-13184.955,-4145.805
-11057.984999999999,-11769.21,-22667.805,-6637.455,436.54499999999996,-30304.485,-13170.734999999999,-4151.5199999999995
-11025.314999999999,-11749.05,-22668.21,-6640.83,441.585,-30323.61,-13233.465,-4121.37
-11000.34,-11736.855,-22675.68,-6651.224999999999,435.10499999999996,-30332.204999999998,-13267.35,-4107.465
-11020.14,-11757.6,-22690.71,-6664.7699999999995,423.85499999999996,-30317.76,-13239.314999999999,-4123.755
-11026.484999999999,-11757.689999999999,-22682.25,-6640.875,450.81,-30295.305,-13208.67,-4116.33
-11003.939999999999,-11729.744999999999,-22673.114999999998,-6588.675,519.435,-30290.355,-13238.46,-4110.345
-10992.869999999999,-11717.595,-22671.855,-6585.21,512.9549999999999,-30319.065,-13257.855,-4113.72
-11016.18,-11743.109999999999,-22669.739999999998,-6602.264999999999,451.26,-30353.219999999998,-13255.605,-4123.62
-11001.105,-11720.475,-22621.635,-6636.33,433.44,-30359.204999999998,-13297.994999999999,-4113.405
-11018.25,-11732.984999999999,-22626.09,-6634.304999999999,441.27,-30306.465,-13251.779999999999,-4127.13
-11010.51,-11723.13,-22618.89,-6603.21,497.60999999999996,-30259.17,-13204.26,-4114.845
-11001.689999999999,-11704.68,-22605.254999999997,-6589.125,499.09499999999997,-30278.25,-13265.234999999999,-4140.315
-11019.195,-11716.605,-22622.985,-6613.0199999999995,475.10999999999996,-30290.039999999997,-13316.13,-4177.035
-10982.744999999999,-11697.345,-22616.594999999998,-6609.014999999999,464.58,-30287.879999999997,-13194.0,-4110.12
-10930.14,-11667.285,-22612.454999999998,-6597.045,449.955,-30316.815,-13166.144999999999,-4032.0899999999997
-11001.824999999999,-11734.02,-22676.355,-6656.8949999999995,413.72999999999996,-30327.48,-13240.305,-4102.47
-11043.314999999999,-11754.27,-22674.6,-6644.474999999999,433.16999999999996,-30320.055,-13248.09,-4157.055
-11004.66,-11717.505,-22629.285,-6644.115,437.98499999999996,-30378.6,-13266.675,-4121.955
-10985.13,-11728.17,-22667.085,-6698.925,411.525,-30412.89,-13318.199999999999,-4103.73
-10980.359999999999,-11736.18,-22701.69,-6654.735,473.13,-30381.39,-13337.82,-4092.435
-10988.775,-11721.24,-22660.785,-6579.54,481.815,-30400.155,-13250.835,-4075.6499999999996
-10979.279999999999,-11697.93,-22593.105,-6545.115,452.43,-30454.739999999998,-13256.369999999999,-4062.1949999999997
-11019.375,-11748.689999999999,-22654.844999999998,-6616.98,423.495,-30340.395,-13214.115,-4112.19
-11008.439999999999,-11742.615,-22656.105,-6614.505,439.10999999999996,-30257.324999999997,-13173.345,-4103.73
-10967.58,-11679.119999999999,-22584.51,-6540.84,500.13,-30263.94,-13224.914999999999,-4096.8
-11016.585,-11732.49,-22627.395,-6573.735,486.22499999999997,-30292.829999999998,-13315.23,-4159.98
-11061.404999999999,-11787.164999999999,-22697.954999999998,-6654.014999999999,418.905,-30302.055,-13298.894999999999,-4169.925
-11035.305,-11767.859999999999,-22670.594999999998,-6634.035,434.15999999999997,-30304.62,-13185.225,-4106.295
-11023.965,-11764.08,-22666.23,-6622.38,438.93,-30355.695,-13211.82,-4110.795
-11023.785,-11767.41,-22673.655,-6613.965,468.45,-30296.07,-13203.314999999999,-4122.09
-11011.095,-11730.689999999999,-22647.645,-6604.2,483.255,-30256.469999999998,-13246.019999999999,-4124.115
-10988.505,-11707.154999999999,-22627.754999999997,-6592.724999999999,498.28499999999997,-30268.17,-13234.994999999999,-4094.5499999999997
-10974.06,-11699.73,-22604.399999999998,-6571.259999999999,508.14,-30269.969999999998,-13222.26,-4070.3399999999997
-10969.289999999999,-11674.89,-22571.864999999998,-6550.695,510.03,-30218.039999999997,-13154.085,-4079.475
-11014.109999999999,-11716.515,-22616.91,-6604.29,445.905,-30281.625,-13176.494999999999,-4122.2699999999995
-11058.48,-11779.74,-22690.395,-6678.9,372.51,-30378.239999999998,-13283.369999999999,-4150.305
-10991.564999999999,-11697.345,-22594.68,-6592.59,454.22999999999996,-30320.864999999998,-13285.619999999999,-4107.15
-10992.689999999999,-11702.925,-22598.145,-6572.565,494.23499999999996,-30266.19,-13198.32,-4110.57
-11007.765,-11733.57,-22633.155,-6577.965,524.88,-30205.934999999998,-13174.74,-4128.389999999999
-10993.725,-11714.984999999999,-22621.995,-6566.715,539.1899999999999,-30200.715,-13232.295,-4115.925
-11009.744999999999,-11716.064999999999,-22629.015,-6587.099999999999,500.35499999999996,-30278.204999999998,-13274.55,-4117.995
-11034.314999999999,-11760.795,-22681.665,-6629.804999999999,455.35499999999996,-30313.89,-13206.779999999999,-4121.505
-11025.18,-11754.765,-22688.37,-6624.2699999999995,459.495,-30308.67,-13204.574999999999,-4112.28
-11002.994999999999,-11712.645,-22639.86,-6605.415,462.33,-30311.91,-13257.09,-4117.635
-10972.845,-11674.89,-22592.16,-6584.849999999999,478.215,-30290.219999999998,-13203.855,-4098.555
-10939.005,-11647.08,-22552.965,-6546.6449999999995,517.995,-30268.98,-13178.07,-4045.545
-10922.22,-11633.355,-22542.254999999997,-6513.84,542.5649999999999,-30294.629999999997,-13199.85,-4021.29
-10994.039999999999,-11707.289999999999,-22618.395,-6569.1449999999995,471.06,-30397.545,-13270.814999999999,-4104.855
-11016.72,-11738.564999999999,-22655.34,-6610.5,450.63,-30358.62,-13249.845,-4121.37
-10960.289999999999,-11674.935,-22588.92,-6543.585,538.92,-30259.664999999997,-13261.769999999999,-4085.325
-10988.145,-11708.505,-22634.055,-6576.12,518.67,-30297.69,-13270.68,-4109.715
-11086.38,-11811.96,-22751.864999999998,-6683.625,418.905,-30339.629999999997,-13249.619999999999,-4182.12
-11076.75,-11798.324999999999,-22723.829999999998,-6677.009999999999,417.73499999999996,-30295.125,-13293.494999999999,-4191.705
-11001.33,-11718.945,-22609.71,-6596.955,471.69,-30280.68,-13279.545,-4122.9
-10998.945,-11718.314999999999,-22614.885,-6602.175,460.215,-30266.055,-13188.42,-4111.425
-11046.465,-11775.42,-22696.245,-6661.665,429.57,-30307.23,-13173.705,-4142.16
-11017.305,-11751.93,-22678.965,-6635.7,454.40999999999997,-30327.704999999998,-13203.675,-4093.245
-10999.89,-11729.07,-22645.215,-6620.58,431.28,-30327.074999999997,-13230.63,-4087.44
-10989.539999999999,-11726.189999999999,-22643.415,-6625.08,428.085,-30352.68,-13235.4,-4082.085
-10986.345,-11726.279999999999,-22656.645,-6650.594999999999,397.97999999999996,-30412.98,-13281.164999999999,-4083.48
-11000.88,-11734.92,-22657.545,-6651.405,413.23499999999996,-30356.73,-13259.385,-4101.974999999999
-11000.475,-11729.07,-22641.704999999998,-6603.75,495.45,-30251.43,-13237.019999999999,-4117.23
-10999.89,-11713.365,-22628.114999999998,-6567.929999999999,505.62,-30261.375,-13229.73,-4119.66
-10985.58,-11714.625,-22648.14,-6573.87,496.26,-30279.239999999998,-13223.699999999999,-4093.515
-10994.715,-11718.539999999999,-22648.454999999998,-6582.78,468.71999999999997,-30324.42,-13262.175,-4099.86
-11028.555,-11763.0,-22681.125,-6643.844999999999,428.98499999999996,-30352.41,-13259.385,-4121.595
-11012.805,-11747.43,-22670.01,-6667.83,453.73499999999996,-30333.105,-13212.63,-4103.505
-10999.439999999999,-11727.18,-22661.145,-6678.855,471.24,-30311.235,-13220.144999999999,-4108.995
-10968.255,-11692.529999999999,-22621.23,-6586.38,525.96,-30245.219999999998,-13209.66,-4098.87
-10943.145,-11656.484999999999,-22595.219999999998,-6564.33,483.16499999999996,-30256.289999999997,-13242.824999999999,-4073.04
-11000.115,-11704.68,-22618.665,-6590.969999999999,455.98499999999996,-30322.395,-13265.595,-4099.95
-11007.765,-11722.095,-22632.39,-6600.6449999999995,467.46,-30350.969999999998,-13265.73,-4105.9349999999995
-11004.84,-11714.984999999999,-22640.489999999998,-6607.53,444.10499999999996,-30390.795,-13316.355,-4128.84
-11052.945,-11769.435,-22698.27,-6656.804999999999,437.895,-30353.309999999998,-13296.465,-4164.345
-10998.27,-11717.775,-22644.09,-6595.155,519.48,-30242.43,-13159.529999999999,-4087.7999999999997
-10975.41,-11690.189999999999,-22590.855,-6543.09,539.865,-30227.985,-13180.545,-4069.305
-11005.38,-11715.48,-22610.43,-6551.235,516.645,-30267.405,-13239.765,-4103.73
-11050.605,-11760.255,-22666.14,-6620.8949999999995,423.18,-30363.48,-13267.125,-4150.755
-11068.785,-11785.814999999999,-22700.925,-6666.57,382.86,-30369.42,-13208.67,-4162.095
-11026.755,-11751.255,-22675.905,-6645.69,404.505,-30401.954999999998,-13290.21,-4127.175
-10987.515,-11719.574999999999,-22649.219999999998,-6610.5,454.22999999999996,-30350.295,-13248.72,-4080.6
-10954.664999999999,-11667.555,-22585.364999999998,-6540.84,528.5699999999999,-30248.414999999997,-13209.66,-4074.2549999999997
-10969.74,-11670.975,-22578.524999999998,-6531.3,550.035,-30214.44,-13216.859999999999,-4116.014999999999
-10992.689999999999,-11721.779999999999,-22631.94,-6588.2699999999995,472.005,-30332.295,-13244.355,-4102.514999999999
-11005.289999999999,-11738.205,-22656.465,-6616.53,447.885,-30348.27,-13220.46,-4088.0699999999997
-11010.375,-11734.47,-22660.245,-6615.855,478.53,-30290.715,-13219.65,-4103.505
-11035.08,-11759.49,-22683.6,-6639.66,455.76,-30303.719999999998,-13238.64,-4126.59
-11003.535,-11726.234999999999,-22649.715,-6608.655,475.65,-30291.614999999998,-13189.23,-4093.515
-10972.529999999999,-11697.39,-22612.86,-6565.995,489.78,-30320.64,-13236.795,-4073.4449999999997
-10998.99,-11742.21,-22660.245,-6620.13,421.38,-30399.704999999998,-13247.865,-4101.84
-11011.77,-11737.619999999999,-22664.879999999997,-6633.134999999999,419.21999999999997,-30384.405,-13197.105,-4107.285
-10998.81,-11717.64,-22636.26,-6598.9349999999995,471.10499999999996,-30303.899999999998,-13259.699999999999,-4094.415
-11009.16,-11748.689999999999,-22664.61,-6609.15,482.35499999999996,-30299.805,-13277.43,-4099.815
-11020.59,-11755.755,-22667.94,-6615.36,468.27,-30309.93,-13272.705,-4120.065
-11013.3,-11732.039999999999,-22644.045,-6597.09,479.07,-30295.574999999997,-13295.835,-4127.22
-11009.16,-11716.38,-22633.065,-6587.82,497.385,-30274.065,-13302.945,-4133.474999999999
-10966.5,-11673.045,-22596.344999999998,-6560.505,519.345,-30258.539999999997,-13229.595,-4086.81
-10964.07,-11677.904999999999,-22601.475,-6564.465,513.27,-30269.969999999998,-13198.949999999999,-4069.44
-10972.305,-11684.025,-22604.04,-6565.005,510.21,-30272.265,-13157.46,-4074.615
-10980.045,-11690.64,-22603.68,-6562.98,507.825,-30286.215,-13172.939999999999,-4091.22
-11025.404999999999,-11743.38,-22658.265,-6620.3099999999995,448.245,-30343.364999999998,-13271.445,-4131.855
-11031.255,-11756.789999999999,-22698.765,-6646.32,433.84499999999997,-30346.379999999997,-13295.07,-4134.105
-11022.795,-11753.73,-22704.975,-6632.82,457.515,-30324.149999999998,-13243.185,-4115.61
-11004.21,-11730.734999999999,-22653.855,-6593.4,487.395,-30293.954999999998,-13196.16,-4086.225
-11001.015,-11717.91,-22612.95,-6580.844999999999,489.96,-30287.565,-13191.48,-4087.17
-10992.734999999999,-11722.545,-22632.39,-6600.15,463.77,-30322.079999999998,-13226.715,-4084.83
-10980.99,-11709.765,-22627.485,-6601.23,454.32,-30338.1,-13253.58,-4081.41
-10981.305,-11707.83,-22633.515,-6609.33,444.555,-30346.515,-13245.21,-4087.305
-10988.1,-11708.234999999999,-22630.5,-6597.63,476.72999999999996,-30294.989999999998,-13190.805,-4090.815
-11004.57,-11724.84,-22641.93,-6599.07,496.26,-30256.469999999998,-13196.654999999999,-4107.555
-11037.779999999999,-11769.345,-22692.105,-6675.344999999999,427.85999999999996,-30312.539999999997,-13240.35,-4128.615
-11009.52,-11740.859999999999,-22674.735,-6673.95,417.96,-30341.52,-13254.39,-4111.605
-10984.275,-11709.81,-22658.04,-6640.514999999999,446.085,-30350.114999999998,-13265.82,-4099.32
-10998.404999999999,-11714.13,-22648.5,-6600.42,489.59999999999997,-30330.27,-13288.365,-4111.245
-11022.345,-11741.715,-22656.69,-6598.125,481.59,-30313.664999999997,-13262.355,-4123.665
-10982.295,-11699.55,-22618.98,-6592.094999999999,483.705,-30334.905,-13276.845,-4099.86
-10956.51,-11672.01,-22595.085,-6580.8,495.22499999999997,-30308.265,-13264.244999999999,-4084.875
-10979.505,-11700.404999999999,-22618.98,-6590.07,498.87,-30263.219999999998,-13267.035,-4095.0899999999997
-11054.789999999999,-11781.404999999999,-22695.795,-6626.384999999999,434.745,-30343.995,-13254.66,-4139.73
-11060.73,-11784.465,-22707.629999999997,-6628.365,419.03999999999996,-30350.16,-13213.574999999999,-4153.68
-11030.58,-11765.07,-22712.129999999997,-6621.03,456.885,-30298.094999999998,-13170.644999999999,-4113.045
-10971.404999999999,-11706.21,-22646.79,-6568.245,527.76,-30242.925,-13215.195,-4067.2349999999997
-10978.244999999999,-11694.869999999999,-22596.93,-6586.965,509.265,-30254.309999999998,-13220.775,-4095.54
-10996.38,-11710.395,-22607.864999999998,-6597.675,454.905,-30312.09,-13197.555,-4111.47
-11001.24,-11734.605,-22651.379999999997,-6627.825,428.445,-30358.98,-13233.06,-4095.045
-11018.925,-11746.035,-22669.29,-6656.355,415.03499999999997,-30391.379999999997,-13308.39,-4124.115
-11001.375,-11716.56,-22629.059999999998,-6583.094999999999,494.01,-30331.574999999997,-13307.939999999999,-4114.755
-10983.375,-11705.13,-22615.829999999998,-6558.12,522.72,-30279.69,-13254.84,-4085.1
-10965.015,-11699.055,-22611.42,-6560.325,526.995,-30242.024999999998,-13186.439999999999,-4056.075
-11009.97,-11751.705,-22669.739999999998,-6626.205,436.995,-30320.864999999998,-13212.63,-4096.665
-11012.13,-11737.439999999999,-22660.29,-6634.125,412.695,-30391.739999999998,-13233.6,-4104.945
-10976.085,-11700.225,-22621.454999999998,-6592.32,448.515,-30417.93,-13226.22,-4073.1299999999997
-10987.965,-11723.85,-22640.94,-6598.08,464.085,-30379.41,-13249.439999999999,-4092.48
-11051.955,-11792.789999999999,-22710.105,-6657.03,437.445,-30304.574999999997,-13230.269999999999,-4148.82
-11023.425,-11750.939999999999,-22667.265,-6614.28,487.395,-30238.785,-13195.755,-4128.21
-10971.135,-11693.025,-22603.184999999998,-6556.679999999999,530.8199999999999,-30248.055,-13244.715,-4080.645
-10985.805,-11731.725,-22629.42,-6577.92,499.40999999999997,-30307.32,-13283.55,-4087.4849999999997
-11001.105,-11765.16,-22683.465,-6630.255,449.46,-30330.989999999998,-13277.744999999999,-4095.855
-11025.314999999999,-11743.83,-22675.05,-6643.844999999999,438.3,-30322.17,-13249.619999999999,-4118.355
-11002.68,-11703.779999999999,-22627.844999999998,-6602.8949999999995,473.895,-30287.43,-13224.15,-4098.105
-10984.904999999999,-11694.105,-22609.8,-6572.205,512.01,-30237.614999999998,-13180.365,-4086.765
-10987.515,-11698.064999999999,-22610.52,-6571.17,512.1,-30240.36,-13191.255,-4098.105
-10979.234999999999,-11692.89,-22601.52,-6563.835,517.365,-30242.25,-13173.39,-4089.24
-11010.015,-11724.48,-22630.545,-6597.224999999999,477.63,-30281.985,-13206.33,-4109.94
-11049.119999999999,-11771.595,-22687.92,-6652.035,417.87,-30355.829999999998,-13311.314999999999,-4143.285
-11010.06,-11714.175,-22612.86,-6591.33,470.60999999999996,-30291.795,-13325.76,-4138.38
-10996.02,-11704.635,-22610.655,-6582.285,486.315,-30302.594999999998,-13270.545,-4114.17
-10995.93,-11728.08,-22647.87,-6608.429999999999,471.69,-30327.12,-13212.855,-4077.27
-10990.215,-11723.535,-22633.515,-6592.7699999999995,481.40999999999997,-30311.19,-13203.18,-4073.94
-11006.64,-11741.939999999999,-22657.364999999998,-6615.63,460.71,-30306.645,-13196.519999999999,-4097.16
-11015.145,-11740.68,-22666.41,-6629.3099999999995,455.715,-30295.079999999998,-13232.789999999999,-4116.69
-11014.83,-11736.81,-22661.19,-6629.3099999999995,458.59499999999997,-30295.53,-13239.765,-4117.455
-10989.9,-11713.185,-22633.649999999998,-6605.19,469.08,-30293.954999999998,-13204.17,-4085.5499999999997
-10963.845,-11688.48,-22614.12,-6602.219999999999,479.655,-30273.03,-13200.39,-4061.25
-10969.38,-11692.17,-22634.504999999997,-6618.15,469.305,-30275.73,-13228.019999999999,-4079.835
-10998.99,-11716.02,-22673.34,-6630.344999999999,469.305,-30274.02,-13220.055,-4116.87
-11006.685,-11723.445,-22659.795,-6614.28,500.21999999999997,-30297.465,-13235.49,-4119.93
-11028.06,-11756.07,-22657.5,-6644.79,454.54499999999996,-30362.039999999997,-13288.05,-4116.69
-11027.025,-11767.05,-22674.375,-6638.58,432.45,-30372.75,-13246.515,-4097.34
-11013.885,-11753.82,-22680.27,-6636.69,441.675,-30345.48,-13221.63,-4095.6749999999997
-11026.664999999999,-11775.195,-22716.405,-6673.7699999999995,437.98499999999996,-30351.555,-13262.939999999999,-4111.605
-11029.59,-11760.255,-22697.1,-6659.865,445.275,-30347.145,-13253.805,-4127.13
-11012.49,-11728.935,-22634.055,-6579.99,490.455,-30292.92,-13216.725,-4116.33
-11007.27,-11727.225,-22629.42,-6588.63,473.13,-30303.855,-13229.595,-4106.205
-11006.189999999999,-11738.205,-22658.489999999998,-6607.17,479.07,-30308.265,-13271.894999999999,-4104.585
-11015.91,-11747.34,-22675.23,-6615.045,455.35499999999996,-30345.614999999998,-13275.72,-4112.505
-11020.185,-11748.869999999999,-22672.17,-6625.44,445.68,-30350.969999999998,-13262.13,-4118.67
-11019.465,-11754.27,-22674.555,-6633.585,446.98499999999996,-30339.27,-13271.58,-4116.555
-11012.715,-11743.965,-22656.69,-6638.804999999999,456.255,-30315.824999999997,-13259.475,-4112.01
-11011.994999999999,-11741.355,-22650.254999999997,-6646.094999999999,440.28,-30365.414999999997,-13260.689999999999,-4116.78
-10994.265,-11712.914999999999,-22624.875,-6578.6849999999995,460.84499999999997,-30363.93,-13291.064999999999,-4106.745
-10982.07,-11698.83,-22610.745,-6545.474999999999,516.015,-30307.68,-13244.805,-4096.889999999999
-10989.675,-11717.64,-22639.635,-6580.349999999999,477.71999999999997,-30337.425,-13203.0,-4089.015
-10969.74,-11681.73,-22601.52,-6588.764999999999,436.365,-30438.989999999998,-13278.734999999999,-4071.42
-10930.455,-11628.314999999999,-22539.6,-6517.215,529.875,-30307.77,-13271.805,-4052.97
-10972.08,-11675.07,-22584.6,-6539.04,546.7049999999999,-30220.875,-13225.545,-4101.66
-11021.895,-11737.17,-22653.675,-6616.44,460.62,-30317.219999999998,-13285.755,-4133.115
-11045.34,-11779.92,-22702.95,-6668.19,410.58,-30327.344999999998,-13265.234999999999,-4119.705
-11034.72,-11776.455,-22699.98,-6659.19,416.52,-30330.36,-13252.904999999999,-4108.095
-11025.675,-11769.164999999999,-22683.42,-6637.1849999999995,454.455,-30289.32,-13251.555,-4108.635
-11044.664999999999,-11776.14,-22685.04,-6639.57,455.53499999999997,-30277.844999999998,-13205.744999999999,-4122.945
-11026.439999999999,-11751.074999999999,-22661.954999999998,-6618.78,476.37,-30251.745,-13174.605,-4110.75
-11011.59,-11738.564999999999,-22647.87,-6602.4,486.81,-30264.795,-13213.755,-4105.845
-11014.74,-11741.265,-22656.915,-6616.755,468.81,-30287.655,-13225.859999999999,-4107.0599999999995
-11013.66,-11733.345,-22651.335,-6620.13,455.085,-30301.289999999997,-13230.63,-4118.085
-11020.994999999999,-11737.305,-22653.27,-6619.455,452.60999999999996,-30297.735,-13198.23,-4131.2699999999995
-11015.279999999999,-11742.66,-22658.94,-6614.505,476.23499999999996,-30280.725,-13210.019999999999,-4107.42
-10982.88,-11723.445,-22632.434999999998,-6585.66,501.79499999999996,-30301.829999999998,-13249.935,-4067.73
-10951.335,-11696.4,-22604.805,-6556.139999999999,525.6,-30269.61,-13180.814999999999,-4048.9649999999997
-10996.289999999999,-11734.199999999999,-22631.04,-6581.115,495.945,-30289.14,-13207.41,-4090.5
-11025.63,-11767.095,-22677.975,-6630.03,447.57,-30331.125,-13235.085,-4098.014999999999
-10968.39,-11681.64,-22599.585,-6557.715,516.375,-30274.425,-13202.64,-4066.065
-10993.725,-11704.994999999999,-22621.004999999997,-6581.79,492.93,-30300.164999999997,-13245.66,-4105.755
-11041.785,-11762.505,-22677.84,-6643.3949999999995,424.53,-30371.579999999998,-13302.225,-4145.3099999999995
-11024.55,-11738.475,-22657.23,-6640.83,417.10499999999996,-30386.385,-13283.369999999999,-4133.565
-11024.82,-11745.99,-22666.68,-6660.09,415.34999999999997,-30341.655,-13246.109999999999,-4122.99
-11030.49,-11758.185,-22671.36,-6658.469999999999,420.79499999999996,-30308.265,-13231.98,-4115.295
-11029.23,-11764.755,-22676.94,-6654.554999999999,404.145,-30374.28,-13262.535,-4111.2
-11037.42,-11772.404999999999,-22682.969999999998,-6637.545,448.2,-30351.195,-13260.015,-4127.355
-11031.164999999999,-11765.744999999999,-22682.565,-6633.315,465.79499999999996,-30286.62,-13213.8,-4121.37
-11016.99,-11761.244999999999,-22687.829999999998,-6626.34,469.03499999999997,-30280.05,-13231.755,-4108.41
-11011.185,-11748.779999999999,-22679.19,-6616.844999999999,480.06,-30286.125,-13269.285,-4113.72
-11003.49,-11723.67,-22656.105,-6613.965,481.40999999999997,-30292.695,-13249.439999999999,-4107.735
-10987.064999999999,-11702.654999999999,-22620.78,-6608.565,488.78999999999996,-30299.85,-13210.83,-4079.115
-10984.59,-11709.99,-22634.235,-6618.509999999999,477.315,-30318.254999999997,-13243.59,-4074.795
-11014.74,-11749.23,-22673.879999999997,-6613.469999999999,456.57,-30358.754999999997,-13272.66,-4104.99
-11009.295,-11734.02,-22648.184999999998,-6581.79,473.805,-30353.039999999997,-13258.439999999999,-4105.485
-10974.914999999999,-11701.71,-22619.114999999998,-6577.92,491.4,-30318.795,-13247.595,-4080.375
-10988.685,-11725.289999999999,-22674.015,-6630.57,483.21,-30318.254999999997,-13278.555,-4096.98
-11028.734999999999,-11752.74,-22695.03,-6631.92,490.04999999999995,-30299.895,-13302.539999999999,-4133.565
-11016.99,-11740.365,-22642.695,-6581.5199999999995,502.60499999999996,-30261.195,-13288.59,-4130.055
-10990.08,-11692.305,-22588.785,-6562.125,490.40999999999997,-30329.864999999998,-13294.845,-4118.805
-11023.38,-11734.65,-22653.675,-6638.49,388.755,-30441.015,-13275.18,-4122.405
-11056.005,-11786.085,-22709.52,-6701.8949999999995,342.22499999999997,-30422.34,-13273.289999999999,-4128.93
-11028.42,-11763.404999999999,-22688.82,-6667.965,411.21,-30325.454999999998,-13230.72,-4100.445
-11017.755,-11748.689999999999,-22668.21,-6623.19,492.255,-30219.164999999997,-13127.13,-4089.4649999999997
-11036.43,-11763.045,-22677.075,-6630.48,491.53499999999997,-30276.405,-13175.324999999999,-4118.04
-11012.535,-11738.43,-22647.78,-6592.094999999999,490.77,-30323.024999999998,-13251.644999999999,-4097.115
-10977.975,-11697.57,-22611.69,-6587.505,497.07,-30296.879999999997,-13270.814999999999,-4071.015
-11001.42,-11720.52,-22646.52,-6627.0599999999995,480.41999999999996,-30293.864999999998,-13276.08,-4104.224999999999
-11045.16,-11769.48,-22698.855,-6640.469999999999,426.195,-30387.69,-13305.644999999999,-4145.67
-11029.23,-11763.359999999999,-22694.219999999998,-6639.929999999999,410.84999999999997,-30401.324999999997,-13266.314999999999,-4113.495
-11013.615,-11752.83,-22683.105,-6636.33,425.655,-30356.954999999998,-13238.414999999999,-4096.215
-11017.619999999999,-11754.765,-22663.215,-6626.205,444.015,-30318.614999999998,-13229.955,-4104.855
-11005.965,-11730.42,-22632.614999999998,-6600.554999999999,469.66499999999996,-30259.53,-13186.439999999999,-4098.15
-11011.32,-11728.845,-22646.34,-6612.3,457.91999999999996,-30292.245,-13228.47,-4099.365
-10986.795,-11701.845,-22618.665,-6597.495,466.2,-30329.64,-13253.939999999999,-4076.415
-10975.635,-11689.92,-22607.91,-6595.29,496.97999999999996,-30277.035,-13178.789999999999,-4064.1299999999997
-10979.189999999999,-11690.279999999999,-22608.765,-6594.21,509.31,-30240.27,-13161.15,-4085.685
-10984.814999999999,-11700.99,-22616.864999999998,-6588.719999999999,514.305,-30256.829999999998,-13248.494999999999,-4098.78
-10938.914999999999,-11658.285,-22568.265,-6497.235,588.015,-30230.37,-13210.019999999999,-4048.83
-10976.535,-11702.88,-22605.12,-6534.134999999999,546.345,-30258.225,-13235.85,-4088.205
-11065.68,-11812.904999999999,-22713.434999999998,-6656.264999999999,421.46999999999997,-30360.735,-13317.255,-4159.62
-11108.43,-11876.039999999999,-22784.489999999998,-6729.75,349.38,-30419.414999999997,-13283.369999999999,-4155.21
-11058.525,-11816.324999999999,-22727.745,-6678.36,386.72999999999996,-30404.204999999998,-13287.824999999999,-4127.67
-11037.42,-11755.305,-22679.415,-6655.724999999999,390.06,-30412.395,-13318.38,-4136.355
-11009.52,-11721.015,-22646.43,-6621.795,437.53499999999997,-30370.77,-13280.715,-4114.98
-11003.355,-11723.445,-22644.45,-6605.415,473.805,-30343.59,-13259.205,-4108.139999999999
-10984.68,-11703.15,-22622.309999999998,-6585.705,490.59,-30327.344999999998,-13214.654999999999,-4075.6499999999996
-11000.34,-11709.539999999999,-22623.48,-6594.255,481.455,-30316.05,-13265.505,-4089.06
-11042.73,-11768.535,-22679.145,-6645.87,444.10499999999996,-30325.68,-13303.845,-4126.139999999999
-11029.005,-11764.845,-22685.219999999998,-6654.465,425.52,-30355.199999999997,-13270.365,-4102.83
-10999.574999999999,-11728.395,-22654.26,-6620.264999999999,438.57,-30352.004999999997,-13203.855,-4078.7549999999997
-10987.875,-11708.82,-22618.89,-6595.965,475.91999999999996,-30287.114999999998,-13185.314999999999,-4071.4649999999997
-11014.605,-11732.895,-22623.704999999998,-6602.355,493.78499999999997,-30214.305,-13202.234999999999,-4105.3949999999995
-11061.81,-11781.09,-22671.675,-6654.915,440.55,-30230.64,-13228.695,-4154.8949999999995
-11053.215,-11765.564999999999,-22660.065,-6658.469999999999,424.575,-30252.149999999998,-13216.41,-4153.005
-11044.664999999999,-11770.335,-22677.21,-6658.74,447.34499999999997,-30269.61,-13195.26,-4120.74
-10997.595,-11722.814999999999,-22629.195,-6591.87,523.665,-30238.695,-13194.585,-4067.415
-10986.885,-11710.305,-22622.85,-6535.755,585.5849999999999,-30240.405,-13180.59,-4066.515
-11006.055,-11727.449999999999,-22643.235,-6565.905,541.845,-30296.024999999998,-13246.515,-4097.565
-11030.13,-11753.369999999999,-22658.489999999998,-6620.715,429.57,-30361.905,-13291.199999999999,-4120.065
-11028.33,-11759.58,-22672.215,-6631.469999999999,406.03499999999997,-30338.19,-13246.38,-4110.389999999999
-11020.23,-11757.24,-22686.165,-6637.455,419.98499999999996,-30363.885,-13238.279999999999,-4099.905
-11020.455,-11757.689999999999,-22711.815,-6650.955,443.745,-30375.0,-13235.984999999999,-4100.04
-11020.949999999999,-11755.035,-22714.515,-6649.469999999999,477.09,-30344.85,-13262.984999999999,-4107.915
-11012.984999999999,-11732.445,-22656.375,-6612.84,520.38,-30278.835,-13283.82,-4113.2699999999995
-11007.585,-11715.39,-22597.379999999997,-6567.705,503.145,-30289.59,-13242.24,-4107.69
-10977.029999999999,-11685.33,-22574.61,-6546.96,483.34499999999997,-30295.664999999997,-13233.555,-4084.515
-10969.875,-11681.234999999999,-22575.465,-6541.83,501.255,-30272.039999999997,-13223.519999999999,-4075.74
-11010.6,-11737.395,-22627.305,-6591.014999999999,446.13,-30293.235,-13206.105,-4085.325
-11046.33,-11788.92,-22701.059999999998,-6661.215,404.685,-30342.87,-13208.58,-4106.25
-11034.494999999999,-11764.395,-22695.704999999998,-6707.88,425.835,-30348.135,-13259.07,-4126.59
-11021.445,-11736.99,-22661.19,-6660.585,483.47999999999996,-30305.25,-13298.67,-4140.135
-11024.505,-11739.15,-22653.495,-6567.929999999999,520.785,-30281.579999999998,-13250.25,-4133.474999999999
-11000.88,-11749.14,-22673.565,-6594.03,462.69,-30346.11,-13229.144999999999,-4069.575
-11009.52,-11757.285,-22682.925,-6626.925,415.66499999999996,-30401.82,-13308.029999999999,-4094.595
-11036.295,-11751.21,-22658.67,-6633.54,396.63,-30397.949999999997,-13253.715,-4149.315
-11054.97,-11770.74,-22687.379999999997,-6657.03,394.60499999999996,-30383.73,-13231.35,-4176.585
-11046.105,-11768.895,-22677.344999999998,-6630.705,435.87,-30316.815,-13207.814999999999,-4146.165
-10991.88,-11722.185,-22630.41,-6584.67,481.455,-30334.949999999997,-13299.48,-4070.3399999999997
-10978.289999999999,-11726.1,-22633.425,-6585.66,500.21999999999997,-30288.239999999998,-13203.945,-4032.9449999999997
-10981.484999999999,-11724.39,-22632.704999999998,-6596.099999999999,490.85999999999996,-30283.92,-13171.769999999999,-4047.39
-11028.734999999999,-11760.48,-22681.305,-6654.014999999999,420.93,-30380.039999999997,-13303.529999999999,-4100.67
-11020.23,-11756.744999999999,-22674.285,-6631.245,436.185,-30383.055,-13343.535,-4111.5599999999995
-11002.365,-11736.765,-22655.07,-6614.505,452.47499999999997,-30355.469999999998,-13273.019999999999,-4088.475
-10997.46,-11723.715,-22646.879999999997,-6617.25,447.34499999999997,-30355.335,-13228.605,-4069.5299999999997
-11008.08,-11738.52,-22649.535,-6613.695,454.32,-30349.44,-13237.74,-4091.7599999999998
-11018.699999999999,-11758.365,-22666.14,-6623.955,440.19,-30384.855,-13264.74,-4104.405
-10983.96,-11698.154999999999,-22620.69,-6589.304999999999,475.65,-30340.98,-13262.805,-4081.95
-10965.779999999999,-11686.545,-22610.34,-6584.445,472.22999999999996,-30311.55,-13220.055,-4065.705
-10997.865,-11722.725,-22646.385,-6621.57,429.97499999999997,-30350.969999999998,-13244.085,-4094.19
-11044.305,-11765.34,-22684.815,-6658.155,398.565,-30377.07,-13292.595,-4139.01
-11035.125,-11750.535,-22661.91,-6615.045,485.72999999999996,-30261.87,-13268.34,-4136.13
-11030.895,-11748.33,-22655.969999999998,-6599.79,520.335,-30204.045,-13166.91,-4110.345
-11004.119999999999,-11727.09,-22637.969999999998,-6588.2699999999995,511.2,-30250.98,-13169.25,-4081.14
-10999.98,-11720.97,-22632.975,-6585.255,505.62,-30297.69,-13229.64,-4091.625
-11032.83,-11758.41,-22668.93,-6615.675,486.945,-30296.25,-13239.765,-4113.9
-11049.84,-11780.055,-22692.51,-6636.69,468.405,-30292.065,-13238.055,-4128.705
-11039.085,-11762.955,-22676.805,-6627.69,462.375,-30308.489999999998,-13262.49,-4134.96
-11035.395,-11754.359999999999,-22664.34,-6617.969999999999,468.27,-30307.545,-13250.789999999999,-4138.425
-11025.27,-11754.945,-22671.405,-6626.969999999999,456.03,-30323.34,-13245.66,-4114.215
-11011.455,-11749.59,-22671.855,-6626.655,454.635,-30330.719999999998,-13261.23,-4090.95
-10977.525,-11707.154999999999,-22641.254999999997,-6587.37,497.835,-30294.719999999998,-13260.33,-4072.0499999999997
-10970.64,-11688.705,-22619.79,-6553.889999999999,539.91,-30257.864999999998,-13269.015,-4077.4049999999997
-11023.515,-11749.455,-22670.864999999998,-6608.295,486.63,-30291.57,-13226.49,-4108.32
-11058.615,-11793.24,-22706.1,-6659.594999999999,418.185,-30346.289999999997,-13211.414999999999,-4122.764999999999
-11034.0,-11764.17,-22669.29,-6633.179999999999,428.085,-30341.789999999997,-13221.765,-4112.775
-11031.39,-11753.145,-22676.085,-6627.554999999999,439.10999999999996,-30321.945,-13204.755,-4134.96
-11032.02,-11748.869999999999,-22687.469999999998,-6625.98,450.35999999999996,-30311.73,-13222.215,-4148.955
-11020.994999999999,-11754.045,-22682.61,-6619.7699999999995,469.48499999999996,-30312.539999999997,-13323.914999999999,-4117.365
-11048.13,-11786.939999999999,-22701.69,-6638.175,445.005,-30339.09,-13315.814999999999,-4134.87
-11021.939999999999,-11758.41,-22687.11,-6618.15,466.60499999999996,-30302.64,-13230.945,-4109.849999999999
-10993.59,-11731.14,-22673.204999999998,-6595.469999999999,485.90999999999997,-30305.969999999998,-13281.435,-4092.2549999999997
-11055.465,-11788.65,-22716.899999999998,-6653.835,421.155,-30378.105,-13317.615,-4149.8099999999995
-11076.615,-11814.119999999999,-22734.315,-6687.764999999999,389.52,-30393.675,-13254.48,-4138.47
-11018.699999999999,-11771.01,-22723.649999999998,-6664.5,421.56,-30361.364999999998,-13218.3,-4052.97
-11003.31,-11748.824999999999,-22684.454999999998,-6653.205,427.32,-30335.129999999997,-13185.855,-4052.565
-11020.77,-11756.654999999999,-22674.42,-6630.974999999999,451.935,-30308.175,-13182.48,-4089.24
-11007.539999999999,-11743.199999999999,-22675.77,-6601.634999999999,475.695,-30321.855,-13235.13,-4089.015
-10987.695,-11720.699999999999,-22649.129999999997,-6597.179999999999,459.99,-30357.765,-13245.48,-4079.565
-10937.205,-11651.039999999999,-22557.69,-6537.195,514.395,-30299.489999999998,-13249.935,-4051.2149999999997
-10940.805,-11656.89,-22554.135,-6525.315,547.425,-30233.745,-13199.355,-4048.1099999999997
-11002.23,-11744.189999999999,-22656.42,-6618.105,472.365,-30285.629999999997,-13186.08,-4067.64
-11036.115,-11766.33,-22686.795,-6659.505,425.43,-30352.59,-13210.83,-4105.3949999999995
-11042.505,-11782.89,-22699.575,-6668.6849999999995,417.195,-30346.829999999998,-13263.705,-4126.724999999999
-11046.869999999999,-11804.939999999999,-22719.059999999998,-6670.035,425.78999999999996,-30335.579999999998,-13269.15,-4122.54
-11014.515,-11730.195,-22658.445,-6627.33,455.49,-30334.815,-13291.785,-4105.305
-10998.765,-11707.02,-22641.03,-6628.094999999999,452.78999999999996,-30327.39,-13278.96,-4093.605
-11006.595,-11725.74,-22654.934999999998,-6628.634999999999,440.46,-30338.414999999997,-13290.57,-4099.815
-11040.119999999999,-11763.135,-22681.215,-6626.384999999999,445.005,-30334.41,-13235.984999999999,-4115.295
-11032.965,-11752.109999999999,-22667.04,-6596.82,487.935,-30322.215,-13235.894999999999,-4115.79
-11032.47,-11751.705,-22668.165,-6608.565,484.965,-30331.53,-13275.135,-4120.065
-11032.02,-11753.955,-22668.75,-6622.514999999999,461.25,-30315.645,-13239.269999999999,-4114.08
-11012.445,-11736.675,-22655.34,-6620.3099999999995,465.34499999999997,-30300.57,-13230.63,-4095.54
-11016.945,-11743.785,-22669.02,-6637.455,452.655,-30334.094999999998,-13267.664999999999,-4102.965
-11015.64,-11741.895,-22664.52,-6629.985,446.085,-30357.449999999997,-13281.795,-4104.764999999999
-11010.06,-11737.98,-22656.6,-6603.344999999999,448.28999999999996,-30414.015,-13311.18,-4104.72
-11016.585,-11728.89,-22645.62,-6597.315,440.46,-30487.77,-13358.025,-4125.6449999999995
-11042.145,-11755.305,-22665.285,-6620.175,436.005,-30446.37,-13329.314999999999,-4145.175
-10984.23,-11709.945,-22611.059999999998,-6547.995,542.655,-30207.42,-13229.595,-4086.0899999999997
-10950.029999999999,-11690.01,-22599.135,-6548.4,521.46,-30224.114999999998,-13217.894999999999,-4057.92
-10995.84,-11745.09,-22670.64,-6631.065,439.91999999999996,-30323.114999999998,-13219.335,-4075.245
-11015.955,-11743.38,-22671.045,-6626.565,472.04999999999995,-30303.945,-13228.064999999999,-4092.975
-11048.265,-11746.484999999999,-22653.495,-6583.365,546.03,-30224.43,-13237.154999999999,-4156.74
-11092.32,-11793.015,-22693.23,-6624.945,507.06,-30237.795,-13248.314999999999,-4200.84
-11073.555,-11801.295,-22715.954999999998,-6665.985,430.83,-30350.204999999998,-13302.269999999999,-4152.87
-11012.895,-11762.055,-22690.079999999998,-6649.065,431.145,-30358.71,-13218.164999999999,-4055.31
-10996.965,-11746.8,-22674.149999999998,-6627.735,459.945,-30328.739999999998,-13196.475,-4037.49
-11006.505,-11745.18,-22670.504999999997,-6616.53,473.31,-30326.445,-13218.39,-4073.22
-11017.529999999999,-11753.91,-22676.805,-6623.865,473.49,-30333.015,-13223.07,-4089.7799999999997
-11035.755,-11771.865,-22695.57,-6646.41,465.21,-30316.905,-13207.5,-4110.03
-11042.64,-11775.015,-22696.245,-6654.105,469.97999999999996,-30294.36,-13181.76,-4119.93
-11033.189999999999,-11769.345,-22695.795,-6651.315,467.41499999999996,-30288.96,-13208.265,-4107.105
-10995.525,-11726.369999999999,-22645.62,-6598.8,461.52,-30329.055,-13285.215,-4078.08
-11003.355,-11730.824999999999,-22658.895,-6621.4349999999995,444.41999999999996,-30370.68,-13302.314999999999,-4091.04
-11004.84,-11728.574999999999,-22673.745,-6674.58,426.78,-30356.774999999998,-13257.945,-4095.99
-11008.664999999999,-11736.314999999999,-22702.05,-6691.365,423.945,-30338.73,-13257.99,-4100.355
-11019.689999999999,-11752.515,-22711.545,-6668.505,398.43,-30396.645,-13293.314999999999,-4103.37
-11004.3,-11728.17,-22644.45,-6611.13,427.905,-30405.914999999997,-13320.314999999999,-4102.38
-10989.359999999999,-11701.529999999999,-22605.254999999997,-6562.3949999999995,524.52,-30292.155,-13342.05,-4111.245
-10983.914999999999,-11705.895,-22643.28,-6581.655,528.21,-30247.02,-13317.435,-4101.03
-10963.26,-11708.01,-22648.545,-6623.009999999999,519.5699999999999,-30255.39,-13139.73,-4030.1549999999997
-10949.58,-11665.125,-22568.805,-6569.054999999999,524.61,-30301.065,-13159.35,-4026.4649999999997
-11057.535,-11774.475,-22666.905,-6629.94,398.52,-30458.024999999998,-13285.394999999999,-4131.09
-11099.744999999999,-11831.355,-22730.445,-6675.929999999999,341.82,-30512.204999999998,-13254.39,-4163.985
-11043.945,-11761.38,-22666.86,-6602.175,463.815,-30337.065,-13182.48,-4123.9349999999995
-11005.38,-11716.74,-22620.465,-6560.054999999999,536.13,-30227.265,-13158.359999999999,-4087.5299999999997
-11001.33,-11730.869999999999,-22644.495,-6591.554999999999,507.51,-30260.024999999998,-13242.6,-4077.0
-11033.82,-11763.539999999999,-22679.1,-6634.08,450.63,-30315.329999999998,-13287.42,-4105.26
-10999.395,-11722.23,-22638.645,-6595.695,478.71,-30308.94,-13288.41,-4096.17
-10980.404999999999,-11696.535,-22612.454999999998,-6569.955,510.255,-30275.73,-13229.369999999999,-4087.44
-11046.51,-11772.0,-22685.219999999998,-6637.05,456.93,-30344.399999999998,-13229.234999999999,-4123.215
-11070.81,-11806.65,-22723.695,-6676.0199999999995,417.87,-30392.414999999997,-13281.39,-4123.53
-10998.18,-11724.525,-22644.899999999998,-6596.865,496.575,-30314.52,-13300.38,-4078.89
-11008.529999999999,-11731.005,-22650.57,-6610.7699999999995,473.895,-30307.5,-13278.51,-4091.1299999999997
-11036.07,-11768.085,-22688.82,-6649.965,434.385,-30322.62,-13239.945,-4105.44
-11023.109999999999,-11752.605,-22668.03,-6620.804999999999,468.85499999999996,-30309.344999999998,-13233.105,-4094.145
-10999.26,-11720.88,-22631.175,-6576.344999999999,520.0649999999999,-30283.649999999998,-13240.664999999999,-4088.52
-10998.0,-11721.105,-22623.254999999997,-6565.32,531.585,-30270.239999999998,-13247.144999999999,-4090.0499999999997
-11020.365,-11755.439999999999,-22679.504999999997,-6636.509999999999,437.13,-30371.985,-13234.185,-4090.68
-11025.314999999999,-11761.02,-22694.355,-6675.3,367.65,-30483.539999999997,-13255.019999999999,-4081.0499999999997
-11025.045,-11754.09,-22675.68,-6640.155,432.09,-30393.315,-13264.605,-4094.19
-11030.58,-11761.02,-22658.895,-6596.73,517.905,-30239.504999999997,-13216.769999999999,-4100.3099999999995
-11020.59,-11788.605,-22682.34,-6604.83,507.10499999999996,-30256.829999999998,-13228.47,-4094.8199999999997
-11008.529999999999,-11740.14,-22664.34,-6607.485,488.60999999999996,-30291.254999999997,-13261.545,-4099.59
-11024.505,-11723.939999999999,-22642.92,-6609.735,475.335,-30307.454999999998,-13257.404999999999,-4116.33
-11025.18,-11770.785,-22676.67,-6624.945,467.955,-30301.785,-13203.045,-4092.75
-11020.59,-11770.154999999999,-22680.18,-6623.1449999999995,469.48499999999996,-30315.51,-13212.945,-4073.7149999999997
-10993.904999999999,-11700.585,-22625.73,-6588.764999999999,497.29499999999996,-30301.379999999997,-13212.314999999999,-4064.085
-10994.58,-11703.689999999999,-22626.675,-6593.625,490.365,-30312.495,-13256.505,-4082.085
-11033.865,-11743.154999999999,-22659.75,-6621.03,467.72999999999996,-30311.64,-13259.115,-4127.264999999999
-11054.925,-11761.289999999999,-22672.665,-6633.855,458.09999999999997,-30309.704999999998,-13210.47,-4144.59
-11038.41,-11757.689999999999,-22666.23,-6627.33,466.965,-30316.274999999998,-13196.835,-4111.245
-11023.064999999999,-11754.765,-22664.655,-6619.139999999999,479.60999999999996,-30341.745,-13300.875,-4097.295
-11017.215,-11754.0,-22698.54,-6647.804999999999,469.26,-30337.379999999997,-13269.51,-4092.615
-11030.805,-11774.295,-22745.385,-6699.509999999999,447.525,-30341.52,-13252.14,-4099.86
-11050.38,-11790.72,-22734.765,-6722.865,404.505,-30366.045,-13212.225,-4106.655
-10998.539999999999,-11732.22,-22657.454999999998,-6669.134999999999,388.395,-30425.805,-13307.805,-4064.7599999999998
-10992.779999999999,-11712.689999999999,-22627.125,-6593.4,455.35499999999996,-30381.614999999998,-13312.08,-4077.855
-10989.945,-11699.279999999999,-22615.695,-6548.759999999999,534.96,-30268.395,-13255.47,-4088.79
-11015.279999999999,-11730.869999999999,-22652.415,-6576.48,507.51,-30282.254999999997,-13273.695,-4113.99
-11045.52,-11773.98,-22697.91,-6626.5199999999995,416.34,-30369.329999999998,-13313.43,-4122.8099999999995
-11021.895,-11753.64,-22674.915,-6648.03,416.96999999999997,-30384.045,-13269.6,-4086.495
-10970.595,-11703.465,-22633.155,-6613.065,479.43,-30327.3,-13179.195,-4027.815
-10943.055,-11661.119999999999,-22570.29,-6527.025,521.1899999999999,-30307.68,-13173.255,-4022.8199999999997
-10982.385,-11699.505,-22599.18,-6565.679999999999,483.75,-30341.16,-13248.045,-4071.555
-11018.564999999999,-11745.404999999999,-22651.11,-6607.215,458.55,-30353.895,-13309.92,-4105.215
-11050.425,-11783.88,-22696.965,-6642.585,424.8,-30409.02,-13300.38,-4125.014999999999
-11053.395,-11778.84,-22696.425,-6662.7,405.945,-30428.64,-13249.125,-4125.555
-11011.77,-11740.68,-22649.445,-6627.105,457.02,-30273.614999999998,-13187.07,-4085.37
-10990.664999999999,-11720.789999999999,-22633.965,-6578.865,526.77,-30165.57,-13188.869999999999,-4065.39
-11047.32,-11785.365,-22719.329999999998,-6650.955,491.085,-30251.789999999997,-13227.66,-4111.92
-11063.88,-11798.414999999999,-22722.975,-6687.045,454.995,-30332.07,-13239.494999999999,-4127.805
-11011.859999999999,-11736.135,-22648.41,-6660.495,483.57,-30350.43,-13253.76,-4100.445
-11015.369999999999,-11740.365,-22650.524999999998,-6643.304999999999,482.94,-30320.414999999997,-13209.57,-4107.014999999999
-11046.015,-11767.949999999999,-22676.04,-6615.945,423.27,-30311.055,-13229.234999999999,-4142.925
-11034.404999999999,-11767.455,-22695.48,-6637.59,399.96,-30384.675,-13346.369999999999,-4117.68
-10970.189999999999,-11697.39,-22620.059999999998,-6577.2,454.005,-30367.89,-13306.005,-4044.375
-10967.67,-11681.865,-22590.809999999998,-6550.875,497.60999999999996,-30300.3,-13243.545,-4049.955
-10989.585,-11710.395,-22621.32,-6571.44,503.72999999999996,-30303.765,-13267.35,-4074.48
-11013.345,-11746.845,-22657.004999999997,-6596.1449999999995,502.65,-30285.36,-13238.595,-4085.5499999999997
-11023.785,-11774.43,-22680.719999999998,-6617.969999999999,475.695,-30309.254999999997,-13202.1,-4078.71
-11007.765,-11736.945,-22649.175,-6593.355,496.935,-30292.515,-13210.244999999999,-4078.845
-11012.265,-11717.145,-22629.42,-6583.95,506.96999999999997,-30295.35,-13248.855,-4094.64
-11060.595,-11785.275,-22694.94,-6641.865,462.87,-30308.895,-13242.15,-4124.43
-11059.695,-11810.564999999999,-22720.454999999998,-6657.795,454.32,-30307.995,-13249.484999999999,-4120.38
-11051.955,-11794.77,-22710.555,-6649.155,449.41499999999996,-30331.62,-13287.555,-4122.2699999999995
-11039.085,-11748.689999999999,-22665.69,-6628.679999999999,444.555,-30352.815,-13292.1,-4126.275
-11036.564999999999,-11755.89,-22672.17,-6638.355,430.335,-30366.18,-13277.88,-4120.245
-11019.285,-11754.045,-22672.305,-6627.554999999999,451.26,-30342.914999999997,-13225.005,-4093.02
-11011.455,-11740.005,-22647.51,-6596.865,482.84999999999997,-30323.204999999998,-13237.74,-4104.99
-11015.505,-11739.42,-22646.52,-6591.285,495.27,-30289.004999999997,-13265.955,-4117.005
-11051.82,-11767.185,-22685.579999999998,-6644.205,441.0,-30338.37,-13239.72,-4120.605
-11039.085,-11774.835,-22699.17,-6662.205,398.655,-30423.6,-13269.779999999999,-4086.765
-11002.904999999999,-11731.095,-22661.504999999997,-6640.605,378.99,-30501.315,-13309.965,-4077.765
-10986.119999999999,-11709.135,-22637.295,-6623.19,388.44,-30508.965,-13297.545,-4073.805
-11026.215,-11765.115,-22685.76,-6652.44,405.45,-30428.82,-13270.455,-4098.24
-11047.14,-11790.0,-22706.28,-6645.69,482.35499999999996,-30259.35,-13223.97,-4113.945
-11056.455,-11781.63,-22708.305,-6639.12,488.655,-30198.42,-13174.244999999999,-4130.73
-11032.289999999999,-11754.72,-22696.02,-6618.24,494.685,-30251.114999999998,-13227.255,-4101.389999999999
-10993.14,-11721.42,-22650.66,-6584.715,515.655,-30267.719999999998,-13231.664999999999,-4059.765
-10979.955,-11711.16,-22607.954999999998,-6568.83,518.4449999999999,-30265.92,-13230.045,-4053.7349999999997
-11016.359999999999,-11756.295,-22664.024999999998,-6616.3949999999995,478.48499999999996,-30290.985,-13229.595,-4085.055
-11043.81,-11777.535,-22687.92,-6641.865,448.46999999999997,-30325.32,-13264.244999999999,-4110.075
-11038.41,-11760.119999999999,-22666.41,-6623.505,463.22999999999996,-30320.055,-13276.529999999999,-4117.455
-11031.3,-11754.539999999999,-22673.204999999998,-6641.235,448.695,-30333.645,-13310.82,-4120.065
-10996.965,-11724.66,-22666.05,-6642.134999999999,440.28,-30350.34,-13295.475,-4092.165
-10979.775,-11710.305,-22665.465,-6647.58,444.96,-30342.78,-13223.564999999999,-4063.5899999999997
-10997.279999999999,-11723.265,-22652.684999999998,-6649.425,454.72499999999997,-30337.515,-13250.699999999999,-4078.575
-11055.824999999999,-11797.154999999999,-22723.245,-6706.08,404.59499999999997,-30357.18,-13251.195,-4116.375
-11044.125,-11786.039999999999,-22703.265,-6632.955,467.685,-30311.46,-13225.859999999999,-4100.535
-11026.89,-11765.699999999999,-22680.27,-6595.245,471.375,-30313.53,-13227.57,-4082.1299999999997
-11025.63,-11761.064999999999,-22686.93,-6632.82,424.71,-30353.129999999997,-13258.845,-4090.095
-11014.56,-11738.295,-22639.14,-6630.705,462.555,-30351.824999999997,-13295.34,-4089.645
-11004.39,-11728.439999999999,-22633.2,-6599.429999999999,456.12,-30402.225,-13330.035,-4089.015
-11014.47,-11734.154999999999,-22645.215,-6603.255,430.10999999999996,-30427.425,-13303.26,-4097.205
-11041.785,-11765.609999999999,-22676.219999999998,-6618.15,437.58,-30349.664999999997,-13264.154999999999,-4113.224999999999
-11033.414999999999,-11759.58,-22671.899999999998,-6621.03,469.79999999999995,-30267.405,-13271.715,-4110.705
-11023.74,-11753.145,-22669.065,-6649.245,460.08,-30306.059999999998,-13273.65,-4100.715
-11015.189999999999,-11749.635,-22669.649999999998,-6647.8949999999995,452.43,-30302.73,-13198.14,-4076.865
-10995.39,-11721.105,-22622.94,-6584.985,484.83,-30245.219999999998,-13173.795,-4063.23
-10991.97,-11708.82,-22597.065,-6552.2699999999995,494.955,-30240.765,-13169.97,-4069.17
-11018.115,-11733.975,-22616.864999999998,-6586.245,457.91999999999996,-30260.114999999998,-13169.07,-4092.2549999999997
-11029.23,-11758.005,-22645.62,-6615.855,444.73499999999996,-30285.495,-13160.07,-4089.42
-10990.439999999999,-11723.175,-22623.39,-6591.285,508.365,-30279.645,-13227.39,-4066.29
-11021.355,-11722.455,-22615.785,-6585.84,500.98499999999996,-30308.355,-13286.88,-4126.59
-11070.99,-11772.945,-22682.43,-6643.17,437.21999999999997,-30368.925,-13282.515,-4174.83
-11014.83,-11766.15,-22693.14,-6637.545,418.635,-30380.895,-13253.13,-4077.495
-10993.994999999999,-11750.58,-22685.129999999997,-6624.719999999999,453.96,-30340.844999999998,-13290.705,-4036.68
-11037.285,-11770.785,-22683.195,-6637.995,457.60499999999996,-30301.605,-13291.425,-4090.725
-11060.055,-11808.18,-22706.594999999998,-6659.46,432.495,-30331.26,-13283.144999999999,-4113.855
-11029.005,-11785.859999999999,-22694.895,-6645.33,440.41499999999996,-30328.379999999997,-13240.619999999999,-4085.5049999999997
-11009.475,-11738.97,-22656.69,-6619.1849999999995,455.84999999999997,-30331.89,-13246.47,-4076.37
-11001.015,-11732.895,-22638.645,-6594.795,487.97999999999996,-30311.19,-13238.414999999999,-4076.325
-11004.21,-11750.67,-22646.024999999998,-6584.13,499.40999999999997,-30296.43,-13226.445,-4086.045
-11017.305,-11736.314999999999,-22642.379999999997,-6596.6849999999995,468.71999999999997,-30330.809999999998,-13264.515,-4103.1449999999995
-11010.195,-11712.51,-22618.305,-6591.96,480.645,-30295.035,-13251.689999999999,-4091.895
-11011.275,-11730.24,-22625.864999999998,-6599.429999999999,487.84499999999997,-30255.344999999998,-13265.279999999999,-4093.875
-11033.82,-11763.314999999999,-22674.105,-6628.7699999999995,462.51,-30299.039999999997,-13292.73,-4121.73
-11043.63,-11762.73,-22685.985,-6650.6849999999995,424.48499999999996,-30352.094999999998,-13290.435,-4131.72
-11039.58,-11769.39,-22682.475,-6644.655,418.455,-30386.16,-13283.189999999999,-4105.8
-11012.13,-11754.99,-22665.465,-6620.804999999999,444.96,-30367.53,-13261.769999999999,-4064.94
-10999.305,-11718.99,-22635.855,-6589.08,500.085,-30263.715,-13245.975,-4072.9049999999997
-11002.32,-11708.775,-22623.344999999998,-6579.63,519.345,-30225.285,-13198.725,-4076.64
-11034.045,-11760.57,-22679.73,-6640.11,438.57,-30335.355,-13192.83,-4092.2999999999997
-11041.064999999999,-11780.595,-22707.765,-6676.29,388.16999999999996,-30411.719999999998,-13240.08,-4095.045
-11024.82,-11765.744999999999,-22692.239999999998,-6659.099999999999,410.58,-30388.364999999998,-13249.394999999999,-4079.0699999999997
-11007.359999999999,-11740.455,-22689.675,-6629.759999999999,464.94,-30320.774999999998,-13278.51,-4076.37
-11002.455,-11725.965,-22682.79,-6597.63,508.04999999999995,-30252.239999999998,-13255.605,-4081.68
-11007.314999999999,-11723.49,-22633.605,-6578.955,505.71,-30245.94,-13201.515,-4088.745
-11027.744999999999,-11747.205,-22634.28,-6601.679999999999,474.29999999999995,-30281.039999999997,-13195.529999999999,-4108.095
-11054.295,-11780.595,-22685.355,-6655.139999999999,407.385,-30393.09,-13252.275,-4116.555
-11050.38,-11783.88,-22704.48,-6664.455,420.93,-30372.93,-13257.855,-4105.53
-11003.67,-11743.875,-22672.98,-6628.815,475.965,-30273.84,-13232.025,-4053.7799999999997
-11002.5,-11739.06,-22679.19,-6655.815,444.73499999999996,-30292.065,-13188.869999999999,-4059.99
-11018.52,-11740.095,-22666.68,-6670.08,425.88,-30327.12,-13222.17,-4097.34
-11045.07,-11765.88,-22672.35,-6658.965,430.515,-30347.73,-13297.14,-4123.755
-11043.18,-11764.08,-22669.829999999998,-6611.94,477.0,-30333.105,-13316.984999999999,-4121.055
-11048.22,-11777.265,-22691.16,-6636.014999999999,444.73499999999996,-30351.149999999998,-13307.58,-4115.025
-11031.795,-11764.755,-22680.989999999998,-6614.235,479.835,-30318.12,-13265.01,-4090.8599999999997
-11014.92,-11745.225,-22661.82,-6600.87,500.53499999999997,-30304.71,-13266.404999999999,-4080.015
-11035.98,-11770.83,-22693.59,-6652.62,454.22999999999996,-30328.92,-13243.365,-4092.12
-11019.105,-11744.414999999999,-22665.645,-6607.665,467.28,-30332.07,-13269.105,-4092.2549999999997
-11000.925,-11716.064999999999,-22625.594999999998,-6544.259999999999,507.06,-30290.895,-13244.85,-4083.705
-11014.785,-11741.265,-22664.879999999997,-6592.094999999999,487.34999999999997,-30291.03,-13234.545,-4084.92
-11020.814999999999,-11752.244999999999,-22686.165,-6626.745,440.23499999999996,-30371.489999999998,-13270.23,-4082.265
-10982.609999999999,-11708.414999999999,-22635.989999999998,-6582.24,471.87,-30395.565,-13296.24,-4052.52
-11003.085,-11718.045,-22629.465,-6598.755,456.705,-30374.82,-13309.605,-4079.205
-11028.42,-11746.439999999999,-22657.364999999998,-6636.0599999999995,420.705,-30381.93,-13317.119999999999,-4111.38
-11045.295,-11781.09,-22695.03,-6664.094999999999,408.645,-30367.035,-13300.154999999999,-4121.055
-11049.074999999999,-11784.195,-22702.094999999998,-6666.4349999999995,428.715,-30275.504999999997,-13236.66,-4108.905
-11044.08,-11767.05,-22670.594999999998,-6641.19,437.895,-30298.815,-13269.644999999999,-4106.61
-11022.795,-11757.105,-22670.19,-6629.175,442.935,-30342.239999999998,-13279.994999999999,-4088.43
-11034.72,-11753.189999999999,-22672.17,-6629.49,451.44,-30329.82,-13260.779999999999,-4103.865
-11035.89,-11758.635,-22675.95,-6629.355,461.205,-30292.469999999998,-13223.564999999999,-4090.995
-11022.93,-11752.83,-22668.614999999998,-6624.585,450.18,-30329.145,-13230.18,-4077.9449999999997
-11026.08,-11772.314999999999,-22687.605,-6642.54,423.9,-30363.12,-13229.279999999999,-4076.64
-11033.73,-11786.895,-22692.78,-6633.945,457.56,-30297.015,-13208.445,-4080.555
-11013.57,-11742.615,-22650.93,-6596.505,500.66999999999996,-30259.485,-13215.015,-4069.395
-10989.045,-11709.314999999999,-22617.0,-6580.44,501.79499999999996,-30285.719999999998,-13227.57,-4053.69
-10978.02,-11711.43,-22618.844999999998,-6581.969999999999,511.83,-30266.235,-13227.255,-4052.205
-11024.595,-11765.654999999999,-22691.07,-6630.705,470.43,-30285.449999999997,-13194.855,-4094.64
-11032.695,-11754.27,-22678.875,-6621.615,460.44,-30336.614999999998,-13191.93,-4098.69
-10969.47,-11683.755,-22605.254999999997,-6564.78,506.07,-30326.85,-13216.59,-4045.5
-10974.465,-11683.305,-22603.454999999998,-6574.23,491.805,-30318.3,-13302.269999999999,-4060.08
-11073.195,-11794.23,-22713.344999999998,-6674.804999999999,408.195,-30355.559999999998,-13296.644999999999,-4132.26
-11068.425,-11789.64,-22704.75,-6662.34,424.71,-30340.8,-13264.965,-4130.01
-11014.605,-11727.359999999999,-22640.129999999997,-6593.445,499.14,-30267.045,-13254.119999999999,-4092.21
-10980.18,-11681.055,-22589.55,-6540.12,550.17,-30234.465,-13267.935,-4084.92
-10985.715,-11692.215,-22600.17,-6551.594999999999,534.8249999999999,-30264.48,-13263.48,-4078.305
-11003.4,-11729.564999999999,-22640.579999999998,-6592.724999999999,496.89,-30288.465,-13244.805,-4066.4249999999997
-11028.869999999999,-11750.445,-22660.515,-6614.054999999999,477.0,-30270.6,-13195.755,-4108.59
-11070.539999999999,-11799.945,-22721.895,-6683.94,404.055,-30331.62,-13153.725,-4120.155
-11037.645,-11772.0,-22690.485,-6652.8,428.35499999999996,-30365.37,-13268.475,-4082.085
-11036.699999999999,-11768.4,-22682.43,-6641.505,432.27,-30411.135,-13401.18,-4096.62
-11066.265,-11802.24,-22710.87,-6665.04,419.175,-30394.844999999998,-13315.005,-4115.295
-11062.529999999999,-11801.07,-22704.93,-6655.139999999999,442.71,-30324.87,-13200.885,-4090.545
-11040.84,-11762.46,-22670.774999999998,-6627.78,465.705,-30303.449999999997,-13181.58,-4083.75
-11016.945,-11743.965,-22664.565,-6617.969999999999,467.775,-30324.015,-13240.664999999999,-4080.1499999999996
-11020.095,-11752.47,-22688.684999999998,-6639.03,454.77,-30339.495,-13314.555,-4095.72
-11060.369999999999,-11790.765,-22724.1,-6677.639999999999,416.15999999999997,-30352.86,-13294.935,-4130.55
-11035.755,-11762.234999999999,-22671.315,-6633.405,447.57,-30339.855,-13260.869999999999,-4101.57
-11011.005,-11741.49,-22649.76,-6620.8949999999995,453.51,-30360.735,-13262.67,-4071.87
-11028.285,-11762.73,-22684.725,-6645.42,430.875,-30376.53,-13270.859999999999,-4087.125
-11032.695,-11771.055,-22691.114999999998,-6641.865,439.91999999999996,-30355.469999999998,-13280.939999999999,-4095.8999999999996
-11022.705,-11758.68,-22677.344999999998,-6640.11,443.15999999999997,-30335.535,-13261.68,-4091.22
-11007.0,-11730.195,-22660.469999999998,-6645.105,443.07,-30326.715,-13264.425,-4085.5049999999997
-11000.925,-11739.195,-22698.629999999997,-6681.15,436.32,-30304.754999999997,-13252.05,-4074.615
-11015.64,-11772.359999999999,-22723.739999999998,-6693.66,436.455,-30281.985,-13219.74,-4078.89
-11060.189999999999,-11823.435,-22729.59,-6698.88,413.37,-30330.315,-13261.23,-4113.45
-11067.705,-11784.96,-22660.739999999998,-6634.125,455.98499999999996,-30357.225,-13345.785,-4146.93
-11047.23,-11762.64,-22665.149999999998,-6604.605,470.29499999999996,-30352.05,-13322.25,-4128.345
-11029.545,-11770.515,-22699.079999999998,-6642.99,435.96,-30408.93,-13279.5,-4079.52
-11021.49,-11769.84,-22688.55,-6651.855,406.84499999999997,-30453.164999999997,-13288.32,-4069.305
-11032.92,-11784.285,-22703.445,-6640.965,398.96999999999997,-30421.215,-13254.975,-4084.47
-11036.699999999999,-11750.625,-22676.85,-6601.23,440.19,-30380.039999999997,-13244.894999999999,-4108.005
-10994.625,-11693.564999999999,-22612.14,-6583.005,518.625,-30252.329999999998,-13174.965,-4075.74
-10987.605,-11696.039999999999,-22593.105,-6572.115,518.625,-30229.695,-13188.555,-4060.89
-11034.27,-11768.355,-22683.69,-6637.724999999999,459.27,-30305.34,-13279.904999999999,-4079.43
-11046.869999999999,-11789.64,-22727.7,-6678.54,418.54499999999996,-30358.079999999998,-13303.08,-4087.125
-11019.195,-11750.265,-22679.235,-6624.09,467.955,-30312.539999999997,-13268.295,-4079.745
-11037.15,-11757.555,-22660.559999999998,-6619.455,459.85499999999996,-30333.465,-13318.019999999999,-4117.32
-11047.095,-11758.005,-22653.855,-6627.6449999999995,444.28499999999997,-30341.385,-13317.615,-4137.66
-11042.055,-11759.67,-22659.434999999998,-6624.9,456.885,-30293.1,-13188.105,-4105.349999999999
-11022.164999999999,-11753.234999999999,-22664.07,-6620.219999999999,475.78499999999997,-30269.114999999998,-13118.535,-4065.8399999999997
-10991.43,-11736.945,-22659.93,-6629.715,453.33,-30369.6,-13260.24,-4029.615
-10992.465,-11736.449999999999,-22655.34,-6627.78,459.63,-30358.44,-13292.91,-4047.345
-11011.14,-11745.314999999999,-22664.79,-6620.264999999999,478.89,-30296.114999999998,-13293.404999999999,-4080.5099999999998
-11022.705,-11738.88,-22645.844999999998,-6599.79,478.79999999999995,-30294.539999999997,-13276.845,-4098.87
-11029.949999999999,-11745.63,-22655.204999999998,-6612.84,469.395,-30298.635,-13262.76,-4107.15
-11070.765,-11793.6,-22704.84,-6658.11,434.52,-30321.405,-13252.545,-4137.255
-11021.085,-11750.67,-22669.379999999997,-6629.13,455.13,-30335.175,-13237.92,-4087.935
-10978.515,-11698.289999999999,-22612.77,-6578.639999999999,486.09,-30373.695,-13323.644999999999,-4068.72
-11017.71,-11744.414999999999,-22652.01,-6608.655,473.085,-30339.809999999998,-13217.894999999999,-4069.665
-11019.96,-11767.814999999999,-22677.93,-6623.415,479.88,-30279.329999999998,-13179.734999999999,-4051.305
-11006.64,-11734.289999999999,-22638.285,-6586.469999999999,512.1,-30241.44,-13194.765,-4086.585
-11048.355,-11758.994999999999,-22666.68,-6627.15,467.23499999999996,-30277.53,-13213.17,-4130.505
-11035.98,-11773.395,-22696.245,-6655.094999999999,430.56,-30367.215,-13283.865,-4081.23
-11036.744999999999,-11795.895,-22707.629999999997,-6666.615,413.09999999999997,-30391.649999999998,-13264.83,-4057.9649999999997
-11003.13,-11742.66,-22646.295,-6608.835,471.015,-30323.114999999998,-13222.89,-4048.3799999999997
-10998.18,-11712.195,-22618.575,-6577.514999999999,503.685,-30302.055,-13230.63,-4075.74
-11008.89,-11710.845,-22609.665,-6567.255,520.785,-30268.17,-13223.97,-4111.965
-11055.375,-11768.265,-22664.79,-6615.855,484.60499999999996,-30280.364999999998,-13255.289999999999,-4151.34
-11117.025,-11853.09,-22773.87,-6717.42,388.89,-30371.039999999997,-13331.925,-4171.59
-11056.77,-11808.539999999999,-22763.925,-6696.585,405.81,-30402.675,-13315.635,-4086.81
-10983.015,-11729.564999999999,-22677.254999999997,-6629.13,445.09499999999997,-30392.37,-13270.185,-4027.9049999999997
-10992.195,-11723.895,-22622.445,-6620.94,433.97999999999996,-30381.434999999998,-13264.74,-4044.06
-11020.68,-11751.3,-22643.325,-6637.005,433.305,-30343.545,-13243.365,-4073.085
-11027.205,-11765.34,-22666.905,-6643.44,435.195,-30378.465,-13266.855,-4083.12
-11029.77,-11771.73,-22687.2,-6646.545,438.525,-30391.559999999998,-13308.795,-4091.355
-11031.119999999999,-11767.32,-22699.125,-6646.32,436.185,-30347.01,-13274.865,-4088.79
-11026.035,-11753.865,-22673.969999999998,-6638.219999999999,443.43,-30320.145,-13285.305,-4089.96
-11031.48,-11754.63,-22659.84,-6651.855,470.15999999999997,-30295.754999999997,-13274.73,-4093.92
-11029.5,-11751.48,-22655.385,-6638.04,505.755,-30263.219999999998,-13206.869999999999,-4084.6949999999997
-11038.005,-11767.635,-22672.035,-6615.99,488.07,-30277.754999999997,-13200.074999999999,-4090.455
-11014.695,-11747.835,-22662.0,-6638.535,464.94,-30290.715,-13218.705,-4080.645
-10986.66,-11721.015,-22654.844999999998,-6634.17,467.055,-30289.68,-13261.095,-4067.145
-11010.195,-11739.96,-22667.579999999998,-6639.974999999999,441.495,-30335.219999999998,-13304.564999999999,-4083.75
-11037.24,-11761.74,-22657.364999999998,-6617.07,441.945,-30365.55,-13284.359999999999,-4088.79
-11048.265,-11778.615,-22677.48,-6621.255,428.98499999999996,-30370.23,-13316.76,-4103.01
-11050.515,-11782.395,-22706.055,-6642.63,423.85499999999996,-30357.629999999997,-13303.664999999999,-4116.555
-11045.52,-11784.375,-22726.305,-6649.514999999999,432.405,-30338.82,-13221.269999999999,-4094.955
-11026.619999999999,-11768.715,-22697.91,-6630.929999999999,458.505,-30337.11,-13207.769999999999,-4059.18
-11011.365,-11749.68,-22652.415,-6632.009999999999,490.68,-30323.07,-13227.39,-4051.4849999999997
-10993.14,-11722.365,-22627.754999999997,-6583.995,502.60499999999996,-30280.004999999997,-13200.975,-4046.895
-10975.32,-11700.27,-22617.899999999998,-6567.4349999999995,519.3,-30277.305,-13205.475,-4041.6749999999997
-11017.755,-11745.494999999999,-22654.754999999997,-6618.465,470.29499999999996,-30314.34,-13233.33,-4084.1549999999997
-11049.164999999999,-11781.225,-22681.035,-6657.84,425.745,-30345.164999999997,-13277.609999999999,-4105.215
-11037.689999999999,-11769.615,-22682.52,-6648.3,413.865,-30392.504999999997,-13263.705,-4094.37
-11053.71,-11784.24,-22691.475,-6662.5199999999995,375.525,-30480.434999999998,-13287.33,-4111.83
-11023.47,-11760.975,-22666.59,-6638.4,408.465,-30448.844999999998,-13310.64,-4090.14
-10976.22,-11716.154999999999,-22637.385,-6586.695,511.91999999999996,-30273.795,-13292.595,-4054.14
-10986.615,-11701.619999999999,-22617.36,-6586.245,498.10499999999996,-30312.36,-13258.08,-4063.815
-11015.73,-11742.345,-22651.02,-6625.71,452.385,-30392.864999999998,-13259.07,-4075.02
-11037.015,-11773.125,-22677.84,-6644.565,445.40999999999997,-30338.82,-13206.914999999999,-4071.015
-11052.404999999999,-11799.494999999999,-22698.809999999998,-6653.115,443.385,-30300.614999999998,-13238.46,-4093.785
-11053.08,-11818.305,-22725.675,-6646.545,457.02,-30280.454999999998,-13256.64,-4106.835
-11028.375,-11779.965,-22704.48,-6637.1849999999995,462.51,-30291.57,-13227.66,-4082.805
-11002.859999999999,-11722.005,-22638.465,-6596.19,489.555,-30310.155,-13278.375,-4075.74
-10992.195,-11705.76,-22611.329999999998,-6571.9349999999995,512.64,-30304.17,-13309.064999999999,-4080.645
-11041.47,-11771.189999999999,-22669.695,-6619.094999999999,470.7,-30315.555,-13266.359999999999,-4112.415
-11072.52,-11813.039999999999,-22719.329999999998,-6659.865,448.515,-30296.61,-13248.045,-4130.19
-11064.33,-11777.175,-22678.29,-6634.844999999999,458.90999999999997,-30303.945,-13320.314999999999,-4149.54
-11061.09,-11783.475,-22692.915,-6652.53,429.79499999999996,-30329.28,-13222.08,-4134.15
-11036.205,-11778.119999999999,-22694.67,-6662.745,409.14,-30382.605,-13172.4,-4070.8799999999997
-10971.945,-11715.705,-22631.625,-6608.79,455.13,-30394.305,-13277.43,-4010.355
-10956.195,-11691.9,-22609.395,-6567.344999999999,516.3299999999999,-30312.045,-13242.779999999999,-4015.89
-10960.515,-11683.395,-22599.629999999997,-6547.094999999999,555.795,-30253.004999999997,-13241.654999999999,-4037.94
-10992.15,-11725.064999999999,-22633.2,-6586.245,511.02,-30275.954999999998,-13260.42,-4063.2749999999996
-11044.89,-11782.26,-22695.344999999998,-6647.759999999999,449.37,-30311.37,-13238.55,-4095.45
-11056.455,-11782.484999999999,-22694.355,-6649.29,442.53,-30337.155,-13260.779999999999,-4110.345
-11019.869999999999,-11749.095,-22656.555,-6613.2,468.81,-30327.03,-13262.039999999999,-4074.66
-11037.779999999999,-11775.689999999999,-22683.87,-6641.054999999999,447.47999999999996,-30327.48,-13236.795,-4081.95
-11032.785,-11766.015,-22680.855,-6636.465,455.03999999999996,-30313.485,-13208.76,-4085.46
-11024.685,-11747.25,-22659.21,-6613.335,481.185,-30301.245,-13228.74,-4091.04
-11054.699999999999,-11780.145,-22686.344999999998,-6639.12,457.335,-30322.53,-13277.07,-4117.005
-11062.664999999999,-11798.64,-22711.635,-6673.32,409.005,-30356.504999999997,-13271.039999999999,-4115.745
-11031.615,-11772.63,-22689.945,-6661.665,423.22499999999997,-30358.664999999997,-13268.97,-4088.97
-11006.234999999999,-11751.39,-22662.719999999998,-6647.49,464.53499999999997,-30336.48,-13292.64,-4069.08
-11000.654999999999,-11746.98,-22664.385,-6636.87,481.54499999999996,-30323.745,-13275.765,-4062.645
-11022.84,-11758.5,-22677.93,-6637.139999999999,462.69,-30329.594999999998,-13246.47,-4081.815
-11055.914999999999,-11792.789999999999,-22707.989999999998,-6645.014999999999,431.41499999999996,-30349.44,-13266.359999999999,-4113.54
-11052.314999999999,-11784.375,-22705.155,-6652.304999999999,419.175,-30367.485,-13303.845,-4118.58
-10997.82,-11734.515,-22679.684999999998,-6631.469999999999,438.885,-30379.59,-13286.88,-4070.745
-10976.22,-11723.039999999999,-22678.155,-6637.23,443.07,-30361.5,-13264.38,-4053.915
-11017.215,-11767.185,-22709.565,-6666.344999999999,428.94,-30363.344999999998,-13277.699999999999,-4074.48
-11010.015,-11752.064999999999,-22674.51,-6603.615,465.57,-30384.495,-13303.35,-4062.555
-11042.82,-11793.555,-22672.89,-6590.745,488.25,-30339.989999999998,-13244.58,-4072.41
-11042.234999999999,-11783.654999999999,-22668.075,-6629.085,459.85499999999996,-30272.76,-13227.93,-4082.94
-11027.115,-11763.99,-22680.765,-6671.88,429.21,-30305.43,-13259.97,-4087.89
-11026.035,-11760.48,-22667.895,-6656.67,439.10999999999996,-30319.469999999998,-13267.755,-4096.665
-11033.414999999999,-11768.535,-22667.129999999997,-6638.715,459.405,-30314.969999999998,-13273.605,-4104.045
-11053.664999999999,-11783.115,-22681.125,-6623.73,452.60999999999996,-30330.675,-13278.015,-4122.495
-11038.59,-11770.244999999999,-22663.079999999998,-6607.304999999999,475.28999999999996,-30339.27,-13320.539999999999,-4122.2699999999995
-11000.205,-11748.869999999999,-22652.46,-6592.32,499.005,-30333.914999999997,-13286.654999999999,-4061.7
-10978.74,-11712.015,-22620.78,-6591.554999999999,492.16499999999996,-30323.07,-13248.855,-4034.97
-11017.215,-11755.664999999999,-22668.39,-6634.215,437.625,-30369.059999999998,-13272.84,-4072.995
-11034.72,-11766.645,-22677.39,-6638.8949999999995,421.83,-30353.399999999998,-13260.375,-4086.45
-11058.795,-11798.055,-22703.67,-6649.74,446.66999999999996,-30318.48,-13229.865,-4102.38
-11041.56,-11801.34,-22700.565,-6638.13,481.995,-30273.885,-13213.439999999999,-4084.605
-11026.71,-11773.08,-22685.76,-6635.79,461.835,-30313.26,-13240.529999999999,-4076.37
-11027.43,-11755.08,-22665.195,-6631.695,440.145,-30356.055,-13277.295,-4083.075
-11020.77,-11754.765,-22666.41,-6631.92,437.175,-30380.219999999998,-13283.64,-4088.79
-11028.779999999999,-11762.279999999999,-22683.87,-6645.509999999999,423.9,-30387.105,-13278.465,-4090.68
-11034.045,-11771.685,-22686.57,-6654.42,409.905,-30379.454999999998,-13280.13,-4085.1
-10992.24,-11708.414999999999,-22597.695,-6571.08,505.935,-30247.469999999998,-13207.59,-4067.37
-10946.205,-11655.18,-22543.649999999998,-6506.865,577.935,-30161.295,-13137.93,-4034.295
-11019.015,-11745.81,-22644.945,-6594.255,495.53999999999996,-30270.015,-13198.904999999999,-4085.865
-11091.51,-11837.205,-22748.67,-6700.86,386.64,-30418.515,-13341.465,-4124.34
-11042.324999999999,-11788.65,-22705.739999999998,-6661.844999999999,433.305,-30344.535,-13328.234999999999,-4082.535
-11009.025,-11745.045,-22655.34,-6607.44,479.07,-30283.155,-13271.085,-4072.23
-11006.955,-11732.67,-22637.114999999998,-6585.795,493.28999999999996,-30311.504999999997,-13300.56,-4086.4049999999997
-11012.58,-11743.965,-22651.425,-6601.59,488.43,-30298.454999999998,-13241.07,-4078.44
-11034.314999999999,-11780.865,-22694.219999999998,-6648.21,448.065,-30324.78,-13217.535,-4081.3199999999997
-11028.105,-11771.73,-22689.585,-6652.17,427.22999999999996,-30372.93,-13200.255,-4069.125
-11006.46,-11740.095,-22654.98,-6617.79,456.255,-30362.805,-13226.85,-4070.16
-11011.814999999999,-11744.46,-22660.335,-6619.455,460.84499999999997,-30329.46,-13283.685,-4087.08
-11029.59,-11772.0,-22688.28,-6648.255,428.58,-30374.82,-13364.189999999999,-4103.595
-11020.814999999999,-11766.824999999999,-22680.27,-6633.045,454.185,-30328.829999999998,-13299.705,-4082.265
-10971.539999999999,-11713.77,-22623.254999999997,-6570.045,524.25,-30253.995,-13196.789999999999,-4033.7549999999997
-10981.26,-11715.795,-22628.969999999998,-6570.9,518.895,-30276.629999999997,-13245.705,-4049.7749999999996
-11054.385,-11788.064999999999,-22694.76,-6640.695,454.14,-30322.754999999997,-13292.64,-4113.36
-11071.664999999999,-11809.215,-22716.855,-6675.255,434.43,-30320.594999999998,-13258.664999999999,-4121.28
-11062.26,-11818.8,-22727.969999999998,-6688.889999999999,420.79499999999996,-30346.02,-13255.47,-4106.115
-11036.115,-11791.395,-22711.95,-6660.8099999999995,419.21999999999997,-30387.42,-13310.64,-4089.015
-11030.939999999999,-11753.82,-22676.04,-6644.7,424.935,-30376.754999999997,-13281.029999999999,-4088.16
-11023.605,-11754.81,-22673.07,-6638.67,448.78499999999997,-30334.32,-13250.789999999999,-4080.7349999999997
-11044.98,-11783.52,-22692.87,-6646.724999999999,454.85999999999996,-30320.864999999998,-13269.105,-4108.815
-11067.119999999999,-11796.164999999999,-22704.434999999998,-6651.09,444.15,-30339.09,-13264.92,-4137.345
-11038.77,-11759.22,-22669.155,-6622.0199999999995,452.385,-30342.149999999998,-13266.269999999999,-4099.365
-11002.095,-11731.814999999999,-22651.829999999998,-6612.4349999999995,463.635,-30347.954999999998,-13305.869999999999,-4063.725
-11005.02,-11739.914999999999,-22663.754999999997,-6626.5199999999995,456.79499999999996,-30337.92,-13281.345,-4071.105
-10998.494999999999,-11731.41,-22647.825,-6619.7699999999995,471.465,-30313.35,-13246.109999999999,-4058.37
-10996.515,-11729.115,-22644.36,-6616.9349999999995,478.755,-30295.664999999997,-13253.22,-4056.39
-11014.289999999999,-11736.99,-22653.225,-6626.565,461.29499999999996,-30322.215,-13290.57,-4097.07
-11057.67,-11784.105,-22697.954999999998,-6661.035,413.59499999999997,-30377.52,-13254.84,-4123.44
-11046.33,-11790.09,-22699.215,-6645.375,419.13,-30413.204999999998,-13252.05,-4082.265
-10992.689999999999,-11743.785,-22660.739999999998,-6625.215,439.515,-30415.14,-13303.98,-4041.9449999999997
-11006.505,-11749.77,-22681.98,-6649.38,454.995,-30346.739999999998,-13287.555,-4066.02
-11043.675,-11808.404999999999,-22745.79,-6686.865,439.155,-30281.67,-13215.465,-4074.93
-11044.845,-11825.324999999999,-22744.8,-6673.32,434.745,-30281.715,-13204.484999999999,-4066.4249999999997
-11010.015,-11743.785,-22654.305,-6591.554999999999,472.22999999999996,-30318.93,-13252.095,-4065.435
-11006.865,-11726.414999999999,-22658.219999999998,-6612.03,505.53,-30308.265,-13261.365,-4067.73
-11018.115,-11755.529999999999,-22690.89,-6629.58,509.445,-30281.039999999997,-13253.355,-4075.245
-11025.585,-11758.23,-22669.2,-6594.795,534.465,-30263.039999999997,-13256.73,-4092.39
-11036.475,-11755.305,-22642.379999999997,-6618.014999999999,491.805,-30301.605,-13227.93,-4102.965
-11026.484999999999,-11757.24,-22657.004999999997,-6636.87,431.46,-30371.805,-13216.365,-4081.14
-11005.154999999999,-11737.08,-22652.055,-6606.09,445.275,-30404.789999999997,-13284.269999999999,-4066.515
-11001.06,-11731.365,-22656.645,-6597.719999999999,478.305,-30346.965,-13319.279999999999,-4071.7349999999997
-11012.039999999999,-11743.47,-22667.579999999998,-6600.735,487.935,-30318.48,-13302.945,-4089.87
-10990.755,-11711.43,-22619.745,-6576.929999999999,497.15999999999997,-30341.475,-13290.029999999999,-4076.145
-11003.039999999999,-11740.095,-22640.535,-6611.8949999999995,472.09499999999997,-30303.719999999998,-13255.605,-4053.555
-10988.324999999999,-11735.369999999999,-22640.445,-6598.215,481.995,-30284.37,-13198.814999999999,-4022.7749999999996
-10999.98,-11750.13,-22653.0,-6607.304999999999,470.115,-30310.065,-13217.13,-4045.545
-11033.73,-11799.09,-22717.44,-6682.275,414.81,-30358.17,-13264.289999999999,-4082.085
-11073.015,-11810.07,-22723.92,-6705.719999999999,396.405,-30380.265,-13299.615,-4117.7699999999995
-11044.08,-11769.57,-22675.32,-6653.384999999999,421.91999999999996,-30402.045,-13292.01,-4099.365
-11036.609999999999,-11764.08,-22669.965,-6639.615,430.83,-30379.68,-13279.68,-4099.139999999999
-11069.145,-11801.88,-22706.73,-6661.08,438.39,-30309.344999999998,-13254.93,-4127.49
-11075.039999999999,-11815.83,-22723.245,-6665.175,425.88,-30333.329999999998,-13261.365,-4122.585
-11028.645,-11770.199999999999,-22683.51,-6636.014999999999,440.90999999999997,-30347.504999999997,-13273.019999999999,-4080.1949999999997
-11043.765,-11785.23,-22691.34,-6637.005,452.835,-30329.954999999998,-13308.66,-4111.425
-11057.265,-11791.529999999999,-22704.75,-6657.4349999999995,428.35499999999996,-30357.989999999998,-13346.46,-4128.03
-11037.824999999999,-11760.93,-22673.16,-6634.44,439.38,-30360.735,-13327.83,-4099.995
-11026.17,-11758.77,-22669.965,-6626.745,455.76,-30347.594999999998,-13309.289999999999,-4080.645
-11023.965,-11755.619999999999,-22662.675,-6615.045,481.22999999999996,-30320.414999999997,-13302.539999999999,-4071.7349999999997
-10991.205,-11727.9,-22636.844999999998,-6592.86,496.62,-30327.795,-13268.699999999999,-4045.815
-10992.105,-11729.205,-22637.204999999998,-6587.28,513.63,-30273.975,-13170.105,-4051.17
-11036.205,-11760.119999999999,-22657.815,-6597.855,507.28499999999997,-30254.94,-13171.68,-4100.849999999999
-11057.895,-11795.22,-22702.545,-6646.5,449.90999999999997,-30325.86,-13224.914999999999,-4105.53
-11021.939999999999,-11758.455,-22680.54,-6632.55,461.07,-30336.614999999998,-13266.18,-4058.2349999999997
-11008.619999999999,-11734.875,-22646.969999999998,-6597.495,496.84499999999997,-30300.074999999997,-13244.984999999999,-4055.895
-10997.865,-11719.305,-22628.34,-6580.889999999999,521.685,-30276.945,-13232.43,-4054.545
-10992.42,-11714.895,-22629.645,-6588.0,506.88,-30303.675,-13253.22,-4055.9849999999997
-11018.25,-11750.58,-22667.399999999998,-6624.764999999999,466.335,-30335.355,-13266.09,-4070.6549999999997
-11022.795,-11763.539999999999,-22678.335,-6643.53,442.935,-30365.594999999998,-13286.97,-4064.895
-11018.835,-11750.939999999999,-22663.844999999998,-6622.335,478.16999999999996,-30335.355,-13289.67,-4077.765
-11030.355,-11762.505,-22690.079999999998,-6626.16,485.055,-30308.085,-13258.845,-4089.915
-11027.25,-11763.72,-22698.54,-6645.014999999999,449.685,-30325.545,-13236.66,-4084.6949999999997
-11031.525,-11774.699999999999,-22691.295,-6676.38,403.515,-30367.035,-13258.305,-4083.5699999999997
-11034.18,-11771.73,-22679.19,-6666.75,406.26,-30377.114999999998,-13272.615,-4088.8799999999997
-11045.295,-11780.505,-22692.87,-6661.3949999999995,412.425,-30380.625,-13281.84,-4101.165
-11046.869999999999,-11783.835,-22695.885,-6672.105,402.57,-30371.895,-13306.14,-4107.555
-11013.615,-11746.755,-22660.695,-6645.915,429.435,-30331.89,-13253.894999999999,-4075.6499999999996
-10996.289999999999,-11737.125,-22661.55,-6630.615,461.92499999999995,-30307.995,-13195.17,-4043.97
-11006.324999999999,-11760.66,-22681.98,-6600.87,508.185,-30333.51,-13264.199999999999,-4046.265
-11052.359999999999,-11806.425,-22717.215,-6614.415,482.03999999999996,-30394.26,-13305.24,-4092.075
-11060.46,-11799.765,-22738.14,-6648.84,451.755,-30396.015,-13301.055,-4110.075
-11050.83,-11786.13,-22750.29,-6705.495,409.14,-30365.82,-13267.305,-4101.345
-11039.265,-11785.77,-22739.489999999998,-6693.84,393.34499999999997,-30406.184999999998,-13256.414999999999,-4085.0099999999998
-11014.02,-11772.945,-22705.065,-6660.675,417.645,-30399.164999999997,-13293.72,-4060.5299999999997
-11003.445,-11752.38,-22648.77,-6636.0599999999995,441.71999999999997,-30359.789999999997,-13306.005,-4057.56
-11001.285,-11772.539999999999,-22656.239999999998,-6622.425,478.62,-30299.129999999997,-13259.88,-4050.4049999999997
-10993.095,-11736.855,-22635.629999999997,-6569.73,524.0699999999999,-30262.364999999998,-13225.59,-4048.56
-11017.395,-11715.119999999999,-22613.805,-6562.349999999999,526.68,-30262.14,-13256.865,-4081.6349999999998
-11038.545,-11761.83,-22666.545,-6626.969999999999,453.06,-30330.0,-13321.17,-4099.139999999999
-11022.975,-11759.13,-22662.719999999998,-6620.67,454.365,-30337.155,-13277.564999999999,-4068.9449999999997
-11012.76,-11750.355,-22656.51,-6611.58,455.895,-30341.655,-13284.09,-4072.41
-11034.27,-11767.005,-22676.445,-6640.695,432.675,-30370.949999999997,-13322.25,-4101.255
-11065.59,-11803.32,-22719.51,-6681.375,405.63,-30396.824999999997,-13291.019999999999,-4116.42
-11075.49,-11810.43,-22723.29,-6673.545,420.255,-30394.125,-13270.365,-4122.54
-11040.074999999999,-11769.39,-22670.415,-6611.8949999999995,481.04999999999995,-30344.129999999997,-13292.1,-4094.91
-11012.355,-11731.455,-22631.265,-6578.73,512.9549999999999,-30288.465,-13332.869999999999,-4081.14
-11029.68,-11751.029999999999,-22654.17,-6616.53,488.15999999999997,-30295.934999999998,-13273.785,-4095.585
-11022.885,-11767.814999999999,-22684.23,-6644.79,455.625,-30341.16,-13247.1,-4060.7549999999997
-11007.63,-11753.369999999999,-22670.46,-6619.7699999999995,463.275,-30339.765,-13235.49,-4040.145
-11017.484999999999,-11750.355,-22651.785,-6599.384999999999,488.52,-30297.555,-13223.07,-4063.68
-11022.255,-11758.68,-22657.454999999998,-6614.594999999999,464.49,-30335.265,-13239.404999999999,-4080.42
-11017.215,-11751.435,-22660.065,-6628.815,439.875,-30368.204999999998,-13273.244999999999,-4075.92
-11012.895,-11737.574999999999,-22652.325,-6609.6449999999995,462.555,-30338.37,-13273.965,-4072.9049999999997
-11016.855,-11749.77,-22664.25,-6614.639999999999,469.305,-30316.995,-13241.519999999999,-4065.21
-11038.275,-11789.865,-22709.07,-6660.764999999999,417.10499999999996,-30347.82,-13251.015,-4068.72
-11030.715,-11785.14,-22703.805,-6645.42,443.88,-30338.864999999998,-13239.63,-4061.79
-11035.395,-11790.494999999999,-22700.34,-6635.384999999999,468.45,-30318.614999999998,-13242.689999999999,-4068.27
-11015.64,-11757.645,-22671.045,-6616.035,480.59999999999997,-30307.454999999998,-13246.515,-4062.6
-11010.24,-11735.145,-22647.329999999998,-6597.315,491.445,-30310.02,-13263.3,-4078.395
-11047.725,-11757.015,-22665.915,-6618.465,459.9,-30352.004999999997,-13297.23,-4129.92
-11073.33,-11795.22,-22704.48,-6662.745,401.98499999999996,-30414.555,-13314.42,-4146.795
-11003.49,-11745.99,-22656.195,-6613.065,448.60499999999996,-30387.87,-13301.369999999999,-4067.055
-10976.445,-11717.414999999999,-22624.965,-6575.804999999999,504.71999999999997,-30321.765,-13257.539999999999,-4026.555
-10964.699999999999,-11707.695,-22623.12,-6560.91,537.12,-30273.344999999998,-13165.289999999999,-3996.4049999999997
-10999.529999999999,-11744.055,-22653.315,-6594.84,495.27,-30304.305,-13265.82,-4046.58
-11059.785,-11799.81,-22720.59,-6676.065,411.255,-30377.565,-13342.455,-4099.95
-11052.99,-11789.055,-22710.329999999998,-6672.285,409.22999999999996,-30367.305,-13293.494999999999,-4086.45
-11050.47,-11785.994999999999,-22705.965,-6664.365,406.08,-30375.495,-13235.31,-4087.89
-11026.619999999999,-11758.455,-22679.504999999997,-6640.695,427.59,-30380.085,-13258.215,-4078.125
-11035.755,-11755.35,-22671.045,-6630.12,445.455,-30378.87,-13364.279999999999,-4115.474999999999
-11076.93,-11804.58,-22716.719999999998,-6667.065,431.865,-30359.024999999998,-13345.38,-4139.19
-11030.895,-11771.64,-22687.605,-6648.165,460.305,-30298.905,-13258.035,-4064.265
-10955.295,-11686.949999999999,-22614.795,-6574.905,514.665,-30270.69,-13232.25,-4008.105
-10993.994999999999,-11725.695,-22664.969999999998,-6625.755,457.695,-30334.14,-13241.654999999999,-4041.72
-11047.859999999999,-11789.189999999999,-22717.89,-6668.054999999999,426.195,-30362.085,-13289.039999999999,-4083.39
-11051.685,-11791.89,-22697.145,-6653.745,454.635,-30300.12,-13279.814999999999,-4086.225
-11024.505,-11763.225,-22671.629999999997,-6613.514999999999,494.055,-30283.829999999998,-13259.654999999999,-4069.17
-11009.07,-11750.58,-22665.87,-6595.875,501.79499999999996,-30302.055,-13245.795,-4055.94
-11038.545,-11788.38,-22712.94,-6653.79,463.68,-30340.71,-13261.455,-4068.99
-11050.154999999999,-11803.455,-22760.46,-6661.9349999999995,446.76,-30346.965,-13251.779999999999,-4070.79
-11027.654999999999,-11770.515,-22728.78,-6618.78,470.655,-30324.239999999998,-13251.869999999999,-4068.99
-11035.529999999999,-11776.005,-22691.114999999998,-6637.634999999999,462.87,-30342.555,-13274.64,-4078.395
-11032.154999999999,-11768.13,-22661.73,-6645.6449999999995,452.655,-30344.355,-13278.105,-4079.205
-11047.455,-11797.605,-22697.91,-6646.455,422.23499999999996,-30360.105,-13269.195,-4087.845
-11046.914999999999,-11804.625,-22700.835,-6633.675,439.515,-30391.739999999998,-13281.705,-4086.855
-11033.324999999999,-11770.965,-22682.7,-6648.525,438.65999999999997,-30402.09,-13293.314999999999,-4079.16
-11034.404999999999,-11770.199999999999,-22700.879999999997,-6657.705,414.135,-30386.745,-13290.029999999999,-4080.825
-11044.529999999999,-11785.14,-22724.82,-6658.0199999999995,445.05,-30309.57,-13240.98,-4086.765
-11057.175,-11783.295,-22681.934999999998,-6627.33,450.81,-30317.129999999997,-13210.785,-4096.889999999999
-11048.175,-11767.949999999999,-22660.605,-6609.915,455.98499999999996,-30323.655,-13225.005,-4092.345
-11015.279999999999,-11741.805,-22649.895,-6604.469999999999,471.78,-30327.885,-13318.605,-4078.935
-11013.525,-11744.82,-22658.309999999998,-6632.009999999999,456.65999999999997,-30360.6,-13376.07,-4090.095
-11008.755,-11740.005,-22650.254999999997,-6616.44,452.96999999999997,-30394.079999999998,-13363.92,-4074.165
-11008.439999999999,-11758.185,-22677.93,-6628.679999999999,435.465,-30385.395,-13250.07,-4040.055
-11019.555,-11768.49,-22689.945,-6631.335,440.82,-30315.465,-13224.779999999999,-4053.33
-11036.385,-11767.994999999999,-22684.23,-6632.19,447.885,-30345.975,-13283.234999999999,-4079.3849999999998
-11051.73,-11779.335,-22687.469999999998,-6635.7,455.085,-30347.864999999998,-13282.785,-4089.825
-11052.765,-11780.64,-22689.809999999998,-6640.965,446.4,-30352.41,-13264.019999999999,-4091.49
-11029.14,-11760.705,-22672.125,-6627.0599999999995,454.005,-30362.579999999998,-13313.115,-4075.9649999999997
-11012.22,-11742.885,-22652.504999999997,-6604.0199999999995,480.24,-30348.809999999998,-13351.59,-4082.355
-11017.574999999999,-11743.515,-22655.969999999998,-6608.34,475.335,-30352.14,-13315.275,-4085.325
-11032.83,-11761.064999999999,-22663.17,-6611.94,482.445,-30294.855,-13317.164999999999,-4094.865
-10999.529999999999,-11734.83,-22634.64,-6578.28,516.42,-30235.454999999998,-13282.425,-4067.955
-10964.564999999999,-11690.685,-22598.46,-6544.17,539.37,-30258.899999999998,-13216.32,-4032.18
-11022.164999999999,-11770.74,-22689.719999999998,-6636.825,456.57,-30336.614999999998,-13179.465,-4049.19
-11092.68,-11845.484999999999,-22771.575,-6724.215,372.28499999999997,-30407.895,-13279.23,-4099.995
-11048.355,-11789.234999999999,-22709.61,-6671.61,410.895,-30377.34,-13233.105,-4066.1549999999997
-10968.57,-11701.395,-22621.68,-6577.5599999999995,487.08,-30351.329999999998,-13235.67,-4020.8849999999998
-10963.71,-11693.07,-22599.36,-6554.565,514.845,-30321.629999999997,-13240.35,-4031.91
-11021.805,-11765.744999999999,-22676.355,-6625.665,452.43,-30351.465,-13254.795,-4076.595
-11073.375,-11807.145,-22724.504999999997,-6676.29,414.85499999999996,-30374.864999999998,-13260.869999999999,-4104.495
-11031.3,-11753.505,-22663.53,-6609.014999999999,498.69,-30299.175,-13239.945,-4069.395
-11047.814999999999,-11784.24,-22709.07,-6648.75,457.56,-30321.809999999998,-13262.984999999999,-4085.145
-11048.13,-11803.095,-22736.969999999998,-6674.04,429.21,-30335.715,-13283.414999999999,-4071.42
-11057.31,-11805.48,-22729.004999999997,-6674.804999999999,404.865,-30396.51,-13279.725,-4079.79
-11043.0,-11774.52,-22675.725,-6644.655,415.16999999999996,-30403.89,-13266.0,-4084.92
-11026.215,-11753.189999999999,-22660.965,-6630.795,446.625,-30358.17,-13288.23,-4085.055
-11019.33,-11754.63,-22669.065,-6631.425,468.135,-30336.48,-13301.144999999999,-4073.31
-11022.615,-11758.095,-22670.37,-6644.5199999999995,461.78999999999996,-30324.735,-13332.6,-4072.815
-11036.97,-11777.085,-22686.03,-6664.275,450.71999999999997,-30301.829999999998,-13303.664999999999,-4081.995
-11040.795,-11788.965,-22708.62,-6687.315,412.78499999999997,-30334.32,-13298.355,-4083.5699999999997
-11040.57,-11784.33,-22702.725,-6656.49,439.10999999999996,-30336.614999999998,-13273.289999999999,-4074.5249999999996
-10999.305,-11738.52,-22645.079999999998,-6563.384999999999,536.4,-30290.715,-13240.439999999999,-4038.93
-11009.34,-11755.395,-22662.18,-6592.139999999999,510.525,-30303.495,-13244.984999999999,-4049.055
-11045.97,-11795.22,-22723.02,-6654.24,447.705,-30349.44,-13259.744999999999,-4076.5049999999997
-11030.85,-11776.814999999999,-22712.94,-6657.66,438.03,-30353.805,-13294.26,-4077.3599999999997
-11031.48,-11785.59,-22696.02,-6667.29,433.62,-30356.504999999997,-13298.939999999999,-4080.42
-11049.21,-11799.765,-22712.219999999998,-6668.235,441.315,-30368.07,-13333.859999999999,-4090.0049999999997
-11030.355,-11763.045,-22687.605,-6632.415,475.56,-30340.62,-13312.439999999999,-4069.89
-11030.445,-11778.119999999999,-22698.0,-6660.2699999999995,449.775,-30326.399999999998,-13237.064999999999,-4063.8599999999997
-11040.84,-11786.039999999999,-22707.0,-6643.575,441.71999999999997,-30339.719999999998,-13246.605,-4078.395
-11039.039999999999,-11775.42,-22706.46,-6621.12,459.945,-30353.579999999998,-13298.58,-4084.56
-11024.145,-11754.72,-22661.504999999997,-6616.665,455.625,-30373.155,-13298.984999999999,-4071.015
-11024.865,-11755.305,-22650.975,-6628.679999999999,420.34499999999997,-30395.565,-13266.585,-4069.89
-11032.47,-11771.01,-22684.635,-6642.719999999999,425.60999999999996,-30356.73,-13252.365,-4072.14
-11031.21,-11773.529999999999,-22692.42,-6631.38,478.935,-30291.795,-13256.324999999999,-4065.345
-11031.75,-11773.35,-22680.09,-6610.995,492.705,-30305.745,-13295.609999999999,-4077.9449999999997
-11025.404999999999,-11769.119999999999,-22653.405,-6592.815,505.03499999999997,-30309.074999999997,-13327.425,-4086.315
-11012.49,-11733.029999999999,-22625.46,-6582.33,503.64,-30317.805,-13337.865,-4086.495
-11009.789999999999,-11708.055,-22611.015,-6572.429999999999,503.505,-30311.19,-13291.83,-4096.3949999999995
-11047.814999999999,-11759.939999999999,-22665.059999999998,-6623.82,463.85999999999996,-30310.515,-13232.385,-4123.98
-11061.63,-11793.015,-22697.64,-6655.815,425.60999999999996,-30361.454999999998,-13235.265,-4099.095
-11001.645,-11748.96,-22663.575,-6618.554999999999,456.885,-30392.73,-13271.22,-4022.1
-11023.425,-11774.789999999999,-22691.07,-6643.125,430.56,-30415.23,-13293.314999999999,-4052.745
-11077.244999999999,-11847.914999999999,-22754.34,-6699.24,408.555,-30329.28,-13243.769999999999,-4086.1349999999998
-11017.439999999999,-11782.845,-22706.55,-6649.92,455.49,-30312.495,-13283.595,-4043.8799999999997
-10994.939999999999,-11737.17,-22680.495,-6619.679999999999,475.42499999999995,-30321.945,-13247.144999999999,-4035.825
-11001.285,-11735.73,-22673.204999999998,-6618.6449999999995,471.10499999999996,-30329.774999999998,-13249.305,-4048.065
-11037.555,-11779.02,-22697.774999999998,-6654.78,437.84999999999997,-30350.969999999998,-13293.449999999999,-4077.225
-11062.215,-11794.904999999999,-22696.515,-6662.25,421.60499999999996,-30362.445,-13300.064999999999,-4099.7699999999995
-11030.67,-11761.02,-22662.54,-6615.54,452.43,-30342.42,-13250.789999999999,-4075.1549999999997
-11032.695,-11771.279999999999,-22667.805,-6614.639999999999,460.08,-30332.295,-13259.789999999999,-4058.5049999999997
-11048.805,-11787.885,-22688.37,-6629.219999999999,463.455,-30336.885,-13304.25,-4080.7349999999997
-11038.904999999999,-11780.505,-22689.989999999998,-6649.11,415.03499999999997,-30392.37,-13303.035,-4074.165
-11027.16,-11766.869999999999,-22683.239999999998,-6659.505,377.055,-30470.805,-13331.25,-4071.33
-11039.085,-11782.35,-22701.465,-6670.44,374.94,-30496.949999999997,-13353.615,-4087.7549999999997
-11058.66,-11794.41,-22712.355,-6662.565,421.425,-30416.129999999997,-13309.47,-4101.795
-11037.33,-11771.82,-22688.504999999997,-6639.929999999999,436.68,-30401.82,-13286.475,-4085.64
-10986.21,-11720.43,-22631.67,-6588.179999999999,501.93,-30273.48,-13218.164999999999,-4030.3799999999997
-10984.635,-11717.324999999999,-22627.17,-6581.384999999999,513.0,-30212.82,-13195.71,-4023.4049999999997
-11026.71,-11767.05,-22681.53,-6626.969999999999,479.205,-30280.815,-13252.68,-4064.085
-11027.654999999999,-11757.689999999999,-22671.045,-6620.49,492.16499999999996,-30287.925,-13277.564999999999,-4075.605
-10998.539999999999,-11721.779999999999,-22626.405,-6574.5,526.635,-30270.6,-13276.71,-4061.79
-11059.515,-11798.64,-22693.23,-6634.665,462.825,-30335.039999999997,-13363.695,-4120.74
-11075.13,-11825.955,-22728.69,-6666.3,428.445,-30367.395,-13367.564999999999,-4136.04
-11058.705,-11799.225,-22732.785,-6680.5199999999995,422.90999999999997,-30365.324999999997,-13323.06,-4099.23
-11041.56,-11788.875,-22737.329999999998,-6683.985,426.87,-30360.42,-13274.144999999999,-4066.92
-11053.17,-11790.81,-22716.45,-6667.245,438.255,-30343.004999999997,-13239.855,-4085.64
-11034.045,-11773.664999999999,-22685.579999999998,-6632.594999999999,474.705,-30288.914999999997,-13189.05,-4062.285
-11010.285,-11754.945,-22667.399999999998,-6612.165,476.72999999999996,-30305.52,-13228.425,-4039.875
-11013.705,-11761.244999999999,-22668.39,-6642.764999999999,453.41999999999996,-30340.079999999998,-13315.68,-4051.575
-11017.439999999999,-11764.395,-22687.695,-6687.99,426.59999999999997,-30343.094999999998,-13312.845,-4064.49
-11027.43,-11771.73,-22704.48,-6688.53,415.84499999999997,-30341.07,-13280.76,-4064.49
-11034.225,-11782.89,-22712.219999999998,-6662.429999999999,437.21999999999997,-30337.605,-13253.039999999999,-4056.2549999999997
-11032.605,-11779.154999999999,-22707.315,-6619.455,477.63,-30333.105,-13253.265,-4055.49
-11034.449999999999,-11785.904999999999,-22724.37,-6646.679999999999,465.79499999999996,-30339.225,-13278.734999999999,-4070.6549999999997
-11007.18,-11746.215,-22642.245,-6604.469999999999,490.77,-30329.414999999997,-13273.064999999999,-4054.725
-10994.265,-11726.279999999999,-22624.02,-6587.054999999999,495.18,-30332.879999999997,-13264.289999999999,-4039.02
-10998.63,-11742.164999999999,-22670.415,-6594.3,502.56,-30323.745,-13263.93,-4037.355
-10978.154999999999,-11716.56,-22658.445,-6576.57,502.56,-30310.875,-13257.18,-4031.37
-10993.635,-11717.01,-22633.92,-6554.969999999999,499.85999999999996,-30319.875,-13253.13,-4048.74
-11055.15,-11787.48,-22667.67,-6617.115,460.395,-30345.57,-13279.814999999999,-4086.585
-11107.755,-11848.904999999999,-22736.61,-6702.795,401.84999999999997,-30373.11,-13293.09,-4122.405
-11072.43,-11810.43,-22711.995,-6660.179999999999,414.63,-30370.32,-13286.925,-4095.855
-11061.135,-11801.52,-22706.28,-6642.63,421.60499999999996,-30383.235,-13305.195,-4091.355
-11054.34,-11797.695,-22697.145,-6632.009999999999,451.935,-30379.41,-13319.189999999999,-4089.7349999999997
-11024.955,-11776.05,-22682.07,-6652.8,452.60999999999996,-30398.94,-13349.34,-4073.67
-11011.635,-11754.314999999999,-22670.64,-6644.115,449.90999999999997,-30368.204999999998,-13330.08,-4065.5249999999996
-11021.715,-11761.02,-22677.344999999998,-6648.705,457.695,-30297.015,-13254.66,-4060.395
-11041.92,-11777.175,-22687.965,-6649.065,459.135,-30305.879999999997,-13250.205,-4076.46
-11053.8,-11790.765,-22699.215,-6642.405,450.71999999999997,-30326.895,-13259.34,-4082.625
-11044.395,-11791.845,-22703.445,-6652.08,433.16999999999996,-30355.155,-13265.64,-4071.33
-11043.0,-11810.16,-22719.195,-6684.255,379.26,-30424.41,-13275.045,-4065.8849999999998
-11042.189999999999,-11798.369999999999,-22717.754999999997,-6699.69,361.08,-30474.225,-13336.019999999999,-4081.9049999999997
-11048.58,-11777.039999999999,-22698.315,-6662.88,398.43,-30404.52,-13272.435,-4094.865
-11026.755,-11755.529999999999,-22660.695,-6608.115,463.59,-30341.52,-13261.769999999999,-4079.0249999999996
-10998.99,-11735.01,-22642.559999999998,-6600.69,461.60999999999996,-30375.0,-13333.635,-4052.205
-11004.885,-11726.369999999999,-22637.07,-6598.575,475.02,-30346.469999999998,-13320.314999999999,-4053.645
-11001.734999999999,-11729.34,-22632.66,-6575.175,530.1,-30258.765,-13225.994999999999,-4037.85
-11013.975,-11748.195,-22643.235,-6590.474999999999,508.09499999999997,-30280.995,-13259.789999999999,-4051.2149999999997
-11009.97,-11760.029999999999,-22670.82,-6617.7,481.365,-30279.149999999998,-13221.63,-4033.17
-11025.855,-11772.585,-22682.7,-6631.425,462.73499999999996,-30294.315,-13223.205,-4057.6949999999997
-11037.645,-11778.615,-22688.28,-6641.505,442.16999999999996,-30340.844999999998,-13302.404999999999,-4082.22
-11041.515,-11767.365,-22667.309999999998,-6634.44,431.72999999999996,-30367.305,-13331.88,-4105.98
-11029.59,-11742.885,-22633.739999999998,-6620.355,436.995,-30355.875,-13303.484999999999,-4109.67
-10995.615,-11720.654999999999,-22620.42,-6601.365,468.585,-30326.67,-13315.23,-4065.48
-10986.119999999999,-11727.18,-22632.93,-6588.945,501.34499999999997,-30278.699999999997,-13240.125,-4028.22
-11005.38,-11741.535,-22659.57,-6612.3,490.85999999999996,-30276.495,-13208.039999999999,-4014.99
-11042.279999999999,-11780.189999999999,-22685.805,-6625.53,480.555,-30298.545,-13246.965,-4053.24
-11075.175,-11822.895,-22726.53,-6662.88,442.16999999999996,-30338.324999999997,-13301.505,-4097.295
-11087.865,-11834.955,-22751.325,-6690.465,412.02,-30356.82,-13261.005,-4098.0599999999995
-11073.24,-11815.74,-22739.805,-6677.235,422.72999999999996,-30353.985,-13275.494999999999,-4088.0249999999996
-11051.369999999999,-11799.675,-22729.5,-6670.44,424.97999999999996,-30362.715,-13297.05,-4077.225
-11052.09,-11798.955,-22711.23,-6669.99,416.835,-30356.055,-13242.42,-4077.99
-11027.34,-11759.085,-22675.23,-6629.849999999999,451.66499999999996,-30346.785,-13234.005,-4062.24
-11036.34,-11778.21,-22717.44,-6645.0599999999995,451.395,-30361.23,-13295.115,-4075.29
-11056.185,-11818.08,-22744.754999999997,-6677.91,423.27,-30381.03,-13334.49,-4095.0899999999997
-11036.88,-11792.699999999999,-22706.73,-6675.344999999999,413.775,-30376.53,-13331.789999999999,-4075.245
-11037.33,-11781.359999999999,-22694.489999999998,-6672.105,410.66999999999996,-30365.01,-13312.035,-4076.595
-11033.82,-11757.33,-22659.434999999998,-6631.875,454.905,-30349.89,-13315.725,-4078.7549999999997
-11019.914999999999,-11737.664999999999,-22629.285,-6574.679999999999,514.395,-30323.52,-13299.615,-4062.87
-11027.385,-11757.689999999999,-22660.02,-6613.469999999999,492.29999999999995,-30299.985,-13275.539999999999,-4068.45
-11027.34,-11770.965,-22685.399999999998,-6667.83,447.255,-30329.91,-13280.22,-4062.7799999999997
-11032.605,-11779.38,-22704.344999999998,-6684.255,422.055,-30356.28,-13269.06,-4061.7
-11040.255,-11782.619999999999,-22704.975,-6661.755,426.69,-30354.39,-13282.199999999999,-4074.795
-11040.074999999999,-11775.914999999999,-22682.114999999998,-6614.865,468.81,-30341.565,-13300.515,-4080.015
-11040.029999999999,-11773.035,-22666.77,-6604.785,474.75,-30346.335,-13293.72,-4077.8999999999996
-11047.455,-11791.035,-22692.195,-6636.014999999999,441.63,-30347.055,-13260.24,-4070.0699999999997
-11051.64,-11787.119999999999,-22689.18,-6640.5599999999995,465.705,-30314.385,-13268.925,-4085.8199999999997
-11055.465,-11784.869999999999,-22687.829999999998,-6647.94,464.805,-30317.94,-13278.465,-4090.77
-11040.48,-11784.555,-22695.3,-6659.594999999999,441.585,-30364.515,-13286.16,-4068.6299999999997
-11039.355,-11795.535,-22710.69,-6644.565,452.835,-30383.864999999998,-13292.234999999999,-4064.895
-11027.88,-11779.605,-22689.225,-6613.29,454.14,-30393.315,-13300.019999999999,-4066.9649999999997
-11026.529999999999,-11764.215,-22678.02,-6634.889999999999,417.28499999999997,-30424.364999999998,-13309.875,-4072.3199999999997
-11027.205,-11766.195,-22689.315,-6654.554999999999,411.34499999999997,-30381.704999999998,-13296.285,-4069.44
-11010.24,-11748.285,-22664.7,-6635.745,453.91499999999996,-30326.129999999997,-13270.32,-4054.41
-10993.455,-11722.365,-22634.64,-6608.115,496.48499999999996,-30250.71,-13244.13,-4056.21
-11019.645,-11752.65,-22677.165,-6646.724999999999,456.615,-30299.175,-13238.955,-4081.2749999999996
-11046.689999999999,-11796.615,-22721.94,-6664.545,414.63,-30397.094999999998,-13275.404999999999,-4071.015
-11032.02,-11779.515,-22681.71,-6653.295,405.04499999999996,-30442.004999999997,-13296.689999999999,-4055.58
-11020.5,-11756.88,-22653.09,-6622.065,441.0,-30391.695,-13339.8,-4064.3999999999996
-11066.67,-11817.0,-22720.815,-6679.304999999999,418.635,-30381.885,-13367.16,-4109.264999999999
-11057.13,-11808.675,-22746.329999999998,-6666.03,408.555,-30421.305,-13367.115,-4104.405
-11042.505,-11789.595,-22727.655,-6634.035,438.12,-30354.434999999998,-13304.789999999999,-4084.875
-11023.02,-11766.015,-22679.19,-6613.92,463.365,-30318.614999999998,-13306.904999999999,-4069.665
-11032.47,-11767.14,-22669.335,-6624.045,462.24,-30313.71,-13279.994999999999,-4064.355
-11049.84,-11808.494999999999,-22704.84,-6663.24,417.51,-30365.01,-13219.38,-4051.62
-11029.365,-11784.105,-22686.165,-6649.469999999999,418.635,-30390.21,-13246.83,-4051.665
-11031.029999999999,-11773.619999999999,-22678.875,-6631.74,459.81,-30329.82,-13288.949999999999,-4059.765
-11045.025,-11788.244999999999,-22696.739999999998,-6645.465,465.93,-30272.85,-13245.255,-4080.69
-11051.279999999999,-11779.875,-22683.059999999998,-6636.15,462.555,-30291.57,-13215.105,-4093.83
-11038.77,-11793.375,-22673.969999999998,-6621.929999999999,473.76,-30301.065,-13221.494999999999,-4066.1099999999997
-10994.715,-11735.955,-22634.325,-6578.955,517.9499999999999,-30286.125,-13289.22,-4034.295
-11027.16,-11752.56,-22657.454999999998,-6616.035,462.28499999999997,-30360.645,-13363.38,-4080.87
-11020.949999999999,-11755.215,-22646.835,-6602.13,480.41999999999996,-30310.695,-13293.404999999999,-4071.645
-11011.68,-11741.85,-22641.48,-6597.45,495.22499999999997,-30274.379999999997,-13224.869999999999,-4051.7999999999997
-11023.92,-11764.98,-22663.125,-6614.1449999999995,481.995,-30304.215,-13238.82,-4047.795
-11016.765,-11765.925,-22677.12,-6621.705,470.655,-30348.765,-13264.289999999999,-4032.4049999999997
-11030.67,-11759.895,-22673.655,-6632.505,456.75,-30358.035,-13253.265,-4059.495
-11052.539999999999,-11798.414999999999,-22712.489999999998,-6668.639999999999,409.77,-30389.579999999998,-13285.845,-4095.81
-11082.51,-11827.26,-22735.575,-6686.6849999999995,390.78,-30411.18,-13335.705,-4122.045
-11048.13,-11766.195,-22669.829999999998,-6624.405,458.955,-30388.364999999998,-13315.635,-4084.515
-11043.449999999999,-11766.465,-22672.125,-6620.085,480.41999999999996,-30357.989999999998,-13345.92,-4083.345
-11034.63,-11767.14,-22677.57,-6627.285,473.03999999999996,-30344.535,-13324.725,-4076.055
-11054.699999999999,-11801.744999999999,-22719.69,-6671.655,431.37,-30323.25,-13278.42,-4080.105
-11059.109999999999,-11796.57,-22708.395,-6655.995,441.27,-30318.074999999997,-13239.9,-4091.31
-11053.035,-11782.619999999999,-22686.48,-6635.07,457.245,-30323.295,-13227.029999999999,-4084.74
-11028.555,-11767.814999999999,-22676.175,-6631.0199999999995,468.135,-30333.285,-13300.064999999999,-4056.21
-11039.445,-11782.755,-22689.045,-6647.804999999999,446.03999999999996,-30360.465,-13325.039999999999,-4065.5249999999996
-11008.98,-11751.39,-22660.739999999998,-6623.73,460.48499999999996,-30352.68,-13295.744999999999,-4040.46
-11016.72,-11765.07,-22665.329999999998,-6619.05,473.53499999999997,-30334.32,-13278.914999999999,-4049.2349999999997
-11052.135,-11809.89,-22713.344999999998,-6646.86,457.83,-30326.175,-13286.34,-4082.3999999999996
-11054.789999999999,-11806.244999999999,-22721.219999999998,-6671.5199999999995,429.12,-30338.82,-13262.49,-4077.1349999999998
-11034.855,-11786.49,-22714.559999999998,-6677.73,412.425,-30366.629999999997,-13276.89,-4059.585
-11030.49,-11772.63,-22707.405,-6670.62,428.31,-30366.18,-13304.25,-4063.545
-11024.82,-11762.055,-22683.825,-6649.92,443.34,-30370.05,-13317.119999999999,-4062.915
-11018.564999999999,-11760.029999999999,-22676.895,-6625.215,446.805,-30367.26,-13270.365,-4047.48
-11016.225,-11758.545,-22665.96,-6626.429999999999,443.565,-30368.024999999998,-13259.654999999999,-4043.25
-11031.029999999999,-11777.265,-22688.37,-6649.425,429.435,-30361.454999999998,-13275.585,-4059.225
-11036.789999999999,-11783.07,-22694.895,-6647.175,440.505,-30344.489999999998,-13281.975,-4066.6949999999997
-11041.92,-11785.949999999999,-22726.035,-6666.344999999999,426.555,-30392.19,-13308.255,-4077.855
-11045.43,-11788.199999999999,-22740.84,-6669.045,436.455,-30380.219999999998,-13297.769999999999,-4085.19
-11049.21,-11799.539999999999,-22733.594999999998,-6644.925,470.34,-30335.85,-13274.369999999999,-4077.0899999999997
-11028.105,-11782.439999999999,-22703.715,-6639.57,460.53,-30335.445,-13286.519999999999,-4051.44
-11024.279999999999,-11773.89,-22705.649999999998,-6673.094999999999,411.65999999999997,-30359.295,-13289.039999999999,-4053.915
-11025.18,-11755.664999999999,-22636.754999999997,-6644.205,416.745,-30360.6,-13302.9,-4065.2999999999997
-11029.365,-11757.779999999999,-22641.614999999998,-6642.855,418.05,-30371.715,-13340.97,-4083.165
-11029.77,-11770.92,-22677.12,-6642.855,449.82,-30360.059999999998,-13333.005,-4080.33
-11033.414999999999,-11777.715,-22683.239999999998,-6634.98,484.245,-30371.129999999997,-13257.359999999999,-4056.795
-11035.215,-11787.345,-22705.605,-6643.08,439.695,-30419.864999999998,-13258.394999999999,-4054.14
-11016.855,-11761.92,-22702.05,-6608.429999999999,451.03499999999997,-30362.94,-13300.244999999999,-4055.22
-11007.0,-11733.57,-22649.175,-6558.84,497.655,-30270.645,-13278.869999999999,-4059.72
-11010.33,-11742.75,-22630.004999999997,-6605.955,486.09,-30286.395,-13235.67,-4054.77
-10964.025,-11705.939999999999,-22597.829999999998,-6612.929999999999,494.09999999999997,-30330.989999999998,-13263.795,-4015.935
-10988.64,-11722.77,-22620.555,-6586.605,462.96,-30346.289999999997,-13285.484999999999,-4043.835
-11051.46,-11780.82,-22679.37,-6622.0199999999995,449.325,-30318.254999999997,-13254.48,-4080.1949999999997
-11084.895,-11838.914999999999,-22743.675,-6689.34,405.85499999999996,-30384.135,-13276.305,-4082.1749999999997
-11085.93,-11829.465,-22727.925,-6680.88,414.04499999999996,-30378.6,-13298.805,-4094.865
-11073.195,-11817.72,-22717.89,-6671.295,420.47999999999996,-30357.225,-13283.055,-4088.115
-11061.63,-11799.99,-22706.684999999998,-6660.179999999999,429.93,-30359.655,-13323.42,-4094.5499999999997
-11051.955,-11790.99,-22696.2,-6650.37,438.525,-30368.295,-13335.48,-4086.0
-11011.365,-11755.664999999999,-22665.645,-6620.67,452.385,-30394.215,-13328.955,-4049.5049999999997
-10971.404999999999,-11706.39,-22614.12,-6576.66,472.635,-30396.87,-13330.08,-4025.43
-11007.9,-11744.414999999999,-22645.934999999998,-6608.295,447.255,-30379.545,-13336.244999999999,-4059.765
-11055.015,-11796.119999999999,-22700.43,-6648.344999999999,450.81,-30308.76,-13255.83,-4090.77
-11096.82,-11829.869999999999,-22713.84,-6657.255,455.58,-30303.045,-13276.664999999999,-4143.555
-11086.695,-11817.27,-22707.719999999998,-6668.009999999999,417.78,-30358.664999999997,-13265.73,-4122.764999999999
-11067.93,-11809.08,-22708.215,-6677.55,385.11,-30438.045,-13321.8,-4086.18
-11034.0,-11782.395,-22687.29,-6633.9,463.455,-30336.164999999997,-13315.005,-4045.68
-11021.76,-11772.539999999999,-22667.805,-6601.005,525.015,-30271.32,-13309.65,-4041.0899999999997
-11044.035,-11807.73,-22714.29,-6649.11,463.95,-30307.68,-13245.795,-4057.2
-11032.154999999999,-11780.055,-22700.295,-6653.79,442.215,-30321.855,-13222.619999999999,-4041.6299999999997
-11024.1,-11762.955,-22682.745,-6644.7,442.53,-30333.6,-13248.359999999999,-4042.665
-11026.529999999999,-11766.105,-22679.37,-6638.94,446.53499999999997,-30345.48,-13278.33,-4051.845
-11034.63,-11779.47,-22692.465,-6651.63,435.41999999999996,-30364.469999999998,-13303.484999999999,-4062.33
-11034.945,-11779.38,-22688.864999999998,-6641.415,450.35999999999996,-30348.09,-13290.975,-4059.54
-11039.49,-11777.67,-22686.21,-6637.905,454.54499999999996,-30344.355,-13274.055,-4062.96
-11040.39,-11778.615,-22686.48,-6638.67,452.025,-30349.079999999998,-13280.31,-4065.48
-11032.74,-11777.805,-22687.875,-6640.695,449.955,-30347.954999999998,-13292.144999999999,-4060.665
-11007.225,-11746.035,-22659.434999999998,-6610.005,476.72999999999996,-30334.86,-13301.73,-4045.455
-10991.789999999999,-11732.175,-22644.54,-6592.59,485.28,-30334.635,-13289.625,-4031.685
-11018.835,-11773.484999999999,-22701.059999999998,-6630.929999999999,464.66999999999996,-30333.465,-13271.85,-4052.8799999999997
-11060.46,-11806.605,-22740.434999999998,-6674.13,422.19,-30365.504999999997,-13287.555,-4081.6349999999998
-11045.07,-11787.84,-22695.975,-6652.125,433.89,-30345.254999999997,-13285.755,-4071.4649999999997
-11027.205,-11765.025,-22661.73,-6642.675,434.205,-30359.25,-13311.99,-4064.58
-11032.74,-11775.24,-22687.29,-6664.995,426.06,-30365.73,-13320.18,-4071.825
-11060.369999999999,-11806.74,-22723.29,-6689.745,410.76,-30359.655,-13282.965,-4092.075
-11056.41,-11799.945,-22716.945,-6683.13,425.52,-30352.725,-13280.13,-4086.8999999999996
-11039.355,-11782.574999999999,-22680.855,-6659.775,434.745,-30367.17,-13299.885,-4073.355
-11028.42,-11778.345,-22678.695,-6639.884999999999,448.515,-30366.629999999997,-13308.119999999999,-4049.055
-11019.51,-11761.83,-22693.725,-6649.155,445.995,-30360.914999999997,-13314.734999999999,-4050.99
-11032.064999999999,-11760.119999999999,-22689.0,-6614.82,461.745,-30365.37,-13364.91,-4082.22
-11043.585,-11774.115,-22681.215,-6606.315,475.2,-30341.879999999997,-13315.635,-4081.365
-11006.1,-11745.314999999999,-22647.015,-6605.415,496.16999999999996,-30280.004999999997,-13192.38,-4025.8799999999997
-11021.535,-11763.9,-22667.895,-6636.554999999999,466.335,-30318.795,-13248.09,-4053.96
-11074.365,-11809.574999999999,-22720.59,-6683.175,416.925,-30432.96,-13377.689999999999,-4131.8099999999995
-11049.615,-11787.57,-22686.614999999998,-6628.634999999999,465.39,-30417.434999999998,-13364.505,-4125.465
-11007.135,-11775.015,-22696.92,-6629.355,446.58,-30368.925,-13264.785,-4047.8849999999998
-11025.99,-11774.52,-22738.77,-6663.915,428.895,-30332.16,-13264.83,-4030.2
-11057.039999999999,-11793.285,-22722.84,-6657.344999999999,437.35499999999996,-30329.145,-13230.945,-4051.44
-11031.93,-11778.615,-22658.399999999998,-6623.73,453.195,-30339.405,-13257.585,-4038.8399999999997
-11001.24,-11746.26,-22639.545,-6609.33,436.455,-30400.605,-13308.435,-4038.93
-11041.335,-11780.55,-22695.48,-6668.19,360.495,-30500.64,-13338.045,-4081.23
-11048.58,-11785.77,-22701.87,-6685.065,348.705,-30494.745,-13356.675,-4071.7349999999997
-11032.47,-11776.725,-22687.875,-6668.594999999999,384.435,-30475.44,-13360.635,-4058.5499999999997
-11026.305,-11771.64,-22683.78,-6657.795,413.37,-30427.469999999998,-13334.984999999999,-4058.5049999999997
-11049.795,-11789.505,-22684.995,-6625.844999999999,517.905,-30206.879999999997,-13234.994999999999,-4075.83
-11045.925,-11793.645,-22698.09,-6624.855,509.17499999999995,-30218.805,-13215.96,-4070.6099999999997
-10992.96,-11732.58,-22628.835,-6563.79,545.535,-30227.399999999998,-13225.14,-4023.495
-10972.439999999999,-11705.895,-22614.39,-6562.98,536.535,-30252.914999999997,-13269.105,-4016.0699999999997
-11059.02,-11797.244999999999,-22711.905,-6662.88,436.68,-30342.645,-13291.83,-4078.17
-11098.439999999999,-11842.875,-22755.555,-6699.87,405.765,-30347.64,-13267.8,-4104.495
-11079.494999999999,-11819.654999999999,-22733.82,-6679.304999999999,423.35999999999996,-30332.969999999998,-13271.265,-4107.599999999999
-11058.39,-11793.015,-22705.829999999998,-6664.1849999999995,414.04499999999996,-30378.285,-13329.539999999999,-4100.445
-11034.765,-11773.439999999999,-22684.995,-6640.695,436.77,-30394.98,-13365.404999999999,-4076.19
-11049.21,-11797.56,-22704.03,-6654.87,436.995,-30355.425,-13300.92,-4068.585
-11056.095,-11813.58,-22724.774999999998,-6664.905,440.46,-30331.664999999997,-13245.39,-4064.85
-11028.24,-11771.64,-22687.695,-6639.615,456.12,-30336.75,-13266.945,-4043.8799999999997
-11016.314999999999,-11751.48,-22657.32,-6618.78,461.29499999999996,-30341.295,-13281.66,-4040.865
-11041.92,-11785.23,-22687.469999999998,-6637.23,449.64,-30352.949999999997,-13276.98,-4064.9849999999997
-11042.505,-11787.705,-22694.04,-6637.32,454.68,-30357.045,-13317.029999999999,-4071.375
-11030.715,-11767.59,-22684.32,-6630.4349999999995,465.435,-30328.559999999998,-13304.43,-4063.23
-11036.16,-11762.145,-22673.745,-6627.69,468.85499999999996,-30306.78,-13292.82,-4081.3199999999997
-11027.925,-11756.88,-22665.375,-6621.974999999999,462.96,-30339.495,-13301.955,-4071.1949999999997
-11034.09,-11771.279999999999,-22691.475,-6638.219999999999,441.27,-30395.34,-13308.435,-4067.64
-11097.27,-11850.029999999999,-22787.37,-6716.205,382.455,-30410.28,-13253.22,-4107.42
-11049.84,-11799.404999999999,-22737.149999999998,-6667.2,443.115,-30350.835,-13263.029999999999,-4064.22
-11006.279999999999,-11747.789999999999,-22645.89,-6600.78,493.46999999999997,-30334.815,-13315.095,-4028.355
-11007.135,-11753.369999999999,-22653.629999999997,-6612.929999999999,473.53499999999997,-30339.585,-13283.91,-4028.7149999999997
-11014.244999999999,-11767.725,-22691.07,-6626.745,453.87,-30345.84,-13286.835,-4042.2149999999997
-11016.81,-11769.615,-22697.774999999998,-6615.764999999999,463.14,-30349.305,-13308.84,-4053.825
-11030.895,-11783.295,-22686.03,-6626.969999999999,448.695,-30358.035,-13312.26,-4059.855
-11031.615,-11775.015,-22680.629999999997,-6667.245,439.10999999999996,-30344.895,-13271.445,-4046.7149999999997
-11022.84,-11772.72,-22707.315,-6725.79,425.60999999999996,-30343.454999999998,-13254.75,-4036.0049999999997
-11022.48,-11762.279999999999,-22708.575,-6691.815,431.685,-30340.26,-13270.365,-4050.81
-11003.13,-11738.34,-22657.004999999997,-6619.724999999999,478.71,-30323.295,-13276.89,-4039.3799999999997
-10991.295,-11720.925,-22608.945,-6558.525,530.865,-30308.355,-13256.55,-4030.515
-11039.31,-11772.72,-22665.825,-6601.094999999999,496.395,-30354.93,-13284.99,-4072.14
-11060.91,-11808.675,-22717.844999999998,-6648.165,439.155,-30399.975,-13339.035,-4090.68
-11029.14,-11777.265,-22687.02,-6640.83,420.3,-30378.465,-13332.105,-4061.205
-11017.08,-11758.275,-22671.27,-6625.844999999999,428.445,-30353.805,-13289.265,-4042.08
-11010.96,-11746.08,-22659.84,-6618.78,410.445,-30394.215,-13296.105,-4037.58
-11019.33,-11758.14,-22672.89,-6634.9349999999995,409.85999999999996,-30430.664999999997,-13335.21,-4059.6749999999997
-11021.805,-11760.795,-22681.395,-6674.3099999999995,427.32,-30412.395,-13326.75,-4071.1499999999996
-11006.595,-11733.3,-22645.8,-6591.915,504.71999999999997,-30308.535,-13263.255,-4065.93
-11018.52,-11744.775,-22655.25,-6591.554999999999,436.185,-30451.725,-13345.289999999999,-4074.8849999999998
-11043.99,-11797.695,-22715.415,-6678.2699999999995,352.08,-30541.23,-13407.93,-4064.94
-11067.975,-11818.035,-22733.864999999998,-6710.355,364.40999999999997,-30446.73,-13351.005,-4079.6099999999997
-11077.74,-11823.255,-22734.855,-6687.045,412.335,-30329.91,-13236.705,-4099.545
-11065.185,-11815.605,-22738.004999999997,-6680.07,411.16499999999996,-30363.57,-13263.75,-4088.475
-11029.949999999999,-11768.939999999999,-22680.719999999998,-6616.17,507.96,-30244.905,-13246.47,-4050.855
-11033.145,-11774.115,-22675.274999999998,-6617.429999999999,503.72999999999996,-30259.44,-13272.615,-4056.165
-11068.695,-11824.74,-22723.155,-6670.71,439.56,-30337.875,-13298.535,-4078.035
-11047.635,-11811.015,-22711.86,-6651.495,458.64,-30321.0,-13279.005,-4051.71
-11023.83,-11768.805,-22673.969999999998,-6617.925,486.0,-30303.27,-13275.09,-4042.2599999999998
-11030.039999999999,-11767.5,-22673.295,-6620.49,478.89,-30326.129999999997,-13298.67,-4063.815
-11055.914999999999,-11784.15,-22691.34,-6648.795,443.835,-30376.664999999997,-13325.355,-4088.0699999999997
-11059.92,-11812.095,-22716.495,-6666.795,432.63,-30374.28,-13344.885,-4084.515
-11042.055,-11789.46,-22697.19,-6643.125,457.74,-30340.125,-13330.529999999999,-4074.5249999999996
-11029.904999999999,-11764.439999999999,-22670.235,-6622.2,471.78,-30321.585,-13227.164999999999,-4045.095
-11037.24,-11784.779999999999,-22695.93,-6654.375,426.87,-30378.645,-13255.83,-4042.08
-11042.82,-11807.505,-22725.225,-6672.599999999999,409.815,-30410.28,-13328.82,-4056.2549999999997
-11019.465,-11754.99,-22677.39,-6613.245,478.44,-30342.375,-13313.925,-4066.605
-10992.779999999999,-11731.725,-22648.545,-6572.429999999999,534.87,-30276.539999999997,-13281.795,-4043.16
-11007.0,-11737.305,-22642.515,-6585.4349999999995,519.84,-30270.329999999998,-13235.445,-4035.645
-11051.145,-11778.885,-22677.12,-6642.09,443.07,-30352.995,-13254.975,-4056.975
-11073.779999999999,-11820.105,-22729.815,-6700.23,376.60499999999996,-30430.53,-13318.47,-4079.7
-11040.57,-11791.619999999999,-22707.495,-6675.705,407.205,-30398.805,-13333.904999999999,-4056.48
-11026.529999999999,-11776.455,-22696.829999999998,-6644.969999999999,454.59,-30334.05,-13271.625,-4040.865
-11024.73,-11768.13,-22674.015,-6626.205,462.33,-30330.27,-13282.289999999999,-4047.0299999999997
-11004.21,-11740.635,-22646.07,-6614.594999999999,462.28499999999997,-30345.84,-13306.23,-4036.3199999999997
-10983.555,-11716.515,-22622.265,-6582.24,501.16499999999996,-30322.35,-13302.99,-4021.6949999999997
-10992.465,-11728.89,-22636.53,-6600.465,485.28,-30324.42,-13261.635,-4026.825
-11026.529999999999,-11771.82,-22679.46,-6656.58,428.58,-30375.27,-13258.664999999999,-4045.815
-11044.664999999999,-11783.699999999999,-22700.79,-6672.735,423.405,-30404.43,-13303.215,-4069.62
-11078.01,-11826.675,-22771.71,-6711.255,399.24,-30451.545,-13345.92,-4090.95
-11064.914999999999,-11813.67,-22750.155,-6691.5,414.405,-30426.254999999997,-13319.955,-4083.93
-11062.755,-11828.744999999999,-22733.504999999997,-6687.764999999999,379.26,-30381.48,-13240.125,-4076.46
-11035.125,-11793.42,-22710.105,-6679.08,396.27,-30386.43,-13251.195,-4047.615
-11016.585,-11750.22,-22662.27,-6626.745,461.745,-30358.71,-13311.855,-4039.92
-11021.535,-11760.029999999999,-22651.065,-6596.73,477.67499999999995,-30336.975,-13298.039999999999,-4044.69
-11024.73,-11762.279999999999,-22666.454999999998,-6602.04,454.14,-30353.579999999998,-13313.34,-4056.2549999999997
-11031.57,-11770.695,-22691.969999999998,-6608.7,462.465,-30361.545,-13332.015,-4067.1
-11030.49,-11771.414999999999,-22698.315,-6678.764999999999,462.87,-30361.184999999998,-13308.255,-4059.72
-11041.695,-11786.4,-22703.76,-6677.82,459.0,-30378.015,-13299.48,-4062.69
-11066.58,-11813.445,-22728.69,-6649.38,465.525,-30375.855,-13292.73,-4088.3399999999997
-11051.865,-11784.105,-22684.905,-6625.215,476.46,-30368.565,-13296.015,-4080.96
-11032.92,-11768.625,-22674.42,-6628.139999999999,438.79499999999996,-30358.98,-13280.175,-4050.9449999999997
-11040.84,-11779.02,-22677.84,-6606.2699999999995,433.16999999999996,-30373.965,-13290.84,-4058.955
-11057.895,-11798.775,-22702.725,-6626.07,423.9,-30389.219999999998,-13302.72,-4079.43
-11041.289999999999,-11784.15,-22686.39,-6638.67,440.37,-30360.239999999998,-13309.92,-4072.815
-10989.539999999999,-11733.705,-22648.95,-6613.514999999999,471.15,-30362.445,-13356.63,-4037.9849999999997
-10996.83,-11721.42,-22655.835,-6637.815,465.885,-30401.954999999998,-13444.515,-4063.995
-11051.1,-11779.965,-22696.155,-6658.245,398.61,-30440.655,-13409.955,-4103.37
-11086.38,-11829.15,-22718.385,-6677.099999999999,338.31,-30475.485,-13326.164999999999,-4097.655
-11038.814999999999,-11796.615,-22704.12,-6638.804999999999,422.055,-30385.62,-13236.615,-4036.77
-10975.275,-11730.015,-22633.29,-6561.495,533.295,-30294.765,-13267.755,-3996.765
-10958.445,-11706.48,-22613.67,-6569.1449999999995,547.74,-30263.895,-13235.039999999999,-3986.415
-11041.425,-11790.81,-22703.445,-6663.014999999999,427.185,-30350.204999999998,-13171.32,-4043.6549999999997
-11104.154999999999,-11876.265,-22792.5,-6732.495,354.28499999999997,-30407.399999999998,-13191.435,-4087.665
-11053.574999999999,-11805.48,-22720.14,-6679.755,396.85499999999996,-30421.26,-13343.58,-4057.9649999999997
-11035.08,-11780.414999999999,-22691.745,-6647.67,437.085,-30375.09,-13367.205,-4059.9449999999997
-11026.08,-11753.369999999999,-22661.37,-6619.545,461.655,-30361.004999999997,-13357.89,-4072.545
-11036.744999999999,-11758.814999999999,-22666.004999999997,-6627.87,443.34,-30421.305,-13337.189999999999,-4079.0249999999996
-11049.795,-11794.635,-22708.17,-6669.719999999999,403.245,-30419.864999999998,-13280.355,-4056.345
-11028.96,-11783.654999999999,-22694.805,-6645.509999999999,432.85499999999996,-30355.245,-13305.33,-4044.69
-11024.46,-11777.039999999999,-22682.34,-6627.509999999999,460.44,-30319.605,-13282.47,-4054.545
-11041.064999999999,-11775.914999999999,-22700.07,-6647.8949999999995,446.21999999999997,-30346.245,-13270.14,-4058.64
-11031.164999999999,-11752.064999999999,-22678.739999999998,-6630.389999999999,458.72999999999996,-30353.265,-13301.055,-4062.87
-11046.465,-11781.314999999999,-22689.719999999998,-6650.505,429.435,-30375.27,-13294.71,-4068.8999999999996
-11072.025,-11813.445,-22710.239999999998,-6657.929999999999,451.84499999999997,-30296.07,-13229.189999999999,-4073.1749999999997
-11024.955,-11763.359999999999,-22667.04,-6607.71,501.435,-30284.324999999997,-13261.455,-4045.995
-11022.975,-11769.84,-22679.145,-6618.78,486.765,-30316.995,-13271.265,-4046.22
-11050.064999999999,-11799.765,-22711.635,-6658.65,440.775,-30366.989999999998,-13293.72,-4058.2349999999997
-11054.115,-11799.855,-22717.844999999998,-6670.575,415.71,-30400.92,-13311.765,-4062.105
-11032.605,-11774.97,-22682.204999999998,-6636.509999999999,439.83,-30395.204999999998,-13312.394999999999,-4057.74
-11029.5,-11773.215,-22679.46,-6631.695,447.21,-30391.515,-13335.39,-4056.5699999999997
-11043.09,-11786.67,-22694.355,-6642.2699999999995,445.365,-30370.364999999998,-13310.505,-4064.58
-11045.115,-11785.814999999999,-22695.03,-6651.585,429.34499999999997,-30388.68,-13301.505,-4067.64
-11035.35,-11779.244999999999,-22686.434999999998,-6658.83,423.35999999999996,-30380.175,-13288.814999999999,-4056.12
-11012.49,-11760.3,-22662.315,-6636.105,444.645,-30330.629999999997,-13266.99,-4028.265
-11025.18,-11770.515,-22703.579999999998,-6640.965,459.585,-30345.3,-13298.535,-4043.0249999999996
-11038.994999999999,-11782.17,-22701.329999999998,-6631.0199999999995,459.53999999999996,-30375.405,-13340.97,-4062.105
-11040.93,-11782.845,-22669.11,-6621.3,456.255,-30384.135,-13343.67,-4068.9449999999997
-11038.5,-11772.945,-22674.555,-6632.1449999999995,452.745,-30368.34,-13296.734999999999,-4069.2599999999998
-11044.395,-11786.76,-22716.719999999998,-6671.655,420.57,-30378.465,-13281.3,-4067.685
-11026.89,-11768.13,-22701.239999999998,-6669.63,429.34499999999997,-30390.21,-13304.025,-4053.42
-11030.445,-11779.02,-22687.965,-6646.815,433.97999999999996,-30390.48,-13299.615,-4046.7149999999997
-11041.289999999999,-11799.945,-22686.434999999998,-6605.28,472.365,-30350.16,-13282.019999999999,-4061.3399999999997
-11046.33,-11785.949999999999,-22687.649999999998,-6627.6449999999995,451.53,-30371.399999999998,-13348.755,-4090.455
-11019.06,-11748.869999999999,-22649.895,-6605.55,482.21999999999997,-30334.59,-13352.355,-4070.8799999999997
-11013.795,-11757.24,-22677.48,-6615.855,486.405,-30308.129999999997,-13269.465,-4043.0249999999996
-10993.68,-11720.699999999999,-22649.04,-6583.32,508.455,-30301.155,-13209.21,-4016.79
-10987.109999999999,-11718.18,-22627.305,-6571.844999999999,505.08,-30318.84,-13274.055,-4019.7149999999997
-10984.68,-11715.255,-22619.565,-6577.29,491.445,-30344.355,-13324.455,-4029.48
-11074.68,-11819.295,-22739.399999999998,-6675.615,394.245,-30425.085,-13298.939999999999,-4093.1099999999997
-11111.265,-11867.625,-22783.77,-6696.945,378.495,-30455.46,-13289.984999999999,-4107.69
-11068.425,-11816.64,-22712.219999999998,-6652.665,423.99,-30450.195,-13327.38,-4062.96
-11015.685,-11755.98,-22657.094999999998,-6642.2699999999995,454.85999999999996,-30391.155,-13329.494999999999,-4031.595
-11037.689999999999,-11789.64,-22710.329999999998,-6683.8949999999995,426.465,-30346.515,-13286.205,-4046.085
-11049.48,-11808.585,-22722.344999999998,-6654.599999999999,438.705,-30349.71,-13300.244999999999,-4049.8199999999997
-11031.164999999999,-11770.38,-22671.36,-6597.855,481.005,-30333.69,-13320.72,-4048.47
-11032.064999999999,-11780.369999999999,-22693.77,-6632.505,455.31,-30343.905,-13304.97,-4046.7599999999998
-11024.955,-11775.689999999999,-22691.204999999998,-6637.41,447.255,-30349.844999999998,-13264.92,-4032.72
-11021.445,-11770.515,-22673.52,-6620.445,461.92499999999995,-30361.004999999997,-13276.935,-4035.42
-11018.115,-11758.365,-22659.12,-6606.315,454.5,-30409.649999999998,-13297.859999999999,-4041.3599999999997
-11022.164999999999,-11743.785,-22655.114999999998,-6610.905,447.97499999999997,-30438.0,-13299.48,-4046.7149999999997
-11038.005,-11766.33,-22679.954999999998,-6640.2,423.495,-30417.614999999998,-13307.445,-4060.575
-11045.654999999999,-11786.805,-22700.969999999998,-6655.365,422.685,-30389.175,-13345.965,-4073.895
-11066.895,-11806.83,-22720.184999999998,-6665.94,432.71999999999997,-30340.934999999998,-13332.869999999999,-4098.51
-11066.4,-11807.955,-22711.004999999997,-6653.34,434.88,-30340.574999999997,-13273.605,-4094.8199999999997
-11001.51,-11751.39,-22657.905,-6612.12,453.87,-30345.254999999997,-13262.13,-4034.7
-11008.8,-11749.545,-22668.39,-6636.96,434.385,-30360.329999999998,-13322.385,-4029.165
-11055.195,-11812.365,-22734.315,-6696.134999999999,379.03499999999997,-30418.065,-13318.83,-4051.7549999999997
-11026.035,-11770.38,-22699.844999999998,-6664.23,406.62,-30398.129999999997,-13294.619999999999,-4037.94
-11032.515,-11777.039999999999,-22704.165,-6659.46,409.905,-30385.395,-13298.49,-4053.69
-11050.38,-11797.92,-22720.545,-6673.094999999999,401.58,-30416.895,-13310.01,-4080.42
-11055.24,-11786.49,-22694.445,-6649.5599999999995,442.97999999999996,-30360.285,-13273.244999999999,-4083.2549999999997
-11000.97,-11741.4,-22648.184999999998,-6590.745,522.72,-30249.629999999997,-13217.894999999999,-4019.58
-10990.664999999999,-11736.585,-22643.684999999998,-6581.88,519.615,-30290.579999999998,-13271.85,-4014.315
-11054.88,-11816.82,-22729.59,-6671.745,412.56,-30418.829999999998,-13330.35,-4060.17
-11049.57,-11801.789999999999,-22716.315,-6665.49,412.065,-30433.23,-13358.835,-4067.5049999999997
-11041.515,-11782.215,-22696.2,-6646.95,434.60999999999996,-30410.235,-13372.605,-4073.3999999999996
-11031.975,-11763.99,-22674.059999999998,-6620.535,468.35999999999996,-30359.879999999997,-13329.135,-4060.845
-11027.52,-11753.64,-22663.844999999998,-6614.73,480.78,-30322.035,-13285.035,-4063.3199999999997
-11025.18,-11746.08,-22663.35,-6628.905,482.76,-30281.805,-13261.904999999999,-4073.355
-11024.055,-11760.119999999999,-22703.94,-6662.34,453.15,-30310.515,-13280.31,-4058.415
-11010.779999999999,-11760.84,-22714.155,-6665.94,438.57,-30351.329999999998,-13271.445,-4021.74
-11039.939999999999,-11792.205,-22716.36,-6660.764999999999,415.03499999999997,-30415.004999999997,-13329.18,-4045.815
-11055.6,-11805.029999999999,-22711.635,-6638.849999999999,441.53999999999996,-30380.76,-13336.695,-4070.115
-11068.74,-11808.81,-22723.155,-6635.925,444.825,-30371.85,-13339.439999999999,-4084.29
-11050.154999999999,-11785.365,-22679.954999999998,-6623.639999999999,434.15999999999997,-30372.93,-13303.35,-4062.96
-11041.154999999999,-11776.904999999999,-22674.69,-6639.03,431.28,-30401.19,-13297.994999999999,-4048.875
-11045.88,-11779.47,-22681.079999999998,-6626.5199999999995,456.84,-30379.815,-13299.39,-4053.7799999999997
-11042.055,-11782.215,-22696.875,-6624.179999999999,478.16999999999996,-30321.899999999998,-13277.97,-4050.18
-11021.13,-11766.15,-22693.77,-6623.955,478.97999999999996,-30308.94,-13286.34,-4036.9049999999997
-11027.654999999999,-11768.58,-22682.879999999997,-6627.69,464.805,-30342.42,-13312.845,-4051.35
-11051.01,-11800.619999999999,-22710.42,-6670.9349999999995,418.72499999999997,-30377.25,-13314.33,-4068.855
-11038.904999999999,-11784.105,-22708.754999999997,-6673.59,416.385,-30379.454999999998,-13293.539999999999,-4052.8799999999997
-11027.475,-11764.98,-22682.61,-6643.304999999999,429.34499999999997,-30394.079999999998,-13342.814999999999,-4056.2549999999997
-11023.83,-11758.005,-22668.03,-6639.4349999999995,411.12,-30416.535,-13384.755,-4062.015
-11051.82,-11797.199999999999,-22708.125,-6686.639999999999,398.96999999999997,-30388.905,-13305.465,-4063.23
-11044.035,-11798.189999999999,-22712.895,-6679.53,443.29499999999996,-30333.239999999998,-13229.279999999999,-4041.72
-11046.869999999999,-11801.835,-22729.545,-6640.514999999999,458.55,-30349.485,-13256.73,-4052.6549999999997
-11053.305,-11798.01,-22722.84,-6632.099999999999,456.84,-30363.524999999998,-13280.31,-4061.9249999999997
-11044.89,-11781.945,-22697.19,-6661.215,445.905,-30385.079999999998,-13337.595,-4063.23
-11051.279999999999,-11786.49,-22692.69,-6631.83,456.21,-30386.655,-13347.765,-4077.6299999999997
-11045.52,-11788.244999999999,-22699.17,-6637.455,440.90999999999997,-30370.995,-13279.23,-4061.3849999999998
-10990.664999999999,-11733.345,-22642.02,-6580.889999999999,498.33,-30312.18,-13216.095,-4002.21
-10968.795,-11697.93,-22603.004999999997,-6543.134999999999,540.045,-30297.105,-13254.435,-4001.31
-11015.595,-11750.265,-22651.965,-6604.29,455.58,-30376.664999999997,-13328.189999999999,-4047.345
-11072.115,-11831.715,-22725.629999999997,-6672.33,381.96,-30441.914999999997,-13368.285,-4095.045
-11053.125,-11794.005,-22703.355,-6651.405,409.275,-30445.695,-13354.154999999999,-4081.77
-11017.755,-11730.42,-22650.66,-6606.675,476.685,-30345.57,-13346.955,-4071.105
-11029.859999999999,-11759.13,-22665.42,-6611.58,491.76,-30253.004999999997,-13284.585,-4070.565
-11055.779999999999,-11799.18,-22712.175,-6659.415,427.68,-30352.094999999998,-13258.619999999999,-4061.0699999999997
-11054.43,-11806.064999999999,-22728.915,-6685.514999999999,374.985,-30515.355,-13355.82,-4047.21
-11003.715,-11739.645,-22655.565,-6610.545,446.715,-30446.954999999998,-13345.515,-4025.6549999999997
-10990.98,-11718.72,-22633.065,-6592.275,473.58,-30325.23,-13260.465,-4024.395
-11027.07,-11764.26,-22680.855,-6639.165,429.79499999999996,-30363.614999999998,-13300.83,-4050.495
-11091.914999999999,-11850.48,-22770.54,-6719.804999999999,380.205,-30381.39,-13326.074999999999,-4090.8599999999997
-11079.449999999999,-11853.045,-22767.3,-6699.78,432.765,-30316.86,-13272.345,-4089.105
-11032.605,-11780.55,-22692.465,-6636.24,478.755,-30307.949999999997,-13291.695,-4067.955
-11006.46,-11739.645,-22655.34,-6611.58,498.465,-30285.315,-13242.465,-4024.2149999999997
-11025.945,-11780.279999999999,-22692.465,-6628.005,456.255,-30363.48,-13319.369999999999,-4023.6299999999997
