ch0,ch1,ch2,ch3,ch4,ch5,ch6,ch7
-10715.039999999999,-11594.115,-22022.864999999998,-6383.565,449.055,-29403.36,-11648.295,-4321.62
-10705.68,-11577.24,-22014.989999999998,-6374.5199999999995,463.68,-29379.239999999998,-11614.275,-4317.93
-10678.725,-11524.005,-21952.44,-6318.36,509.98499999999996,-29378.204999999998,-11653.109999999999,-4315.23
-10638.585,-11494.17,-21920.579999999998,-6284.969999999999,536.22,-29364.975,-11664.63,-4277.835
-10618.02,-11516.039999999999,-21965.265,-6343.065,469.53,-29392.335,-11668.635,-4241.565
-10692.09,-11575.395,-22013.82,-6394.545,415.66499999999996,-29431.215,-11689.83,-4300.695
-10744.02,-11626.38,-22059.54,-6430.679999999999,390.735,-29458.305,-11671.92,-4312.98
-10758.645,-11649.465,-22081.86,-6448.679999999999,381.78,-29470.14,-11640.779999999999,-4305.105
-10739.115,-11639.07,-22070.61,-6414.03,443.835,-29402.504999999997,-11602.98,-4281.974999999999
-10742.039999999999,-11645.955,-22072.77,-6414.525,439.515,-29412.27,-11607.164999999999,-4286.745
-10723.275,-11620.035,-22067.82,-6412.139999999999,435.195,-29417.579999999998,-11604.555,-4287.105
-10718.82,-11575.305,-22022.19,-6386.715,449.37,-29412.765,-11612.07,-4299.525
-10705.59,-11558.115,-22000.59,-6361.83,472.59,-29391.12,-11593.215,-4298.535
-10714.59,-11562.93,-21998.969999999998,-6349.995,488.96999999999997,-29365.289999999997,-11568.285,-4310.505
-10719.494999999999,-11565.765,-21997.8,-6340.59,505.71,-29335.5,-11543.715,-4319.19
-10718.55,-11563.47,-22003.379999999997,-6348.69,495.85499999999996,-29338.2,-11554.38,-4325.94
-10728.27,-11578.455,-22028.219999999998,-6383.295,456.3,-29368.035,-11577.15,-4320.495
-10734.66,-11590.92,-22038.434999999998,-6395.4,438.47999999999996,-29389.05,-11586.015,-4302.045
-10733.58,-11591.73,-22039.695,-6397.469999999999,434.385,-29399.94,-11587.455,-4283.28
-10720.619999999999,-11589.255,-22033.98,-6385.5,446.76,-29394.495,-11586.555,-4282.38
-10721.295,-11581.74,-22028.219999999998,-6371.775,461.25,-29384.91,-11577.645,-4295.385
-10724.355,-11567.97,-22011.03,-6361.965,466.695,-29372.535,-11572.199999999999,-4303.62
-10741.455,-11563.74,-21999.555,-6346.304999999999,481.275,-29357.864999999998,-11572.83,-4341.195
-10751.039999999999,-11569.814999999999,-22000.815,-6342.12,478.62,-29357.145,-11574.045,-4342.455
-10732.095,-11552.715,-21988.17,-6333.66,469.16999999999996,-29363.489999999998,-11573.955,-4323.915
-10739.565,-11562.795,-21992.895,-6349.139999999999,431.865,-29385.495,-11572.199999999999,-4304.655
-10744.47,-11584.439999999999,-22015.26,-6376.1849999999995,400.905,-29425.004999999997,-11575.484999999999,-4273.965
-10744.74,-11581.605,-22016.655,-6362.505,441.27,-29393.01,-11574.539999999999,-4295.925
-10743.93,-11573.414999999999,-22007.16,-6337.575,496.89,-29308.23,-11554.425,-4301.415
-10740.33,-11564.055,-21991.094999999998,-6303.285,555.345,-29245.274999999998,-11535.75,-4297.139999999999
-10745.955,-11573.73,-22008.51,-6328.8,515.97,-29298.555,-11556.449999999999,-4289.94
-10752.975,-11563.74,-21999.645,-6326.054999999999,501.255,-29346.795,-11572.605,-4310.82
-10771.56,-11570.939999999999,-21997.98,-6323.085,498.41999999999996,-29355.21,-11574.0,-4337.505
-10768.994999999999,-11572.74,-22002.12,-6327.63,491.31,-29329.02,-11574.945,-4336.155
-10744.244999999999,-11569.68,-22000.23,-6322.005,499.005,-29263.23,-11545.965,-4281.84
-10722.42,-11575.619999999999,-22013.28,-6329.34,490.185,-29271.329999999998,-11528.369999999999,-4232.745
-10716.615,-11539.98,-21983.94,-6305.355,510.84,-29284.155,-11539.439999999999,-4247.28
-10718.279999999999,-11515.365,-21952.17,-6268.95,557.28,-29268.539999999997,-11561.805,-4263.795
-10726.38,-11512.529999999999,-21937.454999999998,-6247.17,574.02,-29266.065,-11621.07,-4282.514999999999
-10739.295,-11504.205,-21931.469999999998,-6249.33,553.77,-29297.204999999998,-11656.755,-4320.675
-10778.805,-11534.625,-21965.579999999998,-6289.65,502.60499999999996,-29343.87,-11651.49,-4360.095
-10827.945,-11578.59,-22013.954999999998,-6331.679999999999,466.38,-29349.135,-11595.015,-4376.61
-10881.449999999999,-11624.445,-22053.195,-6357.69,458.01,-29313.18,-11508.345,-4375.575
-10836.855,-11599.605,-22023.09,-6316.29,507.69,-29264.895,-11509.02,-4302.72
-10803.69,-11572.56,-22009.41,-6303.915,519.03,-29253.96,-11540.07,-4272.255
-10805.715,-11542.59,-21980.969999999998,-6277.005,557.73,-29191.14,-11510.055,-4273.83
-10783.395,-11507.67,-21937.995,-6228.63,599.04,-29164.23,-11496.105,-4262.625
-10780.154999999999,-11499.75,-21918.195,-6197.985,623.0699999999999,-29149.515,-11472.975,-4249.125
-10817.685,-11494.89,-21915.18,-6199.74,618.615,-29151.719999999998,-11471.22,-4264.335
-10873.664999999999,-11513.88,-21943.125,-6235.065,585.72,-29181.914999999997,-11542.095,-4294.845
-10921.59,-11570.805,-21999.059999999998,-6291.63,526.275,-29228.309999999998,-11594.295,-4309.74
-10918.664999999999,-11577.914999999999,-22007.879999999997,-6290.505,527.49,-29222.91,-11561.49,-4305.014999999999
-10861.965,-11501.64,-21929.265,-6199.965,616.8149999999999,-29150.73,-11532.645,-4264.425
-10879.154999999999,-11493.81,-21910.815,-6185.115,627.7049999999999,-29134.125,-11513.205,-4265.28
-10941.525,-11538.359999999999,-21955.23,-6229.98,575.73,-29185.065,-11549.205,-4310.505
-10995.345,-11583.855,-21999.78,-6274.8,524.61,-29232.539999999997,-11603.115,-4363.83
-11036.97,-11628.0,-22053.915,-6331.86,466.60499999999996,-29263.364999999998,-11616.164999999999,-4399.92
-11023.244999999999,-11628.99,-22058.82,-6335.325,466.56,-29248.785,-11586.33,-4352.04
-11021.625,-11655.494999999999,-22076.37,-6334.92,480.825,-29208.645,-11532.824999999999,-4296.375
-11030.265,-11685.779999999999,-22114.485,-6361.965,464.895,-29183.535,-11488.59,-4286.925
-11004.255,-11638.755,-22074.48,-6321.6449999999995,500.98499999999996,-29153.789999999997,-11466.135,-4296.915
-10968.255,-11574.18,-22005.899999999998,-6255.63,556.155,-29118.42,-11459.52,-4287.78
-10950.705,-11528.414999999999,-21948.03,-6198.57,602.4599999999999,-29075.579999999998,-11452.59,-4265.55
-10929.689999999999,-11482.154999999999,-21894.344999999998,-6145.695,651.1949999999999,-29024.325,-11445.21,-4245.93
-10918.215,-11495.205,-21916.98,-6163.514999999999,640.0799999999999,-29017.44,-11462.535,-4225.95
-10939.14,-11528.145,-21952.53,-6194.565,605.97,-29037.914999999997,-11491.83,-4242.375
-10992.734999999999,-11570.939999999999,-21996.045,-6236.28,562.8149999999999,-29070.719999999998,-11540.025,-4300.965
-11023.244999999999,-11616.84,-22032.315,-6265.8,530.595,-29090.969999999998,-11553.21,-4326.03
-11012.355,-11650.455,-22062.6,-6271.469999999999,530.775,-29081.745,-11554.695,-4316.805
-10994.265,-11580.164999999999,-22009.004999999997,-6230.61,568.7099999999999,-29051.774999999998,-11530.305,-4300.65
-10985.939999999999,-11521.8,-21938.715,-6186.6449999999995,604.215,-29019.914999999997,-11488.545,-4283.28
-10951.965,-11522.925,-21941.82,-6172.785,624.555,-28975.68,-11463.795,-4256.595
-10946.07,-11525.895,-21944.61,-6161.67,637.155,-28944.855,-11457.045,-4255.065
-10975.994999999999,-11519.595,-21934.754999999997,-6164.325,621.81,-28972.98,-11538.314999999999,-4304.025
-11003.13,-11524.365,-21937.77,-6177.285,596.16,-29008.754999999997,-11616.93,-4350.555
-11019.96,-11555.685,-21973.77,-6219.179999999999,549.405,-29041.155,-11678.67,-4373.73
-10994.625,-11517.164999999999,-21949.379999999997,-6202.304999999999,570.735,-29029.68,-11809.305,-4395.465
-10987.56,-11514.33,-21931.29,-6184.9349999999995,594.5849999999999,-28973.16,-11724.345,-4364.46
-10911.24,-11440.89,-21865.05,-6121.71,631.0799999999999,-28949.895,-11600.01,-4274.1449999999995
-10935.72,-11467.529999999999,-21880.754999999997,-6111.8099999999995,638.685,-28965.87,-11501.73,-4276.305
-10994.895,-11566.395,-21978.899999999998,-6197.67,570.285,-29039.895,-11548.664999999999,-4284.045
-11035.08,-11621.88,-22044.149999999998,-6262.65,510.435,-29064.555,-11623.5,-4310.325
-11014.74,-11585.744999999999,-22010.445,-6237.2699999999995,529.38,-29025.719999999998,-11568.869999999999,-4304.5199999999995
-10978.695,-11532.15,-21952.079999999998,-6173.235,597.1949999999999,-28910.204999999998,-11484.314999999999,-4286.474999999999
-10981.574999999999,-11547.045,-21966.524999999998,-6185.835,583.155,-28878.164999999997,-11427.57,-4270.995
-10947.824999999999,-11510.414999999999,-21925.844999999998,-6143.3099999999995,614.295,-28849.41,-11469.06,-4248.99
-10969.83,-11542.5,-21942.225,-6133.365,647.9549999999999,-28803.285,-11526.164999999999,-4281.75
-11033.414999999999,-11612.925,-22025.43,-6214.23,587.0699999999999,-28853.684999999998,-11573.369999999999,-4338.2699999999995
-11057.939999999999,-11620.395,-22026.015,-6218.37,588.105,-28857.78,-11561.85,-4356.405
-11030.625,-11607.029999999999,-22025.835,-6225.48,562.3199999999999,-28875.195,-11499.795,-4321.665
-11006.73,-11578.994999999999,-21986.504999999997,-6193.665,580.005,-28877.67,-11440.305,-4292.505
-11003.22,-11576.52,-21985.02,-6184.215,583.245,-28877.805,-11449.215,-4280.3099999999995
-10998.314999999999,-11557.08,-21955.05,-6153.389999999999,621.9449999999999,-28781.28,-11468.07,-4277.295
-10987.605,-11565.99,-21960.54,-6134.04,673.92,-28701.045,-11454.93,-4272.57
-10988.685,-11609.234999999999,-22014.719999999998,-6176.655,631.8,-28731.6,-11415.195,-4258.44
-10995.435,-11611.8,-22033.8,-6204.735,600.48,-28756.844999999998,-11394.63,-4253.49
-11005.74,-11574.539999999999,-21987.629999999997,-6175.71,620.145,-28753.155,-11435.85,-4300.29
-11041.56,-11578.185,-21980.43,-6174.63,615.915,-28764.629999999997,-11470.005,-4345.425
-11035.395,-11558.475,-21955.14,-6156.945,625.185,-28773.09,-11487.689999999999,-4336.11
-11008.305,-11553.525,-21955.905,-6155.55,624.735,-28771.289999999997,-11496.96,-4316.445
-10973.52,-11559.914999999999,-21976.155,-6177.15,607.725,-28760.985,-11474.505,-4261.1849999999995
-10928.88,-11516.715,-21935.79,-6132.195,653.4449999999999,-28718.594999999998,-11422.08,-4210.47
-10899.314999999999,-11456.055,-21868.649999999998,-6070.95,707.805,-28690.289999999997,-11434.455,-4226.715
-10914.93,-11459.52,-21872.52,-6075.719999999999,705.015,-28700.19,-11499.525,-4275.855
-10985.535,-11546.955,-21959.73,-6165.54,618.75,-28765.934999999998,-11572.335,-4333.68
-11034.404999999999,-11608.199999999999,-22008.69,-6206.085,588.1949999999999,-28771.965,-11538.99,-4340.25
-10986.705,-11547.675,-21950.1,-6150.465,649.755,-28704.195,-11438.73,-4282.92
-10934.369999999999,-11495.88,-21897.719999999998,-6101.82,697.185,-28665.495,-11389.635,-4243.905
-10925.145,-11521.08,-21928.23,-6119.235,672.84,-28729.754999999997,-11478.689999999999,-4244.535
-10989.539999999999,-11611.26,-22020.704999999998,-6208.2,582.165,-28817.414999999997,-11549.16,-4290.4349999999995
-10993.949999999999,-11612.25,-22045.274999999998,-6244.785,550.035,-28833.12,-11532.869999999999,-4288.139999999999
-10988.595,-11557.664999999999,-21960.899999999998,-6169.815,622.485,-28780.469999999998,-11521.17,-4287.375
-10999.215,-11543.265,-21929.085,-6131.79,661.86,-28763.594999999998,-11541.015,-4324.005
-10970.865,-11515.59,-21910.094999999998,-6119.054999999999,669.015,-28797.84,-11617.199999999999,-4321.71
-10917.81,-11454.029999999999,-21864.87,-6103.349999999999,669.3299999999999,-28840.32,-11619.494999999999,-4285.215
-10886.085,-11436.164999999999,-21847.004999999997,-6094.035,672.03,-28846.98,-11557.08,-4239.045
-10919.16,-11499.84,-21912.795,-6154.29,619.8299999999999,-28869.12,-11509.154999999999,-4232.205
-10991.295,-11585.34,-21991.364999999998,-6218.865,576.36,-28851.93,-11492.64,-4276.08
-11011.14,-11611.395,-22015.395,-6227.235,577.395,-28835.73,-11520.045,-4319.865
-10986.39,-11571.39,-21971.61,-6184.17,627.255,-28777.545,-11449.215,-4299.615
-10939.904999999999,-11515.14,-21912.434999999998,-6125.355,682.47,-28756.305,-11419.335,-4246.965
-10907.64,-11481.885,-21878.82,-6110.1449999999995,684.9449999999999,-28784.34,-11476.845,-4218.389999999999
-10883.564999999999,-11463.164999999999,-21853.665,-6082.0199999999995,703.7099999999999,-28815.03,-11574.99,-4222.62
-10878.39,-11427.705,-21823.875,-6064.92,707.76,-28836.225,-11610.27,-4237.245
-10940.85,-11502.494999999999,-21901.32,-6130.889999999999,663.12,-28816.605,-11527.74,-4284.18
-10977.705,-11556.09,-21957.254999999997,-6175.485,638.1,-28779.21,-11491.02,-4314.375
-10994.895,-11576.475,-21975.3,-6206.985,586.7099999999999,-28868.219999999998,-11575.619999999999,-4333.275
-11038.14,-11639.789999999999,-22024.079999999998,-6278.264999999999,527.535,-28900.26,-11549.654999999999,-4326.345
-11007.18,-11633.76,-22040.415,-6277.365,524.79,-28961.28,-11561.805,-4295.565
-10973.654999999999,-11561.355,-21973.86,-6223.95,548.055,-28970.55,-11518.154999999999,-4290.84
-10948.77,-11534.039999999999,-21933.855,-6175.665,607.635,-28876.454999999998,-11432.52,-4275.945
-10970.775,-11575.35,-21989.475,-6219.179999999999,581.4449999999999,-28899.585,-11484.539999999999,-4298.4
-11012.984999999999,-11580.3,-21974.04,-6210.495,597.06,-28908.045,-11630.115,-4362.795
-10984.77,-11535.029999999999,-21920.265,-6156.045,639.045,-28936.664999999997,-11743.064999999999,-4378.455
-10980.855,-11533.185,-21904.515,-6128.73,666.5849999999999,-28861.02,-11675.205,-4393.62
-10995.84,-11548.529999999999,-21926.295,-6149.655,668.6999999999999,-28728.18,-11519.46,-4375.305
-11016.045,-11545.38,-21929.67,-6186.735,631.035,-28815.254999999997,-11564.414999999999,-4374.224999999999
-10875.914999999999,-11463.164999999999,-21869.864999999998,-6117.84,716.7149999999999,-28766.07,-11473.965,-4188.42
-10767.24,-11384.189999999999,-21789.765,-6023.16,825.7049999999999,-28637.64,-11320.289999999999,-4039.1549999999997
-10841.355,-11446.92,-21849.93,-6090.255,752.355,-28726.155,-11428.38,-4133.97
-10919.97,-11527.335,-21937.5,-6186.24,632.52,-28849.004999999997,-11481.525,-4219.965
-11048.939999999999,-11697.885,-22105.305,-6333.929999999999,523.8,-28863.405,-11408.715,-4308.93
-11051.775,-11711.654999999999,-22123.305,-6344.955,511.965,-28888.739999999998,-11447.505,-4331.205
-10966.545,-11602.664999999999,-22018.545,-6256.844999999999,581.31,-28881.09,-11490.705,-4284.855
-10953.765,-11592.0,-21995.415,-6237.179999999999,600.03,-28859.355,-11490.39,-4278.33
-10950.119999999999,-11604.015,-22021.379999999997,-6251.67,590.265,-28889.594999999998,-11516.265,-4268.43
-10939.949999999999,-11543.265,-21958.785,-6217.245,617.805,-28890.18,-11536.56,-4262.22
-10933.02,-11543.76,-21945.87,-6203.565,630.765,-28883.114999999998,-11525.535,-4260.555
-10928.609999999999,-11539.755,-21948.704999999998,-6204.195,628.8299999999999,-28902.825,-11550.24,-4273.47
-10928.88,-11534.22,-21936.96,-6194.969999999999,633.51,-28918.215,-11570.67,-4281.615
-10921.994999999999,-11535.57,-21937.454999999998,-6194.295,635.85,-28926.27,-11577.51,-4272.84
-10911.555,-11539.71,-21937.725,-6187.724999999999,644.265,-28922.265,-11574.675,-4259.34
-10902.24,-11544.435,-21942.899999999998,-6183.63,651.105,-28922.219999999998,-11572.965,-4254.389999999999
-10893.06,-11505.96,-21903.704999999998,-6160.7699999999995,667.7099999999999,-28912.5,-11559.42,-4253.67
-10881.945,-11498.175,-21895.785,-6154.74,673.155,-28914.524999999998,-11557.395,-4248.2699999999995
-10884.06,-11520.945,-21916.89,-6164.91,667.17,-28923.975,-11575.529999999999,-4248.36
-10917.585,-11553.525,-21949.155,-6204.24,628.605,-28954.754999999997,-11590.965,-4264.92
-10904.805,-11528.685,-21923.504999999997,-6187.005,638.865,-28948.274999999998,-11586.195,-4264.425
-10890.045,-11502.945,-21908.61,-6180.389999999999,645.255,-28956.059999999998,-11591.279999999999,-4261.095
-10902.555,-11532.15,-21931.02,-6210.36,615.78,-28980.585,-11595.555,-4268.025
-10902.375,-11542.23,-21948.434999999998,-6228.2699999999995,596.925,-29001.42,-11611.17,-4266.0
-10895.58,-11536.109999999999,-21939.3,-6213.33,610.92,-29000.204999999998,-11622.779999999999,-4264.29
-10874.88,-11507.22,-21914.73,-6190.38,634.365,-28985.94,-11610.404999999999,-4256.28
-10848.869999999999,-11463.164999999999,-21878.325,-6161.219999999999,664.38,-28962.36,-11609.189999999999,-4251.465
-10868.49,-11498.175,-21892.995,-6155.01,677.3399999999999,-28950.254999999997,-11607.885,-4281.48
-10878.435,-11468.025,-21855.239999999998,-6118.245,711.18,-28942.11,-11637.404999999999,-4328.505
-10912.185,-11474.1,-21853.125,-6133.995,692.4599999999999,-28960.469999999998,-11647.664999999999,-4388.805
-10917.945,-11533.455,-21920.129999999997,-6192.2699999999995,644.22,-28982.969999999998,-11615.895,-4343.22
-10896.119999999999,-11539.755,-21935.655,-6216.705,609.435,-29017.26,-11567.205,-4255.965
-10876.005,-11533.994999999999,-21945.735,-6244.74,571.41,-29068.605,-11551.68,-4198.41
-10813.05,-11462.265,-21869.325,-6170.715,639.54,-29054.475,-11629.619999999999,-4158.585
-10806.435,-11445.75,-21835.485,-6146.325,667.26,-29027.385,-11618.865,-4168.035
-10858.455,-11528.685,-21925.98,-6228.179999999999,594.72,-29070.45,-11612.564999999999,-4211.415
-10920.33,-11603.88,-22001.625,-6285.24,539.73,-29120.219999999998,-11606.895,-4285.215
-10947.779999999999,-11599.605,-22003.559999999998,-6293.655,535.05,-29135.565,-11662.02,-4335.795
-10983.33,-11648.52,-22049.684999999998,-6333.75,507.78,-29153.655,-11701.035,-4367.7
-10920.42,-11571.795,-21977.145,-6259.094999999999,579.735,-29109.78,-11661.255,-4320.72
-10890.63,-11529.539999999999,-21928.725,-6235.469999999999,587.2049999999999,-29100.239999999998,-11589.345,-4266.945
-10883.385,-11535.57,-21939.93,-6255.855,554.04,-29162.204999999998,-11611.845,-4252.365
-10906.38,-11529.494999999999,-21931.02,-6240.15,559.0799999999999,-29212.739999999998,-11673.404999999999,-4332.42
-10929.555,-11509.92,-21889.215,-6190.514999999999,593.28,-29239.155,-11793.06,-4401.99
-10901.97,-11465.369999999999,-21819.87,-6105.195,676.35,-29123.82,-11731.365,-4386.195
-10903.455,-11468.295,-21837.195,-6125.13,680.76,-29040.12,-11577.375,-4343.715
-10921.14,-11634.57,-22031.19,-6303.33,534.015,-29133.09,-11488.095,-4250.16
-10856.835,-11571.119999999999,-21974.445,-6262.0199999999995,581.85,-29145.555,-11620.98,-4205.79
-10833.119999999999,-11523.869999999999,-21923.504999999997,-6217.245,639.63,-29092.05,-11601.539999999999,-4216.139999999999
-10846.439999999999,-11561.939999999999,-21971.745,-6245.955,640.395,-29059.155,-11605.725,-4193.28
-10865.699999999999,-11596.994999999999,-22013.28,-6303.825,564.615,-29137.32,-11609.865,-4198.635
-10864.439999999999,-11592.0,-22013.504999999997,-6308.73,535.23,-29222.594999999998,-11640.689999999999,-4219.83
-10855.98,-11573.505,-22002.795,-6296.715,543.105,-29227.995,-11596.635,-4208.264999999999
-10806.3,-11502.18,-21904.155,-6204.465,632.61,-29161.305,-11566.935,-4176.764999999999
-10789.605,-11493.09,-21877.379999999997,-6159.554999999999,696.555,-29086.065,-11568.51,-4190.8949999999995
-10869.164999999999,-11591.324999999999,-21990.6,-6262.2,599.535,-29159.145,-11644.064999999999,-4277.745
-10952.324999999999,-11640.824999999999,-22050.09,-6348.599999999999,505.62,-29248.425,-11707.244999999999,-4340.205
-10911.24,-11601.585,-22012.245,-6324.75,518.715,-29239.379999999997,-11649.285,-4293.945
-10890.494999999999,-11595.105,-21992.985,-6296.58,547.875,-29217.015,-11583.359999999999,-4265.865
-10859.805,-11559.779999999999,-21961.305,-6259.815,588.465,-29185.245,-11583.404999999999,-4249.125
-10873.439999999999,-11565.675,-21935.295,-6232.365,607.5,-29184.704999999998,-11614.949999999999,-4270.275
-10876.859999999999,-11585.609999999999,-21959.504999999997,-6245.82,600.885,-29190.329999999998,-11622.195,-4273.38
-10865.835,-11544.885,-21937.59,-6236.775,609.03,-29186.64,-11652.345,-4287.599999999999
-10864.17,-11522.07,-21923.594999999998,-6241.23,589.005,-29235.6,-11690.055,-4302.99
-10851.164999999999,-11556.225,-21951.54,-6254.37,559.7099999999999,-29319.66,-11693.475,-4276.125
-10828.439999999999,-11524.77,-21943.035,-6262.875,544.185,-29347.92,-11683.619999999999,-4241.295
-10821.51,-11510.46,-21924.09,-6249.87,558.3149999999999,-29297.7,-11654.324999999999,-4237.065
-10785.24,-11477.43,-21883.815,-6193.53,643.635,-29149.245,-11600.64,-4220.73
-10789.065,-11466.045,-21853.665,-6142.59,718.6949999999999,-29055.69,-11573.189999999999,-4246.0199999999995
-10843.289999999999,-11495.52,-21882.149999999998,-6193.08,646.245,-29153.43,-11612.52,-4301.955
-10858.994999999999,-11530.574999999999,-21903.614999999998,-6214.724999999999,614.655,-29204.414999999997,-11648.789999999999,-4341.014999999999
-10762.335,-11464.56,-21830.219999999998,-6154.335,679.05,-29203.155,-11810.52,-4296.24
-10770.57,-11435.715,-21838.995,-6194.88,639.5849999999999,-29241.315,-11832.21,-4295.25
-10859.4,-11551.32,-21993.254999999997,-6335.82,504.315,-29303.19,-11592.225,-4302.63
-10852.02,-11561.625,-21992.67,-6323.13,476.505,-29347.289999999997,-11437.244999999999,-4239.855
-10834.515,-11517.119999999999,-21908.114999999998,-6248.429999999999,508.22999999999996,-29380.094999999998,-11529.765,-4257.36
-10886.445,-11598.48,-21994.11,-6324.075,478.79999999999995,-29344.95,-11711.744999999999,-4296.69
-10867.185,-11589.164999999999,-21991.95,-6301.485,537.525,-29254.41,-11752.47,-4284.72
-10777.545,-11469.465,-21861.989999999998,-6163.0199999999995,695.2049999999999,-29048.805,-11475.72,-4213.08
-10719.045,-11407.185,-21804.344999999998,-6119.19,720.27,-29068.02,-11479.455,-4173.974999999999
-10779.164999999999,-11478.779999999999,-21881.745,-6210.09,604.755,-29265.075,-11733.57,-4244.625
-10840.994999999999,-11532.51,-21927.149999999998,-6247.9349999999995,574.155,-29307.015,-11815.515,-4313.385
-10801.664999999999,-11473.425,-21853.754999999997,-6165.719999999999,659.97,-29170.215,-11674.529999999999,-4292.82
-10767.465,-11430.27,-21792.195,-6085.349999999999,759.4649999999999,-29028.555,-11594.34,-4308.48
-10801.664999999999,-11526.93,-21892.725,-6186.51,658.035,-29116.079999999998,-11598.345,-4298.355
-10876.5,-11629.755,-22048.11,-6362.505,469.97999999999996,-29299.68,-11575.215,-4285.755
-10866.689999999999,-11620.17,-22046.94,-6381.855,441.18,-29349.495,-11502.585,-4225.455
-10875.285,-11655.27,-22083.48,-6409.259999999999,435.91499999999996,-29320.695,-11475.314999999999,-4222.755
-10852.289999999999,-11595.96,-22008.195,-6322.094999999999,528.345,-29276.01,-11564.775,-4241.43
-10840.185,-11575.395,-21956.219999999998,-6268.23,573.345,-29245.14,-11562.525,-4251.87
-10844.369999999999,-11594.385,-21959.64,-6259.86,581.85,-29237.94,-11551.859999999999,-4260.105
-10836.27,-11591.91,-21973.905,-6273.45,567.855,-29259.45,-11578.77,-4262.04
-10832.085,-11550.42,-21933.719999999998,-6261.84,566.415,-29274.39,-11618.595,-4268.835
-10815.255,-11535.164999999999,-21931.11,-6267.6449999999995,562.77,-29289.6,-11620.035,-4259.745
-10815.39,-11533.994999999999,-21949.829999999998,-6288.66,569.655,-29304.495,-11633.76,-4266.224999999999
-10823.039999999999,-11535.48,-21938.94,-6286.05,592.515,-29276.774999999998,-11616.119999999999,-4270.1849999999995
-10811.25,-11545.154999999999,-21948.434999999998,-6281.1449999999995,590.5799999999999,-29277.539999999997,-11598.48,-4257.54
-10802.52,-11541.015,-21944.925,-6275.474999999999,560.2049999999999,-29293.515,-11602.305,-4251.0599999999995
-10808.775,-11506.455,-21890.43,-6223.815,579.735,-29291.805,-11625.93,-4263.4349999999995
-10793.97,-11526.795,-21927.195,-6248.385,551.925,-29321.145,-11653.785,-4257.72
-10816.289999999999,-11540.07,-21937.59,-6277.545,532.755,-29341.844999999998,-11665.8,-4283.1449999999995
-10806.975,-11522.43,-21950.64,-6295.679999999999,548.235,-29308.5,-11643.795,-4280.22
-10807.605,-11540.789999999999,-21987.09,-6343.695,554.4449999999999,-29304.27,-11658.375,-4282.5599999999995
-10828.664999999999,-11591.64,-22030.02,-6437.16,515.5649999999999,-29306.745,-11638.755,-4275.764999999999
-10824.57,-11600.279999999999,-22051.125,-6522.615,493.46999999999997,-29285.145,-11577.51,-4253.13
-10798.38,-11547.63,-21990.105,-6410.88,548.235,-29268.045,-11575.664999999999,-4242.825
-10771.965,-11510.64,-21955.23,-6325.155,606.87,-29231.64,-11552.939999999999,-4233.915
-10790.955,-11542.994999999999,-21972.375,-6247.755,710.235,-29195.954999999998,-11623.77,-4277.16
-10827.945,-11589.164999999999,-21961.62,-6166.44,708.165,-29242.62,-11691.449999999999,-4323.78
-10804.14,-11497.859999999999,-21851.594999999998,-6145.514999999999,616.185,-29297.475,-11659.23,-4300.965
-10774.35,-11457.09,-21815.055,-6181.965,592.6949999999999,-29292.48,-11627.595,-4252.545
-10786.545,-11515.455,-21902.67,-6254.235,521.28,-29322.765,-11633.805,-4250.34
-10811.385,-11552.039999999999,-21932.145,-6278.4,487.97999999999996,-29311.469999999998,-11573.279999999999,-4252.635
-10791.63,-11524.275,-21904.245,-6247.844999999999,523.62,-29297.16,-11575.98,-4249.53
-10730.565,-11433.689999999999,-21812.94,-6150.825,635.5799999999999,-29220.254999999997,-11575.98,-4215.42
-10710.404999999999,-11427.66,-21800.52,-6129.675,666.63,-29200.59,-11525.22,-4176.99
-10760.175,-11497.05,-21867.795,-6204.6449999999995,599.625,-29253.87,-11564.279999999999,-4218.615
-10790.324999999999,-11559.24,-21929.94,-6252.795,551.97,-29292.704999999998,-11614.23,-4263.075
-10818.99,-11560.859999999999,-21949.695,-6289.38,517.635,-29299.995,-11550.779999999999,-4288.1849999999995
-10838.97,-11574.404999999999,-21966.704999999998,-6317.594999999999,477.405,-29358.899999999998,-11569.77,-4299.165
-10786.365,-11542.14,-21926.024999999998,-6276.105,495.9,-29399.039999999997,-11702.835,-4270.95
-10758.24,-11496.6,-21890.565,-6251.985,516.6,-29412.719999999998,-11717.595,-4266.8099999999995
-10814.805,-11562.93,-21958.695,-6322.05,459.135,-29465.414999999997,-11590.064999999999,-4274.055
-10822.545,-11587.365,-21999.285,-6377.535,368.145,-29618.64,-11691.765,-4272.255
-10806.345,-11562.795,-21972.915,-6367.86,344.655,-29608.875,-11720.205,-4273.29
-10760.805,-11569.904999999999,-21953.07,-6291.63,475.02,-29397.645,-11574.27,-4223.43
-10747.664999999999,-11566.89,-21935.024999999998,-6208.83,675.0,-29099.204999999998,-11477.835,-4216.365
-10780.695,-11542.32,-21922.2,-6233.04,640.035,-29100.914999999997,-11541.42,-4259.61
-10774.89,-11515.005,-21904.379999999997,-6250.59,582.03,-29190.735,-11579.49,-4259.88
-10753.92,-11509.289999999999,-21883.86,-6231.554999999999,579.735,-29244.87,-11523.105,-4230.09
-10782.359999999999,-11560.77,-21940.649999999998,-6263.775,566.415,-29279.745,-11558.115,-4251.24
-10803.96,-11530.035,-21908.79,-6253.65,574.245,-29278.125,-11618.46,-4289.715
-10789.92,-11517.39,-21916.8,-6270.929999999999,551.52,-29305.305,-11605.275,-4287.195
-10797.255,-11555.55,-21962.43,-6311.5199999999995,509.76,-29360.204999999998,-11616.84,-4291.155
-10813.05,-11593.215,-21982.86,-6319.665,505.79999999999995,-29370.87,-11601.855,-4285.98
-10765.619999999999,-11520.675,-21917.385,-6265.304999999999,558.27,-29316.825,-11562.255,-4251.24
-10700.64,-11432.07,-21816.0,-6171.21,649.305,-29240.504999999997,-11539.439999999999,-4208.76
-10709.91,-11482.605,-21881.25,-6204.69,632.385,-29253.42,-11505.869999999999,-4202.91
-10792.98,-11524.005,-21906.54,-6255.945,565.56,-29340.315,-11588.895,-4271.58
-10811.475,-11549.025,-21920.309999999998,-6273.0,541.755,-29375.864999999998,-11661.885,-4297.095
-10773.72,-11547.99,-21929.625,-6278.219999999999,534.15,-29379.015,-11665.619999999999,-4258.215
-10762.47,-11528.73,-21906.315,-6244.605,575.64,-29343.149999999998,-11613.42,-4257.945
-10774.395,-11519.685,-21883.364999999998,-6226.245,594.99,-29320.649999999998,-11599.785,-4282.155
-10795.815,-11539.98,-21912.57,-6264.405,559.305,-29329.829999999998,-11564.64,-4289.085
-10777.095,-11548.395,-21940.605,-6298.514999999999,520.02,-29409.48,-11698.83,-4262.22
-10781.324999999999,-11561.715,-21950.954999999998,-6300.045,518.895,-29427.254999999997,-11684.205,-4260.195
-10787.49,-11566.439999999999,-21953.925,-6302.205,529.875,-29362.905,-11536.38,-4240.215
-10766.52,-11546.73,-21940.605,-6286.905,548.64,-29351.789999999997,-11558.88,-4227.389999999999
-10762.425,-11536.425,-21931.2,-6284.565,536.355,-29388.015,-11619.855,-4246.965
-10794.465,-11572.83,-21972.239999999998,-6332.085,481.22999999999996,-29434.77,-11634.93,-4278.105
-10790.865,-11574.314999999999,-21976.245,-6333.165,487.16999999999996,-29416.905,-11617.02,-4270.545
-10755.045,-11533.14,-21933.495,-6289.875,528.39,-29394.18,-11629.395,-4251.15
-10751.895,-11528.775,-21928.59,-6285.0599999999995,534.78,-29382.12,-11629.215,-4256.73
-10746.99,-11527.83,-21926.61,-6281.415,535.905,-29388.105,-11634.84,-4253.3099999999995
-10721.475,-11498.895,-21896.055,-6250.455,571.725,-29359.934999999998,-11608.154999999999,-4229.099999999999
-10709.1,-11480.445,-21874.364999999998,-6226.74,594.045,-29339.325,-11599.244999999999,-4225.005
-10751.175,-11515.994999999999,-21906.315,-6262.38,553.86,-29380.5,-11657.07,-4278.69
-10778.625,-11558.475,-21945.105,-6301.17,508.905,-29442.96,-11688.885,-4298.58
-10748.565,-11552.58,-21935.43,-6290.505,504.135,-29471.67,-11643.795,-4259.205
-10736.369999999999,-11520.314999999999,-21931.2,-6303.735,485.72999999999996,-29477.024999999998,-11595.15,-4250.925
-10757.789999999999,-11545.02,-21951.09,-6321.33,465.75,-29502.495,-11678.13,-4270.23
-10752.795,-11541.15,-21940.155,-6303.554999999999,495.81,-29486.655,-11738.97,-4263.795
-10740.69,-11558.07,-21950.415,-6286.95,527.04,-29450.34,-11651.265,-4241.7
-10699.244999999999,-11495.25,-21881.024999999998,-6221.295,601.47,-29373.885,-11607.345,-4224.735
-10701.315,-11486.43,-21875.219999999998,-6222.105,608.985,-29326.59,-11583.99,-4228.155
-10759.59,-11565.855,-21958.379999999997,-6278.8949999999995,585.0,-29322.585,-11592.539999999999,-4271.94
-10803.869999999999,-11621.52,-22009.995,-6331.005,549.81,-29327.355,-11619.9,-4290.84
-10759.59,-11578.14,-21967.92,-6298.29,555.795,-29345.265,-11604.645,-4254.93
-10734.84,-11520.449999999999,-21911.445,-6262.92,569.0699999999999,-29335.5,-11540.52,-4246.695
-10729.26,-11509.74,-21902.625,-6257.205,568.98,-29356.515,-11573.82,-4258.44
-10729.664999999999,-11513.295,-21909.42,-6264.36,560.8349999999999,-29396.204999999998,-11643.57,-4251.599999999999
-10731.24,-11530.619999999999,-21928.77,-6283.125,555.03,-29397.465,-11644.965,-4241.5199999999995
-10731.285,-11537.055,-21945.195,-6285.78,549.045,-29405.52,-11643.029999999999,-4251.915
-10735.695,-11547.99,-21961.079999999998,-6300.855,525.51,-29423.34,-11639.43,-4261.275
-10730.97,-11560.904999999999,-21970.395,-6350.13,487.79999999999995,-29465.64,-11692.484999999999,-4253.264999999999
-10717.244999999999,-11549.925,-21954.105,-6356.34,514.98,-29461.32,-11750.49,-4255.875
-10774.215,-11599.154999999999,-21999.69,-6401.07,500.21999999999997,-29432.024999999998,-11617.38,-4279.815
-10751.265,-11585.025,-21986.684999999998,-6368.085,540.675,-29423.745,-11567.835,-4252.139999999999
-10686.24,-11503.98,-21903.03,-6279.255,562.995,-29433.69,-11670.75,-4232.295
-10696.815,-11488.814999999999,-21893.579999999998,-6216.974999999999,542.295,-29460.51,-11683.574999999999,-4250.25
-10770.705,-11562.795,-21944.204999999998,-6232.679999999999,519.21,-29447.594999999998,-11558.025,-4275.405
-10759.859999999999,-11582.505,-21968.82,-6246.45,541.665,-29391.39,-11539.845,-4264.155
-10732.5,-11554.109999999999,-21950.235,-6287.535,529.335,-29445.885,-11711.744999999999,-4270.815
-10727.55,-11540.295,-21929.579999999998,-6310.53,524.6999999999999,-29482.605,-11729.385,-4275.09
-10757.565,-11583.045,-21975.75,-6373.215,482.13,-29522.34,-11650.725,-4278.6449999999995
-10763.01,-11570.939999999999,-21963.87,-6329.969999999999,521.01,-29442.015,-11571.39,-4287.014999999999
-10691.595,-11481.255,-21865.14,-6214.41,602.235,-29322.989999999998,-11510.955,-4251.375
-10638.72,-11414.34,-21786.66,-6138.495,640.485,-29327.489999999998,-11547.72,-4221.945
-10683.945,-11491.605,-21884.085,-6238.485,545.4,-29462.039999999997,-11711.205,-4241.25
-10768.77,-11607.615,-22002.434999999998,-6355.755,451.16999999999996,-29508.39,-11694.105,-4278.69
-10749.06,-11589.164999999999,-21974.355,-6320.88,496.755,-29441.114999999998,-11622.6,-4257.54
-10728.494999999999,-11552.265,-21942.0,-6294.33,524.295,-29440.125,-11673.63,-4269.014999999999
-10728.945,-11558.97,-21946.905,-6301.125,530.91,-29438.91,-11684.07,-4282.155
-10727.145,-11580.345,-21968.145,-6311.745,530.9549999999999,-29433.105,-11601.18,-4269.33
-10720.755,-11551.904999999999,-21962.204999999998,-6304.995,546.885,-29424.96,-11565.0,-4256.415
-10696.095,-11505.689999999999,-21900.195,-6255.45,578.295,-29449.89,-11684.25,-4261.005
-10732.59,-11541.869999999999,-21925.035,-6303.375,489.555,-29533.545,-11775.195,-4296.599999999999
-10710.0,-11531.295,-21915.405,-6291.855,473.31,-29514.78,-11643.029999999999,-4250.655
-10674.18,-11489.984999999999,-21875.895,-6245.82,542.2049999999999,-29470.274999999998,-11574.539999999999,-4231.215
-10704.465,-11540.07,-21927.195,-6289.695,506.655,-29544.164999999997,-11654.189999999999,-4266.315
-10770.57,-11643.48,-22033.26,-6391.9349999999995,392.805,-29628.315,-11703.015,-4301.639999999999
-10743.345,-11623.904999999999,-22029.39,-6390.99,386.90999999999997,-29553.704999999998,-11621.744999999999,-4280.175
-10694.205,-11535.885,-21935.655,-6294.96,488.60999999999996,-29488.32,-11614.005,-4265.28
-10682.46,-11500.695,-21894.48,-6254.28,553.68,-29405.385,-11574.9,-4265.639999999999
-10732.41,-11555.414999999999,-21952.079999999998,-6306.929999999999,535.77,-29445.48,-11662.38,-4303.44
-10706.22,-11510.955,-21914.01,-6295.005,505.26,-29566.754999999997,-11725.875,-4280.67
-10628.414999999999,-11438.955,-21829.905,-6212.655,568.5749999999999,-29495.61,-11632.904999999999,-4201.425
-10647.09,-11469.555,-21866.579999999998,-6228.179999999999,578.61,-29391.795,-11554.695,-4211.28
-10751.13,-11595.015,-21988.62,-6324.57,545.085,-29308.815,-11505.689999999999,-4267.665
-10749.645,-11599.92,-21987.495,-6337.304999999999,501.93,-29429.774999999998,-11624.039999999999,-4290.389999999999
-10763.64,-11622.015,-22025.114999999998,-6392.205,411.93,-29614.454999999998,-11741.085,-4317.93
-10741.545,-11587.095,-21979.665,-6348.735,474.615,-29573.414999999997,-11752.38,-4289.22
-10721.654999999999,-11586.195,-21964.77,-6297.974999999999,579.78,-29358.18,-11630.115,-4261.275
-10739.205,-11592.585,-21982.32,-6317.28,554.04,-29328.57,-11538.539999999999,-4266.99
-10729.98,-11570.355,-21963.375,-6317.955,521.73,-29442.329999999998,-11607.48,-4272.03
-10716.885,-11562.57,-21952.395,-6309.54,510.21,-29519.774999999998,-11640.869999999999,-4258.53
-10707.57,-11559.015,-21955.725,-6321.51,482.17499999999995,-29533.635,-11612.925,-4254.57
-10663.65,-11545.47,-21952.125,-6297.705,516.1949999999999,-29474.504999999997,-11618.73,-4230.945
-10600.47,-11464.425,-21872.835,-6213.51,628.245,-29312.19,-11566.17,-4184.639999999999
-10636.605,-11479.904999999999,-21871.575,-6239.655,584.4599999999999,-29382.795,-11594.88,-4216.5
-10766.744999999999,-11624.895,-22008.105,-6377.175,444.015,-29520.765,-11671.244999999999,-4314.195
-10772.73,-11626.064999999999,-22032.989999999998,-6407.73,410.03999999999996,-29570.309999999998,-11658.24,-4310.37
-10727.414999999999,-11583.27,-21982.68,-6343.965,492.615,-29468.204999999998,-11550.645,-4269.825
-10702.71,-11555.73,-21952.305,-6309.63,546.12,-29433.329999999998,-11597.085,-4257.045
-10694.654999999999,-11546.189999999999,-21947.219999999998,-6320.429999999999,527.4449999999999,-29494.71,-11670.39,-4265.505
-10687.32,-11544.66,-21966.93,-6346.8,524.34,-29478.42,-11596.814999999999,-4254.255
-10672.785,-11535.525,-21963.825,-6372.0,523.215,-29450.745,-11632.005,-4239.99
-10666.89,-11542.14,-21938.895,-6363.36,521.055,-29421.045,-11628.225,-4236.03
-10686.69,-11565.539999999999,-21936.059999999998,-6278.49,556.38,-29446.245,-11618.865,-4245.389999999999
-10695.824999999999,-11549.34,-21924.675,-6228.764999999999,577.17,-29456.864999999998,-11643.21,-4264.47
-10696.455,-11537.055,-21916.215,-6281.865,556.65,-29463.704999999998,-11643.84,-4278.33
-10689.84,-11540.789999999999,-21948.254999999997,-6374.969999999999,537.03,-29468.34,-11636.055,-4274.91
-10679.94,-11537.955,-21955.905,-6385.23,529.335,-29449.17,-11616.21,-4266.9
-10676.25,-11537.324999999999,-21975.704999999998,-6353.865,545.5799999999999,-29443.14,-11629.26,-4265.415
-10691.64,-11566.845,-21995.415,-6331.23,520.0649999999999,-29475.855,-11650.994999999999,-4262.04
-10692.72,-11560.949999999999,-21955.68,-6249.96,572.9399999999999,-29471.039999999997,-11700.63,-4272.974999999999
-10674.81,-11502.855,-21864.195,-6189.075,638.595,-29433.149999999998,-11719.98,-4275.585
-10689.57,-11552.175,-21914.55,-6241.815,555.0749999999999,-29483.55,-11633.4,-4266.945
-10724.039999999999,-11605.725,-21985.29,-6351.389999999999,404.82,-29570.175,-11552.67,-4253.49
-10685.385,-11552.58,-21938.04,-6305.355,491.58,-29487.239999999998,-11573.955,-4230.855
-10677.42,-11524.365,-21910.77,-6254.505,567.99,-29424.105,-11584.395,-4240.035
-10721.295,-11571.029999999999,-21949.065,-6276.915,550.395,-29430.225,-11560.59,-4272.12
-10704.195,-11554.425,-21938.895,-6279.075,537.66,-29472.254999999997,-11647.215,-4285.349999999999
-10701.539999999999,-11559.555,-21962.655,-6335.01,473.21999999999997,-29560.364999999998,-11746.935,-4302.585
-10666.619999999999,-11525.4,-21921.795,-6313.094999999999,463.22999999999996,-29555.01,-11709.09,-4265.865
-10665.72,-11537.055,-21923.415,-6318.2699999999995,459.495,-29487.69,-11589.93,-4249.9349999999995
-10686.555,-11557.89,-21940.02,-6320.835,469.08,-29483.73,-11579.58,-4252.635
-10705.455,-11584.439999999999,-21965.309999999998,-6328.44,497.60999999999996,-29476.844999999998,-11654.369999999999,-4250.25
-10655.595,-11506.365,-21893.265,-6259.7699999999995,552.96,-29463.254999999997,-11676.285,-4259.88
-10658.115,-11490.525,-21874.815,-6243.615,555.93,-29498.175,-11707.875,-4291.65
-10737.675,-11584.215,-21966.48,-6316.38,515.43,-29474.414999999997,-11619.18,-4343.22
-10728.494999999999,-11587.68,-21966.12,-6305.58,528.615,-29459.295,-11528.279999999999,-4319.639999999999
-10689.119999999999,-11538.09,-21934.215,-6288.344999999999,510.39,-29580.39,-11649.105,-4311.99
-10633.365,-11478.689999999999,-21862.44,-6223.05,564.2099999999999,-29558.34,-11699.189999999999,-4248.2699999999995
-10671.795,-11558.835,-21938.67,-6285.915,546.795,-29443.14,-11638.35,-4239.72
-10726.47,-11601.539999999999,-21992.94,-6347.474999999999,500.98499999999996,-29459.835,-11641.365,-4333.005
-10735.065,-11599.244999999999,-21983.579999999998,-6330.42,493.02,-29502.765,-11629.125,-4369.365
-10713.15,-11568.105,-21935.879999999997,-6279.795,547.11,-29453.67,-11610.404999999999,-4323.69
-10717.65,-11613.33,-21991.094999999998,-6335.594999999999,504.81,-29469.914999999997,-11575.439999999999,-4248.99
-10707.615,-11639.43,-22043.34,-6405.12,436.72499999999997,-29499.75,-11553.57,-4183.0199999999995
-10652.31,-11573.73,-21974.67,-6329.61,510.525,-29469.42,-11588.49,-4163.22
-10646.64,-11545.74,-21944.969999999998,-6289.785,556.245,-29445.93,-11612.744999999999,-4197.915
-10678.635,-11557.439999999999,-21953.295,-6313.139999999999,528.165,-29475.27,-11623.23,-4229.82
-10672.47,-11537.955,-21924.09,-6289.38,547.245,-29463.39,-11604.689999999999,-4232.565
-10660.904999999999,-11537.64,-21927.78,-6283.665,553.095,-29457.405,-11581.875,-4224.42
-10656.765,-11546.145,-21946.094999999998,-6305.445,515.0699999999999,-29512.53,-11624.085,-4228.92
-10648.44,-11540.205,-21944.835,-6306.12,514.935,-29529.225,-11659.005,-4227.255
-10661.58,-11545.02,-21943.934999999998,-6297.974999999999,526.4549999999999,-29513.204999999998,-11650.77,-4244.805
-10690.605,-11561.58,-21959.19,-6321.87,499.68,-29525.625,-11641.185,-4265.775
-10678.05,-11554.695,-21951.855,-6312.78,519.255,-29495.52,-11610.225,-4260.915
-10681.83,-11564.73,-21957.165,-6312.24,526.41,-29491.739999999998,-11655.494999999999,-4271.8949999999995
-10679.76,-11581.83,-21971.34,-6318.495,514.395,-29508.164999999997,-11645.145,-4265.01
-10676.52,-11552.085,-21945.87,-6302.5199999999995,515.0699999999999,-29516.129999999997,-11623.14,-4257.2699999999995
-10672.289999999999,-11531.205,-21920.489999999998,-6285.87,526.68,-29511.989999999998,-11621.115,-4254.389999999999
-10666.305,-11535.345,-21925.17,-6284.429999999999,537.93,-29498.67,-11634.3,-4248.54
-10667.52,-11541.734999999999,-21925.575,-6286.7699999999995,536.895,-29496.015,-11640.645,-4250.34
-10671.525,-11554.02,-21952.8,-6325.83,497.835,-29536.11,-11647.035,-4259.474999999999
-10668.195,-11554.289999999999,-21956.579999999998,-6338.745,468.35999999999996,-29579.67,-11655.494999999999,-4253.94
-10674.494999999999,-11560.095,-21963.555,-6338.025,475.74,-29558.61,-11662.695,-4264.065
-10678.68,-11566.17,-21972.645,-6343.0199999999995,490.455,-29518.875,-11633.22,-4269.105
-10681.199999999999,-11567.25,-21970.844999999998,-6335.73,521.595,-29464.829999999998,-11600.955,-4275.855
-10685.789999999999,-11570.039999999999,-21978.27,-6319.844999999999,544.905,-29484.989999999998,-11636.1,-4285.889999999999
-10671.435,-11561.265,-21985.065,-6334.2,519.615,-29513.969999999998,-11672.414999999999,-4267.755
-10654.425,-11539.8,-21956.04,-6346.844999999999,505.125,-29538.675,-11669.58,-4258.575
-10601.595,-11468.88,-21861.675,-6308.099999999999,546.12,-29538.945,-11681.1,-4236.255
-10609.02,-11475.449999999999,-21879.585,-6307.0199999999995,550.755,-29534.535,-11648.744999999999,-4245.93
-10667.205,-11556.855,-21965.309999999998,-6304.815,480.555,-29573.594999999998,-11649.195,-4269.555
-10702.619999999999,-11609.324999999999,-22012.2,-6335.73,400.32,-29689.245,-11727.09,-4284.135
-10680.615,-11569.725,-21967.92,-6341.58,436.40999999999997,-29731.32,-11734.965,-4274.19
-10655.865,-11547.404999999999,-21937.95,-6290.955,455.35499999999996,-29689.649999999998,-11676.6,-4257.045
-10652.49,-11549.43,-21932.82,-6276.554999999999,531.405,-29438.73,-11565.539999999999,-4250.7
-10643.895,-11531.654999999999,-21911.04,-6240.87,604.665,-29358.989999999998,-11577.869999999999,-4245.974999999999
-10638.99,-11509.74,-21895.245,-6238.665,587.97,-29444.805,-11632.005,-4243.455
-10644.705,-11557.215,-21951.45,-6290.28,551.745,-29408.67,-11528.369999999999,-4216.68
-10633.005,-11562.39,-21954.149999999998,-6269.76,584.3249999999999,-29335.77,-11456.145,-4206.78
-10718.55,-11620.395,-21998.61,-6332.804999999999,504.495,-29470.364999999998,-11612.52,-4300.38
-10730.97,-11619.855,-22003.469999999998,-6364.844999999999,462.015,-29520.045,-11672.46,-4312.575
-10685.16,-11581.785,-21960.899999999998,-6315.03,513.405,-29471.805,-11646.72,-4271.264999999999
-10621.664999999999,-11540.115,-21926.61,-6264.045,566.1,-29443.14,-11611.125,-4237.514999999999
-10680.48,-11585.609999999999,-21955.05,-6279.21,562.8149999999999,-29426.94,-11578.545,-4299.165
-10733.445,-11572.74,-21957.39,-6318.179999999999,500.53499999999997,-29506.004999999997,-11588.939999999999,-4350.69
-10701.494999999999,-11551.725,-21954.96,-6325.5599999999995,474.435,-29582.1,-11622.105,-4319.955
-10676.789999999999,-11573.595,-21981.555,-6346.08,471.59999999999997,-29568.96,-11632.904999999999,-4244.625
-10625.625,-11527.56,-21929.309999999998,-6275.115,567.72,-29438.37,-11587.455,-4192.5599999999995
-10647.72,-11544.84,-21938.489999999998,-6287.175,543.1949999999999,-29493.27,-11653.74,-4241.34
-10668.465,-11536.605,-21944.52,-6312.96,501.34499999999997,-29545.559999999998,-11691.135,-4313.34
-10685.43,-11559.015,-21957.03,-6319.53,490.95,-29547.899999999998,-11674.26,-4330.98
-10685.97,-11547.404999999999,-21932.145,-6274.035,547.47,-29502.989999999998,-11662.515,-4353.93
-10706.085,-11546.64,-21931.2,-6287.04,530.145,-29513.295,-11638.08,-4343.04
-10713.465,-11611.35,-22000.815,-6354.179999999999,468.85499999999996,-29527.92,-11617.199999999999,-4277.925
-10696.904999999999,-11604.914999999999,-21998.07,-6360.795,467.41499999999996,-29522.655,-11612.43,-4243.139999999999
-10661.625,-11592.945,-21987.45,-6343.965,479.15999999999997,-29553.524999999998,-11596.859999999999,-4199.8949999999995
-10630.8,-11557.08,-21949.065,-6299.37,519.255,-29542.5,-11597.13,-4181.04
-10621.89,-11522.475,-21913.11,-6271.965,536.895,-29524.995,-11610.359999999999,-4211.1449999999995
-10639.664999999999,-11538.539999999999,-21927.69,-6274.215,570.645,-29457.629999999997,-11600.64,-4234.95
-10676.835,-11583.855,-21964.815,-6300.405,561.51,-29486.204999999998,-11623.994999999999,-4253.264999999999
-10667.565,-11575.439999999999,-21968.415,-6321.285,505.935,-29557.26,-11643.48,-4248.18
-10649.699999999999,-11551.14,-21950.37,-6312.69,505.03499999999997,-29534.445,-11635.92,-4246.5599999999995
-10661.895,-11570.805,-21967.965,-6318.855,519.12,-29483.19,-11634.66,-4259.79
-10654.02,-11563.56,-21960.945,-6317.415,509.13,-29518.875,-11629.845,-4246.695
-10644.93,-11556.539999999999,-21961.17,-6319.98,494.865,-29578.41,-11638.215,-4237.11
-10658.789999999999,-11555.369999999999,-21959.73,-6327.855,472.04999999999995,-29610.765,-11654.055,-4254.525
-10668.555,-11570.22,-21964.59,-6310.3949999999995,494.01,-29542.05,-11613.06,-4262.264999999999
-10692.449999999999,-11593.305,-21991.364999999998,-6342.929999999999,492.12,-29514.059999999998,-11611.035,-4285.575
-10672.38,-11566.439999999999,-21991.905,-6370.29,518.49,-29500.289999999997,-11653.515,-4275.495
-10611.72,-11498.4,-21926.07,-6289.83,562.14,-29473.379999999997,-11665.89,-4237.155
-10596.015,-11476.71,-21889.395,-6263.6849999999995,568.215,-29524.32,-11638.845,-4240.26
-10686.779999999999,-11583.63,-21981.465,-6402.69,451.48499999999996,-29675.295,-11698.244999999999,-4302.09
-10714.14,-11638.755,-22061.43,-6491.07,424.48499999999996,-29658.195,-11618.64,-4281.615
-10632.42,-11548.98,-21982.5,-6411.599999999999,528.345,-29559.015,-11565.63,-4219.605
-10624.32,-11554.515,-21989.7,-6408.719999999999,501.29999999999995,-29586.69,-11607.345,-4229.325
-10675.619999999999,-11597.085,-21991.905,-6303.825,556.785,-29542.77,-11640.914999999999,-4268.88
-10662.345,-11569.23,-21942.989999999998,-6245.1449999999995,539.28,-29490.84,-11681.234999999999,-4263.57
-10674.315,-11565.675,-21945.105,-6260.04,484.56,-29486.34,-11656.664999999999,-4288.86
-10666.89,-11545.154999999999,-21918.735,-6256.17,496.66499999999996,-29589.254999999997,-11704.365,-4306.005
-10655.19,-11537.145,-21911.94,-6256.035,498.555,-29651.399999999998,-11780.189999999999,-4311.18
-10681.02,-11594.699999999999,-21975.795,-6320.5199999999995,439.245,-29636.145,-11706.75,-4302.63
-10646.19,-11542.14,-21945.96,-6303.33,490.635,-29481.795,-11581.425,-4239.945
-10605.015,-11506.59,-21891.645,-6236.37,578.16,-29412.045,-11508.57,-4190.58
-10585.935,-11509.289999999999,-21913.335,-6241.724999999999,581.985,-29470.32,-11530.305,-4182.84
-10691.685,-11590.56,-21981.329999999998,-6326.73,473.805,-29602.754999999997,-11674.439999999999,-4293.675
-10748.609999999999,-11646.225,-22040.28,-6403.545,385.875,-29681.28,-11728.845,-4347.405
-10749.779999999999,-11659.994999999999,-22057.02,-6433.5599999999995,373.86,-29609.504999999997,-11613.015,-4334.3099999999995
-10654.109999999999,-11567.789999999999,-21966.885,-6320.295,515.655,-29447.325,-11501.82,-4234.1849999999995
-10651.77,-11517.345,-21893.219999999998,-6216.705,630.045,-29373.614999999998,-11560.994999999999,-4287.465
-10726.695,-11575.98,-21954.42,-6279.57,564.255,-29431.89,-11607.57,-4370.04
-10725.029999999999,-11587.095,-21969.135,-6302.745,537.48,-29457.315,-11587.365,-4347.405
-10670.085,-11561.445,-21945.87,-6283.215,551.295,-29457.855,-11583.27,-4285.3949999999995
-10608.345,-11551.545,-21936.375,-6285.014999999999,542.295,-29472.704999999998,-11633.895,-4199.76
-10602.18,-11537.145,-21935.295,-6282.2699999999995,552.735,-29454.524999999998,-11608.605,-4196.88
-10603.574999999999,-11515.005,-21916.62,-6261.705,569.16,-29455.289999999997,-11561.085,-4200.57
-10640.07,-11552.67,-21946.77,-6299.73,521.775,-29519.594999999998,-11610.539999999999,-4223.385
-10682.145,-11593.89,-21983.805,-6336.63,494.505,-29548.305,-11661.885,-4258.53
-10687.185,-11617.965,-22004.594999999998,-6347.474999999999,486.67499999999995,-29553.524999999998,-11661.615,-4264.83
-10669.23,-11603.295,-22006.079999999998,-6357.24,459.04499999999996,-29577.149999999998,-11632.859999999999,-4253.985
-10651.77,-11580.84,-21989.07,-6343.155,471.06,-29569.545,-11613.33,-4242.24
-10638.81,-11567.925,-21970.98,-6317.775,501.57,-29549.879999999997,-11632.14,-4238.1449999999995
-10648.17,-11564.189999999999,-21954.87,-6300.9,524.295,-29527.469999999998,-11634.48,-4253.04
-10660.5,-11553.525,-21949.965,-6307.065,514.53,-29536.695,-11639.115,-4268.655
-10644.345,-11550.015,-21955.86,-6312.465,498.195,-29558.699999999997,-11636.055,-4252.005
-10636.65,-11546.775,-21951.629999999997,-6305.849999999999,511.46999999999997,-29547.0,-11641.23,-4250.474999999999
-10644.84,-11547.045,-21945.6,-6301.71,512.685,-29559.78,-11675.34,-4269.014999999999
-10662.57,-11567.97,-21963.825,-6319.755,488.52,-29588.265,-11676.24,-4281.03
-10668.06,-11610.404999999999,-22003.245,-6341.94,479.52,-29575.125,-11613.24,-4260.6449999999995
-10638.09,-11604.105,-22004.19,-6319.26,517.905,-29529.855,-11583.539999999999,-4228.605
-10654.199999999999,-11543.939999999999,-21934.035,-6294.33,528.165,-29532.105,-11622.285,-4265.505
-10666.845,-11534.67,-21918.645,-6289.92,526.86,-29528.91,-11639.295,-4288.7699999999995
-10687.32,-11574.855,-21962.024999999998,-6320.79,492.12,-29550.329999999998,-11642.31,-4320.2699999999995
-10699.515,-11592.045,-21989.655,-6355.44,439.56,-29611.305,-11623.005,-4325.805
-10652.22,-11581.425,-21974.895,-6343.155,436.005,-29706.57,-11631.779999999999,-4252.815
-10531.98,-11477.97,-21890.745,-6250.815,521.46,-29700.27,-11729.295,-4164.03
-10537.47,-11411.955,-21827.879999999997,-6212.835,554.535,-29613.105,-11733.66,-4203.045
-10620.539999999999,-11497.59,-21897.54,-6291.54,474.93,-29628.36,-11701.08,-4247.28
-10700.775,-11611.215,-22018.905,-6400.08,367.56,-29761.199999999997,-11695.41,-4294.349999999999
-10699.875,-11609.505,-22016.565,-6391.889999999999,390.10499999999996,-29707.965,-11660.535,-4305.735
-10688.265,-11598.3,-22001.94,-6353.099999999999,504.04499999999996,-29506.454999999998,-11596.545,-4292.6849999999995
-10665.09,-11587.14,-21975.524999999998,-6301.125,589.86,-29423.61,-11591.595,-4257.764999999999
-10607.13,-11544.39,-21926.07,-6241.7699999999995,631.17,-29381.94,-11540.654999999999,-4200.795
-10614.96,-11514.33,-21914.37,-6258.6449999999995,590.805,-29410.92,-11557.529999999999,-4231.98
-10682.19,-11578.59,-21983.085,-6366.69,458.145,-29585.969999999998,-11688.029999999999,-4305.6449999999995
-10669.725,-11577.51,-21987.945,-6385.094999999999,412.425,-29686.545,-11794.32,-4303.215
-10638.81,-11532.015,-21931.965,-6314.804999999999,482.805,-29623.32,-11760.39,-4289.67
-10661.039999999999,-11564.595,-21965.535,-6295.32,543.1949999999999,-29515.86,-11628.359999999999,-4279.635
-10669.725,-11576.789999999999,-21966.75,-6290.1449999999995,547.785,-29475.225,-11531.295,-4272.615
-10651.455,-11568.555,-21955.68,-6291.675,522.495,-29551.905,-11564.189999999999,-4284.0
-10665.045,-11614.635,-21997.53,-6316.335,511.695,-29523.329999999998,-11536.605,-4294.575
-10662.029999999999,-11555.55,-21950.55,-6277.365,585.36,-29397.465,-11552.715,-4301.1449999999995
-10658.34,-11520.539999999999,-21916.305,-6268.905,580.68,-29473.335,-11660.039999999999,-4286.655
-10678.68,-11569.23,-21966.254999999997,-6329.115,483.03,-29581.605,-11646.765,-4303.845
-10703.115,-11603.43,-21997.8,-6357.42,464.805,-29569.32,-11598.074999999999,-4298.67
-10653.615,-11569.095,-21964.41,-6315.929999999999,510.16499999999996,-29566.305,-11688.119999999999,-4229.01
-10626.21,-11546.73,-21949.605,-6312.33,492.03,-29587.905,-11706.615,-4225.68
-10670.49,-11583.404999999999,-21982.14,-6336.405,473.98499999999996,-29583.36,-11648.43,-4270.545
-10691.865,-11599.785,-21998.114999999998,-6351.165,441.9,-29663.46,-11689.289999999999,-4312.3949999999995
-10680.255,-11588.895,-21992.67,-6349.86,441.35999999999996,-29694.329999999998,-11689.38,-4303.17
-10693.17,-11618.82,-22014.0,-6342.48,515.16,-29508.254999999997,-11563.244999999999,-4289.985
-10684.8,-11592.765,-21990.915,-6321.285,547.605,-29426.67,-11535.435,-4268.25
-10671.525,-11548.619999999999,-21940.425,-6288.84,542.88,-29493.675,-11624.939999999999,-4285.26
-10651.725,-11562.525,-21947.355,-6294.465,519.03,-29537.594999999998,-11646.72,-4277.43
-10647.359999999999,-11606.535,-22004.504999999997,-6354.9,454.68,-29593.079999999998,-11663.46,-4243.455
-10649.34,-11595.96,-22001.715,-6375.105,433.03499999999997,-29620.44,-11675.34,-4235.264999999999
-10633.68,-11554.965,-21969.765,-6343.74,464.84999999999997,-29596.094999999998,-11651.67,-4223.07
-10642.545,-11569.455,-21998.34,-6337.755,503.37,-29542.184999999998,-11626.244999999999,-4239.72
-10675.215,-11600.73,-22023.18,-6352.92,517.05,-29531.565,-11630.34,-4278.33
-10662.66,-11593.89,-21986.28,-6356.205,506.43,-29534.67,-11619.404999999999,-4261.545
-10658.43,-11596.14,-21974.625,-6376.139999999999,476.72999999999996,-29571.614999999998,-11622.6,-4252.905
-10647.539999999999,-11583.045,-21999.239999999998,-6381.179999999999,487.48499999999996,-29582.73,-11624.805,-4245.974999999999
-10639.215,-11546.279999999999,-21963.915,-6304.59,524.2049999999999,-29568.329999999998,-11629.439999999999,-4249.17
-10655.595,-11571.255,-21974.219999999998,-6289.695,516.645,-29568.329999999998,-11638.215,-4264.65
-10649.25,-11575.845,-21997.575,-6315.389999999999,495.945,-29572.695,-11637.9,-4260.33
-10639.215,-11559.42,-21981.78,-6353.1449999999995,485.64,-29581.515,-11640.914999999999,-4254.75
-10637.775,-11553.48,-21965.445,-6402.42,466.60499999999996,-29589.93,-11646.404999999999,-4255.83
-10647.449999999999,-11559.689999999999,-21971.43,-6357.195,480.28499999999997,-29587.725,-11648.34,-4262.985
-10657.125,-11571.795,-21983.76,-6344.6849999999995,511.91999999999996,-29573.055,-11641.725,-4268.745
-10656.72,-11571.84,-21971.385,-6323.58,549.09,-29556.495,-11647.08,-4273.695
-10618.244999999999,-11516.715,-21911.94,-6266.34,563.13,-29526.344999999998,-11672.055,-4260.105
-10605.42,-11494.755,-21896.235,-6285.105,589.86,-29510.954999999998,-11654.73,-4258.98
-10676.52,-11584.08,-21982.68,-6355.755,469.34999999999997,-29619.899999999998,-11616.164999999999,-4294.44
-10682.279999999999,-11613.689999999999,-22010.175,-6335.775,392.49,-29790.045,-11691.045,-4275.2699999999995
-10623.24,-11537.369999999999,-21950.145,-6302.61,385.155,-29884.635,-11805.119999999999,-4254.84
-10635.525,-11538.18,-21949.695,-6341.445,405.63,-29844.585,-11784.285,-4283.099999999999
-10656.99,-11567.205,-21966.93,-6348.42,495.765,-29615.85,-11642.625,-4276.755
-10662.39,-11585.025,-21988.62,-6348.69,538.425,-29486.835,-11520.225,-4259.385
-10654.785,-11570.445,-21965.805,-6293.429999999999,528.885,-29498.175,-11588.805,-4276.349999999999
-10665.99,-11577.869999999999,-21960.585,-6260.264999999999,534.3299999999999,-29504.024999999998,-11697.975,-4309.425
-10646.145,-11558.925,-21949.425,-6283.26,491.76,-29550.914999999997,-11759.4,-4302.675
-10628.64,-11547.404999999999,-21938.715,-6291.045,485.505,-29571.12,-11725.965,-4272.615
-10638.72,-11592.27,-22003.875,-6346.215,450.22499999999997,-29588.219999999998,-11677.23,-4247.01
-10650.42,-11572.02,-21976.29,-6317.91,510.93,-29479.5,-11505.734999999999,-4244.805
-10671.164999999999,-11608.785,-21993.93,-6315.344999999999,518.715,-29507.445,-11561.895,-4271.58
-10696.23,-11661.119999999999,-22057.739999999998,-6361.965,491.53499999999997,-29559.555,-11670.66,-4298.49
-10695.33,-11601.675,-22008.015,-6358.005,467.41499999999996,-29650.274999999998,-11658.51,-4292.595
-10658.565,-11579.535,-21985.469999999998,-6329.34,495.405,-29605.32,-11608.02,-4254.84
-10627.289999999999,-11539.484999999999,-21937.59,-6281.19,544.41,-29479.23,-11536.74,-4241.474999999999
-10626.885,-11553.93,-21951.09,-6288.12,543.465,-29473.515,-11558.295,-4259.43
-10669.725,-11587.635,-21974.94,-6299.73,532.8,-29525.489999999998,-11611.035,-4328.325
-10721.699999999999,-11581.695,-21951.719999999998,-6269.67,565.47,-29486.43,-11599.425,-4418.415
-10738.17,-11542.275,-21932.19,-6261.57,576.405,-29477.52,-11594.115,-4464.224999999999
-10698.93,-11538.855,-21930.57,-6271.695,557.01,-29526.074999999997,-11664.585,-4369.905
-10636.965,-11575.305,-21973.41,-6313.275,510.255,-29571.704999999998,-11679.885,-4210.83
-10622.07,-11589.885,-22003.92,-6366.87,453.28499999999997,-29626.245,-11685.24,-4181.04
-10659.645,-11620.574999999999,-22037.94,-6405.795,422.59499999999997,-29640.555,-11686.814999999999,-4232.025
-10661.895,-11611.98,-22024.934999999998,-6373.665,461.52,-29612.43,-11686.365,-4242.51
-10649.295,-11584.215,-21980.745,-6326.37,498.96,-29578.995,-11619.404999999999,-4223.745
-10602.09,-11543.22,-21942.405,-6292.304999999999,523.845,-29571.524999999998,-11596.23,-4171.23
-10630.08,-11560.994999999999,-21959.594999999998,-6318.855,496.215,-29600.73,-11637.045,-4216.095
-10668.914999999999,-11590.605,-21983.579999999998,-6338.565,481.905,-29604.555,-11657.43,-4276.755
-10669.904999999999,-11592.449999999999,-21985.245,-6334.74,493.91999999999996,-29591.414999999997,-11676.375,-4294.889999999999
-10657.08,-11593.439999999999,-21994.425,-6336.09,499.455,-29581.335,-11700.404999999999,-4277.205
-10644.84,-11578.814999999999,-21981.555,-6325.5599999999995,501.34499999999997,-29582.37,-11652.975,-4251.69
-10676.699999999999,-11607.3,-21995.504999999997,-6359.804999999999,446.58,-29617.92,-11599.289999999999,-4256.639999999999
-10657.845,-11602.17,-22006.665,-6374.655,442.8,-29623.14,-11596.14,-4238.325
-10644.705,-11594.34,-22009.545,-6364.44,464.715,-29618.594999999998,-11646.18,-4245.57
-10659.645,-11590.47,-22003.2,-6365.205,452.7,-29645.82,-11673.765,-4275.2699999999995
-10657.89,-11582.369999999999,-21992.399999999998,-6355.304999999999,448.60499999999996,-29680.92,-11706.345,-4283.73
-10650.465,-11583.539999999999,-21993.344999999998,-6352.29,441.04499999999996,-29728.395,-11701.529999999999,-4274.505
-10639.98,-11561.13,-21973.094999999998,-6338.7,465.65999999999997,-29697.93,-11679.795,-4259.07
-10640.295,-11564.865,-21975.93,-6355.035,458.955,-29603.34,-11640.06,-4252.68
-10647.18,-11569.814999999999,-21976.739999999998,-6346.3949999999995,501.075,-29464.829999999998,-11634.84,-4268.5199999999995
-10643.13,-11565.855,-21988.215,-6334.83,532.89,-29526.21,-11625.48,-4263.615
-10651.23,-11581.289999999999,-22015.754999999997,-6350.04,546.7049999999999,-29561.94,-11581.109999999999,-4257.9
-10658.34,-11597.445,-22004.954999999998,-6359.085,501.885,-29603.204999999998,-11631.33,-4265.505
-10636.875,-11571.615,-21958.425,-6302.5199999999995,470.43,-29648.655,-11685.51,-4258.53
-10630.215,-11538.99,-21939.704999999998,-6293.115,472.54499999999996,-29654.055,-11675.789999999999,-4260.915
-10624.545,-11537.369999999999,-21945.915,-6319.125,525.015,-29581.785,-11644.515,-4259.79
-10614.375,-11533.994999999999,-21933.855,-6316.74,555.345,-29538.27,-11618.145,-4253.625
-10623.869999999999,-11579.535,-21974.579999999998,-6336.8099999999995,458.59499999999997,-29661.75,-11697.48,-4258.485
-10655.369999999999,-11587.005,-21998.835,-6369.57,434.15999999999997,-29664.225,-11691.09,-4280.94
-10665.27,-11582.775,-21989.925,-6340.23,464.84999999999997,-29590.92,-11621.789999999999,-4271.13
-10639.664999999999,-11575.98,-21960.18,-6271.065,538.785,-29501.594999999998,-11612.25,-4255.74
-10666.44,-11597.67,-21997.485,-6317.325,497.745,-29586.914999999997,-11629.035,-4283.55
-10689.75,-11608.875,-22009.995,-6350.13,472.95,-29621.43,-11655.539999999999,-4298.355
-10667.295,-11590.154999999999,-21978.27,-6317.1449999999995,514.485,-29567.295,-11665.08,-4287.24
-10662.345,-11635.83,-22005.989999999998,-6322.365,489.015,-29586.96,-11707.875,-4287.915
-10650.375,-11586.24,-21983.985,-6340.139999999999,440.23499999999996,-29691.945,-11714.22,-4277.25
-10620.18,-11513.385,-21924.989999999998,-6304.545,470.78999999999996,-29700.495,-11682.63,-4244.04
-10621.35,-11548.26,-21952.62,-6300.719999999999,512.01,-29595.6,-11669.715,-4247.91
-10636.065,-11552.625,-21951.405,-6282.09,574.965,-29445.975,-11596.455,-4259.88
-10657.215,-11581.83,-21975.84,-6316.29,524.655,-29505.105,-11603.654999999999,-4270.275
-10623.914999999999,-11548.619999999999,-21960.135,-6313.094999999999,494.64,-29581.379999999997,-11659.545,-4248.09
-10678.095,-11602.215,-22003.335,-6365.07,428.895,-29660.445,-11683.439999999999,-4292.28
-10657.395,-11574.18,-21981.465,-6329.745,503.46,-29513.745,-11630.564999999999,-4296.375
-10646.865,-11522.925,-21908.655,-6267.24,567.63,-29459.969999999998,-11599.38,-4304.34
-10654.47,-11576.925,-21969.765,-6316.38,526.275,-29496.914999999997,-11556.539999999999,-4269.96
-10638.81,-11566.529999999999,-21966.434999999998,-6300.315,562.59,-29475.18,-11504.43,-4234.59
-10647.27,-11578.725,-21973.86,-6311.025,539.91,-29539.98,-11609.414999999999,-4243.23
-10657.395,-11584.17,-21974.715,-6311.16,520.11,-29590.065,-11707.064999999999,-4264.29
-10692.045,-11616.885,-22010.895,-6356.115,459.81,-29640.015,-11733.885,-4298.805
-10645.83,-11577.285,-21979.26,-6338.474999999999,460.89,-29653.065,-11706.39,-4266.9
-10634.895,-11574.09,-21981.555,-6318.675,524.79,-29544.164999999997,-11619.314999999999,-4266.764999999999
-10631.609999999999,-11559.06,-21952.754999999997,-6278.985,578.16,-29491.065,-11612.205,-4275.99
-10657.529999999999,-11585.34,-21971.879999999997,-6309.2699999999995,536.49,-29548.395,-11620.664999999999,-4275.72
-10671.84,-11616.93,-22020.704999999998,-6369.615,444.41999999999996,-29686.725,-11635.605,-4264.74
-10666.98,-11593.125,-21996.989999999998,-6365.16,420.39,-29771.73,-11713.635,-4279.365
-10664.369999999999,-11592.81,-22002.75,-6371.594999999999,430.515,-29692.98,-11697.345,-4280.58
-10660.005,-11585.25,-21985.785,-6337.889999999999,487.26,-29561.805,-11632.77,-4275.18
-10662.795,-11587.14,-21976.965,-6311.969999999999,538.56,-29497.77,-11624.039999999999,-4288.815
-10642.365,-11547.18,-21941.325,-6291.09,545.22,-29526.524999999998,-11637.09,-4276.9349999999995
-10654.02,-11579.939999999999,-21975.165,-6323.8949999999995,502.78499999999997,-29581.559999999998,-11653.92,-4265.415
-10660.365,-11606.58,-22007.655,-6353.01,471.15,-29590.155,-11632.23,-4258.08
-10642.994999999999,-11583.404999999999,-21978.09,-6331.365,491.94,-29562.03,-11619.99,-4246.155
-10635.029999999999,-11591.369999999999,-21971.25,-6330.554999999999,489.96,-29558.295,-11617.785,-4247.19
-10637.775,-11572.154999999999,-21959.73,-6342.57,462.06,-29584.35,-11632.77,-4254.4349999999995
-10633.095,-11547.404999999999,-21959.145,-6345.405,454.275,-29621.969999999998,-11662.47,-4256.28
-10629.63,-11556.27,-21964.32,-6313.7699999999995,506.835,-29591.774999999998,-11674.89,-4260.465
-10634.895,-11560.859999999999,-21964.454999999998,-6295.95,537.7049999999999,-29565.809999999998,-11659.77,-4264.785
-10652.67,-11593.755,-22000.364999999998,-6351.84,487.935,-29593.844999999998,-11635.47,-4268.07
-10657.619999999999,-11634.074999999999,-22022.504999999997,-6364.98,482.21999999999997,-29602.395,-11636.595,-4258.889999999999
-10642.14,-11584.035,-21988.934999999998,-6344.594999999999,497.88,-29602.98,-11632.41,-4256.01
-10603.98,-11507.265,-21906.495,-6286.59,538.245,-29602.215,-11681.73,-4248.72
-10570.185,-11477.97,-21883.95,-6276.465,558.855,-29588.265,-11731.77,-4235.94
-10609.289999999999,-11509.965,-21929.445,-6321.69,528.795,-29610.989999999998,-11738.16,-4268.655
-10673.369999999999,-11598.345,-22016.204999999998,-6388.605,400.005,-29759.219999999998,-11730.779999999999,-4311.0
-10742.22,-11692.845,-22098.825,-6449.3099999999995,321.65999999999997,-29740.004999999997,-11634.345,-4344.165
-10715.85,-11658.824999999999,-22043.475,-6354.9,434.565,-29618.01,-11599.064999999999,-4310.28
-10641.42,-11585.97,-21977.684999999998,-6292.349999999999,559.17,-29494.53,-11640.914999999999,-4248.63
-10602.09,-11537.414999999999,-21929.67,-6251.13,570.42,-29522.114999999998,-11680.425,-4222.575
-10622.97,-11557.305,-21957.434999999998,-6310.8,460.71,-29624.895,-11683.755,-4239.224999999999
-10613.97,-11545.74,-21958.29,-6315.929999999999,461.43,-29596.545,-11652.705,-4232.43
-10617.255,-11541.195,-21941.954999999998,-6299.1449999999995,495.945,-29599.065,-11663.01,-4242.465
-10663.785,-11587.005,-21984.84,-6339.105,481.72499999999997,-29582.64,-11666.205,-4276.26
-10690.74,-11615.31,-22007.79,-6352.605,483.84,-29560.545,-11638.845,-4297.545
-10668.734999999999,-11617.289999999999,-22002.57,-6322.995,513.405,-29557.754999999997,-11619.585,-4288.1849999999995
-10665.945,-11601.135,-21990.329999999998,-6324.929999999999,500.445,-29610.629999999997,-11677.77,-4302.2699999999995
-10653.345,-11570.85,-21974.399999999998,-6317.775,497.52,-29647.215,-11725.785,-4300.83
-10664.1,-11575.529999999999,-21975.614999999998,-6318.495,498.96,-29618.19,-11680.74,-4307.264999999999
-10666.755,-11577.555,-21975.3,-6323.085,495.22499999999997,-29562.84,-11625.39,-4291.695
-10638.18,-11544.48,-21945.6,-6306.255,498.555,-29595.149999999998,-11629.529999999999,-4252.095
-10592.279999999999,-11504.025,-21906.945,-6265.17,534.285,-29624.309999999998,-11683.529999999999,-4223.43
-10604.34,-11519.145,-21910.14,-6258.78,553.995,-29563.245,-11693.744999999999,-4247.865
-10633.635,-11571.885,-21970.125,-6318.045,503.145,-29535.3,-11592.539999999999,-4246.514999999999
-10654.74,-11588.265,-21978.855,-6309.045,523.62,-29535.344999999998,-11647.98,-4278.33
-10669.994999999999,-11594.295,-21990.645,-6335.054999999999,487.03499999999997,-29599.379999999997,-11728.26,-4304.565
-10642.275,-11566.439999999999,-21971.969999999998,-6338.385,470.655,-29643.704999999998,-11704.859999999999,-4263.705
-10681.154999999999,-11619.585,-22026.015,-6385.86,425.205,-29687.175,-11653.02,-4279.545
-10628.865,-11567.97,-21968.37,-6311.79,518.715,-29570.67,-11587.275,-4214.5199999999995
-10578.105,-11500.154999999999,-21901.68,-6240.915,596.295,-29494.395,-11578.68,-4200.93
-10661.445,-11597.039999999999,-22000.32,-6352.65,463.40999999999997,-29637.945,-11664.765,-4278.42
-10717.56,-11682.72,-22095.585,-6441.12,378.405,-29722.454999999998,-11708.369999999999,-4307.445
-10660.185,-11602.664999999999,-22006.754999999997,-6356.88,452.025,-29691.765,-11700.27,-4265.415
-10641.15,-11563.605,-21962.879999999997,-6311.745,491.98499999999996,-29653.379999999997,-11700.18,-4264.155
-10655.91,-11601.945,-21988.665,-6315.3,516.8249999999999,-29547.449999999997,-11647.89,-4266.54
-10650.24,-11618.324999999999,-22002.48,-6314.8949999999995,535.68,-29524.545,-11631.195,-4255.514999999999
-10655.414999999999,-11603.34,-22005.36,-6338.34,499.85999999999996,-29585.969999999998,-11633.31,-4262.535
-10648.484999999999,-11565.945,-21981.96,-6341.58,480.33,-29611.89,-11654.234999999999,-4257.63
-10648.08,-11587.949999999999,-21992.76,-6335.594999999999,491.805,-29599.695,-11650.185,-4253.625
-10624.095,-11552.039999999999,-21969.27,-6320.655,495.9,-29615.579999999998,-11673.539999999999,-4251.105
-10629.99,-11557.755,-21965.355,-6320.25,482.76,-29655.629999999997,-11699.414999999999,-4260.195
-10625.715,-11565.404999999999,-21972.96,-6334.92,464.53499999999997,-29645.82,-11694.779999999999,-4253.22
-10636.335,-11561.445,-21968.055,-6331.005,476.505,-29597.76,-11662.335,-4256.099999999999
-10652.805,-11583.675,-21978.719999999998,-6331.815,479.60999999999996,-29613.285,-11657.699999999999,-4269.555
-10668.734999999999,-11589.795,-21988.62,-6341.04,482.895,-29615.219999999998,-11671.83,-4290.389999999999
-10666.395,-11587.904999999999,-21980.925,-6329.429999999999,502.335,-29580.12,-11679.119999999999,-4287.78
-10633.725,-11569.77,-21967.29,-6308.594999999999,522.495,-29549.43,-11642.67,-4245.345
-10610.369999999999,-11538.675,-21939.795,-6297.12,507.59999999999997,-29603.969999999998,-11657.475,-4231.53
-10630.484999999999,-11553.48,-21956.805,-6320.115,480.33,-29678.625,-11728.35,-4274.955
-10658.835,-11580.21,-21980.52,-6337.44,459.71999999999997,-29713.364999999998,-11749.814999999999,-4310.055
-10661.49,-11595.869999999999,-22002.344999999998,-6354.764999999999,452.835,-29681.594999999998,-11684.789999999999,-4298.94
-10672.02,-11614.095,-22008.42,-6358.95,470.565,-29600.46,-11607.93,-4272.84
-10616.715,-11554.289999999999,-21960.225,-6311.88,506.07,-29593.754999999997,-11691.72,-4241.97
-10569.42,-11491.38,-21897.0,-6260.625,539.73,-29627.145,-11723.805,-4232.5199999999995
-10574.775,-11513.654999999999,-21909.015,-6251.219999999999,570.375,-29579.94,-11637.945,-4212.135
-10645.425,-11584.484999999999,-21981.105,-6313.455,522.045,-29577.015,-11647.935,-4268.07
-10705.68,-11646.404999999999,-22055.219999999998,-6403.23,416.655,-29675.204999999998,-11680.335,-4309.965
-10652.22,-11591.279999999999,-22001.715,-6358.59,444.10499999999996,-29674.17,-11639.115,-4255.155
-10648.664999999999,-11592.72,-21998.745,-6351.66,446.31,-29673.989999999998,-11682.855,-4264.11
-10701.675,-11643.029999999999,-22046.309999999998,-6398.1449999999995,418.185,-29689.515,-11698.785,-4307.58
-10682.145,-11610.404999999999,-22008.69,-6350.355,493.155,-29554.469999999998,-11645.324999999999,-4293.495
-10622.88,-11552.67,-21941.73,-6269.04,572.49,-29527.469999999998,-11662.109999999999,-4263.389999999999
-10626.84,-11556.449999999999,-21948.975,-6282.99,528.12,-29649.555,-11685.465,-4256.415
-10634.715,-11547.404999999999,-21948.3,-6302.429999999999,490.77,-29646.675,-11650.365,-4262.04
-10604.609999999999,-11502.99,-21906.54,-6263.82,549.045,-29522.879999999997,-11698.38,-4276.485
-10598.535,-11527.47,-21934.844999999998,-6269.04,575.4599999999999,-29512.125,-11725.244999999999,-4264.83
-10692.27,-11650.68,-22049.774999999998,-6380.865,463.5,-29619.405,-11674.035,-4290.345
-10675.305,-11616.795,-22015.934999999998,-6352.11,475.335,-29617.965,-11646.27,-4282.2
-10644.84,-11564.01,-21957.48,-6296.264999999999,531.18,-29577.149999999998,-11699.82,-4284.855
-10650.06,-11623.77,-22019.715,-6345.045,490.5,-29575.35,-11669.22,-4266.8099999999995
-10666.8,-11636.865,-22038.57,-6357.105,481.905,-29590.11,-11578.455,-4273.785
-10650.195,-11555.865,-21975.21,-6336.855,473.58,-29635.649999999998,-11640.465,-4294.26
-10671.75,-11592.404999999999,-21987.09,-6330.87,475.60499999999996,-29606.219999999998,-11670.029999999999,-4336.38
-10681.244999999999,-11632.23,-22013.82,-6317.82,497.745,-29594.52,-11654.414999999999,-4332.42
-10652.895,-11526.84,-21935.07,-6294.915,520.11,-29585.385,-11623.635,-4280.13
-10653.39,-11556.72,-21948.84,-6293.025,540.405,-29546.1,-11612.115,-4250.07
-10628.595,-11587.635,-21986.415,-6338.25,481.68,-29633.489999999998,-11686.545,-4214.655
-10602.18,-11569.77,-21992.94,-6358.86,446.21999999999997,-29676.69,-11718.945,-4213.53
-10606.59,-11540.295,-21946.815,-6305.804999999999,508.455,-29601.045,-11707.289999999999,-4252.815
-10606.23,-11545.244999999999,-21952.079999999998,-6300.135,523.485,-29581.065,-11682.045,-4238.82
-10637.414999999999,-11585.97,-21995.235,-6347.16,478.26,-29608.02,-11659.545,-4232.07
-10645.065,-11603.97,-22015.215,-6371.775,442.03499999999997,-29656.98,-11678.895,-4224.735
-10646.955,-11590.74,-22000.41,-6365.115,433.395,-29700.945,-11684.43,-4237.695
-10649.295,-11586.555,-21992.355,-6351.344999999999,453.73499999999996,-29671.469999999998,-11660.715,-4251.555
-10669.815,-11607.705,-22018.95,-6361.29,472.005,-29589.614999999998,-11649.645,-4272.57
-10664.055,-11605.59,-22038.48,-6371.82,468.945,-29574.719999999998,-11652.345,-4270.455
-10638.0,-11576.789999999999,-21992.355,-6340.05,480.825,-29603.07,-11686.095,-4256.37
-10637.955,-11574.63,-21960.36,-6330.15,479.43,-29636.73,-11690.865,-4262.22
-10642.455,-11590.289999999999,-21988.844999999998,-6354.9,464.17499999999995,-29644.02,-11685.779999999999,-4261.995
-10638.135,-11574.314999999999,-21983.895,-6339.6449999999995,495.945,-29628.09,-11665.125,-4252.23
-10639.845,-11574.225,-21982.32,-6341.804999999999,514.755,-29594.34,-11647.71,-4250.115
-10641.96,-11574.18,-21976.29,-6335.91,516.6899999999999,-29568.059999999998,-11671.02,-4265.19
-10657.08,-11587.949999999999,-22001.219999999998,-6382.53,478.62,-29610.18,-11691.539999999999,-4291.065
-10659.779999999999,-11602.935,-22016.024999999998,-6396.929999999999,479.205,-29622.645,-11649.105,-4284.315
-10671.615,-11617.92,-22021.965,-6355.9349999999995,480.28499999999997,-29619.629999999997,-11653.605,-4276.305
-10640.789999999999,-11579.265,-21977.82,-6285.24,496.97999999999996,-29644.155,-11753.73,-4262.985
-10640.654999999999,-11591.1,-22000.68,-6310.889999999999,483.12,-29665.98,-11758.23,-4279.32
-10625.175,-11559.869999999999,-21978.585,-6320.205,487.08,-29650.454999999998,-11727.449999999999,-4262.67
-10597.5,-11519.1,-21920.129999999997,-6260.715,509.84999999999997,-29628.629999999997,-11674.17,-4227.3
-10602.539999999999,-11550.96,-21941.864999999998,-6259.95,518.13,-29633.399999999998,-11687.22,-4228.11
-10604.88,-11540.97,-21946.68,-6309.54,520.74,-29628.629999999997,-11756.97,-4241.835
-10629.27,-11551.859999999999,-21955.5,-6318.855,511.335,-29634.3,-11761.244999999999,-4261.68
-10667.609999999999,-11600.64,-22004.82,-6345.719999999999,493.10999999999996,-29617.199999999997,-11663.189999999999,-4275.945
-10681.065,-11621.789999999999,-22024.35,-6354.764999999999,471.91499999999996,-29627.1,-11680.515,-4298.355
-10628.145,-11545.695,-21951.09,-6296.04,519.525,-29634.164999999997,-11721.195,-4269.915
-10607.13,-11523.51,-21936.239999999998,-6301.889999999999,490.77,-29626.605,-11694.734999999999,-4248.405
-10649.34,-11568.824999999999,-21977.64,-6332.76,474.16499999999996,-29616.39,-11727.09,-4302.09
-10695.779999999999,-11623.545,-22029.795,-6377.8949999999995,444.87,-29647.89,-11740.77,-4328.505
-10684.619999999999,-11623.32,-22038.39,-6396.48,407.205,-29704.725,-11730.645,-4307.58
-10648.305,-11584.215,-22002.48,-6364.08,428.98499999999996,-29718.675,-11717.414999999999,-4268.745
-10612.664999999999,-11542.59,-21952.17,-6310.844999999999,489.41999999999996,-29680.289999999997,-11696.13,-4243.005
-10603.845,-11540.07,-21948.93,-6298.2,522.9449999999999,-29593.62,-11616.48,-4217.8949999999995
-10634.13,-11573.685,-21977.145,-6315.48,520.875,-29560.545,-11620.484999999999,-4231.485
-10667.52,-11601.494999999999,-22005.18,-6351.615,466.65,-29641.32,-11704.5,-4277.5199999999995
-10664.505,-11589.119999999999,-21991.86,-6335.865,485.775,-29633.895,-11704.5,-4307.58
-10650.375,-11580.525,-21976.335,-6313.905,512.775,-29561.805,-11596.005,-4288.815
-10623.51,-11571.119999999999,-21974.355,-6319.98,485.01,-29624.129999999997,-11707.695,-4253.4
-10623.869999999999,-11568.6,-21990.195,-6334.11,486.67499999999995,-29618.46,-11777.085,-4270.41
-10651.32,-11574.72,-21978.09,-6317.37,519.885,-29605.364999999998,-11729.789999999999,-4290.705
-10653.705,-11627.955,-22016.295,-6323.355,535.9499999999999,-29548.395,-11669.085,-4280.67
-10631.205,-11570.58,-21992.67,-6314.085,530.01,-29549.565,-11674.529999999999,-4267.9349999999995
-10637.145,-11529.539999999999,-21931.469999999998,-6291.2699999999995,523.845,-29563.335,-11665.484999999999,-4262.355
-10648.89,-11611.98,-22009.05,-6339.465,483.255,-29608.695,-11660.22,-4245.12
-10646.775,-11614.994999999999,-22020.03,-6351.03,477.81,-29617.965,-11666.07,-4239.72
-10649.295,-11591.1,-21995.235,-6348.51,471.645,-29636.055,-11744.505,-4267.71
-10656.63,-11618.279999999999,-22028.94,-6367.32,458.505,-29644.965,-11727.72,-4272.165
-10660.275,-11633.13,-22030.065,-6363.495,461.78999999999996,-29636.324999999997,-11656.619999999999,-4261.724999999999
-10668.69,-11612.789999999999,-22035.465,-6381.045,445.54499999999996,-29651.67,-11679.705,-4278.555
-10671.255,-11578.095,-21983.445,-6348.195,459.675,-29662.379999999997,-11725.154999999999,-4301.415
-10668.96,-11594.07,-21997.844999999998,-6357.24,448.78499999999997,-29675.745,-11753.91,-4303.845
-10653.39,-11573.73,-21980.024999999998,-6341.94,465.615,-29659.274999999998,-11745.855,-4288.95
-10653.029999999999,-11581.65,-21978.765,-6328.08,490.635,-29637.27,-11704.545,-4271.13
-10662.93,-11613.33,-21999.195,-6330.78,503.145,-29593.98,-11660.58,-4272.885
-10655.369999999999,-11590.965,-21995.325,-6338.565,494.505,-29591.594999999998,-11668.725,-4274.955
-10641.734999999999,-11564.82,-21974.895,-6327.224999999999,503.72999999999996,-29601.045,-11692.98,-4265.955
-10635.795,-11568.33,-21972.645,-6318.54,510.12,-29598.344999999998,-11667.195,-4255.38
-10630.17,-11578.77,-21973.094999999998,-6312.915,508.68,-29608.785,-11673.99,-4248.764999999999
-10617.93,-11563.83,-21963.915,-6303.375,519.255,-29593.079999999998,-11672.01,-4241.25
-10619.46,-11533.275,-21933.045,-6296.625,518.895,-29591.504999999997,-11680.65,-4249.575
-10642.815,-11573.73,-21984.975,-6360.344999999999,461.43,-29629.844999999998,-11708.369999999999,-4264.875
-10665.539999999999,-11611.935,-22042.62,-6405.84,423.99,-29654.1,-11714.49,-4275.63
-10655.324999999999,-11600.55,-22048.065,-6389.1449999999995,440.505,-29655.0,-11713.455,-4276.845
-10648.26,-11585.744999999999,-22000.77,-6331.455,501.34499999999997,-29656.844999999998,-11719.439999999999,-4272.84
-10642.005,-11571.57,-21957.704999999998,-6308.37,505.125,-29662.829999999998,-11718.045,-4271.085
-10638.315,-11565.72,-21965.129999999997,-6328.215,487.215,-29647.035,-11702.16,-4270.5
-10647.72,-11575.529999999999,-21980.79,-6349.139999999999,501.57,-29594.07,-11707.65,-4286.385
-10641.33,-11566.89,-21976.515,-6334.514999999999,509.21999999999997,-29602.89,-11788.064999999999,-4294.485
-10652.805,-11580.705,-21987.765,-6336.764999999999,482.13,-29598.524999999998,-11747.385,-4291.155
-10658.205,-11595.555,-21998.745,-6361.74,451.84499999999997,-29601.18,-11679.3,-4273.875
-10622.789999999999,-11558.205,-21960.225,-6307.29,488.29499999999996,-29638.17,-11722.68,-4244.67
-10601.82,-11522.34,-21919.32,-6268.815,487.03499999999997,-29714.039999999997,-11772.72,-4244.13
-10593.18,-11516.4,-21922.559999999998,-6284.79,469.84499999999997,-29749.59,-11771.369999999999,-4240.845
-10610.369999999999,-11531.385,-21931.02,-6289.0199999999995,484.695,-29700.945,-11790.27,-4277.205
-10671.93,-11593.305,-21991.68,-6333.66,491.895,-29596.23,-11738.34,-4318.5599999999995
-10679.67,-11627.369999999999,-22030.649999999998,-6355.889999999999,488.52,-29575.35,-11567.43,-4263.48
-10649.115,-11613.465,-22034.25,-6364.53,476.23499999999996,-29599.739999999998,-11577.689999999999,-4221.045
-10678.994999999999,-11621.654999999999,-22038.84,-6383.115,458.72999999999996,-29627.28,-11704.68,-4274.235
-10652.85,-11581.605,-21992.265,-6333.974999999999,497.34,-29624.085,-11730.24,-4279.7699999999995
-10660.949999999999,-11587.005,-21992.355,-6327.719999999999,508.905,-29574.719999999998,-11704.949999999999,-4288.59
-10688.715,-11621.88,-22025.52,-6360.795,482.58,-29567.385,-11646.449999999999,-4297.41
-10675.17,-11623.455,-22035.375,-6372.405,464.31,-29600.414999999997,-11672.369999999999,-4278.555
-10661.625,-11612.699999999999,-22025.16,-6363.405,463.04999999999995,-29628.18,-11733.84,-4278.375
-10658.25,-11601.045,-22013.46,-6353.594999999999,467.90999999999997,-29628.18,-11719.035,-4267.17
-10625.49,-11575.08,-21976.695,-6315.03,504.315,-29600.82,-11699.1,-4250.745
-10616.984999999999,-11591.775,-21989.52,-6299.73,526.095,-29596.41,-11718.449999999999,-4260.375
-10647.27,-11570.31,-21973.59,-6309.315,504.35999999999996,-29632.77,-11764.664999999999,-4296.915
-10680.39,-11605.095,-22018.59,-6363.764999999999,460.48499999999996,-29627.37,-11693.34,-4290.075
-10622.205,-11530.664999999999,-21946.23,-6304.95,508.32,-29591.73,-11670.795,-4235.264999999999
-10595.97,-11503.125,-21906.315,-6265.98,525.1949999999999,-29629.44,-11767.545,-4248.72
-10645.065,-11583.765,-21987.495,-6331.139999999999,472.905,-29658.015,-11734.695,-4272.3
-10669.32,-11625.93,-22029.75,-6364.665,451.89,-29678.895,-11708.64,-4264.695
-10630.755,-11569.095,-21967.245,-6306.57,505.26,-29639.789999999997,-11744.685,-4262.67
-10653.119999999999,-11590.515,-21992.67,-6335.46,471.78,-29669.67,-11734.47,-4285.215
-10668.42,-11608.92,-22020.165,-6367.905,441.945,-29657.745,-11681.055,-4277.34
-10659.645,-11569.23,-21978.765,-6342.165,468.405,-29650.094999999998,-11696.22,-4277.205
-10642.859999999999,-11562.48,-21971.204999999998,-6315.84,508.815,-29594.879999999997,-11672.595,-4266.54
-10635.615,-11568.779999999999,-21973.094999999998,-6306.795,531.675,-29564.64,-11669.939999999999,-4250.925
-10613.654999999999,-11557.26,-21965.985,-6288.48,562.3199999999999,-29524.184999999998,-11638.17,-4225.365
-10620.675,-11549.295,-21965.579999999998,-6311.205,523.62,-29566.395,-11672.189999999999,-4243.23
-10649.25,-11584.215,-21993.75,-6346.665,476.54999999999995,-29624.535,-11743.244999999999,-4273.155
-10672.47,-11609.145,-22017.239999999998,-6358.679999999999,471.24,-29627.954999999998,-11732.039999999999,-4286.43
-10667.205,-11602.26,-22008.465,-6350.4,478.48499999999996,-29615.355,-11682.81,-4272.3
-10658.789999999999,-11594.744999999999,-22006.079999999998,-6351.389999999999,475.335,-29625.93,-11695.68,-4268.88
-10649.025,-11580.029999999999,-21990.96,-6336.9,496.395,-29601.36,-11700.135,-4271.264999999999
-10653.119999999999,-11581.244999999999,-21991.364999999998,-6337.26,490.635,-29613.105,-11725.965,-4284.2699999999995
-10659.24,-11585.88,-21990.915,-6336.945,478.89,-29649.69,-11758.005,-4292.28
-10654.02,-11581.92,-21987.0,-6335.235,480.78,-29656.754999999997,-11747.789999999999,-4286.16
-10651.77,-11591.955,-22003.02,-6352.605,476.955,-29625.254999999997,-11685.015,-4266.764999999999
-10641.645,-11583.539999999999,-22001.94,-6344.865,486.04499999999996,-29611.62,-11683.035,-4257.405
-10637.64,-11570.265,-21985.875,-6327.8099999999995,486.35999999999996,-29627.864999999998,-11718.675,-4269.555
-10647.404999999999,-11576.43,-21984.344999999998,-6331.59,473.445,-29649.105,-11723.535,-4283.19
-10670.265,-11599.74,-22007.295,-6362.639999999999,446.21999999999997,-29676.375,-11720.34,-4288.139999999999
-10661.984999999999,-11603.25,-22016.204999999998,-6366.33,456.615,-29659.14,-11720.52,-4264.0199999999995
-10654.695,-11586.914999999999,-21997.754999999997,-6346.889999999999,480.10499999999996,-29642.129999999997,-11689.515,-4271.13
-10642.32,-11572.154999999999,-21992.265,-6334.38,482.805,-29664.855,-11700.72,-4268.88
-10624.32,-11562.57,-21999.69,-6319.53,501.29999999999995,-29636.01,-11704.14,-4241.97
-10615.994999999999,-11551.005,-21978.719999999998,-6302.07,527.085,-29583.989999999998,-11724.3,-4246.965
-10627.785,-11545.064999999999,-21938.895,-6299.1449999999995,518.805,-29608.515,-11751.57,-4269.24
-10647.945,-11574.404999999999,-21973.364999999998,-6328.62,497.835,-29596.004999999997,-11720.654999999999,-4277.97
-10647.81,-11590.695,-21997.665,-6358.23,448.02,-29663.235,-11762.55,-4270.724999999999
-10646.955,-11605.14,-22005.719999999998,-6363.63,434.025,-29685.195,-11753.73,-4268.61
-10641.195,-11592.09,-22005.135,-6361.2,441.765,-29672.145,-11679.164999999999,-4246.065
-10639.619999999999,-11573.369999999999,-21974.129999999997,-6320.655,505.395,-29608.379999999997,-11668.05,-4249.889999999999
-10629.99,-11553.705,-21963.78,-6303.465,541.26,-29564.594999999998,-11683.215,-4255.92
-10622.205,-11538.63,-21943.305,-6288.57,539.1,-29601.855,-11750.265,-4272.974999999999
-10619.279999999999,-11539.845,-21939.614999999998,-6288.12,505.79999999999995,-29692.395,-11808.494999999999,-4290.615
-10673.82,-11603.25,-22027.23,-6390.719999999999,379.575,-29848.68,-11862.99,-4314.96
-10693.755,-11622.06,-22038.12,-6406.245,386.685,-29789.91,-11748.779999999999,-4287.014999999999
-10641.914999999999,-11591.324999999999,-21993.795,-6321.554999999999,535.005,-29553.3,-11619.539999999999,-4229.82
-10619.955,-11576.295,-21973.32,-6291.224999999999,571.86,-29503.754999999997,-11643.3,-4222.3949999999995
-10647.675,-11601.9,-21995.055,-6325.92,512.28,-29583.719999999998,-11663.865,-4249.26
-10672.695,-11604.33,-22014.54,-6352.695,484.56,-29609.1,-11689.109999999999,-4283.82
-10661.805,-11568.645,-21980.34,-6329.655,500.715,-29610.09,-11693.654999999999,-4298.355
-10667.744999999999,-11596.68,-22003.245,-6348.78,475.155,-29656.98,-11738.654999999999,-4307.67
-10667.925,-11612.835,-22025.745,-6373.304999999999,444.41999999999996,-29684.789999999997,-11758.455,-4294.9349999999995
-10656.045,-11609.64,-22013.954999999998,-6348.825,481.04999999999995,-29655.405,-11742.164999999999,-4275.045
-10658.744999999999,-11611.755,-22017.735,-6347.474999999999,499.455,-29588.129999999997,-11687.445,-4266.09
-10622.835,-11563.65,-21969.719999999998,-6308.639999999999,524.16,-29585.835,-11723.535,-4241.97
-10611.539999999999,-11521.484999999999,-21932.82,-6283.8,529.0649999999999,-29617.155,-11743.56,-4248.945
-10633.949999999999,-11554.92,-21954.555,-6302.474999999999,513.72,-29603.295,-11737.619999999999,-4278.0599999999995
-10611.18,-11525.085,-21926.969999999998,-6283.3949999999995,523.395,-29612.565,-11755.619999999999,-4262.04
-10624.455,-11542.41,-21940.515,-6291.719999999999,520.605,-29626.92,-11743.47,-4249.44
-10624.68,-11553.705,-21952.17,-6295.23,527.4,-29588.67,-11675.115,-4233.285
-10668.42,-11610.404999999999,-22016.52,-6359.76,468.04499999999996,-29637.989999999998,-11685.555,-4272.705
-10687.635,-11642.984999999999,-22059.495,-6411.599999999999,400.09499999999997,-29749.14,-11750.265,-4276.215
-10667.52,-11612.654999999999,-22023.989999999998,-6371.955,438.65999999999997,-29710.754999999997,-11734.244999999999,-4270.41
-10663.56,-11600.64,-22005.719999999998,-6338.25,499.815,-29605.32,-11689.154999999999,-4269.96
-10658.115,-11594.925,-21998.655,-6332.445,505.53,-29607.074999999997,-11704.59,-4275.045
-10646.775,-11592.945,-22017.51,-6358.094999999999,466.515,-29664.045,-11749.77,-4273.47
-10665.27,-11612.34,-22060.305,-6388.065,438.03,-29689.379999999997,-11759.355,-4282.83
-10664.279999999999,-11613.33,-22050.945,-6370.65,461.52,-29659.86,-11725.92,-4273.514999999999
-10655.234999999999,-11615.58,-22006.35,-6342.12,481.77,-29645.145,-11722.77,-4266.36
-10647.18,-11581.154999999999,-21985.2,-6368.535,465.16499999999996,-29649.645,-11738.789999999999,-4268.655
-10654.92,-11573.865,-21987.225,-6399.855,463.85999999999996,-29629.664999999997,-11724.75,-4274.37
-10655.64,-11601.99,-22020.66,-6380.46,487.71,-29625.84,-11727.99,-4274.865
-10651.23,-11582.279999999999,-21993.84,-6342.705,509.895,-29663.864999999998,-11761.83,-4278.105
-10657.845,-11577.689999999999,-21973.41,-6293.969999999999,500.98499999999996,-29716.92,-11777.895,-4285.3949999999995
-10663.02,-11611.395,-22013.594999999998,-6343.155,414.35999999999996,-29729.789999999997,-11738.789999999999,-4277.115
-10659.015,-11604.33,-22028.04,-6385.005,397.62,-29704.23,-11723.85,-4272.57
-10635.255,-11566.619999999999,-21986.28,-6371.6849999999995,418.77,-29710.574999999997,-11754.945,-4252.139999999999
-10609.244999999999,-11548.395,-21990.915,-6368.175,449.72999999999996,-29704.184999999998,-11770.38,-4241.88
-10622.205,-11540.43,-21982.454999999998,-6336.63,509.76,-29634.524999999998,-11768.67,-4275.54
-10644.525,-11562.255,-21968.37,-6334.38,525.51,-29588.445,-11714.445,-4290.974999999999
-10678.815,-11618.82,-22014.36,-6352.695,478.03499999999997,-29646.0,-11699.324999999999,-4283.639999999999
-10694.385,-11639.52,-22051.215,-6333.165,441.04499999999996,-29752.785,-11816.145,-4294.08
-10667.565,-11600.64,-22008.42,-6358.59,437.58,-29754.989999999998,-11838.42,-4286.25
-10647.18,-11582.955,-21982.77,-6335.325,491.13,-29630.16,-11760.119999999999,-4261.68
-10630.89,-11556.539999999999,-21950.19,-6276.915,560.88,-29526.704999999998,-11722.725,-4257.045
-10604.744999999999,-11517.705,-21914.055,-6247.575,578.2049999999999,-29556.765,-11759.67,-4261.905
-10602.225,-11515.095,-21914.504999999997,-6262.875,547.605,-29581.245,-11743.47,-4270.455
-10629.315,-11564.189999999999,-21961.305,-6321.6449999999995,481.40999999999997,-29628.855,-11732.895,-4262.49
-10651.005,-11613.15,-21997.395,-6352.0199999999995,459.71999999999997,-29623.454999999998,-11703.824999999999,-4241.43
-10644.345,-11617.74,-22012.92,-6340.41,481.77,-29637.945,-11732.67,-4237.5599999999995
-10615.545,-11535.345,-21951.18,-6303.735,505.79999999999995,-29614.68,-11707.199999999999,-4245.705
-10613.88,-11532.285,-21941.055,-6290.639999999999,520.335,-29593.53,-11707.244999999999,-4249.17
-10638.855,-11571.48,-21977.055,-6320.429999999999,495.945,-29622.195,-11709.9,-4261.139999999999
-10658.43,-11599.92,-22004.684999999998,-6340.455,479.47499999999997,-29659.094999999998,-11709.135,-4272.615
-10674.18,-11607.345,-22017.239999999998,-6359.76,451.53,-29723.67,-11780.505,-4294.26
-10689.39,-11622.105,-22028.67,-6375.15,434.205,-29749.77,-11795.039999999999,-4300.83
-10675.98,-11614.14,-22029.704999999998,-6372.675,436.905,-29709.0,-11723.67,-4287.599999999999
-10659.465,-11596.77,-22001.67,-6340.545,472.455,-29617.245,-11671.289999999999,-4270.545
-10626.255,-11575.035,-21979.575,-6313.995,499.905,-29609.28,-11705.13,-4252.32
-10660.275,-11575.89,-21978.315,-6319.304999999999,496.53,-29657.61,-11794.814999999999,-4318.155
-10709.82,-11626.965,-22030.92,-6373.125,437.76,-29739.015,-11840.13,-4368.24
-10677.869999999999,-11618.234999999999,-22023.629999999997,-6358.815,461.745,-29666.204999999998,-11732.175,-4310.955
-10619.595,-11552.535,-21957.254999999997,-6289.155,548.055,-29576.565,-11740.904999999999,-4237.514999999999
-10654.83,-11595.24,-22003.965,-6346.215,474.525,-29676.239999999998,-11809.215,-4275.2699999999995
-10647.27,-11589.795,-22005.54,-6358.455,441.71999999999997,-29716.559999999998,-11771.279999999999,-4270.815
-10591.965,-11521.89,-21930.165,-6275.385,542.52,-29600.414999999997,-11691.18,-4214.7
-10580.67,-11549.115,-21959.055,-6285.24,553.05,-29575.17,-11747.97,-4203.72
-10627.244999999999,-11581.064999999999,-21997.89,-6325.469999999999,519.345,-29602.62,-11770.109999999999,-4246.335
-10689.164999999999,-11621.07,-22034.835,-6388.605,437.805,-29678.219999999998,-11759.13,-4287.375
-10681.92,-11636.73,-22043.25,-6390.315,422.23499999999996,-29696.129999999997,-11699.505,-4268.97
-10670.22,-11620.17,-22031.594999999998,-6371.55,442.215,-29697.03,-11745.539999999999,-4274.28
-10657.8,-11580.525,-21983.985,-6330.78,486.35999999999996,-29677.949999999997,-11773.89,-4278.78
-10632.914999999999,-11567.789999999999,-21970.844999999998,-6312.285,510.34499999999997,-29643.975,-11713.14,-4255.695
-10634.85,-11578.32,-21980.52,-6311.474999999999,521.235,-29612.204999999998,-11684.744999999999,-4255.92
-10668.824999999999,-11629.305,-22034.52,-6366.105,463.905,-29659.14,-11726.73,-4263.165
-10637.505,-11587.5,-22010.175,-6339.915,491.76,-29633.085,-11735.55,-4254.57
-10639.305,-11572.109999999999,-22015.665,-6342.344999999999,487.71,-29644.829999999998,-11741.039999999999,-4262.67
-10634.94,-11573.055,-22012.515,-6341.985,481.815,-29661.344999999998,-11746.845,-4256.505
-10638.63,-11569.59,-21968.1,-6318.224999999999,492.705,-29669.489999999998,-11759.535,-4261.41
-10651.68,-11583.539999999999,-21967.335,-6309.63,507.195,-29650.545,-11741.805,-4268.115
-10647.315,-11578.365,-21974.579999999998,-6317.19,504.81,-29638.35,-11722.005,-4263.66
-10634.175,-11569.904999999999,-21979.125,-6328.08,492.12,-29646.855,-11732.76,-4256.415
-10633.185,-11573.369999999999,-21986.37,-6335.054999999999,482.66999999999996,-29650.995,-11740.5,-4255.065
-10642.5,-11581.515,-21987.045,-6335.55,484.38,-29655.27,-11746.619999999999,-4263.705
-10645.965,-11575.215,-21985.379999999997,-6333.21,489.51,-29664.855,-11773.484999999999,-4284.045
-10655.73,-11579.039999999999,-21994.605,-6337.215,481.22999999999996,-29679.3,-11779.064999999999,-4308.21
-10682.369999999999,-11624.58,-22028.175,-6390.99,445.40999999999997,-29680.92,-11740.365,-4311.0
-10643.76,-11617.83,-22019.67,-6398.73,461.88,-29647.844999999998,-11737.664999999999,-4254.345
-10619.145,-11583.359999999999,-22024.44,-6390.405,468.9,-29664.36,-11730.914999999999,-4243.68
-10641.195,-11574.404999999999,-22034.879999999997,-6377.804999999999,447.21,-29719.26,-11805.57,-4284.495
-10634.13,-11560.994999999999,-21979.44,-6314.715,453.41999999999996,-29724.39,-11849.355,-4281.255
-10606.59,-11531.295,-21921.93,-6271.5599999999995,483.57,-29667.96,-11744.055,-4239.54
-10613.565,-11572.02,-21995.19,-6308.46,497.385,-29676.914999999997,-11693.34,-4221.36
-10660.23,-11620.125,-22054.59,-6376.23,439.78499999999997,-29751.03,-11767.994999999999,-4267.8
-10662.3,-11581.109999999999,-21984.614999999998,-6344.505,449.90999999999997,-29745.09,-11823.39,-4317.705
-10656.765,-11564.369999999999,-21962.565,-6331.23,452.52,-29772.135,-11838.24,-4316.58
-10653.39,-11599.199999999999,-22009.41,-6362.505,438.525,-29767.59,-11813.67,-4272.705
-10641.779999999999,-11606.85,-22021.829999999998,-6356.835,475.42499999999995,-29623.364999999998,-11718.18,-4235.175
-10639.89,-11583.314999999999,-21982.68,-6309.45,528.21,-29558.024999999998,-11678.445,-4248.135
-10649.52,-11598.66,-21988.844999999998,-6316.83,493.2,-29652.57,-11735.595,-4277.655
-10666.755,-11599.65,-22018.77,-6367.7699999999995,436.365,-29721.465,-11759.805,-4294.485
-10647.539999999999,-11579.49,-21989.79,-6330.24,508.22999999999996,-29588.895,-11707.965,-4264.514999999999
-10613.34,-11560.68,-21964.815,-6282.45,574.92,-29518.425,-11708.1,-4244.985
-10645.83,-11605.095,-22006.98,-6316.605,534.6899999999999,-29580.21,-11740.32,-4264.605
-10661.265,-11614.41,-22020.885,-6348.33,485.64,-29619.225,-11715.029999999999,-4270.05
-10644.255,-11575.215,-21988.305,-6330.15,495.35999999999996,-29634.03,-11715.57,-4260.15
-10638.539999999999,-11562.93,-21976.605,-6316.965,507.555,-29626.02,-11720.16,-4261.095
-10641.06,-11582.1,-21985.515,-6317.099999999999,498.73499999999996,-29628.945,-11704.14,-4262.04
-10655.595,-11614.095,-22026.78,-6358.139999999999,455.445,-29687.355,-11727.675,-4274.73
-10649.654999999999,-11583.0,-22003.515,-6356.295,449.775,-29731.14,-11810.609999999999,-4284.63
-10672.38,-11604.24,-22017.42,-6366.195,443.47499999999997,-29711.835,-11795.445,-4303.349999999999
-10680.48,-11619.09,-22031.37,-6371.46,442.62,-29678.309999999998,-11745.494999999999,-4306.005
-10650.555,-11599.244999999999,-22016.204999999998,-6352.245,474.705,-29635.739999999998,-11736.494999999999,-4274.865
-10626.119999999999,-11563.515,-21973.364999999998,-6304.094999999999,523.845,-29611.44,-11729.744999999999,-4258.665
-10613.88,-11520.314999999999,-21920.535,-6261.344999999999,554.4449999999999,-29593.305,-11712.555,-4258.755
-10613.025,-11524.814999999999,-21923.145,-6260.04,557.73,-29602.934999999998,-11720.43,-4258.665
-10633.5,-11575.619999999999,-21984.434999999998,-6312.195,514.98,-29628.315,-11708.865,-4260.78
-10640.16,-11584.215,-21997.215,-6328.53,500.445,-29635.245,-11699.414999999999,-4240.3949999999995
-10637.595,-11573.145,-21985.065,-6321.465,504.495,-29649.239999999998,-11770.154999999999,-4250.97
-10676.385,-11614.814999999999,-22026.105,-6366.014999999999,450.945,-29703.78,-11796.66,-4287.599999999999
-10654.65,-11589.119999999999,-21995.954999999998,-6339.014999999999,454.905,-29723.85,-11794.32,-4279.7699999999995
-10622.43,-11556.81,-21964.41,-6307.469999999999,475.155,-29711.699999999997,-11797.83,-4275.2699999999995
-10624.455,-11553.705,-21972.78,-6323.94,466.065,-29699.28,-11779.289999999999,-4274.099999999999
-10653.75,-11589.705,-22007.565,-6353.955,471.41999999999996,-29652.84,-11710.529999999999,-4272.389999999999
-10678.14,-11622.465,-22028.715,-6361.0199999999995,483.03,-29623.725,-11694.42,-4286.385
-10679.715,-11635.785,-22040.415,-6368.219999999999,459.99,-29676.824999999997,-11731.725,-4302.72
-10644.57,-11586.15,-21991.094999999998,-6323.445,491.53499999999997,-29672.414999999997,-11764.215,-4281.4349999999995
-10644.57,-11567.925,-21984.704999999998,-6332.445,480.645,-29677.14,-11780.64,-4284.585
-10664.145,-11601.9,-22019.445,-6362.1449999999995,449.055,-29711.969999999998,-11808.675,-4289.085
-10650.869999999999,-11593.755,-22008.87,-6349.41,462.555,-29692.079999999998,-11725.605,-4257.18
-10618.965,-11578.904999999999,-22000.41,-6332.804999999999,480.73499999999996,-29706.344999999998,-11738.52,-4231.215
-10627.605,-11566.17,-21985.695,-6329.429999999999,478.755,-29709.765,-11746.619999999999,-4249.889999999999
-10647.135,-11579.4,-21988.17,-6321.33,519.48,-29596.454999999998,-11731.185,-4266.495
-10640.295,-11579.805,-21993.524999999998,-6324.57,515.745,-29604.555,-11732.31,-4261.5
-10648.664999999999,-11591.64,-22010.94,-6339.33,489.645,-29657.34,-11731.095,-4263.12
-10642.949999999999,-11583.675,-22007.925,-6335.19,488.745,-29662.335,-11734.244999999999,-4260.285
-10657.125,-11601.855,-22044.87,-6360.165,467.325,-29664.36,-11734.56,-4280.085
-10674.27,-11617.515,-22042.665,-6371.1449999999995,445.905,-29693.385,-11754.045,-4301.73
-10670.85,-11606.4,-22000.184999999998,-6367.41,431.59499999999997,-29755.395,-11805.164999999999,-4303.9349999999995
-10646.055,-11578.545,-21982.77,-6348.42,458.46,-29753.594999999998,-11840.31,-4287.195
-10636.244999999999,-11562.164999999999,-21972.645,-6317.639999999999,481.32,-29705.579999999998,-11817.945,-4280.76
-10638.855,-11571.75,-21977.684999999998,-6314.13,494.055,-29632.949999999997,-11745.045,-4263.21
-10604.699999999999,-11556.585,-21953.835,-6277.995,546.21,-29573.19,-11671.695,-4215.105
-10566.494999999999,-11518.47,-21924.045,-6241.995,586.305,-29555.954999999998,-11693.564999999999,-4214.25
-10600.785,-11530.574999999999,-21936.645,-6275.655,539.8199999999999,-29613.285,-11731.41,-4257.495
-10656.855,-11598.93,-22009.364999999998,-6349.32,472.54499999999996,-29673.315,-11761.515,-4272.75
-10694.97,-11647.439999999999,-22062.329999999998,-6402.375,424.53,-29697.03,-11732.039999999999,-4283.1449999999995
-10677.555,-11636.91,-22055.715,-6396.344999999999,425.52,-29725.379999999997,-11763.539999999999,-4287.825
-10646.91,-11573.55,-21978.765,-6325.785,474.57,-29734.245,-11864.699999999999,-4311.855
-10618.785,-11538.99,-21942.27,-6284.5199999999995,516.24,-29669.219999999998,-11839.59,-4294.98
-10580.76,-11509.83,-21911.94,-6252.705,556.92,-29604.239999999998,-11764.574999999999,-4249.26
-10615.68,-11543.76,-21951.495,-6310.44,486.35999999999996,-29698.11,-11772.585,-4262.49
-10657.529999999999,-11605.859999999999,-22026.645,-6384.014999999999,408.69,-29793.42,-11788.515,-4273.965
-10647.18,-11597.22,-22001.489999999998,-6342.525,460.755,-29715.39,-11765.564999999999,-4274.955
-10677.33,-11647.529999999999,-22049.055,-6357.285,488.15999999999997,-29593.62,-11711.34,-4302.405
-10679.805,-11604.914999999999,-22011.434999999998,-6344.01,503.54999999999995,-29576.52,-11686.59,-4298.849999999999
-10675.26,-11617.02,-22020.795,-6360.795,467.505,-29631.555,-11699.1,-4273.695
-10658.699999999999,-11610.9,-22027.274999999998,-6373.44,429.65999999999997,-29724.03,-11759.984999999999,-4261.905
-10636.965,-11560.455,-21979.395,-6333.885,463.85999999999996,-29723.489999999998,-11806.064999999999,-4259.565
-10629.045,-11554.154999999999,-21958.649999999998,-6289.785,542.475,-29598.03,-11721.24,-4250.61
-10622.25,-11546.189999999999,-21950.774999999998,-6280.74,555.885,-29572.605,-11733.615,-4252.365
-10665.675,-11612.34,-22024.8,-6354.63,477.765,-29651.715,-11749.859999999999,-4269.24
-10648.664999999999,-11586.734999999999,-21995.954999999998,-6326.594999999999,501.12,-29641.905,-11722.005,-4257.045
-10665.045,-11592.314999999999,-22001.85,-6337.844999999999,480.10499999999996,-29667.96,-11730.195,-4284.54
-10684.755,-11615.535,-22025.969999999998,-6364.215,448.695,-29691.315,-11724.255,-4300.065
-10608.885,-11529.63,-21944.745,-6286.365,526.365,-29609.37,-11670.93,-4254.795
-10584.63,-11518.515,-21924.315,-6248.025,583.875,-29538.855,-11671.74,-4229.595
-10637.865,-11584.755,-21991.094999999998,-6313.365,508.85999999999996,-29637.315,-11773.395,-4267.08
-10710.63,-11675.205,-22083.614999999998,-6416.594999999999,407.025,-29721.239999999998,-11808.494999999999,-4299.93
-10667.654999999999,-11613.555,-22027.545,-6370.38,452.205,-29697.704999999998,-11810.34,-4273.92
-10647.855,-11584.395,-21998.16,-6339.96,474.615,-29687.895,-11793.734999999999,-4275.99
-10655.73,-11588.175,-21997.305,-6338.07,475.515,-29692.079999999998,-11774.97,-4283.415
-10659.24,-11600.1,-22015.98,-6355.9349999999995,450.405,-29732.94,-11771.369999999999,-4282.5599999999995
-10631.565,-11578.275,-22003.515,-6347.925,437.76,-29762.954999999998,-11792.07,-4258.665
-10609.65,-11550.689999999999,-22000.995,-6329.565,471.645,-29713.094999999998,-11805.84,-4252.95
-10630.305,-11571.21,-22016.114999999998,-6324.165,514.035,-29634.344999999998,-11804.984999999999,-4274.099999999999
-10664.91,-11618.324999999999,-22014.495,-6331.815,506.15999999999997,-29632.454999999998,-11761.515,-4285.62
-10659.33,-11621.43,-22010.67,-6335.325,492.65999999999997,-29656.8,-11720.115,-4274.01
-10637.369999999999,-11569.365,-21974.489999999998,-6309.8099999999995,510.12,-29646.09,-11701.215,-4257.18
-10621.755,-11552.58,-21954.015,-6295.139999999999,521.28,-29618.594999999998,-11708.145,-4251.465
-10618.605,-11566.17,-21975.93,-6312.6449999999995,494.64,-29646.855,-11767.5,-4256.415
-10655.279999999999,-11589.795,-22004.864999999998,-6351.974999999999,436.85999999999996,-29735.55,-11761.109999999999,-4277.34
-10664.234999999999,-11600.369999999999,-22022.954999999998,-6368.355,435.91499999999996,-29725.02,-11738.925,-4281.57
-10653.164999999999,-11591.055,-22011.12,-6350.49,476.955,-29666.655,-11758.635,-4287.915
-10644.705,-11583.855,-22001.895,-6345.54,483.47999999999996,-29670.12,-11785.095,-4279.995
-10620.18,-11556.314999999999,-21985.02,-6337.3949999999995,487.215,-29669.355,-11795.535,-4249.845
-10645.47,-11576.025,-21999.645,-6363.179999999999,457.155,-29654.235,-11778.255,-4277.655
-10665.225,-11607.66,-22026.915,-6390.585,422.59499999999997,-29673.315,-11749.68,-4290.615
-10649.025,-11586.195,-22000.95,-6342.389999999999,465.47999999999996,-29685.329999999998,-11787.93,-4284.2699999999995
-10637.19,-11580.164999999999,-21992.265,-6315.4349999999995,501.255,-29684.295,-11762.1,-4256.55
-10617.795,-11567.295,-21981.87,-6301.889999999999,518.13,-29641.41,-11745.404999999999,-4230.54
-10633.59,-11586.824999999999,-21997.305,-6323.58,501.705,-29624.67,-11730.779999999999,-4248.18
-10637.145,-11613.555,-22025.385,-6340.545,492.435,-29627.28,-11735.279999999999,-4255.514999999999
-10633.14,-11569.32,-21997.26,-6332.8949999999995,490.22999999999996,-29662.425,-11765.205,-4265.505
-10640.88,-11565.539999999999,-21989.879999999997,-6334.2,474.885,-29721.69,-11798.279999999999,-4276.53
-10650.555,-11582.324999999999,-21995.28,-6337.44,470.96999999999997,-29710.754999999997,-11771.91,-4278.42
-10631.88,-11562.345,-21972.69,-6311.16,513.765,-29623.364999999998,-11726.865,-4250.97
-10621.755,-11549.744999999999,-21957.66,-6291.405,543.555,-29572.965,-11730.689999999999,-4249.575
-10653.57,-11588.535,-21998.07,-6340.5,475.2,-29657.34,-11748.465,-4280.58
-10660.949999999999,-11606.49,-22024.35,-6367.05,446.49,-29697.57,-11738.654999999999,-4284.045
-10643.265,-11578.365,-21988.305,-6331.724999999999,484.515,-29664.315,-11732.625,-4274.19
-10612.395,-11531.564999999999,-21931.695,-6278.3099999999995,540.585,-29589.39,-11709.72,-4255.83
-10602.09,-11522.34,-21932.01,-6283.3949999999995,512.685,-29651.94,-11723.13,-4255.335
-10652.85,-11593.26,-22014.989999999998,-6369.929999999999,417.15,-29759.489999999998,-11816.73,-4284.585
-10703.699999999999,-11651.49,-22070.655,-6412.005,396.0,-29758.77,-11821.994999999999,-4323.375
-10652.67,-11581.335,-21987.495,-6317.82,504.67499999999995,-29674.844999999998,-11804.355,-4296.014999999999
-10651.77,-11571.255,-21976.379999999997,-6302.5199999999995,523.755,-29647.98,-11783.564999999999,-4310.37
-10663.92,-11598.57,-22006.98,-6335.054999999999,489.91499999999996,-29651.985,-11735.369999999999,-4298.22
-10618.785,-11570.265,-21987.989999999998,-6321.915,491.94,-29695.274999999998,-11739.779999999999,-4237.785
-10577.205,-11516.939999999999,-21939.57,-6286.455,504.81,-29745.225,-11822.4,-4224.915
-10590.795,-11516.085,-21925.98,-6267.375,536.535,-29716.875,-11881.89,-4262.58
-10633.095,-11573.01,-21979.079999999998,-6308.1449999999995,509.895,-29690.73,-11853.404999999999,-4274.46
-10687.23,-11659.365,-22068.855,-6397.245,421.28999999999996,-29756.745,-11730.015,-4269.285
-10662.795,-11656.755,-22053.239999999998,-6357.554999999999,472.275,-29667.375,-11679.57,-4242.69
-10654.92,-11622.24,-22042.035,-6352.425,501.705,-29579.715,-11704.455,-4270.59
-10693.98,-11645.055,-22056.795,-6380.865,464.4,-29628.449999999997,-11694.645,-4305.555
-10682.234999999999,-11625.345,-22050.54,-6383.745,441.765,-29701.26,-11754.675,-4293.54
-10670.805,-11604.42,-22015.485,-6348.6449999999995,479.655,-29652.795,-11779.605,-4290.84
-10668.105,-11603.115,-22014.225,-6336.315,508.815,-29594.61,-11724.255,-4292.01
-10629.315,-11556.135,-21967.29,-6304.679999999999,530.64,-29582.64,-11691.72,-4256.37
-10619.1,-11561.49,-21977.19,-6316.155,500.66999999999996,-29649.96,-11742.029999999999,-4243.365
-10664.324999999999,-11607.164999999999,-22022.774999999998,-6361.605,455.895,-29697.57,-11769.345,-4271.3099999999995
-10656.585,-11583.945,-21997.575,-6338.88,480.10499999999996,-29673.495,-11760.84,-4273.47
-10641.914999999999,-11589.615,-22001.94,-6329.79,500.17499999999995,-29642.579999999998,-11733.84,-4261.59
-10639.755,-11583.18,-21998.024999999998,-6328.71,500.31,-29638.53,-11723.085,-4266.63
-10652.58,-11578.365,-21986.954999999998,-6333.03,488.43,-29658.555,-11738.699999999999,-4280.805
-10642.32,-11581.02,-22003.965,-6338.925,485.41499999999996,-29668.545,-11769.75,-4270.32
-10641.42,-11575.755,-21983.715,-6316.065,500.265,-29659.545,-11771.505,-4271.22
-10641.555,-11578.77,-21990.735,-6324.705,492.255,-29660.039999999997,-11767.814999999999,-4273.2
-10640.97,-11578.994999999999,-22025.295,-6356.745,473.35499999999996,-29677.59,-11782.71,-4274.82
-10641.465,-11588.445,-22033.17,-6372.09,466.38,-29680.065,-11774.34,-4270.5
-10641.06,-11585.34,-21996.27,-6359.219999999999,466.91999999999996,-29684.204999999998,-11767.77,-4267.485
-10644.164999999999,-11580.705,-21978.315,-6336.764999999999,474.34499999999997,-29678.489999999998,-11780.369999999999,-4275.675
-10644.3,-11579.939999999999,-21990.42,-6322.32,481.32,-29676.465,-11767.095,-4273.29
-10653.3,-11583.359999999999,-21997.079999999998,-6320.34,483.075,-29678.67,-11741.58,-4281.48
-10658.475,-11591.595,-22009.23,-6325.74,483.93,-29676.645,-11754.99,-4292.55
-10657.574999999999,-11603.564999999999,-22033.079999999998,-6353.505,462.28499999999997,-29679.885,-11780.1,-4289.49
-10654.785,-11600.414999999999,-22021.695,-6359.445,455.76,-29689.289999999997,-11797.65,-4284.224999999999
-10648.125,-11589.119999999999,-22006.079999999998,-6355.08,455.13,-29713.094999999998,-11794.005,-4278.87
-10615.32,-11544.705,-21949.829999999998,-6299.73,488.43,-29704.815,-11813.49,-4268.25
-10608.93,-11524.635,-21929.489999999998,-6278.219999999999,514.71,-29667.78,-11840.895,-4283.19
-10641.69,-11561.355,-21966.57,-6307.65,499.09499999999997,-29683.844999999998,-11857.095,-4305.78
-10630.395,-11561.805,-21972.465,-6313.815,492.97499999999997,-29667.239999999998,-11752.064999999999,-4264.965
-10644.39,-11594.88,-22011.12,-6355.8,449.59499999999997,-29702.295,-11698.83,-4243.5
-10651.68,-11602.215,-22019.85,-6364.755,442.215,-29718.225,-11785.05,-4260.33
-10651.59,-11592.404999999999,-22002.704999999998,-6337.26,477.71999999999997,-29702.25,-11780.82,-4273.47
-10609.56,-11539.89,-21946.094999999998,-6279.3,528.48,-29668.14,-11760.615,-4248.54
-10655.505,-11595.734999999999,-22009.004999999997,-6349.094999999999,447.57,-29738.925,-11783.115,-4281.93
-10682.369999999999,-11645.1,-22057.515,-6402.6449999999995,390.69,-29747.385,-11774.88,-4287.915
-10658.52,-11614.904999999999,-22031.19,-6361.469999999999,460.125,-29652.03,-11745.539999999999,-4270.275
-10674.539999999999,-11608.92,-22021.379999999997,-6346.889999999999,497.385,-29608.289999999997,-11748.015,-4290.974999999999
-10692.765,-11627.64,-22032.36,-6356.295,484.875,-29625.48,-11779.65,-4314.285
-10665.855,-11611.845,-22012.559999999998,-6342.3,479.43,-29645.414999999997,-11744.91,-4282.29
-10593.09,-11554.244999999999,-21953.655,-6280.65,526.23,-29680.379999999997,-11744.82,-4221.18
-10552.59,-11504.654999999999,-21900.195,-6204.69,624.06,-29601.855,-11723.984999999999,-4215.735
-10628.505,-11594.43,-21988.934999999998,-6289.155,549.585,-29564.91,-11695.949999999999,-4280.8949999999995
-10708.289999999999,-11657.88,-22070.34,-6394.95,439.60499999999996,-29649.69,-11775.105,-4339.665
-10705.455,-11608.515,-22034.969999999998,-6399.63,416.835,-29717.594999999998,-11844.045,-4332.69
-10654.515,-11595.015,-22007.385,-6344.28,471.87,-29686.274999999998,-11824.83,-4284.585
-10642.725,-11596.365,-22006.215,-6337.575,475.515,-29685.735,-11744.505,-4247.28
-10648.98,-11586.06,-21993.344999999998,-6339.599999999999,469.71,-29677.274999999998,-11750.715,-4259.61
-10672.92,-11599.109999999999,-22012.11,-6353.28,466.515,-29664.989999999998,-11808.72,-4304.565
-10681.47,-11619.81,-22037.895,-6375.15,447.21,-29696.715,-11824.965,-4308.165
-10664.01,-11603.97,-22019.76,-6360.03,450.405,-29708.684999999998,-11777.805,-4286.79
-10641.645,-11572.695,-21985.02,-6329.7,469.125,-29691.405,-11741.265,-4271.175
-10621.845,-11551.994999999999,-21966.165,-6310.44,492.29999999999995,-29671.695,-11769.39,-4259.565
-10631.34,-11568.869999999999,-21979.89,-6310.53,514.98,-29633.579999999998,-11768.984999999999,-4258.035
-10621.755,-11563.515,-21972.87,-6297.84,533.79,-29616.164999999997,-11712.779999999999,-4233.105
-10612.305,-11545.65,-21952.98,-6277.905,549.495,-29601.855,-11712.24,-4235.625
-10641.195,-11574.404999999999,-21983.04,-6308.28,515.16,-29641.815,-11756.654999999999,-4265.235
-10649.654999999999,-11593.845,-22012.379999999997,-6343.335,473.895,-29684.43,-11792.025,-4276.665
-10617.119999999999,-11548.395,-21963.105,-6297.03,517.3199999999999,-29651.175,-11795.265,-4270.815
-10664.414999999999,-11599.83,-22004.954999999998,-6331.995,494.72999999999996,-29651.219999999998,-11765.564999999999,-4299.48
-10696.545,-11658.779999999999,-22071.69,-6400.08,424.305,-29704.635,-11754.63,-4295.16
-10661.805,-11609.595,-22032.09,-6374.5199999999995,433.34999999999997,-29726.64,-11781.99,-4273.514999999999
-10642.59,-11584.845,-22004.415,-6339.42,464.085,-29723.219999999998,-11760.84,-4258.215
-10637.46,-11574.18,-21981.735,-6317.415,487.71,-29695.905,-11769.75,-4261.23
-10644.84,-11587.455,-21995.82,-6323.58,501.84,-29659.815,-11769.975,-4264.065
-10654.695,-11597.625,-22010.895,-6333.795,503.59499999999997,-29643.57,-11765.52,-4273.74
-10652.22,-11595.195,-22009.545,-6340.094999999999,488.43,-29658.555,-11764.664999999999,-4274.19
-10642.859999999999,-11586.96,-22001.445,-6331.679999999999,489.645,-29669.579999999998,-11764.619999999999,-4264.83
-10641.195,-11579.85,-21995.415,-6318.945,501.03,-29666.565,-11763.494999999999,-4266.0
-10648.664999999999,-11580.975,-22017.239999999998,-6328.62,493.38,-29670.074999999997,-11768.22,-4282.74
-10678.68,-11613.465,-22045.77,-6358.455,452.925,-29730.059999999998,-11779.92,-4311.72
-10657.845,-11589.84,-21989.835,-6336.63,450.35999999999996,-29777.94,-11784.914999999999,-4286.655
-10647.72,-11592.404999999999,-21998.07,-6356.969999999999,444.41999999999996,-29746.98,-11784.24,-4269.24
-10658.295,-11611.215,-22026.555,-6370.38,465.93,-29665.664999999997,-11802.285,-4280.849999999999
-10657.574999999999,-11624.355,-22037.04,-6359.264999999999,483.885,-29658.465,-11812.275,-4283.775
-10639.71,-11585.88,-22004.145,-6323.175,510.16499999999996,-29632.86,-11796.57,-4273.47
-10629.045,-11559.555,-21970.26,-6303.105,502.60499999999996,-29680.515,-11856.195,-4283.73
-10620.63,-11576.699999999999,-21998.565,-6344.639999999999,443.88,-29751.03,-11831.49,-4269.195
-10639.26,-11576.205,-21997.17,-6360.84,421.38,-29761.875,-11792.564999999999,-4267.98
-10644.57,-11583.045,-22000.68,-6340.094999999999,479.565,-29659.004999999997,-11753.369999999999,-4257.09
-10636.065,-11570.58,-21973.23,-6285.554999999999,571.995,-29545.785,-11686.32,-4259.5199999999995
-10656.0,-11610.27,-22009.86,-6327.2699999999995,500.03999999999996,-29672.73,-11741.039999999999,-4280.445
-10672.47,-11635.92,-22048.649999999998,-6379.245,429.705,-29774.61,-11820.33,-4297.095
-10658.115,-11591.145,-22000.95,-6331.679999999999,473.84999999999997,-29747.295,-11925.539999999999,-4314.915
-10633.77,-11537.145,-21957.12,-6300.855,511.515,-29678.445,-11896.47,-4313.07
-10620.359999999999,-11540.025,-21956.04,-6298.92,527.4449999999999,-29622.285,-11768.85,-4263.57
-10589.895,-11532.869999999999,-21948.885,-6275.34,572.895,-29518.469999999998,-11583.99,-4183.425
-10636.065,-11590.244999999999,-22007.024999999998,-6328.44,510.255,-29591.55,-11653.244999999999,-4240.889999999999
-10681.02,-11630.43,-22050.36,-6374.5199999999995,457.56,-29677.545,-11769.75,-4304.205
-10677.195,-11614.904999999999,-22029.795,-6381.09,415.125,-29764.574999999997,-11798.01,-4286.97
-10651.275,-11590.695,-21991.23,-6353.865,426.555,-29756.34,-11784.914999999999,-4262.805
-10633.904999999999,-11573.189999999999,-21986.82,-6315.165,508.365,-29652.434999999998,-11745.135,-4265.37
-10674.404999999999,-11583.765,-21986.415,-6299.91,552.3299999999999,-29574.719999999998,-11733.885,-4329.405
-10710.585,-11605.59,-22008.555,-6324.12,518.5799999999999,-29616.12,-11754.855,-4390.335
-10708.83,-11600.64,-22010.625,-6333.929999999999,491.76,-29650.454999999998,-11778.435,-4388.67
-10681.154999999999,-11599.965,-22006.215,-6333.795,485.055,-29667.51,-11815.289999999999,-4318.47
-10610.82,-11565.404999999999,-21976.515,-6314.849999999999,495.45,-29672.055,-11818.664999999999,-4211.46
-10552.32,-11510.64,-21931.155,-6277.23,527.175,-29661.57,-11766.42,-4166.82
-10568.789999999999,-11519.055,-21939.165,-6278.355,524.835,-29691.09,-11756.25,-4197.735
-10649.88,-11607.705,-22026.059999999998,-6359.49,452.29499999999996,-29737.26,-11816.955,-4260.69
-10696.635,-11663.64,-22081.77,-6414.795,404.775,-29745.495,-11770.785,-4263.4349999999995
-10671.57,-11640.33,-22052.52,-6376.23,446.895,-29719.98,-11749.32,-4257.764999999999
-10655.01,-11607.93,-22025.969999999998,-6352.29,459.945,-29749.68,-11758.68,-4271.445
-10660.14,-11600.955,-22019.805,-6362.505,434.52,-29768.579999999998,-11788.92,-4283.73
-10669.545,-11625.93,-22046.489999999998,-6378.389999999999,432.495,-29703.96,-11780.189999999999,-4286.205
-10651.365,-11599.289999999999,-22017.78,-6342.84,488.43,-29645.954999999998,-11811.105,-4278.195
-10642.23,-11595.914999999999,-22002.66,-6324.57,499.85999999999996,-29659.815,-11808.359999999999,-4278.78
-10647.404999999999,-11607.975,-22025.52,-6337.53,477.45,-29715.66,-11816.865,-4286.205
-10678.14,-11620.98,-22040.684999999998,-6372.045,438.21,-29752.695,-11815.785,-4298.67
-10649.88,-11614.994999999999,-22031.82,-6353.01,466.56,-29704.14,-11806.38,-4267.9349999999995
-10639.98,-11582.73,-22020.885,-6334.245,488.745,-29668.094999999998,-11747.205,-4252.635
-10631.699999999999,-11573.685,-22015.665,-6314.58,518.5799999999999,-29637.405,-11720.699999999999,-4245.48
-10636.199999999999,-11568.555,-21974.489999999998,-6303.96,517.635,-29648.52,-11741.715,-4254.795
-10636.38,-11571.525,-21969.27,-6314.804999999999,491.625,-29682.989999999998,-11766.6,-4261.095
-10641.69,-11588.67,-22003.155,-6332.355,482.17499999999995,-29679.975,-11784.824999999999,-4272.12
-10645.199999999999,-11588.805,-22010.04,-6334.155,491.085,-29667.195,-11788.965,-4276.8
-10640.565,-11581.515,-22005.405,-6329.295,496.97999999999996,-29662.289999999997,-11754.765,-4262.13
-10608.345,-11553.84,-21971.34,-6291.764999999999,530.64,-29631.87,-11704.77,-4226.49
-10594.17,-11544.074999999999,-21935.79,-6267.24,534.78,-29652.3,-11741.355,-4222.44
-10627.38,-11567.925,-21982.32,-6312.24,497.29499999999996,-29690.774999999998,-11793.914999999999,-4259.43
-10669.949999999999,-11606.895,-22022.73,-6347.925,476.145,-29689.965,-11783.789999999999,-4291.11
-10661.49,-11605.23,-22014.045,-6333.255,490.005,-29666.475,-11735.46,-4280.715
-10648.17,-11580.795,-21986.864999999998,-6308.594999999999,504.945,-29661.885,-11744.595,-4273.065
-10610.055,-11531.205,-21944.34,-6287.04,502.56,-29703.329999999998,-11818.619999999999,-4255.605
-10604.97,-11547.494999999999,-21948.21,-6285.42,498.91499999999996,-29728.62,-11833.064999999999,-4256.055
-10637.64,-11594.43,-22012.469999999998,-6331.455,473.53499999999997,-29746.26,-11892.51,-4280.22
-10647.63,-11560.545,-21976.335,-6316.335,500.66999999999996,-29685.465,-11834.595,-4294.71
-10631.699999999999,-11561.085,-21972.69,-6311.07,502.42499999999995,-29670.3,-11745.27,-4260.78
-10611.045,-11539.484999999999,-21951.09,-6285.87,532.17,-29640.645,-11806.605,-4249.44
-10637.055,-11574.18,-21990.6,-6323.49,494.46,-29665.844999999998,-11807.64,-4266.99
-10643.265,-11579.039999999999,-21996.45,-6332.264999999999,477.0,-29692.53,-11789.82,-4274.595
-10646.64,-11588.76,-22005.855,-6336.9,476.82,-29701.62,-11773.305,-4269.78
-10665.0,-11605.32,-22020.524999999998,-6343.92,487.66499999999996,-29679.66,-11800.89,-4290.57
-10669.14,-11610.404999999999,-22026.87,-6350.264999999999,484.46999999999997,-29658.375,-11767.23,-4280.8949999999995
-10667.654999999999,-11609.01,-22031.415,-6364.08,442.71,-29726.19,-11784.24,-4285.08
-10665.63,-11608.515,-22020.885,-6360.344999999999,424.935,-29788.515,-11839.814999999999,-4295.115
-10651.365,-11596.68,-22005.045,-6345.719999999999,454.635,-29736.765,-11760.57,-4256.37
-10624.904999999999,-11563.65,-21977.82,-6318.09,493.02,-29660.76,-11753.64,-4241.61
-10654.605,-11593.98,-22013.64,-6357.375,444.375,-29706.12,-11832.525,-4284.8099999999995
-10672.605,-11633.939999999999,-22054.68,-6384.465,422.28,-29768.039999999997,-11867.625,-4294.305
-10634.49,-11577.33,-21997.71,-6318.135,510.65999999999997,-29666.114999999998,-11766.465,-4262.67
-10612.17,-11533.14,-21944.655,-6280.245,537.5699999999999,-29620.305,-11712.42,-4250.205
-10626.435,-11565.27,-21977.504999999997,-6302.88,521.775,-29604.914999999997,-11701.439999999999,-4256.1449999999995
-10644.345,-11598.39,-22010.175,-6331.5,494.28,-29651.129999999997,-11737.574999999999,-4251.014999999999
-10649.295,-11615.265,-22037.129999999997,-6354.585,464.03999999999996,-29720.655,-11825.64,-4261.32
-10674.359999999999,-11614.23,-22031.28,-6357.24,461.47499999999997,-29713.184999999998,-11801.025,-4292.37
-10661.895,-11594.52,-22004.145,-6326.955,500.895,-29671.785,-11794.455,-4292.37
-10639.305,-11561.939999999999,-21970.44,-6291.63,528.345,-29663.19,-11852.595,-4300.695
-10634.895,-11551.904999999999,-21963.69,-6289.695,512.46,-29688.344999999998,-11878.289999999999,-4306.995
-10660.545,-11604.689999999999,-22021.065,-6345.54,453.195,-29737.215,-11789.46,-4292.055
-10664.1,-11618.279999999999,-22036.32,-6368.04,422.325,-29775.51,-11701.17,-4255.0199999999995
-10628.01,-11568.285,-21989.879999999997,-6326.1449999999995,477.27,-29704.59,-11768.58,-4234.455
-10605.645,-11543.445,-21959.684999999998,-6286.815,542.79,-29607.84,-11773.17,-4229.055
-10647.9,-11601.404999999999,-22013.504999999997,-6325.83,518.985,-29623.364999999998,-11756.52,-4259.565
-10675.44,-11633.67,-22046.309999999998,-6361.38,474.34499999999997,-29679.614999999998,-11776.994999999999,-4274.099999999999
-10657.44,-11600.82,-22017.465,-6340.815,486.135,-29672.91,-11777.715,-4272.165
-10653.029999999999,-11602.35,-22015.215,-6339.87,480.555,-29685.149999999998,-11771.369999999999,-4270.545
-10652.715,-11595.914999999999,-22020.254999999997,-6338.61,483.29999999999995,-29688.48,-11774.88,-4274.235
-10640.295,-11576.789999999999,-22020.75,-6325.605,498.645,-29688.074999999997,-11788.154999999999,-4268.07
-10641.465,-11586.914999999999,-22025.114999999998,-6334.514999999999,487.16999999999996,-29692.53,-11790.27,-4266.18
-10642.545,-11586.06,-21988.035,-6323.355,487.395,-29696.535,-11786.265,-4266.2699999999995
-10636.92,-11579.49,-21986.145,-6324.929999999999,479.43,-29728.664999999997,-11803.68,-4264.83
-10631.43,-11598.119999999999,-22010.445,-6333.929999999999,476.505,-29726.864999999998,-11800.215,-4257.045
-10644.525,-11603.025,-22004.684999999998,-6319.62,498.28499999999997,-29675.16,-11780.46,-4265.37
-10642.14,-11564.73,-21981.239999999998,-6319.755,497.52,-29662.829999999998,-11782.08,-4269.51
-10639.17,-11572.38,-21983.489999999998,-6316.875,497.60999999999996,-29672.324999999997,-11790.045,-4268.115
-10621.574999999999,-11552.85,-21957.39,-6277.005,540.63,-29641.68,-11775.42,-4258.755
-10612.664999999999,-11535.39,-21942.18,-6257.655,562.905,-29623.949999999997,-11760.795,-4260.96
-10645.065,-11579.265,-21985.469999999998,-6301.9349999999995,521.46,-29655.809999999998,-11763.359999999999,-4275.315
-10668.015,-11611.305,-22024.665,-6357.69,447.435,-29722.004999999997,-11798.595,-4277.79
-10642.859999999999,-11583.855,-22004.55,-6347.429999999999,442.62,-29754.809999999998,-11851.02,-4264.0199999999995
-10656.09,-11598.345,-22010.715,-6349.59,444.195,-29769.84,-11836.619999999999,-4276.3949999999995
-10626.84,-11568.779999999999,-21980.79,-6308.19,492.93,-29753.235,-11811.375,-4251.195
-10611.539999999999,-11535.119999999999,-21951.585,-6280.29,520.02,-29699.504999999997,-11789.595,-4254.12
-10647.27,-11580.48,-22004.504999999997,-6347.115,459.135,-29702.879999999997,-11770.92,-4279.995
-10652.355,-11589.795,-22005.225,-6347.34,457.335,-29731.274999999998,-11834.055,-4286.7
-10621.98,-11561.4,-21975.48,-6310.889999999999,482.4,-29731.004999999997,-11862.72,-4273.875
-10617.93,-11545.56,-21967.155,-6305.264999999999,480.87,-29741.579999999998,-11887.47,-4286.925
-10666.89,-11587.949999999999,-22006.17,-6346.62,460.16999999999996,-29729.16,-11828.07,-4316.625
-10652.085,-11593.664999999999,-22007.969999999998,-6338.385,497.60999999999996,-29650.86,-11733.885,-4270.455
-10642.545,-11601.449999999999,-22020.165,-6344.1449999999995,491.445,-29664.135,-11731.32,-4245.03
-10632.33,-11584.439999999999,-22006.754999999997,-6331.815,499.995,-29669.895,-11787.975,-4243.5
-10648.44,-11593.845,-22010.129999999997,-6333.389999999999,511.78499999999997,-29622.465,-11771.865,-4253.849999999999
-10662.57,-11604.195,-22019.04,-6345.855,488.07,-29665.44,-11788.965,-4273.65
-10639.17,-11566.305,-21982.094999999998,-6306.165,529.38,-29635.335,-11765.115,-4283.415
-10606.815,-11529.72,-21930.524999999998,-6243.84,588.555,-29588.085,-11754.135,-4275.405
-10623.734999999999,-11580.93,-21994.155,-6299.37,531.81,-29652.614999999998,-11800.035,-4261.095
-10678.545,-11630.205,-22045.815,-6373.215,450.765,-29727.495,-11800.08,-4272.48
-10685.654999999999,-11643.48,-22054.59,-6381.315,433.44,-29736.18,-11733.435,-4268.7
-10641.06,-11601.494999999999,-22027.59,-6350.445,463.40999999999997,-29707.649999999998,-11756.295,-4250.115
-10623.914999999999,-11566.215,-21992.67,-6326.46,495.27,-29673.225,-11786.58,-4244.4
-10617.3,-11553.48,-21967.92,-6301.3949999999995,516.87,-29668.454999999998,-11783.789999999999,-4252.32
-10649.88,-11574.314999999999,-21982.14,-6322.59,490.455,-29693.475,-11794.095,-4274.73
-10672.154999999999,-11615.49,-22021.92,-6352.605,463.85999999999996,-29712.42,-11802.105,-4282.065
-10648.529999999999,-11618.91,-22023.899999999998,-6331.094999999999,500.58,-29680.469999999998,-11794.365,-4264.47
-10632.734999999999,-11566.529999999999,-21976.379999999997,-6297.165,526.635,-29664.765,-11796.705,-4269.105
-10643.175,-11565.494999999999,-21974.625,-6303.24,513.36,-29683.17,-11820.195,-4283.865
-10679.265,-11632.59,-22044.329999999998,-6364.844999999999,453.33,-29731.14,-11832.615,-4303.575
-10678.859999999999,-11633.22,-22045.59,-6368.355,446.31,-29748.195,-11829.869999999999,-4298.04
-10651.41,-11605.77,-22013.954999999998,-6341.76,469.53,-29718.629999999997,-11791.574999999999,-4270.23
-10648.125,-11582.145,-22006.98,-6349.905,456.525,-29732.715,-11785.365,-4268.79
-10652.355,-11591.145,-22020.48,-6361.695,445.635,-29732.355,-11775.645,-4275.45
-10653.164999999999,-11596.904999999999,-22011.21,-6344.054999999999,467.865,-29714.129999999997,-11767.14,-4273.065
-10646.64,-11586.015,-22002.524999999998,-6335.46,483.705,-29696.94,-11759.895,-4262.849999999999
-10637.505,-11580.029999999999,-21999.42,-6330.87,494.46,-29693.475,-11807.414999999999,-4247.19
-10637.414999999999,-11578.949999999999,-21994.245,-6329.385,483.885,-29716.155,-11835.27,-4259.25
-10638.63,-11585.34,-21999.015,-6332.804999999999,480.10499999999996,-29716.11,-11833.289999999999,-4261.365
-10637.279999999999,-11595.645,-22019.67,-6347.61,467.775,-29715.704999999998,-11802.33,-4255.2
-10645.65,-11589.975,-22009.545,-6340.635,464.265,-29741.219999999998,-11774.115,-4262.535
-10639.98,-11572.65,-21988.395,-6327.045,472.22999999999996,-29737.35,-11774.744999999999,-4263.389999999999
-10625.94,-11556.72,-21965.625,-6297.48,516.555,-29670.57,-11802.824999999999,-4254.885
-10624.14,-11556.63,-21966.48,-6290.55,531.9449999999999,-29654.82,-11819.609999999999,-4252.005
-10644.84,-11579.58,-22005.989999999998,-6319.665,503.01,-29697.164999999997,-11824.56,-4270.05
-10636.92,-11576.52,-22034.879999999997,-6344.37,464.895,-29773.079999999998,-11859.615,-4276.755
-10640.43,-11578.814999999999,-22030.875,-6358.59,425.835,-29821.184999999998,-11869.289999999999,-4284.09
-10643.535,-11577.869999999999,-21977.325,-6335.19,434.745,-29770.065,-11819.34,-4270.1849999999995
-10646.369999999999,-11582.955,-21981.555,-6328.8,476.505,-29672.28,-11767.23,-4259.16
-10659.42,-11596.455,-22001.309999999998,-6325.92,518.265,-29605.5,-11750.49,-4269.51
-10644.615,-11587.994999999999,-21996.54,-6317.28,521.865,-29633.309999999998,-11782.529999999999,-4253.445
-10619.279999999999,-11543.805,-21950.954999999998,-6270.03,556.56,-29656.17,-11825.64,-4267.665
-10647.765,-11566.98,-21972.87,-6298.74,524.52,-29697.75,-11812.5,-4293.8099999999995
-10644.795,-11560.814999999999,-21968.19,-6307.605,488.655,-29770.965,-11861.955,-4306.365
-10642.455,-11571.75,-21992.085,-6347.205,413.01,-29840.805,-11862.27,-4289.49
-10657.8,-11605.23,-22029.48,-6370.245,426.59999999999997,-29721.6,-11782.395,-4272.795
-10654.74,-11616.705,-22033.62,-6353.91,495.135,-29614.949999999997,-11728.08,-4231.485
-10660.095,-11613.33,-22022.73,-6329.205,539.37,-29573.82,-11717.414999999999,-4251.78
-10650.195,-11592.63,-22002.48,-6312.42,538.785,-29614.004999999997,-11735.505,-4263.66
-10632.375,-11569.32,-21983.76,-6315.255,504.85499999999996,-29688.164999999997,-11779.965,-4254.57
-10625.265,-11581.515,-21993.75,-6329.745,468.405,-29737.844999999998,-11783.52,-4245.615
-10623.51,-11582.73,-22006.8,-6337.575,471.41999999999996,-29720.655,-11765.205,-4235.8949999999995
-10636.47,-11567.564999999999,-21982.68,-6317.099999999999,507.06,-29699.954999999998,-11822.67,-4261.1849999999995
-10697.13,-11649.15,-22061.34,-6378.03,464.58,-29713.86,-11799.314999999999,-4301.955
-10682.369999999999,-11634.615,-22050.495,-6372.45,459.53999999999996,-29715.39,-11767.59,-4284.855
-10641.51,-11586.645,-22000.004999999997,-6324.03,496.16999999999996,-29696.625,-11785.635,-4267.17
-10607.355,-11557.71,-21967.785,-6281.37,528.03,-29716.649999999998,-11831.039999999999,-4247.775
-10599.84,-11538.0,-21956.895,-6282.54,527.4,-29717.55,-11844.09,-4245.03
-10609.109999999999,-11571.66,-21977.684999999998,-6290.01,522.4499999999999,-29689.965,-11851.109999999999,-4242.78
-10635.975,-11621.385,-22027.59,-6320.655,503.28,-29665.215,-11814.164999999999,-4273.83
-10655.369999999999,-11561.805,-21984.57,-6317.955,499.005,-29692.8,-11796.885,-4294.035
-10642.005,-11545.335,-21966.21,-6310.53,513.225,-29674.305,-11761.83,-4271.04
-10672.875,-11616.39,-22034.34,-6363.315,464.84999999999997,-29707.829999999998,-11773.574999999999,-4271.715
-10673.19,-11625.074999999999,-22043.43,-6361.245,464.94,-29708.414999999997,-11783.43,-4276.3949999999995
-10665.315,-11601.494999999999,-22012.11,-6328.844999999999,490.40999999999997,-29707.829999999998,-11781.18,-4280.445
-10657.845,-11587.77,-21992.67,-6320.79,491.53499999999997,-29707.425,-11794.095,-4278.0599999999995
-10635.119999999999,-11571.66,-21984.93,-6314.804999999999,498.41999999999996,-29701.53,-11821.725,-4265.19
-10640.88,-11578.14,-21991.184999999998,-6318.09,506.115,-29675.61,-11817.765,-4275.764999999999
-10670.22,-11602.755,-22014.27,-6341.264999999999,480.645,-29697.93,-11792.205,-4289.4
-10651.545,-11585.25,-21993.84,-6324.705,487.89,-29713.725,-11783.385,-4261.095
-10614.24,-11547.539999999999,-21954.375,-6277.139999999999,537.21,-29682.18,-11779.605,-4235.849999999999
-10610.595,-11544.57,-21953.52,-6274.98,545.625,-29668.094999999998,-11798.414999999999,-4241.745
-10627.109999999999,-11563.38,-21984.704999999998,-6322.139999999999,494.685,-29693.204999999998,-11799.0,-4259.115
-10648.395,-11601.63,-22025.52,-6362.955,453.555,-29721.195,-11789.369999999999,-4261.41
-10638.0,-11587.725,-22007.79,-6343.514999999999,462.73499999999996,-29753.235,-11810.43,-4257.72
-10621.395,-11554.199999999999,-21971.114999999998,-6309.54,491.625,-29732.67,-11804.535,-4255.83
-10636.289999999999,-11573.189999999999,-21987.855,-6319.889999999999,493.155,-29701.26,-11775.869999999999,-4261.7699999999995
-10636.695,-11580.57,-21994.02,-6323.49,495.585,-29675.475,-11784.42,-4254.885
-10642.455,-11587.77,-22004.37,-6336.315,476.865,-29699.055,-11820.06,-4265.19
-10634.895,-11571.57,-21983.67,-6315.75,493.065,-29692.305,-11801.699999999999,-4265.28
-10648.305,-11578.725,-21989.655,-6318.315,488.745,-29713.77,-11819.564999999999,-4284.315
-10675.619999999999,-11620.35,-22033.98,-6356.295,466.10999999999996,-29705.805,-11833.515,-4291.11
-10663.695,-11607.75,-22022.415,-6348.105,462.645,-29730.735,-11856.105,-4284.18
-10657.215,-11600.279999999999,-22023.315,-6348.87,457.65,-29749.68,-11834.1,-4275.585
-10658.789999999999,-11611.17,-22061.114999999998,-6370.245,444.41999999999996,-29756.699999999997,-11805.255,-4267.3949999999995
-10656.045,-11605.59,-22045.545,-6350.985,479.115,-29702.61,-11746.395,-4272.165
-10627.605,-11565.18,-21968.91,-6303.24,500.98499999999996,-29732.625,-11842.244999999999,-4272.84
-10633.32,-11569.77,-21977.55,-6316.065,480.59999999999997,-29759.445,-11862.855,-4280.58
-10639.619999999999,-11592.765,-22015.844999999998,-6346.17,459.35999999999996,-29748.78,-11825.145,-4253.67
-10630.529999999999,-11579.22,-21991.815,-6320.385,493.38,-29703.105,-11797.38,-4239.135
-10629.09,-11568.42,-21980.114999999998,-6300.2699999999995,526.77,-29661.795,-11787.119999999999,-4249.305
-10646.1,-11583.99,-21992.85,-6313.005,506.385,-29691.629999999997,-11776.455,-4263.66
-10618.785,-11551.59,-21962.565,-6288.48,510.97499999999997,-29733.57,-11791.98,-4245.615
-10600.65,-11528.189999999999,-21940.739999999998,-6274.665,514.17,-29740.05,-11829.6,-4242.33
-10627.38,-11556.314999999999,-21971.565,-6308.19,479.60999999999996,-29756.34,-11866.994999999999,-4275.8099999999995
-10679.58,-11623.5,-22040.82,-6372.719999999999,428.175,-29791.215,-11836.98,-4291.29
-10685.609999999999,-11643.705,-22061.745,-6390.63,411.12,-29776.32,-11759.13,-4275.135
-10639.08,-11605.095,-22016.79,-6329.79,480.59999999999997,-29686.094999999998,-11748.33,-4253.985
-10630.71,-11594.34,-22006.62,-6312.014999999999,514.62,-29662.379999999997,-11802.824999999999,-4261.68
-10629.81,-11576.205,-21984.57,-6297.21,534.6899999999999,-29666.204999999998,-11841.795,-4268.205
-10641.914999999999,-11610.135,-22034.52,-6336.945,509.21999999999997,-29664.09,-11784.51,-4250.565
-10652.984999999999,-11602.71,-22012.155,-6320.565,523.53,-29637.899999999998,-11751.345,-4255.245
-10666.935,-11612.789999999999,-22022.235,-6346.3949999999995,479.205,-29698.469999999998,-11759.715,-4269.465
-10661.895,-11580.525,-21999.285,-6332.355,490.185,-29708.145,-11832.48,-4271.3099999999995
-10668.24,-11596.41,-22009.545,-6333.344999999999,485.325,-29709.629999999997,-11847.465,-4284.63
-10651.095,-11606.895,-22017.915,-6329.61,497.565,-29685.51,-11779.965,-4260.014999999999
-10632.96,-11579.13,-22003.92,-6323.715,502.78499999999997,-29669.085,-11761.56,-4239.18
-10627.785,-11544.345,-21962.34,-6308.415,493.875,-29695.14,-11792.744999999999,-4246.29
-10622.97,-11550.914999999999,-21965.355,-6299.01,502.91999999999996,-29723.219999999998,-11818.98,-4249.53
-10642.275,-11575.664999999999,-21986.91,-6314.49,495.495,-29760.39,-11853.585,-4272.615
-10654.38,-11588.22,-22001.129999999997,-6323.175,487.89,-29770.155,-11845.89,-4273.245
-10634.445,-11556.449999999999,-21969.45,-6294.465,522.27,-29719.89,-11823.029999999999,-4259.97
-10616.49,-11535.48,-21948.434999999998,-6269.175,555.435,-29661.614999999998,-11834.955,-4263.12
-10659.869999999999,-11589.48,-22004.235,-6324.75,515.88,-29646.629999999997,-11810.295,-4286.43
-10643.58,-11582.145,-21997.844999999998,-6324.795,494.46,-29691.36,-11767.14,-4260.6449999999995
-10651.14,-11590.335,-22003.155,-6336.495,467.145,-29730.015,-11802.24,-4270.1849999999995
-10677.105,-11616.345,-22024.62,-6362.775,445.815,-29733.84,-11826.18,-4296.96
-10682.145,-11626.335,-22029.93,-6359.58,452.60999999999996,-29736.27,-11857.14,-4303.71
-10655.145,-11604.105,-22018.545,-6338.925,482.21999999999997,-29718.809999999998,-11842.199999999999,-4270.905
-10642.68,-11587.095,-22011.93,-6338.205,485.685,-29698.649999999998,-11784.96,-4255.2
-10629.045,-11569.994999999999,-21987.675,-6310.889999999999,511.38,-29680.695,-11774.205,-4257.764999999999
-10629.315,-11555.955,-21968.82,-6292.215,528.5699999999999,-29677.23,-11805.074999999999,-4273.245
-10644.57,-11580.525,-21995.19,-6318.945,502.46999999999997,-29695.815,-11814.84,-4280.58
-10656.99,-11612.789999999999,-22036.815,-6362.505,455.76,-29741.805,-11822.939999999999,-4264.965
-10641.555,-11583.18,-22006.665,-6338.429999999999,473.94,-29729.34,-11788.695,-4241.07
-10636.605,-11576.025,-21997.215,-6328.889999999999,476.37,-29729.295,-11782.574999999999,-4245.525
-10636.289999999999,-11574.63,-21996.719999999998,-6333.615,463.275,-29761.829999999998,-11807.685,-4253.58
-10644.615,-11581.605,-22005.765,-6345.135,450.04499999999996,-29783.879999999997,-11839.859999999999,-4271.94
-10646.414999999999,-11578.275,-21998.295,-6332.04,470.15999999999997,-29746.98,-11851.38,-4282.47
-10625.805,-11556.855,-21972.825,-6295.815,528.03,-29655.405,-11828.654999999999,-4264.83
-10620.18,-11551.23,-21965.265,-6286.995,535.86,-29652.614999999998,-11795.355,-4255.785
-10640.654999999999,-11582.73,-21998.969999999998,-6324.4349999999995,492.34499999999997,-29701.62,-11769.435,-4248.945
-10671.164999999999,-11622.914999999999,-22043.024999999998,-6368.219999999999,448.155,-29756.114999999998,-11807.189999999999,-4269.014999999999
-10663.83,-11610.675,-22031.684999999998,-6358.7699999999995,451.66499999999996,-29756.835,-11811.42,-4279.59
-10669.23,-11615.715,-22031.91,-6354.9,451.03499999999997,-29755.844999999998,-11792.744999999999,-4288.995
-10662.615,-11610.63,-22026.329999999998,-6346.349999999999,454.14,-29768.219999999998,-11846.475,-4289.13
-10617.84,-11551.994999999999,-21969.855,-6298.29,486.22499999999997,-29764.934999999998,-11857.77,-4250.025
-10577.565,-11513.295,-21927.645,-6253.245,531.63,-29704.184999999998,-11802.465,-4212.2699999999995
-10575.675,-11505.015,-21914.28,-6236.865,564.93,-29651.715,-11801.88,-4222.71
-10662.885,-11593.395,-22009.41,-6331.86,496.84499999999997,-29697.84,-11825.234999999999,-4291.245
-10700.055,-11645.955,-22076.864999999998,-6400.575,424.305,-29800.17,-11900.43,-4312.26
-10665.539999999999,-11611.8,-22036.635,-6359.175,450.04499999999996,-29788.559999999998,-11871.27,-4280.04
-10656.539999999999,-11604.015,-22028.489999999998,-6348.195,473.805,-29691.899999999998,-11756.789999999999,-4255.065
-10645.289999999999,-11594.744999999999,-22013.1,-6343.92,457.10999999999996,-29715.93,-11757.15,-4255.11
-10584.404999999999,-11560.455,-21979.53,-6304.679999999999,474.57,-29760.84,-11818.755,-4215.105
-10533.015,-11462.535,-21896.504999999997,-6240.0599999999995,527.085,-29758.59,-11866.41,-4186.98
-10610.145,-11516.039999999999,-21932.73,-6262.605,555.885,-29665.754999999997,-11830.275,-4253.94
-10708.875,-11634.57,-22037.265,-6342.525,507.645,-29654.145,-11806.289999999999,-4335.795
-10700.91,-11626.92,-22040.1,-6349.1849999999995,501.57,-29671.605,-11812.59,-4324.095
-10707.435,-11653.47,-22070.25,-6384.33,449.775,-29737.8,-11799.135,-4300.11
-10644.48,-11594.97,-22009.14,-6323.13,499.995,-29695.004999999997,-11799.765,-4251.375
-10614.869999999999,-11564.234999999999,-21980.969999999998,-6292.035,528.435,-29663.19,-11798.55,-4249.62
-10618.605,-11554.199999999999,-21973.004999999997,-6295.32,514.35,-29702.745,-11812.14,-4255.965
-10664.595,-11607.795,-22023.945,-6340.905,476.28,-29724.39,-11814.345,-4278.87
-10686.15,-11635.83,-22055.355,-6371.46,457.425,-29724.614999999998,-11793.555,-4280.58
-10649.97,-11594.789999999999,-22009.545,-6322.32,498.375,-29709.315,-11786.76,-4258.3949999999995
-10647.27,-11575.98,-21987.989999999998,-6312.24,484.515,-29757.329999999998,-11830.095,-4270.455
-10628.82,-11546.73,-21968.504999999997,-6308.37,467.82,-29792.745,-11869.74,-4271.13
-10621.17,-11544.48,-21962.204999999998,-6296.804999999999,498.06,-29725.829999999998,-11833.605,-4259.205
-10604.925,-11537.955,-21947.715,-6264.405,555.795,-29632.094999999998,-11709.18,-4220.37
-10637.91,-11588.49,-21994.29,-6299.054999999999,536.4449999999999,-29644.92,-11771.01,-4242.15
-10661.58,-11620.395,-22027.59,-6321.465,517.3199999999999,-29673.135,-11807.595,-4268.97
-10659.105,-11631.195,-22045.77,-6343.965,484.91999999999996,-29714.355,-11816.64,-4270.095
-10655.865,-11626.92,-22056.254999999997,-6372.315,448.02,-29738.879999999997,-11813.58,-4262.805
-10649.295,-11627.055,-22067.954999999998,-6378.615,448.2,-29740.32,-11820.195,-4260.78
-10656.18,-11581.83,-21997.305,-6327.719999999999,486.765,-29719.53,-11826.045,-4272.57
-10647.494999999999,-11576.699999999999,-21993.93,-6325.5599999999995,485.505,-29717.28,-11816.46,-4263.255
-10644.615,-11575.305,-21983.219999999998,-6313.7699999999995,489.645,-29704.635,-11805.345,-4260.96
-10642.275,-11569.59,-21962.52,-6302.5199999999995,497.25,-29672.055,-11786.445,-4261.139999999999
-10638.404999999999,-11568.914999999999,-21976.92,-6308.28,499.455,-29688.885,-11789.91,-4261.23
-10646.46,-11580.345,-21995.415,-6318.09,491.35499999999996,-29718.405,-11804.355,-4266.224999999999
-10644.39,-11590.38,-22007.52,-6332.985,472.815,-29745.045,-11823.615,-4263.84
-10641.555,-11586.734999999999,-22013.28,-6341.94,463.635,-29757.645,-11847.51,-4266.045
-10640.789999999999,-11574.945,-21998.024999999998,-6326.415,481.635,-29730.375,-11818.35,-4263.525
-10644.39,-11584.035,-22002.524999999998,-6327.405,479.07,-29739.6,-11825.324999999999,-4263.3
-10628.414999999999,-11571.885,-21994.245,-6323.13,470.88,-29781.629999999997,-11849.49,-4253.58
-10603.529999999999,-11535.975,-21957.57,-6285.915,504.945,-29772.765,-11882.789999999999,-4252.7699999999995
-10603.89,-11544.48,-21955.184999999998,-6273.179999999999,525.15,-29710.079999999998,-11854.125,-4260.87
-10615.904999999999,-11560.32,-21971.61,-6292.755,507.73499999999996,-29683.934999999998,-11798.145,-4264.47
-10641.33,-11567.43,-21992.805,-6333.929999999999,453.28499999999997,-29741.67,-11848.005,-4276.305
-10608.255,-11546.73,-21969.585,-6301.035,485.01,-29744.954999999998,-11852.64,-4241.5199999999995
-10630.395,-11571.615,-21996.945,-6323.94,480.06,-29750.715,-11790.945,-4247.91
-10682.19,-11613.914999999999,-22033.44,-6362.594999999999,443.835,-29769.48,-11812.14,-4305.33
-10697.22,-11645.279999999999,-22077.045,-6408.63,400.68,-29799.675,-11831.039999999999,-4313.295
-10654.154999999999,-11622.465,-22042.71,-6359.58,446.715,-29786.129999999997,-11869.064999999999,-4269.825
-10595.789999999999,-11565.539999999999,-21979.305,-6280.83,538.0649999999999,-29707.155,-11847.555,-4207.724999999999
-10580.805,-11507.445,-21913.379999999997,-6228.675,592.11,-29647.934999999998,-11777.805,-4191.615
-10646.865,-11572.154999999999,-21976.245,-6303.87,504.35999999999996,-29697.03,-11800.664999999999,-4253.8949999999995
-10691.145,-11663.955,-22074.66,-6386.985,421.56,-29765.565,-11813.175,-4281.255
-10688.715,-11683.215,-22109.85,-6396.66,444.78,-29729.475,-11792.88,-4283.6849999999995
-10662.39,-11598.84,-22022.954999999998,-6334.5599999999995,508.32,-29701.8,-11817.855,-4278.195
-10632.06,-11569.814999999999,-21972.329999999998,-6291.54,540.27,-29645.19,-11796.074999999999,-4251.555
-10621.08,-11587.994999999999,-22009.995,-6300.315,538.38,-29646.045,-11798.279999999999,-4243.139999999999
-10647.945,-11582.955,-21986.145,-6297.84,534.555,-29653.92,-11824.109999999999,-4275.764999999999
-10634.49,-11563.83,-21970.62,-6289.92,532.35,-29668.454999999998,-11808.27,-4270.32
-10626.119999999999,-11549.25,-21972.51,-6298.425,514.53,-29697.164999999997,-11778.119999999999,-4254.615
-10666.574999999999,-11582.189999999999,-21998.024999999998,-6336.855,469.71,-29718.539999999997,-11754.539999999999,-4275.8099999999995
-10705.994999999999,-11642.22,-22052.969999999998,-6378.48,435.06,-29750.039999999997,-11792.205,-4295.565
-10659.779999999999,-11595.645,-22006.395,-6325.29,492.39,-29720.745,-11839.5,-4268.5199999999995
-10655.595,-11588.805,-22004.055,-6325.469999999999,498.28499999999997,-29712.329999999998,-11845.08,-4275.585
-10659.15,-11598.345,-22016.34,-6343.83,470.835,-29745.045,-11841.795,-4276.26
-10656.72,-11599.064999999999,-22019.85,-6352.245,448.425,-29785.545,-11854.35,-4271.49
-10643.49,-11591.055,-22013.19,-6342.705,460.305,-29773.934999999998,-11844.63,-4256.55
-10634.265,-11574.855,-21992.129999999997,-6313.005,500.49,-29718.045,-11833.515,-4260.915
-10632.285,-11571.39,-21993.84,-6316.5599999999995,501.21,-29706.3,-11827.664999999999,-4271.67
-10633.815,-11563.47,-21975.614999999998,-6293.565,518.9399999999999,-29699.864999999998,-11843.145,-4289.355
-10626.975,-11580.93,-21987.629999999997,-6289.335,528.5699999999999,-29674.71,-11784.869999999999,-4264.695
-10635.345,-11596.904999999999,-22010.94,-6323.67,493.515,-29690.91,-11765.07,-4261.86
-10648.08,-11613.06,-22020.93,-6343.469999999999,468.405,-29727.539999999997,-11764.845,-4235.715
-10641.24,-11582.055,-22006.575,-6327.945,491.31,-29721.329999999998,-11813.49,-4245.255
-10665.09,-11597.355,-22010.355,-6341.355,473.35499999999996,-29734.469999999998,-11830.77,-4278.915
-10645.785,-11583.27,-22008.915,-6341.76,464.625,-29755.754999999997,-11850.119999999999,-4261.005
-10615.005,-11556.09,-21977.954999999998,-6313.95,493.46999999999997,-29730.465,-11823.39,-4232.295
-10616.445,-11563.335,-21974.76,-6298.29,516.375,-29691.315,-11790.765,-4234.68
-10641.375,-11581.02,-21997.17,-6322.094999999999,484.60499999999996,-29725.965,-11814.48,-4259.88
-10656.315,-11591.64,-22009.32,-6340.005,460.34999999999997,-29757.465,-11841.074999999999,-4266.99
-10646.775,-11582.055,-21996.45,-6322.365,481.14,-29739.78,-11842.02,-4265.639999999999
-10641.465,-11576.654999999999,-21990.51,-6316.0199999999995,490.905,-29714.129999999997,-11828.789999999999,-4264.0199999999995
-10632.69,-11574.72,-21994.065,-6328.125,461.07,-29759.489999999998,-11810.475,-4246.245
-10591.109999999999,-11532.33,-21950.91,-6291.99,484.38,-29764.664999999997,-11788.65,-4210.83
-10580.715,-11514.869999999999,-21929.625,-6263.415,533.16,-29699.774999999998,-11793.645,-4213.485
-10631.115,-11565.494999999999,-21983.489999999998,-6305.445,514.485,-29693.925,-11830.545,-4260.33
-10680.39,-11627.1,-22046.489999999998,-6364.44,471.10499999999996,-29701.079999999998,-11848.275,-4288.68
-10651.994999999999,-11598.39,-22014.629999999997,-6342.66,475.60499999999996,-29703.105,-11817.18,-4268.5199999999995
-10642.23,-11586.6,-22007.204999999998,-6342.12,454.005,-29749.23,-11829.689999999999,-4266.45
-10639.44,-11577.33,-22002.39,-6328.98,468.405,-29719.89,-11854.395,-4273.83
-10608.75,-11535.885,-21957.39,-6280.92,518.985,-29689.289999999997,-11863.529999999999,-4258.08
-10612.755,-11541.24,-21954.87,-6272.054999999999,559.26,-29633.67,-11771.91,-4245.03
-10644.48,-11588.67,-22007.024999999998,-6323.264999999999,508.04999999999995,-29704.274999999998,-11785.77,-4256.1449999999995
-10666.17,-11610.135,-22031.774999999998,-6354.2699999999995,458.55,-29774.879999999997,-11835.9,-4276.035
-10667.52,-11609.46,-22028.355,-6341.94,489.06,-29687.67,-11774.295,-4275.54
-10660.185,-11599.74,-22015.844999999998,-6324.48,513.63,-29655.36,-11817.314999999999,-4279.545
-10654.965,-11588.85,-22002.885,-6313.275,517.9499999999999,-29693.07,-11891.475,-4291.514999999999
-10652.805,-11587.814999999999,-22002.704999999998,-6317.6849999999995,502.74,-29721.51,-11847.465,-4285.53
-10629.765,-11571.795,-21992.399999999998,-6319.889999999999,467.46,-29791.17,-11834.865,-4255.11
-10618.785,-11567.34,-21987.719999999998,-6313.905,470.07,-29777.85,-11815.47,-4235.085
-10604.295,-11562.345,-21977.594999999998,-6292.485,519.5699999999999,-29664.809999999998,-11753.01,-4207.5
-10630.395,-11591.324999999999,-22012.065,-6313.59,523.53,-29657.745,-11818.17,-4245.795
-10659.69,-11613.779999999999,-22029.93,-6338.34,476.01,-29740.725,-11865.96,-4296.915
-10688.895,-11660.984999999999,-22073.94,-6381.36,420.885,-29790.855,-11866.994999999999,-4313.79
-10670.13,-11645.234999999999,-22071.735,-6381.45,434.655,-29760.524999999998,-11847.734999999999,-4276.9349999999995
-10655.145,-11608.335,-22036.77,-6354.045,481.185,-29686.86,-11785.365,-4235.985
-10646.685,-11582.73,-21998.655,-6319.26,510.34499999999997,-29673.449999999997,-11799.0,-4253.67
-10647.0,-11587.725,-22007.655,-6326.6849999999995,494.09999999999997,-29706.164999999997,-11826.09,-4262.715
-10639.664999999999,-11574.9,-21996.989999999998,-6321.87,494.865,-29700.495,-11799.314999999999,-4247.73
-10633.859999999999,-11562.029999999999,-21981.239999999998,-6309.945,505.53,-29688.66,-11799.72,-4250.16
-10627.65,-11562.84,-21979.395,-6297.389999999999,525.15,-29659.905,-11789.64,-4248.54
-10601.279999999999,-11538.72,-21956.175,-6263.46,552.6,-29663.91,-11793.645,-4235.985
-10612.215,-11552.895,-21966.48,-6282.405,524.745,-29695.68,-11799.539999999999,-4248.495
-10627.47,-11565.945,-21979.485,-6297.75,514.4399999999999,-29687.85,-11788.74,-4260.014999999999
-10642.005,-11580.119999999999,-21988.215,-6305.13,506.205,-29705.445,-11827.664999999999,-4266.18
-10607.22,-11544.119999999999,-21966.93,-6291.495,508.995,-29745.405,-11921.4,-4250.16
-10621.035,-11532.645,-21953.655,-6290.415,509.13,-29755.89,-11893.904999999999,-4279.365
-10684.08,-11614.77,-22030.245,-6365.34,433.125,-29811.015,-11849.715,-4307.94
-10662.164999999999,-11615.039999999999,-22038.795,-6364.44,444.51,-29767.59,-11849.49,-4274.955
-10628.775,-11591.369999999999,-22008.915,-6314.94,519.435,-29637.36,-11787.705,-4237.335
-10666.035,-11606.49,-22021.425,-6341.58,490.32,-29680.065,-11798.369999999999,-4271.264999999999
-10664.19,-11594.699999999999,-22008.87,-6339.285,472.635,-29715.75,-11829.465,-4281.66
-10667.16,-11611.574999999999,-22033.17,-6360.344999999999,448.695,-29743.155,-11858.039999999999,-4283.325
-10686.779999999999,-11644.965,-22068.719999999998,-6392.79,417.96,-29776.905,-11815.335,-4279.545
-10682.19,-11626.154999999999,-22046.715,-6373.485,435.78,-29788.92,-11829.33,-4298.535
-10668.645,-11602.484999999999,-22021.155,-6345.2699999999995,468.405,-29753.82,-11838.51,-4303.26
-10640.97,-11577.285,-21989.745,-6306.57,522.3149999999999,-29673.945,-11828.97,-4273.47
