ch0,ch1,ch2,ch3,ch4,ch5,ch6,ch7
-11244.015,-11895.074999999999,-22997.07,-6693.974999999999,433.395,-30508.469999999998,-13528.845,-3995.19
-11202.074999999999,-11840.58,-22943.114999999998,-6659.505,447.16499999999996,-30510.0,-13567.769999999999,-3989.205
-11184.345,-11815.199999999999,-22894.559999999998,-6632.91,496.66499999999996,-30514.094999999998,-13571.685,-3992.085
-11185.515,-11813.355,-22899.87,-6638.355,508.005,-30501.27,-13535.414999999999,-3977.46
-11156.265,-11780.145,-22872.6,-6609.285,553.995,-30418.829999999998,-13479.705,-3942.495
-11158.064999999999,-11781.045,-22871.43,-6612.344999999999,550.125,-30396.914999999997,-13469.13,-3939.39
-11278.305,-11929.814999999999,-23022.54,-6762.375,400.905,-30513.87,-13461.615,-4007.6099999999997
-11253.6,-11909.34,-23012.73,-6760.349999999999,387.71999999999997,-30553.02,-13432.095,-3981.7799999999997
-11203.515,-11840.445,-22939.065,-6697.755,442.71,-30506.579999999998,-13410.269999999999,-3960.855
-11113.965,-11753.775,-22853.655,-6598.259999999999,560.8349999999999,-30395.475,-13394.43,-3886.335
-11119.725,-11764.17,-22855.094999999998,-6590.655,586.62,-30383.82,-13443.57,-3890.7
-11217.015,-11874.51,-22966.875,-6701.04,477.135,-30482.37,-13554.765,-3986.415
-11238.119999999999,-11886.255,-22984.829999999998,-6726.509999999999,438.16499999999996,-30541.86,-13571.73,-4007.8799999999997
-11222.595,-11872.17,-22970.655,-6726.105,418.09499999999997,-30582.719999999998,-13523.625,-3980.295
-11180.52,-11817.449999999999,-22916.7,-6676.83,463.40999999999997,-30499.155,-13457.34,-3943.305
-11181.779999999999,-11812.859999999999,-22904.01,-6647.58,526.635,-30382.245,-13386.914999999999,-3956.805
-11199.33,-11829.24,-22923.0,-6656.67,532.035,-30405.555,-13420.035,-3971.25
-11204.55,-11832.525,-22927.59,-6663.42,518.76,-30447.18,-13530.105,-3979.395
-11203.785,-11837.25,-22934.25,-6675.165,496.08,-30461.355,-13519.035,-3975.93
-11212.695,-11856.285,-22952.34,-6703.695,455.805,-30499.965,-13525.92,-3972.915
-11200.59,-11852.189999999999,-22953.825,-6714.54,447.97499999999997,-30518.91,-13529.925,-3963.87
-11204.414999999999,-11849.31,-22945.995,-6701.8949999999995,455.84999999999997,-30525.39,-13514.085,-3974.355
-11211.705,-11844.99,-22945.14,-6707.655,449.82,-30530.16,-13568.939999999999,-3997.89
-11225.475,-11845.664999999999,-22946.94,-6709.094999999999,473.98499999999996,-30477.645,-13538.519999999999,-4024.665
-11222.145,-11850.525,-22954.454999999998,-6702.48,492.21,-30467.835,-13478.13,-3996.765
-11236.949999999999,-11881.439999999999,-22985.55,-6736.634999999999,458.055,-30480.66,-13449.869999999999,-3986.73
-11227.949999999999,-11876.31,-22974.93,-6718.995,469.48499999999996,-30451.77,-13471.289999999999,-3981.33
-11203.02,-11849.85,-22940.82,-6647.535,510.93,-30434.535,-13466.654999999999,-3967.065
-11194.425,-11842.965,-22937.175,-6670.17,519.885,-30461.715,-13436.595,-3945.915
-11183.175,-11823.93,-22916.565,-6632.28,538.6949999999999,-30497.309999999998,-13500.404999999999,-3945.555
-11191.365,-11829.869999999999,-22929.39,-6670.665,475.46999999999997,-30512.925,-13483.89,-3950.73
-11194.02,-11836.71,-22938.84,-6723.54,425.15999999999997,-30521.969999999998,-13506.119999999999,-3950.865
-11199.24,-11831.49,-22923.899999999998,-6709.139999999999,445.905,-30510.315,-13496.535,-3965.67
-11210.895,-11846.789999999999,-22951.17,-6772.094999999999,439.38,-30523.14,-13478.894999999999,-3973.9049999999997
-11201.85,-11842.47,-22965.614999999998,-6805.125,477.45,-30524.129999999997,-13482.9,-3964.8599999999997
-11195.595,-11854.439999999999,-22960.98,-6745.05,469.53,-30556.934999999998,-13544.414999999999,-3965.7599999999998
-11189.34,-11868.164999999999,-22955.715,-6653.429999999999,489.28499999999997,-30496.05,-13520.385,-3956.94
-11209.994999999999,-11860.47,-22948.379999999997,-6628.05,475.38,-30429.405,-13460.894999999999,-3971.8799999999997
-11191.949999999999,-11803.095,-22892.355,-6611.04,513.72,-30387.78,-13423.904999999999,-3971.43
-11152.035,-11769.84,-22859.82,-6607.08,555.93,-30397.815,-13418.144999999999,-3932.595
-11154.33,-11780.73,-22873.59,-6615.2699999999995,536.175,-30438.629999999997,-13398.93,-3924.99
-11220.705,-11854.755,-22951.89,-6681.78,471.91499999999996,-30480.885,-13474.305,-3983.94
-11225.609999999999,-11876.175,-22980.915,-6700.724999999999,451.755,-30470.715,-13522.59,-3973.77
-11212.605,-11857.005,-22958.19,-6682.679999999999,469.79999999999995,-30486.195,-13510.574999999999,-3972.645
-11206.395,-11842.65,-22942.62,-6687.764999999999,483.16499999999996,-30480.795,-13501.529999999999,-3980.745
-11193.705,-11819.654999999999,-22915.485,-6664.41,496.26,-30488.129999999997,-13553.1,-3987.6299999999997
-11225.97,-11865.779999999999,-22965.48,-6714.54,442.03499999999997,-30556.17,-13581.585,-3999.825
-11225.115,-11875.77,-22980.105,-6727.7699999999995,429.34499999999997,-30523.184999999998,-13498.515,-3978.54
-11191.545,-11834.865,-22937.94,-6685.92,472.85999999999996,-30457.664999999997,-13448.835,-3950.325
-11165.67,-11801.744999999999,-22900.5,-6649.785,509.84999999999997,-30463.379999999997,-13496.984999999999,-3931.47
-11164.77,-11796.975,-22896.54,-6652.08,491.98499999999996,-30516.66,-13552.965,-3951.9449999999997
-11170.845,-11809.395,-22906.53,-6663.96,480.555,-30517.11,-13566.42,-3958.605
-11194.515,-11835.63,-22932.27,-6678.54,480.51,-30484.62,-13518.269999999999,-3978.4049999999997
-11220.164999999999,-11860.83,-22961.295,-6703.65,463.68,-30493.125,-13465.17,-3984.2999999999997
-11175.75,-11814.345,-22910.355,-6651.134999999999,521.91,-30446.28,-13459.949999999999,-3944.745
-11205.945,-11854.17,-22950.405,-6691.139999999999,477.135,-30469.454999999998,-13470.84,-3955.0499999999997
-11243.475,-11897.955,-23006.52,-6757.74,405.35999999999996,-30531.78,-13486.005,-3987.3599999999997
-11236.095,-11873.115,-22974.795,-6727.59,437.265,-30525.254999999997,-13533.48,-4009.14
-11228.445,-11866.59,-22961.024999999998,-6712.5599999999995,449.685,-30525.795,-13532.445,-4006.62
-11199.824999999999,-11843.955,-22945.23,-6696.224999999999,457.695,-30513.105,-13514.039999999999,-3972.105
-11191.41,-11845.305,-22933.98,-6679.17,470.52,-30518.684999999998,-13529.97,-3950.055
-11188.98,-11864.654999999999,-22944.015,-6668.235,501.93,-30477.87,-13513.545,-3953.3849999999998
-11194.47,-11832.255,-22931.82,-6675.12,493.38,-30478.815,-13481.189999999999,-3961.17
-11192.039999999999,-11806.02,-22909.68,-6681.105,462.24,-30516.75,-13485.15,-3954.825
-11197.17,-11830.59,-22931.415,-6694.335,442.305,-30524.219999999998,-13503.195,-3958.56
-11200.185,-11837.744999999999,-22938.344999999998,-6686.865,479.745,-30463.065,-13484.295,-3971.205
-11232.045,-11867.939999999999,-22967.415,-6707.205,482.76,-30469.635,-13424.13,-3982.0049999999997
-11249.64,-11884.904999999999,-22986.405,-6744.195,435.24,-30503.52,-13449.33,-4003.3799999999997
-11238.93,-11877.57,-22980.329999999998,-6742.8,450.18,-30475.89,-13486.545,-4002.345
-11208.869999999999,-11849.625,-22949.325,-6688.62,511.83,-30417.39,-13487.31,-3972.015
-11189.789999999999,-11820.645,-22914.54,-6646.455,519.93,-30456.945,-13511.115,-3964.545
-11166.345,-11793.015,-22894.245,-6644.565,510.435,-30476.114999999998,-13509.314999999999,-3953.115
-11182.859999999999,-11829.24,-22935.329999999998,-6698.5199999999995,457.91999999999996,-30504.059999999998,-13503.51,-3946.0499999999997
-11217.6,-11879.1,-22984.379999999997,-6752.61,402.34499999999997,-30555.809999999998,-13511.519999999999,-3957.5699999999997
-11181.914999999999,-11811.015,-22912.875,-6694.5599999999995,456.75,-30579.704999999998,-13505.984999999999,-3954.825
-11153.789999999999,-11767.14,-22857.39,-6596.28,528.255,-30532.86,-13539.465,-3954.4649999999997
-11166.074999999999,-11788.515,-22876.92,-6592.5,594.675,-30361.725,-13509.945,-3965.7149999999997
-11250.72,-11899.8,-22998.015,-6734.88,472.09499999999997,-30430.215,-13442.715,-4004.955
-11266.244999999999,-11931.164999999999,-23040.855,-6788.61,419.895,-30501.719999999998,-13422.779999999999,-3992.58
-11223.449999999999,-11883.96,-22992.075,-6741.675,481.72499999999997,-30503.295,-13508.505,-3970.7549999999997
-11217.689999999999,-11871.404999999999,-22977.629999999997,-6731.28,518.985,-30498.84,-13509.449999999999,-3973.545
-11218.814999999999,-11861.055,-22959.495,-6708.6449999999995,497.835,-30500.594999999998,-13501.08,-3977.1
-11204.324999999999,-11834.414999999999,-22936.545,-6684.255,442.44,-30515.715,-13524.029999999999,-3981.06
-11211.39,-11829.24,-22923.36,-6669.045,442.66499999999996,-30515.895,-13553.505,-4011.705
-11222.145,-11848.725,-22953.015,-6707.88,460.305,-30499.065,-13550.085,-4011.48
-11216.34,-11859.345,-22973.355,-6716.07,459.22499999999997,-30501.449999999997,-13554.494999999999,-3988.125
-11203.965,-11853.72,-22960.305,-6714.495,459.495,-30504.645,-13517.82,-3957.615
-11198.295,-11840.58,-22942.44,-6707.16,466.02,-30490.379999999997,-13460.22,-3946.95
-11217.24,-11856.24,-22973.67,-6703.155,453.15,-30487.32,-13463.46,-3970.035
-11228.67,-11860.515,-22981.454999999998,-6675.255,486.09,-30487.5,-13485.914999999999,-4002.0299999999997
-11217.195,-11847.914999999999,-22950.54,-6671.34,479.29499999999996,-30503.745,-13484.699999999999,-3997.4849999999997
-11135.789999999999,-11766.105,-22855.184999999998,-6621.075,517.005,-30475.89,-13468.545,-3912.345
-11100.779999999999,-11727.449999999999,-22825.17,-6583.365,567.99,-30456.945,-13476.015,-3885.615
-11215.664999999999,-11856.869999999999,-22957.469999999998,-6701.94,466.83,-30547.53,-13581.314999999999,-3996.0899999999997
-11302.244999999999,-11963.654999999999,-23058.809999999998,-6797.745,391.275,-30587.85,-13586.039999999999,-4037.4449999999997
-11230.289999999999,-11891.43,-22982.535,-6720.974999999999,485.72999999999996,-30463.155,-13443.39,-3965.805
-11200.32,-11835.63,-22924.125,-6661.665,531.765,-30407.67,-13425.93,-3964.3199999999997
-11216.564999999999,-11868.705,-22965.93,-6696.855,471.91499999999996,-30476.43,-13475.43,-3966.615
-11192.31,-11841.255,-22947.39,-6692.715,416.385,-30609.719999999998,-13542.435,-3953.6099999999997
-11208.015,-11864.52,-22951.8,-6698.79,419.895,-30615.344999999998,-13524.074999999999,-3967.47
-11203.244999999999,-11848.545,-22945.41,-6686.099999999999,466.515,-30499.245,-13468.635,-3972.24
-11197.08,-11812.185,-22920.795,-6680.205,479.96999999999997,-30472.379999999997,-13485.24,-3972.06
-11156.13,-11782.35,-22887.675,-6642.855,510.16499999999996,-30492.945,-13539.195,-3938.04
-11190.015,-11821.545,-22918.905,-6655.679999999999,503.59499999999997,-30479.715,-13541.355,-3976.065
-11266.244999999999,-11905.244999999999,-23015.879999999997,-6757.965,437.13,-30507.614999999998,-13545.72,-4034.0249999999996
-11282.265,-11920.904999999999,-23030.684999999998,-6779.925,442.26,-30504.105,-13586.039999999999,-4055.3999999999996
-11219.039999999999,-11863.755,-22976.594999999998,-6743.565,465.12,-30482.73,-13515.57,-3991.0049999999997
-11173.5,-11813.939999999999,-22933.215,-6714.764999999999,487.215,-30470.579999999998,-13441.59,-3948.5699999999997
-11254.005,-11892.914999999999,-23014.844999999998,-6809.445,357.57,-30606.885,-13524.84,-4033.2599999999998
-11304.045,-11936.43,-23059.035,-6862.86,266.625,-30688.695,-13541.58,-4073.04
-11234.564999999999,-11887.425,-22992.93,-6744.735,399.195,-30586.68,-13541.49,-3965.1299999999997
-11185.515,-11839.41,-22926.96,-6651.09,530.55,-30431.655,-13489.74,-3916.08
-11172.105,-11815.65,-22899.69,-6609.735,569.52,-30389.535,-13448.88,-3936.87
-11191.185,-11833.74,-22923.899999999998,-6641.6849999999995,520.6949999999999,-30450.195,-13464.765,-3958.3799999999997
-11200.05,-11839.68,-22944.329999999998,-6698.5199999999995,472.365,-30473.19,-13458.465,-3956.49
-11169.945,-11808.81,-22917.87,-6695.28,490.40999999999997,-30482.82,-13472.055,-3936.645
-11157.795,-11800.35,-22921.469999999998,-6708.69,485.685,-30513.555,-13484.699999999999,-3934.98
-11193.39,-11833.65,-22950.719999999998,-6695.054999999999,484.02,-30530.34,-13532.13,-3961.71
-11245.32,-11887.875,-22991.175,-6701.04,446.31,-30544.965,-13539.869999999999,-3993.345
-11227.005,-11872.215,-22976.91,-6690.014999999999,496.71,-30490.11,-13478.445,-3982.77
-11217.42,-11851.92,-22956.21,-6696.764999999999,527.175,-30463.155,-13465.394999999999,-3980.52
-11219.085,-11852.055,-22942.395,-6689.115,480.41999999999996,-30482.594999999998,-13485.914999999999,-3979.08
-11226.689999999999,-11865.779999999999,-22959.18,-6711.255,473.98499999999996,-30492.765,-13489.289999999999,-3986.595
-11213.369999999999,-11852.414999999999,-22952.34,-6699.375,477.35999999999996,-30511.17,-13518.045,-3982.14
-11203.92,-11840.13,-22941.045,-6664.724999999999,477.81,-30528.36,-13542.3,-3971.475
-11200.005,-11841.3,-22943.835,-6641.1449999999995,476.19,-30497.805,-13485.42,-3961.17
-11201.625,-11837.475,-22932.855,-6641.955,508.635,-30472.515,-13471.695,-3962.745
-11209.904999999999,-11843.369999999999,-22936.094999999998,-6676.965,478.305,-30502.844999999998,-13485.644999999999,-3975.165
-11208.15,-11844.63,-22947.795,-6710.535,446.98499999999996,-30521.879999999997,-13502.564999999999,-3975.0299999999997
-11178.404999999999,-11812.5,-22910.67,-6673.724999999999,487.305,-30489.12,-13522.23,-3951.45
-11173.545,-11807.865,-22911.614999999998,-6672.014999999999,500.53499999999997,-30477.96,-13503.015,-3944.79
-11212.47,-11847.195,-22946.04,-6677.639999999999,470.15999999999997,-30509.82,-13499.82,-3978.4049999999997
-11224.71,-11859.84,-22954.41,-6673.05,483.16499999999996,-30492.989999999998,-13502.025,-3991.0049999999997
-11208.015,-11838.824999999999,-22936.32,-6661.755,493.695,-30500.774999999998,-13527.945,-3988.08
-11197.619999999999,-11817.314999999999,-22906.844999999998,-6665.535,486.135,-30464.954999999998,-13487.58,-3989.745
-11214.135,-11831.175,-22911.48,-6672.285,488.47499999999997,-30429.315,-13449.06,-4002.93
-11256.39,-11895.93,-22984.605,-6721.065,452.60999999999996,-30507.254999999997,-13513.005,-4018.68
-11233.439999999999,-11892.6,-22977.09,-6705.405,454.40999999999997,-30522.42,-13509.945,-3981.96
-11173.859999999999,-11832.39,-22940.19,-6679.53,464.895,-30519.449999999997,-13537.484999999999,-3940.47
-11193.57,-11822.039999999999,-22937.715,-6696.09,450.585,-30531.105,-13525.83,-3958.9649999999997
-11225.88,-11856.33,-22958.28,-6707.07,447.615,-30517.605,-13460.13,-3972.5099999999998
-11211.48,-11837.385,-22935.87,-6682.815,456.57,-30567.329999999998,-13505.445,-3987.585
-11202.57,-11832.39,-22937.309999999998,-6694.695,420.03,-30659.94,-13577.76,-3989.7
-11214.404999999999,-11864.07,-22973.579999999998,-6728.04,406.16999999999996,-30625.245,-13548.06,-3969.0
-11153.835,-11802.285,-22913.46,-6659.28,503.145,-30497.085,-13509.585,-3912.2549999999997
-11199.24,-11830.41,-22928.265,-6666.929999999999,512.145,-30477.87,-13483.08,-3960.0899999999997
-11255.895,-11895.435,-22988.745,-6718.5,472.32,-30446.774999999998,-13458.285,-4016.565
-11239.875,-11884.41,-22977.045,-6715.53,435.87,-30513.69,-13490.82,-4022.2349999999997
-11246.895,-11916.045,-23005.844999999998,-6738.705,404.685,-30581.82,-13548.555,-4023.765
-11208.914999999999,-11878.244999999999,-22973.489999999998,-6712.695,450.135,-30521.789999999997,-13507.83,-3961.7549999999997
-11177.055,-11810.744999999999,-22917.42,-6660.719999999999,532.125,-30420.675,-13459.275,-3930.2549999999997
-11221.965,-11854.845,-22960.62,-6715.44,444.465,-30538.485,-13557.285,-3978.495
-11210.984999999999,-11855.295,-22948.605,-6693.03,466.83,-30516.12,-13507.965,-3971.6549999999997
-11152.08,-11800.664999999999,-22901.399999999998,-6631.425,546.75,-30468.555,-13489.875,-3923.64
-11185.92,-11799.945,-22898.835,-6642.945,547.965,-30445.289999999997,-13510.755,-3956.04
-11199.779999999999,-11823.48,-22914.495,-6659.505,523.845,-30433.364999999998,-13461.795,-3969.54
-11227.725,-11870.73,-22964.625,-6709.7699999999995,463.72499999999997,-30497.625,-13524.074999999999,-3996.0899999999997
-11224.26,-11858.715,-22957.29,-6702.884999999999,472.54499999999996,-30501.225,-13506.66,-3990.6
-11203.154999999999,-11833.47,-22931.325,-6679.575,498.96,-30447.405,-13424.31,-3960.765
-11199.914999999999,-11838.555,-22942.44,-6697.215,470.52,-30472.379999999997,-13455.0,-3966.39
-11231.055,-11882.475,-22994.415,-6761.25,405.81,-30541.32,-13508.865,-3984.5249999999996
-11213.685,-11870.055,-22983.254999999997,-6761.655,417.96,-30523.184999999998,-13467.42,-3960.495
-11189.295,-11832.164999999999,-22935.555,-6703.785,478.125,-30509.82,-13516.74,-3954.105
-11187.359999999999,-11824.064999999999,-22925.295,-6689.835,480.87,-30493.664999999997,-13505.085,-3960.765
-11192.22,-11825.91,-22922.37,-6656.804999999999,516.3299999999999,-30477.51,-13487.355,-3972.105
-11211.029999999999,-11845.35,-22940.145,-6655.1849999999995,515.835,-30493.44,-13502.789999999999,-3992.805
-11242.17,-11876.67,-22973.715,-6705.855,471.51,-30534.84,-13564.215,-4019.04
-11266.695,-11912.175,-23014.395,-6761.34,429.03,-30609.045,-13608.945,-4025.6099999999997
-11241.99,-11897.234999999999,-23007.825,-6785.594999999999,433.16999999999996,-30586.094999999998,-13519.89,-3983.355
-11222.595,-11872.35,-22988.655,-6783.57,467.37,-30527.91,-13490.369999999999,-3976.47
-11198.835,-11847.914999999999,-22971.96,-6722.73,488.60999999999996,-30463.605,-13476.375,-3965.625
-11170.125,-11830.725,-22952.475,-6664.005,508.365,-30465.989999999998,-13507.064999999999,-3941.73
-11188.619999999999,-11845.664999999999,-22951.53,-6645.69,481.40999999999997,-30496.949999999997,-13502.07,-3956.7599999999998
-11215.529999999999,-11853.585,-22944.285,-6690.195,451.84499999999997,-30517.335,-13493.564999999999,-3971.8799999999997
-11204.189999999999,-11827.439999999999,-22899.239999999998,-6633.585,502.60499999999996,-30514.815,-13495.365,-3965.265
-11218.14,-11856.285,-22941.495,-6694.425,488.655,-30502.53,-13493.744999999999,-3975.2549999999997
-11216.564999999999,-11866.77,-22966.875,-6738.795,429.79499999999996,-30526.289999999997,-13502.654999999999,-3973.77
-11191.275,-11841.66,-22949.82,-6703.605,477.04499999999996,-30505.094999999998,-13518.675,-3961.4849999999997
-11202.48,-11841.119999999999,-22956.165,-6709.995,499.815,-30490.379999999997,-13497.39,-3980.295
-11229.795,-11880.855,-23012.415,-6753.78,443.385,-30528.809999999998,-13493.43,-3991.815
-11203.109999999999,-11854.395,-22966.29,-6677.28,444.555,-30548.835,-13507.785,-3960.9449999999997
-11158.289999999999,-11786.805,-22860.899999999998,-6597.179999999999,497.96999999999997,-30503.655,-13486.904999999999,-3927.285
-11130.119999999999,-11745.99,-22828.545,-6601.995,535.4549999999999,-30443.265,-13475.475,-3917.115
-11183.939999999999,-11801.25,-22886.954999999998,-6623.1449999999995,516.555,-30446.145,-13493.025,-3976.47
-11228.805,-11867.445,-22960.665,-6698.34,442.305,-30520.62,-13527.404999999999,-4008.825
-11212.785,-11853.81,-22952.565,-6701.13,433.935,-30573.855,-13556.97,-3982.095
-11251.484999999999,-11894.49,-22993.29,-6750.179999999999,391.54499999999996,-30634.965,-13555.035,-3996.99
-11247.525,-11910.015,-23020.155,-6786.405,368.09999999999997,-30631.41,-13522.41,-3976.9649999999997
-11210.939999999999,-11863.71,-22963.77,-6721.74,446.265,-30502.98,-13483.035,-3959.415
-11198.385,-11842.74,-22930.695,-6660.8099999999995,515.52,-30426.524999999998,-13507.965,-3968.595
-11151.0,-11769.21,-22857.84,-6568.5599999999995,610.785,-30398.67,-13513.949999999999,-3964.365
-11147.22,-11772.63,-22855.59,-6581.115,584.145,-30438.315,-13526.414999999999,-3966.5699999999997
-11241.539999999999,-11897.234999999999,-22997.43,-6726.509999999999,450.53999999999996,-30534.614999999998,-13527.63,-3994.785
-11255.22,-11915.505,-23013.045,-6745.094999999999,436.635,-30511.71,-13448.699999999999,-3965.58
-11200.635,-11845.755,-22943.745,-6682.455,490.04999999999995,-30473.145,-13426.74,-3942.315
-11176.154999999999,-11812.77,-22913.01,-6661.844999999999,494.325,-30494.879999999997,-13475.925,-3933.855
-11177.279999999999,-11828.205,-22933.62,-6687.63,444.555,-30573.045,-13516.875,-3939.48
-11189.654999999999,-11857.455,-22946.219999999998,-6692.04,429.34499999999997,-30615.614999999998,-13517.91,-3950.415
-11192.805,-11832.93,-22931.504999999997,-6675.615,478.89,-30542.039999999997,-13523.445,-3963.1499999999996
-11187.63,-11799.135,-22904.64,-6657.75,513.9449999999999,-30482.055,-13520.25,-3971.3399999999997
-11171.385,-11791.215,-22897.844999999998,-6641.955,530.8199999999999,-30459.329999999998,-13517.91,-3975.345
-11243.43,-11866.859999999999,-22963.815,-6717.6449999999995,455.085,-30520.035,-13502.475,-4017.42
-11275.65,-11937.24,-23035.364999999998,-6777.0,417.41999999999996,-30528.855,-13483.394999999999,-4001.1749999999997
-11220.48,-11882.88,-22980.105,-6722.46,466.91999999999996,-30531.465,-13538.88,-3963.4649999999997
-11231.369999999999,-11861.505,-22966.92,-6724.485,445.005,-30550.725,-13547.43,-4004.8199999999997
-11260.439999999999,-11890.755,-22990.59,-6751.71,402.435,-30539.16,-13496.894999999999,-4018.14
-11187.09,-11824.965,-22926.105,-6665.849999999999,480.555,-30526.02,-13553.505,-3946.95
-11183.805,-11817.314999999999,-22913.64,-6645.87,500.94,-30523.454999999998,-13571.144999999999,-3954.105
-11219.58,-11867.76,-22967.415,-6694.065,498.87,-30442.949999999997,-13466.97,-3968.055
-11222.055,-11873.699999999999,-22975.2,-6705.945,480.41999999999996,-30468.69,-13479.84,-3969.0899999999997
-11214.27,-11858.22,-22957.965,-6697.3949999999995,477.18,-30496.59,-13491.539999999999,-3968.325
-11217.42,-11866.275,-22965.75,-6711.12,462.465,-30508.425,-13488.48,-3969.495
-11222.865,-11869.695,-22975.965,-6722.594999999999,461.60999999999996,-30507.3,-13495.095,-3975.8849999999998
-11220.435,-11857.77,-22960.395,-6699.195,484.335,-30496.32,-13505.4,-3983.31
-11215.574999999999,-11850.84,-22947.12,-6659.594999999999,513.855,-30489.344999999998,-13511.744999999999,-3981.42
-11204.685,-11839.365,-22933.17,-6653.295,502.28999999999996,-30483.855,-13512.015,-3973.815
-11183.939999999999,-11822.715,-22924.71,-6696.09,503.145,-30487.5,-13496.894999999999,-3959.7749999999996
-11195.595,-11837.43,-22945.454999999998,-6720.3,463.40999999999997,-30532.59,-13512.555,-3972.7349999999997
-11235.51,-11889.135,-23008.95,-6800.04,411.255,-30562.425,-13566.689999999999,-3999.24
-11199.15,-11841.57,-22969.395,-6743.115,478.215,-30508.425,-13573.98,-3985.065
-11196.359999999999,-11830.365,-22941.585,-6670.8,525.06,-30477.105,-13502.519999999999,-3972.825
-11227.814999999999,-11871.72,-22967.504999999997,-6679.575,492.435,-30504.015,-13466.385,-3964.095
-11221.02,-11853.855,-22937.625,-6670.889999999999,465.84,-30509.1,-13517.369999999999,-3973.8599999999997
-11224.89,-11859.48,-22946.94,-6680.384999999999,451.08,-30528.899999999998,-13521.824999999999,-3980.8799999999997
-11210.4,-11856.645,-22963.23,-6688.575,445.54499999999996,-30541.545,-13520.205,-3966.345
-11194.74,-11841.57,-22975.155,-6698.79,461.745,-30543.704999999998,-13527.539999999999,-3961.98
-11209.095,-11851.199999999999,-22969.125,-6695.73,450.71999999999997,-30547.53,-13533.39,-3978.315
-11226.645,-11867.13,-22951.44,-6718.32,426.555,-30534.39,-13521.465,-3980.3849999999998
-11225.654999999999,-11862.18,-22950.405,-6762.195,399.87,-30558.87,-13545.99,-3982.68
-11208.779999999999,-11836.89,-22942.395,-6754.905,441.405,-30514.14,-13567.59,-3997.665
-11189.16,-11815.74,-22920.075,-6674.355,486.71999999999997,-30496.14,-13545.045,-3987.495
-11188.305,-11817.539999999999,-22913.504999999997,-6636.195,487.62,-30558.824999999997,-13549.68,-3975.975
-11214.045,-11849.13,-22940.19,-6670.844999999999,481.905,-30548.52,-13524.029999999999,-3981.87
-11232.27,-11884.23,-22982.76,-6707.5199999999995,481.005,-30513.195,-13465.845,-3970.7549999999997
-11212.965,-11866.005,-22976.055,-6720.615,456.075,-30545.145,-13499.46,-3947.04
-11189.115,-11825.595,-22921.785,-6665.264999999999,485.37,-30510.405,-13504.095,-3951.045
-11174.49,-11812.23,-22891.14,-6620.8949999999995,520.92,-30450.914999999997,-13451.085,-3939.435
-11187.359999999999,-11822.265,-22907.79,-6637.59,503.505,-30496.454999999998,-13510.17,-3950.595
-11236.904999999999,-11866.68,-22963.364999999998,-6706.125,449.685,-30536.19,-13555.8,-4000.9049999999997
-11259.494999999999,-11912.715,-23008.59,-6734.025,450.35999999999996,-30514.68,-13528.439999999999,-3999.69
-11199.779999999999,-11841.39,-22940.235,-6672.465,495.67499999999995,-30487.815,-13492.439999999999,-3958.6949999999997
-11180.43,-11812.5,-22921.515,-6671.474999999999,467.41499999999996,-30553.695,-13516.244999999999,-3953.565
-11193.57,-11831.445,-22945.5,-6697.349999999999,436.77,-30604.454999999998,-13526.144999999999,-3961.44
-11192.984999999999,-11836.619999999999,-22939.875,-6686.639999999999,450.18,-30575.295,-13501.619999999999,-3952.305
-11173.41,-11812.68,-22916.969999999998,-6657.255,490.85999999999996,-30534.39,-13557.689999999999,-3954.33
-11234.88,-11868.345,-22965.075,-6693.705,486.45,-30499.92,-13554.18,-4004.145
-11255.49,-11912.625,-22993.875,-6704.594999999999,486.585,-30440.204999999998,-13420.305,-3997.305
-11251.305,-11913.164999999999,-23005.53,-6720.525,475.46999999999997,-30454.469999999998,-13437.404999999999,-3981.42
-11166.164999999999,-11785.005,-22892.94,-6638.219999999999,537.345,-30458.879999999997,-13533.119999999999,-3939.2549999999997
-11184.029999999999,-11807.595,-22911.344999999998,-6657.255,517.8149999999999,-30476.385,-13531.859999999999,-3970.17
-11243.115,-11890.17,-23002.155,-6746.13,436.95,-30548.835,-13590.765,-4016.52
-11250.27,-11903.76,-23008.545,-6750.764999999999,419.58,-30571.515,-13591.394999999999,-4009.95
-11208.824999999999,-11861.865,-22963.68,-6705.63,448.155,-30558.555,-13535.414999999999,-3966.5699999999997
-11177.505,-11813.13,-22924.395,-6682.455,462.73499999999996,-30549.059999999998,-13481.505,-3925.665
-11159.324999999999,-11786.895,-22885.829999999998,-6642.945,510.16499999999996,-30505.995,-13487.265,-3925.71
-11206.664999999999,-11838.105,-22934.565,-6678.224999999999,495.495,-30505.32,-13538.295,-3979.62
-11250.945,-11890.71,-22996.71,-6740.639999999999,460.89,-30511.395,-13565.519999999999,-4025.79
-11234.295,-11871.09,-22973.94,-6724.53,498.73499999999996,-30451.905,-13493.025,-3995.955
-11216.295,-11856.015,-22963.95,-6719.985,464.76,-30526.695,-13500.81,-3965.94
-11244.734999999999,-11884.859999999999,-22996.575,-6749.55,411.75,-30582.09,-13509.314999999999,-3999.6
-11253.96,-11884.725,-22991.985,-6737.715,436.40999999999997,-30514.454999999998,-13445.955,-4019.805
-11241.99,-11879.505,-22984.739999999998,-6753.195,405.495,-30516.39,-13435.875,-3987.81
-11182.814999999999,-11828.52,-22935.105,-6678.764999999999,495.04499999999996,-30513.105,-13563.09,-3932.19
-11208.869999999999,-11848.23,-22946.579999999998,-6645.6449999999995,511.2,-30509.954999999998,-13572.72,-3972.915
-11204.865,-11846.475,-22947.66,-6650.054999999999,477.27,-30541.68,-13567.14,-3969.4049999999997
-11214.81,-11860.515,-22967.19,-6700.23,443.52,-30565.44,-13545.765,-3965.7149999999997
-11236.32,-11882.97,-22994.594999999998,-6795.09,416.15999999999997,-30557.565,-13538.789999999999,-3984.66
-11221.47,-11860.605,-22966.379999999997,-6758.28,445.85999999999996,-30500.55,-13495.23,-3978.765
-11203.109999999999,-11836.215,-22951.395,-6734.205,466.155,-30469.274999999998,-13480.515,-3970.7549999999997
-11217.33,-11852.55,-22974.795,-6711.974999999999,458.23499999999996,-30510.899999999998,-13530.24,-3983.4449999999997
-11224.755,-11863.71,-22977.765,-6674.804999999999,466.02,-30539.024999999998,-13531.32,-3981.105
-11216.07,-11858.039999999999,-22966.829999999998,-6664.86,488.92499999999995,-30532.725,-13520.97,-3970.4849999999997
-11213.234999999999,-11849.49,-22941.045,-6645.195,506.745,-30521.789999999997,-13522.275,-3973.365
-11214.539999999999,-11850.84,-22954.59,-6673.32,476.82,-30517.199999999997,-13526.865,-3978.0899999999997
-11210.085,-11853.045,-22986.225,-6719.219999999999,447.34499999999997,-30525.704999999998,-13520.07,-3969.315
-11206.529999999999,-11855.34,-22995.495,-6754.275,447.97499999999997,-30526.469999999998,-13514.13,-3963.015
-11210.895,-11859.074999999999,-22981.68,-6726.014999999999,461.655,-30525.524999999998,-13523.13,-3969.855
-11218.32,-11858.49,-22966.92,-6713.82,436.22999999999996,-30550.004999999997,-13544.505,-3980.565
-11218.859999999999,-11845.26,-22944.195,-6698.5199999999995,447.34499999999997,-30537.045,-13568.085,-3993.75
-11220.255,-11837.564999999999,-22927.77,-6675.48,480.24,-30512.204999999998,-13599.225,-4009.095
-11202.75,-11825.055,-22919.94,-6647.219999999999,509.98499999999996,-30492.045,-13541.039999999999,-3978.4049999999997
-11182.545,-11810.789999999999,-22910.489999999998,-6647.4,511.46999999999997,-30488.265,-13459.68,-3946.23
-11197.484999999999,-11829.42,-22934.655,-6681.24,488.52,-30528.675,-13524.93,-3962.6549999999997
-11222.685,-11855.564999999999,-22964.04,-6711.12,478.97999999999996,-30521.565,-13514.445,-3993.795
-11220.93,-11841.029999999999,-22945.184999999998,-6688.665,500.895,-30508.335,-13559.715,-4026.69
-11192.805,-11802.734999999999,-22902.57,-6639.705,517.995,-30512.204999999998,-13627.89,-4023.4049999999997
-11199.42,-11824.65,-22923.315,-6652.08,504.09,-30490.965,-13526.685,-3978.6749999999997
-11237.13,-11890.619999999999,-22993.2,-6736.7699999999995,420.79499999999996,-30541.32,-13513.59,-3959.325
-11256.57,-11910.105,-23016.645,-6773.219999999999,370.485,-30604.68,-13549.32,-3988.845
-11215.08,-11852.505,-22964.489999999998,-6723.719999999999,404.59499999999997,-30598.02,-13514.939999999999,-3973.815
-11193.3,-11822.805,-22934.835,-6690.87,446.31,-30537.09,-13502.43,-3973.455
-11176.74,-11805.39,-22914.405,-6659.054999999999,496.395,-30472.965,-13464.045,-3957.12
-11194.92,-11846.07,-22957.695,-6699.105,465.93,-30527.64,-13454.189999999999,-3926.8799999999997
-11192.13,-11846.52,-22958.145,-6699.69,465.885,-30543.254999999997,-13508.144999999999,-3933.99
-11261.52,-11928.465,-23028.165,-6750.99,434.07,-30515.94,-13526.055,-4006.98
-11272.32,-11933.685,-23039.954999999998,-6761.34,420.65999999999997,-30514.77,-13548.33,-4023.18
-11231.73,-11869.289999999999,-22978.035,-6719.264999999999,438.75,-30544.875,-13598.505,-3994.065
-11232.675,-11868.029999999999,-22982.895,-6719.04,453.645,-30541.815,-13584.195,-3992.805
-11227.23,-11855.205,-22958.37,-6683.804999999999,491.31,-30491.324999999997,-13512.689999999999,-3984.2549999999997
-11222.82,-11855.205,-22954.68,-6676.83,502.335,-30461.265,-13462.019999999999,-3975.0299999999997
-11216.52,-11849.85,-22951.71,-6677.19,497.15999999999997,-30479.805,-13470.345,-3968.8199999999997
-11213.01,-11841.435,-22942.44,-6673.995,505.755,-30474.27,-13462.47,-3971.295
-11234.115,-11868.164999999999,-22965.614999999998,-6698.565,490.185,-30492.045,-13519.845,-3994.9649999999997
-11234.115,-11877.345,-22976.1,-6705.764999999999,478.935,-30496.454999999998,-13545.045,-3999.555
-11210.805,-11853.314999999999,-22967.504999999997,-6708.87,459.585,-30505.77,-13474.08,-3963.96
-11196.314999999999,-11822.445,-22935.69,-6688.889999999999,460.08,-30523.545,-13498.605,-3963.825
-11207.97,-11844.449999999999,-22957.829999999998,-6716.745,442.08,-30558.645,-13578.3,-3973.0499999999997
-11208.105,-11858.895,-22972.635,-6735.78,454.68,-30532.41,-13546.17,-3963.87
-11188.935,-11839.77,-22953.51,-6696.405,490.09499999999997,-30498.344999999998,-13485.914999999999,-3938.355
-11204.279999999999,-11843.369999999999,-22962.375,-6711.12,460.66499999999996,-30520.305,-13524.48,-3965.085
-11236.814999999999,-11879.865,-22993.515,-6752.295,391.05,-30565.17,-13547.564999999999,-3990.915
-11232.09,-11878.695,-22993.739999999998,-6777.45,406.84499999999997,-30563.37,-13538.295,-3985.785
-11223.404999999999,-11862.449999999999,-22974.524999999998,-6713.6849999999995,459.53999999999996,-30553.605,-13531.41,-3981.645
-11223.494999999999,-11859.48,-22969.89,-6683.49,486.04499999999996,-30543.39,-13530.015,-3983.895
-11218.005,-11855.34,-22976.37,-6756.84,473.4,-30522.555,-13530.285,-3980.8799999999997
-11219.76,-11860.47,-22986.045,-6792.4349999999995,460.71,-30518.414999999997,-13543.74,-3981.33
-11213.73,-11853.314999999999,-22973.715,-6739.425,470.29499999999996,-30514.815,-13546.484999999999,-3982.14
-11191.949999999999,-11821.365,-22927.59,-6631.469999999999,510.84,-30476.475,-13495.005,-3969.045
-11198.925,-11821.41,-22928.535,-6661.035,485.23499999999996,-30503.565,-13477.769999999999,-3978.72
-11222.865,-11856.869999999999,-22969.35,-6700.41,448.965,-30586.635,-13541.894999999999,-3994.6499999999996
-11192.175,-11817.045,-22917.059999999998,-6648.344999999999,449.64,-30584.789999999997,-13615.785,-3987.495
-11141.505,-11765.25,-22861.844999999998,-6600.87,514.395,-30494.565,-13560.84,-3943.71
-11156.715,-11786.13,-22888.53,-6604.695,534.915,-30460.23,-13524.84,-3946.3199999999997
-11224.664999999999,-11858.67,-22973.94,-6681.375,462.69,-30505.949999999997,-13551.84,-3999.69
-11285.189999999999,-11946.555,-23087.79,-6791.04,372.24,-30599.28,-13574.16,-4026.6
-11243.744999999999,-11909.52,-23044.14,-6780.78,404.28,-30569.129999999997,-13519.17,-3972.015
-11205.225,-11841.66,-22933.98,-6682.7699999999995,455.445,-30558.51,-13540.275,-3957.2999999999997
-11223.539999999999,-11859.705,-22969.305,-6713.19,436.905,-30570.3,-13551.39,-3984.66
-11230.92,-11874.06,-22999.004999999997,-6728.445,428.31,-30545.82,-13477.365,-3973.185
-11213.775,-11860.605,-22969.305,-6713.775,436.32,-30526.739999999998,-13470.525,-3956.85
-11216.025,-11845.439999999999,-22932.855,-6685.695,477.765,-30498.795,-13518.045,-3983.67
-11229.84,-11866.365,-22965.75,-6714.54,452.15999999999997,-30525.344999999998,-13535.55,-3994.83
-11234.115,-11879.055,-22978.44,-6701.49,460.03499999999997,-30536.954999999998,-13558.59,-3993.705
-11239.47,-11886.84,-22977.945,-6693.03,462.59999999999997,-30525.03,-13505.445,-3995.2799999999997
-11198.295,-11843.414999999999,-22950.899999999998,-6693.929999999999,430.91999999999996,-30571.155,-13474.08,-3955.995
-11187.765,-11816.369999999999,-22932.225,-6695.82,408.28499999999997,-30587.265,-13551.029999999999,-3965.7599999999998
-11242.215,-11876.67,-22991.085,-6745.59,399.51,-30527.864999999998,-13576.05,-4010.805
-11249.82,-11893.545,-23001.344999999998,-6733.215,456.34499999999997,-30473.19,-13523.13,-4007.565
-11250.09,-11886.705,-22986.18,-6698.88,499.04999999999995,-30456.18,-13472.505,-4006.845
-11225.25,-11868.57,-22967.684999999998,-6694.425,480.555,-30484.53,-13478.039999999999,-3978.6299999999997
-11188.08,-11838.465,-22941.27,-6679.755,489.645,-30495.015,-13545.72,-3947.22
-11163.645,-11817.855,-22918.5,-6650.594999999999,502.10999999999996,-30536.19,-13583.385,-3934.17
-11159.955,-11806.064999999999,-22912.515,-6650.82,478.08,-30610.44,-13546.17,-3932.5049999999997
-11198.52,-11830.455,-22938.075,-6693.12,428.445,-30673.215,-13549.455,-3962.0699999999997
-11238.345,-11882.97,-22993.92,-6735.014999999999,419.625,-30594.059999999998,-13583.97,-4010.04
-11206.439999999999,-11828.475,-22937.895,-6674.715,499.85999999999996,-30456.765,-13566.96,-4005.99
-11212.335,-11837.07,-22939.739999999998,-6668.415,516.3299999999999,-30443.219999999998,-13523.805,-3987.99
-11264.445,-11908.305,-23012.28,-6736.32,445.54499999999996,-30522.51,-13520.925,-3999.555
-11242.935,-11882.789999999999,-22993.469999999998,-6724.665,457.56,-30493.89,-13487.4,-3985.515
-11211.93,-11844.9,-22955.219999999998,-6688.98,494.54999999999995,-30447.989999999998,-13458.195,-3967.245
-11228.805,-11867.76,-22977.045,-6710.445,470.07,-30473.73,-13458.914999999999,-3975.705
-11206.395,-11838.869999999999,-22947.524999999998,-6683.355,489.78,-30488.039999999997,-13485.33,-3966.2999999999997
-11151.675,-11768.265,-22877.64,-6619.094999999999,557.685,-30428.954999999998,-13451.805,-3932.0099999999998
-11156.895,-11774.205,-22885.515,-6639.84,547.875,-30438.27,-13466.789999999999,-3939.795
-11232.314999999999,-11871.27,-22985.235,-6750.54,447.255,-30542.625,-13548.824999999999,-3993.75
-11242.035,-11886.525,-23000.489999999998,-6750.855,442.125,-30543.57,-13566.914999999999,-3999.825
-11204.189999999999,-11834.73,-22945.23,-6688.485,472.72499999999997,-30516.975,-13559.939999999999,-3983.625
-11246.13,-11882.789999999999,-22996.98,-6759.315,397.16999999999996,-30555.405,-13563.945,-4008.96
-11264.039999999999,-11912.939999999999,-23033.52,-6815.205,368.505,-30574.844999999998,-13542.93,-4002.8849999999998
-11218.994999999999,-11857.904999999999,-22968.675,-6712.2,504.53999999999996,-30502.664999999997,-13535.73,-3985.515
-11216.295,-11842.47,-22944.195,-6662.79,530.9549999999999,-30509.91,-13584.06,-3999.96
-11216.52,-11849.265,-22962.465,-6687.945,461.43,-30513.42,-13531.32,-3983.67
-11217.645,-11864.609999999999,-22989.555,-6691.95,442.84499999999997,-30529.8,-13493.205,-3969.27
-11203.47,-11858.58,-23004.18,-6704.235,485.72999999999996,-30511.844999999998,-13497.48,-3956.625
-11202.119999999999,-11845.08,-22981.32,-6697.844999999999,510.34499999999997,-30492.585,-13531.455,-3972.915
-11214.045,-11845.035,-22943.43,-6678.2699999999995,481.54499999999996,-30501.719999999998,-13515.795,-3980.97
-11221.244999999999,-11856.51,-22948.29,-6722.505,447.255,-30509.504999999997,-13478.31,-3974.265
-11227.994999999999,-11873.564999999999,-22978.125,-6732.045,418.22999999999996,-30545.73,-13499.82,-3978.4049999999997
-11225.88,-11873.385,-22978.934999999998,-6696.495,435.41999999999996,-30543.254999999997,-13494.689999999999,-3977.64
-11221.02,-11867.22,-22972.725,-6680.79,459.405,-30536.64,-13516.875,-3979.2599999999998
-11214.63,-11840.76,-22954.905,-6687.855,449.28,-30559.094999999998,-13563.81,-3986.5049999999997
-11216.34,-11854.035,-22961.835,-6691.05,456.39,-30541.86,-13526.055,-3977.5049999999997
-11216.52,-11870.685,-22985.504999999997,-6700.05,454.365,-30538.485,-13505.49,-3975.705
-11214.449999999999,-11857.59,-22976.774999999998,-6705.315,446.35499999999996,-30525.12,-13504.23,-3979.62
-11173.32,-11811.285,-22932.719999999998,-6671.384999999999,478.755,-30508.065,-13514.445,-3939.615
-11153.385,-11777.67,-22904.82,-6660.134999999999,478.395,-30556.62,-13558.23,-3929.9849999999997
-11177.279999999999,-11794.814999999999,-22905.629999999997,-6660.764999999999,492.435,-30528.855,-13601.925,-3970.08
-11244.42,-11873.34,-22973.805,-6722.28,470.7,-30470.489999999998,-13547.205,-4026.7349999999997
-11293.785,-11934.72,-23046.84,-6790.815,392.4,-30522.645,-13441.185,-4036.995
-11245.365,-11893.23,-23012.64,-6761.115,365.31,-30607.829999999998,-13503.15,-3975.5249999999996
-11166.615,-11804.4,-22923.27,-6687.0,409.09499999999997,-30633.434999999998,-13632.93,-3943.935
-11183.039999999999,-11800.08,-22918.004999999997,-6674.67,428.085,-30635.594999999998,-13649.085,-3988.62
-11220.345,-11843.505,-22961.385,-6694.965,452.835,-30596.175,-13561.244999999999,-3999.24
-11265.525,-11888.73,-22989.42,-6716.115,453.15,-30557.114999999998,-13540.769999999999,-4022.5049999999997
-11241.855,-11877.705,-22983.254999999997,-6696.495,509.53499999999997,-30402.27,-13494.689999999999,-3992.49
-11202.93,-11830.859999999999,-22935.96,-6654.915,538.38,-30405.914999999997,-13462.47,-3966.0299999999997
-11191.005,-11821.005,-22932.629999999997,-6667.74,477.18,-30553.739999999998,-13523.625,-3953.6549999999997
-11198.295,-11826.494999999999,-22937.985,-6679.62,458.59499999999997,-30589.605,-13534.92,-3957.615
-11199.015,-11823.93,-22927.094999999998,-6656.67,515.835,-30482.46,-13500.539999999999,-3964.77
-11221.47,-11846.97,-22950.045,-6690.78,477.18,-30478.815,-13501.98,-3986.64
-11243.52,-11877.975,-22973.399999999998,-6722.91,452.34,-30432.239999999998,-13452.164999999999,-3989.565
-11264.49,-11911.545,-23000.219999999998,-6732.855,462.87,-30444.344999999998,-13493.205,-4004.865
-11259.359999999999,-11926.215,-23019.12,-6729.525,462.51,-30497.625,-13496.49,-4000.5899999999997
-11232.09,-11882.744999999999,-22989.195,-6709.905,457.02,-30528.09,-13510.439999999999,-3979.98
-11189.16,-11806.965,-22924.575,-6666.48,512.46,-30462.57,-13519.484999999999,-3953.3849999999998
-11169.225,-11785.365,-22897.35,-6642.315,537.795,-30455.864999999998,-13498.92,-3942.9449999999997
-11168.64,-11790.404999999999,-22899.6,-6632.73,529.56,-30484.17,-13502.43,-3944.16
-11187.045,-11816.279999999999,-22924.17,-6670.53,484.46999999999997,-30511.079999999998,-13570.425,-3970.62
-11185.064999999999,-11806.154999999999,-22924.53,-6702.48,452.34,-30521.789999999997,-13593.6,-3976.245
-11202.525,-11837.295,-22955.355,-6717.105,456.93,-30494.565,-13491.855,-3968.91
-11260.8,-11926.35,-23046.614999999998,-6764.985,427.455,-30530.879999999997,-13471.515,-3994.515
-11281.14,-11935.755,-23071.32,-6793.83,384.525,-30605.039999999997,-13558.185,-4021.92
-11247.57,-11890.17,-23027.265,-6776.73,419.03999999999996,-30568.77,-13561.83,-4005.18
-11231.505,-11868.705,-22994.55,-6752.61,454.95,-30537.855,-13534.335,-3979.845
-11224.484999999999,-11860.064999999999,-22973.489999999998,-6716.07,457.78499999999997,-30534.39,-13542.705,-3979.665
-11219.625,-11867.265,-23004.495,-6686.639999999999,495.765,-30509.145,-13485.465,-3969.6299999999997
-11194.47,-11823.795,-22964.04,-6658.83,504.135,-30488.265,-13467.42,-3953.79
-11194.335,-11828.25,-22950.54,-6650.73,495.405,-30501.315,-13489.515,-3957.2549999999997
-11215.845,-11855.385,-22954.68,-6695.865,447.93,-30536.55,-13512.195,-3972.015
-11210.4,-11842.83,-22949.01,-6702.974999999999,454.275,-30548.565,-13542.48,-3969.315
-11209.68,-11843.279999999999,-22951.395,-6683.58,444.375,-30555.27,-13528.98,-3969.765
-11211.795,-11844.404999999999,-22952.07,-6690.42,444.195,-30557.565,-13526.369999999999,-3971.9249999999997
-11208.33,-11841.074999999999,-22959.315,-6715.844999999999,440.28,-30580.649999999998,-13543.289999999999,-3971.835
-11207.385,-11841.255,-22957.379999999997,-6754.094999999999,417.06,-30584.565,-13549.365,-3971.205
-11212.605,-11845.664999999999,-22959.719999999998,-6752.16,431.37,-30559.094999999998,-13530.285,-3973.68
-11215.125,-11844.314999999999,-22951.26,-6682.365,473.445,-30527.774999999998,-13517.82,-3983.1749999999997
-11196.09,-11818.574999999999,-22929.434999999998,-6681.465,417.41999999999996,-30634.199999999997,-13560.074999999999,-3974.895
-11155.14,-11772.27,-22891.815,-6673.59,378.9,-30747.375,-13640.265,-3950.8199999999997
-11174.22,-11781.0,-22895.73,-6667.11,402.435,-30736.89,-13646.025,-3985.6949999999997
-11140.244999999999,-11739.779999999999,-22846.995,-6598.08,447.47999999999996,-30683.16,-13566.105,-3952.35
-11081.789999999999,-11688.48,-22811.04,-6586.155,468.945,-30623.039999999997,-13570.244999999999,-3901.455
-11205.855,-11846.205,-22975.155,-6710.58,469.935,-30484.98,-13522.185,-3981.24
-11320.244999999999,-11987.55,-23109.39,-6774.4349999999995,517.23,-30329.684999999998,-13477.814999999999,-4034.79
-11192.535,-11822.49,-22917.329999999998,-6633.719999999999,597.465,-30372.12,-13512.914999999999,-3960.045
-11147.939999999999,-11756.97,-22836.329999999998,-6556.275,655.875,-30319.965,-13443.074999999999,-3939.5249999999996
-11310.705,-11945.07,-23044.41,-6757.514999999999,444.28499999999997,-30420.585,-13493.654999999999,-4064.58
-11360.43,-12011.4,-23118.39,-6839.19,354.59999999999997,-30542.535,-13564.08,-4085.055
-11262.42,-11902.77,-23007.555,-6722.55,448.10999999999996,-30525.75,-13515.48,-4001.1299999999997
-11191.32,-11840.085,-22951.079999999998,-6675.57,484.335,-30487.68,-13422.779999999999,-3922.92
-11198.205,-11849.939999999999,-22962.195,-6695.235,463.185,-30512.655,-13531.769999999999,-3946.185
-11257.38,-11909.07,-23017.454999999998,-6750.315,419.66999999999996,-30563.864999999998,-13638.42,-4003.515
-11204.55,-11830.725,-22922.864999999998,-6669.855,492.435,-30480.12,-13526.955,-3967.245
-11171.115,-11799.135,-22880.879999999997,-6635.34,515.295,-30437.19,-13421.34,-3929.895
-11211.84,-11853.045,-22916.024999999998,-6664.95,485.59499999999997,-30479.985,-13547.475,-3988.89
-11240.865,-11892.375,-22956.434999999998,-6674.8949999999995,495.0,-30472.515,-13555.439999999999,-4014.765
-11222.64,-11831.58,-22908.825,-6659.1449999999995,501.34499999999997,-30457.844999999998,-13540.455,-4002.705
-11184.885,-11803.32,-22895.145,-6658.0199999999995,488.025,-30483.27,-13604.085,-3972.7349999999997
-11149.83,-11762.189999999999,-22863.825,-6607.349999999999,540.585,-30430.305,-13505.49,-3952.395
-11218.994999999999,-11842.965,-22955.265,-6696.8099999999995,458.955,-30498.3,-13383.81,-3958.2
-11244.465,-11879.955,-22986.675,-6717.195,450.35999999999996,-30521.789999999997,-13459.59,-3972.96
-11228.039999999999,-11853.404999999999,-22961.969999999998,-6691.005,480.645,-30502.844999999998,-13523.58,-3988.17
-11262.51,-11898.765,-23006.925,-6742.53,422.37,-30551.805,-13556.205,-4004.19
-11262.33,-11902.095,-22999.95,-6728.535,439.335,-30533.805,-13546.305,-4007.205
-11231.055,-11875.455,-22979.745,-6703.29,461.745,-30528.09,-13539.195,-3991.095
-11212.74,-11853.539999999999,-22978.665,-6708.87,449.46,-30544.065,-13546.619999999999,-3974.04
-11229.119999999999,-11867.13,-23011.425,-6734.5199999999995,431.01,-30556.71,-13551.164999999999,-3983.04
-11231.595,-11869.695,-23002.335,-6730.2,441.18,-30537.315,-13523.715,-3979.2149999999997
-11211.66,-11846.789999999999,-22954.454999999998,-6698.384999999999,460.44,-30524.355,-13522.455,-3966.48
-11206.08,-11840.355,-22940.055,-6682.95,467.955,-30530.475,-13548.42,-3962.745
-11212.154999999999,-11841.795,-22943.204999999998,-6681.465,466.695,-30536.64,-13546.394999999999,-3966.39
-11221.244999999999,-11854.08,-22959.54,-6697.71,449.82,-30558.015,-13545.72,-3976.875
-11227.77,-11859.21,-22966.245,-6708.69,440.01,-30557.07,-13543.019999999999,-3981.105
-11210.76,-11851.515,-22957.245,-6692.849999999999,465.03,-30527.145,-13549.455,-3964.3199999999997
-11212.515,-11854.484999999999,-22965.84,-6692.715,469.84499999999997,-30535.379999999997,-13575.06,-3974.535
-11226.645,-11867.939999999999,-22989.87,-6726.78,442.62,-30530.25,-13554.045,-3988.7549999999997
-11231.145,-11871.314999999999,-22999.274999999998,-6751.125,422.72999999999996,-30523.32,-13542.57,-3990.915
-11214.404999999999,-11856.645,-22992.344999999998,-6756.705,421.78499999999997,-30540.78,-13559.265,-3970.665
-11206.935,-11845.17,-22991.355,-6743.745,430.155,-30591.27,-13607.505,-3976.9649999999997
-11232.585,-11868.39,-22983.075,-6720.795,437.84999999999997,-30613.815,-13602.015,-4001.805
-11225.43,-11854.305,-22955.805,-6676.065,452.52,-30566.114999999998,-13577.445,-3993.5699999999997
-11226.33,-11854.71,-22962.239999999998,-6680.969999999999,472.32,-30503.43,-13529.744999999999,-3985.1099999999997
-11216.34,-11850.119999999999,-22962.105,-6711.21,466.46999999999997,-30503.52,-13521.869999999999,-3968.325
-11218.59,-11844.27,-22950.045,-6676.605,491.76,-30511.305,-13528.125,-3977.91
-11216.07,-11844.765,-22955.535,-6688.98,461.655,-30567.465,-13623.84,-3985.74
-11226.6,-11854.664999999999,-22972.545,-6741.63,370.8,-30694.905,-13699.755,-4004.8199999999997
-11247.074999999999,-11881.395,-23003.325,-6795.945,349.83,-30687.93,-13670.955,-4013.955
-11168.279999999999,-11802.33,-22922.235,-6684.03,490.32,-30552.344999999998,-13587.84,-3931.3799999999997
-11144.654999999999,-11771.189999999999,-22882.004999999997,-6599.79,571.005,-30533.805,-13557.24,-3913.065
-11184.345,-11815.38,-22921.605,-6616.035,521.685,-30546.09,-13533.435,-3945.375
-11236.904999999999,-11870.145,-22972.59,-6688.44,462.195,-30515.579999999998,-13520.699999999999,-3987.8999999999996
-11214.72,-11850.975,-22962.555,-6705.855,469.71,-30486.329999999998,-13524.21,-3977.5049999999997
-11193.795,-11830.095,-22947.03,-6686.73,489.96,-30467.34,-13561.515,-3959.19
-11236.77,-11875.455,-22987.665,-6717.599999999999,444.73499999999996,-30519.315,-13594.455,-3980.8799999999997
-11220.705,-11860.38,-22967.864999999998,-6698.5199999999995,455.58,-30513.105,-13522.814999999999,-3956.22
-11123.1,-11737.35,-22834.665,-6547.094999999999,598.23,-30417.254999999997,-13491.449999999999,-3913.1549999999997
-11100.6,-11692.215,-22789.305,-6500.5199999999995,646.02,-30390.21,-13598.01,-3935.3849999999998
-11241.494999999999,-11861.279999999999,-22967.55,-6692.67,464.265,-30511.305,-13603.59,-4019.58
-11300.265,-11939.715,-23053.5,-6790.905,380.205,-30595.14,-13578.074999999999,-4045.6349999999998
-11265.39,-11893.904999999999,-22999.545,-6739.469999999999,454.995,-30537.09,-13566.465,-4038.12
-11298.015,-11936.205,-23032.079999999998,-6769.3949999999995,449.01,-30509.19,-13485.285,-4052.115
-11284.92,-11938.635,-23040.27,-6760.755,407.88,-30542.399999999998,-13474.98,-4008.7799999999997
-11221.92,-11871.855,-22986.045,-6706.98,449.72999999999996,-30516.614999999998,-13620.285,-3956.085
-11243.16,-11890.35,-23000.895,-6718.41,442.08,-30542.445,-13565.609999999999,-3981.5099999999998
-11242.17,-11873.385,-22983.57,-6698.295,466.42499999999995,-30547.305,-13576.994999999999,-3993.345
-11221.154999999999,-11846.52,-22961.07,-6683.175,476.505,-30567.78,-13644.81,-3989.52
-11198.789999999999,-11845.574999999999,-22990.454999999998,-6703.965,452.385,-30551.355,-13582.125,-3949.9649999999997
-11179.89,-11831.939999999999,-22978.89,-6690.24,474.21,-30493.98,-13516.425,-3923.685
-11185.515,-11830.365,-22933.395,-6664.094999999999,490.40999999999997,-30522.42,-13594.005,-3953.43
-11199.105,-11865.105,-22948.335,-6678.63,482.895,-30533.715,-13591.619999999999,-3960.54
-11218.994999999999,-11885.895,-22976.19,-6698.295,472.72499999999997,-30499.965,-13522.545,-3968.37
-11246.535,-11881.71,-23002.829999999998,-6744.42,420.21,-30548.925,-13549.455,-3989.25
-11234.07,-11853.9,-22968.315,-6721.065,434.15999999999997,-30555.629999999997,-13565.609999999999,-3988.395
-11232.99,-11859.48,-22954.905,-6699.69,463.54499999999996,-30518.324999999997,-13521.914999999999,-3985.065
-11213.64,-11844.045,-22955.445,-6700.23,458.685,-30534.524999999998,-13538.34,-3970.395
-11195.55,-11830.5,-22955.895,-6691.634999999999,464.805,-30543.03,-13557.6,-3950.595
-11212.38,-11844.404999999999,-22962.735,-6693.974999999999,459.495,-30564.09,-13575.644999999999,-3975.39
-11231.145,-11861.73,-22972.545,-6721.469999999999,449.59499999999997,-30549.42,-13601.744999999999,-4002.8399999999997
-11190.96,-11825.46,-22951.575,-6717.87,481.185,-30471.704999999998,-13571.685,-3966.8399999999997
-11147.625,-11779.92,-22926.915,-6680.07,504.585,-30446.64,-13534.515,-3925.5299999999997
-11169.99,-11798.055,-22922.055,-6676.335,456.84,-30540.645,-13526.82,-3935.9249999999997
-11248.154999999999,-11890.664999999999,-22995.225,-6717.105,416.565,-30645.27,-13577.939999999999,-3980.79
-11251.89,-11890.71,-22994.64,-6711.48,417.96,-30631.094999999998,-13598.055,-3995.19
-11251.395,-11887.875,-23002.92,-6763.41,399.96,-30639.105,-13609.17,-4005.0899999999997
-11229.39,-11864.295,-22989.69,-6794.415,428.35499999999996,-30594.105,-13589.055,-3990.69
-11209.635,-11845.619999999999,-22973.895,-6766.245,419.085,-30574.26,-13590.09,-3971.295
-11201.58,-11839.904999999999,-22965.704999999998,-6742.08,437.265,-30525.39,-13559.76,-3957.48
-11217.105,-11847.914999999999,-22958.415,-6691.634999999999,513.405,-30458.879999999997,-13528.125,-3979.08
-11189.744999999999,-11804.67,-22906.98,-6596.639999999999,574.56,-30433.68,-13544.685,-3977.325
-11180.07,-11792.925,-22898.969999999998,-6610.5,540.36,-30446.504999999997,-13504.949999999999,-3966.48
-11192.895,-11814.885,-22914.135,-6614.82,495.99,-30495.555,-13492.215,-3966.12
-11219.31,-11853.675,-22959.405,-6671.474999999999,454.185,-30577.59,-13638.015,-3983.22
-11259.27,-11900.654999999999,-23016.329999999998,-6737.849999999999,420.12,-30579.39,-13632.975,-4010.7149999999997
-11242.439999999999,-11884.725,-23005.079999999998,-6727.094999999999,428.085,-30571.335,-13553.414999999999,-3981.915
-11202.164999999999,-11837.744999999999,-22951.305,-6680.5199999999995,451.08,-30581.055,-13551.57,-3954.33
-11211.84,-11845.935,-22954.32,-6689.565,435.10499999999996,-30633.39,-13623.255,-3977.595
-11244.06,-11880.494999999999,-22984.2,-6711.615,445.005,-30597.074999999997,-13630.005,-4021.245
-11273.715,-11911.005,-23022.495,-6735.375,452.655,-30531.51,-13633.425,-4049.64
-11250.494999999999,-11880.359999999999,-22989.465,-6713.82,472.85999999999996,-30515.94,-13606.785,-4005.6299999999997
-11219.535,-11853.0,-22965.57,-6692.04,484.28999999999996,-30537.675,-13533.93,-3954.06
-11209.814999999999,-11844.045,-22949.325,-6678.045,473.58,-30516.975,-13503.33,-3948.8399999999997
-11218.23,-11862.72,-22977.629999999997,-6701.625,472.54499999999996,-30495.465,-13549.14,-3964.095
-11233.395,-11862.99,-22978.53,-6706.3949999999995,469.53,-30517.559999999998,-13598.46,-4001.94
-11229.21,-11870.279999999999,-22978.035,-6702.48,475.10999999999996,-30517.065,-13585.994999999999,-3989.16
-11215.755,-11867.805,-22981.14,-6703.875,470.29499999999996,-30508.875,-13560.525,-3959.415
-11185.695,-11815.515,-22923.315,-6655.634999999999,504.27,-30482.414999999997,-13552.83,-3943.89
-11161.395,-11792.025,-22902.48,-6629.715,534.6899999999999,-30457.035,-13523.625,-3927.015
-11161.845,-11783.34,-22892.445,-6622.245,539.55,-30481.515,-13522.365,-3936.4649999999997
-11193.84,-11814.84,-22924.395,-6655.634999999999,504.585,-30523.094999999998,-13558.455,-3959.145
-11220.57,-11826.494999999999,-22925.79,-6656.715,516.24,-30490.605,-13565.115,-4000.725
-11329.199999999999,-11962.89,-23060.655,-6783.48,409.40999999999997,-30544.289999999997,-13561.56,-4081.545
-11291.625,-11930.895,-23040.18,-6772.905,395.37,-30568.68,-13573.664999999999,-4042.035
-11241.18,-11870.595,-22991.355,-6729.48,421.155,-30583.574999999997,-13600.125,-4005.9449999999997
-11257.695,-11908.35,-23042.43,-6766.469999999999,395.145,-30632.445,-13660.965,-4000.815
-11221.38,-11867.895,-22994.504999999997,-6719.13,437.98499999999996,-30573.495,-13583.25,-3958.74
-11174.895,-11816.279999999999,-22930.965,-6656.49,497.205,-30507.704999999998,-13490.369999999999,-3915.72
-11141.324999999999,-11787.345,-22907.79,-6622.469999999999,538.6949999999999,-30471.84,-13480.515,-3899.205
-11159.414999999999,-11801.295,-22921.605,-6637.95,521.505,-30484.44,-13512.644999999999,-3941.37
-11217.555,-11850.255,-22950.0,-6703.83,438.57,-30574.98,-13604.715,-3986.415
-11248.515,-11884.455,-22990.364999999998,-6747.884999999999,404.41499999999996,-30595.05,-13601.43,-3989.565
-11238.66,-11878.515,-22998.915,-6750.54,432.18,-30526.92,-13540.05,-3978.81
-11220.074999999999,-11855.385,-22975.245,-6742.17,445.05,-30528.945,-13573.98,-3976.02
-11208.42,-11844.27,-22963.725,-6726.0599999999995,460.575,-30538.035,-13586.085,-3975.2549999999997
-11212.875,-11848.635,-22963.635,-6689.565,491.715,-30569.805,-13577.535,-3974.9849999999997
-11224.215,-11862.945,-22966.155,-6682.139999999999,462.015,-30589.739999999998,-13583.654999999999,-3976.02
-11224.215,-11860.56,-22958.37,-6689.16,444.87,-30514.41,-13576.095,-3980.565
-11229.119999999999,-11866.32,-22976.325,-6707.925,450.945,-30517.289999999997,-13574.925,-3988.44
-11236.32,-11880.09,-23005.17,-6779.34,415.44,-30564.09,-13582.08,-3991.545
-11217.24,-11857.14,-22977.135,-6751.215,446.84999999999997,-30531.059999999998,-13582.755,-3977.595
-11208.645,-11844.09,-22960.485,-6693.255,471.555,-30531.015,-13591.845,-3975.93
-11218.904999999999,-11854.529999999999,-22965.614999999998,-6684.615,484.46999999999997,-30563.684999999998,-13588.92,-3982.185
-11223.045,-11861.055,-22972.905,-6700.455,462.91499999999996,-30567.735,-13565.97,-3979.35
-11215.619999999999,-11856.51,-22960.079999999998,-6714.63,456.21,-30532.004999999997,-13552.425,-3974.895
-11216.07,-11861.91,-22960.98,-6724.08,449.64,-30528.09,-13547.654999999999,-3978.3599999999997
-11227.41,-11865.015,-22988.879999999997,-6721.155,434.88,-30557.969999999998,-13623.345,-4000.41
-11217.465,-11839.949999999999,-22978.89,-6722.505,435.73499999999996,-30599.774999999998,-13718.925,-4011.345
-11205.81,-11830.68,-22960.26,-6738.3,452.115,-30621.6,-13665.689999999999,-3992.49
-11200.635,-11841.029999999999,-22987.98,-6763.905,471.73499999999996,-30568.995,-13533.84,-3950.955
-11179.755,-11804.49,-22932.045,-6607.08,576.99,-30397.725,-13442.58,-3940.92
-11203.92,-11820.195,-22916.655,-6583.634999999999,536.04,-30441.239999999998,-13438.8,-3974.4449999999997
-11230.335,-11866.814999999999,-22960.98,-6674.535,457.74,-30533.579999999998,-13503.689999999999,-3981.015
-11227.68,-11861.369999999999,-22965.66,-6709.275,466.695,-30527.82,-13587.93,-3974.895
-11241.0,-11871.045,-22978.44,-6724.304999999999,456.525,-30500.82,-13570.92,-3988.665
-11215.529999999999,-11838.42,-22944.105,-6683.355,477.04499999999996,-30496.59,-13592.564999999999,-3989.3399999999997
-11234.07,-11853.72,-22956.12,-6675.84,491.4,-30541.815,-13591.935,-4007.25
-11244.375,-11874.105,-22980.195,-6685.92,496.26,-30518.91,-13510.664999999999,-3993.12
-11227.545,-11867.49,-22983.12,-6712.65,438.65999999999997,-30553.739999999998,-13561.875,-3972.42
-11170.215,-11807.82,-22927.59,-6670.215,456.03,-30613.635,-13666.095,-3942.1349999999998
-11195.055,-11834.46,-22951.71,-6676.74,480.91499999999996,-30570.704999999998,-13591.619999999999,-3958.9649999999997
-11268.585,-11916.404999999999,-23024.07,-6740.639999999999,441.04499999999996,-30534.75,-13545.765,-3990.7799999999997
-11227.635,-11868.57,-22972.274999999998,-6690.15,502.10999999999996,-30464.055,-13554.72,-3979.89
-11185.154999999999,-11802.33,-22902.165,-6634.62,529.74,-30522.059999999998,-13675.814999999999,-3994.6499999999996
-11264.58,-11916.404999999999,-23021.28,-6757.74,401.58,-30615.57,-13667.715,-4040.055
-11272.23,-11931.885,-23055.075,-6785.6849999999995,388.53,-30568.23,-13512.869999999999,-3994.3799999999997
-11235.645,-11871.18,-22977.18,-6710.804999999999,450.945,-30541.5,-13533.074999999999,-3969.0899999999997
-11221.289999999999,-11855.34,-22969.305,-6705.495,455.84999999999997,-30534.39,-13510.89,-3957.5699999999997
-11228.22,-11867.4,-22983.434999999998,-6723.0,447.12,-30543.12,-13540.859999999999,-3968.145
-11233.98,-11874.24,-22988.475,-6720.21,450.0,-30537.045,-13591.71,-3991.455
-11219.895,-11837.88,-22946.94,-6685.38,473.49,-30525.614999999998,-13648.455,-4010.355
-11214.314999999999,-11838.33,-22950.45,-6692.264999999999,464.49,-30554.82,-13668.119999999999,-4008.015
-11227.68,-11869.74,-22983.344999999998,-6714.179999999999,445.635,-30567.239999999998,-13509.18,-3969.765
-11203.289999999999,-11846.07,-22953.51,-6688.485,447.435,-30605.489999999998,-13495.455,-3950.5499999999997
-11197.17,-11830.68,-22950.135,-6690.014999999999,449.055,-30604.004999999997,-13570.289999999999,-3962.52
-11199.105,-11830.095,-22948.469999999998,-6685.469999999999,473.03999999999996,-30497.445,-13538.564999999999,-3944.6549999999997
-11203.199999999999,-11848.859999999999,-22959.18,-6689.34,473.58,-30492.945,-13536.63,-3944.79
-11210.939999999999,-11877.164999999999,-22977.675,-6691.455,479.96999999999997,-30520.079999999998,-13550.445,-3959.46
-11247.66,-11894.175,-23000.445,-6712.29,480.015,-30495.87,-13543.109999999999,-3998.25
-11283.164999999999,-11905.244999999999,-23019.614999999998,-6748.469999999999,435.28499999999997,-30520.079999999998,-13541.894999999999,-4031.055
-11263.725,-11890.98,-23008.14,-6737.58,440.46,-30512.475,-13521.6,-4010.1299999999997
-11220.66,-11853.045,-22968.09,-6705.764999999999,461.78999999999996,-30513.149999999998,-13530.15,-3968.955
-11196.314999999999,-11837.205,-22948.335,-6694.74,470.43,-30532.23,-13584.869999999999,-3950.37
-11230.064999999999,-11874.195,-22990.5,-6744.15,435.28499999999997,-30533.309999999998,-13598.82,-3973.995
-11233.439999999999,-11868.21,-23001.344999999998,-6753.15,440.775,-30529.664999999997,-13583.835,-3979.2599999999998
-11232.72,-11870.324999999999,-23024.204999999998,-6749.054999999999,464.98499999999996,-30523.545,-13559.31,-3985.1549999999997
-11237.76,-11879.369999999999,-23018.265,-6726.915,476.37,-30544.965,-13552.019999999999,-3990.33
-11227.994999999999,-11868.705,-22984.829999999998,-6702.344999999999,474.21,-30562.469999999998,-13580.64,-3985.47
-11205.72,-11843.279999999999,-22945.23,-6672.465,447.79499999999996,-30545.64,-13592.789999999999,-3965.805
-11215.98,-11849.76,-22953.87,-6734.655,436.5,-30538.26,-13568.894999999999,-3971.8799999999997
-11211.255,-11842.74,-22952.565,-6691.41,472.85999999999996,-30541.274999999998,-13585.23,-3974.9849999999997
-11210.895,-11841.93,-22939.605,-6639.03,486.71999999999997,-30550.68,-13598.955,-3976.875
-11214.945,-11844.9,-22956.21,-6685.785,447.21,-30599.64,-13605.525,-3979.35
-11207.654999999999,-11831.67,-22951.62,-6699.554999999999,427.185,-30608.91,-13611.6,-3984.5699999999997
-11210.58,-11829.869999999999,-22944.51,-6667.965,478.71,-30531.69,-13598.73,-4000.14
-11234.34,-11864.115,-22971.78,-6674.94,508.59,-30482.28,-13569.705,-3996.72
-11200.68,-11840.039999999999,-22951.89,-6689.7,532.35,-30467.114999999998,-13532.939999999999,-3944.97
-11192.355,-11830.77,-22947.12,-6694.965,532.98,-30479.985,-13550.13,-3944.565
-11207.475,-11842.875,-22958.235,-6699.014999999999,533.25,-30493.89,-13601.43,-3979.5299999999997
-11217.195,-11854.125,-22965.344999999998,-6682.545,520.56,-30493.079999999998,-13596.525,-3988.665
-11240.01,-11874.689999999999,-22984.965,-6690.24,447.34499999999997,-30538.305,-13619.88,-4009.5899999999997
-11265.48,-11899.935,-23014.934999999998,-6725.07,413.59499999999997,-30543.704999999998,-13596.3,-4032.81
-11257.064999999999,-11893.635,-23001.03,-6729.03,426.87,-30528.945,-13520.835,-4014.6299999999997
-11255.4,-11889.99,-22994.954999999998,-6733.755,414.22499999999997,-30578.94,-13605.885,-4018.14
-11218.904999999999,-11852.189999999999,-22959.719999999998,-6695.73,438.705,-30599.684999999998,-13683.06,-3988.17
-11219.805,-11859.074999999999,-22966.425,-6693.344999999999,442.305,-30597.164999999997,-13628.789999999999,-3969.99
-11271.15,-11913.029999999999,-23019.48,-6746.8949999999995,407.29499999999996,-30629.114999999998,-13587.885,-4011.705
-11252.385,-11900.564999999999,-23000.805,-6720.84,449.145,-30548.699999999997,-13544.189999999999,-4005.0
-11172.869999999999,-11830.859999999999,-22954.86,-6680.295,484.38,-30481.965,-13496.625,-3929.31
-11186.955,-11831.895,-22952.745,-6697.755,455.805,-30519.539999999997,-13535.055,-3931.74
-11236.68,-11882.52,-22999.905,-6727.32,439.46999999999997,-30553.289999999997,-13636.8,-3994.1549999999997
-11274.57,-11909.925,-23014.575,-6741.36,429.47999999999996,-30554.954999999998,-13652.324999999999,-4039.785
-11272.365,-11914.56,-23022.18,-6755.67,403.695,-30572.864999999998,-13578.119999999999,-4019.49
-11207.744999999999,-11850.705,-22965.795,-6697.08,452.925,-30565.754999999997,-13509.539999999999,-3944.3849999999998
-11173.275,-11804.67,-22918.95,-6653.115,497.52,-30536.28,-13492.755,-3912.93
-11194.515,-11831.805,-22937.67,-6673.59,479.29499999999996,-30520.125,-13506.119999999999,-3938.1299999999997
-11235.779999999999,-11902.814999999999,-23009.489999999998,-6729.344999999999,452.115,-30512.25,-13550.58,-3975.2999999999997
-11242.89,-11908.215,-23015.204999999998,-6728.94,460.395,-30525.66,-13581.494999999999,-3981.1949999999997
-11221.244999999999,-11860.74,-22975.065,-6700.365,473.21999999999997,-30543.39,-13610.16,-3984.075
-11208.645,-11822.445,-22932.36,-6666.48,498.015,-30537.045,-13583.744999999999,-3980.43
-11173.77,-11784.869999999999,-22896.989999999998,-6632.505,531.135,-30488.085,-13504.365,-3948.12
-11180.34,-11793.689999999999,-22908.78,-6646.86,516.555,-30456.135,-13524.75,-3951.585
-11275.289999999999,-11914.695,-23036.309999999998,-6775.605,388.71,-30571.785,-13609.574999999999,-4007.43
-11261.07,-11897.955,-23019.3,-6764.085,392.085,-30604.995,-13658.625,-4011.345
-11245.814999999999,-11884.14,-23006.565,-6757.965,388.125,-30625.379999999997,-13641.705,-4000.14
-11234.25,-11875.32,-22994.37,-6739.155,406.71,-30588.84,-13599.72,-3979.7549999999997
-11222.145,-11851.289999999999,-22956.434999999998,-6684.929999999999,482.03999999999996,-30508.739999999998,-13594.725,-3979.08
-11239.335,-11873.475,-22974.254999999997,-6684.255,519.7049999999999,-30449.25,-13546.98,-3990.33
-11244.42,-11888.595,-22994.73,-6702.705,498.465,-30484.62,-13527.045,-3980.475
-11233.35,-11870.505,-22970.295,-6700.59,477.67499999999995,-30479.625,-13546.935,-3982.5899999999997
-11226.555,-11867.265,-22970.295,-6712.695,451.755,-30503.114999999998,-13545.494999999999,-3976.335
-11229.795,-11896.605,-23013.719999999998,-6751.889999999999,430.695,-30553.695,-13588.65,-3973.95
-11234.564999999999,-11878.875,-23003.055,-6817.679999999999,391.68,-30569.94,-13617.855,-3987.45
-11232.27,-11869.785,-23023.035,-6845.49,389.655,-30549.105,-13571.865,-3983.22
-11230.425,-11881.08,-23049.629999999997,-6779.655,434.07,-30532.995,-13546.619999999999,-3976.83
-11233.26,-11867.805,-23000.805,-6644.07,516.645,-30530.61,-13604.67,-3994.3799999999997
-11235.42,-11851.47,-22942.17,-6623.28,538.6949999999999,-30503.475,-13599.63,-4000.14
-11208.689999999999,-11823.615,-22892.489999999998,-6629.759999999999,510.705,-30470.76,-13552.064999999999,-3970.44
-11202.345,-11821.545,-22883.579999999998,-6639.4349999999995,483.885,-30482.504999999997,-13523.805,-3959.145
-11226.645,-11852.369999999999,-22931.145,-6682.32,455.895,-30493.125,-13522.994999999999,-3979.395
-11223.539999999999,-11858.939999999999,-22959.09,-6724.125,459.585,-30483.989999999998,-13560.93,-3972.6
-11199.645,-11829.96,-22938.975,-6713.865,484.78499999999997,-30469.949999999997,-13613.715,-3971.8799999999997
-11204.189999999999,-11815.965,-22905.719999999998,-6670.71,488.96999999999997,-30475.17,-13610.699999999999,-3988.575
-11246.939999999999,-11864.699999999999,-22934.835,-6674.49,485.01,-30481.155,-13551.164999999999,-4004.055
-11255.49,-11890.8,-22975.425,-6673.995,483.34499999999997,-30523.68,-13537.98,-4001.805
-11199.779999999999,-11826.945,-22929.48,-6621.884999999999,524.52,-30544.155,-13588.965,-3975.66
-11183.625,-11801.16,-22897.079999999998,-6670.98,502.60499999999996,-30535.155,-13613.85,-3976.6499999999996
-11261.295,-11892.869999999999,-22987.215,-6806.07,306.22499999999997,-30656.16,-13655.25,-4019.625
-11278.17,-11931.435,-23042.295,-6841.215,260.28,-30716.145,-13652.91,-4004.145
-11217.645,-11847.15,-22963.635,-6714.405,392.895,-30619.62,-13670.369999999999,-3993.48
-11243.34,-11881.08,-22993.515,-6716.88,426.87,-30492.27,-13537.35,-3991.5899999999997
-11196.225,-11845.89,-22952.7,-6659.775,503.055,-30470.985,-13486.05,-3929.04
-11139.39,-11784.105,-22897.26,-6615.45,531.81,-30462.57,-13499.46,-3895.83
-11084.265,-11705.625,-22826.25,-6559.245,592.47,-30415.32,-13479.75,-3858.39
-11141.414999999999,-11764.755,-22878.719999999998,-6618.735,542.34,-30479.579999999998,-13548.644999999999,-3913.1099999999997
-11257.154999999999,-11900.654999999999,-23015.879999999997,-6751.665,403.83,-30622.274999999998,-13623.705,-4003.515
-11298.824999999999,-11957.355,-23073.614999999998,-6804.134999999999,348.65999999999997,-30682.71,-13630.095,-4027.725
-11283.975,-11946.689999999999,-23059.079999999998,-6768.495,422.09999999999997,-30570.39,-13602.914999999999,-4029.345
-11270.07,-11917.98,-23032.754999999997,-6747.344999999999,439.695,-30546.18,-13603.725,-4032.045
-11254.635,-11913.164999999999,-23013.045,-6733.125,432.945,-30581.28,-13626.72,-4008.69
-11215.664999999999,-11880.63,-22992.075,-6710.985,455.895,-30553.245,-13603.59,-3959.865
-11181.015,-11815.65,-22934.34,-6676.38,477.45,-30539.655,-13546.845,-3931.47
-11218.14,-11848.05,-22963.545,-6699.014999999999,454.85999999999996,-30559.14,-13546.394999999999,-3977.7749999999996
-11279.744999999999,-11908.529999999999,-23025.96,-6762.87,402.79499999999996,-30588.254999999997,-13641.48,-4050.1349999999998
-11268.09,-11887.875,-23003.504999999997,-6740.55,427.995,-30553.515,-13692.6,-4063.0049999999997
-11241.494999999999,-11857.904999999999,-22971.195,-6702.3,476.01,-30527.774999999998,-13566.869999999999,-4026.24
-11219.265,-11852.955,-22971.78,-6716.5199999999995,449.23499999999996,-30532.59,-13512.42,-3964.365
-11214.72,-11858.175,-22977.315,-6710.4,474.47999999999996,-30498.3,-13548.824999999999,-3946.725
-11276.46,-11925.135,-23049.315,-6782.8949999999995,408.41999999999996,-30543.975,-13534.965,-4002.93
-11250.9,-11890.08,-23002.739999999998,-6734.384999999999,447.21,-30539.789999999997,-13590.9,-3998.97
-11224.26,-11871.27,-22986.495,-6698.07,471.555,-30540.195,-13600.935,-3968.2799999999997
-11208.689999999999,-11839.949999999999,-22956.57,-6682.32,482.58,-30540.51,-13604.175,-3964.995
-11227.095,-11862.585,-22977.719999999998,-6712.5599999999995,456.435,-30533.085,-13579.965,-3979.89
-11248.154999999999,-11896.154999999999,-23014.8,-6762.285,412.91999999999996,-30554.864999999998,-13576.14,-3992.805
-11227.275,-11878.695,-23013.405,-6753.87,439.02,-30536.73,-13573.89,-3976.2
-11211.255,-11851.154999999999,-22998.42,-6701.535,486.81,-30520.8,-13579.65,-3968.955
-11224.17,-11855.789999999999,-22978.035,-6672.78,497.88,-30530.16,-13585.23,-3985.02
-11231.865,-11862.494999999999,-22959.945,-6675.884999999999,475.60499999999996,-30532.59,-13570.47,-3986.64
-11228.67,-11863.755,-22975.515,-6687.719999999999,473.13,-30521.61,-13560.345,-3980.3399999999997
-11231.234999999999,-11874.285,-22981.5,-6726.0599999999995,488.7,-30514.77,-13568.894999999999,-3986.19
-11239.515,-11900.475,-23016.69,-6751.755,486.53999999999996,-30502.485,-13579.154999999999,-3995.5049999999997
-11229.21,-11867.445,-23022.719999999998,-6780.69,477.63,-30510.449999999997,-13588.92,-3991.5899999999997
-11213.145,-11830.32,-22964.76,-6736.1849999999995,501.57,-30526.469999999998,-13583.519999999999,-3976.1549999999997
-11222.279999999999,-11844.18,-22945.05,-6673.005,474.615,-30537.629999999997,-13584.6,-3984.66
-11260.619999999999,-11887.335,-22990.14,-6675.705,457.335,-30541.14,-13594.59,-4013.2799999999997
-11244.375,-11870.369999999999,-22973.129999999997,-6669.36,477.53999999999996,-30535.065,-13594.814999999999,-3999.915
-11236.635,-11876.895,-22994.64,-6726.554999999999,442.48499999999996,-30559.949999999997,-13594.41,-3990.1949999999997
-11232.18,-11871.404999999999,-23006.25,-6777.764999999999,441.27,-30554.504999999997,-13593.195,-3991.68
-11206.529999999999,-11834.414999999999,-22946.04,-6684.795,492.84,-30526.245,-13582.755,-3973.23
-11189.699999999999,-11819.295,-22915.079999999998,-6635.205,493.10999999999996,-30510.585,-13515.029999999999,-3948.435
-11218.545,-11851.289999999999,-22960.71,-6693.525,425.60999999999996,-30573.045,-13523.715,-3970.98
-11201.31,-11828.88,-22938.614999999998,-6691.815,418.185,-30587.94,-13553.64,-3956.22
-11134.845,-11764.395,-22884.254999999997,-6633.2699999999995,476.64,-30556.62,-13560.164999999999,-3904.74
-11196.0,-11838.06,-22970.745,-6693.84,434.15999999999997,-30588.704999999998,-13646.07,-3962.0699999999997
-11261.744999999999,-11899.574999999999,-23018.175,-6722.099999999999,432.945,-30587.715,-13646.475,-4022.415
-11245.455,-11877.029999999999,-22994.82,-6712.74,428.58,-30616.289999999997,-13629.914999999999,-4010.4449999999997
-11239.965,-11872.17,-22995.135,-6736.815,367.46999999999997,-30703.68,-13671.18,-4008.42
-11252.115,-11887.289999999999,-23012.864999999998,-6752.474999999999,372.51,-30641.445,-13641.255,-4013.865
-11239.02,-11879.145,-22998.195,-6724.98,430.02,-30580.02,-13616.055,-4009.725
-11236.005,-11870.145,-22985.594999999998,-6698.5199999999995,477.85499999999996,-30566.295,-13612.545,-4016.0249999999996
-11233.89,-11865.15,-22986.315,-6713.865,451.03499999999997,-30579.57,-13605.074999999999,-3987.99
-11178.765,-11802.24,-22920.795,-6644.34,537.12,-30434.94,-13566.24,-3939.48
-11160.539999999999,-11784.6,-22901.76,-6622.29,562.4549999999999,-30451.86,-13667.445,-3939.2999999999997
-11235.195,-11870.505,-22991.265,-6712.425,469.62,-30533.715,-13626.539999999999,-3991.77
-11300.58,-11953.664999999999,-23075.55,-6808.32,354.51,-30650.265,-13543.515,-4014.495
-11276.145,-11937.24,-23057.864999999998,-6785.46,378.04499999999996,-30636.855,-13544.414999999999,-3998.295
-11238.3,-11889.855,-23000.219999999998,-6716.7,448.2,-30585.555,-13572.539999999999,-3980.115
-11237.58,-11870.145,-22973.579999999998,-6695.82,459.04499999999996,-30557.07,-13569.525,-3986.8199999999997
-11268.765,-11895.885,-23008.77,-6739.29,423.27,-30563.46,-13535.685,-4007.52
-11202.21,-11847.555,-22974.975,-6701.175,472.68,-30514.094999999998,-13549.095,-3940.47
-11170.89,-11808.585,-22931.145,-6646.679999999999,534.78,-30479.355,-13534.92,-3921.5699999999997
-11221.785,-11842.47,-22961.745,-6678.315,508.005,-30487.274999999998,-13541.445,-3970.44
-11273.895,-11897.055,-23016.825,-6742.62,442.755,-30522.285,-13532.67,-4015.665
-11277.675,-11897.82,-23015.16,-6743.115,437.13,-30527.82,-13538.519999999999,-4031.0099999999998
-11224.98,-11838.195,-22955.175,-6679.665,490.005,-30529.215,-13619.43,-3993.435
-11212.92,-11839.14,-22978.71,-6680.835,502.245,-30537.675,-13663.755,-3975.66
-11265.975,-11905.38,-23048.19,-6739.335,469.395,-30533.175,-13622.805,-4007.52
-11264.85,-11902.949999999999,-23015.204999999998,-6731.19,459.81,-30525.3,-13572.09,-4001.7599999999998
-11253.195,-11876.039999999999,-22971.195,-6711.255,455.03999999999996,-30538.754999999997,-13592.699999999999,-4006.5299999999997
-11260.935,-11877.93,-22985.73,-6717.6449999999995,448.74,-30556.35,-13645.394999999999,-4027.9049999999997
-11261.97,-11887.605,-23007.465,-6732.045,440.145,-30578.805,-13666.68,-4028.625
-11248.38,-11888.64,-23021.19,-6746.67,430.56,-30580.785,-13592.07,-3997.62
-11225.43,-11862.09,-22983.165,-6705.855,477.135,-30532.545,-13535.82,-3964.41
-11220.705,-11851.515,-22959.945,-6674.085,507.015,-30508.829999999998,-13559.355,-3965.9849999999997
-11225.699999999999,-11860.83,-23003.504999999997,-6709.005,481.54499999999996,-30534.254999999997,-13601.07,-3982.8599999999997
-11224.08,-11857.59,-23012.954999999998,-6744.465,447.21,-30559.545,-13596.435,-3983.7599999999998
-11228.49,-11858.265,-22984.829999999998,-6735.42,455.03999999999996,-30552.975,-13575.555,-3982.095
-11238.164999999999,-11862.945,-22956.48,-6686.639999999999,470.745,-30542.399999999998,-13579.47,-3988.2599999999998
-11247.84,-11869.515,-22964.805,-6669.09,480.91499999999996,-30522.69,-13584.465,-4002.075
-11258.865,-11881.35,-22991.265,-6718.815,485.145,-30503.385,-13594.365,-4021.4249999999997
-11242.215,-11861.91,-22993.2,-6744.509999999999,444.195,-30532.094999999998,-13609.17,-4027.3199999999997
-11167.199999999999,-11788.38,-22925.024999999998,-6648.84,489.51,-30547.079999999998,-13606.92,-3969.81
-11154.285,-11784.6,-22906.305,-6635.429999999999,518.67,-30563.594999999998,-13652.369999999999,-3937.6349999999998
-11230.425,-11874.869999999999,-22990.14,-6746.94,431.90999999999997,-30598.605,-13588.47,-3967.74
-11245.14,-11894.49,-23020.965,-6808.455,381.015,-30618.18,-13544.46,-3972.375
-11252.07,-11880.72,-23001.84,-6782.13,369.36,-30664.574999999997,-13562.414999999999,-4005.585
-11290.365,-11916.359999999999,-23028.39,-6756.48,367.245,-30691.62,-13600.439999999999,-4043.115
-11259.225,-11884.77,-23001.03,-6714.495,430.74,-30586.815,-13572.09,-4017.1949999999997
-11248.785,-11882.609999999999,-22998.51,-6713.28,453.59999999999997,-30509.64,-13594.455,-4005.99
-11214.72,-11863.845,-22983.165,-6696.45,477.495,-30522.015,-13624.38,-3951.8999999999996
-11162.385,-11812.32,-22932.09,-6649.38,502.2,-30550.14,-13611.105,-3903.93
-11157.48,-11788.515,-22900.184999999998,-6627.78,497.07,-30573.899999999998,-13622.039999999999,-3942.765
-11206.98,-11851.92,-22961.204999999998,-6686.28,445.59,-30590.235,-13607.91,-3985.1549999999997
-11235.105,-11889.585,-23022.675,-6753.15,373.365,-30644.414999999997,-13576.904999999999,-3986.5049999999997
-11248.38,-11888.189999999999,-23024.114999999998,-6772.995,323.955,-30793.094999999998,-13633.605,-3997.2599999999998
-11270.07,-11904.93,-23033.024999999998,-6788.025,353.43,-30725.684999999998,-13660.605,-4009.995
-11278.664999999999,-11912.039999999999,-23043.239999999998,-6788.88,450.09,-30472.289999999997,-13567.23,-4014.1349999999998
-11250.0,-11871.99,-22990.545,-6701.445,508.185,-30395.61,-13510.89,-3992.3999999999996
-11207.699999999999,-11825.64,-22931.594999999998,-6632.6849999999995,558.9449999999999,-30410.594999999998,-13486.545,-3962.295
-11194.289999999999,-11825.46,-22942.17,-6660.045,523.35,-30469.364999999998,-13567.455,-3952.395
-11223.314999999999,-11851.74,-22967.954999999998,-6682.094999999999,488.745,-30553.829999999998,-13648.949999999999,-3983.4449999999997
-11247.074999999999,-11875.14,-22974.795,-6682.005,485.955,-30542.265,-13618.529999999999,-4019.31
-11200.455,-11839.095,-22937.355,-6644.5199999999995,520.11,-30478.32,-13537.619999999999,-3985.47
-11166.84,-11812.365,-22927.364999999998,-6648.705,506.205,-30519.989999999998,-13586.58,-3945.105
-11250.72,-11889.99,-23010.84,-6731.594999999999,450.0,-30544.515,-13631.939999999999,-4004.865
-11337.164999999999,-11955.33,-23078.114999999998,-6811.875,382.86,-30569.265,-13618.529999999999,-4070.16
-11297.025,-11919.555,-23044.77,-6784.11,408.78,-30561.93,-13559.22,-4035.42
-11191.68,-11820.465,-22949.55,-6686.415,506.205,-30499.605,-13532.13,-3943.2599999999998
-11204.279999999999,-11825.055,-22950.045,-6693.075,504.53999999999996,-30503.61,-13593.689999999999,-3982.41
-11281.5,-11914.38,-23036.94,-6775.155,430.245,-30571.649999999998,-13594.14,-4022.865
-11267.865,-11903.805,-23033.295,-6769.53,404.145,-30586.59,-13580.865,-3995.64
-11256.21,-11888.46,-23013.045,-6725.61,437.76,-30571.515,-13602.689999999999,-3995.595
-11248.695,-11883.96,-23006.52,-6706.98,464.66999999999996,-30552.704999999998,-13594.23,-3988.35
-11238.435,-11863.26,-22980.915,-6690.014999999999,482.84999999999997,-30534.21,-13574.744999999999,-3985.29
-11226.465,-11852.865,-22974.075,-6691.679999999999,472.5,-30548.879999999997,-13577.76,-3976.29
-11219.76,-11844.855,-22964.715,-6685.335,470.835,-30557.204999999998,-13575.555,-3972.825
-11219.715,-11849.49,-22970.925,-6691.679999999999,469.08,-30555.09,-13573.755,-3970.935
-11229.66,-11856.555,-22975.695,-6694.965,481.22999999999996,-30537.765,-13590.72,-3986.73
-11218.904999999999,-11841.795,-22959.36,-6679.17,501.79499999999996,-30521.385,-13600.845,-3984.435
-11204.505,-11827.619999999999,-22947.795,-6675.03,489.555,-30536.64,-13593.914999999999,-3972.24
-11237.984999999999,-11877.029999999999,-23000.129999999997,-6733.304999999999,417.10499999999996,-30598.605,-13593.195,-3993.2549999999997
-11252.07,-11894.58,-23026.815,-6766.245,403.38,-30600.585,-13596.39,-3999.69
-11248.785,-11884.68,-23015.204999999998,-6755.13,420.3,-30577.23,-13597.199999999999,-3994.515
-11226.195,-11865.465,-22981.32,-6719.804999999999,439.335,-30569.219999999998,-13583.16,-3973.6349999999998
-11211.57,-11841.48,-22962.78,-6694.875,453.78,-30608.864999999998,-13600.26,-3973.545
-11225.744999999999,-11850.345,-22997.07,-6733.71,438.57,-30639.195,-13637.295,-4004.955
-11257.244999999999,-11886.705,-23033.565,-6789.014999999999,427.72499999999997,-30587.715,-13617.18,-4029.705
-11254.005,-11891.16,-23018.805,-6708.014999999999,463.32,-30499.695,-13516.064999999999,-4004.19
-11232.945,-11877.57,-23003.73,-6721.74,443.7,-30536.28,-13508.189999999999,-3968.8199999999997
-11240.1,-11887.064999999999,-23021.055,-6737.355,428.53499999999997,-30604.545,-13628.925,-3978.225
-11267.369999999999,-11911.68,-23069.879999999997,-6758.054999999999,435.28499999999997,-30571.965,-13608.18,-4014.72
-11269.08,-11894.85,-23056.379999999997,-6733.665,463.995,-30555.495,-13621.14,-4039.605
-11234.88,-11853.539999999999,-23006.204999999998,-6732.405,448.56,-30578.129999999997,-13643.73,-4020.8849999999998
-11204.055,-11834.64,-22951.44,-6729.929999999999,442.89,-30629.655,-13626.404999999999,-3970.2149999999997
-11196.855,-11843.46,-22953.87,-6732.764999999999,451.84499999999997,-30596.85,-13592.475,-3933.99
-11186.189999999999,-11827.98,-22950.989999999998,-6680.79,500.805,-30493.71,-13543.154999999999,-3928.5899999999997
-11187.135,-11816.145,-22944.329999999998,-6661.665,494.72999999999996,-30530.879999999997,-13585.14,-3949.92
-11215.574999999999,-11836.035,-22956.48,-6719.67,383.805,-30639.105,-13699.08,-3994.6949999999997
-11231.505,-11861.01,-22985.73,-6734.745,370.53,-30697.92,-13692.6,-3993.5699999999997
-11202.3,-11835.045,-22954.95,-6664.679999999999,453.73499999999996,-30605.579999999998,-13523.49,-3945.1949999999997
-11175.975,-11793.285,-22918.995,-6633.495,484.155,-30548.655,-13497.615,-3939.93
-11225.744999999999,-11847.555,-22974.39,-6700.32,447.47999999999996,-30591.045,-13601.519999999999,-3996.0899999999997
-11259.675,-11890.395,-23002.965,-6722.009999999999,437.715,-30580.559999999998,-13672.664999999999,-4034.8799999999997
-11285.595,-11912.265,-23019.93,-6744.195,418.185,-30571.649999999998,-13648.32,-4041.72
-11286.675,-11916.359999999999,-23037.344999999998,-6757.155,426.91499999999996,-30578.805,-13622.445,-4020.0299999999997
-11264.445,-11902.32,-23018.579999999998,-6736.23,469.79999999999995,-30484.664999999997,-13531.32,-3991.365
-11226.195,-11882.34,-23001.75,-6709.23,497.60999999999996,-30452.579999999998,-13471.425,-3956.22
-11232.72,-11873.97,-22996.035,-6719.49,455.49,-30532.545,-13541.4,-3982.77
-11204.369999999999,-11824.605,-22946.535,-6677.19,473.31,-30539.475,-13603.769999999999,-3987.1349999999998
-11208.015,-11833.65,-22947.795,-6652.844999999999,506.385,-30509.864999999998,-13648.769999999999,-3989.9249999999997
-11283.93,-11933.1,-23046.254999999997,-6746.715,437.085,-30567.375,-13609.17,-4026.645
-11254.32,-11914.965,-23030.19,-6734.925,439.065,-30597.03,-13631.445,-3998.52
-11238.57,-11875.455,-23008.815,-6740.009999999999,407.205,-30647.969999999998,-13615.47,-3990.42
-11280.15,-11895.255,-23027.399999999998,-6768.405,398.205,-30634.379999999997,-13597.064999999999,-4012.065
-11263.859999999999,-11886.21,-23008.59,-6732.45,460.44,-30515.265,-13560.119999999999,-3994.3799999999997
-11247.029999999999,-11888.01,-23000.309999999998,-6711.389999999999,474.885,-30502.395,-13531.365,-3992.895
-11229.525,-11888.189999999999,-23013.855,-6710.8949999999995,463.185,-30527.145,-13561.38,-3982.77
-11197.215,-11806.92,-22933.62,-6658.065,505.755,-30527.145,-13656.51,-3974.085
-11179.305,-11777.984999999999,-22898.114999999998,-6628.23,532.98,-30527.46,-13691.654999999999,-3978.315
-11218.59,-11827.08,-22947.03,-6665.715,502.56,-30522.6,-13619.835,-3998.745
-11211.84,-11822.355,-22939.469999999998,-6651.855,527.805,-30449.745,-13441.904999999999,-3962.3399999999997
-11189.475,-11801.564999999999,-22921.515,-6642.585,519.345,-30524.175,-13545.72,-3952.98
-11250.585,-11884.545,-23009.67,-6727.005,434.745,-30638.969999999998,-13674.779999999999,-3991.5
-11253.24,-11883.24,-23002.649999999998,-6722.37,446.76,-30554.37,-13644.81,-4004.64
-11267.189999999999,-11894.355,-23008.86,-6719.58,470.7,-30503.969999999998,-13590.225,-4019.49
-11269.89,-11906.01,-23031.405,-6752.88,420.65999999999997,-30568.59,-13567.814999999999,-4008.33
-11263.949999999999,-11906.73,-23044.454999999998,-6766.74,393.12,-30602.34,-13584.869999999999,-4000.95
-11236.455,-11878.289999999999,-23021.1,-6741.99,417.10499999999996,-30593.879999999997,-13579.335,-3978.54
-11230.875,-11860.289999999999,-22988.745,-6709.094999999999,455.53499999999997,-30571.965,-13595.175,-3980.52
-11238.119999999999,-11867.939999999999,-22992.48,-6708.87,467.055,-30536.324999999997,-13585.32,-3984.345
-11237.4,-11873.43,-22998.329999999998,-6713.775,461.7,-30530.385,-13570.064999999999,-3981.1949999999997
-11232.045,-11865.779999999999,-22990.905,-6711.615,465.79499999999996,-30538.89,-13574.654999999999,-3984.2549999999997
-11229.119999999999,-11857.14,-22990.905,-6733.304999999999,445.40999999999997,-30557.204999999998,-13593.869999999999,-3986.2799999999997
-11238.21,-11862.585,-22994.37,-6738.48,446.715,-30548.835,-13601.07,-3997.98
-11235.195,-11864.654999999999,-22999.995,-6744.96,433.53,-30557.204999999998,-13590.945,-3991.815
-11226.24,-11868.795,-23016.42,-6744.554999999999,430.2,-30572.684999999998,-13584.105,-3975.2999999999997
-11226.465,-11875.005,-23042.565,-6758.009999999999,435.73499999999996,-30573.675,-13601.07,-3979.305
-11231.73,-11871.9,-23028.795,-6745.995,458.28,-30555.27,-13607.775,-3993.075
-11242.26,-11865.06,-22982.355,-6678.945,484.38,-30538.17,-13601.34,-4006.89
-11248.289999999999,-11870.414999999999,-22977.899999999998,-6673.365,451.97999999999996,-30533.309999999998,-13558.05,-4004.37
-11231.505,-11865.24,-22976.64,-6681.6449999999995,460.48499999999996,-30539.565,-13540.455,-3981.915
-11205.539999999999,-11846.88,-22962.87,-6681.915,467.145,-30582.0,-13611.465,-3961.5299999999997
-11207.52,-11835.585,-22963.364999999998,-6682.545,455.84999999999997,-30603.645,-13675.994999999999,-3980.475
-11222.189999999999,-11837.744999999999,-22967.91,-6705.585,458.46,-30546.675,-13650.435,-4018.9049999999997
-11244.6,-11871.404999999999,-23001.66,-6732.045,437.76,-30558.914999999997,-13615.965,-4019.355
-11243.295,-11890.439999999999,-23025.195,-6742.3949999999995,405.315,-30627.989999999998,-13568.355,-3970.845
-11245.095,-11899.305,-23031.899999999998,-6753.24,386.82,-30634.92,-13556.115,-3979.08
-11216.654999999999,-11854.574999999999,-22977.855,-6712.965,394.11,-30659.355,-13639.14,-3973.815
-11213.234999999999,-11852.685,-22988.7,-6737.759999999999,357.435,-30733.11,-13693.005,-3975.615
-11245.949999999999,-11880.855,-23005.35,-6731.415,401.98499999999996,-30689.864999999998,-13660.92,-4004.145
-11249.505,-11876.895,-22976.91,-6687.495,506.29499999999996,-30479.175,-13579.965,-4004.685
-11201.4,-11807.324999999999,-22902.57,-6631.695,553.14,-30385.53,-13534.515,-3980.8799999999997
-11216.564999999999,-11829.914999999999,-22931.82,-6654.105,533.16,-30447.405,-13539.15,-3983.94
-11235.015,-11881.125,-22998.915,-6725.5199999999995,436.32,-30541.815,-13587.57,-3979.08
-11197.529999999999,-11836.574999999999,-22963.635,-6694.605,442.66499999999996,-30587.039999999997,-13603.455,-3948.2549999999997
-11139.39,-11756.744999999999,-22887.855,-6622.155,524.25,-30548.789999999997,-13639.23,-3924.495
-11185.92,-11819.115,-22934.879999999997,-6634.304999999999,562.275,-30431.114999999998,-13576.455,-3962.0249999999996
-11283.795,-11958.164999999999,-23064.39,-6756.165,436.635,-30496.815,-13478.355,-4020.795
-11219.715,-11849.535,-22952.835,-6675.389999999999,493.155,-30461.039999999997,-13439.43,-3986.055
-11220.39,-11802.689999999999,-22900.094999999998,-6652.755,513.495,-30458.565,-13533.795,-3996.855
-11302.515,-11936.475,-23035.454999999998,-6769.3949999999995,418.005,-30527.414999999997,-13660.425,-4034.43
-11256.39,-11892.33,-22991.895,-6718.679999999999,458.82,-30501.989999999998,-13591.215,-3983.58
-11211.84,-11831.445,-22943.52,-6683.625,470.655,-30500.684999999998,-13546.17,-3960.495
-11261.789999999999,-11880.404999999999,-22990.05,-6717.014999999999,451.215,-30532.05,-13603.365,-4014.315
-11285.73,-11907.63,-23021.64,-6733.08,451.62,-30551.535,-13629.285,-4035.555
-11237.625,-11880.765,-22999.86,-6709.7699999999995,457.965,-30567.195,-13630.05,-3986.5499999999997
-11224.35,-11862.449999999999,-22975.245,-6682.724999999999,484.10999999999996,-30547.8,-13632.345,-3992.49
-11234.205,-11869.83,-22995.719999999998,-6710.535,454.905,-30553.379999999997,-13598.595,-3989.0249999999996
-11237.939999999999,-11884.77,-23015.745,-6741.495,418.455,-30559.23,-13539.465,-3964.995
-11227.814999999999,-11859.164999999999,-22967.82,-6713.505,442.305,-30511.71,-13534.56,-3963.015
-11233.439999999999,-11851.965,-22953.87,-6701.4,453.825,-30510.405,-13567.005,-3981.105
-11239.785,-11860.92,-22966.785,-6701.04,467.775,-30505.949999999997,-13580.369999999999,-3992.3999999999996
-11243.205,-11865.869999999999,-22985.954999999998,-6699.6449999999995,479.655,-30528.809999999998,-13587.48,-3995.1
-11228.13,-11853.63,-22983.795,-6695.955,466.155,-30558.015,-13579.289999999999,-3978.1349999999998
-11220.93,-11855.744999999999,-23001.524999999998,-6708.42,445.72499999999997,-30577.59,-13579.38,-3967.83
-11228.85,-11867.13,-23008.32,-6719.355,444.645,-30574.71,-13595.265,-3974.4449999999997
-11243.97,-11880.855,-23016.195,-6719.445,459.99,-30558.105,-13603.769999999999,-3990.6
-11251.8,-11900.97,-23042.204999999998,-6710.4,474.705,-30544.379999999997,-13599.314999999999,-3997.44
-11236.635,-11901.734999999999,-23052.285,-6709.23,462.73499999999996,-30551.535,-13586.49,-3982.185
-11226.555,-11892.015,-23058.855,-6727.139999999999,448.10999999999996,-30562.469999999998,-13580.82,-3972.33
-11226.869999999999,-11864.925,-22999.23,-6715.035,453.78,-30561.03,-13588.605,-3976.1549999999997
-11225.52,-11848.904999999999,-22968.09,-6698.115,458.37,-30567.239999999998,-13599.494999999999,-3977.5049999999997
-11234.789999999999,-11870.189999999999,-22998.195,-6709.094999999999,449.685,-30580.829999999998,-13623.119999999999,-3991.0499999999997
-11239.425,-11887.38,-23024.655,-6729.57,435.28499999999997,-30586.364999999998,-13634.595,-3999.105
-11245.5,-11900.295,-23035.14,-6751.665,418.455,-30587.355,-13616.505,-3997.62
-11247.345,-11885.22,-22998.78,-6736.365,431.23499999999996,-30572.28,-13584.195,-3992.49
-11241.675,-11847.015,-22958.684999999998,-6727.139999999999,437.49,-30575.295,-13609.305,-4004.37
-11221.605,-11832.705,-22956.795,-6688.98,466.515,-30586.094999999998,-13675.23,-4000.545
-11197.755,-11817.09,-22946.985,-6679.71,450.22499999999997,-30600.899999999998,-13681.08,-3983.1299999999997
-11239.605,-11861.505,-22987.215,-6729.389999999999,403.02,-30651.344999999998,-13679.279999999999,-4015.935
-11267.189999999999,-11897.595,-23018.04,-6750.495,401.175,-30651.795,-13628.699999999999,-4014.855
-11231.414999999999,-11867.039999999999,-23000.579999999998,-6740.054999999999,429.03,-30593.25,-13558.365,-3977.685
-11180.295,-11804.265,-22938.57,-6679.215,493.155,-30555.765,-13605.48,-3946.725
-11179.439999999999,-11800.619999999999,-22936.004999999997,-6688.304999999999,497.15999999999997,-30574.664999999997,-13688.685,-3966.5699999999997
-11254.365,-11879.234999999999,-23013.405,-6750.495,425.29499999999996,-30669.254999999997,-13626.09,-4014.54
-11266.38,-11907.09,-23036.535,-6749.1449999999995,371.52,-30700.079999999998,-13563.765,-3995.685
-11245.5,-11883.869999999999,-23001.614999999998,-6701.849999999999,434.205,-30556.485,-13535.82,-3982.365
-11229.39,-11870.189999999999,-22993.379999999997,-6701.49,473.445,-30483.539999999997,-13528.845,-3968.145
-11221.875,-11856.734999999999,-22990.59,-6706.889999999999,464.49,-30546.315,-13606.199999999999,-3965.94
-11230.425,-11861.189999999999,-22992.75,-6700.59,492.65999999999997,-30494.34,-13592.295,-3974.265
-11205.09,-11843.055,-22966.965,-6676.965,483.65999999999997,-30568.815,-13612.095,-3959.595
-11169.765,-11815.605,-22950.945,-6675.705,441.35999999999996,-30673.934999999998,-13662.539999999999,-3942.6299999999997
-11228.939999999999,-11884.095,-23006.879999999997,-6711.57,454.275,-30573.809999999998,-13606.92,-3972.285
-11267.414999999999,-11945.16,-23042.52,-6720.57,471.87,-30517.155,-13574.115,-4004.145
-11211.255,-11869.74,-22976.954999999998,-6675.66,488.43,-30534.93,-13614.885,-3981.69
-11250.18,-11848.994999999999,-22963.094999999998,-6698.79,480.87,-30477.69,-13666.68,-4030.605
-11329.83,-11939.22,-23063.895,-6789.014999999999,415.03499999999997,-30562.965,-13653.18,-4074.165
-11313.675,-11931.93,-23060.204999999998,-6768.585,441.81,-30548.43,-13610.07,-4043.6549999999997
-11243.385,-11838.96,-22955.219999999998,-6657.165,555.615,-30413.789999999997,-13542.029999999999,-4013.19
-11209.545,-11814.39,-22937.535,-6634.665,570.8249999999999,-30414.375,-13536.269999999999,-3994.9649999999997
-11239.965,-11870.505,-22999.14,-6705.764999999999,480.195,-30528.315,-13521.51,-3968.73
-11227.23,-11864.564999999999,-22997.34,-6713.37,458.90999999999997,-30580.965,-13565.295,-3938.085
-11257.74,-11898.539999999999,-23031.629999999997,-6743.61,438.705,-30584.789999999997,-13597.515,-3973.725
-11250.135,-11880.855,-23011.065,-6720.84,462.06,-30562.289999999997,-13621.59,-3991.14
-11247.975,-11859.164999999999,-22978.395,-6681.915,506.88,-30528.09,-13628.16,-4005.9449999999997
-11257.425,-11868.255,-22982.489999999998,-6680.655,514.53,-30510.09,-13598.82,-4009.185
-11246.31,-11873.654999999999,-22997.79,-6705.045,473.31,-30542.219999999998,-13562.189999999999,-3982.0049999999997
-11231.82,-11865.779999999999,-22998.239999999998,-6715.71,445.905,-30576.149999999998,-13574.654999999999,-3969.6749999999997
-11237.4,-11866.095,-22996.305,-6711.389999999999,458.865,-30568.14,-13599.63,-3987.315
-11237.31,-11872.484999999999,-23005.754999999997,-6723.719999999999,443.25,-30581.01,-13596.66,-3985.515
-11241.855,-11880.99,-23010.93,-6729.165,434.655,-30588.434999999998,-13594.545,-3990.285
-11237.895,-11873.34,-23000.805,-6716.295,454.995,-30578.039999999997,-13630.275,-3994.2
-11229.57,-11862.18,-22998.015,-6712.695,457.02,-30580.065,-13607.279999999999,-3987.18
-11233.98,-11860.74,-22995.899999999998,-6696.495,476.09999999999997,-30552.21,-13565.295,-3984.5699999999997
-11245.455,-11868.48,-23013.495,-6694.965,489.96,-30535.425,-13563.945,-3990.915
-11232.765,-11860.605,-23010.885,-6695.37,488.88,-30560.805,-13613.355,-3979.665
-11224.529999999999,-11864.295,-22994.46,-6718.905,441.63,-30602.385,-13621.41,-3965.265
-11221.695,-11860.064999999999,-22975.515,-6729.389999999999,429.75,-30594.735,-13589.505,-3963.915
-11226.195,-11861.01,-22992.84,-6739.38,424.62,-30623.489999999998,-13602.779999999999,-3977.2349999999997
-11218.545,-11859.21,-23003.37,-6766.965,378.315,-30714.164999999997,-13650.345,-3972.015
-11226.33,-11869.695,-23007.915,-6782.715,396.315,-30677.895,-13667.355,-3980.745
-11241.404999999999,-11894.13,-23039.864999999998,-6831.99,395.145,-30599.774999999998,-13630.41,-3988.89
-11238.21,-11882.564999999999,-23042.34,-6828.255,403.60499999999996,-30638.114999999998,-13635.494999999999,-3992.265
-11210.535,-11834.1,-22991.355,-6692.759999999999,522.63,-30570.39,-13617.18,-3973.815
-11193.705,-11804.939999999999,-22942.35,-6591.915,579.06,-30474.405,-13598.865,-3969.99
-11196.63,-11815.199999999999,-22923.899999999998,-6616.889999999999,506.88,-30530.969999999998,-13563.539999999999,-3962.0699999999997
-11221.605,-11856.24,-22966.695,-6705.045,462.645,-30584.925,-13567.859999999999,-3960.8999999999996
-11244.645,-11884.05,-23008.905,-6721.29,501.93,-30532.364999999998,-13568.984999999999,-3966.615
-11220.029999999999,-11853.81,-22982.219999999998,-6664.455,531.27,-30536.64,-13584.195,-3962.6549999999997
-11226.734999999999,-11847.734999999999,-22970.655,-6650.955,488.43,-30604.815,-13610.97,-3979.395
-11239.92,-11858.445,-22980.105,-6682.815,434.925,-30611.565,-13599.135,-3990.375
-11245.05,-11864.699999999999,-22982.489999999998,-6685.11,439.10999999999996,-30603.735,-13643.775,-4003.065
-11237.58,-11870.82,-22996.754999999997,-6702.974999999999,406.84499999999997,-30665.204999999998,-13723.425,-4007.79
-11244.555,-11882.115,-23013.18,-6710.3099999999995,435.78,-30595.59,-13607.64,-3993.615
-11241.855,-11869.965,-22989.465,-6690.24,463.77,-30560.67,-13537.664999999999,-3985.83
-11259.945,-11887.74,-23011.29,-6720.344999999999,429.34499999999997,-30578.265,-13601.43,-4008.015
-11184.029999999999,-11794.095,-22911.704999999998,-6621.21,540.09,-30490.785,-13655.07,-3968.64
-11150.1,-11778.164999999999,-22894.469999999998,-6597.495,586.62,-30420.27,-13580.685,-3934.44
-11202.029999999999,-11845.619999999999,-22974.48,-6683.4,507.78,-30501.36,-13535.55,-3949.6949999999997
-11288.609999999999,-11939.355,-23069.295,-6782.085,407.52,-30578.265,-13546.17,-3997.5299999999997
-11273.535,-11920.949999999999,-23048.055,-6767.594999999999,411.705,-30575.024999999998,-13577.13,-3997.2149999999997
-11260.484999999999,-11899.935,-23026.004999999997,-6745.905,409.22999999999996,-30603.375,-13610.519999999999,-3995.865
-11253.645,-11888.595,-23004.719999999998,-6704.73,451.08,-30589.739999999998,-13593.195,-3990.7799999999997
-11243.88,-11891.744999999999,-23014.71,-6710.67,463.455,-30576.239999999998,-13596.39,-3984.66
-11254.814999999999,-11876.895,-23006.34,-6707.565,485.055,-30527.145,-13585.68,-4000.365
-11264.895,-11878.515,-22999.274999999998,-6714.224999999999,463.905,-30546.765,-13573.125,-4007.97
-11247.93,-11881.8,-22999.725,-6711.615,452.655,-30572.64,-13605.93,-3993.39
-11229.39,-11854.98,-22971.87,-6689.745,461.92499999999995,-30567.465,-13621.365,-3981.42
-11229.615,-11838.734999999999,-22966.11,-6690.33,461.565,-30576.555,-13615.605,-3998.205
-11221.515,-11823.705,-22949.37,-6670.62,485.055,-30564.629999999997,-13635.404999999999,-4013.595
-11257.785,-11869.064999999999,-22994.415,-6708.195,462.69,-30574.305,-13650.84,-4037.3999999999996
-11280.015,-11907.18,-23031.135,-6738.57,448.965,-30543.93,-13534.289999999999,-4009.6349999999998
-11205.63,-11831.265,-22954.004999999997,-6659.415,522.855,-30490.605,-13545.539999999999,-3948.66
-11172.6,-11782.71,-22904.864999999998,-6618.014999999999,542.745,-30523.364999999998,-13615.92,-3946.815
-11219.625,-11846.925,-22966.379999999997,-6679.889999999999,485.23499999999996,-30590.19,-13655.564999999999,-3970.125
-11263.275,-11915.189999999999,-23033.79,-6744.554999999999,430.56,-30613.41,-13656.24,-4004.145
-11277.585,-11924.505,-23054.895,-6775.0199999999995,398.61,-30637.754999999997,-13646.295,-4004.73
-11249.505,-11884.859999999999,-23026.995,-6745.995,434.43,-30618.0,-13613.939999999999,-3982.3199999999997
-11224.439999999999,-11857.455,-22993.649999999998,-6706.3949999999995,463.32,-30576.914999999997,-13615.38,-3976.56
-11227.05,-11857.994999999999,-22991.04,-6707.429999999999,454.40999999999997,-30544.829999999998,-13589.055,-3978.45
-11229.164999999999,-11865.015,-23004.045,-6724.44,438.57,-30557.61,-13544.505,-3966.39
-11222.865,-11855.205,-22987.89,-6704.775,458.72999999999996,-30584.745,-13561.064999999999,-3968.46
-11221.92,-11855.88,-22981.5,-6694.38,465.97499999999997,-30613.59,-13607.369999999999,-3971.295
-11244.15,-11877.75,-23005.53,-6713.865,456.885,-30583.305,-13602.779999999999,-3987.99
-11244.914999999999,-11881.619999999999,-23019.21,-6722.054999999999,463.32,-30538.395,-13595.625,-3984.075
-11196.9,-11816.64,-22954.274999999998,-6677.099999999999,488.25,-30543.164999999997,-13611.42,-3959.5049999999997
-11176.38,-11788.605,-22925.969999999998,-6688.3949999999995,452.15999999999997,-30576.329999999998,-13593.465,-3956.4449999999997
-11226.015,-11870.865,-23008.815,-6775.695,377.19,-30647.204999999998,-13560.84,-3967.245
-11211.255,-11875.904999999999,-23013.36,-6744.285,426.645,-30603.555,-13606.515,-3957.795
-11170.215,-11813.58,-22966.965,-6662.745,493.91999999999996,-30554.37,-13572.135,-3932.865
-11212.244999999999,-11839.545,-22996.844999999998,-6699.0599999999995,469.935,-30563.28,-13604.355,-3971.295
-11275.289999999999,-11914.064999999999,-23061.329999999998,-6771.78,415.71,-30581.594999999998,-13670.414999999999,-4021.74
-11282.715,-11893.59,-22995.54,-6712.514999999999,462.195,-30584.745,-13655.699999999999,-4030.515
-11242.529999999999,-11872.17,-22981.545,-6677.235,496.84499999999997,-30567.42,-13560.21,-3980.565
-11247.615,-11880.18,-23016.285,-6733.259999999999,447.34499999999997,-30608.594999999998,-13578.84,-3987.315
-11277.045,-11911.14,-23063.489999999998,-6769.755,421.78499999999997,-30627.629999999997,-13611.555,-4018.6349999999998
-11271.914999999999,-11911.59,-23080.32,-6771.69,425.25,-30597.164999999997,-13611.33,-4021.3799999999997
-11212.875,-11835.539999999999,-22988.7,-6711.929999999999,453.73499999999996,-30583.485,-13624.965,-3980.7
-11221.605,-11845.17,-22986.54,-6721.245,441.81,-30626.55,-13632.48,-3980.205
-11242.439999999999,-11877.84,-22987.26,-6693.389999999999,446.715,-30624.344999999998,-13605.885,-3970.2149999999997
-11227.814999999999,-11855.789999999999,-22954.86,-6695.415,483.57,-30521.16,-13602.465,-3977.055
-11221.47,-11848.904999999999,-22957.2,-6729.255,482.13,-30510.36,-13638.105,-3989.6099999999997
-11245.994999999999,-11876.445,-23007.015,-6776.505,432.04499999999996,-30593.52,-13669.695,-4009.3199999999997
-11266.605,-11888.865,-23023.395,-6765.03,433.26,-30608.82,-13642.74,-4018.365
-11264.265,-11878.875,-23003.1,-6708.465,457.965,-30586.004999999997,-13629.555,-4027.3199999999997
-11246.22,-11857.545,-22972.184999999998,-6662.205,486.81,-30572.864999999998,-13629.779999999999,-4013.055
-11255.31,-11863.08,-22975.695,-6673.679999999999,499.5,-30541.905,-13587.164999999999,-4021.065
-11290.725,-11922.795,-23042.204999999998,-6733.035,450.495,-30537.989999999998,-13492.484999999999,-4018.14
-11226.96,-11877.21,-23000.805,-6691.95,456.435,-30538.35,-13523.039999999999,-3942.495
-11184.66,-11825.955,-22943.969999999998,-6634.8,513.9449999999999,-30526.965,-13601.88,-3922.02
-11228.85,-11868.48,-22981.725,-6675.48,495.0,-30549.735,-13648.904999999999,-3979.17
-11265.525,-11900.97,-23020.649999999998,-6719.58,459.71999999999997,-30562.245,-13660.875,-4014.495
-11246.535,-11857.904999999999,-22975.065,-6675.84,502.46999999999997,-30514.995,-13639.14,-4003.02
-11222.145,-11821.994999999999,-22935.69,-6638.445,532.71,-30506.579999999998,-13638.644999999999,-3992.58
-11212.83,-11828.385,-22951.62,-6670.755,475.695,-30562.875,-13576.275,-3969.54
-11240.73,-11883.06,-23021.37,-6749.325,397.215,-30621.239999999998,-13516.515,-3959.0099999999998
-11217.779999999999,-11864.115,-22996.844999999998,-6717.6449999999995,452.15999999999997,-30554.864999999998,-13534.605,-3936.7349999999997
-11198.564999999999,-11833.02,-22957.739999999998,-6680.655,483.885,-30530.655,-13561.605,-3943.665
-11186.01,-11809.26,-22940.82,-6664.545,488.34,-30557.295,-13590.675,-3947.265
-11212.83,-11831.49,-22956.57,-6673.32,480.87,-30560.085,-13570.83,-3970.2149999999997
-11229.345,-11860.38,-22988.835,-6697.3949999999995,480.10499999999996,-30518.64,-13510.664999999999,-3961.7999999999997
-11201.265,-11836.71,-22970.745,-6684.705,489.195,-30528.675,-13546.664999999999,-3943.4849999999997
-11262.689999999999,-11917.305,-23049.989999999998,-6758.55,420.79499999999996,-30589.065,-13615.785,-4001.7149999999997
-11292.39,-11947.859999999999,-23075.594999999998,-6778.08,403.46999999999997,-30610.8,-13629.15,-4022.2799999999997
-11262.914999999999,-11919.779999999999,-23025.78,-6720.57,454.54499999999996,-30575.024999999998,-13624.425,-4006.89
-11252.564999999999,-11896.785,-23002.605,-6705.719999999999,461.43,-30578.579999999998,-13626.675,-4000.545
-11240.91,-11841.93,-22971.96,-6703.469999999999,451.34999999999997,-30630.914999999997,-13641.119999999999,-3997.98
-11233.71,-11860.605,-22998.239999999998,-6729.84,422.01,-30668.579999999998,-13644.675,-3988.62
-11234.564999999999,-11871.404999999999,-23011.469999999998,-6735.42,416.385,-30619.62,-13647.105,-3986.73
-11229.39,-11852.865,-22983.3,-6712.965,440.19,-30585.645,-13652.955,-3981.645
-11219.445,-11841.255,-22970.34,-6688.62,480.24,-30568.004999999997,-13622.805,-3964.995
-11217.824999999999,-11832.029999999999,-22960.89,-6680.925,493.46999999999997,-30539.16,-13597.695,-3965.9849999999997
-11217.105,-11836.845,-22966.965,-6696.045,446.895,-30587.445,-13593.33,-3959.145
-11226.914999999999,-11853.99,-22984.829999999998,-6722.19,391.14,-30661.245,-13639.859999999999,-3980.745
-11251.215,-11877.255,-23021.594999999998,-6741.99,402.79499999999996,-30634.92,-13626.539999999999,-4002.5699999999997
-11257.92,-11882.564999999999,-23046.84,-6730.514999999999,484.335,-30536.28,-13561.019999999999,-3998.6549999999997
-11246.67,-11876.445,-23023.035,-6723.09,502.965,-30512.25,-13561.695,-3990.105
-11251.305,-11878.064999999999,-22990.905,-6744.195,454.815,-30565.934999999998,-13612.814999999999,-4000.3199999999997
-11237.715,-11863.664999999999,-22986.54,-6723.405,450.71999999999997,-30600.09,-13650.84,-3987.6299999999997
-11197.845,-11816.189999999999,-22951.26,-6660.179999999999,478.89,-30585.51,-13615.335,-3954.5099999999998
-11198.699999999999,-11815.335,-22938.66,-6661.71,476.72999999999996,-30571.245,-13614.119999999999,-3956.1749999999997
-11227.185,-11853.18,-22983.165,-6710.759999999999,464.085,-30572.64,-13616.144999999999,-3968.91
-11239.02,-11862.404999999999,-22996.665,-6730.29,458.41499999999996,-30529.574999999997,-13579.154999999999,-3987.765
-11242.619999999999,-11864.744999999999,-23001.344999999998,-6749.325,438.75,-30531.6,-13549.14,-3996.9449999999997
-11274.029999999999,-11892.689999999999,-23020.11,-6759.179999999999,424.97999999999996,-30568.364999999998,-13609.574999999999,-4030.245
-11243.97,-11872.529999999999,-23000.625,-6706.71,446.94,-30611.565,-13650.029999999999,-3987.54
-11240.82,-11871.135,-22996.125,-6683.04,487.395,-30574.8,-13587.48,-3973.815
-11239.289999999999,-11869.289999999999,-22994.64,-6684.57,488.745,-30573.899999999998,-13599.18,-3973.185
-11211.119999999999,-11841.84,-22971.375,-6689.655,508.635,-30513.78,-13576.095,-3953.16
-11179.664999999999,-11804.265,-22923.315,-6621.03,538.155,-30482.145,-13521.824999999999,-3921.12
-11179.664999999999,-11797.38,-22914.045,-6611.715,558.0,-30471.3,-13548.914999999999,-3934.305
-11245.05,-11872.439999999999,-22994.504999999997,-6699.554999999999,475.65,-30549.69,-13609.574999999999,-3992.49
-11279.744999999999,-11914.74,-23042.52,-6749.55,433.48499999999996,-30589.155,-13637.519999999999,-4019.265
-11282.67,-11917.98,-23047.605,-6756.344999999999,422.90999999999997,-30609.989999999998,-13645.619999999999,-4022.0099999999998
-11266.199999999999,-11902.68,-23032.934999999998,-6742.08,432.04499999999996,-30599.504999999997,-13613.535,-4008.42
-11257.109999999999,-11887.605,-23018.535,-6730.965,441.945,-30598.92,-13631.49,-4013.0099999999998
-11255.355,-11884.41,-23012.504999999997,-6729.929999999999,439.425,-30604.41,-13646.609999999999,-4009.095
-11223.404999999999,-11848.949999999999,-22974.39,-6688.9349999999995,479.47499999999997,-30564.225,-13602.33,-3976.2
-11208.195,-11819.25,-22940.64,-6653.745,520.785,-30514.004999999997,-13604.13,-3989.205
-11242.935,-11863.215,-22988.879999999997,-6702.57,474.525,-30557.475,-13654.619999999999,-4012.02
-11262.824999999999,-11902.14,-23032.44,-6745.139999999999,421.10999999999996,-30608.91,-13622.175,-3989.43
-11229.119999999999,-11871.314999999999,-23004.855,-6722.325,430.60499999999996,-30611.475,-13570.019999999999,-3952.2149999999997
-11232.855,-11874.645,-23012.64,-6735.87,412.515,-30645.765,-13595.445,-3968.955
-11236.005,-11872.26,-23004.405,-6726.6449999999995,434.60999999999996,-30620.789999999997,-13610.699999999999,-3980.835
-11240.369999999999,-11888.505,-23018.219999999998,-6731.009999999999,442.84499999999997,-30587.399999999998,-13619.07,-3991.995
-11261.34,-11911.275,-23041.844999999998,-6753.6449999999995,418.05,-30613.23,-13651.515,-4014.765
-11287.574999999999,-11915.505,-23034.015,-6746.49,424.935,-30624.03,-13663.619999999999,-4039.605
-11270.115,-11920.455,-23043.105,-6741.764999999999,447.615,-30580.199999999997,-13602.24,-4004.5049999999997
-11231.55,-11890.215,-23010.254999999997,-6714.63,466.74,-30554.414999999997,-13566.42,-3969.6299999999997
-11203.289999999999,-11851.605,-22964.715,-6684.795,478.935,-30561.39,-13563.855,-3944.475
-11203.92,-11850.75,-22979.16,-6699.78,467.90999999999997,-30589.515,-13588.695,-3953.7
-11213.64,-11834.865,-22972.454999999998,-6701.58,469.48499999999996,-30568.815,-13591.71,-3973.9049999999997
-11230.605,-11844.27,-22977.765,-6709.275,469.395,-30538.664999999997,-13577.85,-3980.295
-11241.494999999999,-11863.845,-23000.67,-6725.205,446.21999999999997,-30596.895,-13579.605,-3985.02
-11249.55,-11864.205,-23008.5,-6724.889999999999,422.64,-30648.375,-13580.505,-3998.16
-11255.939999999999,-11870.595,-23008.68,-6736.365,412.10999999999996,-30648.735,-13599.72,-4003.245
-11211.255,-11824.785,-22953.78,-6689.5199999999995,471.24,-30579.39,-13691.115,-3974.49
-11198.97,-11817.27,-22946.129999999997,-6672.87,488.385,-30537.765,-13697.279999999999,-3970.035
-11234.564999999999,-11863.035,-22997.024999999998,-6718.545,447.12,-30566.295,-13610.07,-3979.17
-11229.164999999999,-11860.154999999999,-22980.42,-6699.24,469.44,-30553.649999999998,-13565.88,-3964.68
-11215.98,-11848.095,-22966.515,-6665.535,520.875,-30475.035,-13559.894999999999,-3957.48
-11203.695,-11826.135,-22947.93,-6670.844999999999,484.56,-30529.215,-13594.769999999999,-3957.75
-11221.695,-11838.015,-22949.774999999998,-6690.42,457.695,-30590.46,-13627.35,-3983.1299999999997
-11228.039999999999,-11847.869999999999,-22963.77,-6709.815,447.34499999999997,-30582.405,-13580.955,-3990.1949999999997
-11248.695,-11880.765,-23019.165,-6742.844999999999,442.755,-30559.454999999998,-13539.779999999999,-3988.845
-11259.585,-11899.439999999999,-23045.715,-6760.44,445.40999999999997,-30537.09,-13592.43,-3991.5899999999997
-11250.765,-11879.955,-22994.055,-6717.014999999999,484.83,-30505.14,-13580.73,-3982.0499999999997
-11205.81,-11824.515,-22949.19,-6669.99,522.585,-30501.18,-13573.845,-3959.685
-11171.295,-11783.744999999999,-22925.565,-6636.465,547.1999999999999,-30467.43,-13579.83,-3952.62
-11233.664999999999,-11850.345,-22968.629999999997,-6691.094999999999,482.84999999999997,-30518.954999999998,-13599.9,-4008.5099999999998
-11262.555,-11882.97,-22968.629999999997,-6733.755,423.81,-30564.18,-13634.73,-4006.35
-11269.755,-11893.904999999999,-22996.934999999998,-6750.36,424.03499999999997,-30564.045,-13654.08,-4009.23
-11261.07,-11891.43,-23012.82,-6738.84,436.09499999999997,-30570.614999999998,-13606.154999999999,-3998.745
-11282.625,-11925.539999999999,-23052.195,-6773.759999999999,401.58,-30618.899999999998,-13600.305,-4005.72
-11279.115,-11917.484999999999,-23043.96,-6774.57,418.22999999999996,-30610.35,-13601.654999999999,-4007.8799999999997
-11254.635,-11884.814999999999,-23017.14,-6722.505,488.565,-30562.515,-13599.63,-3997.08
-11241.72,-11860.425,-22978.665,-6664.094999999999,515.835,-30558.42,-13621.769999999999,-4003.6949999999997
-11221.695,-11839.23,-22946.76,-6650.955,522.9449999999999,-30544.11,-13584.42,-3988.35
-11222.91,-11853.314999999999,-22973.985,-6687.405,489.645,-30562.605,-13575.869999999999,-3979.935
-11258.82,-11902.32,-23037.254999999997,-6748.245,441.18,-30611.879999999997,-13652.82,-3995.865
-11278.755,-11919.779999999999,-23053.004999999997,-6773.8949999999995,412.83,-30621.824999999997,-13623.21,-4006.125
-11228.984999999999,-11860.515,-22990.725,-6736.005,427.995,-30589.065,-13560.57,-3967.4249999999997
-11210.355,-11842.74,-22975.92,-6727.59,438.885,-30602.43,-13576.814999999999,-3949.2
-11217.734999999999,-11846.835,-22979.114999999998,-6711.66,468.81,-30580.785,-13624.83,-3960.585
-11232.675,-11857.59,-22981.905,-6669.045,492.97499999999997,-30562.199999999997,-13615.38,-3978.0899999999997
-11230.064999999999,-11857.275,-22979.114999999998,-6653.79,479.29499999999996,-30582.045,-13629.015,-3983.94
-11226.689999999999,-11861.369999999999,-22991.715,-6678.36,440.72999999999996,-30606.12,-13644.314999999999,-3985.6949999999997
-11224.439999999999,-11853.045,-22983.39,-6691.7699999999995,461.385,-30589.02,-13615.199999999999,-3974.4449999999997
-11235.015,-11873.34,-23000.355,-6739.965,445.185,-30620.835,-13584.105,-3966.5699999999997
-11193.48,-11839.32,-22972.454999999998,-6697.8,441.45,-30685.905,-13677.57,-3949.02
-11211.345,-11850.164999999999,-22984.2,-6711.21,430.60499999999996,-30662.19,-13667.039999999999,-3963.24
-11248.605,-11884.59,-23005.53,-6723.63,446.895,-30583.664999999997,-13583.699999999999,-3989.8799999999997
-11259.585,-11893.545,-23006.07,-6720.4349999999995,469.48499999999996,-30557.114999999998,-13594.365,-4011.39
-11241.18,-11867.76,-22998.42,-6719.67,461.96999999999997,-30590.145,-13631.58,-3997.7549999999997
-11248.289999999999,-11867.58,-23010.48,-6732.179999999999,438.3,-30588.57,-13605.164999999999,-3988.89
-11241.09,-11879.505,-23015.295,-6744.375,420.16499999999996,-30592.664999999997,-13575.869999999999,-3971.52
-11250.945,-11901.195,-23033.34,-6740.415,451.03499999999997,-30543.795,-13619.789999999999,-3992.4449999999997
-11272.005,-11912.13,-23042.655,-6753.014999999999,429.39,-30619.305,-13649.13,-4016.0699999999997
-11245.005,-11876.85,-23003.145,-6716.565,466.28999999999996,-30563.324999999997,-13554.945,-3974.355
-11238.029999999999,-11875.59,-22991.985,-6695.73,499.815,-30506.895,-13540.005,-3969.855
-11254.14,-11904.66,-23025.825,-6719.04,482.66999999999996,-30507.434999999998,-13545.314999999999,-3983.94
-11251.755,-11866.77,-23009.219999999998,-6724.844999999999,457.2,-30553.515,-13570.199999999999,-3992.31
-11213.01,-11820.42,-22957.92,-6676.2,484.695,-30557.295,-13568.265,-3963.1499999999996
-11185.74,-11808.9,-22935.645,-6654.69,494.09999999999997,-30558.51,-13572.765,-3941.145
-11218.545,-11857.5,-22977.405,-6696.45,469.755,-30576.78,-13630.14,-3973.14
-11263.77,-11895.345,-23033.114999999998,-6755.759999999999,416.52,-30634.11,-13670.1,-4017.015
-11265.57,-11887.199999999999,-23021.145,-6732.855,446.445,-30586.545,-13638.555,-4016.295
-11234.654999999999,-11852.145,-22996.215,-6689.384999999999,499.14,-30532.364999999998,-13564.98,-3987.855
-11241.404999999999,-11866.14,-23019.93,-6717.15,459.81,-30572.504999999997,-13556.115,-3996.315
-11287.664999999999,-11922.705,-23051.745,-6776.009999999999,395.28,-30628.26,-13614.75,-4018.23
-11249.775,-11878.695,-22993.605,-6722.865,448.335,-30599.954999999998,-13657.23,-3988.305
-11223.314999999999,-11844.404999999999,-22970.114999999998,-6690.825,468.81,-30621.059999999998,-13672.755,-3975.345
-11242.98,-11862.72,-22987.844999999998,-6709.995,443.96999999999997,-30623.265,-13651.154999999999,-3997.665
-11262.779999999999,-11891.654999999999,-23030.415,-6743.88,420.885,-30599.91,-13603.41,-4013.64
-11240.64,-11861.189999999999,-23018.805,-6743.5199999999995,428.445,-30622.815,-13662.675,-4021.065
-11233.71,-11849.22,-23001.48,-6756.66,451.97999999999996,-30611.969999999998,-13725.045,-4022.145
-11302.109999999999,-11920.725,-23035.68,-6811.2,405.405,-30621.465,-13638.914999999999,-4049.595
-11260.755,-11890.664999999999,-23004.36,-6731.1449999999995,473.03999999999996,-30559.995,-13551.21,-3976.47
-11204.73,-11835.494999999999,-22953.465,-6637.094999999999,566.505,-30501.719999999998,-13573.529999999999,-3933.4049999999997
-11219.13,-11862.09,-22994.37,-6679.215,499.635,-30532.14,-13580.685,-3953.79
-11238.345,-11880.404999999999,-23019.614999999998,-6715.53,441.135,-30590.145,-13606.74,-3980.475
-11231.055,-11860.605,-22983.93,-6686.009999999999,468.35999999999996,-30580.065,-13602.689999999999,-3982.365
-11245.14,-11873.205,-22992.57,-6708.6449999999995,455.4,-30590.145,-13629.689999999999,-3996.495
-11249.189999999999,-11877.66,-23005.305,-6716.79,466.38,-30573.809999999998,-13619.43,-3994.74
-11257.965,-11886.75,-23012.954999999998,-6729.57,479.07,-30558.824999999997,-13601.025,-3994.065
-11239.38,-11863.98,-22990.454999999998,-6731.865,484.38,-30563.37,-13611.195,-3981.7799999999997
-11227.005,-11855.205,-22982.489999999998,-6711.615,451.395,-30604.05,-13631.715,-3972.105
-11235.779999999999,-11867.13,-22993.785,-6699.96,436.995,-30602.835,-13634.595,-3980.745
-11242.17,-11880.675,-23013.855,-6727.995,442.935,-30583.485,-13589.324999999999,-3979.44
-11255.895,-11887.335,-23014.215,-6722.099999999999,453.10499999999996,-30580.515,-13567.365,-3996.99
-11228.984999999999,-11861.145,-22982.895,-6687.134999999999,488.655,-30564.135,-13581.765,-3974.22
-11218.32,-11859.795,-22984.245,-6689.115,488.43,-30573.855,-13596.705,-3957.705
-11216.07,-11846.564999999999,-22981.004999999997,-6706.3949999999995,475.02,-30577.815,-13597.695,-3955.5
-11223.765,-11842.47,-22983.254999999997,-6708.42,460.53,-30598.155,-13642.425,-3985.92
-11262.779999999999,-11892.33,-23020.469999999998,-6731.82,434.29499999999996,-30608.82,-13632.615,-4015.395
-11254.32,-11901.24,-23024.7,-6732.45,439.245,-30619.934999999998,-13589.865,-3993.5699999999997
-11229.84,-11869.154999999999,-22997.655,-6708.509999999999,459.85499999999996,-30615.885,-13556.025,-3965.9849999999997
-11238.705,-11860.064999999999,-22999.95,-6723.945,444.41999999999996,-30571.02,-13572.09,-3979.89
-11206.529999999999,-11825.324999999999,-22962.329999999998,-6689.115,467.23499999999996,-30553.605,-13589.91,-3957.345
-11132.414999999999,-11741.58,-22878.135,-6606.36,532.53,-30548.925,-13575.689999999999,-3906.72
-11191.095,-11814.164999999999,-22943.16,-6658.605,501.21,-30562.965,-13569.525,-3951.54
-11321.91,-11974.77,-23107.004999999997,-6809.67,378.495,-30648.555,-13624.244999999999,-4038.435
-11304.99,-11939.13,-23077.754999999997,-6790.455,379.26,-30673.395,-13653.09,-4036.14
-11278.215,-11906.01,-23040.45,-6745.86,420.97499999999997,-30625.065,-13638.555,-4021.1549999999997
-11244.96,-11880.765,-23016.78,-6713.28,440.23499999999996,-30600.09,-13614.885,-3987.45
-11230.74,-11848.77,-22989.51,-6707.565,421.60499999999996,-30631.23,-13634.595,-3997.125
-11217.285,-11825.324999999999,-22962.87,-6725.969999999999,424.305,-30667.77,-13682.88,-3997.305
-11234.34,-11853.404999999999,-22984.92,-6722.325,426.465,-30656.16,-13699.215,-3997.035
-11275.56,-11912.13,-23043.149999999998,-6755.67,436.54499999999996,-30572.594999999998,-13641.255,-4015.08
-11243.97,-11886.21,-23021.594999999998,-6735.509999999999,438.47999999999996,-30604.23,-13621.814999999999,-3989.295
-11216.925,-11842.74,-22965.254999999997,-6700.59,458.505,-30612.87,-13643.324999999999,-3971.43
-11211.57,-11838.869999999999,-22956.48,-6679.304999999999,505.97999999999996,-30539.114999999998,-13614.84,-3967.245
-11249.91,-11885.445,-23017.68,-6725.79,471.465,-30558.645,-13597.335,-3977.325
-11296.619999999999,-11942.865,-23068.575,-6775.155,425.565,-30586.815,-13591.8,-4001.7149999999997
-11262.24,-11902.68,-23035.77,-6743.295,454.68,-30566.07,-13572.9,-3985.3799999999997
-11241.359999999999,-11877.885,-23002.245,-6709.679999999999,487.305,-30541.725,-13577.805,-3976.515
-11239.38,-11887.38,-23005.665,-6703.38,492.97499999999997,-30526.649999999998,-13571.775,-3973.0499999999997
-11242.619999999999,-11863.98,-22992.704999999998,-6700.23,493.83,-30530.969999999998,-13594.455,-3989.0699999999997
-11215.845,-11818.755,-22945.14,-6643.62,554.355,-30501.809999999998,-13648.455,-4012.605
-11217.195,-11797.695,-22926.96,-6617.295,575.37,-30498.704999999998,-13693.095,-4042.665
-11284.515,-11897.595,-23039.55,-6739.92,442.48499999999996,-30607.829999999998,-13668.164999999999,-4050.225
-11283.795,-11954.564999999999,-23096.61,-6799.1849999999995,393.93,-30628.44,-13555.394999999999,-3971.745
-11247.84,-11919.42,-23055.75,-6750.719999999999,459.135,-30566.385,-13557.555,-3956.895
-11245.095,-11891.43,-23025.015,-6723.99,469.62,-30576.059999999998,-13583.115,-3971.565
-11255.535,-11887.47,-23030.325,-6720.66,481.68,-30566.34,-13595.76,-3985.605
-11269.215,-11887.92,-23013.27,-6708.15,499.32,-30534.93,-13590.539999999999,-4006.395
-11233.619999999999,-11854.71,-22975.605,-6683.535,510.97499999999997,-30520.574999999997,-13570.965,-3983.31
-11174.715,-11796.93,-22956.75,-6646.815,531.405,-30542.489999999998,-13603.68,-3940.1099999999997
-11221.875,-11855.744999999999,-23049.315,-6705.719999999999,484.10999999999996,-30572.19,-13624.74,-3980.835
-11298.689999999999,-11951.279999999999,-23118.48,-6794.415,395.46,-30632.579999999998,-13602.555,-4018.0499999999997
-11265.345,-11917.08,-23034.6,-6763.32,408.33,-30630.87,-13600.755,-3990.1499999999996
-11247.345,-11897.73,-23021.954999999998,-6738.974999999999,442.26,-30603.914999999997,-13622.85,-3979.89
-11248.92,-11889.945,-23010.165,-6716.88,469.97999999999996,-30579.344999999998,-13609.619999999999,-3989.0699999999997
-11227.545,-11841.84,-22967.82,-6684.929999999999,487.16999999999996,-30568.68,-13588.515,-3981.33
-11226.869999999999,-11866.455,-22996.215,-6711.344999999999,452.52,-30602.879999999997,-13607.505,-3973.68
-11246.265,-11909.07,-23023.17,-6737.67,434.835,-30619.664999999997,-13643.505,-3987.54
-11246.085,-11884.185,-23007.87,-6734.025,444.015,-30607.965,-13647.51,-3997.2599999999998
-11250.81,-11883.869999999999,-23022.27,-6740.73,438.435,-30605.039999999997,-13623.255,-3998.745
-11234.88,-11881.664999999999,-23039.594999999998,-6732.63,453.195,-30583.395,-13576.59,-3978.18
-11205.63,-11842.335,-22996.53,-6689.61,491.35499999999996,-30558.69,-13585.769999999999,-3954.7799999999997
-11197.035,-11811.24,-22941.45,-6664.5,504.495,-30561.074999999997,-13635.09,-3954.87
-11245.725,-11872.574999999999,-23003.594999999998,-6722.054999999999,452.385,-30601.89,-13642.064999999999,-3995.955
-11268.539999999999,-11904.39,-23046.795,-6756.705,427.5,-30617.82,-13633.064999999999,-4008.24
-11251.125,-11871.0,-23004.27,-6718.139999999999,462.06,-30591.945,-13617.945,-3992.85
-11235.555,-11866.23,-22993.245,-6701.49,476.64,-30580.829999999998,-13619.519999999999,-3986.5049999999997
-11211.119999999999,-11837.744999999999,-22970.114999999998,-6678.54,493.91999999999996,-30570.75,-13633.199999999999,-3986.64
-11232.27,-11858.625,-22984.379999999997,-6689.295,484.155,-30566.925,-13619.43,-4006.125
-11274.39,-11933.955,-23070.015,-6771.465,406.395,-30620.204999999998,-13605.795,-4001.265
-11263.814999999999,-11901.195,-23037.434999999998,-6756.165,414.53999999999996,-30628.754999999997,-13595.715,-3985.47
-11236.095,-11830.949999999999,-22968.855,-6684.48,484.155,-30588.524999999998,-13615.65,-4011.2549999999997
-11241.9,-11833.965,-22973.129999999997,-6687.99,473.445,-30604.5,-13656.6,-4034.3849999999998
-11205.09,-11795.265,-22942.305,-6671.295,459.585,-30678.344999999998,-13726.755,-4009.725
-11225.97,-11812.005,-22937.67,-6665.804999999999,472.005,-30657.149999999998,-13718.43,-4026.015
-11322.18,-11949.074999999999,-23080.32,-6786.719999999999,398.52,-30634.649999999998,-13651.064999999999,-4051.35
-11324.88,-11980.35,-23122.8,-6830.235,365.66999999999996,-30684.87,-13622.805,-4007.3849999999998
-11245.455,-11912.265,-23055.795,-6761.205,429.57,-30612.6,-13586.715,-3939.0299999999997
-11210.175,-11845.935,-22977.315,-6678.2699999999995,524.115,-30471.93,-13568.85,-3943.08
-11208.015,-11824.965,-22959.18,-6664.139999999999,540.135,-30478.545,-13562.279999999999,-3952.305
-11228.805,-11857.77,-22986.045,-6680.34,525.105,-30501.629999999997,-13568.85,-3976.56
-11247.119999999999,-11875.859999999999,-23016.42,-6722.099999999999,473.895,-30549.555,-13616.865,-3998.295
-11252.115,-11866.5,-23003.1,-6743.474999999999,437.58,-30604.545,-13676.13,-3997.125
-11273.355,-11905.605,-23046.12,-6779.969999999999,428.21999999999997,-30590.504999999997,-13625.055,-4001.265
-11256.39,-11884.949999999999,-23023.44,-6752.025,455.94,-30576.78,-13615.695,-3996.765
-11271.33,-11890.89,-23025.015,-6717.825,521.9549999999999,-30566.835,-13672.845,-4026.285
-11247.48,-11857.185,-22994.73,-6676.38,570.3299999999999,-30556.754999999997,-13708.08,-4020.2549999999997
-11244.195,-11865.015,-23001.93,-6712.695,532.035,-30541.32,-13629.555,-3996.3599999999997
-11259.72,-11904.255,-23036.489999999998,-6753.69,419.76,-30582.09,-13548.555,-3977.145
-11258.73,-11907.539999999999,-23046.48,-6750.9,412.335,-30570.254999999997,-13576.59,-3980.745
-11236.32,-11874.42,-23048.1,-6749.82,433.48499999999996,-30572.55,-13554.675,-3969.72
-11245.59,-11880.72,-23053.5,-6754.455,433.53,-30581.864999999998,-13533.57,-3981.015
-11214.27,-11844.09,-22984.649999999998,-6680.565,498.195,-30561.57,-13566.555,-3962.52
-11198.925,-11821.904999999999,-22938.48,-6650.639999999999,503.64,-30587.67,-13664.115,-3953.25
-11265.615,-11894.625,-23018.715,-6712.425,461.025,-30619.754999999997,-13652.505,-3997.08
-11273.49,-11905.875,-23040.18,-6704.505,487.03499999999997,-30577.32,-13621.32,-4001.1299999999997
-11251.305,-11899.664999999999,-23046.075,-6718.7699999999995,470.07,-30582.855,-13607.055,-3982.77
-11239.695,-11888.055,-23040.719999999998,-6744.33,422.72999999999996,-30642.254999999997,-13613.894999999999,-3970.7549999999997
-11244.779999999999,-11873.43,-23014.035,-6752.295,420.435,-30654.539999999997,-13624.605,-3979.125
-11251.305,-11882.115,-23013.315,-6737.985,437.53499999999997,-30625.289999999997,-13631.265,-3990.7349999999997
-11243.789999999999,-11876.939999999999,-23005.44,-6722.73,458.72999999999996,-30586.004999999997,-13636.619999999999,-3994.02
-11242.845,-11888.055,-23022.54,-6727.005,463.72499999999997,-30585.69,-13632.39,-3991.365
-11246.535,-11871.72,-23019.75,-6732.36,440.055,-30652.785,-13644.18,-3990.4649999999997
-11244.195,-11858.039999999999,-22994.73,-6703.245,440.955,-30657.555,-13628.115,-3988.2149999999997
-11245.23,-11862.314999999999,-22984.02,-6687.405,486.71999999999997,-30568.14,-13616.55,-3990.915
-11236.41,-11860.38,-22982.085,-6687.405,504.315,-30573.045,-13612.904999999999,-3979.44
-11236.68,-11888.595,-23015.745,-6711.615,476.09999999999997,-30589.335,-13596.975,-3969.6299999999997
-11243.34,-11897.279999999999,-23035.364999999998,-6719.759999999999,469.395,-30592.395,-13602.914999999999,-3978.855
-11248.65,-11870.279999999999,-23021.37,-6731.865,455.98499999999996,-30615.524999999998,-13626.539999999999,-4002.795
-11249.775,-11867.715,-23020.02,-6740.73,447.03,-30577.905,-13617.18,-4004.145
-11239.56,-11873.609999999999,-23019.614999999998,-6733.17,450.35999999999996,-30564.0,-13649.67,-3984.48
-11211.345,-11835.314999999999,-22976.91,-6697.44,467.685,-30584.43,-13642.38,-3963.69
-11205.855,-11820.42,-22957.29,-6683.445,467.82,-30613.635,-13625.324999999999,-3962.8799999999997
-11215.35,-11853.99,-22988.295,-6699.78,481.455,-30596.039999999997,-13606.199999999999,-3959.685
-11224.529999999999,-11849.265,-22991.94,-6717.33,480.195,-30564.945,-13621.769999999999,-3973.095
-11282.445,-11896.244999999999,-23036.309999999998,-6773.849999999999,411.21,-30656.34,-13693.814999999999,-4033.89
-11265.885,-11887.605,-23023.98,-6741.179999999999,445.635,-30638.789999999997,-13694.4,-4023.99
-11234.52,-11880.765,-23017.23,-6702.12,489.59999999999997,-30591.855,-13569.615,-3963.24
-11211.164999999999,-11857.095,-22999.95,-6697.62,476.41499999999996,-30596.265,-13551.795,-3943.575
-11216.88,-11837.97,-22969.215,-6673.7699999999995,497.60999999999996,-30575.879999999997,-13630.994999999999,-3981.6
-11269.529999999999,-11894.805,-23025.915,-6721.92,469.395,-30598.965,-13693.095,-4040.2799999999997
-11311.38,-11937.42,-23076.225,-6778.125,422.955,-30620.07,-13653.269999999999,-4050.6299999999997
-11264.715,-11884.904999999999,-23018.175,-6725.16,477.71999999999997,-30547.17,-13545.18,-3989.6549999999997
-11204.91,-11830.59,-22962.915,-6673.32,508.815,-30550.004999999997,-13585.275,-3942.54
-11208.42,-11833.244999999999,-22967.954999999998,-6676.74,499.85999999999996,-30574.035,-13596.39,-3949.56
-11222.55,-11853.494999999999,-22985.954999999998,-6692.759999999999,495.765,-30562.965,-13575.555,-3958.335
-11266.56,-11901.33,-23034.015,-6735.014999999999,476.28,-30586.995,-13619.16,-4001.94
-11265.48,-11880.945,-23019.344999999998,-6735.375,490.005,-30586.995,-13644.135,-4017.1499999999996
-11265.345,-11885.355,-23032.125,-6763.005,458.505,-30617.37,-13673.43,-4024.035
-11288.97,-11918.654999999999,-23060.969999999998,-6783.255,441.63,-30613.949999999997,-13634.234999999999,-4035.33
-11268.72,-11896.199999999999,-23029.829999999998,-6732.36,482.66999999999996,-30570.704999999998,-13595.58,-3998.3399999999997
-11218.005,-11837.25,-22962.375,-6655.365,514.35,-30536.19,-13567.904999999999,-3961.08
-11201.805,-11835.765,-22950.765,-6640.38,508.72499999999997,-30546.989999999998,-13583.699999999999,-3954.33
-11250.855,-11922.93,-23035.86,-6714.36,462.51,-30598.649999999998,-13648.23,-3998.3399999999997
-11279.52,-11927.205,-23073.614999999998,-6775.29,404.325,-30626.19,-13630.814999999999,-4012.245
-11265.119999999999,-11872.529999999999,-22999.725,-6727.679999999999,439.74,-30603.555,-13607.369999999999,-4002.2549999999997
-11248.154999999999,-11895.029999999999,-23036.535,-6750.585,426.645,-30622.14,-13602.24,-3978.99
-11236.545,-11854.755,-23003.64,-6744.825,416.655,-30667.004999999997,-13680.045,-3983.1299999999997
-11245.5,-11868.975,-23014.35,-6745.995,425.07,-30670.469999999998,-13644.945,-3980.79
-11256.57,-11894.31,-23030.28,-6731.73,464.84999999999997,-30584.16,-13589.369999999999,-3987.6299999999997
-11233.305,-11875.77,-23007.195,-6698.07,471.87,-30564.719999999998,-13596.885,-3977.19
-11208.42,-11834.279999999999,-22966.245,-6666.84,500.4,-30559.364999999998,-13636.935,-3970.35
-11202.705,-11814.75,-22955.085,-6671.429999999999,498.51,-30564.315,-13635.225,-3970.395
-11226.6,-11850.029999999999,-22996.125,-6712.514999999999,475.46999999999997,-30596.129999999997,-13595.984999999999,-3966.48
-11234.97,-11857.859999999999,-22996.62,-6713.19,483.885,-30581.864999999998,-13586.58,-3971.8799999999997
-11243.564999999999,-11872.26,-23008.905,-6716.16,465.93,-30593.789999999997,-13602.015,-3982.68
-11251.08,-11886.345,-23024.295,-6739.469999999999,417.41999999999996,-30634.829999999998,-13618.98,-3985.3799999999997
-11238.525,-11879.73,-23039.594999999998,-6745.139999999999,404.59499999999997,-30656.25,-13630.859999999999,-3980.8799999999997
-11240.055,-11873.744999999999,-23045.895,-6755.04,381.06,-30685.995,-13643.82,-3987.72
-11228.625,-11854.35,-23008.364999999998,-6752.7,375.12,-30704.085,-13660.38,-3977.685
-11226.465,-11849.939999999999,-22984.829999999998,-6730.92,424.71,-30645.585,-13650.345,-3980.0699999999997
-11259.045,-11888.189999999999,-23029.695,-6744.15,435.59999999999997,-30612.87,-13638.015,-4008.645
-11265.75,-11893.005,-23041.98,-6720.4349999999995,477.35999999999996,-30543.21,-13648.904999999999,-4014.9449999999997
-11264.805,-11887.154999999999,-23018.175,-6703.83,510.29999999999995,-30476.52,-13601.564999999999,-4014.18
-11249.369999999999,-11868.57,-22968.945,-6712.0199999999995,452.29499999999996,-30568.905,-13580.73,-3996.6299999999997
-11238.119999999999,-11863.26,-22971.87,-6723.945,411.21,-30662.28,-13590.675,-3974.265
-11230.064999999999,-11856.779999999999,-22972.995,-6717.195,418.635,-30661.829999999998,-13672.035,-3981.555
-11228.445,-11861.055,-22988.024999999998,-6714.09,442.08,-30619.485,-13630.23,-3974.265
-11231.279999999999,-11858.805,-22992.704999999998,-6701.13,485.90999999999997,-30552.93,-13590.99,-3973.095
-11240.189999999999,-11873.115,-23000.175,-6702.389999999999,488.655,-30539.745,-13592.25,-3992.04
-11203.154999999999,-11814.119999999999,-22930.605,-6655.23,512.37,-30507.93,-13572.045,-3982.095
-11130.164999999999,-11733.615,-22852.26,-6584.759999999999,560.79,-30524.085,-13532.894999999999,-3914.1
-11149.695,-11754.27,-22900.59,-6615.99,550.0799999999999,-30550.545,-13634.234999999999,-3923.1
-11252.295,-11882.205,-23033.024999999998,-6741.315,442.03499999999997,-30608.37,-13679.1,-4001.58
-11310.39,-11978.1,-23103.809999999998,-6801.21,383.805,-30661.965,-13655.654999999999,-4029.39
-11284.02,-11924.414999999999,-23052.42,-6751.349999999999,450.85499999999996,-30588.21,-13635.09,-4013.2799999999997
-11256.525,-11887.02,-23015.925,-6728.445,450.85499999999996,-30603.149999999998,-13634.055,-3993.435
-11225.16,-11850.255,-22979.204999999998,-6666.12,547.0649999999999,-30506.309999999998,-13602.33,-3981.6
-11227.814999999999,-11824.154999999999,-22956.84,-6634.215,616.23,-30413.024999999998,-13576.32,-3999.645
-11266.785,-11860.965,-22987.62,-6680.88,543.915,-30509.954999999998,-13658.039999999999,-4025.3849999999998
-11307.42,-11945.025,-23080.815,-6785.955,409.85999999999996,-30632.67,-13637.564999999999,-4015.17
-11288.07,-11918.88,-23053.32,-6759.134999999999,432.71999999999997,-30605.355,-13582.305,-4008.015
-11256.345,-11872.17,-23000.04,-6707.34,478.44,-30584.835,-13611.6,-4017.69
-11260.035,-11875.545,-23017.004999999997,-6733.665,435.465,-30637.53,-13646.115,-4011.12
-11250.765,-11864.115,-23002.605,-6728.94,441.04499999999996,-30629.295,-13653.494999999999,-4000.5899999999997
-11274.345,-11904.885,-23038.245,-6748.65,442.395,-30595.14,-13607.144999999999,-4007.25
-11242.574999999999,-11873.205,-23006.114999999998,-6712.514999999999,476.28,-30560.895,-13534.064999999999,-3967.605
-11205.675,-11837.07,-22977.855,-6696.99,477.135,-30586.995,-13501.26,-3919.995
-11216.564999999999,-11852.145,-22997.07,-6713.505,465.12,-30619.35,-13614.75,-3945.7349999999997
-11202.93,-11822.49,-22970.25,-6677.594999999999,510.885,-30547.62,-13586.49,-3948.5699999999997
-11194.83,-11800.17,-22944.42,-6649.605,526.77,-30537.629999999997,-13572.765,-3962.115
-11269.664999999999,-11890.619999999999,-23037.84,-6745.23,432.765,-30623.489999999998,-13618.755,-4016.79
-11299.545,-11940.255,-23091.84,-6792.929999999999,391.455,-30662.73,-13665.15,-4014.4049999999997
-11248.515,-11888.865,-23031.27,-6737.04,440.01,-30625.695,-13628.835,-3962.835
-11202.164999999999,-11831.355,-22970.475,-6686.594999999999,496.755,-30574.305,-13591.17,-3951.045
-11215.98,-11837.52,-22972.454999999998,-6691.005,500.66999999999996,-30567.645,-13619.43,-3973.14
-11262.96,-11893.455,-23032.26,-6760.44,433.935,-30611.204999999998,-13649.355,-3998.565
-11273.175,-11898.855,-23032.89,-6779.429999999999,408.59999999999997,-30646.44,-13671.855,-4011.39
-11280.869999999999,-11899.439999999999,-23038.605,-6765.4349999999995,420.21,-30669.66,-13700.519999999999,-4037.625
-11263.32,-11887.695,-23033.385,-6754.005,417.73499999999996,-30628.44,-13617.09,-4001.265
-11258.865,-11895.795,-23041.485,-6749.91,437.53499999999997,-30619.844999999998,-13569.345,-3979.17
-11256.029999999999,-11898.27,-23075.91,-6744.87,443.52,-30659.625,-13632.119999999999,-3993.21
-11253.285,-11900.744999999999,-23118.12,-6757.74,411.525,-30642.164999999997,-13628.88,-3995.865
-11244.375,-11898.494999999999,-23086.62,-6774.795,449.90999999999997,-30617.774999999998,-13621.814999999999,-3979.2149999999997
-11249.414999999999,-11883.914999999999,-23011.245,-6775.155,455.895,-30588.39,-13626.81,-3981.015
-11243.609999999999,-11875.23,-23014.35,-6744.0599999999995,489.375,-30602.114999999998,-13622.13,-3975.12
-11233.305,-11856.555,-22997.024999999998,-6690.33,488.92499999999995,-30625.605,-13649.22,-3981.24
-11226.195,-11847.914999999999,-22989.69,-6709.365,477.63,-30594.42,-13634.144999999999,-3977.19
-11212.92,-11828.115,-22960.53,-6669.405,504.495,-30595.77,-13634.369999999999,-3970.305
-11213.189999999999,-11827.98,-22953.195,-6658.29,462.24,-30613.545,-13605.21,-3958.29
-11226.689999999999,-11873.34,-22998.6,-6709.32,390.41999999999996,-30639.6,-13607.144999999999,-3959.64
-11246.805,-11908.755,-23028.48,-6728.759999999999,414.405,-30635.594999999998,-13635.945,-3981.96
-11244.015,-11848.005,-22985.19,-6714.9,442.935,-30658.59,-13682.519999999999,-3997.5299999999997
-11232.539999999999,-11832.119999999999,-22977.629999999997,-6695.009999999999,459.81,-30637.079999999998,-13685.355,-3986.7749999999996
-11235.285,-11850.885,-22985.73,-6689.07,481.905,-30578.715,-13627.17,-3978.045
-11243.43,-11863.305,-22998.105,-6708.554999999999,439.60499999999996,-30619.44,-13603.005,-3979.035
-11242.395,-11869.289999999999,-23011.695,-6730.0199999999995,400.85999999999996,-30673.98,-13642.74,-3982.77
-11246.265,-11871.09,-23010.795,-6722.865,448.065,-30595.5,-13622.58,-3988.2599999999998
-11266.47,-11896.47,-23031.495,-6728.355,486.45,-30525.57,-13575.689999999999,-4002.21
-11270.654999999999,-11892.24,-23025.105,-6720.344999999999,488.7,-30524.94,-13554.18,-4007.835
-11246.535,-11868.255,-22998.96,-6703.2,486.81,-30553.605,-13606.38,-3987.045
-11233.215,-11860.154999999999,-22993.785,-6687.945,509.085,-30546.989999999998,-13651.965,-3985.6949999999997
-11258.189999999999,-11883.015,-23013.09,-6705.585,495.495,-30561.39,-13676.67,-4008.015
-11260.484999999999,-11883.105,-23016.329999999998,-6716.969999999999,470.655,-30585.329999999998,-13627.98,-4001.3999999999996
-11252.34,-11869.695,-22998.87,-6700.86,478.84499999999997,-30576.105,-13574.43,-3987.4049999999997
-11246.4,-11856.195,-22986.09,-6689.969999999999,487.44,-30583.35,-13653.269999999999,-4009.23
-11248.92,-11855.205,-22989.465,-6691.59,501.34499999999997,-30572.46,-13668.75,-4018.9049999999997
-11242.395,-11857.095,-22980.015,-6668.775,533.295,-30543.84,-13602.779999999999,-3993.8849999999998
-11262.42,-11892.195,-23023.754999999997,-6721.695,469.305,-30588.39,-13622.984999999999,-4001.31
-11253.42,-11874.465,-23010.344999999998,-6709.905,474.255,-30577.274999999998,-13653.449999999999,-4015.935
-11178.494999999999,-11782.755,-22921.29,-6623.55,552.8249999999999,-30504.375,-13591.935,-3967.245
-11169.27,-11782.305,-22924.98,-6631.74,540.855,-30511.079999999998,-13559.355,-3944.3399999999997
-11226.914999999999,-11856.779999999999,-22999.364999999998,-6708.014999999999,466.02,-30580.965,-13594.545,-3960.765
-11227.5,-11862.045,-22994.235,-6691.41,491.17499999999995,-30568.32,-13601.699999999999,-3966.705
-11239.335,-11888.189999999999,-23023.665,-6710.445,471.06,-30594.555,-13584.869999999999,-3979.62
-11224.125,-11849.715,-22986.18,-6693.795,461.835,-30631.815,-13639.455,-3962.43
-11220.66,-11829.33,-22973.445,-6700.5,460.575,-30618.719999999998,-13677.3,-3970.4849999999997
-11300.355,-11940.48,-23090.309999999998,-6799.905,385.02,-30662.91,-13679.595,-4030.245
-11292.39,-11944.845,-23095.754999999997,-6799.815,377.82,-30664.395,-13598.189999999999,-3995.73
-11272.59,-11925.045,-23071.14,-6774.884999999999,399.96,-30638.565,-13597.064999999999,-3988.845
-11305.439999999999,-11942.189999999999,-23085.765,-6785.775,405.71999999999997,-30606.524999999998,-13603.23,-4027.725
-11279.34,-11900.835,-23049.945,-6758.37,427.22999999999996,-30613.004999999997,-13615.064999999999,-4001.22
-11224.98,-11848.14,-22990.41,-6695.415,472.815,-30623.715,-13652.144999999999,-3957.975
-11231.91,-11849.58,-22995.809999999998,-6701.804999999999,471.555,-30601.89,-13629.555,-3976.515
-11224.845,-11844.99,-22979.475,-6683.58,492.65999999999997,-30561.21,-13612.635,-3985.065
-11227.904999999999,-11858.31,-22991.625,-6693.795,480.73499999999996,-30578.715,-13614.48,-3986.955
-11247.345,-11861.369999999999,-23001.344999999998,-6722.19,436.5,-30640.725,-13621.05,-3978.72
-11216.564999999999,-11843.865,-23007.375,-6706.665,466.42499999999995,-30617.145,-13632.21,-3944.115
-11212.154999999999,-11859.93,-23037.254999999997,-6704.009999999999,487.71,-30598.559999999998,-13615.695,-3944.835
-11253.914999999999,-11883.914999999999,-23044.454999999998,-6731.505,453.24,-30660.074999999997,-13646.475,-3988.98
-11256.48,-11864.025,-22995.765,-6736.05,439.38,-30649.545,-13653.09,-3998.79
-11256.75,-11875.994999999999,-23013.045,-6757.605,421.74,-30606.03,-13651.064999999999,-3994.9649999999997
-11240.55,-11871.765,-23019.165,-6780.0599999999995,372.195,-30690.495,-13669.47,-3980.43
-11237.939999999999,-11874.779999999999,-23021.415,-6772.275,386.325,-30657.329999999998,-13650.84,-3975.39
-11252.43,-11878.56,-23029.379999999997,-6762.599999999999,438.255,-30559.77,-13604.49,-3987.6299999999997
-11271.195,-11900.205,-23071.545,-6780.375,460.84499999999997,-30557.43,-13601.925,-4003.1099999999997
-11266.56,-11888.1,-23053.32,-6730.2,468.85499999999996,-30597.84,-13620.24,-4000.365
-11244.195,-11859.164999999999,-22991.895,-6630.255,502.74,-30638.745,-13649.31,-3985.6499999999996
-11250.539999999999,-11874.42,-23020.2,-6660.945,494.23499999999996,-30660.344999999998,-13671.09,-3993.345
-11251.439999999999,-11882.97,-23027.175,-6736.59,502.965,-30565.62,-13618.935,-3987.225
-11236.59,-11865.195,-22997.475,-6714.8099999999995,508.22999999999996,-30525.704999999998,-13572.135,-3970.665
-11227.814999999999,-11845.08,-22975.875,-6669.2699999999995,529.515,-30506.76,-13612.455,-3978.765
-11244.33,-11853.09,-22984.739999999998,-6686.82,472.59,-30573.405,-13666.455,-4005.18
-11271.555,-11886.345,-23019.614999999998,-6727.23,428.53499999999997,-30640.364999999998,-13705.74,-4023.045
-11269.664999999999,-11892.285,-23026.545,-6718.005,459.27,-30627.045,-13686.93,-4012.9649999999997
-11251.664999999999,-11878.965,-23016.96,-6711.389999999999,482.94,-30574.754999999997,-13591.845,-3982.365
-11234.025,-11859.975,-23000.67,-6725.205,475.2,-30583.035,-13573.35,-3968.73
-11257.92,-11885.58,-23026.14,-6739.965,452.43,-30591.585,-13571.775,-3993.5699999999997
-11268.225,-11892.914999999999,-23031.405,-6719.13,449.28,-30562.02,-13540.05,-4004.5049999999997
-11230.965,-11843.955,-22979.204999999998,-6672.24,508.54499999999996,-30517.065,-13603.545,-3990.105
-11220.21,-11837.88,-22970.34,-6665.804999999999,509.66999999999996,-30546.18,-13691.295,-3987.495
-11258.414999999999,-11881.305,-23023.575,-6721.65,453.78,-30586.23,-13670.144999999999,-4009.455
-11228.625,-11846.025,-22986.809999999998,-6689.295,477.09,-30598.965,-13672.574999999999,-3990.285
-11207.07,-11814.615,-22944.87,-6641.28,532.935,-30547.305,-13650.255,-3981.42
-11221.02,-11836.17,-22969.44,-6661.215,522.99,-30533.085,-13624.47,-3971.52
-11254.635,-11898.225,-23040.855,-6736.1849999999995,454.365,-30581.145,-13584.42,-3963.555
-11266.965,-11919.285,-23065.695,-6767.415,417.10499999999996,-30631.05,-13603.14,-3974.805
-11249.189999999999,-11882.789999999999,-23039.504999999997,-6749.73,435.555,-30621.78,-13607.414999999999,-3969.855
-11235.824999999999,-11869.605,-23014.26,-6717.78,468.04499999999996,-30595.77,-13597.785,-3964.23
-11225.97,-11873.744999999999,-23022.27,-6721.11,470.43,-30588.84,-13590.045,-3963.7799999999997
-11210.039999999999,-11842.109999999999,-22995.18,-6707.25,468.585,-30598.02,-13573.17,-3951.0
-11199.689999999999,-11830.904999999999,-22974.795,-6692.13,452.205,-30627.27,-13610.564999999999,-3942.0
-11215.89,-11852.595,-22986.405,-6688.62,466.695,-30604.815,-13629.06,-3966.165
-11237.805,-11860.47,-22998.645,-6697.575,477.71999999999997,-30577.004999999997,-13614.164999999999,-3982.185
-11248.83,-11847.51,-22994.864999999998,-6707.025,479.78999999999996,-30564.09,-13617.225,-3990.1949999999997
-11279.52,-11887.154999999999,-23033.16,-6738.929999999999,454.995,-30592.71,-13639.769999999999,-4024.44
-11265.255,-11881.439999999999,-23016.555,-6715.035,468.585,-30578.219999999998,-13589.324999999999,-4012.29
-11244.195,-11866.455,-22998.555,-6698.115,471.41999999999996,-30585.87,-13616.91,-4001.1749999999997
-11262.645,-11888.865,-23026.32,-6730.335,435.10499999999996,-30635.324999999997,-13668.345,-4005.54
-11261.385,-11893.545,-23049.09,-6755.8949999999995,423.18,-30641.625,-13672.305,-3973.0049999999997
-11253.645,-11880.27,-23036.265,-6747.75,437.49,-30602.52,-13641.93,-3977.2349999999997
-11280.555,-11903.445,-23052.195,-6752.655,445.77,-30610.35,-13652.595,-4009.0499999999997
-11265.029999999999,-11877.39,-23013.765,-6708.105,486.53999999999996,-30601.664999999997,-13662.225,-4006.35
-11252.654999999999,-11873.115,-23015.969999999998,-6720.84,456.39,-30659.129999999997,-13689.855,-4000.77
-11243.385,-11876.67,-23030.415,-6767.955,395.37,-30681.945,-13607.01,-3977.2799999999997
-11240.865,-11876.805,-23030.235,-6792.795,381.96,-30606.164999999997,-13545.494999999999,-3961.395
-11221.109999999999,-11854.574999999999,-23012.55,-6776.505,387.36,-30656.879999999997,-13664.115,-3952.665
-11235.734999999999,-11850.57,-22993.469999999998,-6726.285,460.62,-30635.73,-13685.625,-3978.8999999999996
-11243.97,-11857.05,-22975.559999999998,-6695.955,490.905,-30562.02,-13647.105,-3991.455
-11210.67,-11824.74,-22951.754999999997,-6663.599999999999,512.9549999999999,-30520.125,-13565.295,-3968.64
-11215.98,-11829.645,-22977.629999999997,-6667.245,489.24,-30593.43,-13608.675,-3982.455
-11298.779999999999,-11925.99,-23086.71,-6775.74,378.85499999999996,-30687.84,-13648.68,-4036.5
-11294.73,-11934.539999999999,-23109.524999999998,-6784.2,426.41999999999996,-30658.23,-13640.265,-4011.705
-11252.52,-11893.095,-23062.23,-6722.37,516.6,-30566.745,-13633.335,-3981.015
-11226.105,-11862.99,-23011.155,-6672.465,574.56,-30530.655,-13588.695,-3954.96
-11216.115,-11838.465,-22982.985,-6672.24,542.835,-30552.344999999998,-13611.105,-3958.245
-11250.09,-11868.21,-23003.325,-6723.045,438.65999999999997,-30589.785,-13656.824999999999,-3984.39
-11273.805,-11900.475,-23017.32,-6718.455,413.505,-30630.239999999998,-13650.21,-4000.8599999999997
-11261.34,-11921.67,-23042.7,-6724.349999999999,441.495,-30604.905,-13589.82,-3984.93
-11226.06,-11877.074999999999,-23016.87,-6703.514999999999,472.54499999999996,-30566.52,-13571.955,-3963.7799999999997
-11226.824999999999,-11822.265,-22966.29,-6674.8949999999995,505.305,-30547.664999999997,-13614.615,-3980.9249999999997
-11277.675,-11881.89,-23010.075,-6712.875,475.60499999999996,-30574.26,-13622.894999999999,-4010.085
-11234.34,-11846.07,-22974.66,-6675.795,513.99,-30566.295,-13621.994999999999,-3980.115
-11198.205,-11796.705,-22933.71,-6646.32,538.65,-30556.664999999997,-13622.894999999999,-3967.245
-11247.029999999999,-11843.414999999999,-22979.34,-6707.88,463.40999999999997,-30614.039999999997,-13602.33,-4003.4249999999997
-11285.145,-11901.465,-23039.19,-6742.53,442.97999999999996,-30631.14,-13630.904999999999,-4015.2599999999998
-11242.125,-11860.74,-22993.605,-6670.9349999999995,505.08,-30584.34,-13691.16,-3981.1949999999997
-11224.26,-11844.18,-22987.575,-6672.465,499.635,-30578.715,-13692.914999999999,-3979.98
-11259.72,-11888.369999999999,-23035.905,-6720.21,468.27,-30585.015,-13641.074999999999,-4003.6949999999997
-11300.58,-11940.3,-23074.379999999997,-6779.295,404.90999999999997,-30637.44,-13608.045,-4017.69
-11280.33,-11925.09,-23052.6,-6769.98,405.85499999999996,-30641.76,-13614.795,-3997.98
-11226.195,-11874.824999999999,-23022.719999999998,-6717.69,455.98499999999996,-30605.805,-13604.039999999999,-3955.815
-11235.465,-11855.564999999999,-23008.545,-6709.41,468.315,-30600.135,-13615.199999999999,-3971.3399999999997
-11257.289999999999,-11870.414999999999,-23015.565,-6719.759999999999,463.59,-30608.37,-13618.305,-3985.6949999999997
-11257.74,-11873.025,-23011.515,-6708.42,454.32,-30633.434999999998,-13634.189999999999,-3990.915
-11237.805,-11864.789999999999,-23001.57,-6687.09,452.745,-30646.26,-13648.994999999999,-3972.645
-11211.255,-11838.824999999999,-22981.5,-6672.915,466.42499999999995,-30628.215,-13638.824999999999,-3961.665
-11200.59,-11815.74,-22974.704999999998,-6719.04,445.5,-30656.25,-13640.805,-3967.065
-11269.26,-11889.27,-23039.82,-6767.865,392.31,-30685.59,-13634.055,-4010.9849999999997
-11284.92,-11920.68,-23067.18,-6770.474999999999,424.125,-30603.914999999997,-13645.664999999999,-4014.18
-11253.645,-11868.615,-23015.07,-6719.715,469.53,-30585.96,-13670.234999999999,-4004.7749999999996
-11239.74,-11866.859999999999,-23010.48,-6709.7699999999995,482.66999999999996,-30580.785,-13639.59,-3984.795
-11246.085,-11879.189999999999,-23022.27,-6711.929999999999,490.04999999999995,-30571.155,-13612.949999999999,-3978.315
-11235.375,-11864.43,-23006.969999999998,-6701.219999999999,498.645,-30556.17,-13583.07,-3958.9649999999997
-11271.96,-11911.23,-23051.745,-6748.83,442.71,-30611.925,-13610.205,-3988.305
-11247.164999999999,-11879.279999999999,-23028.165,-6728.49,456.79499999999996,-30608.414999999997,-13627.619999999999,-3980.6099999999997
-11208.105,-11826.0,-22975.29,-6673.905,502.38,-30575.34,-13614.66,-3956.895
-11220.615,-11829.779999999999,-22976.145,-6683.67,486.0,-30591.945,-13605.345,-3965.805
-11269.935,-11905.965,-23042.25,-6743.295,441.04499999999996,-30605.445,-13605.48,-3991.8599999999997
-11228.67,-11860.605,-22992.12,-6692.355,501.47999999999996,-30547.664999999997,-13633.965,-3970.395
-11226.33,-11846.564999999999,-22985.64,-6692.67,482.53499999999997,-30602.745,-13656.15,-3977.2799999999997
-11258.955,-11870.73,-23012.37,-6731.505,423.04499999999996,-30693.195,-13663.529999999999,-3999.555
-11256.48,-11878.244999999999,-23026.454999999998,-6750.8099999999995,397.485,-30733.469999999998,-13670.82,-3991.68
-11246.58,-11869.109999999999,-23022.135,-6737.58,428.84999999999997,-30648.239999999998,-13666.32,-3986.5049999999997
-11253.779999999999,-11871.63,-23021.64,-6724.62,473.66999999999996,-30573.27,-13676.984999999999,-3999.825
-11235.51,-11849.039999999999,-22989.465,-6696.405,515.88,-30533.219999999998,-13620.015,-3991.8599999999997
-11209.904999999999,-11823.795,-22962.96,-6688.035,512.01,-30550.545,-13551.164999999999,-3965.085
-11222.234999999999,-11857.275,-22999.454999999998,-6723.179999999999,485.19,-30541.41,-13546.574999999999,-3951.81
-11229.57,-11862.27,-23010.344999999998,-6705.675,493.38,-30545.864999999998,-13608.945,-3956.94
-11252.97,-11864.07,-23010.57,-6707.61,470.15999999999997,-30573.539999999997,-13642.289999999999,-3995.73
-11260.845,-11871.27,-23021.145,-6697.665,495.315,-30549.195,-13680.855,-4021.4249999999997
-11250.81,-11865.375,-23024.295,-6682.5,512.73,-30547.71,-13622.039999999999,-4012.29
-11270.97,-11892.555,-23038.11,-6732.8099999999995,453.78,-30607.739999999998,-13581.269999999999,-4000.0049999999997
-11280.33,-11918.925,-23055.254999999997,-6771.014999999999,405.135,-30671.055,-13619.744999999999,-3976.02
-11255.805,-11890.305,-23038.965,-6751.125,427.54499999999996,-30666.555,-13675.994999999999,-3976.92
-11244.195,-11866.095,-23011.425,-6733.44,448.28999999999996,-30656.204999999998,-13653.539999999999,-3980.16
-11252.88,-11876.085,-23020.739999999998,-6735.554999999999,443.47499999999997,-30642.66,-13633.38,-3987.99
-11258.279999999999,-11876.805,-23012.19,-6704.19,468.27,-30620.07,-13650.615,-4009.77
-11248.425,-11870.414999999999,-23015.79,-6691.815,502.83,-30565.844999999998,-13635.269999999999,-3998.205
-11233.664999999999,-11855.609999999999,-22997.565,-6685.29,507.555,-30554.145,-13633.695,-3979.575
-11258.55,-11893.005,-23015.385,-6706.035,492.12,-30542.489999999998,-13592.205,-3996.315
-11263.994999999999,-11905.605,-23036.085,-6719.49,480.69,-30569.94,-13601.564999999999,-3998.205
-11253.96,-11878.38,-23028.524999999998,-6736.59,457.83,-30615.21,-13627.08,-3981.4649999999997
-11242.439999999999,-11861.505,-23012.82,-6706.62,477.81,-30633.39,-13657.23,-3980.0249999999996
-11235.285,-11852.64,-23016.78,-6713.594999999999,478.305,-30633.93,-13655.115,-3980.565
-11256.255,-11897.685,-23082.795,-6775.245,448.695,-30613.41,-13621.275,-3980.97
-11253.24,-11894.49,-23076.045,-6766.83,474.75,-30604.14,-13664.925,-3993.66
-11250.99,-11874.42,-23016.015,-6722.639999999999,495.27,-30597.434999999998,-13672.215,-4005.765
-11242.08,-11866.859999999999,-22991.175,-6715.844999999999,471.28499999999997,-30581.414999999997,-13611.869999999999,-3979.305
-11221.56,-11841.48,-22964.489999999998,-6680.34,485.23499999999996,-30550.995,-13576.814999999999,-3948.795
-11244.33,-11893.365,-22997.655,-6687.675,472.275,-30550.32,-13586.175,-3966.975
-11230.154999999999,-11866.994999999999,-22994.64,-6694.38,480.015,-30548.52,-13583.519999999999,-3959.685
-11217.914999999999,-11819.97,-22952.79,-6675.21,495.53999999999996,-30554.954999999998,-13605.93,-3966.8399999999997
-11238.84,-11869.83,-22988.969999999998,-6712.11,448.83,-30592.53,-13643.279999999999,-3986.7749999999996
-11259.18,-11885.939999999999,-23014.44,-6747.57,393.03,-30659.715,-13656.285,-4005.315
-11268.675,-11880.72,-23018.67,-6750.2699999999995,381.28499999999997,-30712.86,-13654.529999999999,-4018.14
-11251.664999999999,-11879.505,-23032.844999999998,-6738.66,426.06,-30653.414999999997,-13619.025,-3987.585
-11223.449999999999,-11839.455,-22992.12,-6691.365,514.71,-30536.19,-13631.355,-3964.6349999999998
-11229.39,-11842.605,-22976.73,-6680.295,521.145,-30545.91,-13678.244999999999,-3977.415
-11244.914999999999,-11879.55,-23014.89,-6722.955,459.53999999999996,-30622.094999999998,-13667.22,-3978.045
-11252.385,-11894.31,-23033.565,-6737.264999999999,441.765,-30633.344999999998,-13616.01,-3973.5
-11235.42,-11856.06,-22988.745,-6701.4,473.265,-30566.52,-13542.255,-3958.605
-11207.43,-11820.465,-22948.739999999998,-6680.07,484.78499999999997,-30535.695,-13536.0,-3939.795
-11180.835,-11798.055,-22945.004999999997,-6666.84,490.85999999999996,-30624.164999999997,-13646.07,-3929.1299999999997
