ch0,ch1,ch2,ch3,ch4,ch5,ch6,ch7
-10788.255,-11640.42,-22208.04,-6436.215,472.40999999999997,-30004.155,-12436.38,-4283.1449999999995
-10756.215,-11590.38,-22176.809999999998,-6416.415,469.97999999999996,-29938.05,-12317.085,-4226.715
-10720.35,-11539.305,-22123.665,-6366.915,521.865,-29926.035,-12418.965,-4220.955
-10750.59,-11564.414999999999,-22141.35,-6387.075,489.555,-30046.815,-12528.314999999999,-4261.995
-10769.67,-11587.14,-22166.684999999998,-6417.405,459.04499999999996,-30097.44,-12510.765,-4269.195
-10771.515,-11593.664999999999,-22172.219999999998,-6428.474999999999,450.09,-30064.094999999998,-12478.994999999999,-4273.155
-10763.1,-11601.585,-22179.69,-6421.815,484.515,-29949.48,-12376.125,-4251.24
-10763.73,-11591.73,-22172.445,-6412.139999999999,486.27,-29999.61,-12418.154999999999,-4251.51
-10748.295,-11555.505,-22129.92,-6383.07,505.16999999999996,-30012.3,-12438.585,-4243.139999999999
-10740.555,-11559.689999999999,-22138.739999999998,-6390.855,496.71,-30004.92,-12436.38,-4238.415
-10750.365,-11581.65,-22164.12,-6407.505,509.66999999999996,-29921.355,-12381.39,-4231.53
-10747.26,-11577.195,-22157.64,-6402.285,513.495,-29923.695,-12390.525,-4236.84
-10738.26,-11551.365,-22126.815,-6371.73,533.2049999999999,-29926.215,-12423.824999999999,-4247.82
-10763.505,-11550.195,-22106.925,-6343.605,572.4449999999999,-29898.989999999998,-12455.324999999999,-4294.755
-10793.115,-11591.189999999999,-22150.44,-6399.045,520.245,-29938.725,-12450.555,-4306.23
-10749.824999999999,-11584.305,-22168.934999999998,-6445.71,428.98499999999996,-30033.765,-12431.654999999999,-4233.195
-10734.84,-11582.73,-22174.559999999998,-6437.429999999999,441.45,-30029.445,-12399.21,-4211.91
-10749.645,-11585.654999999999,-22161.87,-6372.045,543.42,-29962.89,-12413.88,-4243.995
-10738.8,-11555.955,-22129.605,-6344.55,585.18,-29912.94,-12440.97,-4262.805
-10747.574999999999,-11549.789999999999,-22130.37,-6371.28,569.79,-29919.78,-12458.34,-4291.425
-10740.96,-11551.904999999999,-22141.17,-6388.155,525.465,-29991.239999999998,-12464.189999999999,-4277.97
-10752.119999999999,-11601.765,-22195.89,-6459.84,413.37,-30105.135,-12426.435,-4216.005
-10730.654999999999,-11572.65,-22166.19,-6469.514999999999,400.275,-30067.785,-12389.939999999999,-4205.115
-10757.835,-11586.645,-22168.934999999998,-6449.715,449.37,-29980.664999999997,-12364.56,-4244.58
-10731.42,-11553.84,-22126.23,-6381.99,538.515,-29918.789999999997,-12385.845,-4223.97
-10721.07,-11546.82,-22128.48,-6395.219999999999,529.515,-29980.079999999998,-12424.095,-4206.465
-10770.074999999999,-11606.939999999999,-22197.69,-6459.884999999999,470.655,-30045.555,-12426.345,-4254.03
-10784.115,-11621.52,-22203.495,-6430.545,476.685,-30084.704999999998,-12493.574999999999,-4289.625
-10743.119999999999,-11576.16,-22156.515,-6369.57,530.415,-30066.57,-12528.314999999999,-4259.745
-10693.35,-11516.445,-22107.42,-6387.389999999999,484.155,-30055.004999999997,-12479.22,-4206.014999999999
-10664.01,-11478.465,-22067.504999999997,-6360.3,455.13,-30116.295,-12465.81,-4185.855
-10702.8,-11521.305,-22103.954999999998,-6374.655,481.185,-30096.675,-12404.925,-4207.545
-10757.115,-11581.92,-22153.364999999998,-6381.585,512.685,-29923.379999999997,-12386.34,-4248.18
-10800.72,-11634.885,-22207.41,-6411.33,458.82,-29960.324999999997,-12499.244999999999,-4293.945
-10776.645,-11608.605,-22190.67,-6412.365,485.37,-29962.98,-12525.93,-4290.03
-10738.98,-11575.215,-22151.655,-6389.955,508.22999999999996,-29918.52,-12420.585,-4251.915
-10771.38,-11600.189999999999,-22182.075,-6419.79,474.255,-29967.48,-12386.789999999999,-4261.5
-10796.31,-11621.07,-22196.879999999997,-6443.639999999999,451.305,-29994.614999999998,-12460.23,-4278.6449999999995
-10739.52,-11576.07,-22155.3,-6399.855,504.495,-29935.215,-12370.949999999999,-4218.705
-10667.789999999999,-11483.01,-22056.614999999998,-6294.195,614.385,-29850.524999999998,-12340.664999999999,-4177.9349999999995
-10739.25,-11536.289999999999,-22109.535,-6350.13,555.12,-29900.52,-12386.115,-4269.24
-10828.215,-11647.619999999999,-22225.905,-6467.67,441.585,-29997.315,-12416.49,-4321.3949999999995
-10789.605,-11627.865,-22210.695,-6454.665,455.13,-30010.274999999998,-12417.345,-4251.465
-10741.365,-11584.935,-22165.92,-6409.44,496.62,-29984.265,-12438.585,-4204.125
-10731.465,-11577.824999999999,-22147.335,-6386.219999999999,519.93,-29961.719999999998,-12429.494999999999,-4216.1849999999995
-10735.875,-11572.47,-22129.605,-6380.955,521.235,-29930.265,-12419.46,-4229.19
-10746.539999999999,-11551.545,-22122.36,-6385.365,516.15,-29943.18,-12414.869999999999,-4244.49
-10738.395,-11547.539999999999,-22124.295,-6377.58,518.085,-29961.495,-12413.52,-4239.99
-10741.275,-11551.275,-22126.14,-6375.24,518.085,-29979.36,-12484.529999999999,-4266.45
-10798.695,-11597.175,-22171.454999999998,-6427.98,469.305,-30017.745,-12541.814999999999,-4336.245
-10802.609999999999,-11607.39,-22181.129999999997,-6436.08,461.385,-30044.745,-12585.869999999999,-4328.639999999999
-10795.904999999999,-11626.785,-22207.5,-6459.165,438.075,-30059.28,-12502.35,-4276.305
-10750.41,-11589.345,-22165.155,-6405.344999999999,491.76,-29982.195,-12376.529999999999,-4213.349999999999
-10738.574999999999,-11585.52,-22157.055,-6395.49,498.91499999999996,-29970.765,-12344.49,-4204.3949999999995
-10736.73,-11575.619999999999,-22153.364999999998,-6390.09,513.72,-29951.46,-12384.27,-4223.07
-10740.105,-11560.365,-22135.004999999997,-6381.8099999999995,512.46,-29965.14,-12431.564999999999,-4237.74
-10734.525,-11559.914999999999,-22141.079999999998,-6389.639999999999,514.35,-29950.02,-12420.135,-4229.505
-10742.625,-11558.88,-22140.18,-6402.24,503.28,-29979.36,-12426.119999999999,-4235.535
-10753.695,-11578.05,-22161.915,-6440.445,468.22499999999997,-29979.899999999998,-12419.82,-4238.19
-10738.44,-11569.455,-22156.515,-6436.98,454.455,-29987.01,-12404.699999999999,-4219.5599999999995
-10719.225,-11550.285,-22138.875,-6399.405,487.03499999999997,-29994.57,-12416.49,-4210.065
-10722.105,-11548.395,-22125.329999999998,-6352.469999999999,548.28,-29962.215,-12417.029999999999,-4220.73
-10714.77,-11540.385,-22110.885,-6354.135,535.5,-29952.315,-12385.529999999999,-4215.24
-10719.765,-11545.02,-22127.04,-6384.42,498.555,-30003.254999999997,-12411.72,-4220.955
-10728.765,-11561.445,-22171.23,-6393.24,503.685,-30021.254999999997,-12472.064999999999,-4230.224999999999
-10743.93,-11576.34,-22195.8,-6397.5599999999995,534.96,-29958.48,-12441.195,-4240.3949999999995
-10770.795,-11604.645,-22203.315,-6454.71,521.46,-29974.094999999998,-12409.154999999999,-4252.455
-10774.035,-11598.119999999999,-22161.195,-6430.724999999999,454.905,-30043.305,-12447.539999999999,-4263.165
-10759.77,-11581.605,-22145.94,-6430.995,435.96,-30032.37,-12484.98,-4257.63
-10752.615,-11571.795,-22145.175,-6459.344999999999,466.02,-29985.66,-12458.835,-4257.0
-10761.39,-11571.57,-22145.219999999998,-6458.58,487.48499999999996,-29989.125,-12438.72,-4279.139999999999
-10775.835,-11590.289999999999,-22168.844999999998,-6422.04,510.435,-30024.989999999998,-12441.914999999999,-4293.0
-10722.869999999999,-11549.789999999999,-22120.515,-6310.8,535.005,-30001.41,-12471.119999999999,-4227.165
-10707.255,-11533.5,-22104.855,-6317.37,540.81,-29966.579999999998,-12449.205,-4205.205
-10755.449999999999,-11582.189999999999,-22159.26,-6411.78,477.04499999999996,-29967.524999999998,-12401.369999999999,-4241.205
-10774.26,-11613.824999999999,-22197.6,-6466.679999999999,433.03499999999997,-30017.43,-12436.425,-4254.3
-10752.57,-11590.785,-22173.84,-6448.23,468.63,-29970.765,-12399.119999999999,-4235.49
-10762.695,-11593.439999999999,-22169.295,-6418.62,467.28,-29975.805,-12444.525,-4255.0199999999995
-10752.21,-11589.615,-22167.989999999998,-6402.69,476.955,-30005.82,-12459.42,-4247.099999999999
-10716.84,-11542.365,-22112.055,-6321.375,563.535,-29935.574999999997,-12347.189999999999,-4200.57
-10686.06,-11511.314999999999,-22078.44,-6302.745,580.095,-29939.715,-12364.064999999999,-4166.099999999999
-10713.914999999999,-11535.39,-22110.975,-6351.57,540.63,-29953.71,-12425.58,-4203.36
-10786.14,-11615.175,-22191.84,-6426.9,482.445,-29946.465,-12444.57,-4267.08
-10781.73,-11611.755,-22193.28,-6434.73,461.29499999999996,-29987.1,-12454.515,-4267.845
-10758.555,-11582.279999999999,-22166.19,-6416.46,476.325,-29972.25,-12430.845,-4251.42
-10744.875,-11573.955,-22157.37,-6409.44,490.995,-29947.86,-12414.645,-4240.125
-10720.845,-11541.06,-22109.67,-6354.945,531.9,-29956.32,-12444.93,-4248.315
-10741.095,-11559.33,-22135.094999999998,-6381.405,489.10499999999996,-30049.02,-12517.965,-4275.045
-10799.369999999999,-11618.595,-22199.445,-6458.4,412.245,-30110.399999999998,-12568.68,-4315.32
-10815.119999999999,-11652.255,-22236.344999999998,-6483.285,425.205,-30016.664999999997,-12441.24,-4278.014999999999
-10758.015,-11581.965,-22157.774999999998,-6398.325,511.42499999999995,-29956.59,-12394.439999999999,-4227.4349999999995
-10738.98,-11552.715,-22132.844999999998,-6386.219999999999,500.31,-29966.489999999998,-12410.55,-4240.17
-10703.88,-11496.465,-22071.42,-6323.264999999999,567.36,-29897.82,-12426.795,-4254.705
-10701.09,-11485.08,-22051.98,-6299.775,585.495,-29921.175,-12483.045,-4259.205
-10776.914999999999,-11604.06,-22176.405,-6422.804999999999,467.72999999999996,-30024.809999999998,-12459.105,-4251.195
-10754.324999999999,-11582.82,-22151.295,-6406.83,487.26,-29971.8,-12398.265,-4215.51
-10753.335,-11567.654999999999,-22128.21,-6382.215,535.41,-29890.485,-12364.695,-4235.445
-10758.105,-11577.645,-22147.11,-6387.344999999999,537.66,-29912.805,-12433.185,-4248.495
-10796.31,-11634.705,-22215.285,-6437.969999999999,483.75,-29984.94,-12427.109999999999,-4267.755
-10766.115,-11607.885,-22194.495,-6441.12,445.40999999999997,-30042.315,-12435.39,-4240.98
-10700.055,-11532.015,-22125.239999999998,-6381.2699999999995,499.09499999999997,-29999.925,-12438.585,-4203.54
-10708.74,-11542.904999999999,-22131.719999999998,-6381.855,515.475,-29956.41,-12408.345,-4206.014999999999
-10762.92,-11618.46,-22189.545,-6429.285,474.705,-29980.53,-12417.705,-4232.88
-10785.24,-11678.445,-22251.239999999998,-6477.12,436.54499999999996,-30004.559999999998,-12406.59,-4244.22
-10759.904999999999,-11609.595,-22190.129999999997,-6427.889999999999,482.085,-29970.629999999997,-12400.605,-4241.115
-10732.904999999999,-11534.715,-22119.165,-6386.175,512.685,-29970.809999999998,-12436.56,-4226.3099999999995
-10738.574999999999,-11559.824999999999,-22146.48,-6413.264999999999,500.21999999999997,-29979.045,-12442.949999999999,-4227.57
-10768.005,-11593.845,-22183.605,-6456.6449999999995,445.635,-30005.82,-12444.48,-4257.18
-10750.05,-11570.085,-22159.934999999998,-6433.514999999999,438.705,-30004.02,-12428.505,-4241.565
-10714.859999999999,-11531.115,-22113.989999999998,-6346.98,535.365,-29944.664999999997,-12389.4,-4213.845
-10738.89,-11555.955,-22152.149999999998,-6344.235,553.3199999999999,-30002.175,-12412.305,-4238.639999999999
-10779.119999999999,-11611.215,-22222.17,-6441.12,480.195,-30062.34,-12440.43,-4263.03
-10761.66,-11595.555,-22182.12,-6403.995,501.93,-29983.5,-12433.814999999999,-4249.44
-10741.994999999999,-11563.92,-22123.665,-6383.655,513.585,-29968.965,-12487.185,-4243.275
-10742.805,-11565.18,-22132.395,-6386.49,497.52,-30011.94,-12481.875,-4240.755
-10746.63,-11563.83,-22135.32,-6383.07,493.515,-30056.219999999998,-12500.145,-4248.99
-10755.945,-11577.779999999999,-22155.704999999998,-6407.235,499.54499999999996,-30020.265,-12464.955,-4253.175
-10756.44,-11583.09,-22159.079999999998,-6402.87,535.14,-29907.27,-12384.81,-4239.18
-10749.375,-11573.279999999999,-22144.725,-6370.335,526.3199999999999,-29902.094999999998,-12406.41,-4239.99
-10745.414999999999,-11564.73,-22137.39,-6372.09,498.73499999999996,-29946.555,-12427.38,-4248.09
-10751.984999999999,-11571.074999999999,-22144.995,-6406.2,458.23499999999996,-29994.704999999998,-12415.77,-4255.695
-10744.47,-11567.564999999999,-22141.754999999997,-6395.804999999999,469.44,-29991.555,-12427.515,-4247.055
-10730.295,-11553.164999999999,-22131.27,-6382.304999999999,499.995,-29983.86,-12479.49,-4240.98
-10751.445,-11570.805,-22145.895,-6407.639999999999,493.2,-29945.07,-12432.914999999999,-4254.615
-10735.244999999999,-11545.83,-22128.165,-6455.025,462.78,-29955.51,-12460.68,-4262.3099999999995
-10757.43,-11573.189999999999,-22163.489999999998,-6513.795,409.14,-30026.925,-12430.17,-4273.38
-10779.39,-11630.115,-22229.37,-6545.655,375.34499999999997,-30080.565,-12379.32,-4236.165
-10684.395,-11514.465,-22091.579999999998,-6311.34,595.53,-29959.245,-12439.395,-4181.8949999999995
-10677.734999999999,-11483.73,-22044.735,-6250.139999999999,615.6,-29960.55,-12444.57,-4196.88
-10735.515,-11555.369999999999,-22127.985,-6347.34,513.855,-30020.625,-12449.88,-4239.09
-10762.065,-11592.855,-22167.629999999997,-6372.2699999999995,511.60499999999996,-29953.17,-12419.189999999999,-4254.57
-10745.279999999999,-11574.18,-22146.344999999998,-6366.42,527.31,-29935.215,-12404.97,-4249.665
-10747.44,-11565.135,-22129.829999999998,-6349.365,554.715,-29912.489999999998,-12348.045,-4250.295
-10758.24,-11566.619999999999,-22131.989999999998,-6353.099999999999,559.0799999999999,-29904.75,-12346.38,-4249.889999999999
-10715.895,-11518.335,-22085.684999999998,-6313.905,601.38,-29867.489999999998,-12404.34,-4223.565
-10712.699999999999,-11536.65,-22112.82,-6357.96,528.795,-29949.614999999998,-12479.355,-4219.605
-10782.99,-11628.404999999999,-22215.239999999998,-6455.79,435.59999999999997,-30038.85,-12516.029999999999,-4261.68
-10820.744999999999,-11651.939999999999,-22234.23,-6474.014999999999,433.935,-30034.53,-12510.585,-4303.53
-10792.574999999999,-11629.215,-22209.66,-6453.315,434.835,-30036.735,-12453.255,-4273.695
-10779.615,-11627.955,-22212.629999999997,-6455.835,444.375,-30017.204999999998,-12406.23,-4253.625
-10774.529999999999,-11601.855,-22188.149999999998,-6431.8949999999995,474.84,-29991.105,-12388.185,-4259.295
-10785.69,-11594.789999999999,-22164.48,-6406.245,501.705,-29968.289999999997,-12457.574999999999,-4288.815
-10757.16,-11588.715,-22162.094999999998,-6405.12,488.92499999999995,-29976.164999999997,-12444.029999999999,-4243.365
-10743.66,-11583.945,-22161.915,-6415.74,462.015,-30004.695,-12404.295,-4219.514999999999
-10732.14,-11568.645,-22149.945,-6402.014999999999,473.76,-30007.98,-12427.289999999999,-4217.76
-10740.645,-11579.895,-22156.739999999998,-6394.1849999999995,501.47999999999996,-29997.989999999998,-12463.65,-4233.42
-10758.105,-11588.49,-22162.59,-6389.28,526.41,-29975.895,-12461.265,-4251.375
-10763.82,-11587.545,-22163.04,-6411.87,497.655,-29971.079999999998,-12422.52,-4256.73
-10738.845,-11577.105,-22153.95,-6424.155,453.51,-30053.114999999998,-12428.46,-4232.025
-10727.414999999999,-11564.955,-22153.004999999997,-6438.014999999999,423.04499999999996,-30083.715,-12457.08,-4227.57
-10746.494999999999,-11585.925,-22158.225,-6418.575,489.69,-29940.39,-12423.555,-4245.165
-10738.484999999999,-11576.654999999999,-22155.165,-6386.445,573.5699999999999,-29883.42,-12405.42,-4239.18
-10731.465,-11540.789999999999,-22128.434999999998,-6398.91,556.785,-29962.754999999997,-12452.984999999999,-4238.639999999999
-10743.48,-11566.17,-22150.44,-6402.735,523.665,-29988.765,-12454.695,-4241.655
-10739.385,-11569.635,-22145.399999999998,-6350.8949999999995,503.09999999999997,-29959.515,-12400.92,-4225.23
-10745.19,-11572.92,-22146.165,-6368.804999999999,483.39,-29965.23,-12392.955,-4227.84
-10737.494999999999,-11561.895,-22137.39,-6371.955,506.60999999999996,-29976.614999999998,-12429.404999999999,-4233.195
-10764.359999999999,-11601.99,-22176.765,-6407.505,500.4,-29985.524999999998,-12429.765,-4251.6449999999995
-10771.605,-11607.029999999999,-22184.055,-6416.639999999999,495.405,-29995.829999999998,-12430.125,-4257.585
-10761.345,-11583.855,-22162.364999999998,-6390.764999999999,505.755,-29987.19,-12446.055,-4258.035
-10747.845,-11569.859999999999,-22169.024999999998,-6387.165,508.905,-29983.995,-12445.02,-4245.345
-10736.82,-11565.72,-22175.73,-6425.19,499.005,-29964.78,-12401.055,-4237.47
-10751.984999999999,-11582.234999999999,-22179.149999999998,-6479.325,489.10499999999996,-29952.945,-12387.285,-4264.83
-10762.425,-11581.289999999999,-22154.489999999998,-6463.304999999999,455.76,-30037.545,-12482.505,-4272.795
-10746.404999999999,-11567.025,-22140.495,-6424.695,443.43,-30092.715,-12532.904999999999,-4252.95
-10735.244999999999,-11560.904999999999,-22134.42,-6400.08,484.83,-29997.989999999998,-12440.115,-4239.045
-10708.47,-11525.76,-22097.43,-6344.82,557.595,-29934.585,-12461.535,-4231.125
-10740.869999999999,-11560.904999999999,-22142.024999999998,-6387.21,477.9,-29993.489999999998,-12453.66,-4241.79
-10761.615,-11596.68,-22182.344999999998,-6432.884999999999,418.455,-30037.05,-12462.345,-4240.08
-10738.529999999999,-11556.539999999999,-22130.01,-6377.49,465.47999999999996,-30007.079999999998,-12446.82,-4235.8949999999995
-10741.859999999999,-11563.064999999999,-22129.739999999998,-6344.594999999999,534.915,-30015.945,-12424.05,-4237.514999999999
-10751.76,-11585.295,-22161.51,-6386.04,495.63,-30052.215,-12470.085,-4234.05
-10768.14,-11600.595,-22179.645,-6413.13,481.32,-29990.52,-12456.539999999999,-4261.139999999999
-10759.59,-11579.895,-22153.004999999997,-6384.6449999999995,517.185,-29932.245,-12403.98,-4263.57
-10751.85,-11581.56,-22154.985,-6390.2699999999995,514.305,-29925.18,-12355.425,-4229.37
-10751.805,-11577.51,-22152.78,-6388.83,517.77,-29944.98,-12429.72,-4245.705
-10752.84,-11580.21,-22158.719999999998,-6397.514999999999,508.995,-29967.344999999998,-12470.355,-4254.84
-10741.455,-11567.115,-22141.26,-6373.349999999999,540.225,-29940.704999999998,-12456.99,-4254.93
-10751.31,-11573.955,-22149.855,-6384.915,530.37,-29950.965,-12462.39,-4256.775
-10773.27,-11611.484999999999,-22185.0,-6424.29,486.495,-29976.48,-12433.859999999999,-4254.03
-10776.285,-11610.63,-22183.695,-6418.755,490.68,-29970.045,-12388.005,-4260.87
-10750.859999999999,-11556.449999999999,-22123.98,-6366.69,534.735,-29940.03,-12387.555,-4262.22
-10725.119999999999,-11527.38,-22094.145,-6337.9349999999995,557.4599999999999,-29905.065,-12392.369999999999,-4268.295
-10723.365,-11560.14,-22136.985,-6378.929999999999,511.02,-29977.92,-12498.435,-4244.805
-10785.33,-11641.455,-22228.29,-6472.3949999999995,422.775,-30067.515,-12500.865,-4247.19
-10772.46,-11604.689999999999,-22187.114999999998,-6437.474999999999,451.575,-30034.079999999998,-12422.52,-4239.99
-10750.68,-11578.14,-22154.85,-6396.974999999999,497.15999999999997,-30000.465,-12461.805,-4245.03
-10723.185,-11552.265,-22131.36,-6378.4349999999995,511.91999999999996,-30008.925,-12511.215,-4230.09
-10726.92,-11555.955,-22134.915,-6382.304999999999,512.9549999999999,-29985.93,-12448.8,-4233.195
-10748.565,-11579.22,-22160.204999999998,-6414.929999999999,473.35499999999996,-30041.46,-12425.175,-4237.0199999999995
-10800.0,-11642.22,-22221.045,-6490.485,390.06,-30129.84,-12503.475,-4282.695
-10810.664999999999,-11664.63,-22254.3,-6528.509999999999,375.57,-30023.235,-12435.029999999999,-4282.245
-10754.64,-11598.84,-22188.195,-6457.32,445.85999999999996,-29935.17,-12358.439999999999,-4226.805
-10719.855,-11546.595,-22125.239999999998,-6354.54,544.185,-29942.64,-12436.74,-4221.2699999999995
-10731.06,-11556.09,-22135.14,-6357.6449999999995,535.185,-29986.785,-12462.029999999999,-4238.505
-10754.414999999999,-11572.38,-22144.454999999998,-6381.675,517.005,-29971.44,-12486.06,-4269.465
-10746.18,-11560.41,-22133.655,-6378.344999999999,536.535,-29935.305,-12483.27,-4271.49
-10730.205,-11544.164999999999,-22119.84,-6377.49,555.2099999999999,-29902.949999999997,-12388.994999999999,-4237.245
-10732.455,-11560.275,-22134.645,-6394.365,540.63,-29910.239999999998,-12326.49,-4209.525
-10739.52,-11586.33,-22164.48,-6398.639999999999,528.795,-29955.059999999998,-12419.279999999999,-4220.1449999999995
-10771.92,-11619.539999999999,-22193.954999999998,-6414.165,471.06,-30013.739999999998,-12451.23,-4246.74
-10766.43,-11597.715,-22177.53,-6412.094999999999,457.56,-30006.855,-12436.109999999999,-4247.19
-10760.895,-11594.609999999999,-22176.315,-6402.0599999999995,500.98499999999996,-29979.449999999997,-12428.505,-4247.46
-10762.47,-11599.515,-22190.219999999998,-6422.49,501.93,-29983.905,-12431.97,-4251.195
-10760.265,-11594.52,-22202.504999999997,-6422.355,510.65999999999997,-29981.61,-12432.555,-4252.7699999999995
-10758.24,-11588.039999999999,-22190.489999999998,-6403.59,513.855,-29976.795,-12442.095,-4253.94
-10754.82,-11578.949999999999,-22152.69,-6399.675,521.685,-29974.094999999998,-12454.695,-4255.0199999999995
-10762.154999999999,-11581.875,-22142.52,-6411.42,513.405,-29967.614999999998,-12437.055,-4258.125
-10753.199999999999,-11574.675,-22149.045,-6425.865,510.615,-29972.07,-12419.145,-4251.15
-10722.24,-11536.064999999999,-22113.855,-6405.84,509.58,-29945.024999999998,-12399.66,-4237.29
-10738.98,-11552.49,-22130.01,-6406.965,494.46,-29963.699999999997,-12388.005,-4255.0199999999995
-10792.17,-11626.56,-22211.504999999997,-6496.155,384.705,-30089.61,-12495.645,-4286.88
-10802.205,-11646.045,-22238.864999999998,-6515.235,366.57,-30098.52,-12551.76,-4292.28
-10758.465,-11579.039999999999,-22157.235,-6404.8949999999995,493.245,-29994.254999999997,-12501.99,-4268.115
-10702.664999999999,-11517.93,-22073.355,-6272.28,583.11,-29999.925,-12482.82,-4219.875
-10703.115,-11518.289999999999,-22076.19,-6290.775,543.24,-30011.94,-12485.295,-4217.13
-10761.119999999999,-11574.765,-22145.265,-6383.925,486.18,-29999.295,-12500.595,-4266.855
-10740.105,-11552.039999999999,-22130.055,-6380.594999999999,483.57,-30013.425,-12497.22,-4257.63
-10756.44,-11584.215,-22165.065,-6417.405,482.445,-29956.454999999998,-12403.8,-4250.97
-10757.16,-11598.255,-22179.87,-6420.33,509.445,-29888.954999999998,-12349.619999999999,-4227.705
-10762.109999999999,-11600.64,-22177.62,-6421.634999999999,486.18,-29959.92,-12397.14,-4229.415
-10793.789999999999,-11624.67,-22191.48,-6420.014999999999,485.01,-29986.289999999997,-12456.72,-4284.2699999999995
-10782.765,-11609.865,-22187.835,-6422.445,481.40999999999997,-29986.92,-12438.63,-4290.12
-10735.425,-11559.105,-22143.329999999998,-6386.355,513.63,-29984.129999999997,-12413.789999999999,-4229.505
-10723.32,-11556.855,-22139.73,-6378.84,511.02,-30020.805,-12475.17,-4213.035
-10765.529999999999,-11601.539999999999,-22182.704999999998,-6427.304999999999,461.47499999999997,-30029.129999999997,-12483.63,-4263.12
-10785.645,-11645.955,-22219.829999999998,-6459.795,437.13,-30007.934999999998,-12447.449999999999,-4268.34
-10761.345,-11616.48,-22200.614999999998,-6447.33,447.12,-30063.105,-12443.67,-4245.48
-10753.38,-11571.93,-22158.495,-6422.8949999999995,464.98499999999996,-30063.195,-12433.904999999999,-4237.92
-10726.289999999999,-11537.1,-22119.39,-6379.335,499.40999999999997,-30002.895,-12408.93,-4230.09
-10674.315,-11492.955,-22069.62,-6316.605,557.01,-29946.149999999998,-12369.869999999999,-4196.61
-10701.449999999999,-11532.645,-22107.51,-6335.19,584.505,-29836.17,-12367.529999999999,-4220.595
-10788.39,-11608.47,-22188.015,-6424.065,503.01,-29909.43,-12485.789999999999,-4289.625
-10782.63,-11608.56,-22186.53,-6423.389999999999,490.04999999999995,-29963.969999999998,-12501.404999999999,-4282.11
-10718.19,-11547.675,-22129.695,-6371.37,518.5799999999999,-29992.094999999998,-12457.125,-4211.55
-10772.234999999999,-11605.185,-22187.565,-6447.69,431.64,-30079.215,-12464.279999999999,-4243.59
-10780.65,-11616.975,-22200.39,-6461.73,432.675,-30039.885,-12458.744999999999,-4259.79
-10742.13,-11573.73,-22160.204999999998,-6424.695,485.145,-29971.215,-12442.275,-4238.639999999999
-10735.02,-11554.695,-22130.37,-6380.865,538.38,-29956.41,-12482.369999999999,-4253.175
-10771.605,-11593.98,-22161.51,-6378.48,539.55,-29930.94,-12414.465,-4276.53
-10772.82,-11596.095,-22171.23,-6395.8949999999995,478.84499999999997,-29992.454999999998,-12405.645,-4270.905
-10774.44,-11600.234999999999,-22182.165,-6430.139999999999,445.32,-30044.295,-12447.449999999999,-4268.205
-10773.945,-11613.869999999999,-22208.489999999998,-6459.974999999999,428.35499999999996,-30062.114999999998,-12493.17,-4265.955
-10740.465,-11582.324999999999,-22169.024999999998,-6401.07,513.99,-29966.985,-12445.92,-4229.865
-10715.265,-11554.74,-22122.629999999997,-6341.49,582.345,-29929.86,-12441.689999999999,-4220.415
-10746.81,-11570.445,-22150.71,-6395.8949999999995,499.72499999999997,-30006.585,-12426.705,-4248.764999999999
-10790.279999999999,-11618.91,-22198.815,-6454.665,410.53499999999997,-30075.57,-12437.91,-4272.57
-10780.515,-11627.865,-22211.954999999998,-6459.705,415.34999999999997,-30046.184999999998,-12448.664999999999,-4246.0199999999995
-10723.005,-11556.09,-22139.55,-6381.045,526.3199999999999,-29942.145,-12429.494999999999,-4211.865
-10730.07,-11550.914999999999,-22122.719999999998,-6374.745,514.17,-29968.605,-12451.05,-4233.42
-10760.265,-11582.01,-22150.035,-6408.855,481.95,-29978.55,-12449.564999999999,-4261.68
-10777.41,-11598.029999999999,-22170.87,-6428.115,478.66499999999996,-29970.899999999998,-12451.904999999999,-4279.995
-10779.93,-11600.414999999999,-22175.01,-6421.05,476.955,-29970.675,-12447.765,-4278.78
-10767.195,-11592.72,-22179.239999999998,-6414.615,472.455,-29989.98,-12443.805,-4258.215
-10753.289999999999,-11572.47,-22178.565,-6410.79,572.4449999999999,-29947.23,-12438.27,-4257.764999999999
-10745.145,-11556.225,-22153.77,-6424.965,591.93,-29909.789999999997,-12439.305,-4268.07
-10751.715,-11570.805,-22145.399999999998,-6437.969999999999,530.55,-29980.44,-12449.835,-4269.33
-10774.71,-11628.27,-22211.235,-6458.445,445.365,-30047.67,-12451.14,-4238.865
-10757.43,-11611.35,-22203.899999999998,-6451.245,406.08,-30042.629999999997,-12405.914999999999,-4219.695
-10746.855,-11580.029999999999,-22154.535,-6385.05,453.10499999999996,-30014.1,-12412.89,-4229.865
-10750.455,-11575.08,-22140.719999999998,-6343.605,507.825,-29992.364999999998,-12448.08,-4242.465
-10756.619999999999,-11574.045,-22142.114999999998,-6364.3949999999995,516.51,-29950.785,-12455.775,-4263.3
-10763.55,-11576.97,-22143.42,-6373.665,509.31,-29952.18,-12449.07,-4275.54
-10763.19,-11587.814999999999,-22158.765,-6394.59,484.78499999999997,-30007.485,-12449.609999999999,-4246.245
-10760.805,-11593.529999999999,-22171.05,-6412.139999999999,480.555,-30014.82,-12447.99,-4238.055
-10773.404999999999,-11609.369999999999,-22191.48,-6440.3099999999995,463.995,-30011.265,-12476.789999999999,-4260.42
-10745.19,-11586.24,-22169.61,-6418.755,469.89,-30005.1,-12441.015,-4228.155
-10732.859999999999,-11566.125,-22144.454999999998,-6382.215,509.35499999999996,-29980.62,-12410.1,-4221.945
-10736.865,-11562.57,-22143.195,-6379.5599999999995,494.90999999999997,-30016.664999999997,-12490.83,-4245.12
-10737.945,-11561.58,-22142.34,-6394.275,475.78499999999997,-30034.934999999998,-12515.355,-4246.065
-10777.815,-11607.164999999999,-22184.415,-6436.844999999999,442.08,-30012.164999999997,-12440.88,-4270.05
-10763.595,-11588.58,-22157.37,-6397.785,483.65999999999997,-30005.37,-12440.789999999999,-4272.525
-10714.185,-11528.505,-22104.945,-6352.335,520.02,-30031.92,-12504.015,-4247.505
-10757.07,-11577.779999999999,-22162.32,-6418.08,454.09499999999997,-30083.355,-12479.355,-4275.045
-10773.135,-11603.52,-22180.77,-6418.62,476.685,-30042.765,-12455.73,-4275.855
-10747.98,-11595.105,-22175.82,-6408.045,503.54999999999995,-29962.26,-12399.119999999999,-4227.255
-10735.74,-11594.789999999999,-22165.425,-6392.429999999999,517.9499999999999,-29904.704999999998,-12376.35,-4205.205
-10747.664999999999,-11591.685,-22158.27,-6384.33,520.155,-29926.89,-12354.345,-4227.84
-10726.154999999999,-11547.72,-22125.465,-6369.165,539.1,-29919.239999999998,-12403.17,-4227.615
-10746.18,-11579.22,-22166.774999999998,-6416.955,481.40999999999997,-30013.379999999997,-12564.404999999999,-4268.25
-10813.41,-11654.775,-22240.079999999998,-6497.28,398.96999999999997,-30118.545,-12556.529999999999,-4302.224999999999
-10737.09,-11587.59,-22166.864999999998,-6420.24,486.27,-30028.815,-12412.305,-4213.215
-10719.135,-11548.395,-22128.12,-6347.07,568.755,-29902.364999999998,-12356.145,-4214.79
-10769.22,-11579.31,-22142.204999999998,-6363.224999999999,525.96,-29898.629999999997,-12392.055,-4257.8099999999995
-10740.69,-11560.32,-22124.295,-6344.1449999999995,556.38,-29898.719999999998,-12423.824999999999,-4231.17
-10736.055,-11545.875,-22119.21,-6356.205,528.435,-29979.225,-12494.25,-4250.745
-10786.23,-11615.039999999999,-22194.225,-6433.245,458.90999999999997,-30029.895,-12477.375,-4270.365
-10789.38,-11630.385,-22212.855,-6446.025,461.43,-29991.645,-12386.115,-4243.5
-10736.775,-11558.07,-22137.165,-6376.365,519.84,-29959.469999999998,-12390.029999999999,-4224.285
-10734.3,-11561.4,-22142.475,-6381.36,504.53999999999996,-29997.09,-12429.045,-4227.12
-10758.779999999999,-11584.98,-22164.03,-6411.195,459.63,-30048.975,-12516.885,-4265.955
-10773.404999999999,-11584.935,-22158.495,-6419.5199999999995,459.585,-30012.66,-12558.33,-4302.045
-10786.68,-11603.025,-22178.34,-6431.13,465.57,-29978.64,-12521.925,-4310.28
-10818.99,-11657.564999999999,-22236.93,-6471.54,431.28,-30026.34,-12412.8,-4289.715
-10788.345,-11622.375,-22192.649999999998,-6411.554999999999,496.935,-29993.445,-12372.119999999999,-4251.735
-10757.925,-11585.744999999999,-22157.91,-6390.0,511.515,-29979.719999999998,-12436.47,-4245.21
-10746.81,-11580.57,-22157.28,-6392.565,505.48499999999996,-29987.504999999997,-12448.89,-4229.595
-10762.38,-11595.645,-22169.204999999998,-6400.9349999999995,505.575,-29971.215,-12441.24,-4246.29
-10767.24,-11601.72,-22188.015,-6418.9349999999995,501.12,-29974.995,-12435.48,-4252.23
-10757.88,-11598.705,-22215.555,-6448.32,486.135,-29991.059999999998,-12449.43,-4248.2699999999995
-10744.065,-11581.38,-22196.07,-6434.28,492.34499999999997,-29997.09,-12477.914999999999,-4253.49
-10741.455,-11559.105,-22114.575,-6381.315,506.655,-29951.954999999998,-12475.845,-4264.0199999999995
-10758.6,-11581.83,-22128.48,-6393.915,495.81,-29951.19,-12432.015,-4260.599999999999
-10764.27,-11596.365,-22164.975,-6416.955,477.63,-29998.62,-12425.76,-4253.58
-10743.119999999999,-11575.484999999999,-22157.594999999998,-6443.37,474.435,-30011.805,-12438.494999999999,-4231.98
-10745.234999999999,-11580.029999999999,-22166.1,-6480.2699999999995,476.28,-30001.32,-12446.505,-4237.74
-10762.92,-11603.115,-22192.92,-6461.28,477.135,-29970.495,-12414.015,-4248.2699999999995
-10746.945,-11586.15,-22170.96,-6389.235,497.835,-29989.215,-12416.039999999999,-4232.745
-10749.914999999999,-11584.664999999999,-22170.555,-6414.615,485.82,-30025.89,-12452.265,-4245.075
-10752.029999999999,-11581.695,-22167.27,-6430.59,461.15999999999997,-30061.62,-12463.695,-4256.415
-10724.67,-11546.955,-22127.175,-6395.759999999999,459.945,-30022.289999999997,-12434.715,-4237.785
-10739.115,-11558.97,-22135.004999999997,-6371.82,496.03499999999997,-29927.295,-12445.47,-4261.815
-10792.664999999999,-11619.494999999999,-22199.895,-6417.09,471.51,-29953.98,-12486.015,-4302.0
-10750.005,-11594.43,-22194.765,-6432.57,457.56,-30024.315,-12462.21,-4232.97
-10727.324999999999,-11573.955,-22156.2,-6409.755,468.63,-30049.649999999998,-12443.85,-4204.845
-10722.33,-11569.365,-22147.065,-6395.94,448.38,-30051.989999999998,-12451.904999999999,-4207.05
-10693.17,-11508.57,-22080.239999999998,-6305.4,554.85,-30024.0,-12462.66,-4207.095
-10716.975,-11527.154999999999,-22096.89,-6341.8949999999995,503.54999999999995,-30053.16,-12480.57,-4239.224999999999
-10789.38,-11631.869999999999,-22220.46,-6486.165,343.485,-30180.329999999998,-12520.484999999999,-4270.5
-10788.795,-11628.045,-22211.415,-6460.155,383.21999999999997,-30098.925,-12514.095,-4261.724999999999
-10766.16,-11607.795,-22183.695,-6406.38,489.59999999999997,-29961.27,-12413.205,-4238.639999999999
-10740.285,-11582.055,-22154.04,-6364.844999999999,568.53,-29854.62,-12370.545,-4226.4
-10762.515,-11614.365,-22180.995,-6381.2699999999995,561.735,-29861.504999999997,-12394.8,-4247.55
-10768.77,-11618.189999999999,-22191.704999999998,-6407.82,507.59999999999997,-29936.655,-12426.885,-4245.12
-10759.815,-11584.484999999999,-22163.985,-6402.195,501.47999999999996,-29949.66,-12416.895,-4249.17
-10745.505,-11566.17,-22141.844999999998,-6378.795,527.535,-29929.274999999998,-12400.199999999999,-4237.965
-10762.289999999999,-11595.285,-22170.6,-6404.535,494.19,-29978.414999999997,-12440.564999999999,-4255.5599999999995
-10789.02,-11637.765,-22216.68,-6446.429999999999,444.465,-30033.855,-12495.869999999999,-4286.25
-10779.795,-11613.105,-22189.364999999998,-6426.224999999999,464.895,-30010.32,-12491.955,-4278.15
-10755.539999999999,-11583.945,-22161.69,-6404.804999999999,490.59,-29985.614999999998,-12459.869999999999,-4246.83
-10754.279999999999,-11594.654999999999,-22162.59,-6394.455,504.27,-29975.67,-12462.48,-4256.91
-10766.744999999999,-11607.39,-22168.53,-6395.264999999999,509.265,-29939.715,-12444.074999999999,-4273.38
-10745.055,-11560.365,-22125.6,-6355.98,549.045,-29921.489999999998,-12492.539999999999,-4272.795
-10752.93,-11546.73,-22116.645,-6364.62,513.855,-30012.75,-12558.645,-4286.295
-10799.145,-11620.755,-22198.32,-6447.6449999999995,433.53,-30066.84,-12491.324999999999,-4296.014999999999
-10764.0,-11592.72,-22171.59,-6414.4349999999995,475.38,-30005.28,-12434.85,-4253.04
-10722.555,-11546.1,-22117.77,-6350.264999999999,557.73,-29902.274999999998,-12369.779999999999,-4206.014999999999
-10719.404999999999,-11534.58,-22100.355,-6326.505,591.2099999999999,-29874.555,-12364.064999999999,-4202.6849999999995
-10780.605,-11603.789999999999,-22175.01,-6400.755,521.055,-29933.954999999998,-12395.16,-4256.325
-10778.715,-11615.13,-22207.32,-6426.045,487.48499999999996,-29964.015,-12414.015,-4256.1449999999995
-10763.369999999999,-11610.539999999999,-22228.469999999998,-6439.365,456.255,-30013.649999999998,-12463.65,-4242.24
-10766.744999999999,-11614.68,-22213.89,-6428.88,453.87,-30024.719999999998,-12460.005,-4247.28
-10766.565,-11610.99,-22187.79,-6405.84,469.08,-30005.954999999998,-12414.42,-4240.755
-10742.085,-11573.189999999999,-22156.155,-6367.23,517.005,-29954.475,-12412.98,-4232.79
-10712.789999999999,-11532.555,-22111.515,-6347.205,570.1949999999999,-29910.059999999998,-12417.029999999999,-4219.605
-10743.345,-11558.744999999999,-22120.155,-6396.075,520.74,-29950.92,-12396.105,-4244.22
-10773.99,-11609.145,-22186.305,-6451.38,438.57,-30036.105,-12452.22,-4258.845
-10789.875,-11633.49,-22216.59,-6467.49,432.35999999999996,-30030.57,-12492.539999999999,-4277.115
-10781.64,-11620.89,-22234.094999999998,-6484.094999999999,430.60499999999996,-30029.76,-12470.085,-4277.79
-10758.96,-11616.615,-22269.78,-6537.6449999999995,403.10999999999996,-30054.96,-12479.76,-4243.815
-10746.225,-11609.865,-22236.614999999998,-6528.735,399.645,-30065.715,-12489.975,-4232.88
-10761.795,-11620.98,-22212.899999999998,-6515.55,399.555,-30054.51,-12484.215,-4251.78
-10760.265,-11618.055,-22248.495,-6478.83,462.645,-29979.36,-12462.93,-4250.115
-10753.875,-11596.635,-22197.375,-6400.53,495.63,-29952.765,-12428.189999999999,-4241.43
-10753.425,-11583.045,-22145.129999999997,-6350.3099999999995,523.035,-29953.62,-12424.545,-4243.095
-10759.14,-11580.255,-22148.415,-6390.719999999999,498.59999999999997,-29983.5,-12451.949999999999,-4254.345
-10768.68,-11592.314999999999,-22163.309999999998,-6434.865,471.015,-29995.065,-12476.25,-4272.12
-10761.66,-11593.484999999999,-22198.77,-6446.205,481.275,-29994.885,-12487.095,-4267.9349999999995
-10746.225,-11595.105,-22253.355,-6440.264999999999,511.83,-29981.789999999997,-12450.779999999999,-4237.965
-10738.574999999999,-11584.529999999999,-22243.32,-6439.5,493.46999999999997,-29996.414999999997,-12431.744999999999,-4231.17
-10711.215,-11533.949999999999,-22124.79,-6363.54,496.26,-29989.395,-12469.635,-4235.67
-10737.045,-11553.525,-22119.795,-6351.12,486.495,-30015.315,-12483.314999999999,-4261.05
-10804.68,-11649.42,-22239.54,-6436.215,362.925,-30164.085,-12535.109999999999,-4285.125
-10770.435,-11605.185,-22176.495,-6452.594999999999,396.135,-30163.454999999998,-12525.164999999999,-4260.78
-10752.525,-11572.92,-22118.67,-6419.79,471.195,-30013.92,-12445.965,-4253.8949999999995
-10771.515,-11592.72,-22149.945,-6389.325,516.555,-29887.245,-12408.66,-4277.474999999999
-10766.789999999999,-11608.109999999999,-22174.469999999998,-6398.55,513.9,-29907.27,-12411.18,-4255.65
-10754.369999999999,-11604.375,-22175.864999999998,-6398.82,485.055,-29984.715,-12418.289999999999,-4230.8099999999995
-10743.66,-11574.18,-22155.254999999997,-6394.59,477.22499999999997,-30032.1,-12443.175,-4239.045
-10770.255,-11589.84,-22169.07,-6411.6449999999995,478.62,-30023.145,-12479.49,-4266.18
-10809.99,-11633.939999999999,-22207.094999999998,-6447.24,457.245,-30002.265,-12480.3,-4293.855
-10783.845,-11611.664999999999,-22192.875,-6435.764999999999,454.32,-30008.565,-12451.725,-4269.6449999999995
-10705.994999999999,-11520.9,-22090.815,-6329.565,563.4,-29908.62,-12397.545,-4205.97
-10705.095,-11515.095,-22082.715,-6318.045,585.18,-29883.195,-12358.305,-4204.305
-10722.6,-11555.01,-22131.315,-6361.2,553.4549999999999,-29876.85,-12387.42,-4213.215
-10717.92,-11548.935,-22131.405,-6366.735,529.605,-29945.565,-12455.505,-4225.545
-10753.38,-11584.17,-22167.54,-6407.865,482.76,-30007.574999999997,-12511.17,-4257.63
-10797.75,-11634.66,-22217.579999999998,-6457.905,434.88,-30042.36,-12504.824999999999,-4278.555
-10759.005,-11584.98,-22154.715,-6387.075,509.805,-29964.42,-12443.265,-4257.36
-10756.574999999999,-11586.15,-22150.215,-6373.844999999999,530.145,-29926.035,-12405.555,-4265.73
-10805.715,-11654.505,-22235.175,-6461.415,434.88,-30025.89,-12456.675,-4300.74
-10796.805,-11632.14,-22224.78,-6460.83,440.64,-30022.695,-12484.17,-4278.6449999999995
-10738.08,-11557.484999999999,-22138.92,-6379.469999999999,522.765,-29947.364999999998,-12474.314999999999,-4237.605
-10755.585,-11575.8,-22148.864999999998,-6376.995,535.77,-29938.995,-12478.949999999999,-4263.66
-10785.06,-11632.455,-22204.079999999998,-6430.995,473.715,-29997.675,-12464.1,-4269.33
-10778.76,-11652.93,-22235.715,-6463.62,430.245,-30042.045,-12441.734999999999,-4234.41
-10757.43,-11605.365,-22193.954999999998,-6430.59,467.325,-29985.93,-12395.16,-4219.29
-10756.619999999999,-11577.869999999999,-22170.105,-6420.554999999999,471.78,-29978.235,-12419.955,-4238.6849999999995
-10771.02,-11589.164999999999,-22177.575,-6424.83,466.065,-30000.69,-12428.414999999999,-4258.755
-10772.595,-11593.529999999999,-22174.605,-6412.679999999999,481.635,-30014.414999999997,-12475.215,-4274.415
-10770.705,-11590.65,-22170.6,-6406.155,487.935,-30002.039999999997,-12465.945,-4273.425
-10760.58,-11573.414999999999,-22148.82,-6394.679999999999,477.35999999999996,-30025.395,-12436.74,-4255.0199999999995
-10731.24,-11559.195,-22144.995,-6396.255,472.68,-30042.225,-12465.359999999999,-4220.28
-10707.119999999999,-11536.605,-22121.504999999997,-6374.07,503.145,-29990.204999999998,-12427.289999999999,-4197.24
-10728.0,-11557.08,-22144.32,-6385.455,520.92,-29928.735,-12403.845,-4221.72
-10765.484999999999,-11591.55,-22178.204999999998,-6412.32,492.435,-29974.274999999998,-12436.199999999999,-4259.07
-10801.17,-11632.68,-22216.094999999998,-6456.24,430.155,-30066.164999999997,-12456.855,-4281.03
-10771.875,-11608.02,-22187.565,-6419.969999999999,474.97499999999997,-30028.59,-12479.265,-4253.67
-10756.08,-11595.465,-22179.195,-6418.575,483.525,-29983.68,-12449.744999999999,-4239.855
-10762.109999999999,-11602.755,-22193.64,-6441.344999999999,473.445,-29973.465,-12444.615,-4247.099999999999
-10762.83,-11601.855,-22208.805,-6445.53,470.52,-29980.079999999998,-12466.845,-4255.5599999999995
-10757.654999999999,-11593.305,-22208.895,-6447.915,468.27,-29996.19,-12454.92,-4253.8949999999995
-10768.05,-11609.865,-22232.52,-6507.495,417.51,-30022.649999999998,-12440.475,-4255.83
-10762.289999999999,-11606.939999999999,-22213.125,-6519.0599999999995,420.21,-30019.05,-12476.295,-4254.93
-10754.01,-11595.42,-22182.344999999998,-6459.4349999999995,458.90999999999997,-30043.305,-12503.025,-4251.24
-10753.47,-11578.23,-22148.325,-6361.695,531.585,-30064.77,-12510.314999999999,-4250.97
-10759.815,-11580.164999999999,-22151.114999999998,-6349.365,576.855,-29952.225,-12490.515,-4260.285
-10750.77,-11566.935,-22135.545,-6395.849999999999,561.51,-29877.164999999997,-12440.97,-4262.49
-10762.289999999999,-11568.15,-22133.204999999998,-6393.0599999999995,505.03499999999997,-29901.239999999998,-12384.135,-4279.905
-10747.619999999999,-11572.65,-22147.739999999998,-6369.57,524.025,-29940.434999999998,-12381.48,-4240.215
-10695.24,-11528.055,-22102.695,-6317.1449999999995,550.305,-29958.93,-12437.145,-4189.139999999999
-10660.77,-11468.475,-22038.39,-6274.665,574.8299999999999,-29964.329999999998,-12451.814999999999,-4198.32
-10700.19,-11495.835,-22067.684999999998,-6313.455,520.155,-30040.02,-12456.0,-4257.405
-10839.195,-11674.125,-22271.219999999998,-6514.605,354.375,-30124.035,-12517.605,-4338.2699999999995
-10865.97,-11739.195,-22334.85,-6579.405,370.84499999999997,-30025.485,-12524.49,-4316.4
-10797.66,-11648.835,-22232.43,-6469.695,501.885,-29960.504999999997,-12472.47,-4266.18
-10775.565,-11606.895,-22189.23,-6403.679999999999,532.26,-29971.574999999997,-12451.32,-4244.94
-10774.71,-11603.07,-22183.2,-6388.0199999999995,522.36,-29990.789999999997,-12455.82,-4249.755
-10784.025,-11607.84,-22187.475,-6413.3099999999995,503.865,-30014.504999999997,-12483.494999999999,-4281.75
-10783.17,-11615.13,-22190.895,-6427.17,463.40999999999997,-30006.585,-12445.56,-4285.755
-10764.9,-11609.775,-22187.745,-6415.514999999999,452.745,-29984.309999999998,-12446.055,-4250.295
-10739.295,-11574.045,-22157.46,-6393.24,477.35999999999996,-29999.745,-12477.914999999999,-4222.845
-10757.565,-11583.404999999999,-22168.305,-6409.304999999999,462.78,-30028.68,-12464.865,-4248.0
-10777.32,-11615.355,-22192.379999999997,-6428.474999999999,468.495,-29986.199999999997,-12422.744999999999,-4254.4349999999995
-10781.64,-11630.699999999999,-22203.719999999998,-6421.815,499.455,-29957.445,-12447.72,-4258.3949999999995
-10773.63,-11614.725,-22191.614999999998,-6414.705,495.405,-29995.559999999998,-12453.164999999999,-4258.17
-10749.465,-11581.74,-22163.085,-6394.995,502.28999999999996,-29986.515,-12415.77,-4239.045
-10752.84,-11563.605,-22147.515,-6391.44,495.405,-30002.625,-12459.779999999999,-4256.82
-10790.055,-11609.01,-22193.325,-6439.95,453.33,-30025.215,-12488.67,-4287.24
-10778.039999999999,-11613.555,-22197.105,-6436.3949999999995,467.19,-30000.555,-12444.39,-4261.815
-10771.47,-11624.939999999999,-22196.969999999998,-6425.91,469.84499999999997,-30006.629999999997,-12405.42,-4246.2
-10725.074999999999,-11570.625,-22149.765,-6384.33,498.645,-29994.704999999998,-12438.675,-4219.47
-10702.845,-11512.845,-22097.475,-6349.23,528.03,-29979.989999999998,-12458.07,-4205.43
-10741.23,-11562.84,-22142.655,-6384.554999999999,505.71,-29984.175,-12428.1,-4239.0
-10782.945,-11625.84,-22203.899999999998,-6428.7,478.62,-29998.754999999997,-12489.615,-4282.83
-10754.01,-11583.855,-22169.16,-6405.795,489.91499999999996,-30033.36,-12541.545,-4271.49
-10781.369999999999,-11588.175,-22167.675,-6419.969999999999,472.54499999999996,-30036.285,-12542.085,-4300.0199999999995
-10759.545,-11574.765,-22149.0,-6403.995,497.88,-29972.385,-12475.035,-4263.165
-10732.545,-11552.939999999999,-22133.745,-6374.07,530.505,-29939.94,-12388.68,-4225.365
-10763.279999999999,-11590.064999999999,-22178.16,-6416.955,481.09499999999997,-29993.715,-12418.965,-4258.665
-10802.16,-11634.255,-22218.254999999997,-6462.855,435.73499999999996,-30028.14,-12453.705,-4293.315
-10760.22,-11588.58,-22177.26,-6424.11,486.405,-29977.335,-12482.189999999999,-4259.07
-10747.215,-11578.32,-22190.219999999998,-6424.0199999999995,504.63,-29969.055,-12474.09,-4246.38
-10738.89,-11577.779999999999,-22189.815,-6416.73,513.18,-29976.254999999997,-12426.074999999999,-4228.74
-10768.635,-11606.039999999999,-22191.12,-6434.73,488.78999999999996,-29990.879999999997,-12420.72,-4244.94
-10807.154999999999,-11648.295,-22232.204999999998,-6463.08,445.09499999999997,-30056.535,-12488.31,-4266.54
-10752.345,-11585.88,-22182.93,-6425.955,450.135,-30078.989999999998,-12534.435,-4240.17
-10743.39,-11573.189999999999,-22146.84,-6429.105,431.37,-30067.965,-12496.455,-4236.75
-10796.22,-11634.029999999999,-22206.645,-6454.71,420.79499999999996,-30055.454999999998,-12475.215,-4276.665
-10835.55,-11678.355,-22269.239999999998,-6521.445,425.29499999999996,-30052.574999999997,-12475.89,-4310.955
-10776.914999999999,-11608.064999999999,-22194.719999999998,-6453.405,498.78,-29972.204999999998,-12448.98,-4269.78
-10758.645,-11585.97,-22169.295,-6442.0199999999995,498.96,-29948.489999999998,-12420.945,-4254.885
-10779.164999999999,-11610.494999999999,-22196.745,-6440.94,483.93,-29965.14,-12359.43,-4260.014999999999
-10769.625,-11604.33,-22182.344999999998,-6388.065,507.69,-29995.605,-12458.295,-4252.59
-10760.085,-11591.64,-22160.969999999998,-6383.115,512.595,-30015.765,-12493.125,-4245.75
-10759.59,-11592.539999999999,-22164.39,-6412.1849999999995,510.885,-29994.164999999997,-12467.25,-4250.43
-10747.89,-11581.244999999999,-22163.67,-6394.905,538.785,-29920.184999999998,-12427.47,-4246.38
-10733.535,-11552.58,-22138.335,-6360.795,543.015,-29922.704999999998,-12474.494999999999,-4246.155
-10766.43,-11584.305,-22149.045,-6402.014999999999,514.53,-29993.355,-12553.47,-4275.495
-10817.64,-11658.42,-22242.96,-6513.66,460.62,-30025.71,-12549.51,-4304.115
-10773.765,-11621.835,-22245.12,-6461.235,487.305,-30027.914999999997,-12470.58,-4248.764999999999
-10747.08,-11590.244999999999,-22218.3,-6405.344999999999,478.08,-30026.655,-12428.775,-4223.34
-10768.14,-11606.805,-22215.69,-6411.6449999999995,455.76,-30049.829999999998,-12472.515,-4261.68
-10780.56,-11606.22,-22193.145,-6429.105,432.135,-30018.78,-12452.22,-4272.21
-10762.695,-11578.77,-22134.915,-6406.0199999999995,468.405,-29975.895,-12425.49,-4256.415
-10744.02,-11558.97,-22124.475,-6392.025,505.34999999999997,-29987.64,-12482.145,-4251.195
-10729.619999999999,-11535.48,-22102.875,-6334.245,553.635,-29973.285,-12535.289999999999,-4252.545
-10762.065,-11582.955,-22150.844999999998,-6376.815,525.3299999999999,-29970.315,-12515.265,-4249.349999999999
-10785.779999999999,-11629.08,-22206.51,-6433.83,471.24,-30002.265,-12443.805,-4246.74
-10795.095,-11631.734999999999,-22215.42,-6442.38,461.15999999999997,-30009.51,-12434.265,-4268.655
-10776.375,-11612.925,-22202.055,-6442.965,445.635,-30057.93,-12498.705,-4271.355
-10754.055,-11599.785,-22184.145,-6430.86,428.625,-30105.045,-12576.33,-4264.0199999999995
-10766.295,-11607.84,-22193.19,-6427.665,451.84499999999997,-30049.02,-12546.945,-4274.505
-10779.57,-11600.55,-22179.195,-6413.58,504.35999999999996,-29939.489999999998,-12459.51,-4264.695
-10757.88,-11589.164999999999,-22162.14,-6395.4,517.23,-29934.495,-12404.744999999999,-4234.1849999999995
-10683.494999999999,-11525.939999999999,-22101.93,-6331.905,543.645,-29966.175,-12399.66,-4182.075
-10694.43,-11530.395,-22108.05,-6336.045,537.12,-29994.93,-12448.439999999999,-4200.389999999999
-10804.59,-11632.095,-22226.895,-6472.665,427.77,-30042.629999999997,-12500.279999999999,-4283.73
-10847.744999999999,-11690.369999999999,-22290.57,-6533.505,378.36,-30047.039999999997,-12464.865,-4306.23
-10808.685,-11640.645,-22225.77,-6466.634999999999,445.005,-29987.414999999997,-12428.595,-4291.47
-10786.095,-11621.43,-22203.54,-6431.804999999999,484.10999999999996,-29964.105,-12473.189999999999,-4261.32
-10770.84,-11593.89,-22173.165,-6401.5199999999995,501.435,-29998.62,-12527.685,-4252.995
-10728.494999999999,-11551.994999999999,-22134.78,-6377.985,506.655,-30007.754999999997,-12486.465,-4223.07
-10725.84,-11546.73,-22119.704999999998,-6367.32,515.97,-30003.93,-12476.43,-4226.805
-10751.58,-11571.074999999999,-22146.3,-6376.1849999999995,532.125,-29952.135,-12478.994999999999,-4254.3
-10761.84,-11588.715,-22164.66,-6390.405,519.885,-29932.559999999998,-12467.789999999999,-4262.49
-10769.535,-11594.16,-22177.079999999998,-6409.485,492.65999999999997,-29995.739999999998,-12444.705,-4258.44
-10772.055,-11596.814999999999,-22180.274999999998,-6424.875,467.145,-30042.18,-12494.654999999999,-4263.21
-10780.425,-11607.345,-22188.69,-6422.625,478.53,-30007.71,-12577.185,-4293.63
-10756.395,-11578.545,-22156.11,-6382.125,522.72,-29963.43,-12586.904999999999,-4286.97
-10772.91,-11592.045,-22178.879999999997,-6409.304999999999,492.12,-30000.42,-12500.505,-4273.92
-10750.904999999999,-11576.16,-22163.67,-6403.95,487.48499999999996,-30011.805,-12442.14,-4222.08
-10762.695,-11597.445,-22178.52,-6437.565,444.69,-30061.62,-12438.539999999999,-4227.345
-10757.744999999999,-11591.369999999999,-22177.575,-6438.33,447.79499999999996,-30046.32,-12450.42,-4235.445
-10777.904999999999,-11609.91,-22204.71,-6436.3949999999995,473.805,-29998.844999999998,-12496.455,-4262.715
-10778.13,-11616.75,-22221.54,-6442.155,494.505,-29968.92,-12457.305,-4249.9349999999995
-10789.875,-11629.8,-22231.754999999997,-6461.46,473.35499999999996,-29956.41,-12426.48,-4261.545
-10796.039999999999,-11631.689999999999,-22212.27,-6464.25,439.065,-30022.11,-12465.99,-4272.93
-10782.0,-11613.015,-22190.219999999998,-6437.745,436.455,-30054.555,-12511.529999999999,-4265.639999999999
-10783.08,-11615.85,-22200.12,-6439.995,444.51,-30017.52,-12480.84,-4264.5599999999995
-10771.74,-11602.845,-22185.809999999998,-6423.615,456.79499999999996,-29999.61,-12490.47,-4254.345
-10779.255,-11610.135,-22189.094999999998,-6398.6849999999995,490.635,-29964.6,-12436.154999999999,-4255.605
-10769.895,-11605.185,-22195.665,-6432.705,487.935,-29967.39,-12425.805,-4245.75
-10749.645,-11581.56,-22176.629999999997,-6452.19,504.81,-29995.199999999997,-12499.289999999999,-4239.2699999999995
-10757.88,-11582.775,-22173.57,-6415.245,516.06,-30010.635,-12521.07,-4254.165
-10773.63,-11601.765,-22204.89,-6403.1849999999995,523.8,-29987.864999999998,-12510.855,-4266.09
-10779.57,-11611.17,-22207.815,-6411.6449999999995,494.72999999999996,-29997.765,-12510.63,-4271.3099999999995
-10764.945,-11597.49,-22164.93,-6399.315,481.85999999999996,-30002.039999999997,-12481.289999999999,-4254.3
-10758.015,-11582.595,-22149.585,-6378.705,502.335,-29995.92,-12458.025,-4248.045
-10767.96,-11595.015,-22173.795,-6412.905,483.525,-30018.555,-12476.025,-4255.605
-10764.9,-11594.34,-22178.204999999998,-6429.0599999999995,462.825,-30016.215,-12487.635,-4250.43
-10747.755,-11575.125,-22159.485,-6400.53,472.22999999999996,-29991.824999999997,-12489.074999999999,-4236.705
-10765.71,-11595.105,-22176.45,-6407.37,471.96,-30018.329999999998,-12519.945,-4255.065
-10805.265,-11636.1,-22215.825,-6445.62,462.96,-30008.745,-12516.57,-4285.575
-10784.744999999999,-11606.67,-22184.594999999998,-6407.46,509.805,-29950.605,-12491.055,-4277.5199999999995
-10762.065,-11576.654999999999,-22153.14,-6378.929999999999,525.42,-29956.184999999998,-12509.55,-4279.545
-10766.744999999999,-11599.74,-22180.995,-6416.19,468.405,-30020.219999999998,-12443.22,-4259.25
-10764.63,-11602.664999999999,-22191.704999999998,-6435.495,436.635,-30069.675,-12425.805,-4234.095
-10731.42,-11550.195,-22139.145,-6382.08,501.12,-30012.75,-12448.755,-4229.91
-10708.47,-11514.42,-22093.875,-6322.815,583.245,-29912.399999999998,-12449.699999999999,-4238.19
-10706.355,-11522.025,-22103.684999999998,-6340.32,551.025,-29951.19,-12530.699999999999,-4234.05
-10756.935,-11600.64,-22190.129999999997,-6430.86,450.99,-30048.434999999998,-12517.92,-4243.005
-10809.585,-11673.63,-22261.364999999998,-6488.73,413.59499999999997,-30051.315,-12456.225,-4260.014999999999
-10772.955,-11619.359999999999,-22210.29,-6438.105,472.09499999999997,-30003.75,-12498.39,-4251.105
-10780.875,-11620.98,-22212.27,-6446.295,464.35499999999996,-29994.93,-12500.955,-4262.535
-10778.355,-11616.255,-22207.5,-6439.05,473.805,-29981.07,-12459.24,-4250.43
-10780.47,-11614.725,-22199.76,-6432.929999999999,466.695,-30030.75,-12474.359999999999,-4256.865
-10782.539999999999,-11612.654999999999,-22192.379999999997,-6423.75,464.4,-30067.92,-12501.99,-4266.99
-10786.815,-11608.56,-22190.715,-6427.3949999999995,465.435,-30063.239999999998,-12520.664999999999,-4288.68
-10785.24,-11601.045,-22181.579999999998,-6414.705,496.48499999999996,-29983.905,-12480.615,-4301.19
-10765.529999999999,-11592.494999999999,-22167.989999999998,-6394.32,506.43,-30017.835,-12457.664999999999,-4268.205
-10722.105,-11583.63,-22157.055,-6372.945,525.645,-30027.87,-12457.574999999999,-4195.125
-10723.725,-11562.3,-22151.34,-6373.889999999999,532.305,-29956.77,-12458.88,-4212.72
-10754.775,-11561.67,-22140.989999999998,-6375.24,539.37,-29903.445,-12447.314999999999,-4251.87
-10755.81,-11587.095,-22154.265,-6378.615,523.17,-29964.329999999998,-12492.18,-4264.875
-10781.955,-11634.795,-22221.765,-6449.219999999999,444.96,-30054.51,-12547.305,-4273.965
-10802.654999999999,-11642.49,-22241.7,-6485.67,412.74,-30066.614999999998,-12542.22,-4283.91
-10800.449999999999,-11617.83,-22211.415,-6459.705,439.425,-30052.395,-12526.38,-4296.465
-10803.105,-11621.97,-22204.62,-6444.405,462.87,-30039.254999999997,-12515.13,-4297.68
-10782.72,-11612.07,-22194.495,-6419.969999999999,495.71999999999997,-29993.355,-12464.505,-4269.195
-10737.765,-11563.515,-22149.585,-6377.8949999999995,534.8249999999999,-29959.245,-12500.414999999999,-4230.54
-10746.494999999999,-11567.835,-22155.165,-6394.32,508.59,-29973.239999999998,-12500.01,-4241.5199999999995
-10774.619999999999,-11602.035,-22194.809999999998,-6433.38,477.85499999999996,-29992.14,-12426.39,-4252.815
-10767.779999999999,-11593.89,-22196.565,-6413.849999999999,512.235,-29960.82,-12417.795,-4252.545
-10760.13,-11591.955,-22208.715,-6411.42,515.52,-29966.579999999998,-12451.68,-4245.3
-10777.455,-11618.595,-22208.355,-6448.365,448.38,-30035.16,-12499.605,-4254.57
-10785.96,-11633.445,-22209.12,-6504.974999999999,382.005,-30103.515,-12514.095,-4255.92
-10783.935,-11623.455,-22217.399999999998,-6518.655,354.555,-30198.375,-12561.029999999999,-4269.465
-10780.154999999999,-11608.289999999999,-22204.079999999998,-6473.384999999999,401.13,-30144.69,-12560.355,-4270.365
-10742.13,-11576.43,-22186.215,-6394.139999999999,523.305,-29936.745,-12461.939999999999,-4226.085
-10726.02,-11560.005,-22169.969999999998,-6359.49,566.73,-29895.614999999998,-12432.24,-4211.415
-10763.775,-11595.555,-22170.015,-6372.09,536.895,-29943.539999999997,-12482.64,-4249.17
-10796.085,-11634.84,-22187.745,-6386.715,503.54999999999995,-29989.44,-12502.395,-4274.415
-10779.615,-11617.83,-22189.725,-6380.82,515.16,-29984.445,-12470.67,-4255.83
-10776.375,-11605.994999999999,-22189.14,-6428.88,519.435,-29976.614999999998,-12455.685,-4253.49
-10773.99,-11605.5,-22196.969999999998,-6490.485,498.555,-29986.559999999998,-12459.914999999999,-4260.195
-10768.365,-11592.675,-22168.17,-6504.389999999999,475.875,-29977.469999999998,-12472.83,-4256.955
-10771.065,-11591.369999999999,-22177.71,-6487.965,475.83,-29970.18,-12494.564999999999,-4266.405
-10768.23,-11587.77,-22177.98,-6396.974999999999,493.245,-30029.67,-12534.39,-4270.095
-10774.44,-11597.13,-22174.02,-6354.495,519.12,-30063.239999999998,-12532.365,-4270.59
-10777.095,-11610.72,-22189.545,-6397.92,471.825,-30059.73,-12497.939999999999,-4262.67
-10750.59,-11582.73,-22163.129999999997,-6401.025,465.93,-30017.699999999997,-12471.39,-4238.055
-10747.755,-11575.035,-22159.395,-6408.045,471.73499999999996,-30027.51,-12504.015,-4244.8949999999995
-10764.72,-11587.68,-22180.815,-6419.565,504.53999999999996,-29994.48,-12516.525,-4268.07
-10776.195,-11589.57,-22177.35,-6395.985,502.335,-30014.73,-12597.57,-4297.275
-10767.06,-11570.22,-22144.59,-6356.565,517.905,-30008.969999999998,-12617.64,-4306.41
-10762.244999999999,-11592.225,-22168.215,-6366.014999999999,507.06,-29983.23,-12454.154999999999,-4254.12
-10750.455,-11606.805,-22196.114999999998,-6409.889999999999,475.83,-30027.42,-12455.82,-4209.345
-10753.92,-11600.01,-22202.82,-6443.46,474.79499999999996,-30022.785,-12473.055,-4225.635
-10768.545,-11595.015,-22194.945,-6417.855,479.565,-30002.985,-12479.039999999999,-4255.38
-10789.289999999999,-11623.365,-22232.969999999998,-6440.804999999999,461.205,-30041.594999999998,-12505.814999999999,-4268.745
-10749.69,-11582.01,-22183.785,-6407.639999999999,482.085,-30053.699999999997,-12469.095,-4231.755
-10723.815,-11551.23,-22133.565,-6374.79,501.39,-30042.539999999997,-12463.064999999999,-4216.815
-10756.664999999999,-11587.5,-22164.03,-6407.415,479.92499999999995,-30022.245,-12474.045,-4243.23
-10791.09,-11633.4,-22217.489999999998,-6449.715,453.645,-30028.5,-12490.289999999999,-4266.764999999999
-10803.465,-11650.23,-22233.465,-6461.28,451.84499999999997,-29990.789999999997,-12443.939999999999,-4267.845
-10785.645,-11618.865,-22208.355,-6432.3,486.81,-29967.39,-12444.795,-4262.805
-10780.065,-11596.095,-22186.98,-6417.09,488.745,-29999.969999999998,-12500.279999999999,-4272.57
-10766.925,-11584.935,-22169.61,-6406.514999999999,478.755,-30050.414999999997,-12520.215,-4262.76
-10743.48,-11570.939999999999,-22154.94,-6387.344999999999,495.81,-30036.239999999998,-12508.109999999999,-4240.44
-10743.255,-11560.455,-22147.29,-6381.36,499.995,-30016.53,-12500.279999999999,-4254.255
-10749.555,-11577.24,-22166.64,-6400.665,485.37,-30034.71,-12513.24,-4244.67
-10716.615,-11552.67,-22148.594999999998,-6377.8949999999995,520.965,-30009.239999999998,-12500.324999999999,-4202.775
-10760.895,-11607.345,-22195.62,-6417.764999999999,498.73499999999996,-30010.004999999997,-12488.58,-4239.855
-10808.055,-11664.09,-22246.965,-6457.5,472.5,-29982.69,-12489.119999999999,-4276.305
-10798.83,-11651.31,-22227.704999999998,-6446.07,471.87,-29983.995,-12463.289999999999,-4264.74
-10771.56,-11610.855,-22197.195,-6420.915,476.505,-30021.434999999998,-12475.395,-4242.69
-10746.494999999999,-11547.404999999999,-22136.355,-6376.365,516.87,-30018.465,-12506.175,-4235.13
-10749.824999999999,-11564.91,-22150.89,-6378.389999999999,534.24,-29978.91,-12493.484999999999,-4242.87
-10746.9,-11564.865,-22145.219999999998,-6378.525,530.73,-29966.265,-12496.545,-4247.775
-10744.425,-11561.13,-22142.7,-6381.945,517.995,-29973.375,-12480.75,-4244.085
-10758.195,-11567.115,-22150.98,-6387.705,506.025,-29987.64,-12406.095,-4250.88
-10798.47,-11618.145,-22202.415,-6437.025,459.405,-30030.48,-12456.765,-4283.46
-10729.08,-11546.145,-22135.725,-6363.2699999999995,540.585,-29993.535,-12635.82,-4254.66
-10778.715,-11593.845,-22180.184999999998,-6409.125,506.835,-29993.129999999997,-12568.68,-4295.43
-10840.41,-11681.279999999999,-22296.69,-6529.1849999999995,394.11,-30066.885,-12479.58,-4303.3949999999995
-10785.015,-11628.494999999999,-22270.86,-6514.92,419.21999999999997,-30042.495,-12420.765,-4237.965
-10751.085,-11589.345,-22213.079999999998,-6454.08,472.14,-29996.28,-12429.9,-4218.57
-10739.205,-11562.48,-22135.14,-6399.54,501.29999999999995,-29991.555,-12494.925,-4226.3099999999995
-10785.6,-11607.795,-22181.129999999997,-6426.045,477.18,-30021.93,-12504.105,-4264.155
-10781.19,-11600.145,-22177.98,-6383.295,500.53499999999997,-30012.39,-12507.525,-4272.84
-10771.515,-11589.66,-22173.93,-6378.389999999999,484.10999999999996,-30021.795,-12522.42,-4276.53
-10781.145,-11612.25,-22199.04,-6393.24,485.41499999999996,-30040.92,-12510.945,-4263.21
-10770.975,-11604.734999999999,-22190.67,-6407.594999999999,516.6,-30031.515,-12494.744999999999,-4247.37
-10727.55,-11550.375,-22145.805,-6407.505,514.98,-30036.555,-12515.039999999999,-4225.59
-10732.545,-11549.564999999999,-22140.54,-6387.03,483.705,-30041.19,-12518.055,-4239.18
-10777.095,-11594.205,-22173.704999999998,-6416.054999999999,461.15999999999997,-30057.975,-12483.81,-4268.79
-10792.395,-11617.154999999999,-22196.25,-6439.23,467.28,-30002.399999999998,-12445.695,-4266.945
-10756.755,-11579.895,-22166.55,-6436.17,477.22499999999997,-30007.98,-12511.35,-4242.465
-10764.359999999999,-11587.14,-22174.829999999998,-6445.98,472.185,-29997.945,-12500.234999999999,-4246.785
-10780.065,-11612.789999999999,-22204.305,-6468.48,448.78499999999997,-30045.375,-12511.35,-4256.55
-10788.119999999999,-11618.73,-22210.11,-6431.625,474.84,-30082.094999999998,-12565.439999999999,-4270.815
-10790.055,-11623.365,-22220.145,-6435.179999999999,479.565,-30043.754999999997,-12512.835,-4265.325
-10761.615,-11596.859999999999,-22205.925,-6432.03,493.335,-29998.8,-12454.605,-4240.62
-10759.41,-11600.234999999999,-22222.665,-6447.69,482.76,-29991.059999999998,-12463.92,-4238.91
-10759.68,-11591.64,-22192.065,-6381.495,515.61,-29938.77,-12465.63,-4240.9349999999995
-10761.84,-11580.705,-22148.73,-6376.139999999999,500.21999999999997,-29990.969999999998,-12485.475,-4247.415
-10772.234999999999,-11592.314999999999,-22173.3,-6407.19,482.66999999999996,-30014.73,-12490.064999999999,-4259.79
-10766.565,-11592.09,-22189.004999999997,-6423.344999999999,464.13,-30040.02,-12512.25,-4258.3949999999995
-10754.73,-11575.26,-22173.165,-6406.469999999999,486.45,-30021.48,-12520.35,-4257.045
-10760.715,-11573.369999999999,-22166.01,-6395.804999999999,500.53499999999997,-30021.48,-12544.244999999999,-4277.205
-10776.015,-11599.199999999999,-22190.579999999998,-6422.264999999999,473.805,-30043.98,-12579.705,-4290.57
-10756.935,-11586.24,-22172.579999999998,-6412.95,485.72999999999996,-30003.84,-12486.914999999999,-4246.0199999999995
-10754.055,-11578.185,-22173.885,-6422.58,488.96999999999997,-29995.289999999997,-12414.689999999999,-4221.405
-10774.619999999999,-11610.99,-22216.23,-6454.889999999999,477.45,-29987.954999999998,-12398.984999999999,-4224.465
-10734.57,-11558.43,-22148.64,-6370.38,534.555,-29985.12,-12471.345,-4218.93
-10716.795,-11541.824999999999,-22127.219999999998,-6343.065,529.11,-29986.425,-12487.814999999999,-4208.085
-10725.255,-11549.97,-22141.125,-6355.485,545.76,-29953.62,-12484.529999999999,-4220.1449999999995
-10789.605,-11622.42,-22220.055,-6442.0199999999995,471.375,-30001.905,-12485.564999999999,-4269.78
-10807.515,-11638.755,-22237.065,-6473.025,420.84,-30060.405,-12495.195,-4275.18
-10788.345,-11607.48,-22203.629999999997,-6450.255,427.5,-30096.539999999997,-12541.23,-4279.995
-10798.695,-11633.039999999999,-22231.44,-6465.465,435.87,-30081.87,-12568.455,-4288.5
-10776.06,-11597.13,-22185.989999999998,-6411.195,509.98499999999996,-29977.425,-12492.314999999999,-4263.255
-10774.215,-11595.015,-22182.3,-6407.054999999999,509.58,-29978.37,-12462.795,-4254.615
-10796.805,-11618.865,-22211.415,-6443.91,462.465,-30052.53,-12540.285,-4279.724999999999
-10775.744999999999,-11598.48,-22192.29,-6423.48,477.495,-30065.355,-12578.49,-4271.805
-10747.484999999999,-11563.65,-22147.29,-6369.255,545.04,-29964.555,-12477.914999999999,-4246.695
-10753.02,-11572.56,-22158.495,-6382.3949999999995,532.935,-29961.09,-12450.779999999999,-4237.92
-10784.744999999999,-11608.695,-22196.565,-6424.92,491.21999999999997,-30009.015,-12512.07,-4266.54
-10806.795,-11628.359999999999,-22218.03,-6446.205,475.83,-30016.395,-12548.205,-4299.3
-10815.795,-11632.859999999999,-22216.86,-6449.219999999999,463.905,-30042.989999999998,-12582.225,-4311.9
-10806.705,-11635.244999999999,-22231.44,-6466.365,432.45,-30073.32,-12539.835,-4280.715
-10791.99,-11617.47,-22205.79,-6430.724999999999,492.47999999999996,-29992.59,-12459.465,-4253.94
-10788.795,-11613.015,-22202.19,-6428.745,482.31,-30005.37,-12461.355,-4258.44
-10771.65,-11605.23,-22208.129999999997,-6451.469999999999,428.31,-30067.829999999998,-12461.49,-4243.545
-10751.67,-11588.939999999999,-22194.315,-6435.134999999999,453.195,-30067.515,-12511.8,-4233.555
-10745.595,-11583.18,-22185.54,-6420.554999999999,479.565,-30037.725,-12505.59,-4226.445
-10750.05,-11580.255,-22173.165,-6403.365,502.46999999999997,-29999.024999999998,-12464.73,-4232.385
-10782.63,-11602.17,-22193.055,-6424.74,479.655,-30032.19,-12506.13,-4273.11
-10780.92,-11596.635,-22183.965,-6425.19,465.93,-30055.59,-12509.505,-4275.675
-10765.08,-11587.365,-22177.754999999997,-6419.16,467.23499999999996,-30045.69,-12503.07,-4256.82
-10751.58,-11580.93,-22171.68,-6405.795,485.955,-30032.504999999997,-12535.109999999999,-4247.82
-10766.789999999999,-11589.119999999999,-22183.02,-6416.865,483.03,-30039.84,-12531.555,-4265.865
-10795.095,-11628.314999999999,-22225.725,-6444.945,486.63,-29993.895,-12481.064999999999,-4262.4
-10779.119999999999,-11624.67,-22250.7,-6452.73,466.60499999999996,-30034.44,-12505.32,-4251.105
-10776.824999999999,-11610.945,-22230.315,-6442.469999999999,466.46999999999997,-30032.64,-12502.89,-4253.264999999999
-10765.35,-11589.029999999999,-22167.045,-6406.875,495.0,-30005.774999999998,-12489.164999999999,-4246.29
-10771.289999999999,-11595.555,-22176.225,-6430.724999999999,480.51,-29998.62,-12486.195,-4256.415
-10765.35,-11588.445,-22187.79,-6453.315,453.73499999999996,-30034.98,-12516.029999999999,-4261.275
-10768.185,-11591.414999999999,-22188.329999999998,-6465.195,439.60499999999996,-30051.855,-12520.125,-4261.635
-10767.645,-11587.14,-22173.93,-6416.6849999999995,498.465,-30020.94,-12482.505,-4256.82
-10753.695,-11571.39,-22167.18,-6400.844999999999,508.85999999999996,-30048.48,-12480.345,-4247.82
-10740.555,-11563.38,-22151.024999999998,-6376.7699999999995,498.465,-30073.454999999998,-12516.93,-4235.985
-10760.715,-11599.785,-22185.405,-6392.429999999999,516.105,-29979.0,-12513.24,-4236.615
-10779.615,-11609.82,-22211.235,-6421.815,524.2049999999999,-29951.37,-12490.064999999999,-4253.22
-10766.025,-11590.154999999999,-22204.35,-6434.505,482.98499999999996,-30053.789999999997,-12529.305,-4253.3099999999995
-10744.74,-11564.145,-22165.379999999997,-6398.1449999999995,498.33,-30092.805,-12547.529999999999,-4241.88
-10702.8,-11509.56,-22088.925,-6325.38,554.985,-29986.695,-12513.06,-4228.785
-10738.664999999999,-11546.82,-22141.395,-6364.889999999999,530.91,-29917.844999999998,-12468.6,-4262.58
-10822.14,-11667.105,-22271.129999999997,-6481.755,414.405,-30063.6,-12528.72,-4295.295
-10803.96,-11674.215,-22282.29,-6520.634999999999,347.31,-30200.219999999998,-12546.9,-4264.0199999999995
-10788.93,-11638.529999999999,-22246.605,-6535.9349999999995,370.935,-30195.045,-12556.26,-4260.105
-10794.645,-11619.09,-22207.32,-6459.255,495.765,-30000.149999999998,-12531.105,-4274.415
-10796.94,-11630.34,-22225.725,-6421.679999999999,528.795,-29942.954999999998,-12502.664999999999,-4279.05
-10795.994999999999,-11606.13,-22188.329999999998,-6380.415,534.735,-29951.28,-12464.73,-4275.09
-10777.994999999999,-11579.175,-22166.37,-6386.355,512.865,-29976.93,-12476.609999999999,-4270.1849999999995
-10764.359999999999,-11564.145,-22158.629999999997,-6392.79,499.365,-30031.469999999998,-12545.055,-4283.325
-10781.46,-11585.699999999999,-22174.965,-6399.179999999999,510.75,-30021.48,-12553.92,-4294.9349999999995
-10800.63,-11614.14,-22204.079999999998,-6421.59,499.68,-30009.329999999998,-12504.465,-4287.105
-10788.164999999999,-11599.605,-22189.23,-6419.655,493.28999999999996,-29999.835,-12447.539999999999,-4267.53
-10768.32,-11585.43,-22180.815,-6423.884999999999,468.85499999999996,-30040.199999999997,-12474.09,-4262.58
-10749.6,-11577.779999999999,-22176.945,-6402.735,491.53499999999997,-30007.8,-12478.455,-4239.18
-10803.914999999999,-11642.4,-22241.79,-6462.855,442.48499999999996,-30028.41,-12448.98,-4264.245
-10769.49,-11616.525,-22214.879999999997,-6425.639999999999,499.185,-29980.079999999998,-12492.27,-4226.8949999999995
-10708.83,-11517.795,-22104.945,-6315.389999999999,598.905,-29977.605,-12504.914999999999,-4201.605
-10736.055,-11544.39,-22137.434999999998,-6364.755,531.18,-30060.045,-12525.119999999999,-4228.38
-10794.824999999999,-11630.205,-22234.86,-6465.6449999999995,439.695,-30074.265,-12528.539999999999,-4256.73
-10800.494999999999,-11637.135,-22239.495,-6466.455,449.64,-29994.614999999998,-12496.949999999999,-4267.62
-10751.94,-11582.055,-22180.004999999997,-6404.67,504.585,-29989.44,-12457.529999999999,-4232.97
-10756.529999999999,-11576.925,-22173.57,-6398.594999999999,512.46,-29984.94,-12477.779999999999,-4241.16
-10802.654999999999,-11614.949999999999,-22206.69,-6441.615,469.62,-30014.73,-12563.865,-4298.085
-10816.154999999999,-11631.24,-22224.465,-6468.344999999999,440.19,-30037.635,-12567.645,-4297.23
-10778.85,-11601.359999999999,-22196.79,-6437.025,463.72499999999997,-30033.809999999998,-12481.064999999999,-4244.8949999999995
-10748.115,-11572.74,-22167.045,-6403.815,489.555,-30039.12,-12456.585,-4217.625
-10744.83,-11564.685,-22151.43,-6387.705,500.265,-30047.265,-12492.539999999999,-4224.24
-10768.095,-11590.154999999999,-22193.37,-6419.34,499.09499999999997,-30021.3,-12484.395,-4244.4
-10804.68,-11632.5,-22245.254999999997,-6461.55,476.90999999999997,-30009.78,-12462.705,-4272.93
-10786.725,-11611.215,-22235.355,-6438.69,469.79999999999995,-30042.27,-12509.414999999999,-4269.24
-10744.02,-11565.539999999999,-22183.155,-6389.37,505.08,-30049.289999999997,-12563.279999999999,-4242.599999999999
-10761.75,-11584.395,-22176.945,-6412.7699999999995,484.875,-30026.565,-12529.26,-4250.7
-10794.914999999999,-11616.615,-22193.415,-6446.25,458.82,-30037.949999999997,-12505.814999999999,-4272.705
-10801.44,-11617.064999999999,-22206.285,-6441.974999999999,477.765,-30043.44,-12530.88,-4291.245
-10802.654999999999,-11622.689999999999,-22213.35,-6441.165,478.935,-30046.23,-12527.279999999999,-4291.29
-10787.49,-11621.295,-22211.28,-6441.344999999999,450.315,-30059.55,-12506.13,-4263.255
-10779.3,-11617.109999999999,-22216.094999999998,-6450.974999999999,453.195,-30052.62,-12490.02,-4246.695
-10778.85,-11601.045,-22213.305,-6438.6449999999995,497.47499999999997,-30036.78,-12545.234999999999,-4258.305
-10782.315,-11594.564999999999,-22202.594999999998,-6416.325,521.235,-30030.75,-12528.99,-4274.775
-10764.315,-11578.635,-22168.754999999997,-6382.8,521.235,-30014.864999999998,-12467.564999999999,-4248.54
-10745.055,-11564.82,-22165.065,-6392.5199999999995,496.08,-30044.565,-12509.73,-4226.085
-10767.105,-11614.725,-22216.68,-6455.79,436.09499999999997,-30046.5,-12486.105,-4228.425
-10739.699999999999,-11608.425,-22209.885,-6443.505,455.84999999999997,-30050.64,-12501.72,-4221.945
-10715.22,-11530.08,-22139.82,-6395.94,496.79999999999995,-30124.485,-12538.215,-4231.17
-10769.445,-11545.154999999999,-22143.329999999998,-6447.014999999999,466.42499999999995,-30175.11,-12575.789999999999,-4282.11
-10815.705,-11654.234999999999,-22277.835,-6586.11,404.055,-30082.545,-12543.705,-4270.995
-10798.695,-11644.289999999999,-22264.785,-6538.32,441.04499999999996,-30003.164999999997,-12483.855,-4246.74
-10796.76,-11618.01,-22219.739999999998,-6447.87,445.635,-30087.045,-12524.58,-4265.955
-10786.59,-11605.5,-22206.239999999998,-6408.945,465.435,-30139.155,-12546.72,-4264.065
-10789.244999999999,-11598.435,-22182.704999999998,-6364.349999999999,478.16999999999996,-30093.93,-12489.615,-4264.155
-10786.904999999999,-11597.49,-22178.655,-6364.125,493.83,-29993.039999999997,-12455.91,-4261.815
-10768.455,-11587.77,-22175.91,-6373.349999999999,537.615,-29945.114999999998,-12480.3,-4242.87
-10768.949999999999,-11600.145,-22192.065,-6382.889999999999,557.37,-29905.469999999998,-12486.555,-4244.8949999999995
-10771.83,-11589.48,-22181.129999999997,-6385.635,530.055,-29976.39,-12498.57,-4251.555
-10764.63,-11563.199999999999,-22149.945,-6365.565,538.515,-29978.73,-12514.14,-4257.72
-10767.51,-11561.265,-22147.02,-6361.29,551.835,-29965.815,-12520.125,-4272.48
-10759.77,-11555.1,-22141.89,-6361.11,539.64,-29993.175,-12548.16,-4269.87
-10752.705,-11569.994999999999,-22167.0,-6390.63,501.16499999999996,-30049.065,-12564.135,-4241.655
-10782.449999999999,-11612.25,-22213.125,-6436.3949999999995,465.16499999999996,-30053.07,-12472.785,-4244.535
-10830.869999999999,-11657.564999999999,-22253.219999999998,-6474.195,435.645,-30037.364999999998,-12413.34,-4284.224999999999
-10826.505,-11650.05,-22241.969999999998,-6457.094999999999,466.695,-29992.094999999998,-12432.555,-4289.04
-10771.83,-11586.734999999999,-22170.059999999998,-6377.445,537.48,-29970.945,-12467.295,-4255.65
-10734.84,-11571.93,-22159.44,-6365.5199999999995,541.35,-29988.27,-12497.939999999999,-4226.8949999999995
-10737.315,-11570.805,-22177.89,-6394.815,505.53,-30024.18,-12565.529999999999,-4233.195
-10785.15,-11608.74,-22218.254999999997,-6452.73,440.41499999999996,-30073.77,-12546.494999999999,-4251.24
-10764.675,-11598.48,-22205.655,-6434.82,467.46,-30045.239999999998,-12493.035,-4227.48
-10739.97,-11566.574999999999,-22173.93,-6407.19,480.15,-30083.94,-12500.955,-4217.8949999999995
-10736.82,-11539.215,-22139.73,-6378.795,502.60499999999996,-30078.449999999997,-12530.925,-4244.625
-10745.505,-11538.99,-22132.079999999998,-6365.5199999999995,530.55,-30020.67,-12574.529999999999,-4275.99
-10769.085,-11572.199999999999,-22163.625,-6386.8949999999995,519.7049999999999,-30004.155,-12611.654999999999,-4283.955
-10780.515,-11609.865,-22211.504999999997,-6439.59,449.955,-30077.37,-12581.775,-4243.68
-10792.89,-11639.34,-22244.489999999998,-6473.745,428.715,-30059.594999999998,-12472.425,-4232.61
-10793.565,-11625.255,-22245.39,-6463.3949999999995,444.87,-30053.34,-12505.095,-4272.84
-10785.51,-11610.27,-22246.92,-6463.62,447.03,-30049.695,-12526.83,-4276.889999999999
-10764.494999999999,-11584.755,-22200.21,-6434.865,464.625,-30042.09,-12535.74,-4263.12
-10747.529999999999,-11563.064999999999,-22137.84,-6385.365,518.22,-29982.015,-12475.395,-4230.99
-10759.545,-11579.895,-22149.495,-6352.245,570.645,-29941.289999999997,-12430.8,-4232.385
-10797.345,-11614.455,-22197.915,-6398.6849999999995,516.645,-30004.245,-12508.38,-4279.7699999999995
-10814.13,-11622.24,-22214.79,-6438.195,468.495,-30067.649999999998,-12582.539999999999,-4305.51
-10804.14,-11633.939999999999,-22232.79,-6460.469999999999,437.76,-30084.39,-12494.34,-4264.514999999999
-10779.435,-11613.645,-22218.344999999998,-6452.28,432.35999999999996,-30106.844999999998,-12475.98,-4245.84
-10783.664999999999,-11620.664999999999,-22224.465,-6453.855,440.55,-30110.399999999998,-12485.385,-4264.29
-10765.44,-11614.5,-22207.184999999998,-6422.264999999999,486.71999999999997,-30075.75,-12505.814999999999,-4237.2
-10769.445,-11614.635,-22217.94,-6444.675,467.775,-30061.305,-12567.689999999999,-4245.389999999999
-10760.355,-11590.425,-22198.454999999998,-6439.679999999999,472.365,-29990.699999999997,-12535.47,-4242.195
-10763.46,-11603.34,-22211.64,-6443.639999999999,442.395,-30016.844999999998,-12515.265,-4242.69
-10767.465,-11584.755,-22189.364999999998,-6425.639999999999,460.48499999999996,-30058.065,-12513.645,-4247.099999999999
-10756.215,-11551.725,-22151.43,-6397.065,508.185,-30070.215,-12509.91,-4247.28
-10740.51,-11546.369999999999,-22143.915,-6377.445,534.78,-30031.02,-12482.234999999999,-4231.9349999999995
-10775.43,-11588.31,-22185.18,-6410.969999999999,503.955,-30031.11,-12530.97,-4266.495
-10824.525,-11650.545,-22264.605,-6449.445,486.09,-30019.725,-12559.23,-4311.99
-10807.289999999999,-11636.775,-22260.555,-6448.95,520.875,-29951.684999999998,-12456.539999999999,-4280.58
-10748.88,-11574.494999999999,-22182.3,-6386.94,543.285,-29987.055,-12461.355,-4223.565
-10753.47,-11576.07,-22154.535,-6393.599999999999,476.82,-30015.719999999998,-12555.81,-4246.83
-10790.279999999999,-11610.945,-22206.87,-6467.04,416.385,-30048.795,-12567.689999999999,-4282.92
-10786.5,-11609.775,-22219.515,-6469.74,455.21999999999997,-30018.555,-12457.035,-4264.0199999999995
-10787.94,-11613.42,-22216.68,-6432.165,462.59999999999997,-30049.559999999998,-12475.619999999999,-4256.595
-10770.84,-11593.845,-22188.915,-6399.045,512.9549999999999,-30000.78,-12528.494999999999,-4245.48
-10771.875,-11586.645,-22181.85,-6395.3099999999995,490.32,-30056.265,-12558.96,-4264.695
-10778.49,-11589.164999999999,-22190.085,-6426.405,449.90999999999997,-30093.524999999998,-12593.475,-4284.764999999999
-10788.615,-11591.73,-22184.28,-6421.905,467.28,-30086.73,-12627.63,-4304.97
-10783.89,-11589.255,-22185.855,-6427.755,504.135,-30059.594999999998,-12606.75,-4296.375
-10795.14,-11607.164999999999,-22200.795,-6443.865,540.36,-29946.015,-12463.154999999999,-4279.815
-10758.51,-11585.385,-22178.204999999998,-6411.554999999999,572.85,-29865.645,-12314.564999999999,-4206.51
-10757.789999999999,-11580.57,-22180.14,-6382.98,529.335,-29967.12,-12437.279999999999,-4228.29
-10779.615,-11609.055,-22210.155,-6394.86,490.85999999999996,-30065.76,-12561.345,-4246.695
-10755.18,-11596.005,-22191.524999999998,-6396.255,504.945,-30026.925,-12500.595,-4227.57
-10761.119999999999,-11596.814999999999,-22193.82,-6399.764999999999,487.26,-30026.34,-12517.605,-4246.245
-10792.98,-11612.835,-22212.405,-6430.95,450.45,-30061.98,-12553.199999999999,-4270.635
-10785.914999999999,-11605.32,-22202.055,-6423.57,468.85499999999996,-30055.454999999998,-12514.904999999999,-4266.54
-10772.46,-11596.095,-22197.69,-6417.764999999999,476.19,-30061.934999999998,-12516.57,-4255.92
-10783.619999999999,-11603.88,-22204.754999999997,-6427.755,466.2,-30063.69,-12497.895,-4259.474999999999
-10780.74,-11599.154999999999,-22199.715,-6422.219999999999,486.22499999999997,-30010.23,-12459.195,-4254.84
-10753.289999999999,-11571.3,-22170.87,-6391.665,523.4399999999999,-29971.89,-12483.359999999999,-4232.925
-10718.279999999999,-11533.14,-22135.68,-6362.639999999999,533.5649999999999,-30003.164999999997,-12539.43,-4212.36
-10750.005,-11568.465,-22167.315,-6390.495,510.65999999999997,-30027.87,-12535.289999999999,-4244.3099999999995
-10811.07,-11651.13,-22250.475,-6465.24,438.435,-30100.77,-12501.99,-4274.325
-10783.755,-11606.58,-22211.37,-6438.87,453.59999999999997,-30112.92,-12529.89,-4260.735
-10772.414999999999,-11589.93,-22186.35,-6416.28,478.755,-30043.98,-12516.3,-4252.05
-10783.845,-11621.475,-22222.934999999998,-6442.469999999999,464.66999999999996,-30016.53,-12508.335,-4261.095
-10796.984999999999,-11638.125,-22237.829999999998,-6454.755,451.44,-30053.565,-12517.74,-4274.6849999999995
-10780.109999999999,-11599.605,-22203.719999999998,-6436.17,453.06,-30080.07,-12526.605,-4266.2699999999995
-10759.005,-11557.845,-22161.51,-6398.955,489.87,-30054.105,-12538.305,-4258.44
-10727.64,-11528.055,-22129.92,-6366.51,524.025,-30009.555,-12506.49,-4237.425
-10724.85,-11539.664999999999,-22139.504999999997,-6370.514999999999,520.38,-29999.61,-12514.32,-4227.03
-10792.89,-11631.645,-22237.785,-6466.7699999999995,416.385,-30113.235,-12582.449999999999,-4271.264999999999
-10814.31,-11646.855,-22248.315,-6469.514999999999,435.195,-30047.175,-12537.045,-4288.724999999999
-10807.74,-11623.41,-22213.035,-6427.755,491.21999999999997,-30001.635,-12525.164999999999,-4292.505
-10817.73,-11629.305,-22219.739999999998,-6433.38,491.445,-30001.004999999997,-12516.255,-4309.875
-10822.994999999999,-11617.47,-22216.004999999997,-6450.255,460.16999999999996,-30040.829999999998,-12514.635,-4326.93
-10750.5,-11554.47,-22153.454999999998,-6395.13,496.755,-30076.515,-12559.005,-4244.445
-10727.55,-11561.039999999999,-22162.5,-6378.885,535.4549999999999,-30055.32,-12614.715,-4210.514999999999
-10754.055,-11610.18,-22230.405,-6416.91,516.3299999999999,-29988.675,-12477.689999999999,-4213.44
-10759.994999999999,-11588.49,-22220.594999999998,-6417.945,519.48,-29949.434999999998,-12389.31,-4216.995
-10767.869999999999,-11580.345,-22190.085,-6434.594999999999,472.905,-30043.754999999997,-12505.14,-4255.695
-10798.109999999999,-11610.81,-22199.94,-6478.29,408.28499999999997,-30094.605,-12551.22,-4292.955
-10785.51,-11592.225,-22188.059999999998,-6446.835,445.77,-30021.12,-12506.175,-4279.68
-10764.449999999999,-11576.25,-22170.239999999998,-6390.134999999999,495.85499999999996,-30051.27,-12537.225,-4252.5
-10786.635,-11614.859999999999,-22221.765,-6441.705,458.055,-30118.68,-12550.185,-4261.86
-10803.779999999999,-11640.15,-22247.55,-6457.545,469.89,-30108.69,-12519.945,-4269.42
-10802.88,-11634.795,-22240.35,-6439.23,503.23499999999996,-30014.19,-12494.07,-4267.215
-10774.845,-11603.789999999999,-22219.559999999998,-6416.235,487.62,-30016.035,-12498.21,-4255.47
-10758.105,-11585.385,-22188.825,-6387.255,516.285,-29995.965,-12497.895,-4242.915
-10761.795,-11577.555,-22156.739999999998,-6380.19,529.245,-29973.329999999998,-12525.57,-4246.38
-10796.67,-11614.949999999999,-22199.489999999998,-6453.99,469.84499999999997,-30013.785,-12537.72,-4266.54
-10801.035,-11618.279999999999,-22201.92,-6474.105,449.41499999999996,-29982.149999999998,-12491.55,-4269.33
-10777.994999999999,-11589.21,-22177.53,-6414.929999999999,477.405,-29987.73,-12496.095,-4265.91
-10761.525,-11576.52,-22169.79,-6371.91,521.235,-30004.02,-12523.41,-4255.29
-10756.44,-11580.3,-22190.579999999998,-6403.545,529.155,-30049.199999999997,-12568.05,-4252.1849999999995
-10798.785,-11621.16,-22226.219999999998,-6448.5,486.18,-30110.445,-12578.67,-4278.195
-10816.92,-11633.355,-22219.155,-6464.655,471.06,-30069.18,-12549.734999999999,-4289.22
-10784.205,-11600.414999999999,-22194.225,-6429.87,493.42499999999995,-29981.565,-12473.775,-4260.375
-10768.455,-11587.365,-22212.405,-6405.615,477.63,-29991.645,-12482.685,-4251.915
-10780.965,-11601.494999999999,-22223.25,-6422.49,483.12,-30005.37,-12505.68,-4268.25
-10776.869999999999,-11594.52,-22193.954999999998,-6422.715,486.45,-30016.574999999997,-12495.689999999999,-4267.9349999999995
-10791.225,-11610.18,-22195.035,-6452.865,440.505,-30090.239999999998,-12540.645,-4283.91
-10774.395,-11606.715,-22213.395,-6468.075,434.96999999999997,-30099.059999999998,-12575.835,-4258.485
-10762.605,-11586.96,-22205.024999999998,-6464.205,454.85999999999996,-30041.64,-12479.67,-4241.61
-10764.27,-11597.715,-22214.07,-6472.44,420.705,-30079.305,-12485.16,-4222.08
-10755.539999999999,-11576.07,-22178.655,-6416.37,499.185,-30024.855,-12551.49,-4226.94
-10767.51,-11587.994999999999,-22181.895,-6400.08,544.185,-29987.414999999997,-12509.64,-4241.565
-10778.85,-11603.205,-22194.719999999998,-6405.57,504.405,-30004.695,-12512.43,-4252.005
-10779.75,-11609.279999999999,-22203.629999999997,-6391.485,495.67499999999995,-30032.01,-12533.715,-4258.17
-10777.095,-11601.404999999999,-22202.504999999997,-6397.0199999999995,462.87,-30054.42,-12545.775,-4262.67
-10779.119999999999,-11589.66,-22187.79,-6402.6449999999995,470.47499999999997,-30047.399999999998,-12527.595,-4268.565
-10747.125,-11555.595,-22156.335,-6370.875,517.545,-29999.745,-12497.13,-4237.965
-10719.765,-11523.285,-22116.735,-6332.67,561.51,-29968.469999999998,-12531.555,-4217.4
-10745.145,-11574.135,-22169.34,-6377.94,514.53,-30012.704999999998,-12522.42,-4230.45
-10762.605,-11586.734999999999,-22193.55,-6411.78,474.75,-30059.684999999998,-12535.965,-4239.72
-10746.72,-11542.859999999999,-22146.254999999997,-6382.3949999999995,500.03999999999996,-30044.52,-12560.535,-4247.595
-10794.779999999999,-11602.574999999999,-22205.655,-6436.304999999999,456.885,-30067.065,-12553.154999999999,-4287.69
-10767.105,-11587.185,-22189.635,-6415.5599999999995,478.62,-30039.93,-12477.555,-4241.115
-10715.265,-11546.414999999999,-22141.079999999998,-6358.005,536.76,-29976.03,-12418.74,-4183.47
-10750.095,-11585.609999999999,-22181.489999999998,-6395.04,490.905,-30046.59,-12499.199999999999,-4241.43
-10809.99,-11634.84,-22231.53,-6443.054999999999,445.72499999999997,-30096.765,-12581.279999999999,-4301.6849999999995
-10835.055,-11664.045,-22270.364999999998,-6482.429999999999,435.69,-30032.414999999997,-12496.904999999999,-4287.78
-10792.619999999999,-11608.515,-22213.665,-6437.34,478.66499999999996,-30001.68,-12488.355,-4253.355
-10771.965,-11586.285,-22186.98,-6406.065,499.85999999999996,-30017.204999999998,-12509.279999999999,-4258.44
-10784.25,-11584.215,-22177.575,-6395.13,510.12,-30036.735,-12542.13,-4291.38
-10843.83,-11638.395,-22227.254999999997,-6454.53,442.48499999999996,-30096.18,-12583.215,-4347.855
-10840.725,-11651.76,-22255.739999999998,-6494.8949999999995,400.09499999999997,-30121.965,-12592.395,-4319.19
-10780.065,-11605.68,-22219.425,-6456.825,442.84499999999997,-30081.555,-12548.205,-4244.805
-10747.845,-11580.84,-22190.265,-6413.219999999999,500.13,-30006.225,-12497.805,-4207.905
-10741.725,-11565.765,-22165.829999999998,-6381.719999999999,539.9549999999999,-29943.315,-12470.895,-4216.68
-10769.31,-11587.77,-22179.465,-6386.445,541.035,-29947.32,-12502.35,-4244.264999999999
-10766.25,-11579.939999999999,-22167.18,-6373.08,547.245,-29949.84,-12514.14,-4242.555
-10758.96,-11569.095,-22159.98,-6373.26,536.31,-29980.17,-12542.445,-4247.865
-10802.07,-11616.93,-22216.545,-6440.985,467.46,-30068.594999999998,-12568.41,-4278.105
-10819.439999999999,-11636.64,-22232.565,-6451.245,455.13,-30072.555,-12518.145,-4284.72
-10799.19,-11622.96,-22224.735,-6444.224999999999,473.76,-30022.245,-12481.109999999999,-4268.025
-10780.965,-11610.404999999999,-22221.945,-6448.005,463.5,-30040.739999999998,-12520.26,-4261.815
-10788.029999999999,-11612.295,-22224.105,-6456.96,444.73499999999996,-30049.965,-12527.279999999999,-4271.085
-10773.494999999999,-11591.595,-22196.925,-6427.3949999999995,469.79999999999995,-30023.324999999997,-12495.914999999999,-4246.514999999999
-10766.475,-11585.97,-22188.239999999998,-6412.094999999999,482.31,-30024.36,-12513.375,-4240.215
-10760.22,-11586.914999999999,-22191.75,-6412.59,484.10999999999996,-30039.254999999997,-12529.305,-4234.275
-10772.685,-11596.185,-22202.145,-6439.815,472.905,-30032.19,-12542.895,-4252.635
-10801.395,-11621.205,-22221.54,-6474.42,452.96999999999997,-30036.824999999997,-12567.06,-4287.105
-10804.77,-11627.055,-22229.82,-6481.844999999999,451.53,-30054.105,-12558.195,-4289.355
-10792.529999999999,-11621.205,-22231.98,-6442.514999999999,479.60999999999996,-30050.145,-12516.21,-4263.165
-10773.81,-11609.64,-22216.545,-6396.974999999999,479.88,-30028.274999999998,-12479.4,-4237.0199999999995
-10754.01,-11587.949999999999,-22199.175,-6386.715,486.27,-30036.914999999997,-12513.824999999999,-4227.48
-10763.775,-11586.24,-22205.114999999998,-6433.0199999999995,467.64,-30060.315,-12537.585,-4243.905
-10771.515,-11586.869999999999,-22191.975,-6446.115,466.10999999999996,-30064.41,-12550.68,-4253.8949999999995
-10780.065,-11596.994999999999,-22197.465,-6440.445,470.43,-30068.774999999998,-12553.605,-4260.6449999999995
-10779.795,-11604.195,-22211.504999999997,-6450.57,471.10499999999996,-30088.62,-12523.365,-4254.57
-10783.755,-11616.75,-22230.045,-6447.0599999999995,448.02,-30092.489999999998,-12495.015,-4261.995
-10794.015,-11626.965,-22257.27,-6468.165,440.23499999999996,-30009.645,-12462.119999999999,-4274.6849999999995
-10781.955,-11594.97,-22223.16,-6433.065,468.71999999999997,-30032.55,-12515.265,-4270.5
-10768.68,-11584.439999999999,-22225.23,-6472.304999999999,449.685,-30077.82,-12574.035,-4264.47
-10747.8,-11571.164999999999,-22193.594999999998,-6437.25,478.03499999999997,-30036.78,-12593.115,-4249.62
-10757.609999999999,-11566.08,-22146.66,-6384.195,540.18,-29967.48,-12521.07,-4251.915
-10775.16,-11603.25,-22186.17,-6384.825,492.47999999999996,-30060.045,-12508.38,-4231.3949999999995
-10767.779999999999,-11595.195,-22190.129999999997,-6383.835,455.35499999999996,-30099.735,-12546.855,-4236.165
-10773.18,-11588.085,-22190.129999999997,-6411.24,427.275,-30106.26,-12542.445,-4255.514999999999
-10775.025,-11599.83,-22198.635,-6418.62,455.31,-30075.074999999997,-12535.695,-4255.695
-10780.74,-11598.39,-22194.629999999997,-6407.325,502.78499999999997,-30035.52,-12565.89,-4263.705
-10760.58,-11570.22,-22171.905,-6382.844999999999,541.0799999999999,-29977.11,-12566.789999999999,-4255.785
-10779.3,-11589.975,-22190.265,-6401.655,525.3299999999999,-29952.809999999998,-12526.56,-4269.915
-10785.105,-11603.654999999999,-22202.1,-6407.73,519.885,-29967.434999999998,-12467.97,-4252.455
-10792.89,-11617.154999999999,-22217.129999999997,-6425.55,491.98499999999996,-29991.149999999998,-12441.33,-4237.47
-10749.015,-11562.93,-22163.129999999997,-6375.195,529.92,-29989.934999999998,-12528.225,-4227.255
-10731.51,-11540.789999999999,-22143.42,-6356.969999999999,547.605,-29985.21,-12548.97,-4224.0599999999995
-10762.154999999999,-11589.029999999999,-22178.43,-6389.775,510.47999999999996,-30039.57,-12493.935,-4235.535
-10796.76,-11631.555,-22226.04,-6439.32,463.77,-30074.895,-12477.6,-4249.845
-10796.085,-11596.994999999999,-22196.969999999998,-6418.98,493.46999999999997,-30003.57,-12519.449999999999,-4272.4349999999995
-10830.645,-11645.505,-22245.84,-6462.54,450.405,-30031.379999999997,-12579.3,-4315.1849999999995
-10814.22,-11632.455,-22241.7,-6464.7,436.14,-30056.445,-12518.145,-4294.215
-10789.02,-11601.404999999999,-22208.489999999998,-6441.57,445.40999999999997,-30082.905,-12532.635,-4273.29
-10828.529999999999,-11637.27,-22239.0,-6467.264999999999,431.37,-30106.53,-12581.189999999999,-4316.625
-10836.18,-11645.189999999999,-22238.82,-6455.34,465.93,-30024.495,-12497.13,-4308.48
-10783.125,-11603.564999999999,-22195.53,-6403.32,521.3249999999999,-29987.64,-12507.705,-4238.91
-10778.265,-11611.71,-22195.215,-6398.73,524.655,-29972.34,-12506.175,-4235.535
-10788.255,-11630.115,-22222.754999999997,-6437.79,472.815,-30013.065,-12519.9,-4245.974999999999
-10775.07,-11588.039999999999,-22189.59,-6417.179999999999,485.775,-30015.945,-12527.279999999999,-4248.09
-10767.06,-11574.494999999999,-22177.44,-6404.13,499.905,-30020.895,-12545.91,-4252.005
-10740.869999999999,-11556.99,-22157.325,-6386.445,508.5,-30006.36,-12503.744999999999,-4224.78
-10745.595,-11563.92,-22172.625,-6399.045,501.34499999999997,-30008.52,-12480.345,-4219.875
-10776.465,-11598.39,-22198.454999999998,-6417.495,490.40999999999997,-30031.065,-12506.355,-4238.055
-10761.615,-11583.27,-22176.54,-6385.635,526.5,-30007.98,-12528.63,-4244.49
-10770.074999999999,-11580.48,-22182.84,-6406.514999999999,493.83,-30048.074999999997,-12560.939999999999,-4272.57
-10813.23,-11637.27,-22247.82,-6477.03,427.5,-30073.32,-12521.654999999999,-4286.205
-10779.39,-11608.605,-22213.62,-6432.4349999999995,474.97499999999997,-30024.315,-12499.65,-4248.495
-10771.065,-11584.98,-22192.515,-6418.44,484.965,-30033.945,-12557.564999999999,-4265.865
-10770.119999999999,-11586.555,-22194.989999999998,-6431.8949999999995,462.555,-30059.28,-12594.914999999999,-4270.139999999999
-10771.199999999999,-11591.145,-22207.454999999998,-6453.764999999999,438.255,-30103.289999999997,-12606.255,-4270.5
-10788.615,-11617.515,-22233.329999999998,-6507.855,401.98499999999996,-30123.539999999997,-12543.48,-4258.26
-10768.005,-11598.93,-22207.77,-6488.1449999999995,427.59,-30088.485,-12495.555,-4223.34
-10769.49,-11597.895,-22208.715,-6457.275,452.655,-30030.074999999997,-12506.31,-4233.51
-10771.38,-11595.779999999999,-22199.04,-6406.92,496.08,-30032.774999999998,-12524.805,-4244.264999999999
-10760.58,-11578.725,-22177.079999999998,-6360.615,518.805,-30038.94,-12549.824999999999,-4243.7699999999995
-10761.48,-11579.58,-22176.09,-6384.42,500.21999999999997,-30031.379999999997,-12533.939999999999,-4243.545
-10794.105,-11622.24,-22222.44,-6430.679999999999,481.68,-30024.585,-12493.8,-4256.865
-10809.585,-11644.605,-22250.79,-6450.03,463.68,-30022.515,-12467.97,-4262.76
-10782.315,-11603.115,-22215.915,-6412.455,484.335,-30025.664999999997,-12483.449999999999,-4257.72
-10772.414999999999,-11583.225,-22185.315,-6401.565,468.35999999999996,-30092.625,-12566.699999999999,-4261.95
-10752.48,-11571.119999999999,-22171.364999999998,-6416.73,470.745,-30109.5,-12604.59,-4239.63
-10743.48,-11563.244999999999,-22167.765,-6416.28,502.245,-30033.945,-12567.285,-4229.595
-10781.595,-11590.02,-22183.829999999998,-6396.795,490.40999999999997,-30031.289999999997,-12498.615,-4263.21
-10793.699999999999,-11603.789999999999,-22201.245,-6411.78,475.42499999999995,-30053.024999999998,-12455.64,-4273.335
-10770.39,-11595.824999999999,-22225.004999999997,-6414.57,512.685,-29972.204999999998,-12445.064999999999,-4240.3949999999995
-10749.015,-11582.369999999999,-22218.84,-6410.88,513.135,-30004.92,-12605.13,-4223.295
-10781.1,-11613.96,-22222.215,-6444.855,449.37,-30079.26,-12615.119999999999,-4256.055
-10772.91,-11584.305,-22161.375,-6394.679999999999,507.33,-30019.41,-12580.38,-4267.44
-10776.015,-11590.199999999999,-22178.969999999998,-6388.065,550.395,-29948.445,-12537.135,-4269.555
-10796.085,-11618.1,-22214.61,-6432.12,495.63,-30000.015,-12521.97,-4258.755
-10784.025,-11611.395,-22211.46,-6430.815,485.955,-30032.73,-12545.775,-4247.19
-10719.045,-11541.42,-22140.18,-6351.615,565.785,-29964.96,-12518.955,-4203.315
-10739.97,-11547.045,-22151.43,-6366.915,549.0,-29980.664999999997,-12560.76,-4240.62
-10825.064999999999,-11639.744999999999,-22242.059999999998,-6466.905,435.465,-30075.57,-12575.16,-4299.03
-10805.039999999999,-11641.859999999999,-22245.84,-6466.7699999999995,430.83,-30075.164999999997,-12511.98,-4261.7699999999995
-10787.94,-11619.585,-22219.245,-6429.78,479.7,-30025.754999999997,-12472.289999999999,-4249.845
-10810.44,-11640.015,-22228.155,-6432.344999999999,477.63,-30045.78,-12535.965,-4281.345
-10791.945,-11619.585,-22215.645,-6423.389999999999,478.34999999999997,-30096.719999999998,-12611.205,-4271.76
-10781.64,-11592.945,-22194.0,-6419.34,466.065,-30119.265,-12595.365,-4258.44
-10778.715,-11597.22,-22197.735,-6412.995,484.335,-30022.469999999998,-12517.38,-4249.44
-10776.6,-11598.255,-22197.6,-6403.32,517.77,-29949.614999999998,-12469.095,-4245.705
-10782.045,-11594.52,-22204.35,-6415.38,519.885,-29979.18,-12529.574999999999,-4265.775
-10782.765,-11589.84,-22202.594999999998,-6427.3949999999995,482.98499999999996,-30043.62,-12587.4,-4280.8949999999995
-10785.734999999999,-11595.42,-22204.62,-6427.9349999999995,475.155,-30053.295,-12560.175,-4279.455
-10785.375,-11607.93,-22213.305,-6433.065,471.825,-30050.504999999997,-12528.63,-4256.865
-10752.21,-11576.385,-22186.215,-6416.775,457.46999999999997,-30115.26,-12516.435,-4218.75
-10752.795,-11566.305,-22176.27,-6416.46,441.18,-30155.715,-12495.195,-4220.6849999999995
-10777.455,-11590.83,-22189.905,-6418.8,466.515,-30076.245,-12488.76,-4241.565
-10811.88,-11627.189999999999,-22217.399999999998,-6433.155,492.255,-29956.86,-12434.76,-4275.945
-10825.56,-11659.32,-22264.065,-6477.75,462.87,-29958.164999999997,-12435.21,-4280.535
-10759.77,-11593.89,-22203.989999999998,-6418.304999999999,503.59499999999997,-29995.739999999998,-12542.715,-4221.54
-10722.105,-11552.4,-22166.01,-6365.88,548.145,-30021.84,-12608.775,-4209.255
-10744.02,-11563.605,-22194.18,-6406.65,500.53499999999997,-30046.635,-12611.25,-4241.43
-10782.855,-11610.72,-22247.055,-6459.12,452.745,-30056.805,-12566.789999999999,-4260.014999999999
-10797.615,-11633.58,-22262.895,-6485.67,435.41999999999996,-30060.315,-12515.445,-4255.38
-10780.38,-11608.875,-22230.54,-6489.2699999999995,428.35499999999996,-30063.87,-12533.715,-4243.68
-10776.375,-11593.26,-22192.739999999998,-6476.94,429.34499999999997,-30062.565,-12533.49,-4250.34
-10781.955,-11605.545,-22213.53,-6468.48,439.38,-30085.155,-12552.57,-4257.585
-10788.615,-11617.199999999999,-22227.704999999998,-6417.764999999999,503.23499999999996,-30052.215,-12557.654999999999,-4258.17
-10783.305,-11604.779999999999,-22204.934999999998,-6396.57,533.43,-30005.91,-12536.73,-4254.795
-10779.75,-11602.935,-22211.774999999998,-6428.7,512.91,-30042.045,-12552.029999999999,-4255.514999999999
-10783.529999999999,-11606.039999999999,-22217.985,-6430.455,505.395,-30036.914999999997,-12548.789999999999,-4259.88
-10787.94,-11603.205,-22207.32,-6461.46,460.755,-30061.754999999997,-12576.555,-4273.514999999999
-10770.705,-11577.914999999999,-22174.11,-6427.44,457.78499999999997,-30106.215,-12611.43,-4272.03
-10745.865,-11554.515,-22159.44,-6389.955,483.65999999999997,-30082.23,-12591.404999999999,-4258.8
-10745.279999999999,-11558.205,-22178.16,-6368.3099999999995,524.655,-29982.914999999997,-12515.13,-4245.48
-10802.654999999999,-11629.845,-22241.475,-6440.535,454.54499999999996,-30046.41,-12535.965,-4261.365
-10810.305,-11643.255,-22236.075,-6455.88,426.555,-30079.485,-12539.475,-4253.8949999999995
-10791.765,-11613.734999999999,-22207.68,-6419.5199999999995,478.84499999999997,-30034.53,-12541.05,-4268.88
-10787.715,-11610.404999999999,-22209.254999999997,-6418.575,483.12,-30045.914999999997,-12565.35,-4270.365
-10770.975,-11589.164999999999,-22192.245,-6406.29,496.215,-30029.805,-12540.15,-4245.345
-10757.34,-11574.314999999999,-22175.64,-6393.24,511.10999999999996,-30008.114999999998,-12512.835,-4227.4349999999995
-10779.39,-11601.494999999999,-22200.3,-6413.3099999999995,508.72499999999997,-29981.204999999998,-12532.5,-4252.905
-10803.195,-11623.68,-22228.065,-6443.19,478.84499999999997,-30015.045,-12530.43,-4273.38
-10794.69,-11609.189999999999,-22209.165,-6426.8099999999995,483.12,-30047.265,-12555.539999999999,-4266.764999999999
-10787.039999999999,-11610.225,-22212.045,-6422.355,493.02,-30029.265,-12533.939999999999,-4260.69
-10787.265,-11611.755,-22218.39,-6433.2,475.875,-30028.454999999998,-12510.314999999999,-4259.88
-10802.43,-11624.49,-22223.835,-6439.995,467.19,-30042.539999999997,-12528.449999999999,-4277.5199999999995
-10802.205,-11604.824999999999,-22204.35,-6421.724999999999,488.60999999999996,-30034.98,-12573.449999999999,-4299.255
-10823.895,-11620.664999999999,-22214.16,-6434.009999999999,471.41999999999996,-30046.905,-12553.65,-4320.0
-10798.56,-11636.775,-22233.645,-6446.205,459.405,-30048.795,-12477.555,-4261.59
-10744.244999999999,-11589.975,-22204.395,-6414.48,487.48499999999996,-30047.265,-12516.615,-4194.99
-10751.715,-11568.24,-22183.559999999998,-6416.37,472.905,-30065.94,-12561.615,-4217.085
-10759.545,-11567.88,-22173.57,-6399.675,502.78499999999997,-30010.364999999998,-12552.029999999999,-4240.08
-10749.33,-11552.67,-22138.739999999998,-6345.54,570.285,-29958.704999999998,-12550.005,-4241.07
-10719.404999999999,-11543.805,-22127.535,-6326.639999999999,588.9599999999999,-29956.454999999998,-12497.67,-4202.415
-10706.445,-11530.439999999999,-22136.04,-6352.155,543.51,-29997.315,-12457.664999999999,-4176.855
-10744.02,-11555.505,-22170.42,-6401.34,495.9,-30018.015,-12498.345,-4219.785
-10832.039999999999,-11662.515,-22276.35,-6508.17,386.09999999999997,-30144.195,-12587.895,-4290.075
-10849.23,-11686.23,-22292.504999999997,-6518.565,372.51,-30190.815,-12627.18,-4316.445
-10795.005,-11630.34,-22234.364999999998,-6455.16,441.18,-30102.57,-12633.119999999999,-4281.705
-10798.515,-11617.65,-22220.415,-6440.264999999999,467.955,-30015.315,-12613.59,-4293.99
-10804.095,-11614.185,-22213.754999999997,-6432.075,469.62,-30036.239999999998,-12591.135,-4303.62
-10770.39,-11572.47,-22182.075,-6414.344999999999,455.625,-30130.695,-12540.33,-4272.75
-10772.685,-11589.93,-22202.37,-6445.259999999999,410.66999999999996,-30199.77,-12520.17,-4234.275
-10797.84,-11640.6,-22262.04,-6494.849999999999,397.62,-30110.219999999998,-12530.88,-4230.18
-10798.92,-11628.765,-22234.004999999997,-6447.69,486.945,-29964.555,-12480.164999999999,-4244.76
-10776.285,-11598.029999999999,-22196.34,-6402.735,532.485,-29943.09,-12501.494999999999,-4240.62
-10790.369999999999,-11615.085,-22215.735,-6421.815,506.96999999999997,-29995.515,-12521.43,-4254.03
-10790.234999999999,-11618.369999999999,-22228.065,-6443.235,477.71999999999997,-30020.355,-12535.154999999999,-4257.945
-10766.295,-11593.755,-22213.89,-6446.16,453.555,-30042.989999999998,-12537.314999999999,-4241.115
-10766.654999999999,-11593.619999999999,-22211.954999999998,-6457.32,451.62,-30053.114999999998,-12527.595,-4242.105
-10785.465,-11609.414999999999,-22221.945,-6471.585,474.75,-30024.18,-12538.845,-4260.285
-10772.19,-11592.63,-22202.504999999997,-6435.09,499.72499999999997,-30012.074999999997,-12532.77,-4246.605
-10759.77,-11581.785,-22191.03,-6427.08,491.805,-30026.25,-12543.48,-4232.43
-10780.335,-11604.42,-22210.605,-6451.0199999999995,448.56,-30092.625,-12560.31,-4250.7
-10781.1,-11610.404999999999,-22216.454999999998,-6466.59,411.93,-30120.84,-12559.994999999999,-4249.889999999999
-10773.72,-11603.295,-22216.725,-6420.87,485.37,-30038.265,-12544.515,-4247.505
-10776.869999999999,-11611.619999999999,-22238.684999999998,-6394.32,520.0649999999999,-30027.87,-12545.64,-4251.15
-10784.925,-11612.385,-22242.195,-6399.99,512.505,-30042.765,-12547.395,-4262.58
-10800.494999999999,-11615.625,-22236.12,-6415.2,491.35499999999996,-30048.39,-12541.005,-4279.545
-10805.715,-11631.105,-22257.495,-6460.155,459.9,-30071.16,-12544.785,-4277.925
-10782.855,-11614.095,-22212.495,-6468.21,474.435,-30014.28,-12542.22,-4247.55
-10767.06,-11589.21,-22173.795,-6411.014999999999,501.97499999999997,-29968.02,-12546.765,-4243.365
-10763.414999999999,-11594.789999999999,-22186.934999999998,-6387.165,529.29,-29979.945,-12559.41,-4246.0199999999995
-10773.855,-11610.09,-22212.27,-6416.325,487.89,-30038.85,-12545.189999999999,-4247.19
-10787.58,-11597.715,-22197.42,-6416.1449999999995,489.41999999999996,-30050.954999999998,-12539.07,-4257.09
-10792.619999999999,-11598.795,-22190.85,-6406.875,516.6,-30022.605,-12560.625,-4270.59
-10784.475,-11589.75,-22184.19,-6393.195,547.245,-29970.855,-12569.58,-4274.955
-10778.175,-11584.529999999999,-22177.35,-6391.9349999999995,530.505,-29980.754999999997,-12561.84,-4269.285
-10786.725,-11607.615,-22204.8,-6435.134999999999,451.935,-30047.76,-12560.039999999999,-4260.6449999999995
-10817.1,-11651.939999999999,-22255.875,-6479.415,425.96999999999997,-30062.385,-12520.574999999999,-4266.764999999999
-10787.175,-11606.265,-22209.84,-6431.67,481.455,-30044.925,-12550.365,-4258.53
-10745.955,-11557.98,-22164.344999999998,-6397.335,523.395,-30020.94,-12575.07,-4243.095
-10728.135,-11543.13,-22156.515,-6397.83,528.0749999999999,-30015.27,-12587.58,-4238.055
-10775.07,-11596.32,-22202.235,-6398.28,494.19,-30040.785,-12557.744999999999,-4262.985
-10775.16,-11596.814999999999,-22180.725,-6374.34,521.415,-30017.475,-12497.4,-4245.345
-10783.395,-11605.68,-22203.675,-6416.775,491.66999999999996,-29985.93,-12410.865,-4241.88
-10786.815,-11613.06,-22220.73,-6450.3,445.455,-30032.64,-12471.615,-4246.0199999999995
-10794.105,-11629.664999999999,-22241.204999999998,-6469.605,417.195,-30094.559999999998,-12597.3,-4260.0599999999995
-10787.85,-11623.545,-22236.704999999998,-6456.554999999999,440.46,-30073.32,-12538.35,-4249.53
-10770.48,-11598.39,-22208.76,-6422.58,480.28499999999997,-30033.989999999998,-12495.779999999999,-4238.37
-10793.744999999999,-11617.02,-22217.085,-6432.705,459.135,-30075.75,-12492.225,-4261.59
-10790.145,-11613.105,-22221.765,-6444.45,436.77,-30136.77,-12541.635,-4259.25
-10771.47,-11595.285,-22208.715,-6440.264999999999,424.16999999999996,-30195.585,-12611.789999999999,-4240.3949999999995
-10793.654999999999,-11628.63,-22239.765,-6466.05,397.215,-30213.629999999997,-12602.385,-4248.99
-10794.869999999999,-11627.055,-22230.315,-6451.74,445.815,-30068.145,-12587.58,-4262.355
-10795.14,-11632.994999999999,-22227.795,-6432.48,499.04999999999995,-29952.945,-12537.27,-4259.115
-10783.44,-11631.15,-22226.625,-6427.98,490.905,-29981.024999999998,-12513.555,-4248.855
-10758.6,-11604.105,-22210.559999999998,-6414.57,493.10999999999996,-30006.539999999997,-12503.115,-4227.93
-10757.565,-11592.72,-22194.225,-6400.62,499.005,-30061.485,-12562.695,-4233.78
-10757.52,-11563.47,-22166.19,-6377.04,538.38,-30033.27,-12595.814999999999,-4255.514999999999
-10771.02,-11569.455,-22178.969999999998,-6401.655,513.99,-30010.184999999998,-12538.71,-4256.415
-10774.8,-11584.89,-22190.445,-6402.375,533.295,-29952.719999999998,-12489.48,-4241.97
-10811.925,-11622.285,-22228.379999999997,-6445.889999999999,484.245,-30023.1,-12541.949999999999,-4270.545
-10818.765,-11639.789999999999,-22248.045,-6464.745,453.10499999999996,-30058.245,-12530.25,-4272.705
-10801.664999999999,-11626.154999999999,-22234.95,-6453.179999999999,459.405,-30046.094999999998,-12527.73,-4258.665
-10779.615,-11601.09,-22209.93,-6428.835,478.215,-30052.53,-12561.164999999999,-4248.18
-10774.619999999999,-11594.654999999999,-22203.405,-6425.775,470.7,-30076.92,-12582.135,-4249.17
-10782.045,-11608.74,-22219.469999999998,-6449.715,439.425,-30102.93,-12594.42,-4258.305
-10785.24,-11621.115,-22234.59,-6459.974999999999,437.76,-30093.21,-12586.904999999999,-4258.665
-10783.845,-11601.045,-22211.954999999998,-6424.11,503.955,-30001.77,-12529.8,-4252.139999999999
-10780.289999999999,-11588.85,-22190.579999999998,-6402.554999999999,524.52,-29993.67,-12517.244999999999,-4250.115
-10774.98,-11588.58,-22192.605,-6418.349999999999,491.265,-30032.504999999997,-12542.22,-4250.5199999999995
-10778.355,-11596.32,-22206.69,-6437.969999999999,469.62,-30037.5,-12554.324999999999,-4253.985
-10789.02,-11609.55,-22224.375,-6453.675,475.74,-30010.905,-12544.38,-4258.9349999999995
-10799.324999999999,-11620.17,-22231.665,-6477.12,456.93,-30030.57,-12544.695,-4263.4349999999995
-10799.775,-11621.115,-22234.364999999998,-6494.219999999999,442.08,-30041.055,-12554.505,-4269.69
-10797.48,-11617.02,-22227.614999999998,-6455.295,482.76,-30031.965,-12558.195,-4272.12
-10782.449999999999,-11604.869999999999,-22236.39,-6426.315,491.265,-30053.789999999997,-12562.605,-4261.59
-10785.015,-11607.164999999999,-22229.954999999998,-6406.965,494.90999999999997,-30044.475,-12561.435,-4263.165
-10778.76,-11591.73,-22187.385,-6375.87,527.22,-30022.425,-12573.765,-4264.83
-10779.164999999999,-11593.619999999999,-22199.085,-6405.4349999999995,490.32,-30092.489999999998,-12609.359999999999,-4267.215
-10784.43,-11608.74,-22227.03,-6445.71,442.48499999999996,-30139.739999999998,-12602.789999999999,-4264.155
-10792.26,-11619.045,-22225.815,-6462.134999999999,420.21,-30096.36,-12553.605,-4257.495
-10771.47,-11595.15,-22190.895,-6445.98,414.81,-30105.765,-12554.595,-4239.8099999999995
-10748.88,-11564.279999999999,-22154.535,-6397.83,464.35499999999996,-30118.364999999998,-12533.445,-4222.215
-10764.63,-11573.369999999999,-22171.14,-6390.855,505.125,-30054.914999999997,-12522.24,-4246.965
-10816.02,-11628.539999999999,-22225.68,-6449.085,463.905,-30051.629999999997,-12595.545,-4298.3099999999995
-10825.695,-11648.925,-22255.155,-6472.844999999999,451.66499999999996,-30048.164999999997,-12599.189999999999,-4298.715
-10799.19,-11629.35,-22235.76,-6448.455,488.29499999999996,-29987.414999999997,-12533.715,-4255.29
-10750.365,-11576.34,-22173.66,-6392.384999999999,529.245,-29959.065,-12483.09,-4214.5199999999995
-10740.24,-11571.39,-22182.03,-6398.55,513.18,-29997.449999999997,-12486.105,-4199.715
-10761.75,-11584.755,-22193.73,-6419.07,477.18,-30072.285,-12597.345,-4228.38
-10779.57,-11594.34,-22201.02,-6422.985,479.205,-30075.84,-12580.02,-4253.8949999999995
-10797.93,-11620.08,-22230.989999999998,-6449.849999999999,477.99,-30038.039999999997,-12522.689999999999,-4261.365
-10777.32,-11609.505,-22218.84,-6431.13,502.91999999999996,-30016.079999999998,-12501.99,-4239.54
-10747.755,-11573.01,-22179.42,-6387.03,527.85,-30027.465,-12524.715,-4229.325
-10768.59,-11587.095,-22185.675,-6399.134999999999,506.29499999999996,-30033.315,-12475.035,-4236.21
-10756.89,-11589.119999999999,-22186.305,-6392.88,525.915,-29986.469999999998,-12512.654999999999,-4224.465
-10749.869999999999,-11602.395,-22204.44,-6403.139999999999,524.61,-29968.92,-12513.33,-4224.6449999999995
-10799.595,-11640.195,-22257.945,-6468.615,454.32,-30045.285,-12591.765,-4266.18
-10809.27,-11647.215,-22260.105,-6467.219999999999,449.90999999999997,-30066.12,-12600.765,-4272.48
-10771.965,-11588.67,-22199.085,-6420.554999999999,473.66999999999996,-30099.6,-12594.734999999999,-4252.7699999999995
-10799.73,-11597.895,-22204.665,-6433.065,462.51,-30132.629999999997,-12598.605,-4283.955
-10765.35,-11563.65,-22165.245,-6382.3949999999995,533.52,-29996.82,-12548.609999999999,-4242.6449999999995
-10748.744999999999,-11564.234999999999,-22160.43,-6369.344999999999,532.71,-30007.305,-12561.255,-4234.635
-10813.59,-11639.97,-22247.91,-6460.92,438.885,-30101.445,-12564.09,-4290.525
-10828.26,-11624.039999999999,-22231.079999999998,-6448.995,482.58,-30035.07,-12581.73,-4309.83
-10821.06,-11619.539999999999,-22213.934999999998,-6424.0199999999995,518.4449999999999,-30013.605,-12586.59,-4303.17
-10785.555,-11600.46,-22205.07,-6421.365,499.04999999999995,-30064.59,-12531.914999999999,-4252.05
-10783.89,-11605.23,-22215.42,-6439.005,472.22999999999996,-30076.379999999997,-12563.1,-4250.43
-10790.64,-11621.744999999999,-22236.57,-6454.08,469.575,-30049.875,-12554.775,-4239.8099999999995
-10788.255,-11610.359999999999,-22225.59,-6460.29,459.675,-30070.8,-12591.18,-4238.415
-10783.664999999999,-11594.97,-22200.21,-6432.12,491.625,-30049.02,-12591.045,-4255.83
-10821.6,-11645.369999999999,-22251.239999999998,-6466.139999999999,478.26,-30033.945,-12499.695,-4267.8
-10804.994999999999,-11637.359999999999,-22243.32,-6431.219999999999,525.915,-30026.61,-12483.539999999999,-4246.0199999999995
-10772.279999999999,-11594.34,-22205.61,-6404.58,511.38,-30036.78,-12560.175,-4238.73
-10779.84,-11604.824999999999,-22230.585,-6447.465,470.745,-30036.42,-12542.22,-4240.9349999999995
-10787.4,-11612.115,-22257.0,-6479.865,467.37,-30042.945,-12534.074999999999,-4247.639999999999
-10786.365,-11606.085,-22234.68,-6468.165,477.495,-30036.465,-12549.555,-4260.15
-10786.275,-11607.66,-22206.42,-6447.735,491.445,-30042.539999999997,-12559.275,-4260.0599999999995
-10807.289999999999,-11646.045,-22261.274999999998,-6480.134999999999,462.645,-30087.09,-12571.109999999999,-4264.065
-10790.865,-11630.564999999999,-22266.495,-6518.07,454.59,-30116.43,-12571.02,-4250.88
-10772.595,-11603.835,-22230.809999999998,-6441.66,464.445,-30116.745,-12579.975,-4242.33
-10773.404999999999,-11600.505,-22217.355,-6390.719999999999,499.455,-30037.004999999997,-12562.74,-4242.465
-10778.49,-11605.14,-22220.594999999998,-6397.245,492.885,-30038.715,-12560.4,-4247.325
-10775.475,-11596.904999999999,-22199.895,-6420.42,458.865,-30085.965,-12562.83,-4247.505
-10775.25,-11595.689999999999,-22206.645,-6414.75,484.78499999999997,-30051.945,-12548.88,-4247.055
-10783.8,-11606.895,-22221.54,-6415.92,525.285,-30033.18,-12557.115,-4251.735
-10780.605,-11605.185,-22208.579999999998,-6415.469999999999,519.7049999999999,-30046.274999999998,-12557.744999999999,-4245.93
-10773.9,-11593.664999999999,-22191.12,-6412.634999999999,483.21,-30061.664999999997,-12562.83,-4242.915
-10775.43,-11590.965,-22189.905,-6413.715,494.685,-30062.024999999998,-12564.945,-4248.315
-10774.529999999999,-11592.0,-22196.969999999998,-6416.325,492.03,-30052.89,-12533.715,-4245.795
-10771.02,-11590.74,-22197.87,-6427.259999999999,457.46999999999997,-30051.495,-12528.765,-4240.62
-10765.98,-11591.64,-22198.725,-6436.755,462.645,-30054.239999999998,-12572.595,-4233.915
-10774.664999999999,-11604.06,-22207.95,-6453.585,444.96,-30055.725,-12559.14,-4241.43
-10793.789999999999,-11622.24,-22228.965,-6465.69,431.23499999999996,-30070.62,-12541.32,-4256.91
-10790.595,-11611.935,-22221.765,-6425.28,479.15999999999997,-30083.129999999997,-12565.845,-4259.88
-10764.72,-11584.89,-22192.469999999998,-6406.605,476.09999999999997,-30132.809999999998,-12602.744999999999,-4241.07
-10743.345,-11561.984999999999,-22173.434999999998,-6403.995,454.54499999999996,-30182.219999999998,-12634.65,-4229.82
-10737.315,-11546.865,-22159.485,-6396.344999999999,460.44,-30153.555,-12598.965,-4230.945
-10780.02,-11587.725,-22194.36,-6421.815,469.125,-30091.995,-12580.695,-4279.41
-10833.029999999999,-11652.48,-22256.415,-6465.915,468.315,-30027.105,-12546.404999999999,-4310.46
-10798.47,-11628.585,-22233.239999999998,-6431.8949999999995,520.56,-29955.149999999998,-12537.63,-4250.34
-10737.09,-11551.68,-22153.995,-6359.535,567.72,-29969.504999999997,-12547.35,-4205.655
-10726.965,-11540.115,-22136.985,-6348.465,558.72,-29987.594999999998,-12516.93,-4212.45
-10726.65,-11539.26,-22146.434999999998,-6367.5,528.93,-30014.414999999997,-12504.24,-4215.24
-10756.619999999999,-11578.32,-22186.44,-6411.735,485.955,-30041.594999999998,-12535.83,-4228.605
-10764.045,-11598.615,-22212.719999999998,-6431.985,477.18,-30033.899999999998,-12541.59,-4218.705
-10779.84,-11617.515,-22226.219999999998,-6441.84,468.71999999999997,-30056.355,-12579.39,-4236.57
-10814.58,-11645.64,-22255.605,-6468.389999999999,438.21,-30138.57,-12626.685,-4281.389999999999
-10808.64,-11616.119999999999,-22218.39,-6435.8099999999995,467.46,-30127.14,-12659.265,-4293.54
-10746.675,-11545.244999999999,-22150.98,-6367.815,542.97,-30025.89,-12600.765,-4252.455
-10769.445,-11582.189999999999,-22188.555,-6395.3099999999995,534.105,-29994.21,-12526.515,-4250.88
-10849.14,-11671.154999999999,-22274.28,-6489.45,428.265,-30094.559999999998,-12532.185,-4283.73
-10810.305,-11631.15,-22233.465,-6447.87,473.13,-30051.629999999997,-12498.48,-4250.43
-10776.69,-11590.02,-22188.915,-6395.13,530.505,-30003.885,-12483.945,-4240.755
-10788.84,-11617.83,-22221.629999999997,-6432.615,476.46,-30092.129999999997,-12574.17,-4252.7699999999995
-10769.445,-11619.99,-22219.515,-6422.804999999999,475.56,-30110.67,-12648.465,-4247.505
-10793.205,-11628.72,-22235.805,-6444.315,454.68,-30094.605,-12608.505,-4269.6449999999995
-10809.09,-11620.89,-22226.129999999997,-6443.28,471.96,-30059.64,-12524.58,-4257.63
-10802.52,-11619.0,-22225.05,-6429.915,522.72,-29948.67,-12470.039999999999,-4251.69
-10813.77,-11636.73,-22244.579999999998,-6453.99,481.365,-30004.245,-12485.835,-4250.565
-10788.885,-11614.994999999999,-22224.465,-6435.855,485.865,-30039.704999999998,-12568.365,-4242.375
-10772.82,-11591.775,-22201.245,-6419.07,491.625,-30060.945,-12596.355,-4243.905
-10761.345,-11580.48,-22194.405,-6418.304999999999,448.2,-30172.32,-12639.779999999999,-4241.745
-10776.42,-11595.33,-22236.885,-6449.759999999999,425.88,-30196.53,-12650.939999999999,-4259.205
-10809.27,-11638.035,-22278.239999999998,-6479.955,448.02,-30055.364999999998,-12542.67,-4267.215
-10791.72,-11629.395,-22241.34,-6446.835,510.075,-29939.805,-12514.455,-4248.09
-10779.93,-11607.119999999999,-22215.645,-6431.804999999999,498.33,-30013.739999999998,-12556.755,-4250.115
-10781.595,-11598.795,-22208.94,-6418.62,498.33,-30034.125,-12551.49,-4250.474999999999
-10790.055,-11604.914999999999,-22201.515,-6412.005,509.445,-30019.995,-12535.965,-4250.07
-10788.57,-11607.39,-22208.67,-6420.195,503.865,-30029.895,-12542.039999999999,-4246.514999999999
-10782.539999999999,-11605.994999999999,-22214.34,-6429.33,488.835,-30042.315,-12551.939999999999,-4243.23
-10791.945,-11614.545,-22227.254999999997,-6442.29,474.65999999999997,-30053.969999999998,-12556.98,-4252.275
-10789.74,-11612.789999999999,-22226.805,-6440.264999999999,479.655,-30051.449999999997,-12553.65,-4249.665
-10782.494999999999,-11609.145,-22231.035,-6461.1449999999995,461.15999999999997,-30066.3,-12567.914999999999,-4247.865
-10774.484999999999,-11605.14,-22235.309999999998,-6484.679999999999,439.83,-30081.735,-12574.35,-4243.139999999999
-10780.065,-11610.9,-22238.055,-6467.355,442.44,-30083.94,-12571.92,-4246.695
-10787.355,-11614.77,-22240.62,-6464.474999999999,449.59499999999997,-30094.515,-12580.965,-4252.7699999999995
-10785.69,-11612.835,-22241.16,-6470.955,444.33,-30077.414999999997,-12570.93,-4248.99
-10768.095,-11591.82,-22208.265,-6436.3949999999995,492.93,-30045.914999999997,-12552.435,-4234.005
-10776.285,-11596.095,-22194.315,-6367.905,523.26,-30048.93,-12568.005,-4244.94
-10786.365,-11605.455,-22212.225,-6412.59,469.755,-30073.815,-12586.725,-4257.495
-10793.654999999999,-11613.15,-22228.065,-6448.995,434.29499999999996,-30096.855,-12583.664999999999,-4265.01
-10797.48,-11615.939999999999,-22228.245,-6450.795,433.935,-30081.42,-12562.515,-4268.205
-10782.27,-11592.585,-22198.77,-6421.455,480.51,-30087.045,-12565.755,-4264.695
-10789.289999999999,-11591.64,-22199.219999999998,-6439.545,470.07,-30133.125,-12605.175,-4296.825
-10795.185,-11605.814999999999,-22219.2,-6440.3099999999995,426.10499999999996,-30163.905,-12631.814999999999,-4297.7699999999995
-10784.475,-11605.949999999999,-22215.329999999998,-6413.58,458.23499999999996,-30139.92,-12641.13,-4257.72
-10759.14,-11586.465,-22196.114999999998,-6402.195,475.875,-30151.574999999997,-12632.67,-4225.724999999999
-10770.75,-11596.365,-22220.37,-6442.425,434.15999999999997,-30158.01,-12646.574999999999,-4242.78
-10813.32,-11633.22,-22253.085,-6479.594999999999,399.645,-30206.25,-12682.845,-4277.97
-10762.65,-11585.16,-22186.079999999998,-6385.32,536.985,-30024.449999999997,-12541.949999999999,-4226.4
-10689.39,-11506.5,-22098.329999999998,-6272.73,675.54,-29827.485,-12408.029999999999,-4159.665
-10714.095,-11540.97,-22148.64,-6339.105,594.36,-29861.774999999998,-12468.869999999999,-4173.615
-10795.949999999999,-11624.85,-22242.78,-6443.325,482.895,-29994.795,-12535.47,-4242.735
-10839.689999999999,-11665.845,-22280.129999999997,-6479.865,451.935,-30044.295,-12557.52,-4277.7
-10828.17,-11653.064999999999,-22260.105,-6459.705,468.22499999999997,-30036.645,-12563.234999999999,-4273.965
-10806.84,-11629.8,-22239.09,-6437.88,487.26,-30023.145,-12554.685,-4263.615
-10785.779999999999,-11603.385,-22207.77,-6407.1449999999995,507.015,-30021.434999999998,-12535.605,-4248.495
-10768.725,-11585.205,-22193.64,-6403.005,496.08,-30047.625,-12553.064999999999,-4240.62
-10771.74,-11581.83,-22187.879999999997,-6397.92,501.93,-30039.84,-12576.15,-4255.29
-10773.135,-11598.975,-22203.54,-6405.165,506.15999999999997,-30027.735,-12567.42,-4253.04
-10797.615,-11631.914999999999,-22243.454999999998,-6431.759999999999,486.135,-30045.645,-12553.605,-4252.59
-10797.119999999999,-11614.005,-22233.555,-6425.505,491.35499999999996,-30037.815,-12540.33,-4248.09
-10786.005,-11618.865,-22245.12,-6418.53,507.41999999999996,-30031.92,-12545.279999999999,-4245.3
-10803.195,-11643.119999999999,-22250.655,-6435.179999999999,482.805,-30061.305,-12569.355,-4260.555
-10783.035,-11609.55,-22204.395,-6432.255,468.585,-30064.905,-12561.705,-4240.215
-10750.68,-11568.869999999999,-22182.3,-6406.83,499.185,-30035.565,-12536.775,-4223.97
-10773.449999999999,-11590.515,-22199.445,-6411.6449999999995,499.995,-30036.645,-12530.205,-4246.38
-10802.52,-11618.505,-22230.54,-6444.63,467.145,-30077.55,-12582.494999999999,-4256.775
-10788.3,-11593.08,-22200.84,-6420.554999999999,486.495,-30069.405,-12609.0,-4249.3949999999995
-10792.215,-11607.75,-22215.825,-6429.33,478.62,-30067.739999999998,-12578.76,-4254.57
-10792.529999999999,-11609.324999999999,-22216.5,-6432.165,479.835,-30071.024999999998,-12594.869999999999,-4257.09
-10795.32,-11614.23,-22215.059999999998,-6432.57,469.08,-30091.184999999998,-12618.045,-4266.99
-10792.44,-11624.805,-22229.594999999998,-6437.115,461.385,-30086.864999999998,-12579.525,-4264.695
-10795.904999999999,-11614.77,-22235.219999999998,-6443.639999999999,461.565,-30075.84,-12552.255,-4262.715
-10797.21,-11603.43,-22216.68,-6439.094999999999,461.29499999999996,-30069.765,-12566.97,-4262.715
-10781.055,-11603.205,-22219.29,-6449.3099999999995,436.05,-30084.434999999998,-12541.23,-4236.66
-10754.055,-11582.145,-22201.559999999998,-6421.7699999999995,469.84499999999997,-30080.745,-12593.97,-4214.16
-10755.045,-11573.01,-22195.17,-6412.32,487.71,-30100.364999999998,-12644.865,-4232.205
-10767.06,-11589.345,-22211.55,-6423.525,493.065,-30078.045,-12604.68,-4238.1449999999995
-10791.045,-11616.39,-22235.76,-6465.96,424.44,-30154.364999999998,-12646.35,-4269.6449999999995
-10802.654999999999,-11615.13,-22240.754999999997,-6511.905,345.555,-30241.754999999997,-12708.225,-4294.26
-10791.27,-11604.51,-22231.17,-6517.17,319.005,-30241.71,-12693.914999999999,-4278.24
-10794.195,-11617.47,-22233.915,-6483.105,397.26,-30095.414999999997,-12554.01,-4244.805
-10797.48,-11616.75,-22216.905,-6386.264999999999,577.7099999999999,-29906.504999999997,-12465.494999999999,-4245.885
-10766.205,-11587.5,-22189.004999999997,-6339.51,620.01,-29932.695,-12489.795,-4223.025
-10761.615,-11587.994999999999,-22200.254999999997,-6400.215,537.435,-30032.774999999998,-12521.699999999999,-4212.315
-10772.55,-11592.765,-22206.78,-6411.465,512.055,-30098.745,-12543.57,-4231.17
-10747.664999999999,-11563.515,-22174.695,-6375.554999999999,531.495,-30094.965,-12565.395,-4212.945
-10777.275,-11599.92,-22212.27,-6418.485,508.365,-30073.184999999998,-12552.48,-4231.665
-10786.59,-11618.145,-22235.309999999998,-6448.5,474.39,-30064.094999999998,-12584.609999999999,-4232.925
-10783.529999999999,-11607.119999999999,-22222.26,-6436.755,488.07,-30007.53,-12598.064999999999,-4243.23
-10799.505,-11622.6,-22233.6,-6442.965,468.53999999999996,-30019.454999999998,-12581.82,-4252.59
-10792.44,-11612.115,-22216.95,-6417.855,490.54499999999996,-30026.43,-12568.949999999999,-4242.465
-10774.08,-11590.109999999999,-22191.66,-6401.79,513.495,-30008.745,-12530.699999999999,-4227.66
-10770.84,-11581.515,-22184.1,-6410.295,511.875,-30022.515,-12576.33,-4242.0599999999995
-10803.24,-11619.09,-22231.305,-6458.849999999999,447.03,-30082.59,-12626.55,-4273.74
-10789.47,-11605.814999999999,-22211.325,-6408.179999999999,483.84,-30051.405,-12568.859999999999,-4256.099999999999
-10778.805,-11588.265,-22189.68,-6374.115,506.07,-30050.414999999997,-12584.34,-4254.345
-10784.34,-11592.675,-22198.59,-6386.175,502.60499999999996,-30041.19,-12624.57,-4263.255
-10777.41,-11588.76,-22197.555,-6401.88,499.54499999999996,-30044.16,-12608.055,-4248.855
-10775.88,-11589.93,-22202.055,-6439.95,490.005,-30050.91,-12574.8,-4240.98
-10807.065,-11626.74,-22236.39,-6447.69,473.715,-30047.94,-12563.595,-4274.01
-10804.095,-11620.89,-22230.989999999998,-6437.34,468.135,-30090.195,-12680.64,-4287.42
-10805.805,-11621.34,-22225.004999999997,-6430.094999999999,479.34,-30082.32,-12670.064999999999,-4275.045
-10805.895,-11616.345,-22218.254999999997,-6426.63,483.525,-30054.645,-12569.085,-4264.2
-10791.539999999999,-11600.324999999999,-22201.965,-6411.78,489.69,-30058.469999999998,-12579.615,-4262.805
-10766.43,-11572.289999999999,-22172.715,-6382.98,516.6,-30049.739999999998,-12609.494999999999,-4244.58
-10772.145,-11574.539999999999,-22172.399999999998,-6388.065,508.32,-30063.329999999998,-12615.795,-4252.635
-10816.47,-11651.13,-22250.475,-6460.74,436.905,-30109.545,-12532.23,-4256.415
-10777.859999999999,-11636.369999999999,-22262.265,-6452.91,452.78999999999996,-30110.489999999998,-12571.965,-4228.83
-10784.88,-11603.789999999999,-22227.344999999998,-6439.815,475.91999999999996,-30067.829999999998,-12590.01,-4228.74
-10804.14,-11618.73,-22237.065,-6471.495,429.79499999999996,-30092.445,-12558.42,-4242.555
-10794.105,-11617.47,-22237.29,-6461.19,420.34499999999997,-30129.254999999997,-12591.72,-4247.505
-10783.484999999999,-11628.81,-22261.364999999998,-6448.005,446.445,-30119.625,-12599.369999999999,-4240.62
-10777.005,-11612.564999999999,-22251.329999999998,-6421.365,521.595,-29986.245,-12544.064999999999,-4226.175
-10752.705,-11559.645,-22169.79,-6376.7699999999995,544.14,-29962.98,-12501.18,-4206.78
-10751.49,-11564.73,-22161.329999999998,-6388.92,493.46999999999997,-30069.315,-12543.57,-4216.545
-10814.265,-11639.925,-22241.79,-6452.639999999999,439.065,-30120.614999999998,-12616.289999999999,-4263.84
-10827.314999999999,-11656.89,-22261.545,-6470.28,438.57,-30113.73,-12645.945,-4278.78
-10804.815,-11631.105,-22245.795,-6455.969999999999,463.77,-30100.5,-12623.58,-4261.365
-10777.275,-11593.845,-22213.125,-6431.94,488.385,-30073.14,-12568.59,-4232.655
-10779.39,-11599.289999999999,-22220.954999999998,-6451.245,472.32,-30059.954999999998,-12567.42,-4234.095
-10797.345,-11619.494999999999,-22237.605,-6476.715,451.16999999999996,-30037.14,-12584.25,-4253.805
-10792.305,-11612.07,-22226.129999999997,-6467.535,447.255,-30039.39,-12586.005,-4252.995
-10771.154999999999,-11583.99,-22190.579999999998,-6398.325,512.685,-30024.27,-12586.23,-4242.33
-10780.154999999999,-11594.205,-22194.809999999998,-6392.5199999999995,508.995,-30029.085,-12571.425,-4249.44
-10800.945,-11626.289999999999,-22236.885,-6439.679999999999,459.135,-30087.675,-12579.705,-4261.7699999999995
-10796.715,-11622.555,-22249.17,-6458.804999999999,452.60999999999996,-30102.03,-12583.125,-4254.57
-10765.44,-11591.64,-22229.864999999998,-6432.929999999999,517.635,-30025.89,-12516.345,-4219.92
-10758.42,-11580.119999999999,-22207.094999999998,-6414.929999999999,565.38,-29997.18,-12570.93,-4226.715
-10808.955,-11620.439999999999,-22224.645,-6449.804999999999,499.635,-30045.555,-12621.195,-4282.065
-10818.63,-11633.22,-22232.25,-6440.67,454.815,-30088.079999999998,-12639.06,-4279.455
-10782.765,-11603.654999999999,-22212.719999999998,-6433.0199999999995,452.52,-30179.07,-12654.539999999999,-4238.235
-10783.305,-11609.73,-22228.065,-6459.165,433.97999999999996,-30229.379999999997,-12640.77,-4234.32
-10791.539999999999,-11616.885,-22229.055,-6426.764999999999,448.02,-30132.495,-12618.314999999999,-4243.815
-10793.565,-11616.029999999999,-22221.989999999998,-6405.84,475.38,-30020.085,-12592.619999999999,-4248.045
-10792.529999999999,-11612.88,-22227.39,-6420.87,489.96,-30004.289999999997,-12581.64,-4249.9349999999995
-10779.66,-11598.795,-22233.375,-6419.205,484.83,-30037.995,-12587.085,-4244.13
-10762.515,-11571.345,-22195.53,-6402.735,474.435,-30093.3,-12626.91,-4243.68
-10766.205,-11565.404999999999,-22152.465,-6390.45,483.93,-30079.71,-12631.994999999999,-4250.565
-10793.789999999999,-11612.43,-22208.489999999998,-6433.2,469.66499999999996,-30060.225,-12590.279999999999,-4256.099999999999
-10803.734999999999,-11629.71,-22234.32,-6443.82,454.95,-30074.67,-12586.185,-4270.095
-10814.355,-11634.164999999999,-22239.495,-6446.34,453.645,-30096.539999999997,-12638.295,-4286.655
-10822.59,-11647.305,-22247.954999999998,-6443.775,486.405,-30040.695,-12615.615,-4269.42
-10792.395,-11614.365,-22215.149999999998,-6411.78,523.53,-29989.754999999997,-12531.465,-4231.665
-10767.33,-11581.965,-22184.82,-6395.49,519.48,-29998.079999999998,-12517.56,-4218.57
-10774.71,-11587.814999999999,-22187.655,-6408.315,477.135,-30049.605,-12559.455,-4233.014999999999
-10780.65,-11586.465,-22189.32,-6414.705,451.97999999999996,-30116.699999999997,-12638.97,-4260.555
-10763.64,-11562.57,-22159.98,-6374.5199999999995,517.095,-30066.12,-12648.96,-4256.775
-10786.904999999999,-11608.38,-22207.995,-6404.67,532.17,-30005.414999999997,-12589.695,-4248.945
-10840.545,-11699.64,-22312.305,-6511.724999999999,418.09499999999997,-30094.245,-12574.08,-4258.71
-10822.32,-11690.279999999999,-22302.54,-6502.7699999999995,402.34499999999997,-30133.44,-12592.89,-4256.73
-10791.09,-11627.234999999999,-22246.155,-6456.87,431.72999999999996,-30121.245,-12621.6,-4260.6449999999995
-10783.89,-11597.805,-22214.745,-6443.594999999999,430.425,-30132.495,-12636.9,-4257.855
-10755.045,-11574.99,-22186.754999999997,-6411.42,460.935,-30129.21,-12626.865,-4231.44
-10758.645,-11570.58,-22175.954999999998,-6378.165,547.875,-29987.684999999998,-12579.57,-4242.42
-10797.119999999999,-11594.295,-22192.379999999997,-6387.66,553.635,-29974.05,-12588.21,-4272.165
-10836.585,-11663.82,-22258.26,-6446.565,496.79999999999995,-30021.48,-12561.57,-4280.715
-10811.97,-11655.72,-22254.75,-6443.594999999999,486.63,-30035.07,-12558.105,-4253.94
-10799.64,-11630.835,-22240.89,-6443.46,477.27,-30059.324999999997,-12562.83,-4245.93
-10770.93,-11579.895,-22199.219999999998,-6421.05,481.005,-30072.914999999997,-12585.869999999999,-4228.695
-10755.675,-11571.119999999999,-22185.855,-6402.554999999999,494.90999999999997,-30058.515,-12571.289999999999,-4214.61
-10778.22,-11599.289999999999,-22207.454999999998,-6413.355,494.685,-30042.629999999997,-12557.744999999999,-4228.38
-10799.234999999999,-11623.994999999999,-22233.555,-6447.6449999999995,458.82,-30074.805,-12579.795,-4248.495
-10792.98,-11614.904999999999,-22220.684999999998,-6439.23,464.085,-30080.879999999997,-12588.345,-4248.18
-10796.4,-11621.295,-22233.195,-6444.36,469.62,-30069.989999999998,-12587.175,-4250.79
-10791.494999999999,-11615.715,-22233.195,-6442.155,474.65999999999997,-30058.695,-12595.455,-4249.845
-10783.89,-11604.645,-22218.75,-6436.575,467.325,-30084.03,-12613.14,-4249.3949999999995
-10786.41,-11605.904999999999,-22219.245,-6440.219999999999,454.22999999999996,-30113.414999999997,-12630.015,-4255.605
-10797.795,-11619.314999999999,-22231.305,-6450.84,444.78,-30117.51,-12628.125,-4261.995
-10794.869999999999,-11618.64,-22228.29,-6440.13,471.825,-30065.94,-12590.64,-4250.07
-10769.805,-11589.255,-22196.475,-6403.139999999999,512.145,-30022.695,-12559.635,-4226.49
-10763.46,-11580.795,-22192.965,-6410.07,501.885,-30033.539999999997,-12574.529999999999,-4228.29
-10791.315,-11615.4,-22254.165,-6477.12,439.56,-30062.25,-12590.955,-4257.855
-10825.289999999999,-11656.17,-22301.28,-6521.67,391.635,-30094.695,-12599.82,-4286.745
-10812.195,-11637.225,-22247.64,-6475.95,424.305,-30103.605,-12632.13,-4279.455
-10783.17,-11605.455,-22200.704999999998,-6448.41,486.18,-30089.565,-12617.865,-4246.514999999999
-10765.529999999999,-11588.76,-22197.42,-6422.13,495.18,-30096.989999999998,-12588.48,-4224.24
-10775.835,-11592.314999999999,-22205.52,-6428.34,497.29499999999996,-30092.355,-12608.145,-4242.555
-10792.845,-11603.385,-22204.844999999998,-6397.695,500.805,-30127.05,-12678.345,-4270.86
-10808.279999999999,-11623.635,-22227.39,-6416.19,456.57,-30217.364999999998,-12733.02,-4288.139999999999
-10786.949999999999,-11604.285,-22215.6,-6418.485,484.42499999999995,-30149.145,-12670.38,-4269.195
-10787.49,-11603.789999999999,-22212.27,-6426.8099999999995,529.65,-29935.53,-12512.744999999999,-4253.715
-10805.085,-11617.47,-22211.864999999998,-6419.07,516.555,-29906.82,-12424.59,-4253.8949999999995
-10808.73,-11636.055,-22238.19,-6440.264999999999,450.81,-30037.635,-12516.615,-4239.495
-10802.475,-11632.005,-22241.565,-6454.71,427.22999999999996,-30127.815,-12698.055,-4250.34
-10791.765,-11601.27,-22206.96,-6421.1849999999995,463.635,-30130.11,-12705.48,-4275.495
-10807.065,-11611.395,-22216.14,-6423.929999999999,482.49,-30111.39,-12691.08,-4298.58
-10833.84,-11663.955,-22269.285,-6458.67,502.56,-29993.805,-12579.074999999999,-4275.72
-10777.365,-11620.574999999999,-22229.774999999998,-6421.679999999999,513.135,-29966.85,-12499.92,-4193.595
-10766.25,-11596.68,-22204.98,-6408.8099999999995,498.96,-30032.594999999998,-12563.1,-4219.875
-10789.605,-11622.24,-22230.495,-6436.98,472.77,-30051.945,-12603.869999999999,-4250.88
-10772.64,-11600.46,-22209.254999999997,-6413.355,505.26,-30027.239999999998,-12587.31,-4233.105
-10729.98,-11543.039999999999,-22145.625,-6350.49,559.845,-30016.62,-12526.785,-4192.695
-10725.615,-11528.82,-22133.969999999998,-6351.57,528.3,-30091.004999999997,-12577.14,-4201.74
-10755.225,-11578.365,-22188.375,-6416.46,450.765,-30131.774999999998,-12628.89,-4221.72
-10797.3,-11636.82,-22235.94,-6460.11,436.905,-30062.52,-12582.359999999999,-4232.61
-10817.414999999999,-11656.845,-22251.149999999998,-6452.639999999999,489.78,-29977.605,-12577.14,-4254.974999999999
-10825.47,-11660.895,-22254.344999999998,-6447.6449999999995,495.63,-29999.969999999998,-12589.244999999999,-4275.2699999999995
-10803.42,-11622.465,-22230.405,-6433.875,485.505,-30067.829999999998,-12580.695,-4262.22
-10799.73,-11606.625,-22216.004999999997,-6430.05,477.63,-30081.465,-12608.865,-4262.445
-10794.195,-11617.965,-22225.905,-6430.455,486.99,-30053.61,-12615.119999999999,-4254.75
-10795.545,-11629.845,-22239.719999999998,-6439.5,480.15,-30043.215,-12546.945,-4237.245
-10779.885,-11608.605,-22221.045,-6426.495,483.57,-30054.735,-12561.75,-4226.535
-10779.885,-11591.189999999999,-22206.465,-6421.815,484.965,-30071.879999999997,-12609.72,-4240.3949999999995
-10774.935,-11586.914999999999,-22201.695,-6419.295,487.84499999999997,-30069.719999999998,-12620.835,-4241.16
-10779.66,-11600.505,-22218.614999999998,-6429.87,486.765,-30049.379999999997,-12592.755,-4235.58
-10783.44,-11605.005,-22220.37,-6430.995,481.32,-30072.824999999997,-12603.779999999999,-4235.94
-10776.555,-11592.449999999999,-22200.344999999998,-6414.03,482.085,-30096.989999999998,-12586.949999999999,-4225.995
-10774.8,-11589.345,-22197.87,-6413.625,475.56,-30110.039999999997,-12588.795,-4226.445
-10794.96,-11611.71,-22219.695,-6428.79,469.215,-30099.824999999997,-12574.755,-4244.67
-10802.25,-11619.81,-22225.094999999998,-6440.264999999999,458.41499999999996,-30102.84,-12595.904999999999,-4255.514999999999
-10794.914999999999,-11614.68,-22226.94,-6442.695,455.53499999999997,-30115.89,-12644.279999999999,-4255.965
-10794.69,-11621.609999999999,-22260.555,-6448.41,479.07,-30069.899999999998,-12618.045,-4249.485
-10790.46,-11619.855,-22256.864999999998,-6431.49,525.645,-29974.23,-12554.055,-4236.75
-10779.57,-11597.805,-22198.184999999998,-6408.719999999999,519.75,-30008.52,-12582.63,-4235.49
-10746.09,-11557.619999999999,-22158.135,-6403.905,489.10499999999996,-30090.645,-12608.369999999999,-4218.705
-10743.705,-11548.484999999999,-22164.165,-6418.3949999999995,480.645,-30088.98,-12615.255,-4237.065
-10798.425,-11612.52,-22236.795,-6487.11,422.59499999999997,-30061.89,-12574.26,-4274.639999999999
-10807.785,-11636.775,-22259.385,-6492.825,407.15999999999997,-30119.985,-12640.814999999999,-4260.42
-10807.605,-11635.695,-22247.504999999997,-6464.115,431.28,-30131.01,-12630.33,-4251.42
-10769.67,-11589.525,-22195.8,-6404.49,476.64,-30073.995,-12596.67,-4212.855
-10759.859999999999,-11575.439999999999,-22184.19,-6403.59,484.46999999999997,-30056.715,-12579.84,-4212.135
-10805.445,-11626.56,-22242.42,-6449.219999999999,483.885,-30062.61,-12598.02,-4260.42
-10787.58,-11609.324999999999,-22232.204999999998,-6471.495,483.705,-30102.795,-12690.494999999999,-4257.9
-10769.58,-11583.27,-22202.28,-6434.594999999999,541.89,-30094.02,-12704.85,-4248.63
-10800.045,-11618.414999999999,-22234.004999999997,-6402.825,533.835,-30038.399999999998,-12597.705,-4248.8099999999995
-10800.99,-11627.595,-22237.785,-6423.255,472.77,-29988.405,-12549.24,-4230.855
-10780.154999999999,-11610.045,-22215.329999999998,-6419.745,462.06,-30032.64,-12546.359999999999,-4214.79
-10813.77,-11634.164999999999,-22231.98,-6416.594999999999,517.185,-30009.555,-12553.83,-4265.775
-10844.82,-11658.914999999999,-22254.165,-6427.3949999999995,521.37,-30003.164999999997,-12559.365,-4296.0599999999995
-10825.289999999999,-11649.06,-22246.245,-6421.679999999999,518.4449999999999,-29999.114999999998,-12551.67,-4273.29
-10779.75,-11619.539999999999,-22227.524999999998,-6417.8099999999995,493.02,-30050.504999999997,-12604.005,-4227.3
-10753.92,-11584.89,-22204.934999999998,-6414.929999999999,475.56,-30074.399999999998,-12596.535,-4210.155
-10769.58,-11586.15,-22197.78,-6406.785,486.0,-30073.725,-12613.77,-4245.075
-10776.51,-11590.965,-22199.579999999998,-6417.719999999999,467.865,-30107.565,-12626.414999999999,-4247.505
-10776.6,-11605.185,-22220.82,-6437.25,453.825,-30115.664999999997,-12624.119999999999,-4230.54
-10748.475,-11565.314999999999,-22176.405,-6384.105,513.81,-30063.87,-12659.895,-4227.165
-10757.609999999999,-11569.32,-22174.605,-6380.19,524.655,-30050.055,-12627.045,-4239.045
-10816.65,-11661.48,-22267.305,-6470.37,438.885,-30108.195,-12579.57,-4252.23
-10803.15,-11656.395,-22258.215,-6447.24,473.53499999999997,-30049.155,-12569.58,-4237.965
-10748.744999999999,-11572.38,-22177.26,-6378.48,528.525,-30029.309999999998,-12571.425,-4218.12
-10795.635,-11607.975,-22219.155,-6431.625,477.04499999999996,-30083.67,-12622.814999999999,-4268.07
-10835.324999999999,-11652.57,-22269.329999999998,-6487.469999999999,407.34,-30186.495,-12698.01,-4294.08
-10807.92,-11626.56,-22243.725,-6463.665,429.75,-30143.789999999997,-12638.52,-4261.095
-10771.74,-11588.355,-22203.315,-6417.945,490.85999999999996,-30019.815,-12503.16,-4223.5199999999995
-10792.125,-11605.32,-22220.235,-6443.505,455.805,-30078.495,-12544.875,-4252.275
-10786.994999999999,-11603.34,-22216.77,-6453.54,417.24,-30153.195,-12626.505,-4251.375
-10788.615,-11612.744999999999,-22224.645,-6445.62,447.03,-30101.445,-12599.64,-4238.595
-10801.619999999999,-11632.725,-22249.8,-6446.34,491.98499999999996,-30052.8,-12605.13,-4241.565
-10793.43,-11622.51,-22230.765,-6420.599999999999,516.015,-30006.09,-12587.625,-4238.73
-10781.1,-11609.414999999999,-22222.44,-6422.355,518.9399999999999,-29990.114999999998,-12579.164999999999,-4236.525
-10786.365,-11601.539999999999,-22218.434999999998,-6448.7699999999995,467.72999999999996,-30067.289999999997,-12598.064999999999,-4249.485
-10794.645,-11602.845,-22214.79,-6449.04,456.525,-30092.67,-12618.81,-4258.889999999999
-10795.949999999999,-11609.145,-22217.94,-6430.139999999999,488.385,-30048.975,-12607.695,-4255.605
-10743.84,-11552.445,-22160.565,-6373.62,546.12,-29980.98,-12526.605,-4214.5199999999995
-10710.72,-11518.74,-22121.325,-6324.885,603.495,-29954.204999999998,-12548.88,-4202.6849999999995
-10764.63,-11577.914999999999,-22176.18,-6359.94,565.785,-30015.855,-12588.119999999999,-4245.795
-10813.994999999999,-11638.08,-22241.835,-6417.764999999999,508.365,-30044.699999999997,-12579.48,-4244.625
-10827.09,-11655.539999999999,-22260.105,-6442.605,489.06,-30045.42,-12599.73,-4250.16
-10823.625,-11645.01,-22245.84,-6436.304999999999,501.16499999999996,-30036.285,-12614.445,-4268.07
-10805.625,-11633.67,-22241.204999999998,-6436.215,491.49,-30055.05,-12612.33,-4259.565
-10796.67,-11629.755,-22244.715,-6446.745,466.38,-30094.11,-12639.42,-4258.889999999999
-10785.914999999999,-11625.48,-22248.27,-6469.0199999999995,421.965,-30153.105,-12656.205,-4247.1449999999995
-10778.895,-11628.0,-22252.364999999998,-6466.995,428.98499999999996,-30132.18,-12625.38,-4230.54
-10777.815,-11595.6,-22219.11,-6440.355,460.755,-30102.795,-12645.81,-4237.92
-10774.529999999999,-11581.515,-22186.62,-6395.4,520.38,-30049.649999999998,-12651.255,-4242.915
-10791.855,-11619.9,-22231.754999999997,-6435.63,489.825,-30047.715,-12572.414999999999,-4238.1449999999995
-10798.199999999999,-11621.564999999999,-22237.695,-6438.0599999999995,503.72999999999996,-30019.545,-12571.109999999999,-4252.59
-10798.199999999999,-11618.595,-22228.559999999998,-6437.34,488.655,-30054.645,-12631.77,-4267.035
-10778.4,-11603.295,-22212.629999999997,-6427.125,482.715,-30071.07,-12587.805,-4234.095
-10764.99,-11583.135,-22208.76,-6416.82,495.22499999999997,-30080.43,-12549.645,-4224.51
-10790.955,-11624.22,-22272.704999999998,-6461.91,495.135,-30069.449999999997,-12564.585,-4254.075
-10789.875,-11627.595,-22271.085,-6475.365,508.635,-30050.684999999998,-12588.345,-4244.8949999999995
-10749.734999999999,-11570.265,-22167.809999999998,-6387.525,542.88,-30027.329999999998,-12604.904999999999,-4202.865
-10756.619999999999,-11573.055,-22164.614999999998,-6394.005,477.63,-30051.495,-12610.35,-4219.695
-10800.09,-11631.465,-22239.765,-6460.38,441.495,-30102.57,-12611.295,-4245.03
-10796.22,-11617.38,-22223.52,-6429.375,463.5,-30126.195,-12648.555,-4262.4
-10793.115,-11610.404999999999,-22217.625,-6429.87,454.54499999999996,-30135.239999999998,-12640.005,-4265.955
-10802.07,-11632.994999999999,-22240.125,-6454.44,433.53,-30138.57,-12636.72,-4261.365
-10787.895,-11633.625,-22246.2,-6445.844999999999,450.27,-30106.44,-12632.175,-4241.79
-10766.97,-11599.92,-22228.335,-6452.639999999999,440.955,-30124.35,-12660.615,-4232.025
-10766.744999999999,-11585.205,-22209.48,-6476.175,429.34499999999997,-30201.164999999997,-12694.32,-4242.375
-10793.025,-11615.265,-22226.715,-6454.3949999999995,477.27,-30126.239999999998,-12638.564999999999,-4253.085
-10813.59,-11648.925,-22250.565,-6444.09,498.06,-29958.795,-12521.744999999999,-4248.63
-10762.47,-11590.965,-22200.03,-6399.315,508.54499999999996,-29998.35,-12556.26,-4223.115
-10774.619999999999,-11585.97,-22197.555,-6399.63,499.04999999999995,-30084.344999999998,-12606.84,-4247.235
-10803.914999999999,-11614.14,-22222.844999999998,-6411.0599999999995,500.58,-30078.045,-12580.605,-4264.2
-10818.765,-11632.904999999999,-22239.585,-6436.8,486.85499999999996,-30048.48,-12558.645,-4263.705
-10777.005,-11592.675,-22199.445,-6408.945,506.655,-30049.11,-12615.705,-4240.17
-10749.555,-11585.205,-22196.52,-6412.95,469.84499999999997,-30146.039999999997,-12672.81,-4222.3949999999995
-10773.63,-11629.619999999999,-22242.555,-6449.715,431.685,-30175.875,-12668.805,-4225.68
-10796.58,-11623.545,-22243.32,-6454.304999999999,457.335,-30086.324999999997,-12604.23,-4239.0
-10828.305,-11655.135,-22269.329999999998,-6467.759999999999,492.12,-30006.045,-12541.005,-4261.139999999999
-10791.945,-11608.244999999999,-22212.945,-6404.804999999999,539.235,-30013.02,-12591.404999999999,-4249.17
-10784.43,-11598.164999999999,-22205.43,-6406.0199999999995,523.98,-30020.489999999998,-12599.64,-4244.94
-10789.605,-11605.23,-22212.045,-6408.63,529.8299999999999,-30008.61,-12588.164999999999,-4248.18
-10790.055,-11600.01,-22200.885,-6400.53,532.62,-30041.235,-12620.34,-4254.03
-10783.8,-11602.08,-22210.649999999998,-6422.58,488.29499999999996,-30114.045,-12633.615,-4242.465
-10770.57,-11594.925,-22212.585,-6436.349999999999,458.19,-30139.92,-12636.359999999999,-4234.545
-10763.64,-11593.305,-22204.44,-6417.179999999999,488.96999999999997,-30044.295,-12575.654999999999,-4230.135
-10755.539999999999,-11580.255,-22193.145,-6394.995,517.41,-30033.945,-12585.869999999999,-4227.795
-10782.765,-11603.25,-22213.89,-6421.05,494.59499999999997,-30065.039999999997,-12625.785,-4241.655
-10802.295,-11617.244999999999,-22223.34,-6430.005,500.895,-30017.969999999998,-12578.939999999999,-4243.68
-10816.515,-11635.92,-22243.77,-6454.9349999999995,474.255,-30050.37,-12578.445,-4257.8099999999995
-10811.025,-11644.515,-22248.989999999998,-6446.969999999999,496.48499999999996,-30038.219999999998,-12559.59,-4249.035
-10790.865,-11616.255,-22238.954999999998,-6440.04,495.405,-30054.645,-12593.835,-4242.33
-10778.22,-11605.68,-22253.895,-6449.849999999999,466.91999999999996,-30105.18,-12622.59,-4234.635
-10784.07,-11628.99,-22265.19,-6451.875,453.51,-30150.899999999998,-12636.585,-4237.785
-10814.49,-11643.48,-22252.05,-6458.175,469.935,-30111.164999999997,-12642.119999999999,-4271.67
-10814.715,-11619.18,-22226.04,-6455.34,475.515,-30102.795,-12658.77,-4282.74
-10804.275,-11613.285,-22225.995,-6453.405,468.09,-30103.02,-12650.49,-4271.76
-10791.945,-11614.994999999999,-22226.445,-6449.175,472.68,-30046.004999999997,-12584.835,-4236.48
-10781.414999999999,-11601.494999999999,-22209.075,-6426.0,482.805,-30024.539999999997,-12579.48,-4233.105
-10782.09,-11601.945,-22217.67,-6416.054999999999,493.065,-30048.164999999997,-12595.635,-4239.2699999999995
-10781.414999999999,-11588.67,-22199.715,-6387.389999999999,531.495,-30076.289999999997,-12640.185,-4251.195
-10790.369999999999,-11597.895,-22207.59,-6413.264999999999,530.91,-30063.78,-12657.824999999999,-4261.41
-10805.58,-11624.58,-22241.879999999997,-6471.224999999999,494.775,-30049.649999999998,-12613.005,-4261.365
-10779.029999999999,-11598.66,-22215.825,-6436.8,532.62,-30021.84,-12558.105,-4233.915
-10763.414999999999,-11578.59,-22190.219999999998,-6395.625,545.715,-30045.645,-12595.904999999999,-4233.014999999999
-10769.49,-11593.755,-22212.629999999997,-6421.59,468.945,-30119.399999999998,-12675.375,-4239.315
-10750.095,-11565.63,-22181.76,-6375.735,495.135,-30054.375,-12601.574999999999,-4221.224999999999
-10773.09,-11582.64,-22184.82,-6374.429999999999,512.685,-30029.715,-12556.08,-4239.945
-10807.83,-11625.57,-22239.225,-6439.679999999999,453.28499999999997,-30138.48,-12628.619999999999,-4274.595
-10851.93,-11693.564999999999,-22323.015,-6528.24,363.41999999999996,-30231.945,-12670.335,-4275.99
-10801.395,-11631.06,-22250.52,-6463.53,421.155,-30163.41,-12641.805,-4246.065
-10776.824999999999,-11598.345,-22214.204999999998,-6434.19,440.59499999999997,-30134.385,-12611.564999999999,-4238.505
-10773.18,-11600.775,-22221.585,-6433.514999999999,432.135,-30165.704999999998,-12618.359999999999,-4225.7699999999995
-10767.869999999999,-11595.824999999999,-22214.34,-6405.03,486.09,-30071.879999999997,-12588.75,-4215.465
-10786.815,-11620.125,-22236.93,-6408.8099999999995,513.495,-29989.754999999997,-12587.939999999999,-4228.11
-10810.935,-11639.16,-22252.004999999997,-6441.57,493.695,-30041.82,-12608.73,-4256.505
-10806.57,-11634.21,-22251.015,-6480.134999999999,461.565,-30094.515,-12642.255,-4259.474999999999
-10778.085,-11596.41,-22209.57,-6425.37,479.655,-30087.045,-12646.529999999999,-4250.295
-10758.015,-11563.92,-22181.129999999997,-6396.66,500.94,-30053.565,-12607.515,-4248.36
-10755.72,-11559.645,-22166.82,-6381.315,523.0799999999999,-30032.73,-12571.695,-4237.605
-10798.425,-11637.855,-22250.07,-6462.945,438.705,-30129.3,-12606.255,-4235.355
-10800.404999999999,-11656.755,-22269.195,-6458.58,474.79499999999996,-30065.67,-12593.205,-4230.495
-10806.75,-11639.34,-22253.805,-6439.23,504.99,-30048.704999999998,-12620.16,-4250.88
-10815.074999999999,-11651.939999999999,-22250.79,-6440.264999999999,487.89,-30083.579999999998,-12624.21,-4261.41
-10799.369999999999,-11652.119999999999,-22261.545,-6457.679999999999,458.82,-30086.28,-12629.654999999999,-4253.22
-10803.24,-11636.279999999999,-22260.329999999998,-6473.565,417.015,-30158.594999999998,-12652.965,-4261.095
-10792.664999999999,-11610.765,-22235.625,-6455.429999999999,438.79499999999996,-30112.065,-12595.23,-4245.389999999999
-10777.095,-11585.025,-22197.015,-6404.264999999999,505.26,-30040.335,-12585.465,-4231.889999999999
-10786.095,-11606.265,-22222.26,-6426.36,489.87,-30045.51,-12591.855,-4229.82
-10794.33,-11612.789999999999,-22228.739999999998,-6430.7699999999995,501.79499999999996,-30035.07,-12576.734999999999,-4234.095
-10794.24,-11618.234999999999,-22230.945,-6428.429999999999,509.76,-30023.954999999998,-12586.994999999999,-4241.25
-10787.039999999999,-11607.48,-22226.04,-6424.695,505.755,-30044.43,-12599.865,-4239.2699999999995
-10788.93,-11599.154999999999,-22216.5,-6425.46,491.13,-30077.864999999998,-12613.365,-4244.625
-10792.305,-11607.21,-22224.329999999998,-6429.465,486.27,-30081.105,-12616.965,-4248.09
-10796.22,-11601.494999999999,-22207.95,-6411.33,504.27,-30043.079999999998,-12609.18,-4259.88
-10794.015,-11588.31,-22185.765,-6386.625,533.2049999999999,-29996.954999999998,-12579.029999999999,-4264.29
-10795.545,-11594.52,-22196.655,-6390.09,534.555,-30006.405,-12574.26,-4259.97
-10804.635,-11623.455,-22231.89,-6427.44,489.87,-30089.295,-12640.814999999999,-4254.75
-10805.22,-11630.88,-22243.454999999998,-6442.785,466.02,-30153.42,-12654.765,-4253.94
-10763.055,-11578.365,-22196.565,-6415.245,486.405,-30137.85,-12639.195,-4214.79
-10751.85,-11563.965,-22179.015,-6400.665,516.06,-30032.414999999997,-12598.425,-4209.84
-10800.494999999999,-11607.029999999999,-22234.274999999998,-6427.62,512.235,-29992.454999999998,-12600.045,-4270.1849999999995
-10864.71,-11683.8,-22327.965,-6499.665,450.495,-30062.114999999998,-12608.324999999999,-4329.495
-10835.46,-11669.4,-22292.46,-6472.62,468.495,-30048.344999999998,-12564.18,-4282.74
-10744.154999999999,-11571.525,-22170.915,-6379.965,546.0749999999999,-30039.704999999998,-12661.064999999999,-4200.57
-10746.27,-11573.055,-22183.155,-6394.139999999999,511.91999999999996,-30052.44,-12632.445,-4193.775
-10810.17,-11641.904999999999,-22258.395,-6497.775,418.005,-30094.425,-12581.369999999999,-4240.035
-10803.24,-11629.89,-22259.79,-6510.014999999999,425.655,-30109.14,-12633.66,-4258.71
-10795.14,-11612.789999999999,-22250.565,-6472.3949999999995,474.03,-30095.82,-12685.365,-4274.37
-10821.734999999999,-11642.895,-22261.815,-6437.88,498.41999999999996,-30080.879999999997,-12659.49,-4282.245
-10817.82,-11652.345,-22269.285,-6455.34,439.83,-30088.574999999997,-12597.345,-4246.605
-10775.925,-11609.505,-22233.059999999998,-6432.929999999999,450.585,-30082.05,-12578.13,-4207.995
-10782.09,-11610.09,-22228.29,-6426.8099999999995,483.47999999999996,-30086.774999999998,-12598.335,-4226.49
-10787.805,-11610.539999999999,-22227.344999999998,-6422.715,473.76,-30100.32,-12614.984999999999,-4242.33
