ch0,ch1,ch2,ch3,ch4,ch5,ch6,ch7
-10799.685,-11603.744999999999,-22265.864999999998,-6434.28,481.54499999999996,-30054.555,-12689.595,-4209.165
-10796.67,-11614.095,-22277.43,-6409.98,521.55,-30048.074999999997,-12596.445,-4187.115
-10758.555,-11580.57,-22252.14,-6395.175,559.98,-30019.14,-12589.92,-4150.755
-10745.279999999999,-11553.3,-22230.045,-6431.445,531.855,-30019.77,-12641.715,-4160.205
-10849.77,-11659.545,-22324.41,-6500.79,460.97999999999996,-30048.975,-12631.14,-4252.41
-10863.135,-11696.13,-22371.524999999998,-6532.29,446.445,-30111.344999999998,-12673.98,-4231.71
-10807.74,-11634.48,-22313.969999999998,-6463.62,524.16,-30076.965,-12655.305,-4183.83
-10840.095,-11656.529999999999,-22320.135,-6495.389999999999,487.305,-30057.03,-12661.38,-4228.155
-10809.494999999999,-11613.555,-22272.704999999998,-6468.03,463.005,-30097.079999999998,-12695.49,-4212.45
-10767.779999999999,-11570.939999999999,-22257.045,-6415.469999999999,498.73499999999996,-30095.055,-12688.154999999999,-4179.33
-10756.574999999999,-11557.215,-22245.254999999997,-6357.24,536.67,-30001.68,-12616.199999999999,-4171.7699999999995
-10775.295,-11581.425,-22245.39,-6405.525,528.48,-29963.204999999998,-12600.09,-4179.285
-10778.355,-11585.609999999999,-22224.149999999998,-6423.075,571.77,-29992.004999999997,-12674.654999999999,-4180.815
-10841.49,-11656.89,-22309.515,-6516.63,501.255,-30042.225,-12659.76,-4225.905
-10836.9,-11658.555,-22326.524999999998,-6515.594999999999,462.59999999999997,-30098.43,-12652.199999999999,-4219.65
-10801.98,-11620.89,-22299.3,-6429.69,513.99,-30072.87,-12648.285,-4192.335
-10798.515,-11612.52,-22293.315,-6415.065,504.35999999999996,-30075.57,-12655.215,-4186.44
-10802.07,-11616.795,-22285.305,-6420.24,507.91499999999996,-30118.725,-12687.48,-4198.455
-10805.039999999999,-11620.439999999999,-22271.399999999998,-6428.474999999999,508.995,-30112.92,-12671.324999999999,-4200.84
-10821.375,-11626.92,-22269.105,-6417.2699999999995,524.115,-30027.78,-12608.505,-4209.389999999999
-10803.465,-11612.699999999999,-22253.355,-6405.84,570.3299999999999,-29951.55,-12592.215,-4192.785
-10792.08,-11604.645,-22265.774999999998,-6450.03,490.905,-29992.094999999998,-12598.83,-4175.19
-10780.289999999999,-11593.619999999999,-22269.915,-6464.969999999999,479.43,-30019.004999999997,-12633.57,-4169.5199999999995
-10782.045,-11590.965,-22265.504999999997,-6433.695,505.03499999999997,-30036.239999999998,-12708.99,-4189.1849999999995
-10811.43,-11614.994999999999,-22273.379999999997,-6409.125,523.71,-30063.69,-12734.414999999999,-4225.32
-10824.93,-11625.75,-22293.945,-6466.005,507.96,-30077.145,-12709.755,-4240.889999999999
-10821.555,-11606.265,-22255.785,-6428.79,522.135,-30047.895,-12671.414999999999,-4249.665
-10836.27,-11629.664999999999,-22279.05,-6446.25,483.435,-30106.26,-12707.91,-4253.625
-10830.15,-11638.35,-22300.605,-6461.28,438.47999999999996,-30217.094999999998,-12750.615,-4226.94
-10808.955,-11609.46,-22266.809999999998,-6424.38,488.43,-30146.175,-12701.295,-4202.865
-10794.195,-11595.555,-22251.69,-6402.825,545.085,-30004.469999999998,-12668.49,-4185.72
-10755.539999999999,-11546.1,-22204.98,-6364.8,574.38,-30020.67,-12671.324999999999,-4185.045
-10729.08,-11511.0,-22166.594999999998,-6327.405,611.235,-29941.289999999997,-12572.73,-4169.565
-10741.77,-11537.685,-22196.7,-6350.804999999999,608.355,-29910.059999999998,-12518.46,-4154.805
-10852.109999999999,-11681.775,-22348.305,-6496.74,479.96999999999997,-30004.739999999998,-12602.205,-4199.085
-10869.795,-11696.265,-22363.469999999998,-6515.73,444.645,-30061.844999999998,-12673.845,-4225.005
-10839.015,-11655.585,-22320.765,-6474.96,481.815,-30038.219999999998,-12669.255,-4223.79
-10819.845,-11629.484999999999,-22291.695,-6451.605,502.245,-30031.559999999998,-12687.795,-4219.695
-10791.494999999999,-11584.529999999999,-22244.85,-6409.304999999999,538.785,-30032.864999999998,-12701.295,-4210.2
-10752.164999999999,-11535.48,-22191.84,-6352.38,588.105,-30007.44,-12681.675,-4186.17
-10791.18,-11595.195,-22256.954999999998,-6416.054999999999,530.37,-30014.954999999998,-12634.695,-4194.855
-10835.955,-11660.22,-22326.344999999998,-6478.2,485.325,-30020.219999999998,-12563.369999999999,-4207.095
-10812.42,-11627.73,-22292.774999999998,-6447.42,509.4,-30014.01,-12596.805,-4202.01
-10797.615,-11613.285,-22287.69,-6454.53,488.205,-30059.774999999998,-12669.029999999999,-4190.715
-10819.89,-11636.82,-22306.59,-6471.045,470.92499999999995,-30112.289999999997,-12724.289999999999,-4208.4
-10859.715,-11682.27,-22344.254999999997,-6512.715,422.90999999999997,-30168.135,-12723.3,-4237.514999999999
-10819.529999999999,-11632.725,-22294.395,-6463.62,470.835,-30079.754999999997,-12663.63,-4207.41
-10801.26,-11596.77,-22261.68,-6425.28,514.395,-30031.829999999998,-12620.88,-4201.695
-10825.515,-11630.789999999999,-22287.96,-6442.38,500.805,-30086.864999999998,-12657.6,-4212.99
-10831.185,-11651.265,-22318.515,-6465.509999999999,481.68,-30111.524999999998,-12723.93,-4227.389999999999
-10813.14,-11621.295,-22318.469999999998,-6456.24,497.565,-30070.305,-12752.685,-4237.29
-10825.289999999999,-11650.275,-22332.195,-6475.005,476.145,-30081.42,-12755.43,-4239.18
-10811.25,-11645.055,-22309.335,-6465.825,495.405,-30031.469999999998,-12611.43,-4185.764999999999
-10772.73,-11572.515,-22237.785,-6415.245,528.3,-30037.41,-12543.75,-4163.67
-10783.98,-11594.564999999999,-22277.114999999998,-6432.57,525.735,-30018.69,-12587.49,-4172.3099999999995
-10816.244999999999,-11628.9,-22304.745,-6471.675,487.62,-30057.12,-12659.895,-4191.255
-10796.085,-11601.09,-22278.87,-6458.445,503.055,-30090.824999999997,-12688.785,-4193.775
-10771.875,-11566.574999999999,-22236.93,-6417.99,569.8349999999999,-30013.379999999997,-12650.13,-4184.325
-10781.505,-11576.88,-22228.739999999998,-6414.705,560.475,-29961.18,-12602.789999999999,-4182.4349999999995
-10818.494999999999,-11626.38,-22284.989999999998,-6454.44,488.29499999999996,-30040.739999999998,-12647.789999999999,-4199.94
-10819.98,-11626.965,-22289.219999999998,-6448.1849999999995,466.83,-30127.905,-12723.345,-4214.115
-10789.74,-11596.77,-22256.55,-6433.0199999999995,480.91499999999996,-30157.065,-12734.414999999999,-4191.93
-10778.67,-11581.154999999999,-22237.965,-6424.29,528.525,-30094.829999999998,-12654.314999999999,-4180.68
-10770.705,-11570.49,-22239.405,-6391.889999999999,582.3,-29979.989999999998,-12619.215,-4178.835
-10807.065,-11612.385,-22289.895,-6420.825,549.0,-29991.69,-12694.05,-4213.485
-10851.615,-11666.295,-22338.765,-6515.955,432.63,-30089.789999999997,-12710.789999999999,-4239.54
-10831.275,-11643.84,-22297.23,-6482.79,451.16999999999996,-30099.105,-12650.445,-4208.805
-10810.395,-11612.654999999999,-22261.274999999998,-6449.759999999999,517.86,-30050.01,-12654.045,-4204.889999999999
-10810.98,-11612.97,-22277.565,-6466.365,523.53,-30060.18,-12694.994999999999,-4223.474999999999
-10806.39,-11611.755,-22277.969999999998,-6437.34,522.9449999999999,-30032.28,-12710.744999999999,-4221.945
-10771.605,-11576.835,-22234.5,-6372.179999999999,552.3299999999999,-29990.385,-12642.84,-4168.98
-10776.42,-11578.005,-22228.29,-6382.62,569.34,-29978.145,-12547.71,-4166.639999999999
-10867.59,-11688.57,-22358.655,-6527.205,455.445,-30064.364999999998,-12602.205,-4247.1449999999995
-10861.47,-11683.035,-22371.975,-6521.3099999999995,460.48499999999996,-30086.82,-12713.67,-4250.07
-10821.24,-11633.625,-22309.875,-6469.695,513.045,-30054.87,-12736.484999999999,-4211.6849999999995
-10794.465,-11604.24,-22276.575,-6427.98,524.6999999999999,-30058.739999999998,-12649.545,-4176.54
-10784.475,-11576.205,-22262.265,-6398.505,512.145,-30089.745,-12700.35,-4200.615
-10836.27,-11637.404999999999,-22334.94,-6479.054999999999,460.44,-30085.289999999997,-12711.779999999999,-4245.4349999999995
-10842.119999999999,-11655.27,-22322.114999999998,-6457.905,500.13,-30024.899999999998,-12661.02,-4219.605
-10810.35,-11632.68,-22285.395,-6450.165,508.005,-30028.59,-12601.664999999999,-4171.005
-10796.49,-11615.085,-22262.265,-6440.759999999999,503.955,-30022.605,-12587.22,-4170.014999999999
-10809.945,-11620.98,-22279.184999999998,-6452.505,483.21,-30065.445,-12652.875,-4198.7699999999995
-10815.885,-11620.574999999999,-22282.245,-6452.73,466.60499999999996,-30106.62,-12670.515,-4210.65
-10790.955,-11591.324999999999,-22254.93,-6415.695,503.54999999999995,-30085.245,-12654.045,-4196.16
-10785.33,-11587.994999999999,-22254.03,-6415.245,527.085,-30025.35,-12623.4,-4184.1449999999995
-10786.275,-11591.64,-22261.32,-6419.7,518.22,-30059.055,-12664.574999999999,-4186.08
-10770.75,-11568.375,-22230.585,-6384.915,549.405,-30049.829999999998,-12667.5,-4181.849999999999
-10774.664999999999,-11573.369999999999,-22238.145,-6395.58,550.035,-30007.079999999998,-12648.96,-4183.29
-10830.6,-11637.18,-22297.995,-6466.995,489.06,-30048.48,-12658.994999999999,-4222.08
-10847.07,-11659.365,-22323.015,-6485.49,481.5,-30041.684999999998,-12658.725,-4233.735
-10844.145,-11654.595,-22319.82,-6473.429999999999,492.47999999999996,-30050.19,-12664.17,-4230.315
-10815.525,-11626.605,-22290.344999999998,-6456.554999999999,487.89,-30093.344999999998,-12684.734999999999,-4204.53
-10761.93,-11578.994999999999,-22251.87,-6425.55,516.3299999999999,-30073.77,-12704.895,-4165.605
-10768.68,-11566.664999999999,-22225.815,-6382.304999999999,575.37,-29997.945,-12642.795,-4189.905
-10808.369999999999,-11616.345,-22279.725,-6431.355,528.03,-30032.28,-12651.029999999999,-4216.095
-10804.68,-11615.805,-22286.34,-6435.764999999999,531.405,-30010.454999999998,-12616.335,-4196.295
-10803.645,-11604.914999999999,-22268.61,-6426.45,525.15,-30040.515,-12648.195,-4196.07
-10825.064999999999,-11635.74,-22309.2,-6486.705,430.695,-30192.614999999998,-12792.644999999999,-4221.54
-10819.574999999999,-11646.9,-22319.055,-6499.98,424.97999999999996,-30169.17,-12719.115,-4201.11
-10777.5,-11596.635,-22266.495,-6441.12,526.68,-30003.164999999997,-12619.619999999999,-4155.48
-10773.765,-11577.105,-22252.545,-6443.639999999999,568.485,-29946.69,-12663.404999999999,-4180.68
-10765.755,-11563.65,-22245.21,-6428.655,568.4399999999999,-30009.285,-12676.904999999999,-4188.105
-10772.1,-11561.039999999999,-22231.17,-6398.46,532.485,-30064.004999999997,-12650.085,-4184.73
-10863.045,-11655.18,-22313.16,-6457.23,486.18,-30037.995,-12630.42,-4254.57
-10879.38,-11686.005,-22347.0,-6466.59,493.38,-30027.285,-12587.715,-4247.91
-10839.24,-11652.795,-22323.555,-6474.599999999999,465.75,-30079.8,-12637.755,-4210.785
-10817.505,-11624.445,-22294.754999999997,-6458.445,490.815,-30084.03,-12710.654999999999,-4206.69
-10830.24,-11634.435,-22301.415,-6473.655,485.72999999999996,-30115.35,-12726.225,-4229.28
-10816.02,-11620.529999999999,-22304.925,-6470.82,488.60999999999996,-30153.824999999997,-12678.795,-4224.014999999999
-10770.57,-11569.05,-22287.239999999998,-6424.38,533.61,-30092.805,-12592.125,-4192.065
-10745.1,-11526.119999999999,-22215.555,-6355.844999999999,588.555,-29989.8,-12629.88,-4167.945
-10794.914999999999,-11591.955,-22244.489999999998,-6376.679999999999,571.41,-29955.645,-12607.199999999999,-4170.105
-10817.414999999999,-11636.865,-22300.695,-6417.764999999999,532.755,-30015.629999999997,-12640.32,-4189.139999999999
-10811.565,-11633.085,-22295.16,-6459.929999999999,494.23499999999996,-30067.965,-12663.72,-4187.925
-10807.74,-11615.445,-22273.155,-6498.2699999999995,473.94,-30104.19,-12720.15,-4204.215
-10853.1,-11647.664999999999,-22310.415,-6529.679999999999,419.53499999999997,-30167.055,-12811.814999999999,-4273.875
-10869.93,-11670.39,-22340.61,-6550.155,404.82,-30110.355,-12752.234999999999,-4282.0199999999995
-10817.865,-11634.029999999999,-22320.855,-6508.98,468.67499999999995,-30022.289999999997,-12662.64,-4206.51
-10728.09,-11525.49,-22201.649999999998,-6352.245,612.72,-29944.305,-12601.484999999999,-4126.23
-10719.945,-11521.89,-22198.274999999998,-6344.01,607.095,-29987.28,-12566.34,-4112.19
-10782.18,-11601.314999999999,-22276.44,-6426.585,518.265,-30068.73,-12593.43,-4155.03
-10848.06,-11664.675,-22326.975,-6483.69,433.215,-30130.155,-12707.369999999999,-4225.815
-10861.875,-11671.244999999999,-22333.815,-6478.29,457.78499999999997,-30099.555,-12723.57,-4255.065
-10863.404999999999,-11672.955,-22347.54,-6496.065,458.19,-30087.315,-12682.845,-4244.985
-10828.17,-11636.865,-22305.015,-6491.205,462.41999999999996,-30090.015,-12645.675,-4199.355
-10800.09,-11609.189999999999,-22281.39,-6475.32,477.495,-30099.195,-12676.14,-4192.245
-10809.675,-11617.154999999999,-22299.795,-6507.855,488.52,-30066.254999999997,-12702.195,-4211.865
-10818.494999999999,-11617.38,-22302.225,-6520.23,502.91999999999996,-30037.094999999998,-12687.345,-4226.355
-10812.15,-11607.795,-22284.675,-6446.565,492.84,-30030.3,-12633.255,-4211.325
-10787.58,-11587.859999999999,-22256.37,-6388.065,545.13,-30019.41,-12609.585,-4178.115
-10792.619999999999,-11596.095,-22264.739999999998,-6388.065,520.785,-30063.87,-12665.564999999999,-4188.6449999999995
-10810.215,-11608.154999999999,-22269.149999999998,-6388.38,524.295,-30082.815,-12710.43,-4209.03
-10789.965,-11583.0,-22247.91,-6373.9349999999995,581.04,-30010.41,-12656.88,-4185.764999999999
-10783.664999999999,-11577.555,-22244.355,-6396.48,567.09,-30002.039999999997,-12593.789999999999,-4174.965
-10806.029999999999,-11605.725,-22272.254999999997,-6433.0199999999995,490.95,-30101.985,-12675.015,-4201.695
-10817.1,-11617.965,-22289.219999999998,-6447.105,489.015,-30089.52,-12715.695,-4216.275
-10820.88,-11627.82,-22301.73,-6479.415,460.44,-30072.015,-12674.654999999999,-4211.595
-10807.74,-11615.715,-22292.82,-6486.3,422.145,-30113.55,-12623.939999999999,-4191.84
-10751.715,-11550.15,-22226.895,-6414.929999999999,491.805,-30091.274999999998,-12639.465,-4157.55
-10772.82,-11567.07,-22232.07,-6390.63,552.285,-30025.62,-12663.225,-4182.84
-10836.855,-11652.66,-22314.149999999998,-6449.04,532.17,-29998.62,-12624.39,-4209.84
-10818.225,-11627.955,-22290.075,-6427.889999999999,543.645,-30021.614999999998,-12624.57,-4204.575
-10801.26,-11586.285,-22271.04,-6413.759999999999,541.395,-30033.765,-12611.744999999999,-4219.875
-10787.76,-11567.654999999999,-22271.489999999998,-6414.344999999999,516.735,-30120.48,-12737.654999999999,-4248.495
-10830.195,-11631.779999999999,-22326.03,-6485.04,428.31,-30240.27,-12847.68,-4263.93
-10820.07,-11623.949999999999,-22294.035,-6472.3949999999995,457.56,-30152.925,-12700.125,-4193.235
-10768.14,-11567.52,-22218.12,-6385.23,594.81,-29973.465,-12624.345,-4138.65
-10767.869999999999,-11577.645,-22234.905,-6398.955,571.8149999999999,-29934.045,-12550.005,-4150.755
-10804.859999999999,-11625.39,-22292.055,-6452.415,493.38,-30048.84,-12655.17,-4197.42
-10874.97,-11700.855,-22375.44,-6536.429999999999,400.185,-30192.75,-12745.8,-4264.695
-10881.135,-11686.77,-22339.62,-6505.83,438.885,-30174.614999999998,-12736.305,-4267.755
-10800.99,-11606.22,-22254.66,-6396.344999999999,586.305,-30002.175,-12672.945,-4185.8099999999995
-10762.965,-11555.145,-22215.915,-6344.1449999999995,645.93,-29927.52,-12639.465,-4164.525
-10793.43,-11599.064999999999,-22279.094999999998,-6427.98,518.085,-30031.155,-12644.145,-4183.74
-10805.49,-11629.305,-22323.69,-6501.87,451.62,-30086.594999999998,-12651.93,-4184.73
-10806.57,-11630.654999999999,-22316.399999999998,-6468.705,472.77,-30077.19,-12650.76,-4185.8099999999995
-10802.025,-11610.27,-22293.27,-6436.035,497.88,-30074.805,-12656.115,-4191.075
-10807.38,-11614.005,-22289.985,-6454.304999999999,504.405,-30054.87,-12603.869999999999,-4203.72
-10819.89,-11627.414999999999,-22312.035,-6506.505,478.79999999999995,-30098.969999999998,-12639.824999999999,-4217.445
-10833.57,-11640.734999999999,-22311.45,-6514.695,477.85499999999996,-30080.565,-12671.505,-4211.19
-10831.05,-11634.885,-22293.809999999998,-6493.679999999999,504.04499999999996,-30047.219999999998,-12681.539999999999,-4210.83
-10831.545,-11638.664999999999,-22307.76,-6463.62,502.245,-30058.739999999998,-12644.595,-4211.055
-10833.975,-11643.164999999999,-22315.68,-6442.2,486.22499999999997,-30086.954999999998,-12634.02,-4214.205
-10808.595,-11608.605,-22272.795,-6423.12,490.22999999999996,-30102.84,-12646.755,-4202.639999999999
-10745.685,-11539.395,-22201.469999999998,-6380.28,550.935,-30069.36,-12679.02,-4163.535
-10725.48,-11515.859999999999,-22192.605,-6378.615,576.3149999999999,-30016.395,-12678.48,-4159.9349999999995
-10792.98,-11588.895,-22272.93,-6455.79,503.01,-30063.195,-12703.59,-4210.0199999999995
-10832.939999999999,-11638.35,-22309.29,-6485.58,457.60499999999996,-30131.73,-12769.289999999999,-4239.09
-10797.975,-11600.145,-22271.355,-6450.21,503.82,-30087.629999999997,-12742.38,-4222.845
-10824.029999999999,-11640.51,-22331.204999999998,-6495.705,519.21,-30058.155,-12669.48,-4212.2699999999995
-10817.64,-11633.895,-22337.28,-6532.74,489.555,-30068.46,-12630.465,-4190.04
-10837.305,-11660.625,-22344.975,-6556.7699999999995,428.94,-30090.239999999998,-12639.24,-4202.865
-10829.205,-11641.814999999999,-22300.11,-6468.03,504.53999999999996,-30039.21,-12656.295,-4208.8949999999995
-10844.189999999999,-11644.38,-22300.379999999997,-6411.78,538.65,-30044.024999999998,-12684.285,-4240.845
-10824.93,-11626.92,-22301.504999999997,-6401.969999999999,540.72,-30042.27,-12654.765,-4225.455
-10779.029999999999,-11583.314999999999,-22271.715,-6419.25,517.5,-30059.28,-12625.02,-4176.405
-10799.775,-11598.164999999999,-22261.41,-6443.639999999999,484.56,-30103.515,-12668.939999999999,-4202.1449999999995
-10830.645,-11641.32,-22311.405,-6490.71,469.97999999999996,-30075.3,-12672.99,-4213.485
-10787.13,-11598.119999999999,-22269.105,-6445.08,523.53,-30042.855,-12702.779999999999,-4176.8099999999995
-10801.215,-11602.305,-22262.399999999998,-6444.405,515.655,-30051.899999999998,-12675.105,-4199.805
-10789.109999999999,-11583.81,-22239.18,-6410.205,534.015,-30049.425,-12657.015,-4195.98
-10753.38,-11548.125,-22205.7,-6369.615,557.1,-30051.27,-12680.595,-4168.305
-10752.795,-11569.77,-22237.785,-6398.505,515.0699999999999,-30099.914999999997,-12674.16,-4147.92
-10787.085,-11599.875,-22272.614999999998,-6436.035,490.85999999999996,-30100.004999999997,-12663.9,-4180.139999999999
-10827.63,-11637.585,-22322.07,-6489.8099999999995,440.145,-30116.07,-12669.795,-4222.98
-10854.27,-11668.005,-22361.895,-6518.384999999999,427.455,-30144.69,-12689.64,-4246.155
-10815.84,-11633.984999999999,-22348.125,-6497.054999999999,456.255,-30183.84,-12694.455,-4207.635
-10805.355,-11612.385,-22329.629999999997,-6485.264999999999,476.64,-30232.305,-12705.39,-4214.655
-10778.715,-11569.59,-22247.055,-6431.445,512.8199999999999,-30121.335,-12721.59,-4206.6449999999995
-10773.315,-11571.345,-22214.565,-6413.804999999999,518.5799999999999,-30011.219999999998,-12687.795,-4189.905
-10828.755,-11644.515,-22297.32,-6471.45,452.115,-30092.535,-12652.605,-4206.465
-10847.16,-11667.779999999999,-22332.059999999998,-6483.915,481.54499999999996,-30047.489999999998,-12634.38,-4199.355
-10827.63,-11642.58,-22300.425,-6443.28,542.0699999999999,-29985.254999999997,-12617.01,-4197.465
-10802.16,-11608.38,-22261.274999999998,-6429.599999999999,540.135,-29999.655,-12606.66,-4185.54
-10796.94,-11602.395,-22268.879999999997,-6424.335,532.755,-30024.045,-12636.81,-4188.599999999999
-10809.449999999999,-11614.77,-22277.024999999998,-6434.325,512.46,-30068.82,-12653.595,-4209.345
-10788.84,-11592.0,-22257.495,-6421.139999999999,510.34499999999997,-30123.225,-12689.64,-4198.95
-10802.744999999999,-11602.98,-22269.69,-6439.995,497.34,-30114.989999999998,-12727.08,-4212.045
-10810.395,-11611.574999999999,-22279.004999999997,-6442.38,519.7049999999999,-30067.469999999998,-12732.57,-4217.8949999999995
-10830.465,-11627.279999999999,-22292.145,-6450.344999999999,528.48,-30033.449999999997,-12668.22,-4238.505
-10829.52,-11646.945,-22314.555,-6462.855,528.93,-29999.745,-12577.41,-4205.97
-10806.57,-11611.89,-22274.325,-6435.54,525.645,-30043.17,-12665.744999999999,-4193.46
-10857.42,-11662.109999999999,-22329.629999999997,-6510.375,456.65999999999997,-30097.754999999997,-12723.21,-4231.9349999999995
-10833.39,-11637.449999999999,-22309.92,-6507.719999999999,497.15999999999997,-30058.289999999997,-12698.685,-4215.15
-10789.92,-11595.42,-22276.98,-6480.764999999999,519.7049999999999,-30054.105,-12672.09,-4187.07
-10785.51,-11597.85,-22286.07,-6424.29,570.42,-30025.17,-12624.795,-4176.045
-10775.16,-11576.475,-22250.475,-6368.04,600.39,-30029.085,-12630.779999999999,-4172.3099999999995
-10786.05,-11584.26,-22245.795,-6387.48,545.895,-30049.245,-12665.97,-4192.11
-10819.08,-11626.109999999999,-22292.1,-6450.75,441.04499999999996,-30104.055,-12718.17,-4214.34
-10806.93,-11606.49,-22270.95,-6433.155,475.38,-30106.98,-12705.525,-4199.67
-10768.14,-11569.635,-22231.8,-6385.455,542.025,-30063.285,-12649.994999999999,-4173.03
-10773.72,-11565.63,-22241.25,-6379.65,580.23,-29996.82,-12627.09,-4198.545
-10825.064999999999,-11618.91,-22316.355,-6456.915,516.915,-30031.605,-12628.574999999999,-4236.93
-10830.24,-11638.439999999999,-22323.105,-6481.9349999999995,468.45,-30104.37,-12714.93,-4226.175
-10847.789999999999,-11663.055,-22330.71,-6505.469999999999,428.35499999999996,-30126.914999999997,-12716.189999999999,-4225.724999999999
-10798.065,-11608.515,-22292.28,-6466.995,469.71,-30085.245,-12693.105,-4191.84
-10771.965,-11576.295,-22253.805,-6422.94,511.91999999999996,-30061.44,-12656.97,-4168.755
-10783.215,-11569.32,-22214.52,-6390.134999999999,537.525,-30052.44,-12663.27,-4200.255
-10851.39,-11641.77,-22293.855,-6468.12,466.02,-30129.21,-12725.595,-4268.474999999999
-10826.189999999999,-11653.56,-22331.114999999998,-6513.48,449.82,-30125.565,-12665.205,-4187.5199999999995
-10758.555,-11579.895,-22260.645,-6456.69,526.365,-30034.844999999998,-12627.945,-4130.01
-10797.525,-11612.16,-22292.82,-6470.865,492.525,-30040.515,-12641.13,-4185.405
-10837.26,-11656.89,-22335.84,-6491.7,446.805,-30088.98,-12682.125,-4212.2699999999995
-10817.189999999999,-11621.34,-22294.395,-6447.915,516.3299999999999,-30065.219999999998,-12676.68,-4215.105
-10811.16,-11604.375,-22268.655,-6397.83,579.87,-30025.53,-12666.06,-4220.19
-10830.6,-11631.779999999999,-22294.89,-6437.61,519.885,-30075.03,-12684.15,-4215.6449999999995
-10816.83,-11625.164999999999,-22293.18,-6451.83,482.13,-30138.074999999997,-12667.949999999999,-4188.555
-10801.305,-11605.5,-22276.17,-6431.535,503.955,-30171.645,-12651.21,-4191.974999999999
-10827.945,-11642.22,-22326.57,-6499.53,495.09,-30152.07,-12687.66,-4223.925
-10822.23,-11638.98,-22309.965,-6502.679999999999,503.145,-30045.239999999998,-12664.215,-4210.065
-10804.68,-11620.98,-22291.785,-6460.245,502.245,-30090.195,-12713.13,-4204.53
-10825.65,-11636.1,-22320.989999999998,-6492.24,413.72999999999996,-30234.195,-12762.449999999999,-4234.275
-10825.109999999999,-11633.22,-22324.5,-6510.105,397.16999999999996,-30222.719999999998,-12737.789999999999,-4230.945
-10810.619999999999,-11621.43,-22314.329999999998,-6503.264999999999,485.055,-30086.235,-12708.135,-4203.224999999999
-10791.494999999999,-11597.13,-22282.469999999998,-6433.469999999999,524.835,-30061.934999999998,-12657.869999999999,-4181.085
-10794.645,-11602.08,-22267.35,-6405.705,526.41,-30074.175,-12628.71,-4182.03
-10781.19,-11592.539999999999,-22240.89,-6405.165,533.385,-30025.305,-12617.955,-4172.355
-10797.615,-11605.05,-22279.004999999997,-6445.53,490.72499999999997,-30073.23,-12652.74,-4187.205
-10824.029999999999,-11626.109999999999,-22304.655,-6453.2699999999995,502.515,-30080.475,-12656.025,-4213.889999999999
-10827.9,-11617.02,-22272.524999999998,-6415.965,582.2099999999999,-30001.995,-12659.58,-4235.264999999999
-10813.545,-11608.965,-22265.864999999998,-6393.509999999999,614.16,-29999.43,-12732.75,-4227.75
-10821.96,-11621.205,-22281.254999999997,-6427.889999999999,537.03,-30054.149999999998,-12683.295,-4209.389999999999
-10787.355,-11583.359999999999,-22243.68,-6395.04,499.14,-30078.18,-12663.404999999999,-4178.25
-10790.82,-11584.215,-22248.989999999998,-6410.745,499.995,-30092.76,-12717.404999999999,-4200.974999999999
-10790.775,-11591.055,-22261.32,-6417.63,531.54,-30020.355,-12660.48,-4192.065
-10783.8,-11585.34,-22256.145,-6393.42,588.6,-29945.385,-12604.59,-4181.625
-10750.77,-11546.73,-22215.195,-6353.865,623.16,-29945.204999999998,-12606.84,-4162.32
-10784.43,-11591.369999999999,-22259.879999999997,-6413.58,547.1999999999999,-30020.579999999998,-12584.115,-4165.785
-10791.315,-11605.41,-22289.67,-6449.715,513.585,-30063.465,-12645.855,-4169.5199999999995
-10827.855,-11624.984999999999,-22311.18,-6462.405,536.265,-30056.445,-12707.369999999999,-4229.235
-10889.82,-11692.71,-22368.015,-6516.0,493.60499999999996,-30107.699999999997,-12735.09,-4279.86
-10844.505,-11658.15,-22328.64,-6485.219999999999,464.35499999999996,-30117.329999999998,-12675.42,-4234.905
-10772.55,-11576.385,-22239.27,-6364.755,596.61,-30026.43,-12608.369999999999,-4175.82
-10800.315,-11586.96,-22235.355,-6342.075,673.8299999999999,-29978.28,-12666.015,-4200.84
-10840.904999999999,-11641.455,-22320.27,-6488.82,460.395,-30108.42,-12748.32,-4235.264999999999
-10812.42,-11616.57,-22309.335,-6469.875,475.83,-30091.364999999998,-12699.09,-4209.75
-10780.38,-11601.27,-22310.28,-6445.44,502.56,-30091.725,-12639.689999999999,-4153.7699999999995
-10807.92,-11638.755,-22338.315,-6487.29,454.185,-30114.045,-12626.865,-4174.514999999999
-10809.72,-11619.539999999999,-22286.114999999998,-6459.974999999999,469.84499999999997,-30095.19,-12652.83,-4193.639999999999
-10807.065,-11599.605,-22271.985,-6440.625,490.95,-30083.985,-12722.85,-4215.87
-10834.605,-11624.31,-22292.325,-6449.804999999999,516.51,-30067.065,-12694.005,-4247.325
-10852.515,-11655.539999999999,-22322.43,-6474.509999999999,507.375,-30046.41,-12641.939999999999,-4244.58
-10802.97,-11612.97,-22282.605,-6435.09,539.055,-30045.87,-12631.14,-4189.995
-10760.13,-11566.619999999999,-22247.684999999998,-6405.4349999999995,574.92,-30079.98,-12695.355,-4162.545
-10834.335,-11645.145,-22329.54,-6490.844999999999,503.90999999999997,-30081.824999999997,-12645.09,-4207.635
-10840.859999999999,-11655.045,-22336.829999999998,-6520.23,494.685,-30072.87,-12645.945,-4202.325
-10816.605,-11625.93,-22294.17,-6448.139999999999,543.15,-30061.8,-12676.994999999999,-4189.905
-10809.449999999999,-11624.535,-22294.44,-6466.275,487.44,-30088.754999999997,-12685.814999999999,-4188.87
-10798.92,-11601.675,-22279.59,-6479.009999999999,480.41999999999996,-30100.004999999997,-12708.99,-4195.44
-10777.77,-11579.715,-22279.5,-6468.21,504.09,-30096.585,-12703.635,-4192.335
-10777.59,-11575.664999999999,-22277.024999999998,-6441.974999999999,496.16999999999996,-30099.239999999998,-12687.705,-4198.005
-10788.615,-11583.675,-22266.315,-6462.45,466.56,-30137.129999999997,-12656.609999999999,-4192.065
-10801.305,-11607.48,-22281.344999999998,-6434.639999999999,482.49,-30172.274999999998,-12681.18,-4186.3949999999995
-10789.289999999999,-11589.3,-22266.18,-6414.75,503.82,-30141.09,-12721.365,-4194.18
-10791.9,-11582.685,-22264.829999999998,-6422.13,506.88,-30124.079999999998,-12726.945,-4215.78
-10797.435,-11589.615,-22270.77,-6441.66,487.395,-30093.48,-12708.539999999999,-4220.639999999999
-10835.414999999999,-11647.98,-22324.905,-6508.889999999999,437.715,-30125.295,-12718.664999999999,-4222.44
-10800.99,-11613.734999999999,-22303.98,-6478.514999999999,499.815,-30028.635,-12665.34,-4184.19
-10803.105,-11617.154999999999,-22322.925,-6460.695,554.0849999999999,-29953.44,-12583.664999999999,-4176.855
-10811.654999999999,-11610.27,-22283.1,-6408.179999999999,549.765,-30028.454999999998,-12637.935,-4195.755
-10777.545,-11556.585,-22202.37,-6339.42,580.635,-30036.87,-12663.494999999999,-4200.525
-10812.555,-11604.51,-22271.67,-6424.74,512.055,-30059.504999999997,-12645.72,-4224.105
-10837.305,-11648.295,-22317.48,-6475.59,470.25,-30087.27,-12672.404999999999,-4208.264999999999
-10813.275,-11625.119999999999,-22292.055,-6448.139999999999,496.125,-30078.225,-12656.97,-4179.6449999999995
-10799.1,-11602.89,-22278.239999999998,-6446.25,461.52,-30195.945,-12718.755,-4190.94
-10836.539999999999,-11640.285,-22317.524999999998,-6493.094999999999,411.97499999999997,-30249.449999999997,-12763.035,-4230.855
-10867.455,-11674.574999999999,-22343.129999999997,-6489.63,491.13,-30028.77,-12628.215,-4246.83
-10844.279999999999,-11637.404999999999,-22305.78,-6443.235,548.01,-29981.385,-12590.955,-4241.295
-10799.955,-11592.404999999999,-22265.28,-6416.955,546.795,-30030.885,-12638.205,-4214.7
-10784.565,-11610.225,-22290.12,-6450.974999999999,490.14,-30096.945,-12766.32,-4187.79
-10782.765,-11626.83,-22315.32,-6478.155,448.245,-30123.945,-12733.83,-4170.555
-10791.359999999999,-11605.545,-22289.445,-6447.915,491.13,-30091.545,-12662.324999999999,-4167.45
-10815.435,-11615.67,-22280.805,-6413.04,595.4399999999999,-30027.555,-12614.039999999999,-4174.92
-10791.135,-11586.015,-22250.879999999997,-6384.195,615.87,-30015.449999999997,-12658.545,-4178.88
-10746.855,-11533.32,-22209.704999999998,-6378.705,545.22,-30075.39,-12719.34,-4171.5
-10763.414999999999,-11549.835,-22226.129999999997,-6395.219999999999,520.11,-30150.989999999998,-12727.664999999999,-4198.905
-10862.414999999999,-11675.654999999999,-22355.73,-6519.69,414.27,-30208.004999999997,-12717.314999999999,-4252.7699999999995
-10849.095,-11664.855,-22344.75,-6493.41,479.29499999999996,-30074.355,-12658.635,-4229.595
-10808.82,-11612.34,-22283.64,-6415.92,592.8299999999999,-29907.719999999998,-12570.48,-4195.575
-10803.69,-11600.505,-22267.26,-6399.405,598.545,-29948.489999999998,-12629.07,-4208.264999999999
-10806.119999999999,-11602.529999999999,-22277.295,-6425.639999999999,545.5799999999999,-30029.895,-12700.484999999999,-4216.815
-10845.9,-11640.015,-22313.61,-6469.0199999999995,485.19,-30113.145,-12723.3,-4256.099999999999
-10848.914999999999,-11652.84,-22326.344999999998,-6476.49,482.085,-30117.329999999998,-12719.654999999999,-4246.335
-10779.57,-11597.76,-22293.719999999998,-6434.099999999999,532.26,-30029.175,-12634.92,-4163.4
-10718.145,-11532.15,-22246.29,-6381.8099999999995,580.59,-29996.1,-12594.645,-4107.78
-10757.52,-11562.345,-22251.555,-6411.014999999999,541.71,-30049.559999999998,-12662.505,-4149.945
-10856.744999999999,-11664.539999999999,-22326.885,-6519.0599999999995,426.10499999999996,-30131.235,-12724.335,-4237.38
-10885.77,-11696.895,-22367.295,-6552.495,393.705,-30131.864999999998,-12676.77,-4269.599999999999
-10848.105,-11674.35,-22353.57,-6524.639999999999,440.82,-30093.21,-12609.99,-4221.72
-10800.359999999999,-11623.904999999999,-22315.14,-6461.46,518.9399999999999,-30092.085,-12709.08,-4191.48
-10796.715,-11604.015,-22300.695,-6467.355,497.7,-30133.89,-12748.77,-4196.925
-10801.44,-11611.08,-22290.39,-6436.17,539.01,-30067.425,-12667.725,-4191.03
-10813.05,-11618.82,-22292.82,-6409.62,563.175,-29993.355,-12552.3,-4196.07
-10854.314999999999,-11656.574999999999,-22323.015,-6444.224999999999,511.60499999999996,-30054.69,-12565.71,-4236.389999999999
-10827.539999999999,-11632.635,-22310.19,-6458.804999999999,539.595,-30063.69,-12674.115,-4215.915
-10801.35,-11607.66,-22297.905,-6491.969999999999,534.915,-30070.305,-12731.805,-4198.995
-10798.335,-11597.13,-22270.23,-6487.92,527.49,-30088.395,-12764.43,-4214.79
-10792.664999999999,-11591.189999999999,-22260.465,-6430.545,545.985,-30081.78,-12772.845,-4215.69
-10789.02,-11586.869999999999,-22251.059999999998,-6409.259999999999,548.37,-30066.48,-12677.49,-4191.885
-10826.505,-11626.47,-22286.16,-6413.985,498.33,-30110.76,-12636.314999999999,-4212.2699999999995
-10840.005,-11650.77,-22307.76,-6436.8,454.14,-30123.045,-12674.385,-4221.09
-10784.34,-11594.744999999999,-22259.79,-6408.764999999999,512.8199999999999,-30082.59,-12658.275,-4170.78
-10767.33,-11561.76,-22241.879999999997,-6418.889999999999,496.03499999999997,-30121.965,-12656.744999999999,-4180.59
-10796.22,-11584.619999999999,-22267.62,-6458.49,434.385,-30184.875,-12686.67,-4219.92
-10792.8,-11598.66,-22279.59,-6447.33,463.32,-30099.329999999998,-12656.115,-4194.045
-10791.9,-11594.25,-22268.969999999998,-6421.23,523.845,-30033.989999999998,-12684.33,-4199.49
-10867.5,-11683.529999999999,-22362.57,-6522.03,422.325,-30151.53,-12730.59,-4251.78
-10838.34,-11665.395,-22347.945,-6499.304999999999,463.32,-30108.195,-12686.355,-4205.88
-10798.965,-11608.965,-22281.254999999997,-6419.07,568.125,-30011.85,-12709.98,-4205.07
-10810.26,-11604.689999999999,-22272.84,-6419.745,550.395,-30044.25,-12716.55,-4232.88
-10834.199999999999,-11635.965,-22314.059999999998,-6470.505,492.12,-30081.69,-12641.939999999999,-4230.2699999999995
-10801.215,-11616.029999999999,-22297.41,-6453.2699999999995,514.395,-30052.079999999998,-12613.185,-4184.91
-10766.475,-11577.689999999999,-22257.629999999997,-6418.755,523.395,-30098.879999999997,-12718.664999999999,-4162.095
-10842.615,-11666.34,-22340.835,-6511.005,405.27,-30215.25,-12726.765,-4212.315
-10830.06,-11641.005,-22320.0,-6499.575,427.455,-30156.12,-12633.164999999999,-4200.345
-10814.49,-11625.255,-22291.02,-6443.55,537.345,-29979.09,-12598.695,-4193.055
-10816.38,-11631.195,-22308.39,-6451.335,528.03,-30023.954999999998,-12688.154999999999,-4200.3
-10821.24,-11619.404999999999,-22296.285,-6454.889999999999,500.49,-30073.905,-12685.365,-4214.925
-10836.404999999999,-11638.17,-22311.989999999998,-6465.014999999999,507.78,-30044.114999999998,-12612.645,-4212.54
-10813.814999999999,-11612.205,-22279.95,-6424.245,553.095,-30050.864999999998,-12692.025,-4197.915
-10805.535,-11590.38,-22250.655,-6394.05,567.18,-30092.625,-12749.13,-4221.09
-10849.59,-11652.795,-22324.454999999998,-6488.415,452.15999999999997,-30156.93,-12755.115,-4257.09
-10831.185,-11655.18,-22339.35,-6500.925,446.98499999999996,-30177.855,-12717.045,-4218.66
-10819.215,-11630.789999999999,-22317.165,-6473.745,484.78499999999997,-30158.145,-12712.32,-4218.57
-10806.029999999999,-11602.08,-22281.344999999998,-6451.11,513.4499999999999,-30030.93,-12693.195,-4219.2
-10765.574999999999,-11558.925,-22243.274999999998,-6430.455,528.885,-29978.055,-12670.02,-4184.955
-10783.98,-11591.055,-22315.635,-6481.98,483.885,-30037.23,-12658.23,-4183.695
-10825.515,-11645.64,-22370.399999999998,-6518.295,459.71999999999997,-30056.85,-12601.664999999999,-4192.965
-10798.83,-11612.744999999999,-22303.53,-6440.264999999999,551.6999999999999,-30037.68,-12619.35,-4171.139999999999
-10820.52,-11629.98,-22314.465,-6461.82,545.49,-30051.675,-12681.72,-4206.014999999999
-10835.414999999999,-11632.23,-22290.39,-6414.929999999999,572.67,-30032.055,-12695.31,-4231.53
-10853.145,-11655.765,-22307.94,-6459.3,519.975,-30072.195,-12654.72,-4231.035
-10824.435,-11637.404999999999,-22313.07,-6496.92,489.195,-30100.094999999998,-12669.93,-4210.0199999999995
-10818.494999999999,-11628.855,-22306.815,-6476.355,490.77,-30126.285,-12722.625,-4220.37
-10817.369999999999,-11611.215,-22282.695,-6414.389999999999,532.935,-30099.329999999998,-12714.119999999999,-4231.98
-10818.675,-11614.275,-22282.425,-6410.79,514.0799999999999,-30093.21,-12666.779999999999,-4216.32
-10818.9,-11621.115,-22295.969999999998,-6437.474999999999,525.285,-30059.28,-12632.039999999999,-4210.47
-10832.49,-11637.045,-22309.829999999998,-6458.58,523.0799999999999,-30064.184999999998,-12660.074999999999,-4223.34
-10821.51,-11637.494999999999,-22318.469999999998,-6517.665,493.695,-30090.059999999998,-12666.869999999999,-4196.295
-10793.699999999999,-11603.025,-22272.795,-6453.945,498.825,-30092.085,-12705.029999999999,-4175.955
-10794.42,-11597.984999999999,-22269.015,-6435.045,506.115,-30079.53,-12678.795,-4189.5
-10835.189999999999,-11653.244999999999,-22323.645,-6474.87,457.78499999999997,-30120.614999999998,-12697.785,-4218.705
-10829.25,-11651.67,-22326.704999999998,-6484.455,449.955,-30130.739999999998,-12697.74,-4209.48
-10803.914999999999,-11608.83,-22285.305,-6444.495,493.46999999999997,-30084.074999999997,-12667.32,-4193.19
-10813.455,-11612.97,-22280.895,-6426.54,502.74,-30099.824999999997,-12671.91,-4202.955
-10789.74,-11592.63,-22267.44,-6430.634999999999,495.45,-30125.204999999998,-12712.095,-4188.465
-10769.22,-11562.435,-22239.36,-6418.17,509.58,-30092.039999999997,-12694.59,-4182.345
-10760.67,-11558.789999999999,-22233.195,-6420.96,532.26,-30011.67,-12599.145,-4158.09
-10762.965,-11562.255,-22241.879999999997,-6430.139999999999,541.0799999999999,-30041.864999999998,-12619.845,-4161.87
-10822.455,-11624.939999999999,-22303.754999999997,-6459.344999999999,465.705,-30139.245,-12704.039999999999,-4218.389999999999
-10862.414999999999,-11679.255,-22351.635,-6501.42,418.40999999999997,-30218.219999999998,-12733.83,-4232.205
-10832.265,-11651.58,-22330.395,-6484.815,455.53499999999997,-30201.164999999997,-12727.395,-4208.58
-10817.279999999999,-11634.029999999999,-22336.469999999998,-6475.815,488.60999999999996,-30176.864999999998,-12737.205,-4208.715
-10815.164999999999,-11624.31,-22321.53,-6460.65,505.755,-30086.37,-12710.07,-4208.67
-10809.63,-11617.064999999999,-22270.59,-6420.87,536.76,-30043.35,-12689.865,-4202.595
-10796.715,-11591.775,-22244.625,-6399.99,546.435,-30070.17,-12682.395,-4200.075
-10786.545,-11566.305,-22215.239999999998,-6349.05,616.005,-29964.6,-12640.05,-4196.34
-10819.71,-11588.13,-22234.23,-6374.385,587.52,-29992.949999999997,-12650.58,-4244.715
-10886.355,-11684.295,-22346.46,-6498.134999999999,464.805,-30080.475,-12630.465,-4276.215
-10815.795,-11636.324999999999,-22322.204999999998,-6479.19,496.935,-30045.51,-12597.164999999999,-4177.9349999999995
-10801.755,-11630.744999999999,-22319.954999999998,-6477.03,487.305,-30083.039999999997,-12629.52,-4170.24
-10848.24,-11676.375,-22368.149999999998,-6531.03,411.525,-30169.215,-12707.189999999999,-4231.17
-10848.24,-11656.89,-22345.02,-6514.605,433.03499999999997,-30165.164999999997,-12768.57,-4239.0
-10844.369999999999,-11648.744999999999,-22329.495,-6494.175,471.24,-30115.574999999997,-12738.555,-4231.53
-10831.32,-11642.13,-22318.739999999998,-6478.605,488.07,-30074.579999999998,-12665.744999999999,-4204.53
-10812.914999999999,-11614.32,-22270.004999999997,-6436.755,517.005,-30048.254999999997,-12668.49,-4200.885
-10806.615,-11602.664999999999,-22268.7,-6426.045,529.875,-30100.454999999998,-12687.705,-4206.51
-10808.414999999999,-11598.885,-22273.965,-6426.9,533.835,-30083.085,-12706.83,-4222.889999999999
-10823.76,-11614.455,-22292.055,-6454.98,509.715,-30038.895,-12742.965,-4239.585
-10838.115,-11626.695,-22304.16,-6490.889999999999,468.405,-30072.555,-12753.675,-4248.315
-10845.314999999999,-11657.43,-22343.219999999998,-6535.259999999999,417.73499999999996,-30106.844999999998,-12671.865,-4214.655
-10799.64,-11619.0,-22314.329999999998,-6482.115,471.69,-30078.585,-12651.615,-4170.599999999999
-10793.34,-11597.265,-22289.085,-6387.255,573.93,-30036.555,-12651.3,-4188.33
-10826.91,-11636.64,-22321.44,-6428.07,534.42,-30036.78,-12614.984999999999,-4206.78
-10797.795,-11600.775,-22284.945,-6429.599999999999,560.16,-30036.87,-12655.125,-4199.3099999999995
-10753.605,-11547.18,-22234.094999999998,-6371.054999999999,605.61,-30007.079999999998,-12620.789999999999,-4175.46
-10760.805,-11564.505,-22248.09,-6401.07,576.9449999999999,-30052.754999999997,-12652.02,-4165.74
-10816.244999999999,-11634.164999999999,-22304.79,-6472.349999999999,488.15999999999997,-30126.239999999998,-12709.755,-4192.2
-10846.439999999999,-11664.675,-22340.79,-6538.094999999999,432.585,-30152.52,-12717.539999999999,-4229.19
-10839.689999999999,-11660.175,-22338.18,-6534.179999999999,452.835,-30136.68,-12714.119999999999,-4224.33
-10821.24,-11642.085,-22341.6,-6488.505,480.645,-30097.754999999997,-12729.015,-4219.29
-10783.89,-11593.845,-22294.98,-6415.065,531.09,-30040.829999999998,-12659.49,-4182.48
-10781.369999999999,-11592.945,-22271.309999999998,-6417.179999999999,512.8199999999999,-30080.789999999997,-12631.23,-4165.695
-10827.585,-11633.939999999999,-22316.219999999998,-6457.59,485.23499999999996,-30115.485,-12663.404999999999,-4206.915
-10834.65,-11648.115,-22357.665,-6512.804999999999,477.35999999999996,-30097.35,-12672.539999999999,-4209.795
-10819.574999999999,-11637.63,-22340.79,-6514.514999999999,479.88,-30106.71,-12674.25,-4204.44
-10826.595,-11634.84,-22303.62,-6504.3,466.60499999999996,-30122.19,-12665.88,-4218.075
-10825.92,-11625.84,-22302.18,-6458.625,522.045,-30095.37,-12713.805,-4230.99
-10824.57,-11634.93,-22320.09,-6452.1449999999995,508.005,-30097.844999999998,-12724.56,-4228.74
-10792.44,-11612.25,-22294.62,-6425.639999999999,533.2049999999999,-30083.489999999998,-12709.98,-4186.44
-10757.34,-11548.98,-22215.645,-6355.349999999999,578.8349999999999,-30022.469999999998,-12672.0,-4160.34
-10798.785,-11581.38,-22248.045,-6398.82,544.23,-30027.059999999998,-12665.34,-4200.974999999999
-10873.439999999999,-11666.88,-22333.454999999998,-6483.825,467.28,-30118.32,-12701.609999999999,-4259.34
-10866.824999999999,-11660.67,-22321.305,-6478.92,469.08,-30120.164999999997,-12687.164999999999,-4246.695
-10823.939999999999,-11624.805,-22293.315,-6469.92,493.515,-30063.555,-12612.555,-4191.705
-10793.025,-11596.365,-22286.879999999997,-6491.969999999999,491.66999999999996,-30072.96,-12681.585,-4189.724999999999
-10795.545,-11597.445,-22285.8,-6471.855,464.4,-30120.39,-12715.965,-4198.32
-10812.914999999999,-11615.175,-22302.045,-6475.365,445.005,-30118.004999999997,-12670.109999999999,-4209.66
-10821.6,-11626.154999999999,-22304.295,-6448.005,470.34,-30144.285,-12703.095,-4212.764999999999
-10810.755,-11622.645,-22299.57,-6429.0599999999995,506.205,-30151.035,-12687.345,-4183.245
-10769.49,-11569.77,-22252.905,-6381.99,574.515,-30051.495,-12692.88,-4179.24
-10796.085,-11596.005,-22284.945,-6421.905,549.18,-30037.454999999998,-12717.945,-4221.764999999999
-10814.805,-11624.355,-22303.035,-6452.6849999999995,507.96,-30084.795,-12714.074999999999,-4219.875
-10845.99,-11664.314999999999,-22332.69,-6475.995,496.935,-30090.914999999997,-12707.73,-4230.36
-10816.38,-11621.115,-22281.344999999998,-6407.28,583.785,-30014.324999999997,-12641.22,-4198.724999999999
-10741.59,-11532.824999999999,-22206.555,-6344.55,633.285,-29957.94,-12642.93,-4165.605
-10786.815,-11584.395,-22278.015,-6422.849999999999,543.105,-30049.199999999997,-12732.119999999999,-4223.7
-10881.945,-11711.52,-22418.55,-6560.775,404.55,-30179.475,-12783.15,-4264.92
-10844.82,-11654.775,-22344.3,-6493.59,475.28999999999996,-30096.18,-12651.48,-4219.155
-10800.404999999999,-11609.369999999999,-22282.335,-6448.365,515.43,-30042.765,-12567.869999999999,-4165.245
-10761.93,-11568.465,-22250.34,-6418.755,532.395,-30049.739999999998,-12633.255,-4147.92
-10801.845,-11609.1,-22280.579999999998,-6444.045,500.895,-30112.065,-12727.845,-4196.88
-10883.88,-11720.789999999999,-22398.39,-6551.82,401.21999999999997,-30184.425,-12718.574999999999,-4246.38
-10852.154999999999,-11680.47,-22365.989999999998,-6522.615,440.055,-30111.12,-12620.115,-4212.54
-10835.595,-11644.38,-22321.98,-6484.365,478.48499999999996,-30077.954999999998,-12611.07,-4206.6449999999995
-10831.949999999999,-11635.244999999999,-22302.585,-6462.54,492.65999999999997,-30097.395,-12728.52,-4210.29
-10829.88,-11632.095,-22288.094999999998,-6442.425,509.98499999999996,-30077.235,-12723.029999999999,-4219.11
-10830.195,-11637.449999999999,-22307.715,-6455.745,497.47499999999997,-30097.44,-12746.25,-4226.3099999999995
-10810.89,-11596.59,-22269.195,-6433.92,509.445,-30098.52,-12735.225,-4219.0199999999995
-10797.75,-11598.93,-22273.469999999998,-6433.0199999999995,526.23,-30033.405,-12620.205,-4188.6449999999995
-10817.73,-11641.23,-22314.329999999998,-6464.205,502.245,-30039.84,-12615.75,-4200.12
-10782.404999999999,-11597.895,-22282.785,-6450.974999999999,508.455,-30043.44,-12669.029999999999,-4186.71
-10773.135,-11561.49,-22244.129999999997,-6445.44,482.21999999999997,-30142.17,-12726.494999999999,-4189.5
-10849.32,-11673.9,-22349.07,-6534.63,401.21999999999997,-30248.774999999998,-12685.41,-4222.9349999999995
-10831.185,-11649.914999999999,-22320.809999999998,-6464.79,504.63,-30171.105,-12656.97,-4213.08
-10795.095,-11593.484999999999,-22277.43,-6421.7699999999995,547.8299999999999,-30126.645,-12721.41,-4205.43
-10844.775,-11659.904999999999,-22355.46,-6485.13,476.055,-30086.82,-12736.935,-4235.264999999999
-10839.24,-11665.529999999999,-22356.945,-6474.33,484.155,-30046.949999999997,-12674.789999999999,-4202.01
-10826.55,-11638.98,-22317.57,-6445.889999999999,486.27,-30068.414999999997,-12693.15,-4208.8949999999995
-10821.869999999999,-11628.63,-22308.48,-6482.969999999999,538.56,-30020.985,-12672.72,-4210.0199999999995
-10831.859999999999,-11646.855,-22350.915,-6527.34,508.09499999999997,-30049.155,-12683.115,-4217.8949999999995
-10816.83,-11631.24,-22325.805,-6485.445,482.53499999999997,-30077.37,-12693.869999999999,-4211.055
-10800.855,-11602.35,-22259.114999999998,-6449.715,485.90999999999997,-30092.715,-12706.83,-4203.045
-10796.4,-11599.154999999999,-22259.07,-6471.179999999999,494.145,-30145.364999999998,-12731.76,-4200.57
-10805.49,-11616.48,-22289.265,-6496.2,498.59999999999997,-30167.28,-12729.914999999999,-4207.32
-10809.09,-11607.029999999999,-22282.559999999998,-6439.455,581.985,-30076.649999999998,-12732.39,-4229.1449999999995
-10791.449999999999,-11580.795,-22250.7,-6362.73,649.935,-29970.0,-12664.71,-4209.345
-10807.065,-11605.185,-22278.915,-6419.025,568.215,-29990.34,-12594.914999999999,-4207.455
-10855.664999999999,-11669.805,-22358.114999999998,-6512.085,430.695,-30091.545,-12608.1,-4231.305
-10860.705,-11677.814999999999,-22362.524999999998,-6493.1849999999995,403.965,-30151.664999999997,-12713.535,-4239.675
-10866.734999999999,-11674.35,-22347.09,-6492.915,441.71999999999997,-30114.539999999997,-12737.34,-4263.345
-10849.77,-11655.63,-22325.129999999997,-6489.315,452.88,-30094.785,-12756.914999999999,-4250.745
-10834.02,-11642.039999999999,-22318.29,-6485.759999999999,457.695,-30143.925,-12760.38,-4231.665
-10804.904999999999,-11616.795,-22295.655,-6462.63,494.505,-30137.309999999998,-12699.945,-4186.125
-10799.369999999999,-11605.635,-22277.655,-6427.485,498.51,-30110.76,-12677.49,-4181.535
-10826.145,-11635.109999999999,-22306.905,-6434.19,507.87,-30041.324999999997,-12636.045,-4203.36
-10838.07,-11653.83,-22331.879999999997,-6458.58,516.915,-30009.645,-12616.244999999999,-4223.5199999999995
-10826.865,-11638.755,-22320.989999999998,-6449.219999999999,521.46,-30032.46,-12671.279999999999,-4224.15
-10831.994999999999,-11634.435,-22324.094999999998,-6485.04,513.855,-30035.52,-12679.335,-4221.855
-10829.295,-11630.654999999999,-22322.7,-6484.7699999999995,485.145,-30055.274999999998,-12683.25,-4223.745
-10823.355,-11621.97,-22299.03,-6455.429999999999,486.71999999999997,-30111.03,-12744.09,-4228.245
-10835.955,-11635.965,-22301.055,-6476.849999999999,475.02,-30148.965,-12759.345,-4237.875
-10824.345,-11632.814999999999,-22307.805,-6455.655,514.53,-30092.579999999998,-12682.26,-4204.3949999999995
-10805.85,-11617.965,-22298.399999999998,-6431.8949999999995,537.795,-30031.245,-12655.89,-4181.535
-10810.305,-11606.265,-22279.05,-6430.23,493.60499999999996,-30108.285,-12747.195,-4215.87
-10768.59,-11559.465,-22240.35,-6406.0199999999995,516.285,-30124.17,-12763.215,-4192.785
-10734.93,-11529.225,-22209.93,-6378.525,556.8299999999999,-30080.43,-12668.22,-4146.57
-10798.74,-11613.15,-22287.69,-6444.45,517.275,-30058.02,-12630.42,-4186.125
-10869.345,-11706.48,-22395.51,-6544.485,436.05,-30099.87,-12672.404999999999,-4235.3099999999995
-10853.055,-11675.43,-22364.37,-6520.41,483.255,-30062.565,-12687.48,-4231.125
-10819.035,-11619.81,-22301.28,-6460.92,515.2049999999999,-30042.495,-12688.875,-4212.045
-10810.71,-11605.68,-22291.559999999998,-6449.4,504.945,-30033.405,-12644.73,-4199.445
-10782.81,-11573.145,-22250.969999999998,-6385.815,574.02,-30020.445,-12644.145,-4187.7
-10807.065,-11606.13,-22286.565,-6425.82,545.31,-30054.78,-12690.449999999999,-4206.78
-10840.32,-11649.285,-22335.614999999998,-6484.05,488.655,-30080.34,-12696.074999999999,-4226.13
-10848.869999999999,-11645.865,-22329.719999999998,-6488.955,468.35999999999996,-30114.27,-12718.664999999999,-4258.08
-10857.779999999999,-11657.07,-22334.805,-6493.32,447.03,-30179.475,-12803.76,-4282.29
-10818.765,-11612.654999999999,-22294.844999999998,-6454.665,491.13,-30106.844999999998,-12718.755,-4244.264999999999
-10814.085,-11609.595,-22284.629999999997,-6440.49,531.4499999999999,-29986.02,-12561.57,-4199.22
-10816.109999999999,-11621.115,-22303.035,-6458.04,511.10999999999996,-30053.114999999998,-12652.289999999999,-4194.045
-10813.14,-11618.01,-22298.76,-6459.795,487.26,-30135.645,-12769.965,-4204.575
-10845.855,-11651.76,-22334.67,-6490.44,448.83,-30143.024999999998,-12709.35,-4234.005
-10845.314999999999,-11650.14,-22335.344999999998,-6492.465,453.555,-30119.219999999998,-12671.01,-4222.62
-10833.164999999999,-11640.33,-22323.149999999998,-6483.014999999999,488.07,-30064.59,-12727.17,-4221.8099999999995
-10824.029999999999,-11624.625,-22308.12,-6479.775,487.755,-30076.965,-12726.9,-4223.5199999999995
-10826.279999999999,-11633.355,-22341.329999999998,-6492.014999999999,485.90999999999997,-30080.43,-12651.3,-4213.889999999999
-10798.065,-11614.23,-22335.84,-6480.045,488.88,-30116.34,-12685.949999999999,-4183.065
-10804.14,-11614.455,-22298.579999999998,-6442.965,509.76,-30115.395,-12708.855,-4194.945
-10820.609999999999,-11616.705,-22278.465,-6441.03,495.22499999999997,-30080.879999999997,-12754.215,-4232.655
-10816.02,-11607.164999999999,-22275.675,-6432.4349999999995,509.13,-30104.01,-12809.07,-4236.48
-10834.92,-11641.545,-22315.545,-6459.929999999999,503.46,-30078.629999999997,-12632.49,-4213.8
-10821.779999999999,-11641.365,-22323.015,-6467.355,504.18,-30033.719999999998,-12608.189999999999,-4178.25
-10816.695,-11636.369999999999,-22314.329999999998,-6459.389999999999,501.16499999999996,-30054.015,-12659.984999999999,-4192.38
-10811.565,-11633.175,-22299.165,-6430.139999999999,534.42,-30060.585,-12685.635,-4198.86
-10806.57,-11608.02,-22280.175,-6423.165,539.3249999999999,-30066.12,-12702.42,-4201.2
-10818.0,-11614.005,-22283.954999999998,-6424.514999999999,545.985,-30035.385,-12673.755,-4212.63
-10834.425,-11640.465,-22318.469999999998,-6477.21,504.495,-30043.89,-12676.005,-4230.18
-10831.32,-11635.154999999999,-22323.465,-6517.125,483.47999999999996,-30043.664999999997,-12660.885,-4217.849999999999
-10769.22,-11566.619999999999,-22253.445,-6455.565,566.235,-30008.34,-12646.845,-4166.639999999999
-10756.619999999999,-11555.505,-22242.195,-6397.695,574.74,-30026.925,-12670.605,-4166.955
-10816.244999999999,-11628.045,-22313.34,-6444.764999999999,491.84999999999997,-30071.34,-12678.39,-4203.045
-10857.06,-11661.84,-22335.39,-6491.205,480.78,-30106.215,-12668.265,-4231.305
-10878.345,-11684.475,-22368.6,-6531.705,448.46999999999997,-30166.335,-12717.045,-4269.465
-10864.619999999999,-11668.994999999999,-22370.94,-6520.139999999999,434.60999999999996,-30145.23,-12711.555,-4262.76
-10859.625,-11660.13,-22354.11,-6513.974999999999,453.195,-30083.715,-12703.904999999999,-4246.38
-10806.57,-11605.68,-22273.649999999998,-6440.535,539.1899999999999,-30038.579999999998,-12710.88,-4185.855
-10774.755,-11569.5,-22239.27,-6392.565,567.18,-30007.664999999997,-12697.56,-4173.615
-10798.154999999999,-11603.115,-22276.89,-6428.835,504.18,-30066.614999999998,-12680.189999999999,-4197.24
-10806.255,-11615.939999999999,-22291.29,-6427.889999999999,515.43,-30082.004999999997,-12683.295,-4200.3
-10802.115,-11593.305,-22273.92,-6414.75,531.36,-30092.579999999998,-12717.539999999999,-4202.28
-10839.15,-11637.404999999999,-22314.78,-6462.719999999999,481.09499999999997,-30110.579999999998,-12731.175,-4220.055
-10829.789999999999,-11627.595,-22310.91,-6458.804999999999,498.28499999999997,-30070.26,-12718.035,-4222.98
-10829.25,-11626.65,-22314.239999999998,-6455.79,501.75,-30078.045,-12687.57,-4225.59
-10846.98,-11651.039999999999,-22323.51,-6482.429999999999,462.73499999999996,-30136.23,-12671.1,-4226.58
-10798.065,-11599.199999999999,-22296.915,-6465.195,499.09499999999997,-30113.414999999997,-12659.984999999999,-4187.07
-10754.91,-11554.965,-22264.605,-6422.04,564.66,-30040.379999999997,-12653.414999999999,-4162.32
-10796.445,-11604.914999999999,-22301.415,-6472.44,530.73,-30050.01,-12717.449999999999,-4205.16
-10861.289999999999,-11664.539999999999,-22335.165,-6509.61,459.53999999999996,-30095.864999999998,-12746.88,-4257.8099999999995
-10839.06,-11646.135,-22323.195,-6446.34,508.5,-30068.055,-12675.869999999999,-4220.865
-10812.555,-11623.05,-22306.995,-6429.69,517.5,-30076.469999999998,-12687.255,-4185.045
-10836.045,-11644.335,-22331.34,-6480.405,450.27,-30122.324999999997,-12698.414999999999,-4214.34
-10870.109999999999,-11671.875,-22360.364999999998,-6531.03,413.325,-30185.414999999997,-12758.355,-4256.955
-10859.939999999999,-11654.82,-22339.485,-6511.7699999999995,426.69,-30169.53,-12758.895,-4257.72
-10817.82,-11618.055,-22294.98,-6448.094999999999,515.385,-30049.739999999998,-12678.84,-4199.67
-10793.025,-11596.635,-22273.515,-6419.384999999999,535.9499999999999,-30063.42,-12689.775,-4165.74
-10803.734999999999,-11599.965,-22277.43,-6430.139999999999,513.0,-30109.545,-12747.914999999999,-4194.855
-10781.414999999999,-11569.455,-22244.895,-6397.155,540.9,-30099.239999999998,-12720.914999999999,-4189.365
-10790.64,-11586.51,-22259.204999999998,-6411.554999999999,541.5749999999999,-30030.254999999997,-12621.015,-4186.035
-10841.13,-11635.244999999999,-22306.454999999998,-6468.84,492.34499999999997,-30014.954999999998,-12565.439999999999,-4217.535
-10829.25,-11626.515,-22302.045,-6461.235,483.47999999999996,-30062.07,-12617.685,-4211.55
-10811.654999999999,-11615.445,-22298.67,-6457.139999999999,485.955,-30110.085,-12704.625,-4207.68
-10852.74,-11654.775,-22343.265,-6500.969999999999,456.12,-30141.449999999997,-12771.494999999999,-4251.014999999999
-10856.34,-11654.46,-22336.155,-6482.79,494.505,-30081.645,-12750.119999999999,-4256.055
-10788.525,-11589.3,-22268.745,-6413.445,561.735,-29985.12,-12683.52,-4188.285
-10780.965,-11588.939999999999,-22270.59,-6416.054999999999,558.18,-30016.754999999997,-12678.345,-4170.6449999999995
-10837.755,-11652.119999999999,-22339.53,-6490.44,478.71,-30099.824999999997,-12692.25,-4207.905
-10850.76,-11662.875,-22349.745,-6500.925,466.10999999999996,-30120.57,-12696.975,-4222.98
-10847.835,-11665.35,-22344.704999999998,-6494.8949999999995,468.315,-30113.37,-12694.545,-4219.38
-10801.17,-11606.625,-22292.145,-6446.07,515.835,-30056.265,-12650.49,-4181.355
-10772.865,-11566.35,-22254.795,-6413.4,539.055,-30067.379999999997,-12697.695,-4173.974999999999
-10830.645,-11629.89,-22314.329999999998,-6484.815,458.55,-30155.355,-12792.42,-4240.44
-10849.904999999999,-11644.064999999999,-22328.82,-6502.005,454.32,-30118.41,-12762.63,-4265.28
-10842.119999999999,-11623.904999999999,-22293.27,-6433.38,552.375,-29992.635,-12657.24,-4257.945
-10852.92,-11647.17,-22321.17,-6449.49,536.13,-30040.605,-12691.17,-4244.04
-10833.21,-11654.414999999999,-22348.305,-6479.594999999999,473.085,-30102.3,-12700.395,-4203.495
-10808.145,-11632.14,-22353.93,-6473.025,470.88,-30120.254999999997,-12680.955,-4176.45
-10795.77,-11608.65,-22316.445,-6464.745,507.555,-30118.905,-12700.17,-4180.455
-10812.645,-11610.314999999999,-22286.16,-6487.514999999999,515.025,-30130.065,-12718.215,-4205.16
-10850.31,-11647.8,-22307.895,-6472.08,503.28,-30076.02,-12674.16,-4231.71
-10847.16,-11651.939999999999,-22325.67,-6462.495,496.53,-30018.645,-12674.43,-4234.815
-10830.015,-11626.425,-22316.985,-6449.355,506.88,-30060.09,-12699.945,-4226.4
-10819.71,-11621.654999999999,-22318.739999999998,-6473.79,497.52,-30057.48,-12635.865,-4201.29
-10826.369999999999,-11631.824999999999,-22318.92,-6491.5199999999995,486.585,-30057.48,-12629.34,-4200.93
-10824.164999999999,-11627.955,-22304.7,-6493.7699999999995,474.435,-30082.995,-12690.675,-4207.365
-10832.805,-11634.975,-22311.675,-6488.73,475.245,-30096.18,-12707.595,-4221.045
-10827.765,-11631.105,-22309.739999999998,-6470.639999999999,470.745,-30100.635,-12705.795,-4214.205
-10798.515,-11605.814999999999,-22289.94,-6465.915,495.67499999999995,-30094.065,-12736.08,-4192.83
-10782.449999999999,-11581.515,-22257.18,-6435.495,541.71,-30084.75,-12732.48,-4191.12
-10795.32,-11601.855,-22294.89,-6495.165,490.005,-30120.75,-12675.105,-4189.545
-10822.32,-11633.175,-22333.77,-6512.445,455.76,-30123.36,-12657.06,-4199.085
-10818.449999999999,-11622.96,-22301.64,-6418.98,519.255,-30083.309999999998,-12697.965,-4201.785
-10820.34,-11622.869999999999,-22296.825,-6415.605,536.4449999999999,-30064.004999999997,-12695.13,-4203.764999999999
-10843.154999999999,-11642.22,-22326.12,-6461.1449999999995,497.205,-30133.215,-12736.125,-4236.12
-10826.55,-11618.414999999999,-22304.475,-6445.98,507.28499999999997,-30131.82,-12727.619999999999,-4226.535
-10798.199999999999,-11597.13,-22279.23,-6436.844999999999,504.04499999999996,-30056.129999999997,-12627.539999999999,-4183.29
-10768.365,-11573.73,-22248.495,-6413.355,521.8199999999999,-30063.51,-12647.97,-4160.115
-10809.539999999999,-11615.58,-22313.07,-6467.849999999999,453.96,-30168.36,-12796.56,-4227.84
-10847.88,-11649.689999999999,-22363.739999999998,-6498.855,442.575,-30166.02,-12775.949999999999,-4265.73
-10823.984999999999,-11611.89,-22296.96,-6428.969999999999,526.23,-30059.414999999997,-12737.295,-4247.055
-10809.27,-11599.515,-22263.84,-6412.365,537.12,-30005.414999999997,-12696.164999999999,-4217.805
-10810.71,-11606.805,-22278.78,-6418.844999999999,559.35,-29997.855,-12641.58,-4197.69
-10860.435,-11665.484999999999,-22338.09,-6474.465,516.96,-30066.48,-12676.005,-4237.5599999999995
-10868.535,-11678.265,-22363.11,-6505.29,469.97999999999996,-30132.09,-12744.63,-4253.67
-10830.6,-11645.055,-22340.745,-6477.075,495.81,-30129.074999999997,-12725.189999999999,-4210.92
-10833.029999999999,-11648.835,-22338.135,-6500.295,425.745,-30182.039999999997,-12684.824999999999,-4210.514999999999
-10838.07,-11647.89,-22331.25,-6497.1449999999995,422.685,-30183.57,-12672.72,-4223.655
-10819.439999999999,-11626.289999999999,-22319.46,-6482.25,468.18,-30073.004999999997,-12639.734999999999,-4187.43
-10778.715,-11580.795,-22273.785,-6431.8949999999995,532.665,-30004.02,-12643.199999999999,-4163.445
-10763.73,-11555.865,-22243.77,-6395.175,571.77,-29991.555,-12671.91,-4174.47
-10808.55,-11606.085,-22281.57,-6422.58,548.9549999999999,-30021.93,-12713.535,-4209.21
-10816.47,-11620.395,-22299.84,-6441.615,529.335,-30071.789999999997,-12719.654999999999,-4209.525
-10799.279999999999,-11609.82,-22285.17,-6414.389999999999,558.36,-30076.425,-12661.244999999999,-4181.58
-10844.414999999999,-11667.734999999999,-22372.155,-6488.009999999999,489.33,-30099.914999999997,-12659.22,-4206.0599999999995
-10861.695,-11679.615,-22390.649999999998,-6512.94,473.805,-30055.995,-12682.755,-4228.875
-10850.31,-11649.914999999999,-22333.635,-6483.42,492.65999999999997,-30054.645,-12678.119999999999,-4233.915
-10844.234999999999,-11630.789999999999,-22292.594999999998,-6461.73,496.16999999999996,-30075.434999999998,-12696.164999999999,-4234.32
-10803.24,-11590.289999999999,-22262.76,-6416.73,535.005,-30064.14,-12707.55,-4199.355
-10808.01,-11594.564999999999,-22271.715,-6425.955,521.865,-30103.515,-12693.42,-4196.565
-10839.555,-11640.645,-22325.04,-6484.545,467.685,-30138.66,-12712.859999999999,-4216.68
-10810.35,-11613.195,-22302.899999999998,-6460.965,486.495,-30114.765,-12754.529999999999,-4206.105
-10787.85,-11580.119999999999,-22260.735,-6412.995,550.17,-30050.19,-12751.335,-4208.805
-10801.89,-11591.189999999999,-22272.93,-6424.335,551.5649999999999,-30042.09,-12712.59,-4210.695
-10810.89,-11609.369999999999,-22296.87,-6456.6449999999995,507.24,-30067.649999999998,-12625.515,-4188.735
-10828.439999999999,-11638.8,-22331.61,-6495.03,460.79999999999995,-30108.914999999997,-12647.385,-4196.79
-10846.935,-11658.869999999999,-22351.635,-6507.99,456.65999999999997,-30123.0,-12757.68,-4230.9
-10852.335,-11663.64,-22364.594999999998,-6534.2699999999995,424.395,-30122.55,-12737.295,-4239.2699999999995
-10827.63,-11638.529999999999,-22350.915,-6543.0,453.24,-30123.495,-12686.355,-4206.24
-10801.574999999999,-11605.77,-22309.739999999998,-6471.495,488.96999999999997,-30128.355,-12653.775,-4178.115
-10808.685,-11609.505,-22293.36,-6476.13,487.62,-30110.579999999998,-12660.93,-4201.29
-10853.369999999999,-11659.05,-22335.03,-6537.509999999999,454.09499999999997,-30129.164999999997,-12717.18,-4246.92
-10840.41,-11647.17,-22338.989999999998,-6501.69,477.04499999999996,-30159.495,-12770.46,-4239.54
-10843.605,-11647.439999999999,-22333.23,-6455.025,482.4,-30177.27,-12784.545,-4239.18
-10851.525,-11658.779999999999,-22338.809999999998,-6464.79,446.625,-30194.414999999997,-12740.49,-4230.45
-10799.685,-11605.68,-22286.79,-6423.4349999999995,490.455,-30114.719999999998,-12692.34,-4178.43
-10802.205,-11607.93,-22289.04,-6425.594999999999,536.895,-30014.864999999998,-12633.93,-4174.5599999999995
-10797.48,-11598.93,-22283.19,-6425.46,551.16,-29997.18,-12642.164999999999,-4181.625
-10819.395,-11615.039999999999,-22300.379999999997,-6448.1849999999995,509.03999999999996,-30054.555,-12672.404999999999,-4217.175
-10809.449999999999,-11606.265,-22295.879999999997,-6460.38,487.84499999999997,-30110.085,-12704.805,-4210.065
-10786.41,-11589.93,-22288.184999999998,-6479.054999999999,489.41999999999996,-30131.37,-12728.52,-4176.36
-10815.885,-11619.18,-22302.809999999998,-6472.349999999999,529.74,-30039.344999999998,-12666.33,-4188.42
-10830.734999999999,-11628.045,-22302.225,-6440.49,547.02,-29994.164999999997,-12607.605,-4202.055
-10811.699999999999,-11590.289999999999,-22256.19,-6399.045,571.86,-29981.835,-12629.34,-4222.349999999999
-10837.845,-11638.619999999999,-22317.344999999998,-6457.41,495.315,-30065.895,-12689.055,-4225.59
-10819.08,-11623.904999999999,-22307.309999999998,-6442.695,492.79499999999996,-30124.664999999997,-12727.08,-4189.815
-10831.635,-11634.435,-22308.39,-6457.32,506.52,-30149.414999999997,-12769.064999999999,-4213.08
-10832.22,-11653.695,-22322.295,-6477.615,520.11,-30123.629999999997,-12763.89,-4220.595
-10825.38,-11647.439999999999,-22327.02,-6477.165,530.1899999999999,-30091.23,-12706.605,-4208.94
-10816.56,-11627.82,-22324.545,-6486.255,474.255,-30048.48,-12664.439999999999,-4198.815
-10839.465,-11641.68,-22340.385,-6498.495,435.69,-30105.495,-12702.195,-4219.965
-10828.664999999999,-11621.789999999999,-22305.195,-6444.99,502.46999999999997,-30081.914999999997,-12697.965,-4218.84
-10822.994999999999,-11626.74,-22303.71,-6441.165,509.17499999999995,-30054.149999999998,-12648.015,-4199.67
-10813.635,-11628.314999999999,-22309.605,-6453.764999999999,495.35999999999996,-30087.045,-12700.529999999999,-4195.575
-10827.18,-11631.285,-22311.989999999998,-6456.69,503.865,-30108.69,-12751.02,-4215.87
-10830.24,-11622.465,-22302.899999999998,-6449.49,511.28999999999996,-30097.215,-12712.095,-4210.0199999999995
-10799.775,-11592.945,-22277.204999999998,-6430.815,507.91499999999996,-30106.62,-12645.045,-4175.1449999999995
-10767.645,-11565.63,-22254.344999999998,-6405.705,535.185,-30096.045,-12638.115,-4159.08
-10766.115,-11572.695,-22259.43,-6402.42,546.795,-30051.855,-12652.38,-4168.08
-10766.654999999999,-11586.015,-22291.425,-6414.57,540.135,-30066.57,-12682.215,-4169.88
-10818.449999999999,-11615.31,-22335.3,-6465.375,490.40999999999997,-30150.225,-12763.98,-4230.945
-10848.42,-11623.365,-22305.96,-6473.79,460.71,-30176.64,-12813.48,-4273.065
-10845.404999999999,-11620.98,-22272.344999999998,-6462.54,479.565,-30085.829999999998,-12743.865,-4260.825
-10843.064999999999,-11644.244999999999,-22302.09,-6474.554999999999,489.51,-30054.329999999998,-12661.83,-4202.55
-10866.195,-11673.675,-22347.989999999998,-6499.844999999999,476.90999999999997,-30075.93,-12635.505,-4228.0199999999995
-10883.52,-11685.734999999999,-22370.04,-6528.69,447.885,-30102.12,-12689.414999999999,-4269.69
-10854.045,-11651.039999999999,-22335.66,-6493.86,493.245,-30084.48,-12761.279999999999,-4250.07
-10833.84,-11632.725,-22318.29,-6481.8,505.215,-30087.0,-12740.939999999999,-4227.75
-10823.535,-11632.904999999999,-22316.85,-6479.46,500.35499999999996,-30088.574999999997,-12624.39,-4192.29
-10758.69,-11558.385,-22249.305,-6416.865,548.865,-30040.739999999998,-12632.58,-4156.065
-10775.789999999999,-11567.609999999999,-22277.52,-6434.235,525.1949999999999,-30066.164999999997,-12704.085,-4192.65
-10876.68,-11692.755,-22412.565,-6542.28,428.76,-30157.829999999998,-12767.49,-4251.0599999999995
-10855.305,-11674.619999999999,-22376.52,-6502.545,490.54499999999996,-30123.989999999998,-12714.119999999999,-4217.8949999999995
-10826.505,-11643.119999999999,-22322.879999999997,-6448.815,514.17,-30096.495,-12656.88,-4192.92
-10821.734999999999,-11640.779999999999,-22314.645,-6442.965,491.085,-30103.739999999998,-12676.05,-4190.264999999999
-10790.145,-11599.38,-22286.16,-6436.3949999999995,520.335,-30076.289999999997,-12674.609999999999,-4175.235
-10797.525,-11584.305,-22271.445,-6479.46,512.73,-30083.219999999998,-12693.779999999999,-4199.4
-10826.865,-11615.984999999999,-22303.215,-6512.49,488.7,-30061.079999999998,-12719.789999999999,-4234.724999999999
-10837.395,-11638.395,-22330.305,-6520.724999999999,496.08,-30096.989999999998,-12773.115,-4236.66
-10813.14,-11615.805,-22305.42,-6453.09,508.40999999999997,-30146.129999999997,-12759.705,-4197.014999999999
-10779.705,-11578.949999999999,-22265.415,-6392.16,552.3299999999999,-30086.594999999998,-12672.81,-4153.95
-10785.375,-11579.265,-22255.379999999997,-6373.125,569.385,-30009.239999999998,-12626.73,-4168.755
-10821.555,-11617.47,-22297.32,-6434.865,526.905,-30057.75,-12674.925,-4215.42
-10839.465,-11644.244999999999,-22332.51,-6477.525,475.28999999999996,-30127.905,-12704.49,-4223.565
-10823.805,-11644.83,-22324.094999999998,-6456.915,499.85999999999996,-30112.559999999998,-12685.59,-4196.745
-10811.07,-11630.16,-22314.105,-6446.745,514.935,-30101.805,-12683.43,-4191.615
-10808.685,-11605.5,-22291.559999999998,-6444.63,502.695,-30121.785,-12695.939999999999,-4197.42
-10810.26,-11595.465,-22278.465,-6428.88,510.34499999999997,-30108.87,-12704.175,-4208.22
-10831.455,-11619.404999999999,-22301.64,-6459.3,476.82,-30111.3,-12727.845,-4231.8
-10823.039999999999,-11617.605,-22306.635,-6476.355,487.71,-30082.274999999998,-12711.779999999999,-4216.32
-10829.475,-11624.805,-22312.844999999998,-6482.34,503.28,-30096.675,-12698.055,-4214.79
-10791.225,-11588.13,-22278.42,-6455.969999999999,540.72,-30067.02,-12730.05,-4191.615
-10838.295,-11622.645,-22309.739999999998,-6490.3949999999995,504.71999999999997,-30086.28,-12755.43,-4244.58
-10897.74,-11690.775,-22373.684999999998,-6546.735,448.695,-30117.824999999997,-12683.43,-4274.82
-10841.445,-11646.09,-22334.579999999998,-6507.495,444.375,-30172.23,-12679.199999999999,-4218.389999999999
-10806.975,-11628.855,-22317.254999999997,-6449.04,475.515,-30201.975,-12723.93,-4182.57
-10824.119999999999,-11642.175,-22329.315,-6448.1849999999995,498.28499999999997,-30137.039999999997,-12766.05,-4212.405
-10834.92,-11642.039999999999,-22328.594999999998,-6461.37,514.17,-30055.184999999998,-12706.515,-4230.224999999999
-10831.23,-11621.564999999999,-22310.37,-6454.304999999999,500.35499999999996,-30053.745,-12660.57,-4239.2699999999995
-10820.609999999999,-11620.664999999999,-22300.515,-6453.36,500.31,-30055.32,-12646.529999999999,-4201.38
-10827.225,-11657.744999999999,-22328.864999999998,-6485.445,486.9,-30083.625,-12649.095,-4173.705
-10825.965,-11631.779999999999,-22312.98,-6495.255,482.98499999999996,-30082.59,-12651.525,-4194.2699999999995
-10812.824999999999,-11597.039999999999,-22285.754999999997,-6485.13,484.83,-30105.855,-12691.574999999999,-4199.8949999999995
-10803.465,-11607.029999999999,-22296.96,-6467.355,481.185,-30144.195,-12717.0,-4184.82
-10761.93,-11552.984999999999,-22232.79,-6361.29,562.365,-30089.879999999997,-12694.859999999999,-4165.335
-10779.3,-11567.025,-22246.965,-6378.929999999999,551.295,-30079.664999999997,-12687.39,-4189.635
-10817.1,-11616.93,-22303.934999999998,-6450.4349999999995,505.16999999999996,-30082.77,-12707.505,-4230.2699999999995
-10883.16,-11697.84,-22385.7,-6527.07,454.05,-30113.28,-12743.369999999999,-4265.28
-10863.99,-11669.445,-22353.39,-6502.005,468.27,-30116.655,-12735.225,-4236.615
-10825.605,-11629.664999999999,-22310.37,-6460.065,509.66999999999996,-30079.305,-12679.515,-4189.68
-10775.97,-11571.39,-22252.274999999998,-6401.205,555.12,-30077.504999999997,-12680.955,-4161.285
-10773.404999999999,-11569.59,-22255.11,-6418.035,501.65999999999997,-30215.52,-12782.789999999999,-4174.605
-10828.08,-11630.97,-22316.579999999998,-6483.195,435.555,-30253.14,-12793.68,-4215.96
-10849.68,-11649.689999999999,-22322.879999999997,-6475.275,483.255,-30078.09,-12661.244999999999,-4223.205
-10861.695,-11651.535,-22309.965,-6445.53,547.155,-29966.039999999997,-12632.58,-4250.61
-10848.914999999999,-11643.795,-22319.415,-6469.92,502.10999999999996,-30040.785,-12674.115,-4247.955
-10808.145,-11614.545,-22308.254999999997,-6472.844999999999,488.29499999999996,-30091.77,-12699.539999999999,-4192.47
-10794.779999999999,-11601.539999999999,-22291.965,-6454.62,517.41,-30071.879999999997,-12696.119999999999,-4176.99
-10797.795,-11591.595,-22277.745,-6433.2,547.65,-30061.8,-12705.885,-4193.91
-10812.914999999999,-11600.46,-22279.094999999998,-6440.94,547.785,-30040.829999999998,-12658.095,-4211.099999999999
-10830.645,-11629.71,-22309.695,-6464.565,514.215,-30051.18,-12652.064999999999,-4220.639999999999
-10841.265,-11643.345,-22326.614999999998,-6474.915,475.10999999999996,-30107.024999999998,-12697.425,-4233.555
-10839.015,-11648.88,-22333.454999999998,-6488.415,460.215,-30137.76,-12675.779999999999,-4213.755
-10818.27,-11637.63,-22321.44,-6474.69,480.555,-30155.579999999998,-12735.0,-4187.43
-10819.664999999999,-11629.574999999999,-22317.885,-6470.19,480.51,-30166.695,-12754.035,-4202.1449999999995
-10834.02,-11653.695,-22332.105,-6474.24,489.78,-30136.86,-12710.115,-4211.37
-10822.185,-11648.97,-22328.64,-6457.815,527.31,-30081.195,-12707.1,-4206.735
-10832.265,-11627.234999999999,-22306.274999999998,-6445.125,538.155,-30054.69,-12687.57,-4218.795
-10818.539999999999,-11606.984999999999,-22294.665,-6432.615,536.04,-30058.739999999998,-12692.07,-4209.66
-10807.289999999999,-11601.18,-22291.2,-6442.785,521.55,-30101.67,-12732.84,-4199.805
-10821.96,-11627.505,-22319.55,-6487.155,479.115,-30151.53,-12721.095,-4209.03
-10820.295,-11640.779999999999,-22345.695,-6519.285,430.91999999999996,-30191.129999999997,-12681.765,-4196.61
-10809.449999999999,-11635.289999999999,-22367.655,-6542.865,438.03,-30141.315,-12643.83,-4181.22
-10803.779999999999,-11612.295,-22375.395,-6527.205,556.8299999999999,-29987.64,-12640.814999999999,-4202.415
-10852.83,-11647.215,-22383.405,-6543.0,534.465,-30040.11,-12729.42,-4266.945
-10885.14,-11675.115,-22326.704999999998,-6505.605,501.21,-30104.954999999998,-12734.505,-4271.22
-10819.664999999999,-11613.105,-22256.145,-6418.08,486.135,-30126.195,-12652.65,-4209.525
-10790.82,-11591.595,-22278.96,-6429.33,445.85999999999996,-30169.62,-12669.48,-4178.79
-10812.645,-11617.875,-22313.024999999998,-6477.884999999999,449.055,-30166.02,-12757.14,-4197.42
-10827.225,-11629.305,-22317.12,-6481.62,453.375,-30114.27,-12748.859999999999,-4219.74
-10804.23,-11606.265,-22290.66,-6468.12,473.805,-30103.829999999998,-12720.42,-4185.99
-10805.58,-11606.445,-22287.105,-6438.33,500.53499999999997,-30111.57,-12695.85,-4183.47
-10816.92,-11603.52,-22271.715,-6398.009999999999,549.27,-30049.695,-12710.52,-4214.385
-10836.09,-11620.529999999999,-22288.094999999998,-6418.304999999999,557.9549999999999,-30037.23,-12726.314999999999,-4240.53
-10806.48,-11600.324999999999,-22273.515,-6411.825,559.53,-30034.62,-12658.949999999999,-4189.455
-10789.02,-11580.84,-22256.73,-6395.04,578.43,-30019.184999999998,-12617.82,-4177.305
-10885.59,-11674.619999999999,-22350.825,-6490.17,494.325,-30101.94,-12689.685,-4275.224999999999
-10910.97,-11704.095,-22384.665,-6535.08,434.925,-30155.715,-12743.91,-4302.09
-10860.795,-11659.77,-22343.579999999998,-6495.884999999999,464.35499999999996,-30149.954999999998,-12740.085,-4251.105
-10795.994999999999,-11597.939999999999,-22283.64,-6434.82,516.555,-30131.73,-12789.135,-4192.785
-10814.355,-11620.89,-22305.87,-6455.474999999999,504.945,-30110.94,-12746.744999999999,-4198.7699999999995
-10803.645,-11615.4,-22300.829999999998,-6448.094999999999,518.265,-30073.184999999998,-12638.115,-4171.23
-10798.785,-11604.6,-22290.75,-6438.285,528.3,-30078.09,-12663.314999999999,-4175.46
-10826.82,-11632.814999999999,-22319.73,-6475.59,480.195,-30137.445,-12739.32,-4200.615
-10845.945,-11655.27,-22344.344999999998,-6499.844999999999,451.71,-30163.545,-12726.855,-4215.105
-10829.385,-11628.765,-22314.645,-6467.04,483.93,-30133.305,-12704.49,-4212.495
-10815.615,-11614.14,-22299.93,-6452.775,498.73499999999996,-30106.395,-12673.89,-4203.045
-10806.074999999999,-11603.564999999999,-22291.425,-6447.69,499.09499999999997,-30106.395,-12704.265,-4205.34
-10812.06,-11609.82,-22296.96,-6447.87,510.93,-30091.905,-12715.244999999999,-4216.95
-10803.645,-11616.615,-22301.864999999998,-6445.575,509.625,-30132.809999999998,-12700.755,-4197.87
-10820.789999999999,-11651.715,-22331.295,-6466.905,491.805,-30139.829999999998,-12697.74,-4192.245
-10781.324999999999,-11590.47,-22271.309999999998,-6418.665,540.585,-30032.64,-12650.625,-4165.965
-10783.44,-11569.904999999999,-22251.555,-6414.21,525.735,-30075.03,-12716.145,-4198.005
-10834.605,-11612.07,-22294.26,-6457.995,488.115,-30098.655,-12742.92,-4259.07
-10862.82,-11647.35,-22333.68,-6499.44,470.88,-30079.98,-12645.675,-4253.58
-10852.92,-11661.66,-22350.375,-6513.3,453.465,-30128.625,-12669.705,-4217.49
-10789.065,-11600.055,-22286.16,-6432.84,519.48,-30108.87,-12703.725,-4167.945
-10779.074999999999,-11584.89,-22271.579999999998,-6407.415,553.59,-30071.43,-12658.365,-4151.79
-10826.234999999999,-11623.41,-22312.665,-6461.55,495.405,-30139.379999999997,-12731.67,-4200.525
-10842.93,-11637.449999999999,-22322.835,-6476.219999999999,465.34499999999997,-30204.719999999998,-12775.814999999999,-4230.585
-10836.855,-11645.955,-22336.379999999997,-6485.8949999999995,474.12,-30131.37,-12679.56,-4215.014999999999
-10824.57,-11636.82,-22330.754999999997,-6488.82,489.78,-30054.149999999998,-12659.895,-4190.175
-10820.34,-11619.63,-22307.67,-6470.955,491.58,-30073.815,-12686.355,-4196.7
-10815.885,-11615.715,-22318.829999999998,-6462.315,481.635,-30144.329999999998,-12692.699999999999,-4196.5199999999995
-10795.904999999999,-11592.765,-22314.465,-6430.7699999999995,504.945,-30179.204999999998,-12717.675,-4191.165
-10806.795,-11603.475,-22319.28,-6466.995,509.17499999999995,-30103.155,-12683.609999999999,-4202.055
-10825.154999999999,-11624.76,-22316.445,-6502.5,507.73499999999996,-30016.305,-12646.17,-4207.1849999999995
-10816.695,-11626.38,-22311.989999999998,-6482.969999999999,521.145,-30037.41,-12677.939999999999,-4192.11
-10822.05,-11626.875,-22306.86,-6462.09,508.40999999999997,-30113.73,-12742.515,-4214.07
-10776.015,-11557.935,-22232.969999999998,-6375.42,550.71,-30062.114999999998,-12771.494999999999,-4202.73
-10770.164999999999,-11547.404999999999,-22228.469999999998,-6369.48,577.0799999999999,-30033.135,-12739.095,-4202.1449999999995
-10806.75,-11595.105,-22287.69,-6432.84,555.525,-30018.87,-12618.945,-4217.94
-10847.205,-11647.755,-22334.219999999998,-6489.63,502.83,-30086.145,-12677.22,-4239.495
-10866.105,-11688.48,-22384.44,-6533.865,439.695,-30200.715,-12825.18,-4231.889999999999
-10827.359999999999,-11646.63,-22346.145,-6518.16,434.43,-30163.14,-12723.615,-4195.575
-10852.695,-11664.539999999999,-22359.555,-6596.054999999999,376.56,-30147.93,-12678.84,-4217.58
-10871.865,-11671.74,-22344.524999999998,-6528.96,445.365,-30121.829999999998,-12685.904999999999,-4247.28
-10847.609999999999,-11647.529999999999,-22322.114999999998,-6458.58,514.305,-30113.28,-12740.49,-4235.805
-10806.885,-11608.154999999999,-22288.14,-6395.8949999999995,560.8349999999999,-30073.14,-12726.765,-4199.3099999999995
-10792.845,-11585.88,-22258.035,-6387.48,563.895,-30057.57,-12701.43,-4178.565
-10799.64,-11594.88,-22272.885,-6419.5199999999995,524.88,-30086.19,-12711.195,-4194.315
-10848.869999999999,-11649.869999999999,-22338.405,-6485.13,480.06,-30127.59,-12754.845,-4256.55
-10839.779999999999,-11633.445,-22320.629999999997,-6475.139999999999,479.07,-30122.46,-12742.425,-4249.215
-10818.9,-11613.914999999999,-22298.085,-6466.139999999999,503.82,-30088.305,-12688.289999999999,-4202.639999999999
-10816.244999999999,-11617.02,-22300.92,-6486.795,522.27,-30054.375,-12679.02,-4186.3949999999995
-10819.755,-11623.365,-22309.379999999997,-6459.3,513.4499999999999,-30084.93,-12703.994999999999,-4203.495
-10827.27,-11635.74,-22324.77,-6488.009999999999,459.22499999999997,-30150.539999999997,-12740.265,-4209.93
-10832.535,-11643.39,-22337.594999999998,-6522.21,451.16999999999996,-30123.045,-12719.52,-4208.67
-10817.64,-11628.72,-22322.34,-6500.07,467.19,-30104.91,-12699.404999999999,-4197.195
-10810.08,-11614.635,-22301.91,-6447.465,476.72999999999996,-30159.989999999998,-12704.76,-4194.855
-10805.445,-11602.619999999999,-22282.29,-6403.545,510.435,-30196.079999999998,-12735.27,-4197.15
-10811.88,-11609.91,-22289.895,-6423.84,526.77,-30104.28,-12695.22,-4196.565
-10799.73,-11589.795,-22274.82,-6417.2699999999995,534.96,-30039.795,-12672.359999999999,-4198.23
-10816.289999999999,-11618.369999999999,-22320.495,-6460.965,493.91999999999996,-30128.445,-12716.46,-4215.105
-10813.545,-11616.029999999999,-22314.465,-6444.855,528.48,-30089.565,-12715.515,-4206.465
-10833.029999999999,-11619.9,-22292.91,-6441.57,558.18,-30025.754999999997,-12628.305,-4220.865
-10843.154999999999,-11641.365,-22320.315,-6483.825,495.135,-30077.774999999998,-12621.734999999999,-4213.62
-10802.43,-11612.744999999999,-22304.79,-6473.205,459.04499999999996,-30195.765,-12801.195,-4181.625
-10804.68,-11612.654999999999,-22303.98,-6434.865,493.83,-30162.015,-12830.445,-4212.72
-10845.494999999999,-11675.205,-22400.684999999998,-6488.865,458.145,-30133.035,-12785.67,-4236.795
-10837.395,-11658.06,-22392.315,-6489.315,487.26,-30077.055,-12708.18,-4220.325
-10822.59,-11611.08,-22290.57,-6444.719999999999,520.56,-30061.079999999998,-12702.465,-4233.42
-10850.085,-11639.564999999999,-22278.915,-6492.42,442.26,-30132.719999999998,-12652.47,-4220.37
-10818.359999999999,-11632.59,-22312.485,-6490.3949999999995,444.465,-30131.145,-12631.859999999999,-4167.045
-10802.654999999999,-11603.205,-22299.975,-6448.23,485.28,-30114.315,-12672.0,-4179.87
-10828.17,-11619.81,-22294.395,-6446.969999999999,509.21999999999997,-30088.98,-12720.42,-4216.365
-10829.88,-11626.695,-22301.504999999997,-6463.304999999999,496.26,-30100.004999999997,-12711.06,-4211.505
-10813.05,-11627.369999999999,-22301.37,-6451.514999999999,502.65,-30106.079999999998,-12671.369999999999,-4184.37
-10814.67,-11646.045,-22319.954999999998,-6449.219999999999,514.17,-30057.84,-12662.91,-4187.5199999999995
-10815.39,-11624.22,-22320.809999999998,-6463.53,504.45,-30077.864999999998,-12712.994999999999,-4195.845
-10837.35,-11631.105,-22317.704999999998,-6471.315,489.375,-30093.254999999997,-12713.039999999999,-4216.139999999999
-10826.324999999999,-11639.744999999999,-22323.825,-6464.79,508.04999999999995,-30057.21,-12675.689999999999,-4203.585
-10805.94,-11614.275,-22305.69,-6455.295,505.84499999999997,-30082.004999999997,-12704.535,-4191.165
-10824.57,-11620.664999999999,-22315.364999999998,-6469.695,482.085,-30103.155,-12726.81,-4216.455
-10844.145,-11632.455,-22317.48,-6481.665,462.645,-30105.315,-12706.605,-4236.03
-10819.17,-11621.744999999999,-22308.254999999997,-6466.094999999999,484.56,-30103.965,-12686.039999999999,-4199.175
-10800.27,-11593.935,-22276.844999999998,-6429.87,521.46,-30126.42,-12759.119999999999,-4190.94
-10839.465,-11631.555,-22313.61,-6471.2699999999995,480.51,-30168.18,-12763.619999999999,-4230.405
-10850.13,-11641.814999999999,-22316.265,-6459.615,509.895,-30074.805,-12681.539999999999,-4238.1449999999995
-10807.875,-11588.895,-22263.21,-6397.469999999999,568.62,-30031.02,-12715.695,-4223.7
-10809.765,-11587.814999999999,-22267.125,-6411.78,540.135,-30081.42,-12790.935,-4234.41
-10772.595,-11559.914999999999,-22241.385,-6391.44,555.525,-30036.285,-12724.83,-4180.7699999999995
-10755.99,-11543.4,-22221.675,-6363.9,582.165,-29987.55,-12651.525,-4163.49
-10826.685,-11624.805,-22311.225,-6449.219999999999,510.435,-30060.495,-12694.545,-4218.795
-10864.574999999999,-11691.404999999999,-22393.89,-6554.745,456.21,-30139.695,-12713.13,-4213.62
-10823.49,-11643.48,-22341.059999999998,-6496.245,478.79999999999995,-30132.315,-12673.17,-4181.805
-10832.85,-11645.414999999999,-22329.719999999998,-6480.54,483.65999999999997,-30125.655,-12703.904999999999,-4204.035
-10833.57,-11636.595,-22315.59,-6470.415,501.885,-30113.594999999998,-12732.119999999999,-4218.48
-10825.83,-11628.18,-22309.559999999998,-6463.9349999999995,509.21999999999997,-30086.73,-12696.84,-4207.455
-10827.494999999999,-11629.035,-22312.035,-6473.25,507.195,-30087.629999999997,-12686.805,-4208.67
-10838.564999999999,-11631.33,-22311.09,-6484.545,515.835,-30087.765,-12713.265,-4230.855
-10835.414999999999,-11636.1,-22321.844999999998,-6498.495,474.34499999999997,-30096.18,-12703.365,-4223.61
-10815.57,-11626.65,-22317.39,-6492.599999999999,459.675,-30106.934999999998,-12707.01,-4200.84
-10813.77,-11621.205,-22311.09,-6475.139999999999,466.56,-30117.149999999998,-12688.83,-4201.965
-10807.875,-11607.975,-22293.629999999997,-6441.525,488.96999999999997,-30144.105,-12682.98,-4195.3949999999995
-10805.94,-11605.185,-22302.45,-6494.94,478.395,-30134.565,-12708.81,-4198.7699999999995
-10788.795,-11591.73,-22292.415,-6480.2699999999995,504.53999999999996,-30083.94,-12746.115,-4187.5199999999995
-10778.49,-11576.16,-22277.385,-6454.71,545.22,-30104.324999999997,-12735.314999999999,-4191.12
-10812.015,-11612.654999999999,-22301.73,-6434.955,566.37,-30067.469999999998,-12638.789999999999,-4213.53
-10795.23,-11589.885,-22272.84,-6386.58,557.73,-30093.344999999998,-12687.795,-4204.349999999999
-10828.8,-11648.789999999999,-22333.05,-6450.929999999999,471.73499999999996,-30113.19,-12704.22,-4189.095
-10798.38,-11608.064999999999,-22291.155,-6427.889999999999,497.96999999999997,-30079.485,-12730.005,-4180.365
-10848.105,-11640.195,-22329.18,-6492.599999999999,478.03499999999997,-30093.03,-12779.73,-4246.335
-10877.4,-11681.414999999999,-22375.754999999997,-6523.5599999999995,450.04499999999996,-30125.34,-12806.865,-4257.764999999999
-10857.689999999999,-11660.4,-22348.17,-6482.16,466.2,-30122.37,-12747.779999999999,-4236.345
-10836.539999999999,-11647.89,-22334.04,-6484.545,437.58,-30164.625,-12679.244999999999,-4204.62
-10810.755,-11621.205,-22308.93,-6461.55,444.555,-30188.16,-12702.33,-4191.255
-10811.565,-11613.914999999999,-22308.75,-6451.155,481.77,-30146.265,-12699.27,-4192.695
-10821.375,-11627.865,-22327.965,-6470.639999999999,497.7,-30094.065,-12685.77,-4192.695
-10826.955,-11627.91,-22312.62,-6462.54,503.82,-30053.835,-12654.404999999999,-4202.73
-10813.41,-11611.8,-22289.895,-6439.41,514.53,-30048.03,-12675.645,-4206.285
-10786.5,-11594.07,-22281.93,-6425.955,522.135,-30109.274999999998,-12728.34,-4187.295
-10796.13,-11601.404999999999,-22289.309999999998,-6433.785,522.855,-30085.425,-12707.414999999999,-4193.955
-10822.32,-11623.32,-22308.885,-6451.29,508.54499999999996,-30058.425,-12655.619999999999,-4204.98
-10831.095,-11618.1,-22306.86,-6456.825,512.1899999999999,-30064.77,-12679.515,-4221.045
-10820.654999999999,-11615.805,-22302.045,-6452.415,507.41999999999996,-30096.855,-12710.925,-4201.29
-10805.265,-11605.23,-22295.295,-6450.3,504.945,-30089.52,-12720.734999999999,-4200.4349999999995
-10792.395,-11585.654999999999,-22273.695,-6442.514999999999,501.79499999999996,-30055.364999999998,-12654.09,-4188.915
-10813.455,-11611.395,-22310.37,-6469.38,477.85499999999996,-30101.715,-12702.105,-4205.745
-10844.82,-11652.795,-22361.399999999998,-6493.86,473.13,-30173.489999999998,-12782.925,-4217.76
-10846.395,-11654.279999999999,-22350.87,-6476.535,494.145,-30153.69,-12720.914999999999,-4223.474999999999
-10815.48,-11634.21,-22298.94,-6431.985,529.605,-30090.329999999998,-12679.65,-4198.455
-10826.505,-11638.89,-22315.545,-6461.955,502.38,-30073.77,-12704.805,-4206.96
-10842.345,-11638.755,-22326.66,-6484.7699999999995,473.35499999999996,-30101.175,-12729.914999999999,-4224.465
-10828.35,-11625.525,-22316.265,-6476.219999999999,463.04999999999995,-30153.195,-12739.904999999999,-4213.3949999999995
-10829.25,-11624.715,-22315.364999999998,-6469.065,484.02,-30123.045,-12725.865,-4216.32
-10838.295,-11637.314999999999,-22325.805,-6457.679999999999,539.46,-30028.274999999998,-12665.699999999999,-4219.605
-10830.42,-11631.33,-22333.635,-6455.474999999999,534.42,-30050.684999999998,-12663.404999999999,-4210.695
-10801.664999999999,-11596.949999999999,-22309.559999999998,-6448.634999999999,523.755,-30063.059999999998,-12692.385,-4195.889999999999
-10779.255,-11566.305,-22254.704999999998,-6414.84,555.2099999999999,-30019.995,-12658.949999999999,-4182.255
-10779.84,-11564.955,-22233.149999999998,-6399.719999999999,563.85,-30025.844999999998,-12675.285,-4179.735
-10839.689999999999,-11631.689999999999,-22308.704999999998,-6455.88,512.73,-30113.774999999998,-12784.814999999999,-4235.04
-10842.3,-11634.975,-22325.67,-6476.58,486.405,-30160.754999999997,-12860.64,-4255.695
-10858.949999999999,-11669.355,-22363.739999999998,-6504.974999999999,446.53499999999997,-30167.82,-12785.13,-4245.93
-10824.3,-11638.395,-22327.155,-6449.49,499.04999999999995,-30100.184999999998,-12645.855,-4189.41
-10815.255,-11608.785,-22294.89,-6424.0199999999995,519.435,-30097.754999999997,-12664.71,-4196.34
-10815.93,-11602.395,-22284.495,-6424.74,526.5,-30083.219999999998,-12717.09,-4210.514999999999
-10823.13,-11614.05,-22295.565,-6471.719999999999,525.555,-30099.87,-12692.385,-4214.115
-10827.585,-11634.119999999999,-22326.57,-6484.724999999999,507.24,-30150.765,-12674.34,-4197.78
-10846.755,-11656.305,-22357.395,-6517.844999999999,468.27,-30174.795,-12737.925,-4219.605
-10830.24,-11632.455,-22326.3,-6485.759999999999,487.84499999999997,-30124.8,-12813.029999999999,-4224.42
-10852.74,-11654.775,-22351.545,-6508.53,455.13,-30140.145,-12768.48,-4244.76
-10864.845,-11687.805,-22389.3,-6579.09,428.66999999999996,-30124.44,-12670.109999999999,-4211.235
-10828.215,-11646.045,-22341.69,-6539.264999999999,458.505,-30081.015,-12678.435,-4188.51
-10807.38,-11615.67,-22313.024999999998,-6502.275,439.56,-30137.489999999998,-12699.18,-4182.974999999999
-10811.52,-11621.744999999999,-22313.43,-6452.955,467.46,-30132.09,-12696.255,-4189.1849999999995
-10825.47,-11629.664999999999,-22307.219999999998,-6411.6449999999995,508.85999999999996,-30090.195,-12697.83,-4209.3
-10823.355,-11620.35,-22307.67,-6436.304999999999,491.265,-30109.905,-12716.91,-4213.665
-10839.96,-11641.185,-22335.12,-6474.195,468.45,-30135.914999999997,-12691.529999999999,-4213.44
-10842.795,-11642.31,-22322.655,-6451.0199999999995,523.53,-30072.78,-12688.289999999999,-4211.639999999999
-10821.689999999999,-11613.24,-22298.219999999998,-6430.139999999999,562.185,-30058.965,-12717.9,-4214.43
-10814.58,-11608.56,-22305.015,-6445.3949999999995,536.22,-30088.934999999998,-12677.85,-4204.845
-10813.23,-11615.984999999999,-22316.399999999998,-6455.5199999999995,519.345,-30117.015,-12674.789999999999,-4186.17
-10822.23,-11625.029999999999,-22319.19,-6461.28,522.72,-30104.594999999998,-12718.08,-4198.41
-10806.705,-11601.855,-22297.094999999998,-6462.405,487.71,-30066.03,-12667.095,-4199.805
-10812.285,-11603.025,-22280.67,-6423.615,520.47,-30055.05,-12684.15,-4218.345
-10843.695,-11639.925,-22320.809999999998,-6471.2699999999995,478.935,-30139.515,-12738.24,-4234.139999999999
-10813.994999999999,-11621.475,-22317.48,-6481.665,475.91999999999996,-30170.07,-12763.26,-4186.755
-10759.275,-11564.189999999999,-22263.93,-6405.705,518.76,-30106.574999999997,-12679.56,-4143.33
-10761.57,-11551.275,-22244.355,-6394.59,510.75,-30118.184999999998,-12713.895,-4175.595
-10832.265,-11630.699999999999,-22328.55,-6483.554999999999,450.71999999999997,-30131.73,-12729.51,-4224.87
-10872.585,-11685.06,-22383.855,-6539.804999999999,402.435,-30173.805,-12752.55,-4233.33
-10835.955,-11639.295,-22345.829999999998,-6495.525,453.51,-30166.965,-12783.869999999999,-4219.785
-10856.609999999999,-11657.699999999999,-22357.665,-6501.825,463.365,-30121.289999999997,-12737.925,-4241.745
-10845.045,-11647.035,-22329.765,-6474.78,506.205,-30050.55,-12675.645,-4218.4349999999995
-10841.939999999999,-11643.705,-22321.305,-6469.605,510.885,-30053.16,-12680.865,-4215.24
-10829.385,-11629.08,-22310.145,-6459.884999999999,515.79,-30051.629999999997,-12687.39,-4217.94
-10810.44,-11606.265,-22280.805,-6431.264999999999,529.515,-30052.664999999997,-12709.89,-4212.72
-10811.52,-11601.945,-22270.635,-6419.925,535.185,-30033.18,-12662.505,-4198.139999999999
-10781.775,-11567.97,-22244.715,-6395.219999999999,559.7099999999999,-30035.565,-12718.529999999999,-4178.925
-10794.69,-11586.195,-22265.64,-6415.92,540.855,-30062.565,-12708.045,-4181.22
-10854.63,-11647.98,-22330.844999999998,-6482.61,496.215,-30112.425,-12716.865,-4231.53
-10844.279999999999,-11629.755,-22313.07,-6469.514999999999,509.715,-30115.125,-12735.855,-4245.4349999999995
-10829.564999999999,-11631.914999999999,-22318.739999999998,-6459.795,507.015,-30113.145,-12709.935,-4219.425
-10830.51,-11641.77,-22343.129999999997,-6486.84,478.71,-30158.684999999998,-12723.615,-4198.68
-10871.505,-11691.855,-22399.515,-6542.955,436.365,-30193.92,-12739.23,-4223.25
-10862.64,-11685.42,-22389.075,-6525.54,440.505,-30158.235,-12687.75,-4214.925
-10808.685,-11621.654999999999,-22333.004999999997,-6433.155,496.53,-30112.425,-12697.47,-4183.83
-10805.039999999999,-11608.695,-22325.535,-6431.625,506.92499999999995,-30100.545,-12697.154999999999,-4183.335
-10814.76,-11605.365,-22289.715,-6455.384999999999,509.03999999999996,-30066.21,-12671.414999999999,-4197.915
-10833.885,-11625.164999999999,-22287.375,-6443.865,517.05,-30045.42,-12667.32,-4209.75
-10821.824999999999,-11616.705,-22298.489999999998,-6446.565,506.835,-30090.285,-12704.22,-4206.599999999999
-10817.82,-11618.145,-22314.195,-6469.83,482.4,-30125.25,-12722.22,-4207.1849999999995
-10807.56,-11608.695,-22304.835,-6459.165,489.87,-30113.91,-12727.26,-4201.38
-10794.779999999999,-11596.994999999999,-22292.145,-6451.065,486.405,-30145.184999999998,-12750.3,-4193.325
-10809.27,-11611.215,-22305.285,-6472.98,459.35999999999996,-30211.02,-12764.295,-4212.2699999999995
-10815.119999999999,-11615.175,-22315.815,-6489.495,453.96,-30195.27,-12695.715,-4207.68
-10807.199999999999,-11596.635,-22294.215,-6461.37,519.615,-30069.135,-12671.414999999999,-4208.04
-10760.13,-11545.47,-22243.14,-6403.905,584.1,-30033.18,-12736.845,-4180.95
-10786.77,-11580.705,-22270.59,-6441.075,555.93,-30047.219999999998,-12755.52,-4193.73
-10858.365,-11665.619999999999,-22354.155,-6528.915,460.395,-30126.69,-12720.689999999999,-4231.17
-10884.285,-11698.605,-22391.64,-6541.92,424.62,-30170.25,-12745.08,-4244.805
-10850.939999999999,-11670.345,-22364.504999999997,-6475.23,473.265,-30130.155,-12712.949999999999,-4211.1449999999995
-10832.49,-11644.74,-22334.76,-6452.37,492.75,-30085.515,-12677.58,-4206.87
-10841.445,-11644.47,-22337.055,-6481.755,479.565,-30093.254999999997,-12687.074999999999,-4218.389999999999
-10813.859999999999,-11609.82,-22297.14,-6446.79,510.34499999999997,-30095.055,-12749.939999999999,-4208.94
-10817.865,-11620.98,-22314.375,-6462.495,489.10499999999996,-30121.469999999998,-12714.705,-4202.595
-10753.785,-11550.24,-22245.75,-6399.675,536.67,-30103.155,-12708.314999999999,-4154.94
-10752.885,-11542.545,-22230.855,-6380.639999999999,561.3299999999999,-30082.86,-12745.484999999999,-4166.28
-10871.46,-11674.439999999999,-22369.59,-6514.965,447.93,-30147.93,-12769.605,-4248.18
-10899.449999999999,-11717.55,-22410.855,-6556.634999999999,411.615,-30161.52,-12739.5,-4251.15
-10840.545,-11660.355,-22355.055,-6499.44,463.77,-30122.73,-12698.865,-4225.095
-10845.81,-11663.955,-22352.805,-6489.405,475.91999999999996,-30111.614999999998,-12684.779999999999,-4238.595
-10849.994999999999,-11664.135,-22356.945,-6504.389999999999,457.38,-30128.219999999998,-12706.515,-4227.57
-10840.455,-11661.029999999999,-22352.625,-6488.46,483.12,-30099.015,-12655.845,-4208.13
-10788.255,-11568.15,-22256.594999999998,-6401.565,553.185,-30082.545,-12660.119999999999,-4183.38
-10806.48,-11589.48,-22282.965,-6438.105,515.475,-30150.135,-12777.705,-4205.25
-10856.34,-11647.125,-22334.67,-6483.554999999999,488.52,-30153.87,-12814.74,-4249.98
-10849.23,-11647.845,-22338.225,-6486.21,491.66999999999996,-30101.265,-12720.779999999999,-4227.075
-10810.035,-11606.49,-22301.19,-6455.655,516.735,-30064.5,-12678.39,-4197.014999999999
-10795.725,-11596.949999999999,-22290.39,-6447.0599999999995,531.765,-30043.17,-12647.925,-4180.275
-10790.685,-11587.725,-22284.899999999998,-6433.425,536.265,-30042.045,-12629.564999999999,-4167.045
-10832.535,-11627.505,-22318.785,-6481.08,469.03499999999997,-30120.074999999997,-12734.145,-4221.8099999999995
-10859.175,-11653.605,-22347.315,-6512.175,444.06,-30153.285,-12851.1,-4278.465
-10825.695,-11598.119999999999,-22286.925,-6440.804999999999,524.655,-30094.515,-12824.01,-4251.6449999999995
-10805.039999999999,-11590.695,-22305.915,-6414.705,571.41,-30039.48,-12633.84,-4195.665
-10839.6,-11653.74,-22392.719999999998,-6482.34,506.96999999999997,-30124.664999999997,-12645.585,-4190.625
-10885.185,-11694.689999999999,-22393.89,-6519.96,453.51,-30174.614999999998,-12767.805,-4244.49
-10881.18,-11677.814999999999,-22337.64,-6515.1449999999995,450.18,-30154.59,-12762.225,-4251.195
-10821.869999999999,-11618.46,-22296.239999999998,-6456.195,520.605,-30063.149999999998,-12694.14,-4206.51
-10802.295,-11607.57,-22302.36,-6449.085,521.055,-30095.145,-12746.789999999999,-4192.065
-10830.555,-11636.279999999999,-22334.805,-6471.945,498.195,-30141.405,-12731.445,-4211.1449999999995
-10827.585,-11636.145,-22338.765,-6508.755,432.63,-30159.045,-12693.555,-4196.115
-10821.06,-11631.6,-22335.12,-6508.844999999999,454.54499999999996,-30115.125,-12675.914999999999,-4188.42
-10828.529999999999,-11642.039999999999,-22338.18,-6484.32,490.005,-30102.614999999998,-12697.064999999999,-4200.795
-10829.205,-11643.75,-22338.855,-6477.4349999999995,508.995,-30105.989999999998,-12702.195,-4202.955
-10824.255,-11629.935,-22325.355,-6476.219999999999,508.275,-30118.815,-12696.93,-4203.18
-10827.225,-11632.14,-22331.969999999998,-6527.429999999999,491.4,-30144.105,-12701.564999999999,-4201.0199999999995
-10826.46,-11634.615,-22344.614999999998,-6552.54,470.07,-30157.469999999998,-12721.904999999999,-4201.5599999999995
-10820.34,-11621.88,-22328.28,-6493.32,489.375,-30109.274999999998,-12707.055,-4199.535
-10828.439999999999,-11616.705,-22298.04,-6394.995,514.71,-30108.329999999998,-12729.465,-4218.3
-10842.66,-11632.455,-22319.73,-6426.315,485.59499999999997,-30130.289999999997,-12756.734999999999,-4239.72
-10837.98,-11638.98,-22335.48,-6499.9349999999995,467.055,-30112.92,-12710.835,-4225.545
-10823.445,-11630.744999999999,-22338.225,-6528.554999999999,465.03,-30082.995,-12674.115,-4202.595
-10807.065,-11621.43,-22335.795,-6523.38,422.72999999999996,-30162.6,-12688.335,-4184.639999999999
-10803.015,-11614.77,-22326.704999999998,-6455.61,469.89,-30220.289999999997,-12754.125,-4192.155
-10835.055,-11630.205,-22333.14,-6426.99,523.26,-30169.305,-12762.72,-4232.79
-10836.675,-11618.189999999999,-22311.585,-6425.775,522.3149999999999,-30051.539999999997,-12760.244999999999,-4257.315
-10784.07,-11554.38,-22230.09,-6362.82,572.4449999999999,-30023.37,-12780.359999999999,-4216.7699999999995
-10821.24,-11623.545,-22310.594999999998,-6447.285,490.54499999999996,-30085.92,-12663.585,-4179.465
-10876.994999999999,-11700.765,-22391.325,-6523.29,433.935,-30129.48,-12604.545,-4196.835
-10830.824999999999,-11643.21,-22326.57,-6448.59,526.23,-30077.37,-12687.164999999999,-4195.575
-10835.234999999999,-11639.789999999999,-22326.57,-6448.23,521.775,-30076.379999999997,-12697.83,-4211.91
-10837.98,-11648.97,-22345.155,-6477.795,483.47999999999996,-30116.114999999998,-12753.27,-4213.845
-10827.81,-11638.26,-22334.219999999998,-6473.969999999999,482.445,-30114.09,-12702.869999999999,-4200.3
-10814.039999999999,-11609.414999999999,-22300.92,-6441.075,516.96,-30077.055,-12673.98,-4198.095
-10797.525,-11578.77,-22264.605,-6403.59,556.155,-30035.745,-12670.289999999999,-4204.26
-10808.145,-11600.595,-22291.605,-6445.17,507.645,-30092.579999999998,-12720.015,-4205.25
-10863.359999999999,-11675.025,-22373.055,-6527.925,426.87,-30184.335,-12759.57,-4225.32
-10880.055,-11699.055,-22398.93,-6546.465,422.23499999999996,-30176.504999999997,-12784.994999999999,-4247.01
-10830.869999999999,-11632.949999999999,-22327.2,-6471.99,487.755,-30150.315,-12757.005,-4219.47
-10841.49,-11635.47,-22323.645,-6469.965,477.9,-30174.975,-12754.08,-4225.005
-10866.33,-11669.805,-22357.62,-6509.34,434.88,-30178.664999999997,-12770.145,-4247.73
-10849.904999999999,-11654.279999999999,-22347.945,-6493.815,460.44,-30143.43,-12753.225,-4231.755
-10845.72,-11645.73,-22341.555,-6493.32,462.28499999999997,-30141.27,-12738.96,-4226.58
-10828.08,-11636.82,-22339.89,-6489.9,476.59499999999997,-30101.219999999998,-12725.369999999999,-4201.74
-10815.75,-11623.365,-22305.51,-6439.7699999999995,536.895,-30035.43,-12659.085,-4194.72
-10830.465,-11655.135,-22336.02,-6456.87,524.2049999999999,-30023.145,-12589.335,-4209.345
-10829.744999999999,-11644.425,-22337.504999999997,-6475.724999999999,478.395,-30114.27,-12660.345,-4209.66
-10818.81,-11616.164999999999,-22318.965,-6476.58,452.835,-30193.379999999997,-12752.865,-4204.035
-10795.365,-11582.46,-22279.05,-6432.705,515.61,-30098.16,-12727.98,-4194.18
-10784.97,-11577.465,-22267.98,-6409.44,568.89,-30012.39,-12721.545,-4189.005
-10802.295,-11586.33,-22281.66,-6425.1449999999995,553.3199999999999,-30065.445,-12766.77,-4216.275
-10792.574999999999,-11575.395,-22268.61,-6417.36,546.12,-30064.905,-12727.755,-4196.925
-10764.765,-11542.59,-22226.67,-6366.0599999999995,594.0,-30029.625,-12708.135,-4171.545
-10791.045,-11587.59,-22284.809999999998,-6434.054999999999,542.43,-30073.949999999997,-12699.045,-4166.505
-10874.835,-11689.154999999999,-22392.495,-6545.07,438.47999999999996,-30139.065,-12710.43,-4240.62
-10883.205,-11698.74,-22404.465,-6543.99,445.40999999999997,-30116.16,-12688.02,-4243.905
-10848.105,-11656.439999999999,-22376.385,-6519.42,456.65999999999997,-30126.914999999997,-12690.27,-4213.98
-10852.515,-11662.109999999999,-22379.489999999998,-6526.665,437.84999999999997,-30147.074999999997,-12702.734999999999,-4219.245
-10832.984999999999,-11631.689999999999,-22330.934999999998,-6462.719999999999,499.995,-30090.645,-12683.564999999999,-4210.605
-10826.145,-11624.49,-22329.0,-6444.224999999999,520.425,-30085.199999999997,-12667.365,-4201.47
-10825.965,-11628.404999999999,-22326.165,-6469.695,484.91999999999996,-30126.329999999998,-12707.685,-4196.25
-10848.6,-11653.02,-22334.04,-6497.639999999999,461.025,-30144.465,-12750.975,-4217.13
-10839.465,-11639.34,-22325.265,-6482.925,486.945,-30118.86,-12745.35,-4228.65
-10836.494999999999,-11634.074999999999,-22316.489999999998,-6469.74,511.965,-30108.69,-12755.34,-4234.86
-10816.515,-11623.59,-22311.405,-6473.295,504.71999999999997,-30101.219999999998,-12734.505,-4204.17
-10799.324999999999,-11612.654999999999,-22327.065,-6476.985,486.135,-30093.975,-12713.039999999999,-4182.93
-10829.609999999999,-11638.89,-22365.809999999998,-6533.639999999999,471.96,-30119.129999999997,-12735.72,-4213.305
-10844.955,-11651.715,-22369.59,-6580.3949999999995,487.395,-30137.895,-12725.505,-4218.21
-10834.965,-11632.455,-22323.51,-6440.355,534.285,-30107.52,-12701.744999999999,-4211.91
-10832.76,-11625.255,-22309.2,-6442.965,499.005,-30106.574999999997,-12721.904999999999,-4222.845
-10835.595,-11636.64,-22348.62,-6540.615,438.255,-30117.69,-12702.779999999999,-4222.62
-10828.664999999999,-11632.725,-22356.27,-6545.88,408.015,-30132.405,-12679.515,-4208.805
-10815.345,-11614.545,-22313.34,-6480.045,461.29499999999996,-30130.379999999997,-12707.595,-4200.57
-10817.324999999999,-11608.154999999999,-22290.93,-6398.73,531.585,-30113.55,-12742.02,-4212.72
-10845.045,-11636.1,-22326.885,-6461.505,476.46,-30145.68,-12727.395,-4239.315
-10831.23,-11625.48,-22329.945,-6515.235,424.89,-30186.899999999998,-12703.59,-4227.795
-10812.15,-11614.994999999999,-22326.975,-6513.884999999999,404.145,-30226.635,-12723.029999999999,-4198.1849999999995
-10838.25,-11643.885,-22349.295,-6488.505,450.63,-30166.425,-12790.529999999999,-4220.1449999999995
-10860.164999999999,-11664.585,-22357.89,-6463.215,509.17499999999995,-30067.515,-12775.275,-4246.38
-10825.38,-11632.994999999999,-22327.92,-6438.87,535.725,-30062.07,-12703.59,-4201.875
-10802.115,-11602.08,-22297.5,-6429.33,521.1899999999999,-30090.42,-12701.475,-4178.295
-10790.145,-11581.605,-22274.37,-6409.3949999999995,543.06,-30065.535,-12698.595,-4181.715
-10804.994999999999,-11594.205,-22287.69,-6431.58,508.995,-30141.045,-12730.455,-4198.365
-10849.59,-11647.26,-22345.379999999997,-6496.425,435.41999999999996,-30237.344999999998,-12813.119999999999,-4239.72
-10858.005,-11654.595,-22346.684999999998,-6485.67,476.325,-30129.39,-12808.484999999999,-4258.845
-10854.045,-11655.494999999999,-22345.785,-6474.465,508.275,-30050.73,-12683.16,-4242.78
-10808.73,-11606.175,-22297.77,-6435.585,524.61,-30059.28,-12610.35,-4181.04
-10785.285,-11586.914999999999,-22279.77,-6421.094999999999,523.26,-30108.239999999998,-12698.145,-4169.295
-10808.1,-11599.92,-22297.725,-6434.325,519.3,-30074.895,-12705.119999999999,-4212.045
-10841.76,-11637.18,-22335.75,-6478.065,491.76,-30057.39,-12660.345,-4228.74
-10834.695,-11652.93,-22349.655,-6483.915,503.72999999999996,-30069.0,-12672.449999999999,-4198.23
-10846.439999999999,-11667.6,-22370.085,-6500.07,491.895,-30090.42,-12724.335,-4206.51
-10844.82,-11646.225,-22350.195,-6496.92,473.085,-30123.09,-12735.0,-4215.78
-10848.645,-11653.02,-22349.385,-6501.69,440.55,-30174.614999999998,-12771.539999999999,-4223.88
-10846.17,-11655.765,-22353.885,-6506.594999999999,433.08,-30200.489999999998,-12775.185,-4222.3949999999995
-10808.955,-11624.175,-22320.0,-6458.355,511.46999999999997,-30102.03,-12701.835,-4189.005
-10800.855,-11616.345,-22299.93,-6409.62,594.495,-29991.375,-12619.619999999999,-4178.925
-10837.8,-11636.1,-22323.69,-6448.905,545.31,-30033.809999999998,-12684.689999999999,-4219.47
-10845.63,-11634.164999999999,-22331.879999999997,-6472.755,495.405,-30086.324999999997,-12755.475,-4241.745
-10821.689999999999,-11604.015,-22292.235,-6435.63,522.4499999999999,-30092.175,-12747.195,-4225.23
-10816.38,-11617.064999999999,-22319.864999999998,-6473.34,467.685,-30162.69,-12720.285,-4187.745
-10830.42,-11638.17,-22349.61,-6510.87,427.09499999999997,-30193.335,-12706.244999999999,-4191.03
-10841.939999999999,-11649.869999999999,-22356.945,-6506.1449999999995,454.22999999999996,-30138.704999999998,-12697.244999999999,-4210.514999999999
-10838.609999999999,-11639.07,-22339.305,-6477.12,501.705,-30066.39,-12678.164999999999,-4215.375
-10816.154999999999,-11617.154999999999,-22335.254999999997,-6462.2699999999995,508.455,-30077.91,-12692.835,-4194.72
-10767.015,-11561.805,-22292.64,-6410.655,558.495,-30055.454999999998,-12701.88,-4164.885
-10777.095,-11563.965,-22264.92,-6396.57,576.72,-30023.864999999998,-12682.439999999999,-4183.0199999999995
-10842.705,-11642.984999999999,-22326.254999999997,-6486.075,476.23499999999996,-30112.155,-12689.64,-4221.54
-10854.945,-11667.195,-22369.364999999998,-6527.25,435.91499999999996,-30152.34,-12719.295,-4216.995
-10836.404999999999,-11643.119999999999,-22361.04,-6517.259999999999,454.77,-30109.995,-12725.189999999999,-4216.1849999999995
-10827.9,-11629.664999999999,-22351.454999999998,-6506.594999999999,467.37,-30118.86,-12760.335,-4219.47
-10824.705,-11620.89,-22312.305,-6469.785,506.88,-30124.934999999998,-12728.07,-4216.59
-10809.945,-11607.255,-22281.885,-6425.37,537.84,-30087.719999999998,-12690.09,-4198.139999999999
-10815.074999999999,-11624.039999999999,-22313.34,-6459.255,478.935,-30103.965,-12709.395,-4195.17
-10856.115,-11664.539999999999,-22362.93,-6519.69,430.335,-30162.059999999998,-12763.845,-4242.195
-10870.199999999999,-11677.68,-22375.035,-6530.04,434.15999999999997,-30175.92,-12763.484999999999,-4261.815
-10842.975,-11645.91,-22349.52,-6494.445,472.455,-30163.32,-12770.775,-4244.985
-10824.975,-11623.59,-22328.055,-6435.9,516.24,-30104.324999999997,-12730.095,-4227.615
-10836.314999999999,-11629.395,-22330.44,-6447.96,501.93,-30093.75,-12718.845,-4238.055
-10826.324999999999,-11629.574999999999,-22327.92,-6510.599999999999,497.7,-30135.87,-12759.39,-4201.47
-10817.279999999999,-11629.574999999999,-22328.82,-6535.98,469.48499999999996,-30162.555,-12762.314999999999,-4175.82
-10830.015,-11638.619999999999,-22326.3,-6469.695,455.805,-30189.87,-12797.414999999999,-4202.28
-10822.545,-11622.96,-22320.629999999997,-6481.349999999999,425.96999999999997,-30212.684999999998,-12807.135,-4210.065
-10812.24,-11618.91,-22331.969999999998,-6493.275,478.755,-30143.565,-12695.805,-4185.315
-10801.215,-11601.81,-22308.524999999998,-6464.115,534.06,-30094.11,-12677.49,-4180.724999999999
-10821.779999999999,-11610.81,-22308.885,-6444.405,498.41999999999996,-30152.204999999998,-12713.13,-4215.6449999999995
-10824.57,-11608.244999999999,-22305.69,-6450.165,440.37,-30173.265,-12695.76,-4227.255
-10786.23,-11581.515,-22285.215,-6434.82,462.06,-30127.815,-12651.57,-4172.8949999999995
-10723.77,-11523.105,-22238.684999999998,-6408.9,521.415,-30121.829999999998,-12661.064999999999,-4105.62
-10734.39,-11528.055,-22258.44,-6409.304999999999,553.095,-30093.84,-12688.425,-4138.514999999999
-10823.175,-11606.895,-22313.655,-6414.57,616.005,-29933.145,-12682.529999999999,-4228.2
-10920.33,-11716.74,-22388.535,-6485.759999999999,514.485,-29996.864999999998,-12645.359999999999,-4281.12
-10909.305,-11723.265,-22400.145,-6526.3949999999995,425.43,-30136.004999999997,-12741.48,-4263.57
-10880.505,-11696.13,-22396.59,-6541.785,417.73499999999996,-30190.635,-12814.335,-4247.82
-10849.05,-11661.705,-22354.605,-6494.94,465.57,-30148.649999999998,-12747.914999999999,-4229.46
-10875.824999999999,-11679.39,-22380.39,-6507.675,469.44,-30093.84,-12671.1,-4262.3099999999995
-10891.98,-11686.859999999999,-22372.649999999998,-6504.84,474.84,-30075.48,-12641.355,-4265.639999999999
-10802.565,-11615.984999999999,-22305.105,-6438.87,526.68,-30075.975,-12730.59,-4175.82
-10782.225,-11582.46,-22281.254999999997,-6422.219999999999,532.935,-30098.43,-12770.685,-4167.405
-10830.465,-11612.34,-22310.55,-6455.61,505.53,-30123.539999999997,-12738.24,-4224.78
-10863.0,-11660.445,-22352.129999999997,-6492.33,476.775,-30130.02,-12740.984999999999,-4247.37
-10839.465,-11652.3,-22351.23,-6494.355,465.21,-30122.82,-12729.33,-4200.255
-10786.59,-11591.055,-22300.559999999998,-6450.84,490.995,-30117.555,-12700.755,-4154.805
-10766.07,-11551.635,-22252.725,-6410.07,524.115,-30116.385,-12735.539999999999,-4163.264999999999
-10797.48,-11573.73,-22263.57,-6418.17,530.9549999999999,-30086.864999999998,-12751.064999999999,-4200.795
-10829.34,-11624.13,-22315.14,-6450.03,530.37,-30042.899999999998,-12699.27,-4210.83
-10825.38,-11639.205,-22330.44,-6457.005,517.4549999999999,-30082.635,-12709.664999999999,-4204.3949999999995
-10840.455,-11642.4,-22335.57,-6463.17,513.0,-30091.905,-12735.225,-4227.12
-10848.555,-11642.265,-22341.375,-6483.78,482.76,-30120.39,-12702.015,-4217.13
-10834.83,-11637.135,-22343.67,-6487.875,476.82,-30132.405,-12695.355,-4199.355
-10803.6,-11591.369999999999,-22291.155,-6436.485,531.495,-30070.664999999997,-12670.38,-4179.15
-10785.06,-11568.06,-22264.379999999997,-6417.45,545.805,-30044.655,-12679.605,-4179.105
-10835.414999999999,-11629.26,-22331.34,-6495.165,461.205,-30114.629999999997,-12682.17,-4211.415
-10851.48,-11650.32,-22359.6,-6519.96,442.26,-30137.085,-12709.17,-4223.655
-10841.984999999999,-11634.435,-22341.555,-6477.615,495.9,-30128.445,-12741.029999999999,-4231.08
-10833.435,-11629.215,-22334.445,-6467.715,491.895,-30187.574999999997,-12766.77,-4221.945
-10833.255,-11636.64,-22343.309999999998,-6492.6449999999995,451.97999999999996,-30225.87,-12767.13,-4209.48
-10839.42,-11646.314999999999,-22357.575,-6493.905,468.405,-30117.96,-12715.605,-4203.09
-10830.779999999999,-11628.494999999999,-22337.594999999998,-6466.365,497.025,-30084.3,-12691.215,-4204.215
-10839.465,-11639.16,-22358.745,-6494.625,457.78499999999997,-30152.295,-12741.255,-4221.63
-10853.189999999999,-11663.279999999999,-22390.605,-6530.445,437.31,-30157.829999999998,-12721.725,-4229.639999999999
-10849.949999999999,-11647.17,-22344.84,-6507.45,471.28499999999997,-30094.965,-12642.615,-4229.099999999999
-10840.14,-11636.279999999999,-22326.57,-6509.745,467.09999999999997,-30112.829999999998,-12685.545,-4222.125
-10814.67,-11615.49,-22321.71,-6494.67,486.35999999999996,-30124.17,-12754.8,-4201.47
-10815.345,-11620.17,-22326.524999999998,-6473.88,466.65,-30130.155,-12727.89,-4197.78
-10776.555,-11580.885,-22292.28,-6420.554999999999,496.215,-30147.57,-12762.72,-4164.57
-10804.32,-11602.98,-22321.17,-6482.88,425.07,-30296.61,-12862.08,-4211.055
-10868.715,-11677.59,-22401.719999999998,-6588.045,347.805,-30371.265,-12906.81,-4257.72
-10838.564999999999,-11644.335,-22352.085,-6502.41,455.21999999999997,-30182.67,-12785.039999999999,-4228.47
-10820.52,-11619.63,-22302.629999999997,-6454.71,530.55,-30043.035,-12669.029999999999,-4206.87
-10840.68,-11649.42,-22342.32,-6488.054999999999,508.185,-30077.145,-12652.74,-4213.305
-10839.689999999999,-11644.38,-22353.614999999998,-6478.965,523.4399999999999,-30048.434999999998,-12676.68,-4225.59
-10810.71,-11601.585,-22315.95,-6463.349999999999,568.17,-30025.17,-12722.715,-4214.655
-10805.895,-11592.72,-22285.44,-6444.2699999999995,570.24,-30040.605,-12742.154999999999,-4200.93
-10843.92,-11654.595,-22351.32,-6479.73,501.65999999999997,-30090.51,-12681.765,-4198.05
-10840.05,-11644.65,-22335.03,-6449.175,487.395,-30079.395,-12669.57,-4203.45
-10833.57,-11629.395,-22322.07,-6443.955,518.805,-30082.86,-12719.115,-4219.38
-10831.68,-11630.43,-22336.469999999998,-6476.67,511.83,-30114.719999999998,-12763.529999999999,-4224.42
-10838.115,-11642.805,-22379.67,-6529.05,447.97499999999997,-30148.965,-12753.314999999999,-4224.96
-10814.58,-11608.83,-22356.765,-6487.695,479.655,-30092.715,-12714.119999999999,-4211.28
-10759.14,-11539.395,-22254.03,-6378.255,574.11,-30019.004999999997,-12702.24,-4181.4
-10756.71,-11549.205,-22212.405,-6340.005,601.6949999999999,-30025.079999999998,-12673.215,-4155.3
-10759.994999999999,-11565.539999999999,-22246.695,-6399.2699999999995,522.135,-30101.67,-12668.49,-4128.615
-10762.605,-11562.66,-22255.335,-6401.07,533.835,-30094.649999999998,-12691.8,-4149.72
-10876.59,-11685.24,-22383.09,-6523.514999999999,431.325,-30168.09,-12709.664999999999,-4245.974999999999
-10947.465,-11757.465,-22457.07,-6604.469999999999,346.455,-30222.495,-12687.48,-4314.96
-10898.324999999999,-11692.439999999999,-22385.295,-6528.78,429.34499999999997,-30143.565,-12646.484999999999,-4285.349999999999
-10791.675,-11584.305,-22278.42,-6419.115,552.015,-30045.78,-12743.82,-4187.97
-10791.404999999999,-11583.81,-22276.62,-6422.4,533.6999999999999,-30116.655,-12855.914999999999,-4191.48
-10877.265,-11678.49,-22371.48,-6514.83,437.31,-30242.024999999998,-12897.855,-4271.58
-10866.06,-11674.98,-22370.579999999998,-6504.165,466.335,-30163.004999999997,-12763.574999999999,-4245.974999999999
-10818.494999999999,-11625.48,-22330.665,-6470.37,508.185,-30061.079999999998,-12678.029999999999,-4193.28
-10815.345,-11617.605,-22324.77,-6475.634999999999,485.145,-30141.989999999998,-12753.135,-4195.17
-10835.414999999999,-11634.93,-22336.335,-6493.815,450.9,-30194.324999999997,-12755.789999999999,-4213.349999999999
-10849.455,-11647.35,-22344.704999999998,-6498.045,452.655,-30158.864999999998,-12724.695,-4220.37
-10841.31,-11638.619999999999,-22329.945,-6466.815,509.17499999999995,-30051.315,-12630.105,-4206.555
-10836.855,-11629.08,-22316.535,-6441.705,535.365,-30045.78,-12672.765,-4215.69
-10805.22,-11608.965,-22312.305,-6454.125,503.37,-30090.78,-12705.57,-4188.42
-10769.94,-11563.289999999999,-22275.989999999998,-6433.11,504.22499999999997,-30110.715,-12691.08,-4170.0599999999995
-10789.515,-11574.494999999999,-22278.329999999998,-6437.655,495.99,-30140.774999999998,-12702.869999999999,-4188.15
-10849.095,-11645.46,-22347.54,-6501.195,459.04499999999996,-30158.145,-12758.085,-4230.36
-10843.154999999999,-11643.975,-22349.79,-6500.295,472.185,-30116.655,-12757.275,-4225.32
-10820.43,-11615.265,-22318.739999999998,-6463.665,506.43,-30069.855,-12717.225,-4215.465
-10859.715,-11664.314999999999,-22367.25,-6514.469999999999,452.88,-30132.36,-12711.645,-4230.18
-10851.975,-11660.715,-22364.82,-6503.264999999999,476.19,-30137.805,-12732.074999999999,-4219.47
-10833.255,-11635.154999999999,-22339.125,-6478.11,505.16999999999996,-30125.114999999998,-12740.445,-4211.19
-10818.765,-11617.154999999999,-22320.54,-6461.28,515.115,-30160.079999999998,-12726.72,-4196.205
-10807.56,-11608.515,-22312.89,-6453.405,519.615,-30165.03,-12727.845,-4189.365
-10794.645,-11594.789999999999,-22301.954999999998,-6428.5199999999995,526.86,-30094.379999999997,-12719.16,-4182.255
-10809.27,-11608.515,-22318.469999999998,-6444.0,489.10499999999996,-30043.62,-12702.24,-4191.165
-10842.029999999999,-11653.02,-22378.23,-6519.24,442.84499999999997,-30083.129999999997,-12707.55,-4212.945
-10836.765,-11638.664999999999,-22346.28,-6494.625,492.255,-30091.86,-12751.515,-4225.724999999999
-10851.164999999999,-11637.225,-22304.745,-6446.745,501.615,-30076.02,-12770.01,-4244.49
-10852.244999999999,-11632.545,-22318.02,-6454.53,504.495,-30092.265,-12742.335,-4243.59
-10837.619999999999,-11629.08,-22328.37,-6472.53,498.91499999999996,-30106.26,-12716.505,-4217.49
-10830.824999999999,-11637.99,-22342.815,-6501.24,454.09499999999997,-30130.559999999998,-12712.545,-4205.385
-10833.705,-11641.949999999999,-22353.39,-6521.58,437.76,-30138.975,-12696.525,-4210.155
-10846.17,-11647.619999999999,-22362.614999999998,-6533.865,450.135,-30130.559999999998,-12714.119999999999,-4229.595
-10842.795,-11636.189999999999,-22347.495,-6520.7699999999995,500.445,-30115.844999999998,-12731.49,-4231.125
-10833.795,-11633.984999999999,-22346.55,-6520.139999999999,520.605,-30101.76,-12729.15,-4212.945
-10829.744999999999,-11624.039999999999,-22338.0,-6489.675,487.66499999999996,-30097.305,-12701.744999999999,-4219.0199999999995
-10835.595,-11626.515,-22338.045,-6429.78,478.16999999999996,-30125.52,-12660.164999999999,-4224.555
-10813.77,-11612.97,-22339.26,-6424.92,508.005,-30143.879999999997,-12731.355,-4191.165
-10823.49,-11634.885,-22367.879999999997,-6478.695,501.39,-30144.239999999998,-12796.785,-4192.695
-10828.845,-11635.83,-22344.3,-6487.38,487.395,-30150.449999999997,-12784.635,-4207.545
-10816.02,-11617.289999999999,-22306.32,-6480.315,451.34999999999997,-30174.344999999998,-12754.71,-4198.815
-10811.115,-11606.67,-22305.78,-6460.965,477.85499999999996,-30109.949999999997,-12722.939999999999,-4198.7699999999995
-10806.75,-11596.59,-22294.934999999998,-6431.04,516.645,-30037.454999999998,-12739.68,-4208.805
-10811.07,-11586.734999999999,-22280.85,-6408.09,526.77,-30095.414999999997,-12782.07,-4232.025
-10856.295,-11647.98,-22343.625,-6476.985,483.21,-30172.635,-12747.645,-4234.815
-10831.725,-11642.49,-22334.895,-6457.59,521.415,-30125.295,-12738.779999999999,-4207.005
-10799.324999999999,-11618.91,-22313.655,-6430.86,540.045,-30047.94,-12652.02,-4166.1449999999995
-10802.205,-11605.455,-22312.53,-6457.365,505.03499999999997,-30078.09,-12669.345,-4165.065
-10859.13,-11653.785,-22362.21,-6524.639999999999,426.51,-30169.8,-12786.84,-4240.44
-10867.904999999999,-11656.755,-22365.629999999997,-6523.245,415.08,-30202.469999999998,-12783.195,-4256.955
-10841.49,-11646.81,-22357.98,-6498.045,450.135,-30135.645,-12684.015,-4215.014999999999
-10779.57,-11584.619999999999,-22295.43,-6426.9,540.405,-30040.605,-12666.195,-4154.94
-10838.789999999999,-11634.75,-22344.48,-6482.115,484.28999999999996,-30115.305,-12747.24,-4203.8099999999995
-10837.484999999999,-11632.23,-22335.21,-6470.955,487.53,-30118.949999999997,-12723.48,-4209.3
-10830.15,-11618.369999999999,-22323.375,-6462.09,496.935,-30113.324999999997,-12710.295,-4213.17
-10853.1,-11630.43,-22332.015,-6467.49,492.21,-30123.539999999997,-12732.345,-4255.29
-10872.18,-11637.585,-22329.765,-6464.745,491.085,-30130.11,-12764.43,-4299.389999999999
-10845.855,-11612.654999999999,-22314.69,-6458.49,478.62,-30153.914999999997,-12750.074999999999,-4275.8099999999995
-10830.914999999999,-11639.205,-22355.594999999998,-6499.035,450.405,-30160.53,-12693.645,-4188.51
-10815.615,-11635.515,-22353.84,-6496.695,464.13,-30130.289999999997,-12718.845,-4149.09
-10821.51,-11629.395,-22345.065,-6487.065,471.78,-30148.065,-12766.814999999999,-4182.12
-10826.46,-11629.755,-22343.625,-6477.57,499.905,-30094.199999999997,-12716.82,-4204.17
-10843.515,-11642.625,-22354.245,-6488.19,485.865,-30093.795,-12722.265,-4215.195
-10846.395,-11644.38,-22358.204999999998,-6507.0,442.08,-30135.015,-12716.369999999999,-4215.33
-10823.939999999999,-11624.67,-22335.975,-6479.1449999999995,493.065,-30082.23,-12685.23,-4191.255
-10811.88,-11609.955,-22311.135,-6451.92,549.72,-30040.605,-12674.43,-4182.165
-10798.065,-11590.154999999999,-22292.91,-6415.335,566.3249999999999,-30062.969999999998,-12686.895,-4175.639999999999
-10823.265,-11610.27,-22315.68,-6444.36,522.135,-30104.055,-12725.369999999999,-4203.18
-10853.55,-11641.994999999999,-22342.59,-6476.535,495.71999999999997,-30107.204999999998,-12744.494999999999,-4230.945
-10832.31,-11611.08,-22309.469999999998,-6438.0599999999995,538.1999999999999,-30081.42,-12752.685,-4228.425
-10820.744999999999,-11592.18,-22292.864999999998,-6422.13,532.8,-30083.579999999998,-12734.189999999999,-4222.845
-10824.164999999999,-11615.49,-22326.254999999997,-6469.38,486.495,-30111.12,-12707.234999999999,-4197.78
-10827.18,-11634.029999999999,-22348.89,-6506.28,452.96999999999997,-30146.895,-12710.52,-4184.1449999999995
-10815.84,-11617.515,-22335.614999999998,-6510.69,463.54499999999996,-30129.344999999998,-12719.564999999999,-4190.175
-10824.975,-11626.875,-22347.989999999998,-6518.88,458.145,-30148.649999999998,-12741.255,-4215.465
-10853.145,-11666.295,-22396.59,-6526.44,436.09499999999997,-30158.91,-12750.164999999999,-4240.71
-10838.43,-11649.734999999999,-22387.32,-6461.37,478.66499999999996,-30111.254999999997,-12720.15,-4214.79
-10802.699999999999,-11597.355,-22328.37,-6437.295,558.36,-30050.55,-12679.02,-4179.195
-10829.97,-11617.74,-22312.98,-6460.92,524.025,-30083.355,-12687.21,-4201.0199999999995
-10805.715,-11595.51,-22298.489999999998,-6457.634999999999,518.895,-30099.78,-12729.914999999999,-4187.34
-10787.445,-11594.88,-22346.594999999998,-6493.5,499.995,-30125.655,-12719.385,-4171.59
-10810.17,-11626.02,-22379.219999999998,-6548.67,446.53499999999997,-30177.989999999998,-12742.154999999999,-4192.29
-10839.51,-11640.869999999999,-22342.364999999998,-6519.735,449.82,-30155.219999999998,-12757.949999999999,-4218.795
-10824.57,-11618.234999999999,-22313.385,-6453.179999999999,530.1899999999999,-30077.55,-12723.93,-4210.425
-10829.52,-11623.095,-22329.045,-6411.33,569.2049999999999,-30087.675,-12679.605,-4205.79
-10821.195,-11607.525,-22309.469999999998,-6434.099999999999,555.93,-30079.26,-12666.24,-4201.335
-10807.425,-11591.865,-22298.04,-6453.764999999999,467.28,-30115.53,-12715.02,-4201.47
-10834.695,-11620.484999999999,-22331.835,-6477.84,429.21,-30147.75,-12729.015,-4227.345
-10848.914999999999,-11642.4,-22358.52,-6490.17,438.885,-30140.145,-12734.505,-4231.845
-10836.72,-11629.439999999999,-22333.32,-6478.695,472.995,-30120.03,-12742.244999999999,-4218.03
-10812.33,-11605.365,-22318.649999999998,-6482.7,482.84999999999997,-30131.64,-12752.055,-4198.815
-10792.305,-11598.84,-22317.614999999998,-6445.44,507.555,-30123.09,-12713.939999999999,-4161.599999999999
-10791.855,-11589.255,-22297.32,-6422.13,510.75,-30113.19,-12742.605,-4172.22
-10818.045,-11613.42,-22319.19,-6456.105,493.335,-30088.754999999997,-12735.27,-4201.0199999999995
-10842.615,-11635.244999999999,-22339.44,-6470.775,482.98499999999996,-30148.245,-12785.805,-4228.83
-10858.185,-11643.48,-22354.29,-6491.205,453.10499999999996,-30219.66,-12848.805,-4252.815
-10850.49,-11638.755,-22354.92,-6498.495,439.38,-30216.375,-12793.41,-4243.905
-10825.289999999999,-11619.855,-22333.815,-6485.625,445.005,-30201.21,-12711.6,-4207.59
-10823.13,-11637.359999999999,-22349.34,-6491.79,455.445,-30166.785,-12685.275,-4183.605
-10809.765,-11619.539999999999,-22321.665,-6446.79,521.595,-30082.5,-12709.664999999999,-4187.295
-10831.185,-11617.785,-22323.51,-6455.5199999999995,519.795,-30043.934999999998,-12695.039999999999,-4217.264999999999
-10836.63,-11615.4,-22330.26,-6475.32,501.75,-30068.235,-12712.59,-4214.205
-10816.74,-11599.289999999999,-22313.655,-6460.65,508.04999999999995,-30085.829999999998,-12730.23,-4202.639999999999
-10833.074999999999,-11631.689999999999,-22338.18,-6480.2699999999995,473.265,-30139.065,-12694.14,-4194.0
-10811.07,-11623.095,-22335.03,-6481.08,437.085,-30205.664999999997,-12740.58,-4180.139999999999
-10803.914999999999,-11601.765,-22314.465,-6458.759999999999,471.33,-30143.969999999998,-12720.824999999999,-4184.91
-10802.43,-11586.689999999999,-22300.559999999998,-6428.115,557.685,-30037.094999999998,-12682.8,-4198.815
-10823.085,-11593.395,-22286.024999999998,-6403.995,592.605,-30019.004999999997,-12634.064999999999,-4239.495
-10812.69,-11586.779999999999,-22290.434999999998,-6420.33,551.61,-30058.559999999998,-12619.71,-4209.075
-10809.539999999999,-11603.115,-22317.03,-6459.974999999999,507.73499999999996,-30095.684999999998,-12757.5,-4172.805
-10898.414999999999,-11702.52,-22419.54,-6553.665,429.93,-30151.574999999997,-12830.715,-4260.78
-10873.484999999999,-11662.83,-22376.114999999998,-6506.55,485.90999999999997,-30091.004999999997,-12778.154999999999,-4243.68
-10831.59,-11607.525,-22315.364999999998,-6446.835,527.805,-30078.855,-12741.074999999999,-4215.465
-10837.484999999999,-11625.074999999999,-22338.18,-6475.7699999999995,494.01,-30102.164999999997,-12702.869999999999,-4205.25
-10844.1,-11633.445,-22348.26,-6489.719999999999,470.29499999999996,-30117.555,-12703.32,-4216.455
-10847.835,-11640.645,-22352.805,-6481.575,495.945,-30088.079999999998,-12678.93,-4211.28
-10828.574999999999,-11610.99,-22314.645,-6446.655,531.675,-30074.489999999998,-12695.895,-4197.87
-10809.449999999999,-11593.71,-22300.02,-6449.715,521.37,-30081.329999999998,-12693.465,-4178.295
-10824.164999999999,-11611.89,-22327.739999999998,-6489.9,484.245,-30107.745,-12706.109999999999,-4197.465
-10838.88,-11637.494999999999,-22357.98,-6512.535,457.38,-30125.43,-12729.24,-4213.665
-10827.765,-11627.685,-22350.96,-6507.764999999999,457.10999999999996,-30133.17,-12736.619999999999,-4195.215
-10827.494999999999,-11612.115,-22323.87,-6480.99,477.585,-30137.219999999998,-12734.73,-4193.37
-10843.109999999999,-11634.164999999999,-22336.245,-6454.844999999999,511.155,-30114.27,-12721.77,-4214.43
-10822.275,-11618.865,-22326.344999999998,-6463.844999999999,500.085,-30107.52,-12704.13,-4196.925
-10821.105,-11620.305,-22335.48,-6481.304999999999,489.375,-30118.454999999998,-12709.845,-4190.67
-10825.244999999999,-11619.225,-22337.415,-6479.1449999999995,489.825,-30121.785,-12718.529999999999,-4198.32
-10820.654999999999,-11612.295,-22332.825,-6465.6449999999995,492.84,-30126.329999999998,-12732.885,-4202.1449999999995
-10822.725,-11619.945,-22348.035,-6481.3949999999995,468.09,-30134.61,-12742.605,-4204.755
-10830.06,-11626.65,-22345.065,-6471.99,485.82,-30123.539999999997,-12739.005,-4209.345
-10838.115,-11630.16,-22346.954999999998,-6451.38,502.515,-30105.539999999997,-12723.39,-4213.125
-10842.255,-11636.189999999999,-22371.39,-6481.485,475.335,-30110.309999999998,-12707.685,-4214.97
-10843.38,-11639.115,-22374.719999999998,-6551.235,468.99,-30114.495,-12688.425,-4213.305
-10828.71,-11617.244999999999,-22326.975,-6535.08,477.18,-30136.905,-12710.295,-4207.59
-10820.205,-11617.02,-22353.21,-6525.8099999999995,467.37,-30149.1,-12723.435,-4196.925
-10810.845,-11611.8,-22373.28,-6502.32,440.28,-30193.605,-12779.685,-4197.87
-10797.615,-11584.17,-22313.34,-6446.34,439.46999999999997,-30236.175,-12857.805,-4209.345
-10782.404999999999,-11551.77,-22241.745,-6395.58,508.68,-30164.265,-12828.51,-4201.74
-10826.775,-11608.965,-22303.35,-6443.73,523.395,-30035.925,-12667.005,-4208.58
-10831.365,-11621.25,-22323.059999999998,-6432.48,535.23,-30026.07,-12628.71,-4190.535
-10821.96,-11612.34,-22325.579999999998,-6457.005,498.78,-30129.704999999998,-12734.64,-4194.855
-10822.59,-11611.215,-22327.065,-6498.0,468.71999999999997,-30174.75,-12785.67,-4210.0199999999995
-10793.025,-11567.115,-22267.26,-6493.1849999999995,471.10499999999996,-30147.39,-12777.705,-4199.58
-10806.255,-11571.164999999999,-22267.754999999997,-6453.495,443.60999999999996,-30156.57,-12754.89,-4217.49
-10848.33,-11627.055,-22318.065,-6452.865,472.815,-30162.824999999997,-12740.4,-4227.93
-10822.59,-11612.295,-22305.465,-6438.509999999999,507.195,-30133.98,-12734.55,-4180.815
-10824.21,-11611.215,-22306.905,-6449.8949999999995,514.4399999999999,-30029.85,-12706.515,-4199.76
-10867.14,-11657.654999999999,-22339.665,-6486.974999999999,497.655,-29987.19,-12699.404999999999,-4244.49
-10867.5,-11665.619999999999,-22352.715,-6493.094999999999,468.04499999999996,-30040.02,-12689.279999999999,-4226.849999999999
-10822.994999999999,-11616.75,-22310.415,-6461.82,486.04499999999996,-30067.965,-12657.42,-4176.09
-10805.31,-11592.18,-22287.015,-6438.87,517.635,-30055.004999999997,-12659.13,-4165.065
-10831.14,-11625.615,-22327.559999999998,-6468.255,493.02,-30113.91,-12695.76,-4200.21
-10861.154999999999,-11655.18,-22367.07,-6493.545,485.325,-30109.5,-12671.279999999999,-4232.385
-10840.185,-11621.88,-22333.004999999997,-6468.974999999999,512.73,-30036.735,-12657.195,-4216.635
-10811.475,-11599.695,-22316.895,-6460.74,498.33,-30106.485,-12742.289999999999,-4190.715
-10798.92,-11579.039999999999,-22291.739999999998,-6432.48,515.655,-30122.91,-12742.064999999999,-4188.195
-10806.705,-11583.045,-22294.754999999997,-6428.745,527.355,-30106.664999999997,-12722.939999999999,-4205.655
-10829.43,-11623.949999999999,-22322.879999999997,-6447.24,520.38,-30101.039999999997,-12736.305,-4223.88
-10875.33,-11700.404999999999,-22416.48,-6531.929999999999,456.57,-30123.585,-12749.175,-4239.36
-10889.189999999999,-11677.949999999999,-22389.84,-6521.4,464.445,-30112.965,-12702.51,-4256.235
-10867.904999999999,-11659.365,-22358.34,-6483.554999999999,497.745,-30103.649999999998,-12705.029999999999,-4251.915
-10800.63,-11574.855,-22288.05,-6426.224999999999,531.27,-30111.795,-12805.289999999999,-4207.41
-10771.875,-11536.154999999999,-22257.585,-6411.69,533.0699999999999,-30105.945,-12795.57,-4178.565
-10807.965,-11589.3,-22306.32,-6448.905,507.10499999999996,-30107.25,-12733.244999999999,-4187.655
-10880.414999999999,-11677.455,-22389.84,-6520.905,459.405,-30135.824999999997,-12659.984999999999,-4218.48
-10860.39,-11653.785,-22360.004999999997,-6492.78,483.57,-30107.475,-12659.58,-4208.445
-10804.725,-11596.365,-22313.16,-6440.355,528.885,-30075.524999999998,-12669.93,-4165.29
-10780.515,-11572.109999999999,-22316.579999999998,-6429.014999999999,539.8199999999999,-30090.375,-12701.43,-4155.84
-10798.92,-11593.89,-22348.17,-6464.655,511.56,-30112.065,-12726.855,-4178.205
-10846.89,-11644.064999999999,-22372.2,-6503.625,469.935,-30132.045,-12733.695,-4218.57
-10863.404999999999,-11659.455,-22380.75,-6542.054999999999,433.53,-30148.965,-12729.645,-4230.09
-10845.539999999999,-11648.52,-22386.015,-6558.3,429.03,-30162.329999999998,-12757.095,-4214.205
-10836.63,-11636.234999999999,-22361.625,-6526.44,460.79999999999995,-30137.489999999998,-12744.404999999999,-4208.67
-10833.975,-11618.234999999999,-22323.329999999998,-6470.73,498.96,-30124.079999999998,-12733.785,-4211.28
-10825.289999999999,-11606.49,-22311.54,-6414.57,519.75,-30118.23,-12732.164999999999,-4207.365
-10825.74,-11605.545,-22301.504999999997,-6405.57,512.91,-30108.645,-12739.32,-4208.849999999999
-10837.395,-11621.52,-22327.2,-6462.36,529.605,-30100.004999999997,-12736.17,-4219.5599999999995
-10838.835,-11628.63,-22357.98,-6488.19,499.455,-30133.215,-12769.515,-4222.665
-10827.494999999999,-11619.585,-22350.465,-6493.545,474.57,-30154.905,-12757.59,-4205.565
-10828.395,-11620.935,-22335.165,-6486.389999999999,470.60999999999996,-30154.815,-12711.96,-4196.61
-10831.095,-11624.31,-22337.504999999997,-6481.755,473.66999999999996,-30149.864999999998,-12702.015,-4202.415
-10829.97,-11621.115,-22334.219999999998,-6482.925,476.46,-30146.489999999998,-12712.545,-4208.04
-10815.39,-11606.895,-22321.754999999997,-6501.915,443.655,-30177.899999999998,-12731.939999999999,-4193.505
-10817.055,-11614.14,-22337.19,-6536.655,400.09499999999997,-30210.795,-12747.96,-4194.405
-10836.855,-11631.42,-22358.879999999997,-6517.62,433.16999999999996,-30166.379999999997,-12750.48,-4215.825
-10827.27,-11611.845,-22334.579999999998,-6445.08,523.935,-30088.754999999997,-12752.55,-4215.51
-10806.57,-11581.02,-22303.35,-6417.495,558.9,-30079.485,-12764.654999999999,-4210.0199999999995
-10811.97,-11572.83,-22287.78,-6420.96,557.28,-30081.87,-12739.32,-4230.0
-10834.064999999999,-11594.564999999999,-22302.585,-6448.32,519.21,-30122.145,-12708.675,-4236.21
-10813.545,-11598.074999999999,-22314.78,-6466.005,444.465,-30254.715,-12726.045,-4172.49
-10765.98,-11569.545,-22298.805,-6446.7,437.895,-30292.065,-12751.244999999999,-4122.764999999999
-10788.705,-11574.9,-22304.969999999998,-6453.36,467.955,-30200.085,-12746.97,-4189.5
-10830.33,-11610.314999999999,-22332.195,-6466.005,492.03,-30111.39,-12793.68,-4238.01
-10823.715,-11606.535,-22317.344999999998,-6440.175,544.3199999999999,-30037.004999999997,-12724.109999999999,-4210.605
-10845.494999999999,-11645.279999999999,-22353.48,-6465.465,540.54,-30000.645,-12707.189999999999,-4209.66
-10898.1,-11688.39,-22403.25,-6512.715,497.655,-30029.625,-12726.585,-4271.625
-10890.63,-11680.47,-22402.035,-6530.715,460.26,-30098.295,-12701.52,-4244.13
-10828.755,-11626.785,-22348.934999999998,-6482.205,493.46999999999997,-30092.399999999998,-12694.185,-4179.014999999999
-10820.295,-11621.115,-22343.67,-6478.065,489.15,-30099.015,-12699.81,-4175.1449999999995
-10851.345,-11656.845,-22375.71,-6507.224999999999,457.335,-30142.44,-12712.68,-4210.335
-10865.34,-11657.115,-22374.675,-6502.094999999999,478.935,-30126.42,-12716.46,-4232.385
-10825.154999999999,-11592.765,-22309.155,-6446.5199999999995,520.785,-30121.605,-12764.789999999999,-4219.83
-10808.324999999999,-11574.945,-22297.635,-6441.525,503.28,-30158.73,-12791.43,-4206.014999999999
-10837.395,-11614.23,-22330.89,-6469.065,489.87,-30135.015,-12743.055,-4211.82
-10839.96,-11619.449999999999,-22337.28,-6472.575,502.335,-30087.225,-12715.289999999999,-4218.4349999999995
-10852.92,-11636.1,-22354.379999999997,-6487.29,491.13,-30077.324999999997,-12667.365,-4225.455
-10871.234999999999,-11662.965,-22383.09,-6519.014999999999,447.075,-30134.43,-12677.13,-4220.595
-10828.17,-11618.91,-22337.82,-6476.625,481.995,-30127.68,-12705.705,-4186.62
-10807.65,-11589.57,-22301.145,-6427.755,545.355,-30083.67,-12727.439999999999,-4182.48
-10833.435,-11617.244999999999,-22331.114999999998,-6463.304999999999,496.935,-30132.855,-12737.654999999999,-4204.62
-10838.654999999999,-11634.885,-22350.6,-6482.655,481.22999999999996,-30130.155,-12733.47,-4201.245
-10809.404999999999,-11605.14,-22324.815,-6447.735,531.3149999999999,-30075.704999999998,-12745.619999999999,-4186.485
-10808.91,-11610.18,-22318.155,-6436.71,540.405,-30072.329999999998,-12760.965,-4200.21
-10811.205,-11610.09,-22331.565,-6455.969999999999,512.775,-30102.254999999997,-12724.695,-4195.08
-10835.414999999999,-11599.74,-22321.395,-6470.46,488.15999999999997,-30144.69,-12762.539999999999,-4214.385
-10867.185,-11643.029999999999,-22368.285,-6518.07,440.46,-30189.465,-12806.73,-4246.155
-10827.765,-11610.765,-22334.489999999998,-6475.95,484.78499999999997,-30135.735,-12729.6,-4202.6849999999995
-10804.545,-11582.46,-22303.8,-6438.735,523.8,-30103.199999999997,-12726.27,-4190.13
-10842.975,-11629.395,-22350.915,-6490.08,479.52,-30134.52,-12737.385,-4216.005
-10858.005,-11655.539999999999,-22391.91,-6535.53,437.805,-30154.274999999998,-12736.8,-4217.4
-10839.914999999999,-11653.83,-22412.655,-6541.065,438.255,-30138.93,-12713.31,-4195.215
-10822.185,-11628.494999999999,-22379.04,-6505.695,470.745,-30113.1,-12700.935,-4192.065
-10834.47,-11606.939999999999,-22318.065,-6452.19,520.875,-30100.905,-12711.779999999999,-4208.13
-10829.699999999999,-11604.24,-22311.45,-6460.514999999999,501.57,-30119.895,-12731.715,-4204.17
-10824.705,-11609.685,-22326.165,-6489.99,469.755,-30123.09,-12722.039999999999,-4194.18
-10826.64,-11617.965,-22347.495,-6514.469999999999,443.385,-30135.149999999998,-12729.734999999999,-4195.665
-10826.505,-11619.72,-22365.765,-6508.755,445.95,-30156.614999999998,-12746.789999999999,-4200.12
-10826.865,-11613.779999999999,-22359.285,-6449.58,513.09,-30146.129999999997,-12747.734999999999,-4203.54
-10818.045,-11602.17,-22341.195,-6448.545,537.255,-30131.91,-12734.055,-4196.655
-10819.935,-11594.97,-22307.94,-6460.065,532.0799999999999,-30121.695,-12731.49,-4202.82
-10825.74,-11594.609999999999,-22291.739999999998,-6442.785,499.85999999999996,-30126.87,-12744.045,-4215.195
-10817.82,-11588.535,-22299.39,-6442.29,482.98499999999996,-30138.254999999997,-12768.119999999999,-4210.965
-10823.49,-11601.63,-22316.579999999998,-6475.094999999999,481.40999999999997,-30147.84,-12756.285,-4194.45
-10827.72,-11610.72,-22337.82,-6499.304999999999,477.63,-30138.344999999998,-12764.564999999999,-4198.7699999999995
-10813.32,-11586.015,-22309.02,-6467.849999999999,494.01,-30118.905,-12721.32,-4202.415
-10791.63,-11563.47,-22286.114999999998,-6474.014999999999,493.10999999999996,-30162.645,-12734.189999999999,-4189.59
-10815.705,-11597.175,-22328.864999999998,-6508.08,426.87,-30263.309999999998,-12815.01,-4204.889999999999
-10874.115,-11666.789999999999,-22393.934999999998,-6520.005,423.53999999999996,-30224.34,-12797.189999999999,-4235.715
-10875.105,-11663.955,-22380.75,-6489.36,481.09499999999997,-30126.96,-12704.13,-4228.38
-10860.75,-11630.115,-22339.215,-6455.88,509.805,-30109.995,-12674.25,-4243.545
-10831.14,-11603.789999999999,-22320.135,-6456.014999999999,487.08,-30132.225,-12680.01,-4221.09
-10808.82,-11598.615,-22329.495,-6479.865,440.055,-30225.105,-12820.769999999999,-4191.165
-10858.14,-11659.59,-22389.03,-6527.07,426.06,-30223.44,-12825.72,-4228.38
-10856.25,-11663.234999999999,-22380.885,-6487.38,526.095,-30061.079999999998,-12703.23,-4209.885
-10797.3,-11582.505,-22298.399999999998,-6414.525,587.745,-30006.495,-12695.895,-4166.955
-10789.83,-11560.14,-22273.065,-6403.95,559.53,-30056.355,-12767.58,-4187.655
-10820.16,-11608.83,-22325.805,-6458.4,502.695,-30108.375,-12762.945,-4201.695
-10808.73,-11604.015,-22331.34,-6462.2699999999995,513.045,-30066.75,-12640.23,-4169.43
-10785.869999999999,-11563.154999999999,-22283.594999999998,-6425.6849999999995,533.43,-30071.34,-12666.285,-4169.115
-10816.38,-11613.779999999999,-22333.68,-6472.304999999999,474.435,-30166.965,-12776.939999999999,-4187.385
-10836.404999999999,-11628.99,-22354.829999999998,-6498.54,450.27,-30179.52,-12812.13,-4210.605
-10855.305,-11635.695,-22360.725,-6502.1849999999995,473.13,-30096.315,-12707.189999999999,-4221.855
-10901.475,-11693.07,-22414.094999999998,-6543.315,449.41499999999996,-30101.039999999997,-12631.635,-4232.655
-10857.779999999999,-11640.689999999999,-22356.945,-6488.639999999999,478.48499999999996,-30146.985,-12696.435,-4214.79
-10855.08,-11627.01,-22338.629999999997,-6466.365,502.56,-30128.489999999998,-12717.27,-4223.43
-10838.295,-11615.49,-22330.754999999997,-6459.03,521.1899999999999,-30097.395,-12731.85,-4206.33
-10825.244999999999,-11603.34,-22322.655,-6457.95,508.59,-30128.76,-12757.455,-4205.835
-10838.88,-11622.24,-22344.57,-6482.565,479.52,-30154.454999999998,-12763.664999999999,-4220.055
-10854.63,-11646.765,-22367.52,-6498.2699999999995,473.53499999999997,-30142.44,-12739.635,-4219.785
-10845.0,-11634.84,-22349.024999999998,-6476.355,498.555,-30123.719999999998,-12725.955,-4204.845
-10833.164999999999,-11621.789999999999,-22341.465,-6470.82,502.83,-30122.64,-12738.42,-4202.055
-10833.164999999999,-11609.145,-22330.35,-6474.915,497.88,-30112.515,-12736.305,-4207.1849999999995
-10841.49,-11615.039999999999,-22332.329999999998,-6487.92,486.945,-30106.53,-12726.63,-4212.18
-10836.27,-11623.095,-22347.719999999998,-6517.17,458.865,-30131.73,-12726.27,-4203.764999999999
-10826.055,-11620.755,-22373.325,-6515.73,478.71,-30145.545,-12741.3,-4197.915
-10834.425,-11631.555,-22423.094999999998,-6503.625,492.03,-30152.295,-12777.93,-4214.115
-10840.814999999999,-11635.605,-22419.495,-6538.05,484.28999999999996,-30157.469999999998,-12786.029999999999,-4217.355
-10853.369999999999,-11637.0,-22352.265,-6556.59,467.505,-30148.965,-12729.24,-4210.605
-10844.865,-11620.17,-22311.855,-6480.179999999999,454.185,-30148.92,-12699.9,-4200.885
-10828.439999999999,-11608.56,-22321.26,-6456.42,504.945,-30125.114999999998,-12703.68,-4195.62
-10822.455,-11601.09,-22329.945,-6445.53,521.46,-30120.75,-12722.805,-4196.565
-10828.845,-11615.265,-22360.905,-6487.695,494.865,-30133.44,-12733.695,-4197.42
-10839.555,-11625.615,-22358.43,-6476.175,495.99,-30143.655,-12743.82,-4209.389999999999
-10842.615,-11625.255,-22344.39,-6492.014999999999,481.54499999999996,-30149.46,-12747.869999999999,-4213.845
-10829.205,-11603.295,-22331.34,-6480.764999999999,462.73499999999996,-30157.289999999997,-12744.72,-4215.105
-10826.64,-11593.215,-22337.82,-6466.455,484.875,-30161.789999999997,-12717.99,-4222.17
-10809.539999999999,-11582.865,-22315.004999999997,-6460.2,527.49,-30098.34,-12676.23,-4197.915
-10771.065,-11544.39,-22244.895,-6411.375,565.605,-30103.469999999998,-12836.115,-4171.41
-10826.369999999999,-11614.904999999999,-22330.079999999998,-6468.84,483.255,-30182.219999999998,-12806.865,-4200.165
-10848.015,-11639.654999999999,-22368.015,-6478.785,443.29499999999996,-30206.655,-12779.82,-4210.335
-10835.189999999999,-11612.925,-22334.265,-6450.03,477.585,-30171.149999999998,-12791.564999999999,-4211.28
-10832.039999999999,-11607.525,-22328.864999999998,-6457.679999999999,480.015,-30202.785,-12811.05,-4214.5199999999995
-10835.91,-11608.289999999999,-22331.565,-6473.384999999999,458.145,-30189.329999999998,-12785.22,-4216.32
-10803.015,-11578.545,-22296.645,-6438.014999999999,517.5,-30032.594999999998,-12636.855,-4172.58
-10749.465,-11513.97,-22217.805,-6366.87,589.4549999999999,-29982.6,-12662.82,-4144.005
-10860.48,-11635.289999999999,-22348.44,-6489.945,474.21,-30134.969999999998,-12778.56,-4238.82
-10900.574999999999,-11703.06,-22434.84,-6577.965,369.99,-30274.829999999998,-12840.705,-4239.045
-10855.08,-11658.015,-22384.844999999998,-6517.98,433.16999999999996,-30176.594999999998,-12704.265,-4196.07
-10847.43,-11649.869999999999,-22368.195,-6484.455,487.44,-30090.645,-12662.73,-4202.37
-10839.42,-11632.814999999999,-22363.515,-6487.92,494.145,-30092.579999999998,-12736.395,-4215.465
-10810.98,-11600.145,-22318.155,-6446.429999999999,526.275,-30072.87,-12749.039999999999,-4189.32
-10825.695,-11614.545,-22335.614999999998,-6462.315,513.675,-30083.579999999998,-12689.145,-4185.315
-10845.63,-11613.06,-22337.73,-6477.12,497.96999999999997,-30107.52,-12712.14,-4208.175
-10856.564999999999,-11638.439999999999,-22365.27,-6498.045,467.59499999999997,-30160.395,-12791.97,-4225.95
-10849.904999999999,-11641.185,-22367.79,-6497.415,467.955,-30155.445,-12815.64,-4221.315
-10825.244999999999,-11609.369999999999,-22315.59,-6440.94,521.505,-30090.42,-12720.555,-4203.99
-10790.64,-11542.005,-22260.69,-6390.2699999999995,576.495,-30040.335,-12674.564999999999,-4196.205
-10804.455,-11554.65,-22277.385,-6414.48,562.05,-30041.594999999998,-12692.025,-4197.285
-10826.91,-11612.88,-22344.03,-6478.2,496.215,-30125.879999999997,-12780.765,-4190.175
-10865.789999999999,-11653.83,-22382.415,-6521.67,443.655,-30177.225,-12783.105,-4221.855
-10890.9,-11677.005,-22401.765,-6537.69,431.01,-30179.34,-12777.119999999999,-4244.445
-10873.125,-11656.305,-22381.469999999998,-6511.634999999999,459.71999999999997,-30156.84,-12785.445,-4231.665
-10840.859999999999,-11621.34,-22346.145,-6467.804999999999,506.15999999999997,-30117.375,-12738.824999999999,-4205.79
-10809.765,-11586.914999999999,-22310.325,-6431.49,545.535,-30071.52,-12696.39,-4180.7699999999995
-10808.324999999999,-11572.244999999999,-22283.864999999998,-6420.285,546.435,-30077.28,-12718.35,-4186.665
-10840.455,-11619.99,-22344.66,-6489.2699999999995,459.22499999999997,-30172.23,-12734.55,-4203.54
-10867.68,-11658.645,-22391.28,-6541.469999999999,400.72499999999997,-30241.035,-12746.564999999999,-4223.745
-10876.005,-11665.395,-22397.67,-6546.014999999999,404.82,-30232.035,-12786.93,-4232.61
-10843.064999999999,-11624.355,-22352.94,-6490.44,480.555,-30136.364999999998,-12791.025,-4216.905
-10823.039999999999,-11596.545,-22315.995,-6446.655,527.805,-30098.655,-12776.4,-4205.25
-10838.744999999999,-11606.355,-22323.239999999998,-6452.235,529.6949999999999,-30105.135,-12796.064999999999,-4225.724999999999
-10848.645,-11622.465,-22341.645,-6476.715,493.245,-30132.855,-12782.205,-4226.355
-10829.07,-11614.994999999999,-22340.565,-6481.62,467.325,-30147.03,-12747.869999999999,-4196.205
-10828.439999999999,-11615.535,-22343.579999999998,-6489.945,449.325,-30183.434999999998,-12789.09,-4203.63
-10847.43,-11634.3,-22360.95,-6500.565,462.195,-30153.42,-12766.005,-4217.715
-10851.029999999999,-11643.48,-22370.535,-6507.179999999999,460.97999999999996,-30177.18,-12738.6,-4209.525
-10828.619999999999,-11622.6,-22355.28,-6508.44,420.79499999999996,-30274.92,-12784.545,-4201.155
-10803.42,-11585.115,-22320.54,-6479.82,442.03499999999997,-30240.405,-12807.045,-4187.385
-10810.08,-11585.97,-22312.934999999998,-6461.37,489.28499999999997,-30117.87,-12749.13,-4186.44
-10822.185,-11600.279999999999,-22318.29,-6445.889999999999,540.27,-30064.59,-12708.0,-4192.965
-10830.015,-11610.27,-22329.09,-6463.98,501.93,-30138.344999999998,-12730.5,-4201.5599999999995
-10806.615,-11585.205,-22303.62,-6444.764999999999,510.57,-30133.754999999997,-12734.414999999999,-4184.099999999999
-10819.484999999999,-11593.755,-22317.344999999998,-6452.955,514.62,-30069.765,-12757.77,-4216.995
-10877.039999999999,-11643.48,-22364.055,-6491.969999999999,493.245,-30067.605,-12724.56,-4270.23
-10872.765,-11637.045,-22354.739999999998,-6483.105,506.15999999999997,-30075.12,-12683.115,-4249.3949999999995
-10850.31,-11643.975,-22375.53,-6512.13,458.82,-30165.975,-12781.529999999999,-4201.29
-10863.63,-11670.39,-22405.59,-6541.469999999999,429.57,-30172.454999999998,-12743.82,-4204.8
-10822.814999999999,-11622.869999999999,-22359.42,-6479.594999999999,496.26,-30117.195,-12718.305,-4172.04
-10792.664999999999,-11576.609999999999,-22327.155,-6430.59,540.81,-30100.86,-12748.68,-4161.15
-10793.88,-11583.99,-22324.23,-6430.59,544.005,-30095.684999999998,-12784.095,-4181.715
-10795.455,-11581.38,-22293.09,-6417.315,555.48,-30084.48,-12767.445,-4187.07
-10801.98,-11557.98,-22263.795,-6414.48,536.895,-30102.21,-12690.765,-4181.22
-10815.435,-11570.805,-22286.7,-6429.78,511.245,-30143.07,-12718.619999999999,-4198.815
-10854.855,-11636.414999999999,-22364.145,-6506.955,441.63,-30186.0,-12756.015,-4210.92
-10827.81,-11623.005,-22359.78,-6485.535,505.71,-30087.405,-12752.369999999999,-4182.345
-10817.055,-11602.08,-22335.84,-6471.315,519.345,-30087.719999999998,-12740.67,-4189.365
-10845.945,-11637.314999999999,-22363.559999999998,-6499.215,479.745,-30127.905,-12762.135,-4211.639999999999
-10866.195,-11650.095,-22378.32,-6507.2699999999995,479.25,-30117.914999999997,-12734.595,-4228.92
-10836.09,-11617.109999999999,-22342.23,-6467.219999999999,505.16999999999996,-30123.945,-12704.58,-4201.92
-10821.555,-11590.74,-22322.79,-6459.615,505.215,-30131.594999999998,-12724.965,-4195.9349999999995
-10837.845,-11607.57,-22341.059999999998,-6482.429999999999,481.40999999999997,-30144.42,-12775.14,-4225.275
-10876.994999999999,-11649.645,-22383.135,-6520.41,442.62,-30176.82,-12804.39,-4268.43
-10875.24,-11647.8,-22382.46,-6522.795,426.41999999999996,-30226.094999999998,-12769.289999999999,-4257.18
-10857.869999999999,-11640.779999999999,-22378.094999999998,-6522.03,420.97499999999997,-30254.129999999997,-12759.39,-4215.51
-10818.09,-11598.525,-22333.23,-6480.9,480.33,-30165.12,-12827.519999999999,-4188.555
-10842.57,-11618.64,-22345.829999999998,-6496.11,508.68,-30061.62,-12751.695,-4208.085
-10843.02,-11623.365,-22354.92,-6510.554999999999,487.97999999999996,-30082.545,-12733.92,-4197.78
-10819.08,-11596.095,-22329.855,-6482.565,492.29999999999995,-30104.64,-12750.345,-4188.375
-10821.555,-11584.71,-22310.64,-6429.24,548.73,-30100.004999999997,-12777.93,-4215.6449999999995
-10853.865,-11607.074999999999,-22330.62,-6454.53,526.23,-30122.684999999998,-12812.939999999999,-4259.34
-10871.369999999999,-11641.23,-22370.805,-6508.53,468.0,-30147.12,-12746.43,-4242.465
-10837.305,-11629.26,-22366.665,-6494.219999999999,485.46,-30154.32,-12720.555,-4179.33
-10839.6,-11623.365,-22356.989999999998,-6459.795,555.435,-30113.1,-12739.59,-4196.34
-10840.14,-11612.34,-22344.614999999998,-6455.384999999999,555.03,-30118.32,-12781.215,-4219.605
-10841.805,-11630.205,-22363.2,-6501.915,512.505,-30158.594999999998,-12757.77,-4203.09
-10837.305,-11635.289999999999,-22374.675,-6536.969999999999,477.18,-30146.489999999998,-12677.22,-4187.655
-10825.83,-11621.88,-22375.305,-6517.665,444.51,-30157.289999999997,-12663.404999999999,-4184.6849999999995
-10838.654999999999,-11635.515,-22404.645,-6513.255,447.525,-30194.1,-12777.164999999999,-4198.905
-10854.72,-11634.66,-22392.0,-6487.83,477.85499999999996,-30216.239999999998,-12866.76,-4225.005
-10860.164999999999,-11619.539999999999,-22330.44,-6451.875,453.555,-30225.105,-12810.105,-4235.94
-10841.13,-11599.38,-22302.719999999998,-6457.545,426.645,-30215.385,-12770.145,-4227.57
-10767.24,-11544.119999999999,-22265.055,-6428.5199999999995,537.84,-30067.739999999998,-12737.34,-4151.25
-10748.565,-11524.41,-22264.695,-6422.849999999999,571.8149999999999,-30062.43,-12753.855,-4142.205
-10870.47,-11659.725,-22434.84,-6539.3099999999995,439.83,-30179.295,-12766.68,-4238.325
-10892.789999999999,-11685.555,-22431.915,-6537.554999999999,418.455,-30180.059999999998,-12764.744999999999,-4249.62
-10827.18,-11611.664999999999,-22322.52,-6461.91,485.865,-30120.164999999997,-12744.135,-4191.705
-10818.99,-11607.119999999999,-22316.715,-6457.455,502.065,-30111.39,-12727.305,-4183.47
-10822.23,-11609.865,-22332.87,-6466.95,497.88,-30138.75,-12721.77,-4186.755
-10809.18,-11596.455,-22322.43,-6455.655,493.60499999999996,-30176.414999999997,-12739.814999999999,-4181.22
-10834.74,-11617.47,-22351.14,-6478.245,450.135,-30253.364999999998,-12811.14,-4216.59
-10831.365,-11594.43,-22315.41,-6445.8,485.145,-30189.285,-12778.425,-4213.305
