ch0,ch1,ch2,ch3,ch4,ch5,ch6,ch7
-10860.164999999999,-11638.215,-22390.02,-6458.759999999999,544.41,-30080.25,-12777.885,-4201.065
-10866.465,-11649.375,-22406.85,-6507.63,472.455,-30157.289999999997,-12869.01,-4219.92
-10846.395,-11651.13,-22422.375,-6522.929999999999,482.94,-30124.71,-12901.814999999999,-4187.97
-10866.06,-11689.47,-22469.85,-6593.264999999999,463.22999999999996,-30115.125,-12848.49,-4162.05
-10908.449999999999,-11726.64,-22533.21,-6647.58,408.73499999999996,-30204.629999999997,-12868.695,-4205.295
-10885.725,-11683.89,-22492.844999999998,-6552.495,476.19,-30136.949999999997,-12896.73,-4230.63
-10917.99,-11704.814999999999,-22471.695,-6513.48,473.4,-30123.719999999998,-12919.365,-4274.235
-10905.84,-11711.295,-22449.285,-6523.74,490.005,-30045.465,-12715.92,-4211.73
-10821.555,-11637.18,-22396.41,-6482.384999999999,571.5,-30003.75,-12691.08,-4117.455
-10795.725,-11618.505,-22429.215,-6513.12,525.735,-30112.92,-12771.945,-4102.965
-10853.82,-11702.16,-22551.93,-6592.815,458.01,-30183.57,-12805.83,-4155.885
-10844.279999999999,-11667.15,-22477.59,-6525.179999999999,454.95,-30208.68,-12848.805,-4170.33
-10822.23,-11599.605,-22346.864999999998,-6474.554999999999,463.68,-30172.995,-12875.22,-4170.69
-10845.404999999999,-11624.805,-22359.015,-6463.17,452.47499999999997,-30175.605,-12849.345,-4177.889999999999
-10854.99,-11648.564999999999,-22388.129999999997,-6500.79,446.94,-30170.52,-12796.515,-4163.22
-10852.965,-11651.984999999999,-22421.295,-6498.54,515.295,-30104.864999999998,-12794.85,-4168.3949999999995
-10849.949999999999,-11654.865,-22453.245,-6502.7699999999995,586.98,-29996.1,-12771.314999999999,-4172.264999999999
-10863.81,-11668.994999999999,-22443.48,-6503.49,547.245,-30060.405,-12800.925,-4186.53
-10867.725,-11661.39,-22411.71,-6518.295,482.265,-30113.954999999998,-12843.135,-4201.785
-10846.529999999999,-11635.38,-22401.405,-6507.09,475.10999999999996,-30110.085,-12810.33,-4186.349999999999
-10840.05,-11630.385,-22389.39,-6470.054999999999,476.46,-30085.829999999998,-12729.195,-4164.165
-10837.395,-11627.64,-22374.809999999998,-6486.21,480.24,-30118.995,-12798.09,-4163.085
-10850.265,-11637.494999999999,-22387.725,-6489.179999999999,481.995,-30217.364999999998,-12922.289999999999,-4188.555
-10842.705,-11633.13,-22410.135,-6475.139999999999,515.34,-30200.895,-12896.73,-4185.63
-10837.08,-11632.32,-22416.165,-6443.37,554.625,-30061.62,-12739.005,-4162.995
-10864.619999999999,-11663.324999999999,-22428.989999999998,-6435.09,537.48,-30027.645,-12789.585,-4192.83
-10889.189999999999,-11680.47,-22428.945,-6481.3949999999995,515.835,-30051.809999999998,-12821.49,-4224.825
-10862.505,-11649.689999999999,-22405.68,-6500.205,516.285,-30120.03,-12815.144999999999,-4196.655
-10864.574999999999,-11667.869999999999,-22428.27,-6498.405,487.03499999999997,-30150.315,-12855.42,-4181.13
-10829.744999999999,-11626.109999999999,-22387.23,-6459.929999999999,507.06,-30103.065,-12847.545,-4162.41
-10804.095,-11586.96,-22345.469999999998,-6422.625,544.3199999999999,-30084.39,-12845.519999999999,-4163.445
-10819.305,-11612.115,-22373.504999999997,-6447.014999999999,539.01,-30068.28,-12832.74,-4166.639999999999
-10847.88,-11646.135,-22406.67,-6473.474999999999,529.0649999999999,-30069.855,-12838.05,-4178.7
-10847.789999999999,-11636.189999999999,-22396.68,-6471.45,521.37,-30089.52,-12811.365,-4184.37
-10909.395,-11721.465,-22488.975,-6572.835,405.18,-30175.92,-12767.58,-4214.34
-10868.13,-11681.55,-22448.024999999998,-6517.665,483.12,-30107.385,-12797.324999999999,-4177.575
-10870.289999999999,-11660.625,-22414.815,-6473.79,541.98,-30069.719999999998,-12869.955,-4199.22
-10903.32,-11686.23,-22433.94,-6496.5599999999995,511.38,-30094.335,-12879.765,-4242.15
-10888.74,-11673.404999999999,-22419.27,-6486.165,505.79999999999995,-30132.225,-12894.795,-4237.605
-10892.52,-11703.689999999999,-22465.89,-6541.11,433.26,-30194.28,-12854.654999999999,-4214.5199999999995
-10844.55,-11659.005,-22437.495,-6529.545,423.85499999999996,-30192.66,-12794.22,-4154.445
-10807.74,-11597.175,-22366.754999999997,-6460.83,495.09,-30127.32,-12796.199999999999,-4148.505
-10854.314999999999,-11636.82,-22390.245,-6476.8949999999995,516.15,-30065.985,-12854.519999999999,-4210.83
-10864.529999999999,-11655.494999999999,-22410.0,-6490.53,524.52,-30083.219999999998,-12808.394999999999,-4209.93
-10865.925,-11655.855,-22415.715,-6488.865,517.095,-30132.27,-12781.439999999999,-4193.73
-10842.57,-11626.154999999999,-22385.925,-6454.304999999999,541.755,-30088.44,-12849.39,-4176.18
-10823.715,-11613.375,-22370.895,-6451.83,564.615,-29997.09,-12867.975,-4173.795
-10867.994999999999,-11682.855,-22454.28,-6548.04,437.21999999999997,-30153.42,-12865.23,-4195.26
-10869.39,-11691.045,-22475.07,-6574.7699999999995,384.435,-30253.004999999997,-12790.394999999999,-4174.785
-10861.965,-11685.869999999999,-22475.295,-6571.035,423.405,-30195.719999999998,-12766.859999999999,-4154.94
-10841.22,-11658.6,-22435.829999999998,-6495.615,530.8199999999999,-30076.605,-12757.59,-4136.8949999999995
-10849.635,-11667.195,-22428.629999999997,-6480.719999999999,532.62,-30091.23,-12791.88,-4156.425
-10896.885,-11726.055,-22486.32,-6535.889999999999,452.78999999999996,-30107.565,-12819.779999999999,-4202.055
-10880.91,-11684.925,-22441.995,-6512.67,466.83,-30102.344999999998,-12807.269999999999,-4198.7699999999995
-10848.15,-11646.63,-22432.545,-6488.28,514.755,-30088.89,-12788.055,-4180.139999999999
-10845.855,-11653.965,-22477.23,-6516.495,507.28499999999997,-30121.335,-12833.505,-4169.745
-10834.244999999999,-11642.22,-22477.14,-6534.045,492.84,-30138.074999999997,-12865.814999999999,-4167.495
-10860.84,-11675.744999999999,-22485.375,-6594.615,460.48499999999996,-30134.204999999998,-12831.93,-4189.275
-10909.8,-11717.189999999999,-22482.405,-6658.2,401.49,-30188.879999999997,-12832.605,-4227.525
-10903.77,-11701.8,-22471.29,-6587.099999999999,442.48499999999996,-30177.495,-12841.064999999999,-4221.675
-10860.885,-11656.664999999999,-22435.605,-6496.469999999999,525.8249999999999,-30083.85,-12809.43,-4184.099999999999
-10851.345,-11639.34,-22404.915,-6496.425,472.365,-30108.555,-12786.705,-4180.815
-10871.1,-11680.785,-22455.36,-6530.264999999999,449.325,-30202.649999999998,-12838.59,-4183.695
-10860.93,-11658.33,-22401.899999999998,-6434.505,502.065,-30189.78,-12885.75,-4185.36
-10847.34,-11634.029999999999,-22370.489999999998,-6411.915,549.36,-30065.715,-12835.664999999999,-4180.815
-10859.49,-11657.97,-22437.135,-6526.259999999999,523.035,-30048.975,-12820.32,-4190.8949999999995
-10867.68,-11667.465,-22483.215,-6644.969999999999,479.15999999999997,-30093.48,-12870.855,-4211.955
-10844.279999999999,-11640.195,-22438.8,-6531.12,537.21,-30099.015,-12871.439999999999,-4195.44
-10829.564999999999,-11617.244999999999,-22356.54,-6411.78,558.36,-30080.204999999998,-12798.0,-4166.055
-10863.27,-11647.89,-22379.445,-6437.205,498.33,-30114.989999999998,-12794.805,-4178.295
-10877.715,-11662.38,-22388.489999999998,-6452.73,472.22999999999996,-30139.739999999998,-12823.695,-4194.63
-10854.855,-11632.365,-22362.93,-6436.44,506.205,-30097.664999999997,-12820.949999999999,-4202.73
-10868.49,-11631.869999999999,-22366.754999999997,-6426.495,568.8,-30003.3,-12774.105,-4235.985
-10888.289999999999,-11661.164999999999,-22401.719999999998,-6460.155,545.805,-30017.295,-12737.654999999999,-4235.76
-10844.955,-11638.845,-22390.739999999998,-6456.825,534.915,-30087.809999999998,-12840.525,-4175.865
-10841.625,-11646.359999999999,-22405.274999999998,-6477.48,507.645,-30121.469999999998,-12839.265,-4155.795
-10859.22,-11669.67,-22434.614999999998,-6516.405,461.52,-30160.44,-12833.189999999999,-4162.23
-10865.744999999999,-11665.89,-22428.315,-6528.42,443.60999999999996,-30192.885,-12918.644999999999,-4193.6849999999995
-10812.105,-11589.21,-22343.265,-6441.525,527.85,-30129.254999999997,-12905.865,-4173.93
-10786.005,-11560.14,-22315.23,-6406.155,566.685,-30090.149999999998,-12853.035,-4158.405
-10827.27,-11620.215,-22403.969999999998,-6453.045,552.87,-30072.555,-12798.675,-4184.639999999999
-10908.855,-11729.744999999999,-22541.715,-6562.62,459.04499999999996,-30117.329999999998,-12771.404999999999,-4212.18
-10900.035,-11739.33,-22536.809999999998,-6587.639999999999,420.3,-30150.629999999997,-12751.695,-4175.01
-10848.779999999999,-11666.925,-22421.745,-6511.5,452.385,-30162.914999999997,-12781.439999999999,-4146.705
-10854.585,-11643.84,-22389.524999999998,-6496.11,445.59,-30231.495,-12858.84,-4185.99
-10889.955,-11679.164999999999,-22436.954999999998,-6525.855,454.22999999999996,-30179.43,-12851.82,-4221.72
-10941.75,-11740.14,-22496.04,-6566.8949999999995,448.155,-30142.485,-12879.539999999999,-4275.8099999999995
-10863.765,-11664.585,-22423.094999999998,-6496.155,494.505,-30162.914999999997,-12875.49,-4209.705
-10809.315,-11619.765,-22388.895,-6457.365,538.11,-30108.87,-12828.33,-4141.215
-10862.595,-11676.914999999999,-22444.605,-6509.34,504.45,-30087.315,-12786.255,-4158.72
-10865.925,-11670.795,-22436.82,-6510.915,490.32,-30089.07,-12769.154999999999,-4172.49
-10857.24,-11661.615,-22426.29,-6498.54,496.97999999999996,-30107.879999999997,-12817.215,-4177.845
-10839.689999999999,-11646.539999999999,-22412.969999999998,-6485.264999999999,510.525,-30104.1,-12828.195,-4166.865
-10833.345,-11638.26,-22403.204999999998,-6478.514999999999,511.60499999999996,-30089.43,-12764.835,-4157.1449999999995
-10870.56,-11670.164999999999,-22429.665,-6508.889999999999,468.495,-30141.989999999998,-12783.914999999999,-4190.58
-10898.369999999999,-11703.914999999999,-22478.895,-6562.8,426.24,-30171.645,-12849.074999999999,-4226.04
-10852.02,-11643.975,-22405.68,-6476.8949999999995,537.255,-30065.085,-12828.96,-4185.45
-10840.32,-11632.275,-22389.704999999998,-6455.115,556.1999999999999,-30068.64,-12836.025,-4171.815
-10863.855,-11657.205,-22416.795,-6482.115,514.62,-30108.555,-12851.324999999999,-4200.93
-10869.21,-11653.74,-22413.87,-6474.465,520.8299999999999,-30099.105,-12870.09,-4210.245
-10879.875,-11670.93,-22435.829999999998,-6504.75,492.79499999999996,-30102.12,-12754.125,-4196.565
-10841.175,-11635.92,-22392.675,-6481.44,502.42499999999995,-30119.175,-12720.6,-4163.49
-10840.14,-11655.0,-22430.34,-6526.62,471.645,-30135.329999999998,-12819.689999999999,-4160.79
-10855.305,-11680.83,-22501.844999999998,-6614.054999999999,439.46999999999997,-30138.074999999997,-12860.279999999999,-4164.03
-10870.38,-11687.715,-22522.59,-6633.99,441.85499999999996,-30139.695,-12855.51,-4183.695
-10865.115,-11665.529999999999,-22461.165,-6555.33,491.085,-30133.89,-12878.82,-4200.345
-10874.654999999999,-11671.56,-22431.645,-6463.62,545.805,-30134.475,-12875.805,-4210.29
-10873.395,-11672.865,-22441.815,-6424.514999999999,542.655,-30109.32,-12834.539999999999,-4202.73
-10864.35,-11673.855,-22501.575,-6520.32,494.54999999999995,-30122.82,-12814.244999999999,-4193.46
-10876.635,-11702.744999999999,-22565.114999999998,-6578.19,484.965,-30138.03,-12804.84,-4193.01
-10850.22,-11667.33,-22475.969999999998,-6534.63,495.495,-30104.01,-12782.925,-4164.795
-10801.529999999999,-11599.74,-22369.454999999998,-6491.384999999999,527.5799999999999,-30064.094999999998,-12797.685,-4136.175
-10796.445,-11586.42,-22385.07,-6459.48,526.5,-30042.449999999997,-12816.585,-4144.905
-10851.705,-11640.914999999999,-22422.645,-6469.335,509.98499999999996,-30079.079999999998,-12841.695,-4194.63
-10916.46,-11704.005,-22423.5,-6472.349999999999,495.585,-30130.515,-12838.455,-4239.54
-10910.115,-11693.52,-22392.315,-6494.804999999999,451.26,-30168.09,-12825.99,-4239.2699999999995
-10847.609999999999,-11622.869999999999,-22359.105,-6452.73,536.535,-30114.989999999998,-12849.93,-4214.07
-10895.939999999999,-11681.64,-22450.59,-6520.545,486.945,-30136.23,-12915.269999999999,-4248.495
-10930.275,-11736.359999999999,-22524.975,-6583.86,418.95,-30174.75,-12865.005,-4239.224999999999
-10911.914999999999,-11712.42,-22488.48,-6557.849999999999,405.81,-30236.625,-12841.154999999999,-4237.155
-10866.06,-11652.75,-22409.37,-6518.205,412.695,-30302.774999999998,-12926.07,-4227.48
-10828.125,-11627.82,-22413.149999999998,-6539.94,434.96999999999997,-30250.664999999997,-12949.289999999999,-4178.88
-10820.925,-11622.015,-22413.78,-6506.28,548.8199999999999,-30047.625,-12819.465,-4156.965
-10859.895,-11673.765,-22446.54,-6493.139999999999,551.61,-30017.024999999998,-12735.675,-4164.345
-10877.265,-11690.369999999999,-22426.335,-6454.575,533.88,-30092.67,-12821.939999999999,-4188.555
-10857.195,-11661.75,-22409.864999999998,-6442.469999999999,532.755,-30065.445,-12752.685,-4157.91
-10813.814999999999,-11613.734999999999,-22382.37,-6441.255,522.405,-30054.69,-12741.615,-4123.71
-10833.84,-11633.49,-22394.204999999998,-6476.804999999999,487.305,-30111.614999999998,-12790.98,-4154.4
-10851.615,-11648.205,-22407.75,-6481.98,489.73499999999996,-30137.85,-12816.359999999999,-4178.565
-10847.385,-11648.16,-22414.59,-6494.849999999999,458.145,-30226.274999999998,-12897.494999999999,-4186.98
-10886.984999999999,-11699.1,-22472.325,-6571.71,363.645,-30322.079999999998,-12912.795,-4210.83
-10876.41,-11685.645,-22452.57,-6534.2699999999995,438.93,-30155.715,-12789.855,-4198.32
-10822.185,-11618.505,-22375.17,-6429.0599999999995,596.43,-29946.015,-12678.975,-4153.905
-10777.23,-11578.095,-22337.73,-6391.575,623.8349999999999,-29983.635,-12739.32,-4122.135
-10833.525,-11652.119999999999,-22420.665,-6484.365,502.965,-30127.815,-12840.57,-4167.764999999999
-10889.189999999999,-11704.32,-22460.85,-6525.8099999999995,468.81,-30136.23,-12798.225,-4196.295
-10838.744999999999,-11621.295,-22383.989999999998,-6457.32,539.685,-30076.469999999998,-12777.3,-4170.33
-10875.42,-11649.195,-22404.96,-6473.384999999999,529.74,-30060.809999999998,-12754.17,-4223.07
-10935.99,-11726.82,-22491.045,-6566.58,432.35999999999996,-30157.92,-12876.345,-4280.625
-10890.63,-11686.23,-22464.629999999997,-6548.219999999999,428.53499999999997,-30227.355,-13024.125,-4246.155
-10870.244999999999,-11672.73,-22462.379999999997,-6543.2699999999995,424.935,-30203.64,-12849.48,-4202.505
-10841.13,-11657.97,-22443.704999999998,-6514.5599999999995,448.38,-30219.344999999998,-12823.785,-4157.505
-10851.84,-11674.395,-22440.149999999998,-6518.025,454.14,-30210.704999999998,-12888.765,-4172.715
-10830.645,-11630.43,-22390.695,-6466.139999999999,554.13,-30006.855,-12812.85,-4166.505
-10871.64,-11657.744999999999,-22419.315,-6489.2699999999995,519.615,-30076.829999999998,-12869.369999999999,-4211.415
-10924.064999999999,-11737.395,-22506.344999999998,-6568.74,437.66999999999996,-30167.864999999998,-12870.855,-4224.915
-10869.48,-11677.365,-22442.085,-6500.25,510.79499999999996,-30089.114999999998,-12796.56,-4175.37
-10840.59,-11636.73,-22393.485,-6462.179999999999,542.52,-30060.765,-12768.93,-4165.92
-10822.23,-11617.605,-22375.17,-6456.465,539.9549999999999,-30073.995,-12792.644999999999,-4157.055
-10820.43,-11612.88,-22386.915,-6472.8,513.99,-30114.27,-12866.715,-4169.79
-10860.164999999999,-11652.029999999999,-22427.415,-6502.995,474.34499999999997,-30161.879999999997,-12902.805,-4200.705
-10895.4,-11698.56,-22487.265,-6530.67,467.055,-30136.995,-12793.455,-4206.555
-10878.84,-11684.07,-22484.655,-6503.445,515.0699999999999,-30088.485,-12794.265,-4199.985
-10873.305,-11678.715,-22472.145,-6505.065,528.975,-30076.965,-12804.57,-4193.055
-10867.59,-11658.645,-22410.27,-6480.315,522.27,-30086.055,-12798.945,-4188.825
-10865.205,-11666.115,-22419.629999999997,-6498.675,463.905,-30138.254999999997,-12826.484999999999,-4188.465
-10863.045,-11679.705,-22456.62,-6601.905,410.13,-30163.094999999998,-12846.644999999999,-4186.845
-10848.42,-11663.279999999999,-22454.37,-6600.78,446.53499999999997,-30125.879999999997,-12840.074999999999,-4184.505
-10846.08,-11652.93,-22444.2,-6508.844999999999,512.73,-30087.855,-12789.494999999999,-4184.82
-10861.289999999999,-11652.57,-22408.739999999998,-6447.105,536.49,-30115.98,-12789.765,-4188.96
-10828.215,-11612.34,-22357.395,-6451.605,517.995,-30114.945,-12825.045,-4163.805
-10818.539999999999,-11605.904999999999,-22374.989999999998,-6471.945,537.03,-30082.454999999998,-12817.08,-4167.9
-10862.73,-11649.914999999999,-22426.965,-6514.785,518.04,-30081.914999999997,-12778.965,-4205.565
-10910.88,-11711.88,-22493.114999999998,-6557.219999999999,473.58,-30114.449999999997,-12783.42,-4227.93
-10844.279999999999,-11642.355,-22411.934999999998,-6463.304999999999,496.08,-30127.454999999998,-12844.8,-4174.38
-10845.314999999999,-11646.539999999999,-22419.989999999998,-6460.0199999999995,489.15,-30163.86,-12866.85,-4180.545
-10837.17,-11635.515,-22422.239999999998,-6449.67,526.725,-30132.675,-12819.195,-4180.7699999999995
-10761.3,-11542.725,-22315.004999999997,-6384.375,578.88,-30098.295,-12786.57,-4118.085
-10800.585,-11585.25,-22326.12,-6446.384999999999,504.585,-30174.614999999998,-12881.295,-4146.255
-10894.635,-11703.15,-22462.965,-6595.65,381.825,-30243.69,-12948.21,-4211.055
-10904.805,-11721.734999999999,-22494.915,-6605.505,389.835,-30154.77,-12831.84,-4201.47
-10859.4,-11660.895,-22427.954999999998,-6506.639999999999,468.405,-30154.004999999997,-12816.494999999999,-4184.28
-10878.885,-11674.395,-22431.645,-6471.719999999999,489.41999999999996,-30175.155,-12893.715,-4216.23
-10914.3,-11722.904999999999,-22499.145,-6540.705,452.655,-30133.62,-12841.515,-4227.21
-10872.09,-11683.26,-22462.785,-6520.5,464.58,-30108.329999999998,-12755.744999999999,-4174.83
-10838.025,-11632.23,-22385.114999999998,-6472.17,477.67499999999995,-30159.495,-12821.085,-4164.03
-10854.81,-11646.27,-22405.86,-6495.12,455.21999999999997,-30236.085,-12889.529999999999,-4189.365
-10887.39,-11676.465,-22443.704999999998,-6536.7,452.925,-30169.62,-12853.08,-4227.12
-10864.98,-11652.975,-22441.995,-6537.69,507.91499999999996,-30082.995,-12848.4,-4232.88
-10854.27,-11643.345,-22450.14,-6526.215,529.875,-30052.844999999998,-12863.699999999999,-4223.88
-10839.015,-11638.8,-22429.395,-6495.795,519.75,-30091.14,-12810.555,-4170.735
-10886.58,-11695.005,-22432.23,-6482.07,504.71999999999997,-30084.164999999997,-12734.414999999999,-4176.945
-10881.494999999999,-11692.8,-22446.405,-6488.865,494.23499999999996,-30062.204999999998,-12769.785,-4171.995
-10849.904999999999,-11641.185,-22393.89,-6462.495,518.31,-30110.895,-12823.56,-4170.33
-10860.525,-11643.255,-22395.87,-6470.46,496.395,-30191.219999999998,-12870.18,-4198.995
-10846.529999999999,-11620.664999999999,-22379.219999999998,-6448.995,527.5799999999999,-30119.129999999997,-12831.84,-4197.195
-10851.75,-11642.939999999999,-22399.605,-6471.855,524.385,-30068.64,-12811.994999999999,-4170.69
-10872.72,-11689.47,-22440.105,-6509.88,505.305,-30080.879999999997,-12828.914999999999,-4167.855
-10875.555,-11694.869999999999,-22462.649999999998,-6533.325,473.805,-30116.969999999998,-12832.695,-4180.23
-10825.605,-11630.654999999999,-22417.605,-6458.94,515.2049999999999,-30103.605,-12821.31,-4149.8099999999995
-10789.289999999999,-11565.539999999999,-22332.87,-6413.535,540.4499999999999,-30080.879999999997,-12797.82,-4145.22
-10846.439999999999,-11631.375,-22393.934999999998,-6471.764999999999,487.755,-30104.055,-12802.59,-4195.98
-10863.045,-11663.189999999999,-22436.325,-6557.804999999999,431.685,-30177.36,-12876.705,-4197.51
-10840.5,-11640.33,-22415.67,-6584.445,437.53499999999997,-30167.954999999998,-12854.43,-4172.445
-10865.43,-11676.555,-22456.53,-6573.69,453.15,-30143.34,-12786.975,-4177.305
-10887.164999999999,-11702.699999999999,-22475.43,-6498.179999999999,536.5799999999999,-30071.114999999998,-12763.439999999999,-4181.49
-10874.295,-11674.89,-22425.344999999998,-6424.469999999999,556.47,-30068.864999999998,-12802.59,-4185.675
-10883.789999999999,-11676.51,-22427.055,-6459.615,542.2049999999999,-30083.175,-12820.275,-4210.514999999999
-10891.08,-11680.02,-22449.735,-6489.855,500.715,-30136.41,-12863.07,-4227.12
-10860.21,-11662.064999999999,-22443.39,-6526.844999999999,468.18,-30149.864999999998,-12852.72,-4192.514999999999
-10804.455,-11605.5,-22379.489999999998,-6495.03,505.62,-30101.715,-12852.675,-4150.62
-10835.955,-11636.955,-22408.92,-6522.075,481.40999999999997,-30117.149999999998,-12858.705,-4176.2699999999995
-10897.785,-11711.295,-22481.055,-6552.36,467.90999999999997,-30136.14,-12820.59,-4209.93
-10882.395,-11691.18,-22441.815,-6457.995,504.04499999999996,-30130.829999999998,-12817.89,-4204.845
-10862.189999999999,-11668.05,-22427.46,-6463.665,484.78499999999997,-30141.719999999998,-12818.115,-4181.04
-10858.14,-11664.99,-22433.265,-6491.79,475.515,-30148.065,-12815.91,-4170.915
-10867.365,-11677.904999999999,-22439.879999999997,-6507.179999999999,471.555,-30152.745,-12812.22,-4181.535
-10871.055,-11674.845,-22439.16,-6514.965,453.69,-30197.204999999998,-12857.175,-4199.445
-10868.58,-11673.045,-22458.87,-6513.12,472.22999999999996,-30163.949999999997,-12863.34,-4199.67
-10846.215,-11657.88,-22451.895,-6481.755,530.9549999999999,-30070.62,-12806.369999999999,-4175.415
-10856.43,-11655.63,-22427.864999999998,-6493.815,492.47999999999996,-30112.02,-12820.68,-4182.21
-10851.705,-11638.8,-22386.105,-6480.224999999999,484.335,-30151.89,-12864.51,-4187.925
-10841.085,-11629.98,-22389.66,-6473.115,492.34499999999997,-30140.82,-12873.824999999999,-4188.915
-10854.72,-11644.064999999999,-22407.165,-6480.675,496.08,-30103.829999999998,-12828.689999999999,-4201.514999999999
-10897.289999999999,-11693.025,-22453.155,-6523.335,462.24,-30128.039999999997,-12777.615,-4221.405
-10892.16,-11708.64,-22471.469999999998,-6535.665,452.655,-30148.379999999997,-12801.644999999999,-4192.29
-10852.109999999999,-11660.58,-22430.16,-6501.42,474.47999999999996,-30177.0,-12861.539999999999,-4169.25
-10855.17,-11638.215,-22401.045,-6490.08,460.16999999999996,-30232.305,-12888.359999999999,-4202.19
-10817.189999999999,-11588.13,-22337.415,-6421.59,527.67,-30137.129999999997,-12841.019999999999,-4182.84
-10784.97,-11555.46,-22293.629999999997,-6387.165,579.6,-29989.71,-12761.505,-4151.97
-10840.005,-11632.32,-22389.614999999998,-6467.219999999999,519.48,-30041.774999999998,-12798.314999999999,-4180.5
-10883.16,-11691.494999999999,-22466.925,-6529.455,461.205,-30139.605,-12852.404999999999,-4197.105
-10846.8,-11653.515,-22422.645,-6493.32,485.09999999999997,-30133.215,-12862.035,-4166.01
-10854.09,-11656.98,-22427.594999999998,-6491.115,495.585,-30109.68,-12840.119999999999,-4185.72
-10869.93,-11680.38,-22455.899999999998,-6509.79,498.645,-30076.965,-12802.005,-4182.165
-10846.215,-11646.63,-22419.629999999997,-6490.3949999999995,500.715,-30110.085,-12822.345,-4176.675
-10838.43,-11624.895,-22394.16,-6463.844999999999,526.905,-30105.18,-12843.269999999999,-4184.235
-10808.64,-11598.39,-22396.905,-6438.24,568.665,-30073.32,-12831.48,-4151.7
-10825.47,-11634.255,-22467.6,-6495.615,534.15,-30073.77,-12806.865,-4153.59
-10869.93,-11697.119999999999,-22509.855,-6574.995,453.28499999999997,-30119.175,-12777.074999999999,-4175.505
-10940.984999999999,-11771.46,-22518.809999999998,-6626.474999999999,384.47999999999996,-30199.995,-12836.97,-4224.51
-10906.289999999999,-11729.654999999999,-22467.645,-6576.12,419.895,-30197.204999999998,-12875.085,-4219.965
-10877.039999999999,-11691.63,-22446.675,-6521.085,450.85499999999996,-30206.655,-12905.189999999999,-4211.505
-10887.57,-11675.88,-22431.239999999998,-6481.71,479.835,-30197.835,-12895.92,-4224.87
-10879.154999999999,-11662.83,-22415.219999999998,-6479.415,472.905,-30143.745,-12843.09,-4214.43
-10855.89,-11646.855,-22408.739999999998,-6499.9349999999995,500.66999999999996,-30104.73,-12778.335,-4197.375
-10853.595,-11663.505,-22443.3,-6585.75,469.755,-30152.565,-12745.89,-4167.09
-10869.57,-11692.484999999999,-22492.754999999997,-6622.11,458.01,-30221.594999999998,-12859.199999999999,-4175.91
-10896.93,-11710.89,-22506.524999999998,-6573.375,449.64,-30191.715,-12889.664999999999,-4212.045
-10897.605,-11708.685,-22503.78,-6578.505,379.26,-30193.515,-12884.805,-4215.735
-10875.555,-11688.84,-22478.219999999998,-6523.29,424.305,-30203.594999999998,-12846.914999999999,-4191.795
-10844.865,-11649.465,-22420.844999999998,-6416.505,531.27,-30120.03,-12811.949999999999,-4161.96
-10825.38,-11618.505,-22378.545,-6417.855,593.01,-30026.925,-12791.519999999999,-4149.764999999999
-10828.71,-11621.744999999999,-22370.535,-6436.62,568.125,-30020.805,-12810.15,-4163.805
-10838.97,-11626.244999999999,-22375.395,-6448.094999999999,531.72,-30065.67,-12849.705,-4186.53
-10853.279999999999,-11639.699999999999,-22381.92,-6433.29,529.515,-30102.434999999998,-12878.279999999999,-4202.955
-10880.865,-11689.244999999999,-22443.614999999998,-6473.25,505.48499999999996,-30119.715,-12838.365,-4196.79
-10866.914999999999,-11679.435,-22436.73,-6486.795,493.245,-30120.21,-12796.064999999999,-4167.315
-10861.244999999999,-11669.355,-22433.399999999998,-6492.825,500.53499999999997,-30101.489999999998,-12799.89,-4174.92
-10867.095,-11661.66,-22429.844999999998,-6499.62,492.47999999999996,-30115.125,-12805.289999999999,-4189.5
-10863.765,-11656.439999999999,-22420.98,-6491.429999999999,486.765,-30137.489999999998,-12835.619999999999,-4197.285
-10832.445,-11621.34,-22386.78,-6464.5199999999995,510.57,-30126.69,-12846.644999999999,-4178.43
-10849.994999999999,-11641.185,-22411.89,-6485.13,505.08,-30106.26,-12787.65,-4184.775
-10890.0,-11697.029999999999,-22469.625,-6525.54,471.28499999999997,-30132.495,-12830.4,-4202.28
-10870.83,-11675.43,-22441.14,-6504.21,481.14,-30144.42,-12882.375,-4192.74
-10843.83,-11636.73,-22404.465,-6481.035,493.965,-30136.86,-12828.465,-4175.1449999999995
-10842.119999999999,-11639.654999999999,-22409.594999999998,-6474.69,515.745,-30108.195,-12814.785,-4165.5599999999995
-10831.275,-11623.455,-22388.489999999998,-6445.3949999999995,550.62,-30074.895,-12801.24,-4158.18
-10853.505,-11649.465,-22419.989999999998,-6487.605,486.18,-30149.64,-12824.369999999999,-4179.0599999999995
-10867.545,-11680.83,-22458.059999999998,-6530.264999999999,442.62,-30188.07,-12867.48,-4187.97
-10840.185,-11645.189999999999,-22423.905,-6486.525,497.29499999999996,-30162.69,-12879.9,-4178.115
-10844.82,-11633.715,-22411.8,-6468.165,518.4449999999999,-30148.92,-12866.4,-4191.21
-10865.564999999999,-11670.164999999999,-22471.2,-6523.514999999999,456.16499999999996,-30167.19,-12880.619999999999,-4197.555
-10856.789999999999,-11663.01,-22459.635,-6516.09,470.78999999999996,-30146.039999999997,-12879.314999999999,-4186.9349999999995
-10870.92,-11667.105,-22424.489999999998,-6505.335,488.60999999999996,-30110.489999999998,-12811.05,-4187.07
-10847.295,-11637.72,-22386.825,-6473.565,512.595,-30096.225,-12735.539999999999,-4164.75
-10845.09,-11642.67,-22406.625,-6478.83,502.02,-30143.295,-12823.695,-4176.18
-10847.205,-11643.119999999999,-22407.66,-6472.53,526.86,-30109.725,-12851.01,-4169.34
-10844.505,-11623.14,-22381.11,-6442.065,567.63,-30018.555,-12765.015,-4178.43
-10845.9,-11631.015,-22391.235,-6467.04,508.54499999999996,-30082.23,-12780.09,-4170.96
-10849.77,-11648.789999999999,-22414.004999999997,-6503.58,451.71,-30203.73,-12899.025,-4169.88
-10859.355,-11674.619999999999,-22459.68,-6553.62,404.505,-30287.835,-12918.195,-4175.19
-10878.21,-11696.22,-22497.254999999997,-6592.905,365.625,-30364.155,-12894.345,-4193.235
-10831.725,-11635.695,-22426.605,-6499.8,451.755,-30292.469999999998,-12904.605,-4172.22
-10842.074999999999,-11636.505,-22394.25,-6447.915,565.155,-30012.975,-12814.515,-4173.3
-10885.77,-11686.32,-22447.754999999997,-6503.759999999999,553.005,-29973.914999999997,-12787.74,-4203.18
-10864.89,-11659.545,-22450.5,-6523.245,490.09499999999997,-30120.614999999998,-12804.615,-4197.69
-10872.72,-11678.355,-22475.879999999997,-6557.04,424.935,-30188.07,-12784.32,-4188.105
-10860.029999999999,-11666.43,-22432.5,-6528.15,478.575,-30157.11,-12830.67,-4172.04
-10869.48,-11669.265,-22414.32,-6491.655,541.755,-30088.44,-12826.439999999999,-4177.755
-10875.914999999999,-11681.055,-22430.475,-6481.17,515.925,-30061.215,-12806.64,-4189.1849999999995
-10856.564999999999,-11656.98,-22438.98,-6471.99,505.97999999999996,-30057.39,-12775.77,-4190.264999999999
-10847.205,-11659.32,-22498.425,-6503.58,491.13,-30090.329999999998,-12810.285,-4175.46
-10847.564999999999,-11667.015,-22488.84,-6522.66,476.505,-30151.26,-12856.32,-4159.485
-10849.455,-11649.914999999999,-22410.18,-6528.6449999999995,471.51,-30146.805,-12839.445,-4168.349999999999
-10841.805,-11633.4,-22417.155,-6514.74,503.685,-30090.42,-12789.359999999999,-4178.205
-10873.35,-11668.23,-22463.145,-6523.29,513.855,-30073.77,-12776.805,-4215.69
-10899.539999999999,-11710.08,-22469.175,-6532.469999999999,465.435,-30161.655,-12845.925,-4212.09
-10863.135,-11667.779999999999,-22406.04,-6500.835,480.195,-30172.23,-12865.095,-4163.67
-10852.289999999999,-11646.765,-22399.02,-6447.509999999999,536.535,-30100.23,-12798.585,-4164.974999999999
-10840.14,-11630.744999999999,-22387.094999999998,-6414.12,564.12,-30072.914999999997,-12814.109999999999,-4169.295
-10838.205,-11637.27,-22400.684999999998,-6443.955,547.965,-30112.425,-12848.894999999999,-4175.415
-10867.365,-11674.98,-22448.969999999998,-6510.285,496.935,-30169.98,-12837.015,-4193.73
-10854.0,-11649.869999999999,-22421.879999999997,-6492.554999999999,501.47999999999996,-30180.6,-12864.824999999999,-4187.835
-10848.195,-11637.314999999999,-22400.1,-6468.075,514.035,-30138.614999999998,-12911.4,-4202.415
-10893.33,-11684.34,-22444.469999999998,-6512.085,444.465,-30167.73,-12920.67,-4234.545
-10899.945,-11696.445,-22458.149999999998,-6522.795,452.115,-30154.905,-12867.615,-4218.21
-10851.57,-11649.105,-22417.065,-6477.12,512.46,-30111.12,-12814.244999999999,-4179.555
-10850.31,-11655.449999999999,-22428.629999999997,-6497.91,490.09499999999997,-30137.129999999997,-12816.135,-4169.115
-10864.484999999999,-11671.83,-22441.274999999998,-6523.155,462.87,-30159.539999999997,-12825.855,-4178.205
-10864.305,-11668.095,-22443.93,-6519.554999999999,459.35999999999996,-30181.995,-12864.06,-4188.6449999999995
-10862.279999999999,-11659.05,-22430.655,-6507.495,465.79499999999996,-30210.12,-12872.654999999999,-4187.835
-10864.664999999999,-11664.72,-22430.565,-6503.715,459.9,-30215.295,-12855.24,-4184.775
-10852.47,-11652.119999999999,-22414.905,-6471.495,504.585,-30105.36,-12826.26,-4176.99
-10831.14,-11627.369999999999,-22391.325,-6446.16,537.93,-30067.965,-12806.324999999999,-4160.745
-10827.855,-11631.779999999999,-22407.57,-6469.965,506.88,-30101.895,-12777.84,-4151.5199999999995
-10866.555,-11672.505,-22454.504999999997,-6513.705,471.91499999999996,-30113.37,-12769.605,-4186.889999999999
-10906.875,-11713.5,-22501.305,-6544.349999999999,442.48499999999996,-30174.39,-12811.814999999999,-4232.88
-10834.335,-11634.029999999999,-22429.53,-6501.33,505.66499999999996,-30156.39,-12908.609999999999,-4187.655
-10719.539999999999,-11498.22,-22275.765,-6364.349999999999,602.37,-30100.004999999997,-12918.285,-4102.785
-10773.09,-11556.765,-22317.66,-6409.349999999999,535.095,-30155.94,-12857.085,-4131.135
-10936.305,-11761.199999999999,-22528.71,-6601.995,365.21999999999997,-30266.954999999998,-12841.83,-4216.275
-10932.255,-11768.76,-22523.67,-6581.205,413.01,-30181.05,-12804.885,-4213.665
-10881.99,-11696.265,-22459.454999999998,-6523.605,481.005,-30099.239999999998,-12802.5,-4188.15
-10863.135,-11654.73,-22420.17,-6490.844999999999,497.385,-30099.914999999997,-12823.515,-4189.05
-10873.664999999999,-11672.055,-22441.184999999998,-6505.29,483.16499999999996,-30138.12,-12813.255,-4195.349999999999
-10880.46,-11682.359999999999,-22451.04,-6515.594999999999,472.455,-30202.875,-12842.279999999999,-4205.025
-10863.539999999999,-11665.529999999999,-22434.66,-6511.365,449.865,-30247.965,-12845.97,-4193.235
-10835.414999999999,-11628.81,-22398.344999999998,-6475.005,488.835,-30159.719999999998,-12816.675,-4168.665
-10853.234999999999,-11657.115,-22427.19,-6500.07,484.65,-30125.655,-12911.984999999999,-4182.705
-10886.445,-11703.869999999999,-22473.675,-6531.705,485.955,-30084.03,-12861.81,-4194.54
-10871.505,-11674.89,-22435.695,-6492.33,528.39,-30028.59,-12794.67,-4190.445
-10824.57,-11611.529999999999,-22374.629999999997,-6441.615,557.01,-30058.289999999997,-12849.39,-4177.889999999999
-10834.38,-11621.115,-22396.5,-6466.23,535.635,-30100.32,-12865.68,-4183.0199999999995
-10870.74,-11661.705,-22434.795,-6521.67,469.395,-30155.399999999998,-12836.16,-4207.05
-10876.32,-11674.664999999999,-22452.704999999998,-6547.7699999999995,438.34499999999997,-30181.77,-12836.475,-4202.73
-10858.14,-11663.414999999999,-22436.46,-6520.05,472.635,-30146.67,-12832.875,-4172.22
-10815.975,-11614.725,-22381.065,-6427.755,565.155,-30109.23,-12818.205,-4141.3949999999995
-10838.925,-11627.189999999999,-22415.129999999997,-6441.165,522.585,-30176.774999999998,-12895.47,-4190.264999999999
-10910.205,-11702.43,-22500.315,-6563.745,420.93,-30242.925,-12953.295,-4256.505
-10879.064999999999,-11667.779999999999,-22430.25,-6536.07,503.82,-30147.93,-12884.625,-4228.2
-10852.154999999999,-11653.74,-22414.32,-6530.445,495.09,-30175.425,-12892.904999999999,-4188.195
-10866.645,-11694.689999999999,-22485.195,-6562.17,438.75,-30208.545,-12819.375,-4176.405
-10840.005,-11657.07,-22441.184999999998,-6467.4,492.47999999999996,-30144.195,-12836.115,-4161.87
-10836.585,-11644.875,-22410.27,-6460.245,491.76,-30059.37,-12781.8,-4144.7699999999995
-10820.43,-11623.859999999999,-22386.87,-6458.985,497.15999999999997,-30075.93,-12770.189999999999,-4148.055
-10857.42,-11656.395,-22425.03,-6497.28,482.895,-30145.995,-12841.425,-4190.13
-10886.13,-11686.814999999999,-22448.61,-6576.165,460.935,-30173.039999999997,-12861.269999999999,-4204.3949999999995
-10863.945,-11662.02,-22417.739999999998,-6515.054999999999,520.875,-30118.14,-12835.755,-4188.69
-10887.255,-11692.125,-22451.219999999998,-6480.405,517.185,-30106.215,-12782.519999999999,-4197.465
-10893.24,-11700.314999999999,-22448.52,-6482.79,533.655,-30060.989999999998,-12746.564999999999,-4197.825
-10878.885,-11684.34,-22452.48,-6507.36,539.9549999999999,-30053.879999999997,-12760.605,-4195.215
-10838.43,-11651.58,-22469.94,-6529.094999999999,549.63,-30103.965,-12842.73,-4163.49
-10839.645,-11650.365,-22486.995,-6547.005,512.235,-30167.46,-12881.295,-4170.375
-10864.755,-11678.535,-22508.954999999998,-6569.505,445.635,-30198.239999999998,-12868.605,-4190.94
-10890.135,-11709.855,-22520.61,-6590.5199999999995,401.03999999999996,-30213.629999999997,-12865.23,-4202.055
-10859.445,-11660.895,-22399.92,-6502.005,437.13,-30182.67,-12872.925,-4186.035
-10850.22,-11644.47,-22373.864999999998,-6452.054999999999,469.575,-30149.46,-12835.71,-4179.285
-10846.395,-11639.654999999999,-22394.07,-6447.15,507.06,-30132.989999999998,-12838.32,-4178.025
-10828.71,-11616.885,-22367.204999999998,-6410.07,570.3299999999999,-30090.645,-12827.295,-4165.5599999999995
-10835.595,-11625.39,-22375.8,-6422.445,564.66,-30086.19,-12798.72,-4164.12
-10858.14,-11664.63,-22422.825,-6476.219999999999,508.635,-30150.18,-12810.555,-4165.605
-10869.164999999999,-11686.59,-22461.48,-6517.71,463.455,-30197.34,-12866.58,-4175.82
-10853.414999999999,-11666.07,-22448.43,-6511.815,466.695,-30174.03,-12868.83,-4176.855
-10853.955,-11660.805,-22424.535,-6500.429999999999,468.18,-30182.129999999997,-12886.605,-4189.365
-10884.42,-11696.85,-22453.92,-6532.0199999999995,440.865,-30218.085,-12919.904999999999,-4210.92
-10905.255,-11708.414999999999,-22472.954999999998,-6531.389999999999,461.52,-30173.579999999998,-12882.51,-4220.865
-10888.605,-11683.529999999999,-22445.325,-6499.71,496.97999999999996,-30133.305,-12862.439999999999,-4211.82
-10863.72,-11664.945,-22431.915,-6489.315,497.43,-30138.75,-12832.47,-4196.97
-10841.265,-11643.345,-22411.98,-6467.58,523.395,-30107.969999999998,-12770.055,-4167.99
-10848.734999999999,-11639.789999999999,-22405.184999999998,-6466.995,522.765,-30106.574999999997,-12765.465,-4171.5
-10867.005,-11666.654999999999,-22437.899999999998,-6502.545,485.19,-30139.965,-12794.265,-4185.9
-10848.869999999999,-11639.295,-22404.915,-6475.05,498.28499999999997,-30158.73,-12820.05,-4183.965
-10806.525,-11593.619999999999,-22352.895,-6419.429999999999,549.585,-30146.219999999998,-12858.57,-4151.115
-10798.244999999999,-11592.09,-22360.59,-6424.469999999999,560.655,-30105.495,-12871.71,-4143.96
-10843.47,-11652.93,-22430.655,-6498.045,492.65999999999997,-30143.969999999998,-12894.57,-4173.66
-10866.42,-11678.67,-22448.07,-6507.045,488.745,-30136.23,-12851.505,-4188.78
-10880.414999999999,-11700.359999999999,-22480.785,-6545.7,437.76,-30205.89,-12854.609999999999,-4185.8099999999995
-10869.705,-11677.41,-22455.27,-6533.009999999999,429.435,-30252.329999999998,-12893.355,-4192.83
-10864.125,-11665.305,-22443.03,-6521.58,438.93,-30240.675,-12892.005,-4201.92
-10854.99,-11650.14,-22421.114999999998,-6484.86,506.385,-30109.05,-12786.84,-4189.23
-10849.77,-11646.72,-22403.61,-6462.495,536.9399999999999,-30043.44,-12730.005,-4182.345
-10849.365,-11662.335,-22428.765,-6501.96,470.96999999999997,-30147.48,-12832.65,-4173.12
-10825.83,-11623.275,-22402.71,-6495.165,439.695,-30274.245,-12962.699999999999,-4164.255
-10875.195,-11667.689999999999,-22445.37,-6531.57,402.3,-30329.414999999997,-12970.98,-4215.285
-10880.505,-11684.16,-22457.969999999998,-6518.115,487.48499999999996,-30171.059999999998,-12866.67,-4204.71
-10844.055,-11642.715,-22409.504999999997,-6459.4349999999995,564.2099999999999,-30054.149999999998,-12811.68,-4172.67
-10839.555,-11638.619999999999,-22392.855,-6442.0199999999995,552.105,-30016.53,-12767.22,-4175.55
-10875.42,-11693.97,-22450.905,-6504.525,473.445,-30111.975,-12733.244999999999,-4190.625
-10866.195,-11668.904999999999,-22445.864999999998,-6516.495,436.40999999999997,-30220.605,-12854.564999999999,-4185.495
-10860.93,-11666.654999999999,-22447.754999999997,-6517.349999999999,459.495,-30189.465,-12882.824999999999,-4171.7699999999995
-10859.805,-11670.795,-22443.795,-6497.82,510.79499999999996,-30118.949999999997,-12862.394999999999,-4173.84
-10884.015,-11682.404999999999,-22450.95,-6516.54,472.995,-30173.535,-12913.605,-4220.415
-10885.904999999999,-11689.47,-22466.745,-6555.24,421.83,-30195.765,-12900.644999999999,-4221.405
-10835.64,-11648.52,-22421.43,-6514.965,467.28,-30132.405,-12814.019999999999,-4156.65
-10843.965,-11656.26,-22425.12,-6507.945,500.625,-30129.03,-12772.17,-4149.675
-10866.51,-11672.369999999999,-22449.015,-6502.365,506.835,-30135.69,-12793.185,-4176.09
-10892.34,-11699.324999999999,-22486.545,-6521.264999999999,509.49,-30111.93,-12850.965,-4210.875
-10887.66,-11693.025,-22469.04,-6501.105,536.85,-30093.975,-12833.324999999999,-4210.605
-10873.215,-11672.414999999999,-22441.274999999998,-6489.179999999999,505.62,-30125.745,-12850.605,-4201.695
-10861.515,-11664.225,-22454.774999999998,-6494.759999999999,495.71999999999997,-30154.995,-12868.064999999999,-4184.325
-10861.244999999999,-11671.515,-22473.27,-6520.545,485.28,-30152.655,-12859.785,-4182.795
-10864.755,-11676.375,-22456.395,-6505.65,480.41999999999996,-30133.89,-12842.189999999999,-4190.535
-10856.16,-11653.02,-22408.965,-6459.48,505.26,-30130.379999999997,-12846.195,-4199.13
-10848.734999999999,-11634.615,-22379.399999999998,-6426.405,526.095,-30137.219999999998,-12848.445,-4192.65
-10839.869999999999,-11637.09,-22399.29,-6513.929999999999,511.2,-30143.789999999997,-12837.06,-4162.23
-10846.574999999999,-11644.965,-22417.559999999998,-6522.03,503.055,-30138.795,-12832.83,-4167.8099999999995
-10875.195,-11686.859999999999,-22466.61,-6505.38,498.51,-30130.469999999998,-12822.615,-4190.355
-10869.3,-11694.15,-22466.61,-6482.429999999999,496.97999999999996,-30134.43,-12813.705,-4172.22
-10859.22,-11668.32,-22432.905,-6506.73,473.58,-30173.129999999997,-12833.91,-4171.95
-10850.67,-11649.779999999999,-22410.405,-6497.415,485.955,-30173.985,-12849.345,-4172.49
-10841.895,-11646.09,-22415.355,-6472.304999999999,486.405,-30172.995,-12868.695,-4171.95
-10839.824999999999,-11637.314999999999,-22403.114999999998,-6473.969999999999,481.54499999999996,-30182.895,-12872.43,-4176.09
-10827.63,-11621.699999999999,-22386.78,-6462.764999999999,504.495,-30165.03,-12837.24,-4164.57
-10800.315,-11590.02,-22357.71,-6416.82,539.73,-30128.219999999998,-12804.57,-4141.845
-10813.095,-11604.6,-22384.17,-6439.679999999999,490.09499999999997,-30241.89,-12869.279999999999,-4159.08
-10878.93,-11681.369999999999,-22483.62,-6524.46,438.65999999999997,-30250.305,-12879.045,-4208.445
-10901.295,-11716.785,-22508.415,-6541.065,482.805,-30091.14,-12806.144999999999,-4206.555
-10854.359999999999,-11645.865,-22395.6,-6464.7,582.5699999999999,-29985.84,-12768.525,-4183.38
-10856.115,-11634.345,-22380.21,-6446.79,566.685,-30060.539999999997,-12885.029999999999,-4214.07
-10893.465,-11684.205,-22450.14,-6516.764999999999,474.29999999999995,-30167.1,-12925.71,-4233.78
-10887.84,-11716.695,-22501.754999999997,-6560.235,410.085,-30212.774999999998,-12851.189999999999,-4174.83
-10886.445,-11712.689999999999,-22485.149999999998,-6541.875,435.51,-30169.98,-12835.89,-4177.08
-10889.505,-11699.324999999999,-22460.715,-6519.87,475.695,-30133.53,-12821.85,-4192.38
-10836.135,-11632.365,-22394.204999999998,-6459.3,510.075,-30145.68,-12847.994999999999,-4161.24
-10825.244999999999,-11619.359999999999,-22384.305,-6454.304999999999,490.995,-30213.539999999997,-12880.394999999999,-4167.495
-10843.109999999999,-11648.115,-22415.309999999998,-6485.355,462.41999999999996,-30229.965,-12886.875,-4173.48
-10905.345,-11720.789999999999,-22488.39,-6548.67,438.03,-30173.94,-12900.375,-4229.37
-10918.664999999999,-11731.185,-22503.105,-6551.19,466.335,-30129.614999999998,-12861.99,-4246.335
-10846.35,-11646.09,-22414.77,-6467.175,530.91,-30113.73,-12839.625,-4179.24
-10848.375,-11648.789999999999,-22425.48,-6488.19,509.13,-30111.48,-12825.539999999999,-4172.264999999999
-10874.835,-11678.58,-22454.46,-6518.295,482.13,-30123.539999999997,-12838.23,-4201.11
-10882.26,-11683.395,-22454.415,-6518.474999999999,474.21,-30142.98,-12830.49,-4211.865
-10875.105,-11685.24,-22450.14,-6516.045,471.91499999999996,-30158.64,-12836.34,-4193.505
-10853.55,-11656.439999999999,-22419.315,-6480.585,505.935,-30137.94,-12827.295,-4171.68
-10862.73,-11652.255,-22407.614999999998,-6465.0599999999995,519.21,-30150.449999999997,-12880.439999999999,-4186.889999999999
-10864.98,-11671.47,-22441.86,-6499.08,495.81,-30134.295,-12870.675,-4176.9
-10872.81,-11684.654999999999,-22459.274999999998,-6523.29,464.66999999999996,-30163.05,-12844.845,-4177.845
-10875.195,-11692.215,-22465.53,-6525.495,461.78999999999996,-30172.545,-12844.935,-4183.0199999999995
-10860.3,-11673.855,-22451.579999999998,-6510.915,475.875,-30151.934999999998,-12832.74,-4175.19
-10862.595,-11673.675,-22470.795,-6509.61,487.97999999999996,-30142.89,-12833.64,-4174.5599999999995
-10855.395,-11671.154999999999,-22492.079999999998,-6509.565,494.19,-30131.1,-12828.914999999999,-4171.1849999999995
-10844.955,-11657.654999999999,-22449.329999999998,-6482.79,511.83,-30113.28,-12797.865,-4167.45
-10847.385,-11639.699999999999,-22375.44,-6459.165,523.71,-30095.954999999998,-12771.225,-4173.57
-10866.24,-11661.345,-22405.905,-6492.42,506.88,-30118.86,-12826.755,-4189.59
-10885.545,-11687.13,-22449.96,-6524.19,478.395,-30152.565,-12902.894999999999,-4210.605
-10822.77,-11612.925,-22377.105,-6449.219999999999,536.085,-30109.32,-12889.619999999999,-4165.514999999999
-10810.574999999999,-11597.85,-22366.62,-6452.775,539.37,-30108.69,-12855.465,-4152.285
-10881.045,-11686.005,-22473.495,-6570.0,433.26,-30195.495,-12889.215,-4198.41
-10912.904999999999,-11733.119999999999,-22521.465,-6590.79,413.145,-30210.48,-12860.73,-4210.514999999999
-10889.324999999999,-11706.66,-22484.79,-6525.315,455.13,-30183.12,-12840.21,-4193.82
-10876.005,-11685.375,-22447.71,-6494.4,462.73499999999996,-30176.19,-12859.515,-4194.135
-10873.08,-11676.645,-22436.504999999997,-6491.565,493.83,-30156.93,-12873.015,-4201.0199999999995
-10883.475,-11689.38,-22467.015,-6513.12,485.09999999999997,-30163.454999999998,-12908.925,-4211.73
-10868.625,-11670.705,-22441.635,-6490.125,491.895,-30152.024999999998,-12901.095,-4191.795
-10849.32,-11655.135,-22421.07,-6497.054999999999,480.78,-30150.719999999998,-12828.914999999999,-4161.915
-10844.055,-11649.555,-22423.545,-6534.99,452.34,-30202.829999999998,-12862.664999999999,-4164.389999999999
-10837.664999999999,-11643.119999999999,-22430.79,-6516.315,439.875,-30289.5,-12924.9,-4172.085
-10834.92,-11642.265,-22452.434999999998,-6522.705,438.79499999999996,-30341.34,-12926.654999999999,-4174.38
-10852.965,-11661.119999999999,-22468.95,-6539.264999999999,462.87,-30227.895,-12841.38,-4183.38
-10865.835,-11674.484999999999,-22452.93,-6516.134999999999,501.39,-30036.78,-12763.035,-4179.6449999999995
-10880.234999999999,-11684.34,-22436.19,-6508.8,477.35999999999996,-30136.59,-12874.185,-4201.514999999999
-10888.875,-11688.57,-22447.125,-6486.389999999999,467.685,-30254.805,-12965.939999999999,-4228.65
-10885.095,-11675.07,-22428.629999999997,-6457.679999999999,503.59499999999997,-30155.399999999998,-12908.97,-4229.1449999999995
-10868.49,-11656.529999999999,-22416.434999999998,-6456.87,528.84,-30083.039999999997,-12891.96,-4213.08
-10867.05,-11663.1,-22437.09,-6472.62,514.53,-30150.539999999997,-12938.355,-4214.115
-10878.66,-11692.89,-22475.34,-6524.955,457.02,-30210.254999999997,-12887.64,-4194.764999999999
-10850.805,-11658.465,-22424.309999999998,-6492.33,477.81,-30122.774999999998,-12751.335,-4143.014999999999
-10838.295,-11641.455,-22401.855,-6463.035,503.64,-30068.28,-12739.32,-4136.04
-10838.564999999999,-11634.705,-22397.399999999998,-6443.415,544.3199999999999,-30068.864999999998,-12839.085,-4161.15
-10877.895,-11678.535,-22446.27,-6497.054999999999,509.76,-30123.225,-12856.814999999999,-4195.44
-10865.205,-11665.08,-22430.835,-6485.985,520.245,-30120.57,-12864.33,-4191.48
-10873.08,-11685.96,-22444.29,-6490.125,501.29999999999995,-30133.71,-12851.775,-4185.99
-10873.71,-11698.38,-22461.795,-6510.375,483.29999999999995,-30136.274999999998,-12829.005,-4173.165
-10845.27,-11653.92,-22428.36,-6483.78,510.525,-30118.454999999998,-12830.13,-4154.625
-10826.685,-11619.045,-22390.92,-6469.74,492.47999999999996,-30188.699999999997,-12851.055,-4153.139999999999
-10831.32,-11628.63,-22405.364999999998,-6477.84,476.46,-30234.239999999998,-12892.095,-4163.625
-10861.289999999999,-11673.225,-22448.79,-6507.764999999999,470.07,-30203.145,-12866.984999999999,-4164.4349999999995
-10852.83,-11664.09,-22436.64,-6483.465,524.16,-30090.96,-12818.025,-4159.889999999999
-10830.465,-11627.775,-22402.8,-6454.9349999999995,536.715,-30117.239999999998,-12895.019999999999,-4169.385
-10834.83,-11626.965,-22390.2,-6441.075,548.01,-30095.414999999997,-12870.404999999999,-4169.43
-10884.96,-11673.135,-22430.79,-6485.759999999999,500.085,-30134.655,-12823.244999999999,-4216.1849999999995
-10920.24,-11724.84,-22490.864999999998,-6541.605,452.15999999999997,-30173.129999999997,-12895.154999999999,-4255.38
-10904.805,-11710.71,-22483.44,-6545.295,436.365,-30217.23,-12978.72,-4251.915
-10888.65,-11689.65,-22464.09,-6541.065,427.22999999999996,-30233.655,-12969.72,-4218.03
-10891.439999999999,-11694.555,-22459.364999999998,-6544.844999999999,422.46,-30193.605,-12878.055,-4184.595
-10880.505,-11690.505,-22465.26,-6524.955,468.135,-30125.655,-12827.699999999999,-4168.845
-10869.525,-11668.545,-22441.364999999998,-6491.07,507.78,-30128.219999999998,-12862.619999999999,-4183.47
-10869.705,-11665.484999999999,-22438.575,-6494.58,498.41999999999996,-30137.805,-12895.199999999999,-4197.465
-10868.265,-11669.895,-22448.565,-6510.33,488.835,-30127.905,-12861.63,-4192.245
-10873.71,-11677.095,-22451.805,-6519.105,484.38,-30138.93,-12836.609999999999,-4187.07
-10859.265,-11652.66,-22425.254999999997,-6483.915,516.285,-30105.27,-12822.48,-4181.4
-10836.765,-11624.76,-22398.48,-6461.1449999999995,522.585,-30102.704999999998,-12858.39,-4170.6449999999995
-10851.164999999999,-11653.695,-22450.86,-6511.23,463.85999999999996,-30164.67,-12900.869999999999,-4173.705
-10877.895,-11697.255,-22510.35,-6554.745,435.825,-30174.93,-12841.515,-4177.62
-10881.359999999999,-11694.645,-22482.045,-6516.315,469.84499999999997,-30191.175,-12860.775,-4195.44
-10881.449999999999,-11683.845,-22445.82,-6521.804999999999,450.85499999999996,-30235.995,-12928.05,-4208.22
-10883.385,-11675.205,-22442.219999999998,-6519.195,483.21,-30168.09,-12897.314999999999,-4206.87
-10863.675,-11656.215,-22431.87,-6502.995,516.6,-30121.469999999998,-12847.05,-4182.57
-10865.744999999999,-11669.535,-22438.844999999998,-6500.115,501.03,-30149.414999999997,-12878.955,-4176.945
-10868.31,-11670.164999999999,-22433.625,-6463.755,503.685,-30147.48,-12886.019999999999,-4187.43
-10876.59,-11677.365,-22452.12,-6514.0199999999995,478.26,-30161.565,-12902.894999999999,-4204.53
-10876.859999999999,-11680.02,-22465.62,-6552.315,482.98499999999996,-30153.87,-12893.76,-4206.915
-10865.52,-11675.88,-22472.64,-6515.1449999999995,475.65,-30194.73,-12881.519999999999,-4185.72
-10851.345,-11671.92,-22486.77,-6539.985,459.0,-30292.875,-12874.994999999999,-4151.88
-10825.47,-11638.125,-22440.96,-6512.355,487.97999999999996,-30264.66,-12893.715,-4135.095
-10806.48,-11599.289999999999,-22365.045,-6434.235,531.135,-30100.725,-12858.119999999999,-4133.88
-10806.48,-11600.189999999999,-22366.62,-6390.045,561.8249999999999,-30024.09,-12828.6,-4137.255
-10864.529999999999,-11673.18,-22472.594999999998,-6481.44,515.0699999999999,-30077.324999999997,-12815.279999999999,-4181.8949999999995
-10874.205,-11676.869999999999,-22457.565,-6506.054999999999,504.18,-30124.89,-12835.035,-4197.915
-10843.515,-11643.525,-22408.29,-6502.5,502.60499999999996,-30133.215,-12889.845,-4170.195
-10898.91,-11709.225,-22479.21,-6541.695,438.93,-30198.329999999998,-12916.439999999999,-4200.84
-10901.564999999999,-11709.27,-22471.695,-6541.965,447.705,-30187.305,-12892.32,-4207.365
-10851.345,-11657.744999999999,-22429.89,-6494.804999999999,476.59499999999997,-30189.015,-12831.074999999999,-4161.465
-10820.925,-11614.005,-22383.27,-6433.2,478.71,-30250.62,-12884.85,-4150.349999999999
-10874.115,-11672.73,-22429.53,-6477.03,468.405,-30231.719999999998,-12940.515,-4196.565
-10867.814999999999,-11668.68,-22431.195,-6467.085,526.995,-30091.094999999998,-12881.925,-4196.205
-10847.88,-11631.465,-22391.415,-6432.21,548.64,-30103.065,-12873.779999999999,-4192.605
-10903.23,-11689.244999999999,-22456.844999999998,-6508.44,463.85999999999996,-30219.12,-12901.59,-4245.4349999999995
-10928.97,-11748.779999999999,-22523.355,-6576.705,411.03,-30241.53,-12907.845,-4231.44
-10889.595,-11713.095,-22489.379999999997,-6541.0199999999995,439.78499999999997,-30214.035,-12911.13,-4199.49
-10876.275,-11685.06,-22459.14,-6514.245,462.645,-30169.844999999998,-12900.06,-4181.805
-10880.279999999999,-11683.664999999999,-22460.265,-6518.655,464.98499999999996,-30135.87,-12855.644999999999,-4184.55
-10867.545,-11669.49,-22445.954999999998,-6511.275,459.81,-30188.475,-12845.97,-4172.445
-10870.244999999999,-11672.189999999999,-22447.98,-6508.889999999999,470.745,-30175.289999999997,-12880.845,-4182.885
-10876.185,-11673.99,-22448.204999999998,-6502.32,492.03,-30130.649999999998,-12888.09,-4197.599999999999
-10839.734999999999,-11637.539999999999,-22416.165,-6470.19,516.15,-30138.795,-12901.365,-4173.165
-10818.494999999999,-11619.045,-22378.004999999997,-6427.575,549.3149999999999,-30116.745,-12863.744999999999,-4149.36
-10897.02,-11720.16,-22484.79,-6525.405,476.01,-30145.184999999998,-12842.369999999999,-4199.085
-10919.654999999999,-11729.564999999999,-22503.239999999998,-6552.99,453.59999999999997,-30170.16,-12867.48,-4210.605
-10880.46,-11681.279999999999,-22454.864999999998,-6508.3949999999995,488.34,-30146.94,-12890.519999999999,-4192.965
-10858.005,-11647.529999999999,-22414.094999999998,-6460.245,528.12,-30130.695,-12897.765,-4187.5199999999995
-10840.59,-11622.465,-22382.594999999998,-6431.8949999999995,546.255,-30122.324999999997,-12868.605,-4176.2699999999995
-10810.305,-11592.18,-22358.745,-6414.255,556.74,-30110.399999999998,-12862.17,-4158.99
-10820.43,-11603.609999999999,-22379.805,-6441.795,541.215,-30117.195,-12917.699999999999,-4180.095
-10828.89,-11607.39,-22372.335,-6428.205,575.01,-30062.204999999998,-12856.859999999999,-4180.365
-10871.279999999999,-11659.5,-22410.315,-6459.03,540.675,-30090.555,-12826.125,-4196.745
-10902.689999999999,-11719.305,-22491.135,-6540.48,444.06,-30225.015,-12887.1,-4198.455
-10903.455,-11716.289999999999,-22502.79,-6560.865,414.495,-30266.864999999998,-12922.38,-4202.19
-10896.119999999999,-11702.52,-22488.614999999998,-6547.679999999999,429.21,-30194.774999999998,-12867.48,-4204.71
-10889.775,-11700.72,-22476.555,-6536.969999999999,452.565,-30147.12,-12832.92,-4190.715
-10875.734999999999,-11689.47,-22466.52,-6529.7699999999995,461.34,-30175.02,-12911.22,-4184.055
-10867.545,-11677.095,-22454.235,-6508.889999999999,493.28999999999996,-30152.295,-12912.885,-4181.3099999999995
-10872.045,-11680.47,-22475.295,-6517.3949999999995,489.91499999999996,-30145.905,-12889.484999999999,-4189.139999999999
-10861.289999999999,-11673.72,-22484.969999999998,-6529.679999999999,470.60999999999996,-30161.52,-12874.68,-4179.105
-10843.83,-11651.4,-22447.305,-6524.639999999999,465.47999999999996,-30160.53,-12860.505,-4166.91
-10857.06,-11658.645,-22421.745,-6527.79,449.72999999999996,-30170.475,-12868.109999999999,-4176.405
-10868.805,-11667.51,-22428.18,-6515.415,462.51,-30171.735,-12886.965,-4190.13
-10877.715,-11678.76,-22446.36,-6491.5199999999995,507.91499999999996,-30160.53,-12919.769999999999,-4203.764999999999
-10864.845,-11661.84,-22426.875,-6464.969999999999,523.125,-30146.355,-12927.644999999999,-4196.205
-10849.23,-11641.23,-22409.37,-6472.08,514.98,-30134.475,-12860.414999999999,-4181.355
-10859.13,-11658.195,-22434.3,-6508.9349999999995,484.245,-30162.015,-12850.019999999999,-4193.28
-10901.744999999999,-11712.779999999999,-22490.82,-6569.639999999999,430.78499999999997,-30228.48,-12913.965,-4235.535
-10901.025,-11719.125,-22502.114999999998,-6545.295,442.125,-30237.704999999998,-12897.9,-4215.24
-10858.365,-11671.154999999999,-22466.16,-6484.23,459.35999999999996,-30236.579999999998,-12872.25,-4162.139999999999
-10834.38,-11638.08,-22423.95,-6465.915,440.865,-30324.42,-12919.14,-4148.46
-10839.33,-11641.005,-22441.14,-6543.54,383.84999999999997,-30371.039999999997,-12946.68,-4165.83
-10841.535,-11639.699999999999,-22455.629999999997,-6508.035,460.575,-30222.18,-12869.955,-4171.275
-10844.055,-11634.84,-22437.405,-6470.37,548.595,-30056.399999999998,-12838.769999999999,-4178.79
-10880.775,-11682.494999999999,-22452.704999999998,-6517.08,476.23499999999996,-30146.355,-12929.13,-4208.94
-10903.814999999999,-11731.365,-22483.305,-6571.215,429.21,-30170.114999999998,-12877.154999999999,-4184.325
-10841.265,-11656.08,-22421.61,-6510.375,500.66999999999996,-30124.035,-12830.715,-4137.705
-10811.565,-11612.52,-22380.03,-6455.25,569.295,-30104.64,-12853.125,-4133.565
-10794.555,-11587.23,-22346.46,-6392.115,574.65,-30107.745,-12872.97,-4131.72
-10874.654999999999,-11687.22,-22439.969999999998,-6467.219999999999,518.76,-30124.44,-12852.359999999999,-4179.555
-10930.095,-11751.21,-22529.295,-6564.915,420.79499999999996,-30238.425,-12930.435,-4229.55
-10905.074999999999,-11695.23,-22471.739999999998,-6527.88,434.15999999999997,-30253.905,-12966.75,-4227.93
-10864.935,-11653.109999999999,-22424.04,-6480.405,494.23499999999996,-30170.295,-12862.664999999999,-4186.485
-10840.68,-11626.109999999999,-22396.32,-6443.415,554.49,-30098.879999999997,-12807.63,-4163.8949999999995
-10858.635,-11649.465,-22419.54,-6465.554999999999,534.96,-30114.449999999997,-12891.33,-4189.23
-10863.09,-11649.645,-22419.629999999997,-6470.054999999999,515.79,-30127.094999999998,-12948.615,-4216.365
-10884.6,-11679.435,-22447.53,-6491.969999999999,507.015,-30097.44,-12837.06,-4214.7
-10862.595,-11673.359999999999,-22447.754999999997,-6490.889999999999,509.625,-30118.32,-12780.269999999999,-4162.1849999999995
-10841.31,-11657.97,-22440.735,-6494.715,494.72999999999996,-30169.17,-12862.394999999999,-4140.09
-10854.72,-11657.34,-22443.254999999997,-6501.105,487.34999999999997,-30174.84,-12899.34,-4169.655
-10886.895,-11689.83,-22468.274999999998,-6527.88,455.4,-30227.85,-12920.4,-4193.415
-10875.869999999999,-11674.035,-22449.465,-6510.6449999999995,470.60999999999996,-30217.004999999997,-12911.039999999999,-4190.264999999999
-10877.805,-11674.619999999999,-22447.35,-6505.29,480.78,-30184.92,-12943.755,-4208.805
-10882.664999999999,-11681.64,-22451.219999999998,-6498.945,494.19,-30163.545,-12936.42,-4220.19
-10898.414999999999,-11695.814999999999,-22457.43,-6494.535,512.145,-30128.085,-12843.585,-4210.785
-10879.289999999999,-11687.805,-22457.16,-6498.99,515.97,-30118.23,-12836.43,-4173.615
-10867.949999999999,-11676.24,-22456.44,-6500.384999999999,507.51,-30127.14,-12834.135,-4175.415
-10846.664999999999,-11639.25,-22413.735,-6469.5599999999995,508.54499999999996,-30148.695,-12851.414999999999,-4175.775
-10822.455,-11599.244999999999,-22366.079999999998,-6438.87,518.9399999999999,-30159.989999999998,-12849.029999999999,-4161.51
-10845.0,-11639.52,-22404.239999999998,-6464.16,501.255,-30178.62,-12859.289999999999,-4156.29
-10883.52,-11693.789999999999,-22464.899999999998,-6522.48,451.395,-30216.195,-12881.744999999999,-4186.845
-10904.805,-11712.779999999999,-22484.34,-6543.63,431.55,-30256.92,-12900.06,-4213.71
-10880.73,-11678.265,-22448.34,-6514.29,461.15999999999997,-30235.59,-12912.795,-4199.49
-10865.07,-11660.13,-22433.129999999997,-6501.554999999999,479.7,-30168.539999999997,-12897.0,-4188.825
-10842.705,-11638.89,-22437.315,-6493.41,483.21,-30167.73,-12914.64,-4176.99
-10865.699999999999,-11670.3,-22469.579999999998,-6525.719999999999,450.27,-30218.265,-12945.375,-4188.915
-10880.189999999999,-11697.074999999999,-22478.94,-6541.245,445.995,-30176.954999999998,-12868.38,-4176.99
-10860.795,-11665.484999999999,-22427.504999999997,-6498.855,507.69,-30078.855,-12825.72,-4165.514999999999
-10842.93,-11645.685,-22441.14,-6506.37,506.60999999999996,-30124.305,-12874.365,-4164.345
-10862.46,-11670.57,-22483.125,-6548.67,450.85499999999996,-30202.199999999997,-12880.89,-4178.565
-10882.08,-11693.115,-22479.39,-6566.58,425.60999999999996,-30257.37,-12910.635,-4193.505
-10884.24,-11686.41,-22439.879999999997,-6535.17,455.445,-30184.289999999997,-12908.25,-4204.035
-10879.38,-11678.31,-22441.184999999998,-6543.495,448.83,-30156.704999999998,-12876.705,-4197.87
-10872.539999999999,-11672.189999999999,-22443.39,-6500.745,481.905,-30204.855,-12893.13,-4187.745
-10857.645,-11661.345,-22438.079999999998,-6443.505,512.28,-30176.82,-12882.195,-4171.7699999999995
-10868.85,-11666.97,-22439.52,-6441.615,517.86,-30122.55,-12865.275,-4187.835
-10857.195,-11657.88,-22435.559999999998,-6512.49,457.155,-30228.704999999998,-12878.46,-4175.235
-10839.105,-11642.67,-22432.68,-6534.9,431.28,-30299.445,-12918.015,-4160.34
-10823.715,-11620.89,-22408.605,-6501.375,510.16499999999996,-30156.795,-12891.24,-4151.79
-10840.859999999999,-11637.99,-22417.379999999997,-6518.745,526.5,-30086.235,-12869.865,-4167.72
-10878.435,-11682.855,-22459.274999999998,-6538.365,471.33,-30164.039999999997,-12901.005,-4202.28
-10890.27,-11693.34,-22465.305,-6487.245,471.645,-30186.135,-12872.744999999999,-4213.17
-10871.189999999999,-11660.31,-22429.98,-6463.9349999999995,465.34499999999997,-30222.945,-12870.855,-4191.66
-10841.805,-11632.814999999999,-22408.965,-6454.62,520.245,-30186.495,-12918.42,-4164.66
-10852.785,-11641.635,-22416.614999999998,-6459.4349999999995,571.4549999999999,-30090.824999999997,-12877.38,-4178.34
-10855.035,-11650.455,-22425.93,-6473.115,522.495,-30134.475,-12832.92,-4164.615
-10871.234999999999,-11675.115,-22451.175,-6507.405,462.375,-30182.67,-12880.529999999999,-4177.17
-10906.38,-11711.52,-22487.265,-6532.965,438.12,-30230.954999999998,-12955.769999999999,-4227.93
-10920.824999999999,-11705.085,-22490.55,-6538.5,431.55,-30248.55,-12915.09,-4254.84
-10904.895,-11697.93,-22493.295,-6544.304999999999,413.90999999999997,-30299.445,-12895.56,-4217.04
-10829.52,-11642.31,-22435.965,-6486.84,474.03,-30277.664999999997,-12930.119999999999,-4127.805
-10845.09,-11653.109999999999,-22424.67,-6477.705,512.46,-30144.78,-12887.955,-4146.12
-10843.92,-11638.89,-22406.265,-6457.139999999999,550.62,-30064.725,-12872.835,-4157.955
-10811.789999999999,-11591.324999999999,-22358.79,-6410.07,583.6949999999999,-30071.699999999997,-12848.039999999999,-4149.045
-10804.005,-11594.295,-22368.69,-6431.13,547.56,-30115.26,-12768.795,-4116.33
-10798.47,-11599.38,-22380.254999999997,-6448.32,515.2049999999999,-30175.289999999997,-12839.984999999999,-4118.4
-10842.615,-11644.83,-22426.065,-6479.505,509.625,-30144.329999999998,-12885.39,-4165.785
-10919.835,-11723.939999999999,-22500.315,-6537.87,482.445,-30120.48,-12888.314999999999,-4224.105
-10910.43,-11711.88,-22487.445,-6529.275,466.02,-30177.315,-12904.109999999999,-4220.955
-10885.59,-11686.32,-22464.315,-6521.49,460.935,-30205.754999999997,-12926.385,-4204.755
-10876.904999999999,-11671.335,-22447.35,-6507.764999999999,479.60999999999996,-30206.07,-12951.18,-4202.82
-10908.539999999999,-11689.785,-22452.57,-6491.295,522.63,-30113.91,-12872.43,-4237.335
-10870.154999999999,-11642.67,-22398.39,-6434.054999999999,582.66,-30047.85,-12804.029999999999,-4212.9
-10866.465,-11670.84,-22441.68,-6490.8,506.60999999999996,-30146.129999999997,-12846.734999999999,-4181.625
-10851.57,-11674.574999999999,-22462.335,-6528.105,424.16999999999996,-30279.78,-12977.055,-4153.23
-10905.48,-11706.57,-22485.195,-6554.295,396.495,-30297.555,-12982.23,-4225.995
-10919.43,-11712.869999999999,-22485.645,-6525.945,486.71999999999997,-30130.829999999998,-12805.83,-4223.97
-10870.38,-11671.47,-22454.594999999998,-6489.045,513.405,-30125.655,-12779.685,-4173.345
-10824.21,-11637.72,-22447.844999999998,-6497.1449999999995,466.42499999999995,-30239.37,-12935.564999999999,-4150.755
-10861.92,-11675.295,-22494.059999999998,-6549.255,425.29499999999996,-30270.6,-12974.22,-4194.99
-10911.6,-11728.71,-22538.79,-6597.855,425.25,-30210.84,-12916.755,-4216.815
-10886.355,-11706.164999999999,-22485.555,-6557.04,477.22499999999997,-30194.82,-12871.26,-4175.865
-10872.18,-11673.765,-22432.454999999998,-6531.12,512.55,-30146.399999999998,-12952.305,-4199.67
-10884.105,-11677.23,-22444.649999999998,-6523.065,467.90999999999997,-30171.914999999997,-12966.57,-4223.16
-10914.164999999999,-11719.664999999999,-22475.385,-6515.415,436.72499999999997,-30180.914999999997,-12861.09,-4212.45
-10879.515,-11693.699999999999,-22467.78,-6526.17,469.26,-30166.605,-12834.269999999999,-4173.525
-10844.414999999999,-11647.89,-22424.895,-6500.61,501.93,-30171.329999999998,-12895.515,-4164.12
-10858.185,-11662.02,-22441.004999999997,-6472.08,509.58,-30158.73,-12872.699999999999,-4171.59
-10860.345,-11657.43,-22446.495,-6482.655,491.35499999999996,-30168.27,-12886.605,-4181.49
-10863.99,-11661.795,-22457.879999999997,-6532.0199999999995,463.68,-30186.629999999997,-12903.345,-4185.945
-10863.09,-11672.01,-22458.42,-6568.92,445.455,-30192.21,-12869.595,-4165.83
-10860.164999999999,-11668.859999999999,-22449.645,-6533.325,481.40999999999997,-30180.69,-12870.81,-4167.045
-10868.49,-11672.82,-22452.39,-6459.344999999999,505.755,-30176.73,-12886.965,-4180.32
-10874.925,-11673.9,-22435.829999999998,-6445.665,525.105,-30160.125,-12890.34,-4186.755
-10862.595,-11664.404999999999,-22427.55,-6464.745,505.89,-30178.574999999997,-12898.664999999999,-4177.3949999999995
-10851.029999999999,-11652.795,-22434.885,-6498.2699999999995,463.85999999999996,-30236.129999999997,-12938.22,-4177.665
-10849.32,-11649.015,-22443.93,-6519.42,432.27,-30278.655,-12954.195,-4180.005
-10863.539999999999,-11667.779999999999,-22469.489999999998,-6530.759999999999,461.34,-30232.035,-12917.115,-4186.62
-10891.125,-11699.955,-22495.995,-6542.505,487.305,-30164.489999999998,-12871.529999999999,-4204.53
-10887.164999999999,-11694.375,-22480.515,-6541.065,481.72499999999997,-30186.225,-12885.255,-4201.605
-10838.295,-11641.455,-22427.28,-6518.969999999999,472.59,-30171.329999999998,-12885.119999999999,-4158.945
-10830.689999999999,-11628.18,-22398.39,-6497.594999999999,463.40999999999997,-30160.98,-12893.085,-4158.855
-10872.314999999999,-11673.0,-22438.305,-6524.235,437.805,-30246.344999999998,-12922.244999999999,-4188.87
-10879.605,-11679.255,-22450.004999999997,-6485.715,466.695,-30267.675,-12936.105,-4195.215
-10879.875,-11677.68,-22449.78,-6482.295,470.47499999999997,-30216.105,-12906.18,-4190.13
-10892.43,-11688.795,-22460.489999999998,-6516.9,436.54499999999996,-30186.719999999998,-12867.3,-4203.36
-10854.494999999999,-11646.72,-22413.239999999998,-6461.28,507.645,-30130.829999999998,-12840.3,-4181.49
-10776.645,-11563.785,-22327.605,-6356.835,641.025,-30026.024999999998,-12903.164999999999,-4125.51
-10845.314999999999,-11619.99,-22384.305,-6419.16,584.01,-30095.235,-12959.73,-4195.755
-10910.025,-11698.244999999999,-22461.344999999998,-6498.36,499.40999999999997,-30152.969999999998,-12870.494999999999,-4230.63
-10838.115,-11637.855,-22415.175,-6466.23,503.82,-30162.149999999998,-12804.164999999999,-4146.255
-10801.935,-11590.74,-22370.76,-6434.82,513.9449999999999,-30208.23,-12887.1,-4124.565
-10860.885,-11643.48,-22421.07,-6481.44,481.77,-30213.135,-12938.67,-4200.795
-10951.289999999999,-11749.68,-22524.3,-6573.915,422.685,-30174.57,-12928.365,-4279.275
-10933.199999999999,-11748.689999999999,-22524.075,-6566.625,434.43,-30151.844999999998,-12883.904999999999,-4234.545
-10857.015,-11664.99,-22443.48,-6496.335,472.905,-30213.18,-12931.244999999999,-4166.415
-10847.115,-11664.09,-22451.355,-6515.415,434.205,-30242.43,-12848.894999999999,-4138.335
-10882.529999999999,-11692.845,-22481.774999999998,-6538.005,438.65999999999997,-30203.414999999997,-12879.9,-4183.92
-10897.74,-11686.994999999999,-22465.17,-6513.615,472.185,-30187.44,-12988.125,-4235.13
-10862.055,-11642.265,-22419.45,-6473.429999999999,493.695,-30225.735,-13019.22,-4221.99
-10888.47,-11683.89,-22463.73,-6515.955,457.46999999999997,-30247.245,-12919.32,-4212.135
-10893.375,-11697.795,-22477.094999999998,-6518.969999999999,485.82,-30164.67,-12844.305,-4188.24
-10876.949999999999,-11680.244999999999,-22457.52,-6501.87,498.33,-30132.09,-12846.06,-4177.889999999999
-10856.88,-11656.305,-22435.065,-6481.665,509.445,-30158.28,-12862.845,-4174.29
-10834.965,-11624.445,-22406.129999999997,-6460.605,507.69,-30179.16,-12881.115,-4179.69
-10884.195,-11686.859999999999,-22483.44,-6530.849999999999,432.945,-30238.245,-12888.855,-4212.495
-10915.244999999999,-11733.164999999999,-22567.184999999998,-6583.815,410.175,-30241.8,-12958.92,-4219.5599999999995
-10888.695,-11707.965,-22536.989999999998,-6541.38,486.04499999999996,-30119.399999999998,-12907.305,-4181.13
-10850.31,-11654.414999999999,-22419.405,-6464.025,532.485,-30082.23,-12814.199999999999,-4144.68
-10851.435,-11635.92,-22379.76,-6453.045,517.545,-30140.504999999997,-12837.15,-4168.889999999999
-10868.895,-11660.67,-22434.344999999998,-6497.46,478.48499999999996,-30196.215,-12906.63,-4189.545
-10871.685,-11677.455,-22458.735,-6519.6449999999995,454.635,-30229.379999999997,-12931.695,-4178.655
-10864.755,-11671.695,-22454.28,-6529.23,462.33,-30199.815,-12890.97,-4173.389999999999
-10870.02,-11676.645,-22460.985,-6535.17,479.52,-30152.655,-12885.345,-4178.88
-10882.574999999999,-11688.39,-22464.315,-6527.655,463.68,-30141.765,-12873.33,-4188.33
-10883.925,-11685.33,-22462.559999999998,-6535.665,440.46,-30180.96,-12891.6,-4194.09
-10872.765,-11676.015,-22464.45,-6498.63,480.15,-30237.344999999998,-12944.744999999999,-4191.12
-10862.505,-11665.26,-22448.52,-6476.715,467.23499999999996,-30250.035,-12943.664999999999,-4179.6449999999995
-10854.09,-11654.145,-22431.465,-6448.094999999999,493.335,-30153.78,-12881.295,-4171.365
-10864.26,-11665.755,-22447.305,-6482.25,519.255,-30108.239999999998,-12864.824999999999,-4181.264999999999
-10870.83,-11669.175,-22448.07,-6513.705,497.43,-30146.805,-12886.785,-4189.59
-10864.755,-11664.0,-22453.605,-6520.005,475.28999999999996,-30183.524999999998,-12906.945,-4187.79
-10860.57,-11668.275,-22478.805,-6557.355,465.84,-30211.245,-12925.394999999999,-4184.055
-10853.82,-11650.814999999999,-22457.475,-6548.445,451.16999999999996,-30260.879999999997,-12951.269999999999,-4183.47
-10844.369999999999,-11637.99,-22428.629999999997,-6497.82,444.28499999999997,-30275.01,-12953.519999999999,-4178.655
-10841.939999999999,-11639.205,-22435.965,-6498.09,472.14,-30231.27,-12935.295,-4171.23
-10870.74,-11670.345,-22478.399999999998,-6556.32,463.905,-30212.414999999997,-12876.119999999999,-4189.23
-10863.0,-11656.845,-22438.215,-6501.33,497.745,-30131.954999999998,-12831.615,-4181.175
-10867.32,-11669.58,-22452.75,-6472.71,489.015,-30172.995,-12900.465,-4194.2699999999995
-10881.494999999999,-11685.42,-22482.18,-6475.995,483.75,-30174.66,-12952.125,-4203.315
-10868.715,-11654.55,-22431.105,-6447.24,552.87,-30063.6,-12884.445,-4189.365
-10818.9,-11583.81,-22338.045,-6390.045,585.72,-30064.545,-12881.789999999999,-4170.51
-10838.925,-11617.74,-22404.6,-6441.4349999999995,525.87,-30124.89,-12897.18,-4181.13
-10893.015,-11693.744999999999,-22498.29,-6534.54,421.60499999999996,-30234.51,-12961.619999999999,-4209.57
-10897.92,-11703.869999999999,-22490.91,-6546.014999999999,398.15999999999997,-30264.75,-12911.13,-4211.28
-10891.935,-11684.475,-22445.325,-6517.17,433.84499999999997,-30236.94,-12820.14,-4212.8099999999995
-10892.115,-11684.43,-22455.495,-6514.155,460.97999999999996,-30214.17,-12938.49,-4217.085
-10917.539999999999,-11726.055,-22504.094999999998,-6548.58,456.47999999999996,-30195.18,-12987.045,-4226.175
-10898.91,-11706.705,-22487.535,-6526.844999999999,484.60499999999996,-30156.254999999997,-12910.005,-4195.53
-10882.619999999999,-11680.515,-22455.675,-6495.165,506.205,-30132.045,-12875.265,-4190.805
-10845.72,-11642.49,-22417.965,-6462.764999999999,511.065,-30152.204999999998,-12859.83,-4166.595
-10849.904999999999,-11649.42,-22430.79,-6482.474999999999,481.32,-30204.719999999998,-12872.519999999999,-4170.87
-10854.63,-11659.814999999999,-22450.184999999998,-6513.929999999999,437.805,-30257.954999999998,-12883.275,-4168.62
-10869.93,-11676.689999999999,-22467.69,-6530.04,422.72999999999996,-30267.18,-12911.535,-4177.665
-10859.13,-11652.029999999999,-22436.325,-6490.035,481.005,-30215.789999999997,-12937.365,-4184.865
-10833.029999999999,-11624.67,-22409.37,-6461.325,516.78,-30186.495,-12917.43,-4173.12
-10813.68,-11599.965,-22380.75,-6426.315,568.4399999999999,-30063.195,-12855.375,-4159.125
-10871.189999999999,-11660.175,-22438.98,-6487.065,503.28,-30116.07,-12892.365,-4203.72
-10897.425,-11697.21,-22475.204999999998,-6522.929999999999,462.06,-30194.01,-12922.47,-4201.695
-10878.795,-11684.34,-22464.54,-6513.66,472.95,-30189.329999999998,-12905.64,-4175.28
-10875.914999999999,-11681.324999999999,-22463.82,-6509.88,478.48499999999996,-30179.565,-12874.455,-4174.47
-10873.619999999999,-11677.59,-22461.795,-6509.745,475.83,-30198.87,-12885.255,-4179.915
-10859.805,-11665.619999999999,-22449.645,-6508.44,450.22499999999997,-30276.539999999997,-12920.355,-4173.705
-10859.355,-11666.97,-22452.57,-6512.94,434.835,-30298.004999999997,-12924.314999999999,-4174.425
-10867.365,-11659.859999999999,-22443.93,-6496.38,484.78499999999997,-30153.015,-12887.1,-4184.37
-10874.654999999999,-11662.244999999999,-22438.485,-6487.514999999999,507.33,-30116.565,-12870.135,-4191.57
-10870.064999999999,-11661.029999999999,-22438.395,-6490.755,499.85999999999996,-30126.78,-12873.465,-4184.91
-10866.869999999999,-11663.685,-22440.465,-6489.764999999999,497.60999999999996,-30145.995,-12888.81,-4178.474999999999
-10867.949999999999,-11664.81,-22441.004999999997,-6492.465,488.15999999999997,-30182.76,-12898.755,-4178.43
-10890.99,-11686.994999999999,-22464.495,-6516.495,471.87,-30175.289999999997,-12869.189999999999,-4193.325
-10885.859999999999,-11689.605,-22474.8,-6532.155,464.085,-30186.899999999998,-12896.595,-4187.385
-10846.755,-11647.755,-22437.765,-6508.17,496.08,-30183.39,-12940.83,-4167.764999999999
-10835.369999999999,-11629.574999999999,-22412.879999999997,-6479.865,526.5,-30162.015,-12927.6,-4168.71
-10874.115,-11673.314999999999,-22451.309999999998,-6510.33,498.73499999999996,-30147.93,-12884.355,-4189.95
-10883.789999999999,-11686.275,-22467.87,-6529.365,443.835,-30215.565,-12906.63,-4191.165
-10860.975,-11656.08,-22435.829999999998,-6507.36,465.34499999999997,-30206.925,-12903.48,-4181.715
-10858.68,-11655.99,-22431.375,-6490.17,481.95,-30196.17,-12903.255,-4179.825
-10867.275,-11673.72,-22446.27,-6479.865,473.84999999999997,-30154.949999999997,-12892.14,-4182.84
-10873.395,-11678.895,-22471.605,-6501.375,450.63,-30218.039999999997,-12916.215,-4190.4
-10869.75,-11664.314999999999,-22465.44,-6517.44,454.05,-30215.699999999997,-12906.539999999999,-4183.965
-10864.17,-11663.685,-22459.23,-6540.165,443.60999999999996,-30200.625,-12897.765,-4172.805
-10864.89,-11662.02,-22458.42,-6527.61,429.16499999999996,-30240.315,-12942.449999999999,-4183.83
-10863.539999999999,-11658.779999999999,-22452.704999999998,-6497.009999999999,434.205,-30257.684999999998,-12955.994999999999,-4186.889999999999
-10867.994999999999,-11664.494999999999,-22453.29,-6495.795,467.23499999999996,-30219.254999999997,-12920.355,-4188.014999999999
-10880.234999999999,-11673.63,-22478.94,-6546.96,500.17499999999995,-30114.855,-12850.019999999999,-4198.095
-10877.49,-11665.8,-22462.065,-6523.875,510.93,-30091.635,-12854.385,-4206.915
-10881.99,-11684.654999999999,-22472.82,-6529.5,488.88,-30160.17,-12937.635,-4199.8949999999995
-10870.244999999999,-11678.625,-22481.91,-6520.634999999999,488.115,-30247.289999999997,-12966.795,-4171.635
-10869.615,-11666.97,-22467.285,-6521.849999999999,472.455,-30268.44,-12873.869999999999,-4177.349999999999
-10868.265,-11655.765,-22428.585,-6491.205,478.215,-30220.92,-12887.865,-4188.555
-10866.375,-11644.199999999999,-22404.78,-6448.7699999999995,486.585,-30220.425,-12946.814999999999,-4196.5199999999995
-10889.46,-11690.01,-22463.684999999998,-6507.99,445.09499999999997,-30287.969999999998,-12958.605,-4194.54
-10852.154999999999,-11650.23,-22430.07,-6481.485,476.505,-30215.925,-12899.16,-4163.04
-10813.68,-11606.715,-22386.645,-6433.65,553.4549999999999,-30053.07,-12863.97,-4133.025
-10828.935,-11618.82,-22395.149999999998,-6426.09,590.265,-30024.539999999997,-12819.285,-4144.139999999999
-10856.835,-11640.33,-22411.844999999998,-6447.24,554.985,-30096.315,-12815.595,-4171.139999999999
-10917.045,-11719.935,-22512.195,-6571.53,396.405,-30267.629999999997,-12922.109999999999,-4209.345
-10895.4,-11711.925,-22522.184999999998,-6591.6449999999995,363.41999999999996,-30304.26,-13006.305,-4197.87
-10873.17,-11664.72,-22457.52,-6509.7,475.065,-30188.655,-12972.689999999999,-4206.42
-10881.539999999999,-11655.27,-22430.295,-6472.665,525.735,-30146.489999999998,-12951.225,-4239.045
-10894.59,-11686.23,-22466.295,-6507.224999999999,489.10499999999996,-30155.309999999998,-12849.705,-4219.514999999999
-10851.48,-11655.855,-22450.23,-6499.889999999999,479.15999999999997,-30211.515,-12839.445,-4137.21
-10832.49,-11634.164999999999,-22426.155,-6479.82,497.385,-30194.145,-12911.265,-4133.295
-10870.02,-11674.755,-22465.125,-6503.445,491.76,-30154.545,-12894.84,-4182.57
-10862.369999999999,-11665.395,-22456.844999999998,-6497.865,490.22999999999996,-30193.335,-12951.449999999999,-4181.625
-10859.265,-11662.875,-22462.065,-6510.735,474.615,-30212.82,-12928.14,-4165.695
-10835.55,-11625.39,-22412.835,-6475.005,491.21999999999997,-30177.495,-12861.765,-4141.62
-10853.865,-11642.22,-22428.495,-6488.099999999999,478.03499999999997,-30159.09,-12880.71,-4166.82
-10899.99,-11696.039999999999,-22483.44,-6541.605,425.115,-30245.805,-12930.66,-4201.514999999999
-10876.455,-11675.475,-22465.844999999998,-6515.415,475.10999999999996,-30167.055,-12877.335,-4186.665
-10850.445,-11650.545,-22437.989999999998,-6481.485,522.4499999999999,-30098.475,-12865.949999999999,-4169.835
-10831.455,-11615.715,-22401.135,-6447.105,535.185,-30139.965,-12899.654999999999,-4172.04
-10865.654999999999,-11640.06,-22423.004999999997,-6473.655,497.43,-30218.129999999997,-12962.205,-4209.84
-10911.42,-11704.14,-22492.44,-6545.16,429.93,-30256.695,-12969.269999999999,-4230.2699999999995
-10890.63,-11692.664999999999,-22481.19,-6524.865,479.385,-30162.375,-12881.699999999999,-4182.84
-10858.68,-11655.675,-22446.135,-6496.29,517.4549999999999,-30123.539999999997,-12847.41,-4153.59
-10855.26,-11648.115,-22445.64,-6516.495,496.215,-30158.864999999998,-12886.425,-4165.965
-10858.275,-11650.725,-22449.239999999998,-6524.235,492.75,-30171.87,-12903.885,-4171.905
-10866.105,-11661.93,-22452.93,-6496.29,504.495,-30159.27,-12894.3,-4176.315
-10864.529999999999,-11661.885,-22454.055,-6490.349999999999,496.16999999999996,-30170.52,-12869.055,-4169.115
-10858.77,-11655.314999999999,-22462.515,-6542.37,479.29499999999996,-30174.93,-12874.005,-4165.785
-10873.574999999999,-11665.8,-22471.785,-6552.2699999999995,460.71,-30210.12,-12937.949999999999,-4188.014999999999
-10881.81,-11673.99,-22466.52,-6503.58,469.935,-30240.989999999998,-12940.019999999999,-4191.885
-10880.189999999999,-11674.305,-22459.364999999998,-6442.875,501.47999999999996,-30253.995,-12931.109999999999,-4189.68
-10878.21,-11676.015,-22478.625,-6509.745,468.71999999999997,-30211.155,-12925.574999999999,-4192.065
-10880.505,-11683.529999999999,-22515.12,-6536.88,463.09499999999997,-30145.364999999998,-12894.57,-4193.639999999999
-10881.225,-11683.529999999999,-22506.39,-6537.599999999999,464.03999999999996,-30169.53,-12884.355,-4188.555
-10871.55,-11668.095,-22462.875,-6502.815,493.515,-30185.145,-12925.394999999999,-4182.57
-10865.07,-11650.32,-22437.045,-6485.3099999999995,523.62,-30182.535,-12944.385,-4181.67
-10848.689999999999,-11625.615,-22399.605,-6448.995,554.0849999999999,-30151.395,-12930.615,-4169.565
-10829.609999999999,-11605.275,-22373.1,-6436.304999999999,547.6949999999999,-30128.805,-12903.795,-4155.57
-10863.27,-11646.494999999999,-22423.05,-6462.63,516.06,-30167.684999999998,-12890.744999999999,-4178.745
-10901.07,-11694.24,-22481.415,-6517.3949999999995,460.26,-30226.815,-12907.035,-4205.16
-10903.32,-11692.98,-22480.065,-6514.065,484.695,-30200.895,-12915.855,-4218.75
-10883.115,-11673.675,-22462.155,-6507.9,489.73499999999996,-30182.265,-12918.869999999999,-4199.985
-10833.39,-11626.695,-22418.954999999998,-6476.13,481.77,-30174.254999999997,-12924.494999999999,-4147.065
-10823.805,-11605.77,-22390.245,-6442.469999999999,527.49,-30150.09,-12945.824999999999,-4147.83
-10857.465,-11635.47,-22418.684999999998,-6470.865,500.445,-30195.855,-12972.869999999999,-4186.845
-10902.24,-11677.68,-22462.875,-6514.514999999999,459.53999999999996,-30223.844999999998,-12981.869999999999,-4244.13
-10846.439999999999,-11615.13,-22401.809999999998,-6453.09,524.61,-30169.44,-12960.855,-4203.18
-10847.52,-11649.465,-22445.864999999998,-6504.165,477.405,-30207.69,-12922.785,-4150.44
-10901.97,-11719.845,-22522.59,-6586.965,380.655,-30315.914999999997,-12837.195,-4162.635
-10876.14,-11673.585,-22471.469999999998,-6542.594999999999,398.205,-30304.485,-12865.23,-4169.925
-10861.47,-11651.625,-22447.305,-6516.315,436.54499999999996,-30225.239999999998,-12912.345,-4171.545
-10851.66,-11637.945,-22430.07,-6488.28,488.835,-30181.32,-12956.22,-4169.34
-10882.98,-11674.98,-22458.96,-6500.34,498.41999999999996,-30167.504999999997,-12940.154999999999,-4191.57
-10875.779999999999,-11673.045,-22452.704999999998,-6491.565,505.79999999999995,-30196.664999999997,-12963.824999999999,-4192.065
-10840.095,-11633.085,-22420.44,-6466.7699999999995,521.505,-30142.305,-12910.59,-4156.875
-10885.68,-11684.295,-22481.235,-6538.005,436.54499999999996,-30193.379999999997,-12863.925,-4180.095
-10909.08,-11706.39,-22501.844999999998,-6556.32,417.87,-30230.73,-12879.99,-4199.22
-10857.105,-11640.06,-22430.204999999998,-6485.04,490.905,-30185.37,-12920.939999999999,-4169.385
-10840.455,-11629.484999999999,-22421.52,-6471.045,499.635,-30193.02,-12901.769999999999,-4151.34
-10885.005,-11680.244999999999,-22479.66,-6529.905,453.015,-30211.92,-12931.289999999999,-4189.23
-10896.255,-11685.869999999999,-22471.245,-6506.28,522.045,-30109.995,-12884.894999999999,-4208.4
-10888.83,-11685.33,-22470.434999999998,-6500.205,521.28,-30124.44,-12840.57,-4198.59
-10881.09,-11673.72,-22466.565,-6505.245,497.29499999999996,-30162.87,-12851.414999999999,-4180.86
-10845.99,-11634.39,-22421.024999999998,-6467.445,524.52,-30152.745,-12901.59,-4148.865
-10836.63,-11626.289999999999,-22411.395,-6447.599999999999,550.755,-30124.215,-12874.814999999999,-4146.48
-10859.58,-11637.539999999999,-22421.34,-6463.17,529.605,-30155.535,-12915.225,-4183.065
-10885.365,-11666.97,-22449.375,-6491.34,492.16499999999996,-30209.309999999998,-12920.67,-4199.175
-10865.025,-11649.24,-22439.925,-6488.865,488.07,-30228.164999999997,-12948.029999999999,-4182.3
-10825.154999999999,-11610.314999999999,-22408.11,-6465.33,517.005,-30171.105,-12920.939999999999,-4148.865
-10830.689999999999,-11627.055,-22433.265,-6491.925,495.67499999999995,-30174.03,-12917.34,-4146.255
-10888.83,-11693.475,-22498.379999999997,-6550.155,445.09499999999997,-30209.805,-12938.355,-4192.514999999999
-10878.57,-11673.63,-22476.465,-6531.84,470.43,-30191.715,-12948.615,-4199.985
-10900.574999999999,-11696.22,-22494.239999999998,-6550.155,449.90999999999997,-30214.89,-12924.404999999999,-4214.34
-10889.145,-11690.324999999999,-22485.87,-6543.63,455.94,-30210.57,-12907.664999999999,-4189.905
-10876.77,-11674.35,-22471.065,-6522.389999999999,470.7,-30211.02,-12935.115,-4183.83
-10878.93,-11673.09,-22474.305,-6519.6449999999995,458.59499999999997,-30207.329999999998,-12925.619999999999,-4189.68
-10867.859999999999,-11658.734999999999,-22455.945,-6512.13,471.10499999999996,-30194.684999999998,-12912.255,-4180.095
-10866.914999999999,-11658.015,-22455.0,-6519.735,471.59999999999997,-30196.664999999997,-12913.83,-4180.005
-10866.689999999999,-11659.23,-22458.465,-6510.735,473.13,-30200.579999999998,-12920.894999999999,-4179.69
-10867.994999999999,-11659.994999999999,-22457.07,-6517.62,463.185,-30201.48,-12920.939999999999,-4182.389999999999
-10865.205,-11657.654999999999,-22456.71,-6537.6449999999995,449.64,-30196.89,-12919.455,-4180.32
-10866.51,-11657.295,-22458.329999999998,-6547.41,441.405,-30194.19,-12931.154999999999,-4187.7
-10861.064999999999,-11646.63,-22443.524999999998,-6503.49,481.905,-30176.37,-12939.39,-4190.175
-10854.494999999999,-11632.545,-22417.92,-6442.965,541.035,-30153.375,-12923.189999999999,-4191.615
-10858.904999999999,-11640.465,-22426.29,-6447.465,533.745,-30173.445,-12904.83,-4191.345
-10883.295,-11672.279999999999,-22460.985,-6503.759999999999,475.60499999999996,-30209.895,-12939.48,-4203.855
-10874.115,-11669.039999999999,-22461.795,-6508.665,472.185,-30222.0,-12969.99,-4180.455
-10871.414999999999,-11665.529999999999,-22458.6,-6502.679999999999,481.905,-30210.3,-12926.07,-4168.26
-10855.845,-11651.895,-22447.17,-6494.219999999999,490.635,-30187.035,-12870.314999999999,-4150.889999999999
-10851.525,-11647.035,-22442.355,-6488.415,492.79499999999996,-30182.355,-12883.59,-4152.599999999999
-10860.029999999999,-11653.289999999999,-22447.754999999997,-6495.48,484.38,-30197.835,-12927.555,-4170.24
-10880.505,-11675.475,-22471.065,-6519.465,462.59999999999997,-30215.745,-12951.539999999999,-4191.255
-10879.74,-11674.529999999999,-22470.21,-6516.179999999999,471.555,-30192.3,-12899.25,-4187.115
-10843.199999999999,-11630.789999999999,-22424.399999999998,-6468.615,521.28,-30139.785,-12856.14,-4162.995
-10823.355,-11601.9,-22393.71,-6437.79,549.135,-30119.94,-12854.744999999999,-4154.94
-10855.215,-11641.05,-22436.19,-6483.014999999999,498.87,-30176.73,-12891.375,-4172.805
-10895.445,-11684.34,-22482.315,-6531.884999999999,448.56,-30237.164999999997,-12959.64,-4217.3099999999995
-10898.73,-11684.52,-22481.055,-6529.23,452.88,-30233.114999999998,-12972.96,-4226.58
-10858.725,-11642.265,-22436.91,-6484.634999999999,497.47499999999997,-30185.414999999997,-12932.189999999999,-4185.405
-10848.555,-11630.34,-22423.77,-6470.91,516.42,-30158.73,-12914.144999999999,-4172.264999999999
-10858.14,-11641.14,-22435.29,-6480.764999999999,512.28,-30156.39,-12919.32,-4172.535
-10886.76,-11676.96,-22472.864999999998,-6519.24,478.97999999999996,-30166.245,-12854.88,-4184.415
-10849.365,-11645.324999999999,-22443.93,-6489.045,506.29499999999996,-30154.545,-12832.74,-4144.455
-10849.904999999999,-11635.38,-22431.059999999998,-6477.344999999999,508.22999999999996,-30184.695,-12944.25,-4170.915
-10882.845,-11663.145,-22458.915,-6507.405,476.82,-30207.329999999998,-12961.305,-4214.115
-10888.56,-11664.9,-22458.6,-6511.455,469.305,-30226.905,-12980.205,-4225.545
-10906.74,-11706.525,-22506.704999999998,-6561.855,423.18,-30251.204999999998,-12947.67,-4199.49
-10922.805,-11733.029999999999,-22535.55,-6585.705,408.645,-30257.1,-12948.93,-4194.585
-10895.039999999999,-11684.699999999999,-22478.489999999998,-6517.889999999999,482.445,-30202.379999999997,-12951.765,-4194.045
-10890.404999999999,-11666.07,-22455.27,-6496.425,498.06,-30179.385,-12914.46,-4203.45
-10866.105,-11653.064999999999,-22449.42,-6497.865,487.215,-30186.09,-12886.695,-4172.67
-10819.664999999999,-11607.705,-22406.489999999998,-6456.42,519.48,-30168.18,-12881.654999999999,-4133.43
-10808.91,-11593.8,-22391.1,-6439.545,545.625,-30137.175,-12898.305,-4130.37
-10838.609999999999,-11620.439999999999,-22414.32,-6457.815,533.385,-30144.105,-12930.39,-4159.62
-10877.355,-11665.395,-22460.04,-6503.13,492.79499999999996,-30161.295,-12905.414999999999,-4187.34
-10888.289999999999,-11677.545,-22472.145,-6515.19,481.995,-30179.114999999998,-12945.33,-4200.21
-10906.785,-11697.48,-22491.405,-6534.764999999999,462.51,-30195.809999999998,-12946.365,-4211.82
-10899.63,-11695.005,-22489.515,-6534.99,456.47999999999996,-30212.19,-12910.365,-4189.59
-10871.145,-11659.725,-22451.265,-6495.525,495.22499999999997,-30176.504999999997,-12889.26,-4169.745
-10847.925,-11628.314999999999,-22422.735,-6472.215,505.62,-30184.829999999998,-12924.539999999999,-4167.675
-10845.494999999999,-11626.83,-22422.915,-6475.094999999999,503.145,-30211.785,-12942.63,-4165.92
-10848.645,-11635.515,-22430.879999999997,-6481.304999999999,505.97999999999996,-30185.324999999997,-12885.75,-4150.305
-10844.82,-11631.869999999999,-22424.805,-6472.844999999999,515.475,-30168.539999999997,-12879.494999999999,-4144.5
-10891.17,-11680.47,-22475.34,-6528.195,443.115,-30270.42,-12982.23,-4199.13
-10912.275,-11701.619999999999,-22494.645,-6544.665,420.47999999999996,-30269.52,-12988.17,-4225.815
-10895.58,-11685.375,-22475.655,-6519.195,461.92499999999995,-30198.914999999997,-12931.154999999999,-4199.849999999999
-10885.5,-11680.244999999999,-22475.204999999998,-6516.315,487.755,-30168.809999999998,-12896.955,-4181.58
-10864.89,-11664.225,-22482.899999999998,-6520.905,492.16499999999996,-30147.03,-12901.545,-4167.54
-10855.8,-11658.6,-22492.35,-6525.99,479.07,-30193.065,-12925.935,-4165.155
-10877.805,-11681.64,-22502.024999999998,-6549.705,460.89,-30214.574999999997,-12933.314999999999,-4184.865
-10888.335,-11684.97,-22482.765,-6572.655,432.45,-30233.745,-12933.045,-4190.445
-10881.359999999999,-11672.145,-22468.635,-6577.245,452.655,-30195.675,-12918.779999999999,-4184.46
-10879.02,-11676.779999999999,-22481.594999999998,-6564.105,474.79499999999996,-30189.105,-12920.355,-4184.865
-10876.635,-11674.439999999999,-22481.774999999998,-6514.335,495.135,-30240.09,-12923.144999999999,-4182.165
-10885.095,-11681.279999999999,-22485.69,-6486.255,444.78,-30322.035,-12951.63,-4190.715
-10872.135,-11658.24,-22449.555,-6481.889999999999,446.58,-30247.559999999998,-12921.164999999999,-4187.474999999999
-10876.68,-11657.789999999999,-22448.565,-6537.554999999999,489.24,-30130.02,-12919.59,-4205.25
-10862.685,-11641.32,-22432.454999999998,-6475.86,540.18,-30147.03,-12967.019999999999,-4203.045
-10856.789999999999,-11632.23,-22428.315,-6461.37,483.57,-30261.42,-12956.22,-4188.42
-10869.93,-11655.855,-22449.465,-6507.495,416.745,-30373.379999999997,-12966.57,-4187.07
-10884.195,-11690.414999999999,-22487.399999999998,-6536.295,414.85499999999996,-30308.985,-12962.205,-4174.155
-10854.314999999999,-11655.09,-22456.305,-6491.295,508.455,-30112.11,-12893.715,-4144.7699999999995
-10877.49,-11662.199999999999,-22459.454999999998,-6496.785,517.365,-30083.085,-12882.015,-4177.08
-10877.715,-11654.595,-22446.765,-6489.405,507.73499999999996,-30131.145,-12928.455,-4198.995
-10833.345,-11596.59,-22389.614999999998,-6439.7699999999995,538.965,-30125.879999999997,-12899.205,-4179.15
-10834.74,-11598.93,-22389.75,-6438.78,547.47,-30139.065,-12879.675,-4178.16
-10893.734999999999,-11689.064999999999,-22489.605,-6538.094999999999,471.10499999999996,-30194.19,-12928.5,-4187.655
-10918.529999999999,-11725.965,-22533.3,-6582.24,428.13,-30224.204999999998,-12958.965,-4199.3099999999995
-10895.49,-11684.385,-22484.79,-6524.594999999999,493.91999999999996,-30174.614999999998,-12962.925,-4210.155
-10872.359999999999,-11650.14,-22440.78,-6464.16,566.055,-30140.145,-12960.449999999999,-4200.84
-10885.59,-11665.08,-22454.01,-6485.715,537.255,-30149.324999999997,-12910.859999999999,-4193.415
-10887.074999999999,-11670.029999999999,-22456.44,-6489.54,531.36,-30117.195,-12873.51,-4178.79
-10903.545,-11683.98,-22469.805,-6499.53,519.435,-30146.895,-12946.68,-4208.8949999999995
-10900.89,-11691.494999999999,-22488.975,-6535.755,449.865,-30223.754999999997,-12951.404999999999,-4204.665
-10892.205,-11687.58,-22491.45,-6541.065,436.40999999999997,-30245.579999999998,-12964.41,-4200.885
-10894.095,-11683.305,-22482.36,-6525.719999999999,469.755,-30205.574999999997,-12949.335,-4204.26
-10886.445,-11677.77,-22479.795,-6531.075,448.965,-30218.805,-12905.01,-4191.615
-10877.22,-11671.515,-22475.34,-6528.285,440.82,-30225.555,-12861.269999999999,-4173.795
-10867.904999999999,-11658.779999999999,-22461.344999999998,-6508.53,466.91999999999996,-30204.045,-12875.265,-4171.095
-10856.295,-11646.09,-22445.594999999998,-6488.415,499.905,-30179.204999999998,-12915.81,-4163.58
-10843.515,-11626.92,-22425.165,-6469.514999999999,522.72,-30166.379999999997,-12917.925,-4162.005
-10803.42,-11576.97,-22374.54,-6422.58,563.85,-30137.805,-12887.55,-4142.115
-10781.46,-11546.055,-22335.3,-6379.245,613.89,-30095.684999999998,-12820.545,-4133.115
-10844.64,-11623.365,-22417.739999999998,-6466.724999999999,505.755,-30205.71,-12829.904999999999,-4174.155
-10930.994999999999,-11743.02,-22553.64,-6611.355,343.03499999999997,-30381.344999999998,-13000.185,-4207.455
-10907.505,-11713.904999999999,-22525.965,-6587.28,373.455,-30350.295,-13101.39,-4206.465
-10876.005,-11665.035,-22466.34,-6510.24,497.385,-30131.774999999998,-12953.564999999999,-4193.73
-10866.914999999999,-11657.789999999999,-22459.545,-6504.03,494.28,-30167.684999999998,-12918.33,-4176.18
-10905.164999999999,-11702.97,-22508.82,-6559.605,427.77,-30245.175,-12912.57,-4194.54
-10910.025,-11703.689999999999,-22507.29,-6557.804999999999,428.21999999999997,-30233.835,-12907.935,-4212.2699999999995
-10892.025,-11682.539999999999,-22484.925,-6530.085,455.76,-30215.024999999998,-12916.89,-4201.155
-10868.49,-11662.605,-22465.8,-6509.025,475.02,-30220.92,-12942.314999999999,-4169.43
-10877.265,-11669.58,-22471.29,-6514.0199999999995,471.645,-30234.105,-12939.795,-4176.18
-10875.015,-11667.06,-22468.004999999997,-6508.215,480.06,-30204.449999999997,-12916.529999999999,-4176.18
-10873.71,-11664.494999999999,-22461.254999999997,-6503.715,485.19,-30166.875,-12909.33,-4179.6449999999995
-10872.09,-11667.015,-22462.875,-6508.62,477.63,-30176.864999999998,-12905.369999999999,-4175.91
-10865.52,-11654.64,-22456.8,-6502.679999999999,488.43,-30178.53,-12907.08,-4171.455
-10873.305,-11650.32,-22451.895,-6500.61,485.09999999999997,-30201.57,-12922.965,-4182.885
-10876.14,-11655.404999999999,-22458.329999999998,-6511.905,463.04999999999995,-30240.495,-12955.23,-4188.24
-10874.115,-11656.17,-22457.565,-6518.655,466.02,-30229.065,-12967.92,-4190.264999999999
-10884.869999999999,-11673.945,-22477.094999999998,-6552.945,454.005,-30183.03,-12909.195,-4198.995
-10887.119999999999,-11683.439999999999,-22516.155,-6590.34,421.335,-30185.324999999997,-12899.25,-4196.88
-10866.96,-11655.855,-22494.285,-6560.73,438.34499999999997,-30217.949999999997,-12994.875,-4179.105
-10856.97,-11643.615,-22454.864999999998,-6497.28,494.23499999999996,-30220.335,-12974.445,-4170.105
-10875.42,-11660.895,-22448.16,-6505.155,471.195,-30274.92,-12934.71,-4177.71
-10879.47,-11661.029999999999,-22455.989999999998,-6510.554999999999,479.205,-30265.965,-12935.385,-4187.16
-10896.705,-11673.449999999999,-22470.57,-6505.155,499.5,-30163.905,-12946.859999999999,-4219.965
-10900.26,-11676.33,-22463.64,-6477.344999999999,531.99,-30103.559999999998,-12937.05,-4224.33
-10872.494999999999,-11647.305,-22433.309999999998,-6469.74,506.88,-30151.395,-12933.9,-4193.055
-10873.17,-11659.859999999999,-22454.055,-6494.985,487.935,-30185.82,-12895.74,-4169.07
-10881.765,-11668.994999999999,-22462.335,-6491.295,484.91999999999996,-30193.785,-12927.195,-4181.58
-10897.244999999999,-11681.955,-22477.545,-6503.49,466.875,-30204.539999999997,-12942.09,-4202.639999999999
-10873.98,-11653.695,-22460.445,-6523.514999999999,482.17499999999995,-30195.945,-12944.88,-4192.875
-10844.955,-11607.75,-22406.129999999997,-6505.11,512.1899999999999,-30156.12,-12918.96,-4191.615
-10891.215,-11661.795,-22460.085,-6547.32,439.02,-30242.07,-12944.789999999999,-4225.724999999999
-10950.48,-11753.055,-22554.315,-6597.405,378.27,-30319.469999999998,-13004.414999999999,-4232.025
-10893.645,-11688.75,-22483.35,-6511.59,448.695,-30238.695,-12991.455,-4180.005
-10887.705,-11671.875,-22466.879999999997,-6514.335,447.435,-30237.254999999997,-12956.445,-4200.93
-10872.18,-11656.305,-22453.2,-6509.16,450.18,-30251.699999999997,-12978.359999999999,-4195.665
-10836.855,-11618.414999999999,-22416.344999999998,-6466.815,505.66499999999996,-30174.57,-12900.6,-4157.865
-10860.029999999999,-11648.744999999999,-22452.254999999997,-6494.8949999999995,505.08,-30125.565,-12841.019999999999,-4158.63
-10917.585,-11711.205,-22515.84,-6562.889999999999,440.90999999999997,-30196.26,-12897.765,-4207.7699999999995
-10901.564999999999,-11697.164999999999,-22501.215,-6545.88,450.675,-30208.77,-12916.664999999999,-4191.4349999999995
-10831.14,-11615.445,-22414.68,-6455.565,535.8149999999999,-30141.405,-12883.769999999999,-4136.8949999999995
-10836.855,-11609.055,-22402.17,-6442.065,548.235,-30157.379999999997,-12910.994999999999,-4156.47
-10883.564999999999,-11659.545,-22448.43,-6487.065,513.9449999999999,-30180.914999999997,-12956.039999999999,-4200.4349999999995
-10918.395,-11706.795,-22505.085,-6550.74,436.185,-30227.129999999997,-12940.47,-4222.889999999999
-10890.99,-11678.895,-22482.675,-6528.24,446.76,-30231.899999999998,-12924.314999999999,-4202.82
-10869.345,-11653.47,-22454.055,-6501.014999999999,471.78,-30237.3,-12946.365,-4185.2699999999995
-10839.15,-11625.705,-22425.344999999998,-6471.45,506.88,-30204.27,-12920.445,-4142.385
-10866.555,-11652.164999999999,-22454.28,-6503.355,468.9,-30206.789999999997,-12913.965,-4173.93
-10887.48,-11685.465,-22495.05,-6548.445,410.21999999999997,-30248.82,-12975.615,-4196.61
-10883.564999999999,-11688.795,-22496.445,-6541.335,435.78,-30226.68,-12943.664999999999,-4181.04
-10878.39,-11678.13,-22479.704999999998,-6513.705,489.33,-30162.465,-12887.55,-4169.655
-10876.904999999999,-11667.689999999999,-22470.254999999997,-6512.445,474.21,-30217.32,-12925.98,-4179.6449999999995
-10877.175,-11668.14,-22470.12,-6513.165,477.135,-30223.485,-12951.585,-4186.26
-10867.994999999999,-11661.164999999999,-22461.03,-6502.32,486.04499999999996,-30202.605,-12956.67,-4181.58
-10873.035,-11668.949999999999,-22473.36,-6514.11,472.68,-30188.475,-12917.564999999999,-4178.205
-10887.345,-11669.4,-22472.504999999997,-6518.88,468.22499999999997,-30186.855,-12877.695,-4189.23
-10893.869999999999,-11666.295,-22462.379999999997,-6508.755,478.26,-30168.809999999998,-12849.975,-4207.635
-10884.96,-11660.22,-22458.87,-6502.634999999999,486.135,-30182.309999999998,-12875.039999999999,-4203.945
-10870.605,-11657.43,-22457.475,-6500.61,491.085,-30207.51,-12984.48,-4176.764999999999
-10881.09,-11675.97,-22470.75,-6513.705,471.91499999999996,-30237.975,-12983.805,-4179.195
-10867.994999999999,-11658.824999999999,-22456.71,-6500.295,482.4,-30222.315,-12933.63,-4170.195
-10875.015,-11654.91,-22455.225,-6514.335,472.005,-30184.739999999998,-12925.305,-4182.525
-10884.105,-11662.38,-22464.765,-6529.05,451.89,-30228.12,-12945.555,-4194.45
-10886.49,-11665.439999999999,-22472.28,-6533.28,448.065,-30214.844999999998,-12971.16,-4205.97
-10889.189999999999,-11669.265,-22473.54,-6519.42,472.59,-30223.98,-12965.085,-4203.2699999999995
-10872.404999999999,-11657.025,-22460.715,-6516.585,490.005,-30195.405,-12896.144999999999,-4170.599999999999
-10851.164999999999,-11638.215,-22435.695,-6502.905,500.265,-30157.965,-12863.564999999999,-4147.965
-10873.215,-11662.244999999999,-22463.055,-6524.37,468.63,-30195.0,-12935.564999999999,-4178.655
-10898.055,-11686.32,-22495.905,-6544.08,441.63,-30215.565,-12955.5,-4204.08
-10882.17,-11660.445,-22465.215,-6510.465,462.96,-30232.98,-12942.314999999999,-4197.555
-10872.27,-11648.34,-22452.12,-6497.73,452.34,-30248.37,-12946.23,-4191.255
-10881.855,-11660.67,-22459.905,-6486.615,503.19,-30178.35,-12962.654999999999,-4204.035
-10873.755,-11646.225,-22453.425,-6470.009999999999,542.925,-30162.329999999998,-12976.154999999999,-4210.875
-10856.609999999999,-11627.369999999999,-22467.78,-6468.66,538.65,-30197.07,-13006.619999999999,-4200.48
-10866.645,-11644.515,-22479.12,-6483.195,536.76,-30167.73,-12959.505,-4182.615
-10900.71,-11677.095,-22460.94,-6497.37,511.38,-30129.48,-12895.154999999999,-4195.9349999999995
-10938.015,-11724.615,-22485.105,-6554.655,431.46,-30201.704999999998,-12867.345,-4209.57
-10909.305,-11701.98,-22487.175,-6552.09,435.59999999999997,-30215.969999999998,-12876.795,-4184.955
-10854.9,-11648.654999999999,-22447.754999999997,-6490.44,504.945,-30165.164999999997,-12909.285,-4145.67
-10873.26,-11660.175,-22460.445,-6504.075,475.38,-30184.02,-12947.984999999999,-4188.51
-10898.595,-11692.935,-22498.739999999998,-6550.11,414.945,-30259.079999999998,-12950.414999999999,-4200.48
-10902.645,-11692.17,-22494.915,-6541.785,427.72499999999997,-30260.024999999998,-12927.105,-4199.49
-10900.395,-11687.265,-22491.989999999998,-6541.065,435.465,-30246.344999999998,-12946.59,-4205.295
-10877.805,-11670.615,-22478.985,-6531.57,447.12,-30204.719999999998,-12951.135,-4184.28
-10873.935,-11672.055,-22477.815,-6521.804999999999,461.29499999999996,-30210.524999999998,-12938.445,-4181.94
-10887.705,-11674.395,-22480.92,-6523.92,457.46999999999997,-30252.51,-12942.539999999999,-4196.5199999999995
-10899.945,-11674.484999999999,-22475.204999999998,-6526.3949999999995,451.575,-30238.245,-12916.125,-4204.349999999999
-10870.47,-11651.13,-22455.18,-6507.36,470.29499999999996,-30191.265,-12931.154999999999,-4178.474999999999
-10823.355,-11597.31,-22398.434999999998,-6453.764999999999,519.21,-30159.495,-12930.3,-4147.74
-10816.47,-11594.52,-22400.55,-6454.9349999999995,516.735,-30204.629999999997,-12972.105,-4137.48
-10873.395,-11663.055,-22473.629999999997,-6534.134999999999,432.495,-30282.524999999998,-12989.97,-4175.415
-10897.56,-11694.96,-22505.219999999998,-6557.175,425.43,-30264.03,-12941.055,-4185.45
-10847.34,-11626.74,-22430.295,-6465.69,548.64,-30125.475,-12865.545,-4160.295
-10869.255,-11638.89,-22433.309999999998,-6468.3,536.895,-30132.945,-12885.3,-4195.755
-10913.535,-11684.835,-22489.29,-6531.795,449.46,-30233.789999999997,-12955.814999999999,-4236.57
-10916.324999999999,-11697.525,-22504.815,-6553.9349999999995,428.445,-30247.605,-12945.24,-4222.755
-10905.525,-11701.08,-22512.015,-6551.415,445.68,-30239.504999999997,-12965.22,-4188.825
-10911.015,-11705.58,-22510.665,-6549.165,447.12,-30224.114999999998,-12931.064999999999,-4188.87
-10891.125,-11680.695,-22489.02,-6537.554999999999,443.385,-30250.125,-12936.869999999999,-4183.83
-10868.355,-11648.835,-22457.43,-6513.165,459.135,-30259.89,-12961.619999999999,-4175.73
-10823.085,-11591.1,-22387.545,-6454.349999999999,508.635,-30219.614999999998,-12934.125,-4148.1449999999995
-10833.75,-11596.41,-22384.89,-6448.59,516.15,-30181.364999999998,-12897.269999999999,-4159.755
-10893.465,-11662.199999999999,-22452.795,-6518.429999999999,452.655,-30161.204999999998,-12895.965,-4205.115
-10927.619999999999,-11708.414999999999,-22496.04,-6567.165,406.97999999999996,-30211.695,-12942.314999999999,-4219.785
-10900.484999999999,-11678.85,-22463.73,-6516.315,482.31,-30147.614999999998,-12922.605,-4195.755
-10883.115,-11657.43,-22432.5,-6484.455,515.835,-30108.555,-12900.689999999999,-4175.235
-10879.02,-11665.17,-22459.815,-6513.929999999999,485.19,-30141.675,-12890.925,-4163.13
-10886.039999999999,-11682.675,-22529.16,-6575.355,442.53,-30188.925,-12914.64,-4173.615
-10885.77,-11683.215,-22536.45,-6589.035,420.885,-30214.305,-12945.465,-4181.085
-10883.97,-11671.02,-22477.905,-6526.9349999999995,452.205,-30213.18,-12948.615,-4188.24
-10880.775,-11659.68,-22448.565,-6476.985,509.66999999999996,-30193.559999999998,-12936.96,-4188.014999999999
-10879.425,-11658.195,-22455.045,-6497.415,514.305,-30185.55,-12933.63,-4186.44
-10880.685,-11653.83,-22443.12,-6509.7,504.27,-30185.235,-12947.085,-4196.115
-10886.31,-11658.105,-22445.28,-6494.804999999999,504.81,-30193.739999999998,-12959.64,-4199.264999999999
-10894.14,-11671.695,-22473.09,-6514.74,476.46,-30201.524999999998,-12951.045,-4194.945
-10894.32,-11674.439999999999,-22485.87,-6523.74,469.62,-30212.145,-12926.744999999999,-4191.615
-10900.89,-11676.645,-22490.145,-6552.63,469.53,-30220.605,-12944.564999999999,-4214.655
-10898.73,-11671.83,-22490.145,-6541.469999999999,489.825,-30196.079999999998,-12953.205,-4220.1449999999995
-10870.605,-11656.71,-22481.28,-6474.599999999999,513.0,-30187.844999999998,-12938.894999999999,-4168.485
-10859.175,-11642.58,-22462.379999999997,-6456.24,486.27,-30201.03,-12903.48,-4155.57
-10844.414999999999,-11614.725,-22426.065,-6448.679999999999,526.3199999999999,-30195.045,-12970.215,-4165.65
-10852.02,-11623.904999999999,-22420.215,-6474.24,523.53,-30191.265,-12991.365,-4167.63
-10864.619999999999,-11637.765,-22435.605,-6503.535,513.585,-30183.66,-12948.345,-4173.4349999999995
-10925.64,-11709.494999999999,-22520.969999999998,-6589.8,422.955,-30245.265,-12952.529999999999,-4226.355
-10900.26,-11687.039999999999,-22503.96,-6577.2,406.575,-30285.405,-12962.789999999999,-4201.65
-10843.289999999999,-11630.744999999999,-22442.85,-6511.365,434.745,-30260.204999999998,-12921.074999999999,-4144.41
-10887.57,-11672.64,-22472.37,-6507.045,450.585,-30213.855,-12900.015,-4177.889999999999
-10920.285,-11708.189999999999,-22522.14,-6542.415,435.28499999999997,-30185.19,-12899.609999999999,-4197.69
-10889.055,-11671.515,-22490.594999999998,-6512.445,467.90999999999997,-30176.37,-12927.105,-4177.3949999999995
-10889.01,-11668.545,-22476.96,-6506.865,484.83,-30182.219999999998,-12896.865,-4181.13
-10882.845,-11654.955,-22449.329999999998,-6493.139999999999,491.715,-30193.02,-12909.689999999999,-4192.965
-10864.439999999999,-11635.47,-22436.73,-6489.99,491.805,-30195.945,-12960.045,-4191.57
-10900.755,-11683.125,-22493.61,-6549.165,429.615,-30250.754999999997,-12984.435,-4211.73
-10910.34,-11698.02,-22511.07,-6566.4,414.675,-30265.605,-12976.83,-4208.58
-10895.22,-11680.199999999999,-22490.28,-6540.929999999999,444.51,-30234.42,-12966.48,-4195.08
-10880.865,-11657.925,-22465.44,-6516.8099999999995,464.49,-30218.355,-12952.98,-4187.115
-10884.6,-11666.475,-22468.86,-6522.03,456.3,-30236.355,-12925.619999999999,-4179.42
-10883.88,-11678.039999999999,-22485.6,-6536.34,443.205,-30243.735,-12899.16,-4169.88
-10864.035,-11650.545,-22459.004999999997,-6509.295,473.715,-30215.789999999997,-12945.33,-4161.51
-10864.305,-11648.295,-22453.379999999997,-6504.705,472.85999999999996,-30227.265,-12930.3,-4166.595
-10870.605,-11653.74,-22460.715,-6515.505,450.81,-30265.559999999998,-12924.404999999999,-4174.38
-10894.68,-11673.359999999999,-22481.235,-6529.815,454.32,-30226.905,-12909.555,-4194.585
-10908.18,-11683.26,-22485.96,-6531.165,466.155,-30169.305,-12906.09,-4208.805
-10891.035,-11661.525,-22465.98,-6525.855,446.21999999999997,-30218.219999999998,-12946.904999999999,-4207.545
-10894.994999999999,-11667.555,-22474.665,-6527.745,452.385,-30239.414999999997,-12939.119999999999,-4210.29
-10858.994999999999,-11640.6,-22444.29,-6491.835,489.51,-30249.09,-12988.35,-4163.715
-10778.715,-11554.154999999999,-22364.145,-6422.804999999999,531.0,-30249.945,-13078.89,-4131.18
-10758.6,-11513.385,-22320.315,-6372.495,597.15,-30106.215,-12953.43,-4125.6449999999995
-10874.385,-11636.414999999999,-22434.704999999998,-6482.07,504.85499999999996,-30161.789999999997,-12850.425,-4186.215
-10976.625,-11772.675,-22580.415,-6625.755,370.62,-30291.704999999998,-12909.06,-4231.845
-10937.385,-11732.175,-22541.355,-6586.514999999999,410.265,-30272.265,-12965.49,-4208.805
-10904.715,-11690.685,-22497.975,-6539.49,470.025,-30180.239999999998,-12905.144999999999,-4190.355
-10888.109999999999,-11670.705,-22475.655,-6512.085,504.63,-30138.57,-12891.285,-4172.355
-10887.164999999999,-11668.365,-22471.965,-6512.804999999999,490.72499999999997,-30175.155,-12915.18,-4176.45
-10864.619999999999,-11643.84,-22448.024999999998,-6493.545,485.28,-30241.17,-12933.494999999999,-4164.66
-10864.439999999999,-11637.18,-22438.665,-6485.8949999999995,485.055,-30256.065,-12964.41,-4175.235
-10906.74,-11684.744999999999,-22493.16,-6524.73,474.075,-30202.379999999997,-12975.48,-4203.2699999999995
-10919.52,-11701.08,-22525.649999999998,-6538.455,481.185,-30177.315,-12955.05,-4211.28
-10908.359999999999,-11685.42,-22503.195,-6532.695,477.495,-30210.074999999997,-12978.494999999999,-4211.01
-10902.015,-11678.625,-22472.684999999998,-6525.09,475.56,-30198.645,-13000.455,-4207.68
-10894.635,-11668.545,-22463.145,-6511.905,488.52,-30165.21,-12945.644999999999,-4205.655
-10885.5,-11656.935,-22460.489999999998,-6510.33,479.07,-30189.6,-12932.73,-4205.655
-10892.16,-11667.689999999999,-22470.75,-6519.465,473.445,-30180.69,-12912.3,-4194.675
-10877.265,-11656.17,-22463.594999999998,-6515.505,483.34499999999997,-30158.73,-12894.57,-4170.285
-10877.715,-11651.984999999999,-22458.915,-6508.62,481.455,-30184.92,-12925.845,-4179.735
-10883.609999999999,-11655.404999999999,-22460.265,-6502.59,489.59999999999997,-30196.71,-12943.845,-4190.94
-10898.189999999999,-11671.02,-22478.535,-6524.37,465.93,-30242.024999999998,-12972.195,-4207.095
-10901.295,-11681.414999999999,-22490.864999999998,-6540.03,449.01,-30244.995,-12956.49,-4199.805
-10894.68,-11684.52,-22498.245,-6557.58,440.72999999999996,-30219.84,-12923.1,-4183.83
-10874.654999999999,-11662.064999999999,-22478.535,-6558.03,442.755,-30207.87,-12919.05,-4170.555
-10855.439999999999,-11636.685,-22454.91,-6542.28,457.83,-30192.524999999998,-12909.644999999999,-4159.98
-10860.345,-11634.66,-22455.045,-6543.495,461.88,-30175.875,-12896.595,-4172.085
-10875.42,-11654.324999999999,-22482.09,-6519.014999999999,488.115,-30190.815,-12911.715,-4182.615
-10888.244999999999,-11678.039999999999,-22514.715,-6518.115,468.495,-30252.555,-12964.32,-4185.764999999999
-10880.73,-11659.05,-22467.78,-6466.905,505.03499999999997,-30238.739999999998,-12981.644999999999,-4189.32
-10874.295,-11650.814999999999,-22443.39,-6476.94,512.01,-30209.039999999997,-12951.63,-4177.9349999999995
-10868.67,-11644.875,-22441.77,-6508.485,474.21,-30200.129999999997,-12962.97,-4172.175
-10857.105,-11615.039999999999,-22407.704999999998,-6466.365,504.27,-30181.454999999998,-13007.564999999999,-4196.385
-10850.265,-11609.82,-22408.02,-6459.84,510.65999999999997,-30199.5,-12976.92,-4186.71
-10882.08,-11672.55,-22481.82,-6521.8949999999995,464.03999999999996,-30201.93,-12910.23,-4165.2
-10913.4,-11708.955,-22519.17,-6558.795,433.26,-30226.094999999998,-12921.84,-4184.865
-10917.27,-11709.449999999999,-22516.155,-6557.13,428.085,-30243.78,-12928.455,-4201.695
-10908.765,-11695.77,-22509.719999999998,-6555.69,428.13,-30240.629999999997,-12907.619999999999,-4197.6449999999995
-10872.314999999999,-11645.64,-22455.945,-6504.929999999999,479.52,-30205.664999999997,-12937.23,-4180.23
-10827.404999999999,-11597.85,-22404.149999999998,-6449.445,536.805,-30162.149999999998,-12945.33,-4147.74
-10834.47,-11608.605,-22417.379999999997,-6464.61,517.095,-30192.524999999998,-12938.805,-4140.764999999999
-10888.199999999999,-11668.32,-22478.445,-6527.295,450.85499999999996,-30251.43,-12936.105,-4177.53
-10872.045,-11653.74,-22459.364999999998,-6500.34,482.76,-30228.254999999997,-12909.869999999999,-4165.11
-10853.865,-11631.015,-22438.26,-6477.75,518.355,-30162.645,-12894.074999999999,-4155.84
-10890.539999999999,-11668.32,-22478.94,-6529.995,458.46,-30222.989999999998,-12951.765,-4197.014999999999
-10909.619999999999,-11685.555,-22497.165,-6555.105,415.71,-30285.989999999998,-13027.59,-4224.465
-10909.35,-11677.545,-22485.329999999998,-6551.505,398.835,-30317.175,-13058.234999999999,-4233.87
-10884.869999999999,-11667.869999999999,-22479.704999999998,-6542.009999999999,410.265,-30319.245,-13007.564999999999,-4195.44
-10895.22,-11683.26,-22496.985,-6541.065,454.905,-30231.719999999998,-12893.039999999999,-4168.53
-10909.08,-11690.46,-22498.065,-6544.08,444.06,-30232.844999999998,-12922.74,-4187.655
-10913.984999999999,-11694.779999999999,-22504.995,-6560.37,404.145,-30299.895,-12953.88,-4202.19
-10879.83,-11654.955,-22463.864999999998,-6506.235,495.585,-30168.539999999997,-12915.99,-4173.93
-10876.005,-11645.055,-22443.165,-6468.974999999999,565.1999999999999,-30075.66,-12891.914999999999,-4176.405
-10884.96,-11655.539999999999,-22456.079999999998,-6486.75,522.045,-30150.045,-12972.869999999999,-4198.905
-10912.455,-11687.355,-22490.325,-6527.429999999999,458.865,-30223.844999999998,-12977.189999999999,-4214.79
-10907.279999999999,-11687.445,-22490.64,-6528.33,456.84,-30219.614999999998,-12923.73,-4195.035
-10889.369999999999,-11659.095,-22456.035,-6486.929999999999,520.335,-30140.55,-12884.175,-4189.05
-10879.38,-11645.82,-22449.195,-6484.32,533.5649999999999,-30121.515,-12926.205,-4188.33
-10892.744999999999,-11666.205,-22480.155,-6539.58,441.53999999999996,-30253.545,-13021.605,-4204.755
-10894.005,-11668.814999999999,-22478.489999999998,-6530.94,449.505,-30265.515,-13018.14,-4211.37
-10871.505,-11645.414999999999,-22446.27,-6478.0199999999995,513.81,-30177.27,-12923.595,-4174.514999999999
-10878.119999999999,-11660.76,-22468.364999999998,-6498.54,502.78499999999997,-30170.61,-12902.939999999999,-4160.79
-10887.3,-11670.074999999999,-22484.114999999998,-6520.5,477.04499999999996,-30191.85,-12911.625,-4176.855
-10877.4,-11659.095,-22475.07,-6524.639999999999,469.755,-30191.579999999998,-12909.779999999999,-4173.21
-10872.9,-11656.529999999999,-22473.945,-6525.0,465.03,-30207.329999999998,-12950.055,-4169.295
-10858.095,-11635.47,-22451.489999999998,-6499.889999999999,486.04499999999996,-30208.14,-12977.82,-4170.78
-10874.43,-11649.96,-22465.44,-6516.36,485.82,-30203.954999999998,-12959.055,-4184.1449999999995
-10894.725,-11682.945,-22503.105,-6569.639999999999,436.77,-30242.879999999997,-12939.795,-4181.805
-10880.55,-11665.395,-22488.704999999998,-6565.1849999999995,445.77,-30236.94,-12934.89,-4175.1449999999995
-10897.064999999999,-11686.455,-22526.28,-6575.445,436.185,-30234.51,-12930.029999999999,-4185.09
-10875.555,-11663.82,-22517.55,-6576.929999999999,465.39,-30222.0,-12937.5,-4169.43
-10864.08,-11639.34,-22454.73,-6473.969999999999,518.67,-30200.985,-12941.685,-4168.53
-10888.92,-11654.91,-22433.445,-6453.495,482.21999999999997,-30205.079999999998,-12938.76,-4190.94
-10905.795,-11680.65,-22473.18,-6517.08,446.76,-30207.465,-12924.269999999999,-4194.8099999999995
-10880.279999999999,-11654.865,-22459.905,-6512.94,448.335,-30224.565,-12947.894999999999,-4179.555
-10882.755,-11659.68,-22469.805,-6505.875,455.35499999999996,-30249.539999999997,-12966.255,-4182.389999999999
-10891.529999999999,-11670.615,-22471.155,-6496.469999999999,488.745,-30218.895,-12952.035,-4185.54
-10886.265,-11665.17,-22475.204999999998,-6525.54,505.16999999999996,-30189.824999999997,-12966.074999999999,-4187.565
-10865.699999999999,-11636.46,-22454.684999999998,-6490.44,481.185,-30225.149999999998,-13003.515,-4183.83
-10854.09,-11618.73,-22426.965,-6472.53,487.44,-30220.425,-12964.005,-4175.19
-10880.145,-11660.265,-22466.43,-6508.53,477.27,-30202.245,-12884.67,-4174.695
-10902.105,-11696.22,-22510.844999999998,-6550.38,442.16999999999996,-30245.625,-12897.72,-4179.465
-10906.154999999999,-11682.63,-22492.71,-6540.03,457.155,-30253.815,-12962.789999999999,-4202.505
-10874.835,-11635.83,-22437.855,-6489.179999999999,516.285,-30197.699999999997,-13031.234999999999,-4208.805
-10848.42,-11601.72,-22400.235,-6457.005,519.48,-30180.96,-13000.904999999999,-4194.315
-10885.005,-11655.945,-22463.91,-6525.54,419.98499999999996,-30274.875,-12924.99,-4190.445
-10890.539999999999,-11676.285,-22493.43,-6553.9349999999995,399.555,-30333.555,-12945.195,-4171.23
-10858.68,-11639.564999999999,-22456.44,-6515.639999999999,440.90999999999997,-30335.085,-12946.994999999999,-4145.94
-10839.15,-11619.0,-22435.649999999998,-6489.99,486.35999999999996,-30234.555,-12870.18,-4128.84
-10863.945,-11646.09,-22461.885,-6513.929999999999,474.79499999999996,-30146.355,-12836.16,-4150.845
-10896.705,-11674.755,-22484.295,-6525.54,472.04999999999995,-30211.065,-12945.24,-4197.555
-10903.59,-11675.654999999999,-22478.715,-6506.91,511.46999999999997,-30171.105,-13033.35,-4221.945
-10907.414999999999,-11689.289999999999,-22495.815,-6523.695,500.98499999999996,-30158.864999999998,-13010.265,-4215.6449999999995
-10884.105,-11664.359999999999,-22472.01,-6503.94,509.66999999999996,-30156.704999999998,-12942.09,-4185.945
-10916.279999999999,-11696.49,-22500.765,-6537.33,473.085,-30177.539999999997,-12894.93,-4196.61
-10906.83,-11685.869999999999,-22492.98,-6531.389999999999,475.46999999999997,-30192.614999999998,-12931.47,-4189.23
-10893.555,-11671.605,-22481.954999999998,-6525.99,474.57,-30226.094999999998,-12988.08,-4182.3
-10891.215,-11667.42,-22476.015,-6521.8949999999995,476.23499999999996,-30229.199999999997,-13008.555,-4193.19
-10885.904999999999,-11653.154999999999,-22457.52,-6496.155,510.65999999999997,-30178.215,-12982.455,-4204.3949999999995
-10901.925,-11661.93,-22462.469999999998,-6501.014999999999,499.185,-30210.614999999998,-12975.795,-4222.3949999999995
-10915.695,-11680.289999999999,-22483.71,-6524.91,465.435,-30252.78,-12961.574999999999,-4221.315
-10870.695,-11646.765,-22450.004999999997,-6491.205,498.10499999999996,-30216.329999999998,-12946.23,-4165.38
-10846.755,-11633.939999999999,-22441.364999999998,-6482.835,516.105,-30156.93,-12917.295,-4140.36
-10873.619999999999,-11648.564999999999,-22458.825,-6507.179999999999,485.685,-30186.719999999998,-12939.029999999999,-4169.655
-10904.805,-11673.0,-22480.379999999997,-6526.259999999999,478.97999999999996,-30169.53,-12893.4,-4193.28
-10899.675,-11672.279999999999,-22481.46,-6522.165,481.14,-30189.914999999997,-12936.96,-4194.855
-10888.695,-11663.055,-22472.145,-6518.295,471.10499999999996,-30216.285,-12945.285,-4181.49
-10861.154999999999,-11631.375,-22429.844999999998,-6476.535,522.18,-30158.73,-12897.63,-4153.139999999999
-10863.9,-11631.33,-22427.954999999998,-6475.32,520.245,-30165.254999999997,-12924.225,-4169.07
-10898.145,-11675.205,-22483.215,-6526.62,466.335,-30231.765,-12986.685,-4198.86
-10894.77,-11674.395,-22485.51,-6540.974999999999,441.18,-30252.285,-12980.205,-4188.014999999999
-10876.365,-11649.105,-22459.23,-6512.13,478.305,-30208.094999999998,-12932.279999999999,-4180.275
-10905.119999999999,-11680.695,-22493.879999999997,-6535.8,456.79499999999996,-30221.414999999997,-12914.279999999999,-4199.8949999999995
-10904.175,-11681.279999999999,-22491.629999999997,-6532.92,448.91999999999996,-30239.37,-12932.955,-4192.965
-10892.97,-11667.51,-22473.54,-6514.965,472.905,-30210.975,-12940.199999999999,-4187.34
-10891.439999999999,-11664.404999999999,-22469.76,-6509.025,482.76,-30201.48,-12951.675,-4190.715
-10892.475,-11671.02,-22486.59,-6537.014999999999,449.72999999999996,-30227.895,-12958.965,-4188.555
-10893.06,-11675.16,-22494.329999999998,-6546.825,442.48499999999996,-30232.754999999997,-12927.644999999999,-4179.33
-10877.49,-11662.244999999999,-22478.985,-6525.585,465.57,-30226.364999999998,-12949.289999999999,-4162.68
-10883.115,-11669.939999999999,-22487.715,-6542.73,457.695,-30237.03,-12971.205,-4174.0199999999995
-10875.689999999999,-11660.715,-22482.899999999998,-6566.58,440.41499999999996,-30243.195,-12969.045,-4175.415
-10882.845,-11662.335,-22481.37,-6580.755,430.28999999999996,-30238.02,-12959.1,-4182.345
-10899.81,-11677.5,-22490.504999999997,-6559.38,439.02,-30227.535,-12953.564999999999,-4197.51
-10898.414999999999,-11674.845,-22484.295,-6525.54,464.21999999999997,-30237.03,-12949.154999999999,-4198.139999999999
-10883.07,-11658.869999999999,-22465.89,-6493.005,500.895,-30242.969999999998,-12959.82,-4185.585
-10880.369999999999,-11658.465,-22471.245,-6512.715,457.335,-30278.699999999997,-12995.82,-4182.255
-10863.0,-11652.119999999999,-22495.41,-6529.815,413.72999999999996,-30307.14,-12989.475,-4162.995
-10848.645,-11635.83,-22480.29,-6504.344999999999,461.7,-30241.44,-12981.6,-4154.535
-10879.02,-11653.83,-22470.254999999997,-6499.755,504.85499999999996,-30150.135,-12924.63,-4180.23
-10901.115,-11675.205,-22500.135,-6509.969999999999,499.09499999999997,-30157.289999999997,-12946.32,-4203.45
-10867.005,-11632.59,-22447.079999999998,-6472.08,510.075,-30238.289999999997,-12950.505,-4167.99
-10828.395,-11586.869999999999,-22373.864999999998,-6441.21,508.5,-30307.32,-12955.545,-4138.425
-10852.199999999999,-11603.385,-22392.809999999998,-6454.755,501.12,-30272.445,-12986.82,-4185.09
-10950.029999999999,-11723.67,-22522.77,-6578.865,414.135,-30214.305,-12964.814999999999,-4250.205
-10931.715,-11713.904999999999,-22519.305,-6570.2699999999995,432.27,-30185.82,-12961.215,-4221.99
-10883.835,-11663.73,-22471.11,-6518.16,486.315,-30149.73,-12927.555,-4162.1849999999995
-10877.039999999999,-11651.715,-22457.879999999997,-6501.6449999999995,503.46,-30162.69,-12916.664999999999,-4161.195
-10887.975,-11664.27,-22473.719999999998,-6511.995,495.495,-30194.414999999997,-12973.185,-4186.62
-10901.52,-11667.24,-22468.454999999998,-6500.07,512.775,-30170.699999999997,-13004.91,-4219.2
-10902.555,-11660.805,-22462.245,-6500.5199999999995,506.15999999999997,-30163.41,-12937.635,-4216.68
-10877.895,-11648.295,-22459.454999999998,-6506.865,486.27,-30188.34,-12846.105,-4163.94
-10825.515,-11593.98,-22409.055,-6459.12,523.0799999999999,-30194.73,-12943.845,-4127.22
-10834.695,-11607.795,-22419.315,-6458.445,541.98,-30159.27,-12962.789999999999,-4125.825
-10869.119999999999,-11644.92,-22452.48,-6487.605,522.54,-30155.265,-12919.365,-4153.815
-10878.975,-11651.49,-22460.265,-6501.554999999999,501.16499999999996,-30177.225,-12926.789999999999,-4177.44
-10919.43,-11702.925,-22520.52,-6567.84,424.03499999999997,-30258.945,-12960.9,-4204.53
-10950.93,-11736.539999999999,-22552.379999999997,-6593.445,405.35999999999996,-30285.585,-12992.625,-4228.5599999999995
-10936.89,-11714.715,-22521.105,-6552.54,462.33,-30218.175,-12948.885,-4219.335
-10930.05,-11705.895,-22511.835,-6542.099999999999,477.27,-30200.039999999997,-12933.63,-4218.84
-10900.574999999999,-11675.835,-22491.0,-6536.205,454.635,-30244.23,-12968.505,-4195.3949999999995
-10886.265,-11658.465,-22473.45,-6524.73,457.83,-30235.14,-12957.885,-4182.705
-10896.3,-11667.285,-22477.59,-6525.8099999999995,451.26,-30245.219999999998,-12963.555,-4191.84
-10884.689999999999,-11651.805,-22460.219999999998,-6507.2699999999995,459.27,-30280.545,-13010.355,-4192.38
-10863.225,-11634.3,-22447.26,-6500.429999999999,463.815,-30268.89,-12999.914999999999,-4171.365
-10874.43,-11651.939999999999,-22463.64,-6503.58,501.435,-30160.89,-12930.93,-4167.72
-10897.425,-11684.744999999999,-22499.954999999998,-6538.995,464.76,-30207.285,-12943.71,-4176.764999999999
-10890.09,-11673.0,-22486.995,-6527.5199999999995,464.58,-30234.465,-12959.369999999999,-4174.514999999999
-10885.41,-11662.38,-22476.239999999998,-6524.775,462.10499999999996,-30251.16,-12976.019999999999,-4180.905
-10874.789999999999,-11654.145,-22466.969999999998,-6520.365,468.35999999999996,-30231.629999999997,-12946.994999999999,-4170.375
-10873.664999999999,-11656.035,-22472.954999999998,-6525.45,461.07,-30222.765,-12926.475,-4166.099999999999
-10885.32,-11664.045,-22482.09,-6517.215,469.84499999999997,-30208.545,-12943.8,-4179.555
-10886.625,-11665.08,-22471.829999999998,-6499.08,487.03499999999997,-30174.164999999997,-12936.644999999999,-4178.474999999999
-10871.01,-11649.689999999999,-22460.579999999998,-6485.13,483.57,-30196.98,-12943.98,-4168.9349999999995
-10866.42,-11634.119999999999,-22455.045,-6495.4349999999995,502.695,-30202.515,-12960.359999999999,-4174.83
-10871.73,-11639.115,-22477.725,-6525.2699999999995,485.59499999999997,-30242.879999999997,-12980.34,-4180.545
-10887.705,-11666.789999999999,-22492.215,-6562.8,412.10999999999996,-30290.175,-12976.56,-4176.18
-10865.789999999999,-11636.955,-22426.155,-6552.315,405.315,-30302.82,-12971.34,-4158.72
-10868.49,-11633.49,-22413.149999999998,-6518.34,453.51,-30250.44,-12953.205,-4164.84
-10888.875,-11661.93,-22448.7,-6528.735,485.59499999999997,-30155.985,-12908.97,-4176.855
-10898.369999999999,-11678.895,-22470.254999999997,-6550.0199999999995,454.005,-30156.57,-12925.439999999999,-4186.8
-10898.369999999999,-11682.27,-22476.915,-6571.53,438.57,-30172.184999999998,-12937.41,-4188.69
-10895.805,-11670.39,-22458.915,-6514.695,465.12,-30131.82,-12919.005,-4187.745
-10888.02,-11651.984999999999,-22434.075,-6472.889999999999,494.23499999999996,-30157.605,-12947.939999999999,-4188.6449999999995
-10882.125,-11649.42,-22439.43,-6495.12,476.955,-30165.704999999998,-12973.365,-4185.764999999999
-10887.75,-11658.33,-22451.625,-6510.24,478.755,-30148.065,-12941.324999999999,-4183.605
-10891.395,-11660.445,-22463.594999999998,-6542.594999999999,460.575,-30194.37,-12961.305,-4194.045
-10901.925,-11672.955,-22489.02,-6557.355,455.31,-30243.78,-13001.58,-4212.99
-10905.525,-11671.92,-22489.02,-6509.295,474.79499999999996,-30243.285,-13036.365,-4227.345
-10900.439999999999,-11656.574999999999,-22463.954999999998,-6480.134999999999,497.78999999999996,-30244.454999999998,-13020.119999999999,-4227.93
-10912.455,-11672.145,-22478.175,-6524.82,450.53999999999996,-30288.329999999998,-12937.005,-4223.655
-10882.305,-11654.189999999999,-22463.415,-6508.349999999999,480.555,-30221.64,-12929.805,-4173.345
-10859.13,-11631.33,-22444.02,-6489.09,497.385,-30213.945,-13017.555,-4158.855
-10894.23,-11673.0,-22485.915,-6529.23,457.38,-30254.355,-13012.92,-4176.72
-10893.555,-11674.755,-22485.915,-6523.155,488.205,-30176.504999999997,-12952.89,-4167.63
-10883.07,-11661.66,-22470.3,-6506.1449999999995,515.6999999999999,-30143.385,-12923.144999999999,-4165.695
-10880.955,-11651.22,-22446.989999999998,-6486.615,531.36,-30122.684999999998,-12884.58,-4168.98
-10861.695,-11621.295,-22408.695,-6462.2699999999995,542.655,-30101.579999999998,-12861.269999999999,-4157.865
-10837.664999999999,-11592.045,-22390.695,-6445.304999999999,536.67,-30151.89,-12907.394999999999,-4148.19
-10849.59,-11622.914999999999,-22437.27,-6486.21,495.27,-30210.704999999998,-12977.505,-4146.525
-10892.52,-11678.039999999999,-22495.59,-6538.005,457.60499999999996,-30237.254999999997,-12970.035,-4172.715
-10895.22,-11675.97,-22491.045,-6529.905,466.83,-30214.44,-12905.055,-4167.675
-10842.48,-11607.84,-22423.05,-6468.84,518.355,-30183.254999999997,-12956.265,-4150.349999999999
-10866.33,-11626.695,-22442.715,-6494.264999999999,481.32,-30234.87,-13014.539999999999,-4192.5599999999995
-10944.045,-11715.435,-22531.004999999997,-6578.73,404.41499999999996,-30296.969999999998,-13012.38,-4242.15
-10974.555,-11764.215,-22581.045,-6622.514999999999,379.755,-30281.129999999997,-12962.97,-4238.099999999999
-10921.545,-11704.455,-22514.715,-6549.389999999999,462.96,-30213.405,-12950.595,-4198.005
-10896.84,-11662.83,-22469.355,-6513.57,469.08,-30269.385,-12999.24,-4200.885
-10863.539999999999,-11623.994999999999,-22433.715,-6486.255,478.08,-30289.094999999998,-12972.375,-4176.63
-10875.914999999999,-11651.76,-22471.155,-6532.38,411.47999999999996,-30380.67,-13022.189999999999,-4175.6849999999995
-10908.449999999999,-11695.32,-22513.5,-6563.835,409.905,-30280.545,-12990.375,-4185.224999999999
-10903.41,-11681.505,-22490.055,-6520.094999999999,503.685,-30117.329999999998,-12921.255,-4182.84
-10909.619999999999,-11682.539999999999,-22487.355,-6510.24,521.865,-30128.76,-12915.09,-4196.43
-10909.439999999999,-11683.619999999999,-22495.274999999998,-6533.594999999999,476.37,-30182.445,-12907.619999999999,-4201.74
-10905.57,-11679.119999999999,-22490.684999999998,-6534.179999999999,468.71999999999997,-30200.625,-12934.574999999999,-4198.635
-10885.14,-11658.689999999999,-22468.004999999997,-6504.884999999999,500.21999999999997,-30199.59,-13006.845,-4179.555
-10880.369999999999,-11658.465,-22464.585,-6498.045,507.375,-30186.495,-12964.275,-4167.495
-10865.52,-11645.595,-22454.684999999998,-6491.925,500.21999999999997,-30199.725,-12946.725,-4154.58
-10876.095,-11647.98,-22459.364999999998,-6502.815,483.16499999999996,-30235.545,-12982.365,-4175.235
-10887.615,-11656.8,-22465.215,-6510.24,475.065,-30267.09,-12994.965,-4188.87
-10898.955,-11675.43,-22484.34,-6530.8949999999995,464.13,-30252.645,-12980.205,-4193.775
-10908.72,-11695.545,-22511.34,-6556.455,448.245,-30198.465,-12917.744999999999,-4195.665
-10904.49,-11689.74,-22511.879999999997,-6558.705,441.945,-30190.905,-12889.619999999999,-4189.995
-10862.55,-11633.58,-22441.545,-6491.429999999999,503.19,-30164.94,-12917.295,-4162.23
-10843.38,-11615.805,-22430.114999999998,-6476.759999999999,515.34,-30192.93,-12992.49,-4150.17
-10891.529999999999,-11672.73,-22494.465,-6551.82,449.28,-30244.995,-12988.664999999999,-4182.93
-10901.52,-11685.33,-22518.989999999998,-6573.42,437.895,-30251.295,-12981.555,-4188.78
-10883.925,-11669.85,-22519.035,-6542.639999999999,468.945,-30228.074999999997,-12976.65,-4175.955
-10889.1,-11668.635,-22497.3,-6524.82,482.49,-30232.89,-12979.08,-4184.19
-10891.305,-11659.814999999999,-22454.28,-6506.55,487.395,-30253.004999999997,-12988.845,-4189.545
-10889.414999999999,-11658.015,-22457.79,-6526.349999999999,458.685,-30264.57,-13007.925,-4192.155
-10903.32,-11674.215,-22487.445,-6567.929999999999,455.84999999999997,-30245.219999999998,-12997.619999999999,-4203.72
-10911.285,-11688.164999999999,-22504.68,-6575.445,479.25,-30196.664999999997,-12929.535,-4198.545
-10885.68,-11661.84,-22475.385,-6503.715,518.4449999999999,-30199.364999999998,-12952.439999999999,-4182.255
-10883.609999999999,-11662.47,-22465.35,-6441.344999999999,507.51,-30235.184999999998,-13006.439999999999,-4186.8
-10883.07,-11658.645,-22468.77,-6476.13,451.8,-30268.305,-13004.775,-4187.295
-10873.89,-11645.595,-22461.84,-6519.554999999999,466.965,-30243.239999999998,-12985.965,-4178.835
-10855.439999999999,-11628.449999999999,-22448.114999999998,-6474.509999999999,543.465,-30150.855,-12950.82,-4159.665
-10828.89,-11592.945,-22408.469999999998,-6432.389999999999,571.68,-30142.17,-12934.935,-4134.78
-10853.279999999999,-11622.51,-22433.219999999998,-6485.355,506.655,-30190.32,-12942.99,-4151.655
-10898.505,-11679.48,-22497.795,-6545.655,451.44,-30226.454999999998,-12981.24,-4197.69
-10911.42,-11688.119999999999,-22499.1,-6546.915,449.82,-30245.895,-12977.279999999999,-4210.47
-10931.984999999999,-11710.215,-22517.325,-6561.315,438.34499999999997,-30252.375,-12942.314999999999,-4211.82
-10910.115,-11685.869999999999,-22494.825,-6540.344999999999,445.455,-30286.395,-12952.035,-4204.8
-10891.98,-11654.505,-22462.829999999998,-6507.405,465.79499999999996,-30309.66,-12995.46,-4213.845
-10916.279999999999,-11686.365,-22495.815,-6536.7,462.73499999999996,-30229.11,-13011.39,-4223.925
-10894.185,-11673.675,-22486.094999999998,-6527.025,477.405,-30186.315,-13042.215,-4193.1449999999995
-10869.975,-11638.529999999999,-22454.73,-6509.969999999999,454.32,-30299.489999999998,-13147.425,-4201.155
-10902.105,-11674.755,-22487.265,-6551.82,397.89,-30337.245,-13082.085,-4218.93
-10922.175,-11709.63,-22518.989999999998,-6574.59,396.27,-30279.824999999997,-12904.244999999999,-4188.0599999999995
-10892.205,-11679.93,-22489.155,-6527.295,474.615,-30204.405,-12838.814999999999,-4150.845
-10877.805,-11659.185,-22473.18,-6514.65,488.385,-30209.445,-12912.795,-4161.195
-10871.91,-11652.615,-22469.265,-6513.48,477.71999999999997,-30232.395,-12933.404999999999,-4161.014999999999
-10860.57,-11642.13,-22456.754999999997,-6500.655,483.79499999999996,-30255.795,-12928.68,-4147.425
-10837.8,-11616.029999999999,-22430.969999999998,-6476.8949999999995,508.68,-30197.114999999998,-12924.404999999999,-4133.34
-10848.42,-11628.72,-22441.274999999998,-6482.745,520.65,-30127.545,-12917.205,-4141.485
-10885.77,-11668.455,-22478.579999999998,-6510.105,510.435,-30163.094999999998,-12982.14,-4174.92
-10887.615,-11664.18,-22473.36,-6505.155,505.34999999999997,-30192.614999999998,-13000.05,-4186.215
-10895.939999999999,-11679.255,-22490.19,-6526.98,473.13,-30217.995,-12965.039999999999,-4182.615
-10918.619999999999,-11702.744999999999,-22514.489999999998,-6557.49,420.97499999999997,-30304.079999999998,-12991.904999999999,-4203.72
-10917.539999999999,-11688.39,-22500.18,-6545.745,419.94,-30339.135,-13017.105,-4217.94
-10895.895,-11665.125,-22478.04,-6518.295,464.445,-30286.62,-12998.16,-4200.795
-10878.119999999999,-11653.335,-22460.895,-6487.065,535.995,-30124.53,-12921.029999999999,-4168.62
-10875.645,-11652.93,-22464.045,-6496.514999999999,514.0799999999999,-30131.82,-12933.225,-4164.075
-10870.56,-11645.73,-22461.975,-6509.205,475.245,-30205.395,-12970.755,-4169.115
-10896.615,-11677.365,-22496.67,-6546.825,439.91999999999996,-30245.85,-12971.115,-4190.49
-10887.39,-11668.455,-22484.565,-6531.57,462.825,-30243.78,-12978.494999999999,-4183.11
-10863.675,-11638.845,-22446.36,-6481.035,531.675,-30194.594999999998,-12992.4,-4167.675
-10865.835,-11641.23,-22454.28,-6486.795,523.755,-30188.204999999998,-12967.064999999999,-4167.315
-10889.055,-11668.455,-22483.98,-6517.53,486.405,-30217.815,-12940.74,-4174.785
-10877.49,-11649.779999999999,-22459.364999999998,-6504.884999999999,480.73499999999996,-30274.829999999998,-12989.295,-4175.91
-10875.689999999999,-11646.404999999999,-22459.68,-6515.55,452.88,-30363.93,-13050.585,-4186.62
-10890.135,-11658.779999999999,-22471.155,-6521.985,459.22499999999997,-30316.815,-13041.269999999999,-4201.245
-10928.25,-11705.445,-22516.11,-6562.44,476.775,-30176.73,-12956.67,-4209.84
-10907.01,-11690.64,-22506.66,-6549.84,504.495,-30141.989999999998,-12899.97,-4181.355
-10887.39,-11668.23,-22490.82,-6522.48,471.41999999999996,-30188.879999999997,-12948.074999999999,-4179.15
-10889.73,-11666.744999999999,-22496.355,-6508.665,481.59,-30200.535,-12976.199999999999,-4188.915
-10885.68,-11662.289999999999,-22502.204999999998,-6512.264999999999,500.49,-30199.545,-12980.025,-4186.8
-10879.74,-11647.755,-22460.985,-6481.844999999999,529.425,-30176.864999999998,-12951.72,-4182.165
-10876.095,-11636.369999999999,-22423.815,-6461.91,532.71,-30169.395,-12936.824999999999,-4184.595
-10891.484999999999,-11663.189999999999,-22463.594999999998,-6500.295,486.71999999999997,-30211.379999999997,-12953.295,-4197.33
-10903.23,-11678.625,-22493.07,-6539.355,475.695,-30216.015,-12954.42,-4204.035
-10919.564999999999,-11702.385,-22517.37,-6567.795,441.585,-30243.329999999998,-12953.115,-4195.349999999999
-10917.359999999999,-11703.645,-22522.094999999998,-6584.804999999999,397.935,-30307.77,-13021.289999999999,-4199.849999999999
-10887.074999999999,-11670.029999999999,-22491.765,-6558.3,412.56,-30298.905,-13081.365,-4194.405
-10889.055,-11664.63,-22479.39,-6521.67,473.715,-30234.6,-13017.195,-4196.97
-10881.045,-11657.564999999999,-22467.42,-6495.795,515.16,-30191.219999999998,-12945.195,-4174.065
-10855.17,-11631.689999999999,-22442.04,-6484.5,514.845,-30184.02,-12974.039999999999,-4160.835
-10866.24,-11643.119999999999,-22461.344999999998,-6505.469999999999,476.90999999999997,-30228.84,-13011.615,-4172.67
-10887.345,-11663.055,-22476.329999999998,-6504.165,472.185,-30224.789999999997,-12920.894999999999,-4171.365
-10872.27,-11649.465,-22460.129999999997,-6469.065,504.135,-30207.42,-12930.975,-4157.955
-10857.375,-11635.02,-22452.39,-6508.215,476.055,-30243.329999999998,-12947.535,-4151.115
-10857.555,-11635.02,-22453.829999999998,-6519.465,458.46,-30269.969999999998,-12984.164999999999,-4156.514999999999
-10892.925,-11674.305,-22490.954999999998,-6530.715,463.68,-30268.754999999997,-13001.535,-4186.755
-10916.01,-11703.465,-22516.695,-6549.615,453.87,-30288.195,-13002.93,-4198.995
-10897.515,-11682.81,-22490.55,-6518.835,479.15999999999997,-30260.879999999997,-12998.115,-4188.96
-10878.84,-11647.664999999999,-22457.204999999998,-6488.28,513.0,-30234.555,-12990.555,-4180.095
-10897.02,-11661.705,-22472.325,-6510.42,497.835,-30234.87,-12997.35,-4188.014999999999
-10892.43,-11668.32,-22482.45,-6530.4,468.27,-30204.135,-12973.095,-4176.315
-10879.74,-11657.97,-22473.855,-6531.974999999999,435.41999999999996,-30239.145,-12965.76,-4171.23
-10846.619999999999,-11617.65,-22434.75,-6494.445,464.13,-30265.02,-12988.439999999999,-4163.355
-10808.865,-11575.935,-22388.805,-6431.49,546.21,-30204.765,-12904.019999999999,-4119.21
-10856.34,-11641.32,-22458.059999999998,-6486.344999999999,530.685,-30164.039999999997,-12890.925,-4137.84
-10933.875,-11713.904999999999,-22525.245,-6559.785,455.76,-30227.579999999998,-13015.08,-4233.69
-10937.564999999999,-11703.645,-22512.239999999998,-6547.59,463.54499999999996,-30213.045,-13074.345,-4262.715
-10924.425,-11691.135,-22500.09,-6534.63,477.18,-30224.879999999997,-13015.664999999999,-4225.455
-10925.279999999999,-11706.57,-22518.629999999997,-6559.335,445.54499999999996,-30246.164999999997,-12956.175,-4198.635
-10904.939999999999,-11685.914999999999,-22504.635,-6557.13,423.585,-30283.379999999997,-13006.664999999999,-4201.29
-10888.74,-11665.439999999999,-22479.614999999998,-6529.455,446.94,-30269.295,-13001.13,-4185.18
-10898.73,-11684.52,-22493.114999999998,-6533.099999999999,471.78,-30220.875,-12971.925,-4173.075
-10902.914999999999,-11693.97,-22505.895,-6530.4,500.715,-30182.309999999998,-12906.045,-4162.545
-10884.914999999999,-11668.32,-22482.495,-6510.014999999999,501.21,-30213.539999999997,-12945.869999999999,-4161.15
-10885.185,-11662.695,-22470.57,-6505.83,484.10999999999996,-30247.515,-12967.154999999999,-4170.599999999999
-10884.779999999999,-11663.955,-22472.64,-6504.48,500.21999999999997,-30189.329999999998,-12951.0,-4169.205
-10882.664999999999,-11660.265,-22470.434999999998,-6502.724999999999,495.35999999999996,-30199.68,-12950.279999999999,-4168.8
-10882.305,-11661.57,-22482.09,-6539.355,433.89,-30276.36,-12981.465,-4175.775
-10879.064999999999,-11658.42,-22485.6,-6553.44,429.16499999999996,-30279.149999999998,-13000.095,-4180.23
-10891.395,-11669.939999999999,-22501.485,-6553.349999999999,485.90999999999997,-30205.26,-12996.72,-4190.445
-10899.0,-11686.32,-22543.2,-6577.965,508.59,-30185.145,-12970.035,-4188.87
-10898.055,-11694.869999999999,-22553.145,-6605.639999999999,490.22999999999996,-30203.055,-12965.445,-4182.12
-10899.045,-11678.895,-22484.114999999998,-6555.375,479.835,-30209.67,-12981.644999999999,-4190.715
-10901.52,-11661.48,-22441.14,-6476.085,487.62,-30205.53,-12996.045,-4201.065
-10902.914999999999,-11665.574999999999,-22447.079999999998,-6442.245,531.18,-30217.23,-12998.385,-4199.94
-10901.475,-11674.17,-22468.59,-6476.04,519.7049999999999,-30212.37,-12967.875,-4191.21
-10887.164999999999,-11669.984999999999,-22475.79,-6502.679999999999,495.18,-30207.375,-12925.98,-4169.025
-10876.14,-11663.73,-22475.79,-6514.245,477.67499999999995,-30232.89,-12970.17,-4159.98
-10883.925,-11666.564999999999,-22477.815,-6512.715,491.21999999999997,-30233.789999999997,-12998.88,-4176.8099999999995
-10903.77,-11677.77,-22486.004999999997,-6514.0199999999995,494.01,-30231.225,-13001.58,-4207.7699999999995
-10907.64,-11681.955,-22491.045,-6522.344999999999,483.21,-30242.475,-13000.095,-4211.82
-10901.025,-11679.795,-22487.265,-6513.615,486.45,-30222.045,-12995.055,-4195.349999999999
-10885.455,-11660.445,-22468.004999999997,-6494.04,505.305,-30202.199999999997,-12963.689999999999,-4174.605
-10858.455,-11630.789999999999,-22446.0,-6488.594999999999,489.24,-30209.579999999998,-12936.015,-4150.305
-10815.164999999999,-11584.305,-22398.57,-6446.969999999999,518.085,-30220.649999999998,-12978.99,-4124.565
-10827.72,-11597.265,-22410.135,-6461.37,508.635,-30231.225,-13035.96,-4146.389999999999
-10911.105,-11699.46,-22520.565,-6563.925,418.32,-30266.28,-12971.385,-4192.5599999999995
-10883.115,-11668.365,-22490.1,-6526.53,453.195,-30254.895,-12970.98,-4166.595
-10868.58,-11646.09,-22460.219999999998,-6500.969999999999,470.43,-30287.204999999998,-12988.08,-4160.474999999999
-10899.045,-11665.395,-22474.44,-6513.705,467.82,-30287.61,-13015.98,-4203.045
-10911.465,-11670.345,-22474.395,-6505.92,488.385,-30241.035,-12973.904999999999,-4223.7
-10913.625,-11682.09,-22493.565,-6529.005,473.84999999999997,-30209.94,-12940.019999999999,-4223.655
-10920.24,-11707.92,-22526.774999999998,-6564.6449999999995,443.205,-30216.42,-12989.43,-4205.835
-10905.885,-11690.685,-22509.225,-6553.17,433.26,-30265.02,-13061.025,-4211.325
-10864.08,-11657.43,-22475.204999999998,-6520.634999999999,462.51,-30241.35,-12990.195,-4148.639999999999
-10834.109999999999,-11629.395,-22446.045,-6484.905,517.995,-30181.364999999998,-12892.769999999999,-4099.455
-10884.6,-11675.115,-22484.43,-6511.86,502.56,-30199.004999999997,-12951.494999999999,-4176.405
-10915.695,-11703.24,-22525.02,-6557.715,444.375,-30256.695,-12937.859999999999,-4207.545
-10880.82,-11646.09,-22461.03,-6503.804999999999,488.745,-30220.875,-12909.824999999999,-4167.764999999999
-10884.689999999999,-11653.064999999999,-22463.37,-6498.224999999999,504.35999999999996,-30195.045,-13002.255,-4171.86
-10930.14,-11719.89,-22535.19,-6575.67,426.555,-30265.065,-13034.835,-4201.74
-10906.47,-11692.89,-22508.864999999998,-6551.505,446.66999999999996,-30254.175,-12992.265,-4184.28
-10877.49,-11652.615,-22463.55,-6512.04,463.68,-30265.155,-13009.859999999999,-4176.63
-10875.195,-11650.41,-22458.78,-6511.724999999999,453.06,-30283.829999999998,-13026.824999999999,-4177.845
-10882.305,-11660.49,-22471.605,-6513.165,478.34999999999997,-30231.449999999997,-12999.555,-4182.795
-10921.05,-11708.145,-22519.89,-6545.474999999999,489.33,-30166.155,-12949.019999999999,-4201.965
-10914.705,-11694.465,-22500.495,-6530.759999999999,482.98499999999996,-30204.629999999997,-12974.58,-4201.245
-10895.939999999999,-11664.09,-22473.315,-6512.94,487.34999999999997,-30227.895,-13015.08,-4204.17
-10892.925,-11660.13,-22470.975,-6515.73,475.245,-30263.85,-13028.22,-4205.745
-10900.305,-11673.99,-22483.44,-6523.514999999999,469.03499999999997,-30276.765,-12991.994999999999,-4201.29
-10901.205,-11686.095,-22502.745,-6539.49,452.88,-30300.975,-12983.85,-4185.315
-10864.484999999999,-11642.49,-22460.895,-6494.985,512.235,-30214.8,-12983.039999999999,-4152.6449999999995
-10873.619999999999,-11643.75,-22452.614999999998,-6481.665,540.99,-30155.445,-12991.814999999999,-4169.115
-10906.515,-11678.895,-22488.795,-6518.115,502.245,-30188.52,-12977.189999999999,-4195.215
-10900.35,-11681.775,-22492.8,-6521.535,487.89,-30197.07,-12939.074999999999,-4180.139999999999
-10894.68,-11672.91,-22486.14,-6513.12,496.48499999999996,-30193.425,-12953.88,-4177.26
-10899.27,-11667.285,-22477.32,-6524.6849999999995,497.655,-30182.399999999998,-12975.435,-4190.805
-10900.574999999999,-11673.27,-22492.215,-6559.83,468.35999999999996,-30198.78,-12981.375,-4192.425
-10897.605,-11677.904999999999,-22501.665,-6575.849999999999,445.85999999999996,-30236.715,-12976.154999999999,-4181.49
-10890.0,-11671.605,-22491.18,-6538.545,492.29999999999995,-30248.82,-12980.654999999999,-4171.724999999999
-10883.564999999999,-11664.81,-22477.545,-6500.429999999999,507.465,-30225.87,-12979.305,-4167.2699999999995
-10877.13,-11654.685,-22465.44,-6482.7,484.245,-30217.86,-12965.715,-4167.945
-10862.414999999999,-11641.14,-22454.91,-6486.525,488.15999999999997,-30246.3,-12961.394999999999,-4156.425
-10840.635,-11620.755,-22439.34,-6502.094999999999,486.71999999999997,-30253.949999999997,-12971.699999999999,-4138.245
-10872.855,-11651.085,-22470.93,-6527.34,483.34499999999997,-30238.695,-12994.695,-4176.18
-10914.795,-11690.73,-22513.364999999998,-6542.1449999999995,437.58,-30264.39,-13017.779999999999,-4221.8099999999995
-10912.77,-11688.029999999999,-22524.434999999998,-6517.035,453.51,-30266.28,-13051.619999999999,-4224.735
-10902.779999999999,-11685.465,-22526.64,-6545.474999999999,440.01,-30326.489999999998,-13099.59,-4202.28
-10890.045,-11669.49,-22475.52,-6521.264999999999,446.98499999999996,-30327.614999999998,-13008.689999999999,-4176.2699999999995
-10917.045,-11699.91,-22492.26,-6537.87,439.065,-30255.704999999998,-12927.869999999999,-4189.815
-10911.555,-11691.27,-22500.495,-6519.0599999999995,454.40999999999997,-30199.004999999997,-12923.055,-4189.23
-10901.115,-11679.795,-22494.915,-6516.09,447.39,-30248.28,-12971.519999999999,-4187.25
-10864.89,-11645.955,-22463.64,-6532.155,443.835,-30338.28,-13013.955,-4156.38
-10859.715,-11643.119999999999,-22452.254999999997,-6508.035,500.84999999999997,-30250.44,-12985.154999999999,-4151.5199999999995
-10894.32,-11678.355,-22488.21,-6519.78,503.955,-30156.975,-12977.279999999999,-4178.97
-10890.72,-11665.845,-22479.344999999998,-6530.985,454.54499999999996,-30241.079999999998,-13012.965,-4182.525
-10884.645,-11657.205,-22465.71,-6512.13,470.25,-30272.985,-13029.029999999999,-4183.5599999999995
-10883.564999999999,-11666.295,-22473.135,-6506.28,499.995,-30211.245,-12986.1,-4169.79
-10826.595,-11594.115,-22396.5,-6437.295,555.66,-30166.92,-12926.97,-4116.285
-10839.465,-11601.09,-22397.579999999998,-6470.865,476.41499999999996,-30276.809999999998,-12971.564999999999,-4141.305
-10904.49,-11681.91,-22483.44,-6560.1449999999995,399.555,-30325.635,-13027.814999999999,-4197.014999999999
-10887.66,-11661.705,-22454.28,-6506.28,505.48499999999996,-30117.69,-12894.705,-4175.955
-10854.404999999999,-11626.47,-22419.045,-6464.969999999999,557.91,-30051.675,-12857.445,-4143.599999999999
-10866.869999999999,-11639.115,-22432.59,-6491.34,500.31,-30165.704999999998,-12997.574999999999,-4166.415
-10879.83,-11653.02,-22449.059999999998,-6525.405,425.29499999999996,-30303.765,-13123.89,-4196.43
-10865.744999999999,-11633.67,-22430.835,-6506.865,450.99,-30241.44,-13045.59,-4181.264999999999
-10878.84,-11657.025,-22451.85,-6512.4,482.53499999999997,-30173.445,-12926.744999999999,-4161.0599999999995
-10926.27,-11711.564999999999,-22497.885,-6535.215,499.72499999999997,-30124.35,-12890.789999999999,-4192.785
-10921.77,-11698.965,-22492.215,-6535.53,490.455,-30125.52,-12876.345,-4199.085
-10920.375,-11701.619999999999,-22509.405,-6544.125,472.72499999999997,-30199.905,-12909.51,-4194.09
-10913.67,-11700.855,-22514.129999999997,-6544.844999999999,467.09999999999997,-30247.289999999997,-13012.064999999999,-4185.72
-10910.97,-11687.625,-22498.785,-6532.695,479.88,-30244.725,-13028.22,-4196.97
-10909.439999999999,-11680.605,-22485.105,-6525.36,482.085,-30237.164999999997,-13033.755,-4205.88
-10896.66,-11660.625,-22462.739999999998,-6506.415,492.21,-30230.64,-13032.72,-4206.465
-10917.765,-11681.324999999999,-22479.704999999998,-6512.625,500.21999999999997,-30208.86,-13001.894999999999,-4219.2
-10911.105,-11680.02,-22481.594999999998,-6509.429999999999,514.035,-30182.895,-12966.93,-4207.995
-10874.43,-11647.26,-22454.82,-6489.45,515.97,-30191.309999999998,-12967.244999999999,-4169.61
-10879.515,-11651.895,-22457.52,-6494.13,501.03,-30214.395,-12991.545,-4177.62
-10895.355,-11673.045,-22479.344999999998,-6515.639999999999,483.21,-30226.184999999998,-12994.785,-4189.005
-10877.895,-11669.175,-22482.45,-6524.19,469.755,-30238.785,-12955.185,-4156.965
-10878.39,-11675.789999999999,-22492.71,-6546.509999999999,441.71999999999997,-30269.699999999997,-12973.365,-4156.74
-10881.404999999999,-11674.529999999999,-22496.175,-6535.215,466.78499999999997,-30246.344999999998,-12966.66,-4161.465
-10889.82,-11675.43,-22494.015,-6523.92,480.41999999999996,-30237.614999999998,-12979.035,-4178.34
-10894.005,-11677.59,-22493.7,-6528.509999999999,473.085,-30241.53,-12988.439999999999,-4181.445
-10884.105,-11666.43,-22482.495,-6520.59,474.34499999999997,-30238.515,-12979.664999999999,-4170.33
-10883.43,-11665.935,-22479.48,-6513.75,478.03499999999997,-30239.954999999998,-12977.189999999999,-4171.995
-10884.195,-11668.275,-22480.965,-6515.55,481.22999999999996,-30238.875,-12977.775,-4172.264999999999
-10887.795,-11669.445,-22485.42,-6529.95,474.075,-30244.05,-12999.015,-4180.365
-10884.42,-11659.455,-22477.815,-6534.495,480.59999999999997,-30229.605,-13022.46,-4187.61
-10879.695,-11657.52,-22479.3,-6558.48,448.78499999999997,-30228.344999999998,-12994.605,-4178.565
-10883.789999999999,-11669.265,-22497.12,-6593.8949999999995,394.02,-30272.805,-12960.675,-4171.1849999999995
-10894.77,-11683.125,-22508.1,-6570.405,433.26,-30282.704999999998,-12990.06,-4179.96
-10876.32,-11662.425,-22482.045,-6504.12,508.275,-30263.579999999998,-12995.505,-4164.525
-10874.609999999999,-11650.185,-22462.379999999997,-6461.46,543.78,-30244.995,-12981.15,-4174.155
-10889.145,-11661.345,-22464.495,-6478.514999999999,494.145,-30218.489999999998,-12964.814999999999,-4189.7699999999995
-10875.195,-11653.244999999999,-22460.355,-6482.655,487.26,-30214.53,-12973.455,-4171.59
-10849.5,-11626.92,-22440.329999999998,-6475.95,482.53499999999997,-30303.539999999997,-13051.845,-4151.43
-10849.05,-11626.875,-22442.895,-6485.715,476.28,-30330.0,-13027.275,-4152.33
-10859.039999999999,-11641.365,-22456.89,-6497.955,481.455,-30254.94,-12932.369999999999,-4155.615
-10886.13,-11676.105,-22496.67,-6520.41,486.53999999999996,-30143.969999999998,-12920.13,-4174.2
-10887.119999999999,-11661.435,-22464.765,-6498.315,502.91999999999996,-30185.01,-13034.07,-4187.655
-10900.305,-11676.645,-22480.515,-6532.469999999999,440.955,-30280.86,-13062.689999999999,-4200.57
-10943.865,-11728.08,-22540.364999999998,-6586.38,386.145,-30340.215,-13015.574999999999,-4224.6449999999995
-10901.34,-11681.055,-22492.71,-6532.74,446.98499999999996,-30273.84,-12967.019999999999,-4194.18
-10849.635,-11629.215,-22440.105,-6483.105,490.455,-30222.315,-12960.18,-4152.51
-10838.564999999999,-11623.41,-22433.805,-6472.304999999999,515.43,-30180.735,-12979.439999999999,-4145.849999999999
-10893.06,-11683.08,-22498.695,-6532.29,464.13,-30268.26,-13012.965,-4185.495
-10914.029999999999,-11698.83,-22510.215,-6540.84,473.58,-30258.495,-12996.404999999999,-4193.91
-10902.779999999999,-11677.904999999999,-22480.829999999998,-6498.945,534.51,-30163.454999999998,-12973.095,-4183.92
-10912.814999999999,-11683.845,-22482.855,-6501.96,524.2049999999999,-30169.89,-12959.505,-4194.945
-10921.904999999999,-11703.465,-22511.969999999998,-6538.32,471.28499999999997,-30264.93,-13011.255,-4205.16
-10883.789999999999,-11650.275,-22456.485,-6488.325,515.745,-30246.39,-13046.445,-4192.38
-10866.779999999999,-11629.98,-22429.35,-6459.974999999999,544.23,-30186.899999999998,-13047.57,-4182.255
-10879.965,-11652.48,-22456.665,-6487.65,496.935,-30216.78,-13025.789999999999,-4182.21
-10924.83,-11703.779999999999,-22509.989999999998,-6545.79,434.34,-30290.445,-12977.144999999999,-4202.6849999999995
-10904.445,-11685.195,-22488.434999999998,-6518.295,481.14,-30257.504999999997,-12941.369999999999,-4176.315
-10911.689999999999,-11696.895,-22512.645,-6544.3949999999995,473.21999999999997,-30202.469999999998,-12940.244999999999,-4197.69
-10921.994999999999,-11710.89,-22530.015,-6566.49,458.01,-30182.76,-12944.385,-4214.25
-10911.645,-11685.914999999999,-22490.325,-6514.74,524.16,-30151.62,-12966.164999999999,-4198.905
-10862.955,-11628.539999999999,-22431.239999999998,-6458.49,560.295,-30166.155,-13008.285,-4160.43
-10842.705,-11618.234999999999,-22433.895,-6475.905,502.245,-30270.465,-13031.234999999999,-4149.2699999999995
-10828.439999999999,-11608.199999999999,-22432.364999999998,-6490.755,460.16999999999996,-30372.975,-13073.355,-4137.21
-10866.195,-11644.605,-22461.21,-6512.94,455.58,-30343.68,-13040.414999999999,-4164.795
-10895.805,-11675.609999999999,-22484.07,-6520.815,488.385,-30205.215,-12986.505,-4184.955
-10916.279999999999,-11713.14,-22523.895,-6563.115,448.78499999999997,-30179.789999999997,-12953.34,-4181.805
-10895.22,-11688.164999999999,-22487.805,-6539.3099999999995,461.07,-30196.844999999998,-12943.484999999999,-4164.705
